KMEANS_CLASSES,peak_frequency,SNR,start_time,end_time,low_freq,high_freq,class,class_prob,det_prob,individual,event,sampling_rate,input_file,Recover Folder,SD Card,Site name
LF,23040.0,1.9359221212360262,0.1785,0.1979,22890.0,26968.0,Nyctalus leisleri,0.166,0.257,-1,Echolocation,192000.0,/mnt/ubna_data_05/recover-20250324/UBNA_024/20250317_163000.WAV,recover-20250324,UBNA_024,Foliage
HF,42240.0,2.1472961953093628,3.3215,3.3326,40937.0,44324.0,Pipistrellus nathusii,0.155,0.248,-1,Echolocation,192000.0,/mnt/ubna_data_05/recover-20250324/UBNA_024/20250317_163000.WAV,recover-20250324,UBNA_024,Foliage
LF,23040.0,-7.287742502373915,3.5035,3.5181,22031.0,26070.0,Nyctalus leisleri,0.269,0.435,-1,Echolocation,192000.0,/mnt/ubna_data_05/recover-20250324/UBNA_024/20250317_163000.WAV,recover-20250324,UBNA_024,Foliage
LF,23040.0,1.451784183894802,6.0225,6.0345,23750.0,27985.0,Nyctalus leisleri,0.156,0.246,-1,Echolocation,192000.0,/mnt/ubna_data_05/recover-20250324/UBNA_024/20250317_163000.WAV,recover-20250324,UBNA_024,Foliage
LF,22080.0,8.761194524671014,6.3715,6.3899,22031.0,25291.0,Nyctalus leisleri,0.187,0.222,-1,Echolocation,192000.0,/mnt/ubna_data_05/recover-20250324/UBNA_024/20250317_163000.WAV,recover-20250324,UBNA_024,Foliage
HF,60480.0,2.436427582075058,8.7805,8.7974,55546.0,59908.0,Pipistrellus pygmaeus,0.196,0.203,-1,Echolocation,192000.0,/mnt/ubna_data_05/recover-20250324/UBNA_024/20250317_163000.WAV,recover-20250324,UBNA_024,Foliage
HF,56640.0,6.307214190016869,9.9025,9.9186,54687.0,57959.0,Pipistrellus pygmaeus,0.258,0.265,-1,Echolocation,192000.0,/mnt/ubna_data_05/recover-20250324/UBNA_024/20250317_163000.WAV,recover-20250324,UBNA_024,Foliage
HF,45120.0,0.5873341057045202,9.9425,9.9511,40937.0,47349.0,Pipistrellus nathusii,0.339,0.386,-1,Echolocation,192000.0,/mnt/ubna_data_05/recover-20250324/UBNA_024/20250317_163000.WAV,recover-20250324,UBNA_024,Foliage
HF,60480.0,3.3357569623714904,13.1795,13.1943,56406.0,63235.0,Pipistrellus pygmaeus,0.254,0.271,-1,Echolocation,192000.0,/mnt/ubna_data_05/recover-20250324/UBNA_024/20250317_163000.WAV,recover-20250324,UBNA_024,Foliage
HF,42240.0,5.809058469208967,13.2095,13.2304,41796.0,45089.0,Pipistrellus pipistrellus,0.109,0.24,-1,Echolocation,192000.0,/mnt/ubna_data_05/recover-20250324/UBNA_024/20250317_163000.WAV,recover-20250324,UBNA_024,Foliage
HF,65280.0,3.004859747556929,13.3485,13.3622,63281.0,70582.0,Pipistrellus pygmaeus,0.205,0.211,-1,Echolocation,192000.0,/mnt/ubna_data_05/recover-20250324/UBNA_024/20250317_163000.WAV,recover-20250324,UBNA_024,Foliage
HF,47040.0,-0.7231389562329673,14.0695,14.0781,46953.0,51636.0,Pipistrellus pipistrellus,0.193,0.26,-1,Echolocation,192000.0,/mnt/ubna_data_05/recover-20250324/UBNA_024/20250317_163000.WAV,recover-20250324,UBNA_024,Foliage
HF,65280.0,0.3321435281040168,14.8235,14.8281,58125.0,64655.0,Pipistrellus pygmaeus,0.363,0.391,-1,Echolocation,192000.0,/mnt/ubna_data_05/recover-20250324/UBNA_024/20250317_163000.WAV,recover-20250324,UBNA_024,Foliage
HF,65280.0,1.1226282636747182,15.0625,15.0698,57265.0,68499.0,Pipistrellus pygmaeus,0.223,0.227,-1,Echolocation,192000.0,/mnt/ubna_data_05/recover-20250324/UBNA_024/20250317_163000.WAV,recover-20250324,UBNA_024,Foliage
HF,65280.0,-3.7950406820342355,15.1435,15.1502,61562.0,67053.0,Pipistrellus pygmaeus,0.225,0.232,-1,Echolocation,192000.0,/mnt/ubna_data_05/recover-20250324/UBNA_024/20250317_163000.WAV,recover-20250324,UBNA_024,Foliage
HF,56640.0,4.5673830908426,15.4995,15.5122,55546.0,58515.0,Pipistrellus pygmaeus,0.391,0.405,-1,Echolocation,192000.0,/mnt/ubna_data_05/recover-20250324/UBNA_024/20250317_163000.WAV,recover-20250324,UBNA_024,Foliage
HF,65280.0,3.189188829135792,16.1635,16.1767,55546.0,63277.0,Pipistrellus pygmaeus,0.221,0.229,-1,Echolocation,192000.0,/mnt/ubna_data_05/recover-20250324/UBNA_024/20250317_163000.WAV,recover-20250324,UBNA_024,Foliage
HF,65280.0,2.1337881619231123,16.5665,16.5769,58984.0,64625.0,Pipistrellus pygmaeus,0.189,0.222,-1,Echolocation,192000.0,/mnt/ubna_data_05/recover-20250324/UBNA_024/20250317_163000.WAV,recover-20250324,UBNA_024,Foliage
HF,65280.0,0.6807671042970522,16.5975,16.605,58984.0,65466.0,Pipistrellus pygmaeus,0.185,0.201,-1,Echolocation,192000.0,/mnt/ubna_data_05/recover-20250324/UBNA_024/20250317_163000.WAV,recover-20250324,UBNA_024,Foliage
LF,23040.0,-2.4944748841481115,16.8935,16.9146,22890.0,26577.0,Nyctalus leisleri,0.212,0.276,-1,Echolocation,192000.0,/mnt/ubna_data_05/recover-20250324/UBNA_024/20250317_163000.WAV,recover-20250324,UBNA_024,Foliage
HF,51840.0,2.631926062685751,17.1945,17.2109,50390.0,53527.0,Pipistrellus pygmaeus,0.237,0.294,-1,Echolocation,192000.0,/mnt/ubna_data_05/recover-20250324/UBNA_024/20250317_163000.WAV,recover-20250324,UBNA_024,Foliage
HF,65280.0,0.4089078647270368,18.6445,18.6539,62421.0,68453.0,Pipistrellus pygmaeus,0.274,0.276,-1,Echolocation,192000.0,/mnt/ubna_data_05/recover-20250324/UBNA_024/20250317_163000.WAV,recover-20250324,UBNA_024,Foliage
HF,56640.0,6.674879195026067,18.7045,18.7147,55546.0,59038.0,Pipistrellus pygmaeus,0.271,0.296,-1,Echolocation,192000.0,/mnt/ubna_data_05/recover-20250324/UBNA_024/20250317_163000.WAV,recover-20250324,UBNA_024,Foliage
HF,60480.0,8.329951433137566,18.8405,18.8571,55546.0,60474.0,Pipistrellus pygmaeus,0.217,0.232,-1,Echolocation,192000.0,/mnt/ubna_data_05/recover-20250324/UBNA_024/20250317_163000.WAV,recover-20250324,UBNA_024,Foliage
HF,65280.0,0.6812533439781115,18.9975,19.0089,58125.0,65558.0,Pipistrellus pygmaeus,0.191,0.202,-1,Echolocation,192000.0,/mnt/ubna_data_05/recover-20250324/UBNA_024/20250317_163000.WAV,recover-20250324,UBNA_024,Foliage
HF,65280.0,0.7240713734194776,19.0585,19.0656,62421.0,66259.0,Pipistrellus pygmaeus,0.312,0.324,-1,Echolocation,192000.0,/mnt/ubna_data_05/recover-20250324/UBNA_024/20250317_163000.WAV,recover-20250324,UBNA_024,Foliage
LF,23040.0,0.4611958054726659,24.3725,24.3876,22890.0,26911.0,Nyctalus leisleri,0.313,0.384,-1,Echolocation,192000.0,/mnt/ubna_data_05/recover-20250324/UBNA_024/20250317_163000.WAV,recover-20250324,UBNA_024,Foliage
HF,60480.0,11.04461143604437,27.6865,27.7043,55546.0,60756.0,Pipistrellus pygmaeus,0.224,0.239,-1,Echolocation,192000.0,/mnt/ubna_data_05/recover-20250324/UBNA_024/20250317_163000.WAV,recover-20250324,UBNA_024,Foliage
HF,65280.0,1.2263739598050225,31.0655,31.0835,59843.0,67729.0,Pipistrellus pipistrellus,0.149,0.245,-1,Echolocation,192000.0,/mnt/ubna_data_05/recover-20250324/UBNA_024/20250317_163000.WAV,recover-20250324,UBNA_024,Foliage
HF,65280.0,2.7026293128260797,32.6305,32.6408,59843.0,64265.0,Pipistrellus pygmaeus,0.304,0.328,-1,Echolocation,192000.0,/mnt/ubna_data_05/recover-20250324/UBNA_024/20250317_163000.WAV,recover-20250324,UBNA_024,Foliage
LF,23040.0,-3.0890495320900047,34.1885,34.2055,22890.0,26355.0,Nyctalus leisleri,0.174,0.235,-1,Echolocation,192000.0,/mnt/ubna_data_05/recover-20250324/UBNA_024/20250317_163000.WAV,recover-20250324,UBNA_024,Foliage
LF,23040.0,-0.29584025251348867,34.2785,34.2989,22890.0,26439.0,Nyctalus leisleri,0.217,0.296,-1,Echolocation,192000.0,/mnt/ubna_data_05/recover-20250324/UBNA_024/20250317_163000.WAV,recover-20250324,UBNA_024,Foliage
HF,60480.0,-4.888072316780438,39.289500000000004,39.297,58125.0,63966.0,Pipistrellus pygmaeus,0.247,0.255,-1,Echolocation,192000.0,/mnt/ubna_data_05/recover-20250324/UBNA_024/20250317_163000.WAV,recover-20250324,UBNA_024,Foliage
HF,65280.0,0.8071188889270903,40.3185,40.3304,62421.0,67649.0,Pipistrellus pipistrellus,0.171,0.241,-1,Echolocation,192000.0,/mnt/ubna_data_05/recover-20250324/UBNA_024/20250317_163000.WAV,recover-20250324,UBNA_024,Foliage
HF,65280.0,-1.4962773997208685,41.679500000000004,41.6907,59843.0,68172.0,Pipistrellus pipistrellus,0.152,0.272,-1,Echolocation,192000.0,/mnt/ubna_data_05/recover-20250324/UBNA_024/20250317_163000.WAV,recover-20250324,UBNA_024,Foliage
HF,47040.0,-0.472790036634953,64.4725,64.4873,44375.0,48640.0,Pipistrellus pipistrellus,0.205,0.253,-1,Echolocation,192000.0,/mnt/ubna_data_05/recover-20250324/UBNA_024/20250317_163000.WAV,recover-20250324,UBNA_024,Foliage
HF,65280.0,1.3593427184728937,76.5765,76.5895,57265.0,63016.0,Pipistrellus pygmaeus,0.245,0.306,-1,Echolocation,192000.0,/mnt/ubna_data_05/recover-20250324/UBNA_024/20250317_163000.WAV,recover-20250324,UBNA_024,Foliage
LF,22080.0,-4.819566718895654,83.78450000000001,83.8105,20312.0,24123.0,Nyctalus noctula,0.154,0.217,-1,Echolocation,192000.0,/mnt/ubna_data_05/recover-20250324/UBNA_024/20250317_163000.WAV,recover-20250324,UBNA_024,Foliage
HF,65280.0,-0.5905590343724866,88.3725,88.3891,65000.0,69917.0,Pipistrellus pygmaeus,0.289,0.311,-1,Echolocation,192000.0,/mnt/ubna_data_05/recover-20250324/UBNA_024/20250317_163000.WAV,recover-20250324,UBNA_024,Foliage
HF,65280.0,0.42687602372826977,95.4645,95.4783,61562.0,67174.0,Pipistrellus pipistrellus,0.125,0.254,-1,Echolocation,192000.0,/mnt/ubna_data_05/recover-20250324/UBNA_024/20250317_163000.WAV,recover-20250324,UBNA_024,Foliage
HF,65280.0,0.8396464164944175,98.3775,98.3926,63281.0,68108.0,Pipistrellus pygmaeus,0.173,0.326,-1,Echolocation,192000.0,/mnt/ubna_data_05/recover-20250324/UBNA_024/20250317_163000.WAV,recover-20250324,UBNA_024,Foliage
HF,65280.0,2.262016369421449,99.6975,99.7193,63281.0,68064.0,Pipistrellus pygmaeus,0.277,0.297,-1,Echolocation,192000.0,/mnt/ubna_data_05/recover-20250324/UBNA_024/20250317_163000.WAV,recover-20250324,UBNA_024,Foliage
HF,65280.0,0.042099519210013474,101.4515,101.46039999999999,61562.0,66580.0,Pipistrellus pygmaeus,0.327,0.338,-1,Echolocation,192000.0,/mnt/ubna_data_05/recover-20250324/UBNA_024/20250317_163000.WAV,recover-20250324,UBNA_024,Foliage
HF,65280.0,-0.3461837964921224,113.9255,113.93809999999999,57265.0,63343.0,Pipistrellus pygmaeus,0.184,0.206,-1,Echolocation,192000.0,/mnt/ubna_data_05/recover-20250324/UBNA_024/20250317_163000.WAV,recover-20250324,UBNA_024,Foliage
HF,65280.0,2.2499717682131704,117.5035,117.5107,60703.0,64664.0,Pipistrellus pygmaeus,0.317,0.328,-1,Echolocation,192000.0,/mnt/ubna_data_05/recover-20250324/UBNA_024/20250317_163000.WAV,recover-20250324,UBNA_024,Foliage
HF,65280.0,0.8269533459270961,122.2975,122.3075,55546.0,63953.0,Pipistrellus pygmaeus,0.18,0.282,-1,Echolocation,192000.0,/mnt/ubna_data_05/recover-20250324/UBNA_024/20250317_163000.WAV,recover-20250324,UBNA_024,Foliage
HF,65280.0,-0.15105800420758778,122.5615,122.5688,59843.0,65317.0,Pipistrellus pygmaeus,0.272,0.278,-1,Echolocation,192000.0,/mnt/ubna_data_05/recover-20250324/UBNA_024/20250317_163000.WAV,recover-20250324,UBNA_024,Foliage
HF,60480.0,-2.0618542624839815,122.6045,122.6143,60703.0,66676.0,Pipistrellus pygmaeus,0.265,0.27,-1,Echolocation,192000.0,/mnt/ubna_data_05/recover-20250324/UBNA_024/20250317_163000.WAV,recover-20250324,UBNA_024,Foliage
HF,65280.0,-0.3336657851346981,123.4205,123.4274,55546.0,63985.0,Pipistrellus pygmaeus,0.195,0.2,-1,Echolocation,192000.0,/mnt/ubna_data_05/recover-20250324/UBNA_024/20250317_163000.WAV,recover-20250324,UBNA_024,Foliage
HF,65280.0,-0.21751280617403368,123.5485,123.5589,56406.0,66452.0,Pipistrellus pygmaeus,0.229,0.264,-1,Echolocation,192000.0,/mnt/ubna_data_05/recover-20250324/UBNA_024/20250317_163000.WAV,recover-20250324,UBNA_024,Foliage
HF,45120.0,-2.8700657948502295,125.0795,125.08840000000001,43515.0,48642.0,Pipistrellus pipistrellus,0.306,0.407,-1,Echolocation,192000.0,/mnt/ubna_data_05/recover-20250324/UBNA_024/20250317_163000.WAV,recover-20250324,UBNA_024,Foliage
HF,65280.0,-2.8719864954667655,132.4755,132.4855,62421.0,67682.0,Pipistrellus pygmaeus,0.261,0.267,-1,Echolocation,192000.0,/mnt/ubna_data_05/recover-20250324/UBNA_024/20250317_163000.WAV,recover-20250324,UBNA_024,Foliage
LF,23040.0,6.1917120619311365,133.4775,133.4909,22890.0,27177.0,Nyctalus leisleri,0.221,0.323,-1,Echolocation,192000.0,/mnt/ubna_data_05/recover-20250324/UBNA_024/20250317_163000.WAV,recover-20250324,UBNA_024,Foliage
HF,65280.0,1.0316954723202603,135.0925,135.1104,65000.0,70048.0,Pipistrellus pygmaeus,0.203,0.21,-1,Echolocation,192000.0,/mnt/ubna_data_05/recover-20250324/UBNA_024/20250317_163000.WAV,recover-20250324,UBNA_024,Foliage
LF,25920.0,7.893439029271139,143.5555,143.569,24609.0,28370.0,Nyctalus leisleri,0.154,0.223,-1,Echolocation,192000.0,/mnt/ubna_data_05/recover-20250324/UBNA_024/20250317_163000.WAV,recover-20250324,UBNA_024,Foliage
HF,48000.0,5.194793375370942,148.1935,148.20080000000002,46953.0,58522.0,Pipistrellus pipistrellus,0.193,0.224,-1,Echolocation,192000.0,/mnt/ubna_data_05/recover-20250324/UBNA_024/20250317_163000.WAV,recover-20250324,UBNA_024,Foliage
HF,65280.0,1.5987470796818324,148.7845,148.79919999999998,58984.0,63495.0,Pipistrellus pipistrellus,0.203,0.286,-1,Echolocation,192000.0,/mnt/ubna_data_05/recover-20250324/UBNA_024/20250317_163000.WAV,recover-20250324,UBNA_024,Foliage
HF,65280.0,14.508160823600756,149.2955,149.3136,63281.0,68234.0,Pipistrellus pygmaeus,0.288,0.323,-1,Echolocation,192000.0,/mnt/ubna_data_05/recover-20250324/UBNA_024/20250317_163000.WAV,recover-20250324,UBNA_024,Foliage
HF,65280.0,10.538381713722842,154.3865,154.4073,64140.0,68250.0,Pipistrellus pygmaeus,0.249,0.263,-1,Echolocation,192000.0,/mnt/ubna_data_05/recover-20250324/UBNA_024/20250317_163000.WAV,recover-20250324,UBNA_024,Foliage
HF,65280.0,1.7324005826159252,197.3815,197.4022,65000.0,70357.0,Pipistrellus pygmaeus,0.235,0.24,-1,Echolocation,192000.0,/mnt/ubna_data_05/recover-20250324/UBNA_024/20250317_163000.WAV,recover-20250324,UBNA_024,Foliage
LF,23040.0,2.761029303411762,280.0745,280.0787,22890.0,52310.0,Myotis nattereri,0.205,0.228,-1,Echolocation,192000.0,/mnt/ubna_data_05/recover-20250324/UBNA_024/20250317_163000.WAV,recover-20250324,UBNA_024,Foliage
HF,43200.0,5.815863690188889,280.3085,280.3117,24609.0,69909.0,Myotis nattereri,0.367,0.385,-1,Echolocation,192000.0,/mnt/ubna_data_05/recover-20250324/UBNA_024/20250317_163000.WAV,recover-20250324,UBNA_024,Foliage
LF,24000.0,3.551037304673264,287.2735,287.2781,22890.0,51100.0,Myotis nattereri,0.203,0.226,-1,Echolocation,192000.0,/mnt/ubna_data_05/recover-20250324/UBNA_024/20250317_163000.WAV,recover-20250324,UBNA_024,Foliage
LF,24960.0,10.515253323256639,3.9265,3.9403,23750.0,26628.0,Nyctalus leisleri,0.178,0.226,-1,Echolocation,192000.0,/mnt/ubna_data_05/recover-20250324/UBNA_024/20250317_164000.WAV,recover-20250324,UBNA_024,Foliage
HF,39360.0,5.302309121151213,44.966499999999996,44.97,37500.0,49865.0,Myotis nattereri,0.083,0.203,-1,Echolocation,192000.0,/mnt/ubna_data_05/recover-20250324/UBNA_024/20250317_164000.WAV,recover-20250324,UBNA_024,Foliage
HF,39360.0,2.4098893864472366,45.9355,45.9433,37500.0,47701.0,Myotis daubentonii,0.073,0.253,-1,Echolocation,192000.0,/mnt/ubna_data_05/recover-20250324/UBNA_024/20250317_164000.WAV,recover-20250324,UBNA_024,Foliage
HF,39360.0,4.74931208567102,50.1215,50.125699999999995,34921.0,44815.0,Barbastellus barbastellus,0.14,0.273,-1,Echolocation,192000.0,/mnt/ubna_data_05/recover-20250324/UBNA_024/20250317_164000.WAV,recover-20250324,UBNA_024,Foliage
LF,26880.0,2.2283134262629014,53.4125,53.4167,25468.0,45274.0,Plecotus austriacus,0.16,0.246,-1,Echolocation,192000.0,/mnt/ubna_data_05/recover-20250324/UBNA_024/20250317_164000.WAV,recover-20250324,UBNA_024,Foliage
HF,46080.0,2.1729895311838754,86.0435,86.0523,45234.0,49587.0,Pipistrellus pipistrellus,0.236,0.257,-1,Echolocation,192000.0,/mnt/ubna_data_05/recover-20250324/UBNA_024/20250317_164000.WAV,recover-20250324,UBNA_024,Foliage
HF,64320.0,6.1964092743837265,93.7775,93.7912,63281.0,68466.0,Pipistrellus pygmaeus,0.41,0.414,-1,Echolocation,192000.0,/mnt/ubna_data_05/recover-20250324/UBNA_024/20250317_164000.WAV,recover-20250324,UBNA_024,Foliage
HF,45120.0,1.4006335868494315,127.5325,127.5404,38359.0,48852.0,Pipistrellus nathusii,0.146,0.237,-1,Echolocation,192000.0,/mnt/ubna_data_05/recover-20250324/UBNA_024/20250317_164000.WAV,recover-20250324,UBNA_024,Foliage
HF,39360.0,1.573843518505801,131.9205,131.9243,34921.0,47372.0,Barbastellus barbastellus,0.077,0.219,-1,Echolocation,192000.0,/mnt/ubna_data_05/recover-20250324/UBNA_024/20250317_164000.WAV,recover-20250324,UBNA_024,Foliage
HF,42240.0,4.075554337939752,134.3445,134.3481,34062.0,49167.0,Myotis daubentonii,0.107,0.211,-1,Echolocation,192000.0,/mnt/ubna_data_05/recover-20250324/UBNA_024/20250317_164000.WAV,recover-20250324,UBNA_024,Foliage
HF,46080.0,2.3282906138504034,141.2555,141.2612,45234.0,53328.0,Pipistrellus pipistrellus,0.291,0.307,-1,Echolocation,192000.0,/mnt/ubna_data_05/recover-20250324/UBNA_024/20250317_164000.WAV,recover-20250324,UBNA_024,Foliage
LF,23040.0,-0.0367815443674686,151.2135,151.2286,23750.0,27990.0,Nyctalus leisleri,0.111,0.213,-1,Echolocation,192000.0,/mnt/ubna_data_05/recover-20250324/UBNA_024/20250317_164000.WAV,recover-20250324,UBNA_024,Foliage
HF,38400.0,2.0874281800691534,186.0435,186.0466,36640.0,56800.0,Myotis nattereri,0.068,0.248,-1,Echolocation,192000.0,/mnt/ubna_data_05/recover-20250324/UBNA_024/20250317_164000.WAV,recover-20250324,UBNA_024,Foliage
HF,39360.0,2.4706728379654934,41.6155,41.6192,31484.0,48118.0,Plecotus austriacus,0.062,0.213,-1,Echolocation,192000.0,/mnt/ubna_data_05/recover-20250324/UBNA_024/20250317_165000.WAV,recover-20250324,UBNA_024,Foliage
HF,46080.0,7.15647367366757,118.2025,118.2091,44375.0,52315.0,Pipistrellus pipistrellus,0.245,0.272,-1,Echolocation,192000.0,/mnt/ubna_data_05/recover-20250324/UBNA_024/20250317_165000.WAV,recover-20250324,UBNA_024,Foliage
LF,28800.0,5.419279619313012,121.2235,121.2267,24609.0,42049.0,Plecotus auritus,0.146,0.245,-1,Echolocation,192000.0,/mnt/ubna_data_05/recover-20250324/UBNA_024/20250317_165000.WAV,recover-20250324,UBNA_024,Foliage
HF,38400.0,1.654034251701998,128.7605,128.7647,34921.0,44784.0,Barbastellus barbastellus,0.106,0.204,-1,Echolocation,192000.0,/mnt/ubna_data_05/recover-20250324/UBNA_024/20250317_165000.WAV,recover-20250324,UBNA_024,Foliage
HF,42240.0,10.099626058059993,137.4545,137.4583,37500.0,53776.0,Myotis daubentonii,0.055,0.207,-1,Echolocation,192000.0,/mnt/ubna_data_05/recover-20250324/UBNA_024/20250317_165000.WAV,recover-20250324,UBNA_024,Foliage
HF,36480.0,-0.051850908454020836,140.2555,140.2591,34062.0,47702.0,Myotis daubentonii,0.112,0.209,-1,Echolocation,192000.0,/mnt/ubna_data_05/recover-20250324/UBNA_024/20250317_165000.WAV,recover-20250324,UBNA_024,Foliage
LF,23040.0,-7.71444355730293,198.0625,198.07659999999998,23750.0,28248.0,Nyctalus leisleri,0.144,0.2,-1,Echolocation,192000.0,/mnt/ubna_data_05/recover-20250324/UBNA_024/20250317_165000.WAV,recover-20250324,UBNA_024,Foliage
LF,25920.0,4.1982854541544485,212.0035,212.007,23750.0,36554.0,Plecotus austriacus,0.213,0.303,-1,Echolocation,192000.0,/mnt/ubna_data_05/recover-20250324/UBNA_024/20250317_165000.WAV,recover-20250324,UBNA_024,Foliage
HF,35520.0,4.730376917897858,212.1075,212.1118,24609.0,55949.0,Myotis nattereri,0.203,0.237,-1,Echolocation,192000.0,/mnt/ubna_data_05/recover-20250324/UBNA_024/20250317_165000.WAV,recover-20250324,UBNA_024,Foliage
HF,34560.0,15.885424034078355,221.4025,221.408,22890.0,80719.0,Myotis nattereri,0.199,0.206,-1,Echolocation,192000.0,/mnt/ubna_data_05/recover-20250324/UBNA_024/20250317_165000.WAV,recover-20250324,UBNA_024,Foliage
HF,48960.0,43.33450073152581,223.5015,223.5075,48671.0,63047.0,Pipistrellus pipistrellus,0.177,0.201,-1,Echolocation,192000.0,/mnt/ubna_data_05/recover-20250324/UBNA_024/20250317_165000.WAV,recover-20250324,UBNA_024,Foliage
HF,60480.0,7.847693072208433,227.6445,227.6501,57265.0,62961.0,Pipistrellus pygmaeus,0.217,0.221,-1,Echolocation,192000.0,/mnt/ubna_data_05/recover-20250324/UBNA_024/20250317_165000.WAV,recover-20250324,UBNA_024,Foliage
HF,43200.0,-8.979605150246702,229.8515,229.8572,22031.0,86974.0,Myotis nattereri,0.224,0.227,-1,Echolocation,192000.0,/mnt/ubna_data_05/recover-20250324/UBNA_024/20250317_165000.WAV,recover-20250324,UBNA_024,Foliage
HF,35520.0,0.2949009248386375,234.91649999999998,234.9221,22031.0,55566.0,Myotis nattereri,0.169,0.248,-1,Echolocation,192000.0,/mnt/ubna_data_05/recover-20250324/UBNA_024/20250317_165000.WAV,recover-20250324,UBNA_024,Foliage
HF,55680.0,-2.8881852754040054,235.2175,235.2224,46953.0,67420.0,Pipistrellus pipistrellus,0.245,0.288,-1,Echolocation,192000.0,/mnt/ubna_data_05/recover-20250324/UBNA_024/20250317_165000.WAV,recover-20250324,UBNA_024,Foliage
HF,54720.0,-3.7315091469301285,235.6865,235.6919,46093.0,88161.0,Myotis alcathoe,0.102,0.277,-1,Echolocation,192000.0,/mnt/ubna_data_05/recover-20250324/UBNA_024/20250317_165000.WAV,recover-20250324,UBNA_024,Foliage
HF,37440.0,6.456238462558185,236.8685,236.8726,34062.0,54989.0,Myotis daubentonii,0.22,0.328,-1,Echolocation,192000.0,/mnt/ubna_data_05/recover-20250324/UBNA_024/20250317_165000.WAV,recover-20250324,UBNA_024,Foliage
HF,48960.0,1.2747679327958894,238.0385,238.0444,47812.0,53559.0,Pipistrellus pipistrellus,0.184,0.204,-1,Echolocation,192000.0,/mnt/ubna_data_05/recover-20250324/UBNA_024/20250317_165000.WAV,recover-20250324,UBNA_024,Foliage
HF,46080.0,-0.34453480228350203,238.4225,238.4283,44375.0,50515.0,Pipistrellus pipistrellus,0.262,0.318,-1,Echolocation,192000.0,/mnt/ubna_data_05/recover-20250324/UBNA_024/20250317_165000.WAV,recover-20250324,UBNA_024,Foliage
LF,21120.0,5.412979346032683,238.6745,238.6847,19453.0,29050.0,Nyctalus leisleri,0.073,0.229,-1,Echolocation,192000.0,/mnt/ubna_data_05/recover-20250324/UBNA_024/20250317_165000.WAV,recover-20250324,UBNA_024,Foliage
HF,46080.0,-0.675117144092134,241.4475,241.4533,44375.0,52321.0,Pipistrellus pipistrellus,0.19,0.214,-1,Echolocation,192000.0,/mnt/ubna_data_05/recover-20250324/UBNA_024/20250317_165000.WAV,recover-20250324,UBNA_024,Foliage
HF,39360.0,-2.1948078387763097,246.1045,246.1095,21171.0,74343.0,Myotis nattereri,0.269,0.29,-1,Echolocation,192000.0,/mnt/ubna_data_05/recover-20250324/UBNA_024/20250317_165000.WAV,recover-20250324,UBNA_024,Foliage
HF,34560.0,4.006630206594075,248.3655,248.3698,29765.0,61446.0,Myotis daubentonii,0.14,0.212,-1,Echolocation,192000.0,/mnt/ubna_data_05/recover-20250324/UBNA_024/20250317_165000.WAV,recover-20250324,UBNA_024,Foliage
LF,24000.0,0.8168242385906517,249.0945,249.1077,22031.0,28150.0,Nyctalus leisleri,0.224,0.285,-1,Echolocation,192000.0,/mnt/ubna_data_05/recover-20250324/UBNA_024/20250317_165000.WAV,recover-20250324,UBNA_024,Foliage
HF,50880.0,6.484204507318477,250.0015,250.0071,42656.0,90124.0,Myotis mystacinus,0.107,0.257,-1,Echolocation,192000.0,/mnt/ubna_data_05/recover-20250324/UBNA_024/20250317_165000.WAV,recover-20250324,UBNA_024,Foliage
LF,20160.0,1.7656349663657533,255.1365,255.1419,21171.0,58085.0,Myotis nattereri,0.256,0.288,-1,Echolocation,192000.0,/mnt/ubna_data_05/recover-20250324/UBNA_024/20250317_165000.WAV,recover-20250324,UBNA_024,Foliage
HF,40320.0,1.6540209468342302,256.2025,256.2068,34921.0,55126.0,Myotis daubentonii,0.173,0.202,-1,Echolocation,192000.0,/mnt/ubna_data_05/recover-20250324/UBNA_024/20250317_165000.WAV,recover-20250324,UBNA_024,Foliage
HF,39360.0,10.86892957935695,257.6015,257.6073,20312.0,74021.0,Myotis nattereri,0.23,0.236,-1,Echolocation,192000.0,/mnt/ubna_data_05/recover-20250324/UBNA_024/20250317_165000.WAV,recover-20250324,UBNA_024,Foliage
HF,53760.0,1.856998947824543,257.7615,257.7668,52968.0,62745.0,Pipistrellus pipistrellus,0.173,0.202,-1,Echolocation,192000.0,/mnt/ubna_data_05/recover-20250324/UBNA_024/20250317_165000.WAV,recover-20250324,UBNA_024,Foliage
HF,47040.0,-9.698626854361445,259.45550000000003,259.4622,46953.0,61017.0,Pipistrellus pipistrellus,0.204,0.223,-1,Echolocation,192000.0,/mnt/ubna_data_05/recover-20250324/UBNA_024/20250317_165000.WAV,recover-20250324,UBNA_024,Foliage
LF,23040.0,2.251040817468029,260.3665,260.3737,21171.0,49067.0,Myotis nattereri,0.117,0.207,-1,Echolocation,192000.0,/mnt/ubna_data_05/recover-20250324/UBNA_024/20250317_165000.WAV,recover-20250324,UBNA_024,Foliage
HF,77760.0,-10.874207148869102,262.3365,262.3715,68437.0,83127.0,Rhinolophus ferrumequinum,0.212,0.212,-1,Echolocation,192000.0,/mnt/ubna_data_05/recover-20250324/UBNA_024/20250317_165000.WAV,recover-20250324,UBNA_024,Foliage
HF,43200.0,2.194636137701386,265.8425,265.848,27187.0,59960.0,Myotis daubentonii,0.164,0.221,-1,Echolocation,192000.0,/mnt/ubna_data_05/recover-20250324/UBNA_024/20250317_165000.WAV,recover-20250324,UBNA_024,Foliage
LF,17280.0,-0.8313384285858152,268.4395,268.4452,17734.0,57803.0,Myotis nattereri,0.21,0.221,-1,Echolocation,192000.0,/mnt/ubna_data_05/recover-20250324/UBNA_024/20250317_165000.WAV,recover-20250324,UBNA_024,Foliage
LF,22080.0,1.5989989061271634,271.0005,271.0065,22890.0,33108.0,Plecotus austriacus,0.145,0.245,-1,Echolocation,192000.0,/mnt/ubna_data_05/recover-20250324/UBNA_024/20250317_165000.WAV,recover-20250324,UBNA_024,Foliage
LF,29760.0,2.418719452380179,277.2255,277.2307,21171.0,52088.0,Myotis nattereri,0.236,0.267,-1,Echolocation,192000.0,/mnt/ubna_data_05/recover-20250324/UBNA_024/20250317_165000.WAV,recover-20250324,UBNA_024,Foliage
HF,39360.0,3.849799006736085,283.2615,283.2657,22031.0,81039.0,Myotis nattereri,0.205,0.214,-1,Echolocation,192000.0,/mnt/ubna_data_05/recover-20250324/UBNA_024/20250317_165000.WAV,recover-20250324,UBNA_024,Foliage
LF,19200.0,-4.645385710273658,284.7425,284.7539,19453.0,26126.0,Nyctalus leisleri,0.119,0.295,-1,Echolocation,192000.0,/mnt/ubna_data_05/recover-20250324/UBNA_024/20250317_165000.WAV,recover-20250324,UBNA_024,Foliage
LF,24000.0,-0.242828585690036,288.1475,288.1531,22031.0,51205.0,Myotis nattereri,0.236,0.27,-1,Echolocation,192000.0,/mnt/ubna_data_05/recover-20250324/UBNA_024/20250317_165000.WAV,recover-20250324,UBNA_024,Foliage
LF,22080.0,0.12119957858672029,288.6085,288.6141,20312.0,55457.0,Myotis nattereri,0.293,0.313,-1,Echolocation,192000.0,/mnt/ubna_data_05/recover-20250324/UBNA_024/20250317_165000.WAV,recover-20250324,UBNA_024,Foliage
HF,36480.0,4.046064149704854,289.0565,289.0611,34062.0,51769.0,Myotis daubentonii,0.204,0.24,-1,Echolocation,192000.0,/mnt/ubna_data_05/recover-20250324/UBNA_024/20250317_165000.WAV,recover-20250324,UBNA_024,Foliage
LF,25920.0,2.0084090073311245,289.1185,289.1235,26328.0,48391.0,Myotis nattereri,0.109,0.201,-1,Echolocation,192000.0,/mnt/ubna_data_05/recover-20250324/UBNA_024/20250317_165000.WAV,recover-20250324,UBNA_024,Foliage
HF,36480.0,5.9724471752387265,295.5395,295.5448,22890.0,90073.0,Myotis nattereri,0.331,0.347,-1,Echolocation,192000.0,/mnt/ubna_data_05/recover-20250324/UBNA_024/20250317_165000.WAV,recover-20250324,UBNA_024,Foliage
LF,19200.0,-0.9855758320036019,296.4985,296.5036,21171.0,48063.0,Myotis nattereri,0.172,0.205,-1,Echolocation,192000.0,/mnt/ubna_data_05/recover-20250324/UBNA_024/20250317_165000.WAV,recover-20250324,UBNA_024,Foliage
HF,35520.0,4.455858819063492,297.3935,297.3974,25468.0,63463.0,Myotis nattereri,0.285,0.353,-1,Echolocation,192000.0,/mnt/ubna_data_05/recover-20250324/UBNA_024/20250317_165000.WAV,recover-20250324,UBNA_024,Foliage
LF,26880.0,0.5509029326562682,298.4975,298.5022,24609.0,42405.0,Plecotus austriacus,0.139,0.246,-1,Echolocation,192000.0,/mnt/ubna_data_05/recover-20250324/UBNA_024/20250317_165000.WAV,recover-20250324,UBNA_024,Foliage
HF,61440.0,43.120871197102375,299.7685,299.7749,55546.0,68344.0,Pipistrellus pygmaeus,0.282,0.285,-1,Echolocation,192000.0,/mnt/ubna_data_05/recover-20250324/UBNA_024/20250317_165000.WAV,recover-20250324,UBNA_024,Foliage
LF,22080.0,-2.790202149321198,2.2325,2.2383,22031.0,37517.0,Plecotus austriacus,0.114,0.268,-1,Echolocation,192000.0,/mnt/ubna_data_05/recover-20250324/UBNA_024/20250317_170000.WAV,recover-20250324,UBNA_024,Foliage
LF,24960.0,2.661282562233867,3.0195,3.0249,22031.0,52115.0,Myotis nattereri,0.308,0.398,-1,Echolocation,192000.0,/mnt/ubna_data_05/recover-20250324/UBNA_024/20250317_170000.WAV,recover-20250324,UBNA_024,Foliage
HF,35520.0,1.6870525715378668,13.7815,13.7853,27187.0,60277.0,Myotis nattereri,0.151,0.203,-1,Echolocation,192000.0,/mnt/ubna_data_05/recover-20250324/UBNA_024/20250317_170000.WAV,recover-20250324,UBNA_024,Foliage
HF,40320.0,4.545527422824776,18.5595,18.5634,33203.0,59292.0,Myotis daubentonii,0.165,0.219,-1,Echolocation,192000.0,/mnt/ubna_data_05/recover-20250324/UBNA_024/20250317_170000.WAV,recover-20250324,UBNA_024,Foliage
HF,38400.0,47.06143179232257,23.8655,23.8713,25468.0,84224.0,Myotis nattereri,0.206,0.223,-1,Echolocation,192000.0,/mnt/ubna_data_05/recover-20250324/UBNA_024/20250317_170000.WAV,recover-20250324,UBNA_024,Foliage
HF,43200.0,5.943788978651297,38.0285,38.0323,26328.0,69726.0,Myotis nattereri,0.237,0.258,-1,Echolocation,192000.0,/mnt/ubna_data_05/recover-20250324/UBNA_024/20250317_170000.WAV,recover-20250324,UBNA_024,Foliage
HF,39360.0,7.683918035308988,77.0035,77.0084,22031.0,58296.0,Myotis nattereri,0.228,0.241,-1,Echolocation,192000.0,/mnt/ubna_data_05/recover-20250324/UBNA_024/20250317_170000.WAV,recover-20250324,UBNA_024,Foliage
HF,38400.0,10.118813460201416,85.09649999999999,85.102,16875.0,72075.0,Myotis nattereri,0.228,0.235,-1,Echolocation,192000.0,/mnt/ubna_data_05/recover-20250324/UBNA_024/20250317_170000.WAV,recover-20250324,UBNA_024,Foliage
HF,35520.0,10.208308272811845,90.7405,90.7449,22890.0,75678.0,Myotis nattereri,0.219,0.23,-1,Echolocation,192000.0,/mnt/ubna_data_05/recover-20250324/UBNA_024/20250317_170000.WAV,recover-20250324,UBNA_024,Foliage
HF,35520.0,10.380094035400267,90.8355,90.8405,22890.0,73418.0,Myotis nattereri,0.278,0.295,-1,Echolocation,192000.0,/mnt/ubna_data_05/recover-20250324/UBNA_024/20250317_170000.WAV,recover-20250324,UBNA_024,Foliage
HF,35520.0,3.888660671877599,91.3215,91.3255,25468.0,54082.0,Myotis nattereri,0.147,0.201,-1,Echolocation,192000.0,/mnt/ubna_data_05/recover-20250324/UBNA_024/20250317_170000.WAV,recover-20250324,UBNA_024,Foliage
HF,53760.0,-2.0642675956846492,91.5445,91.5496,47812.0,61419.0,Pipistrellus pipistrellus,0.195,0.203,-1,Echolocation,192000.0,/mnt/ubna_data_05/recover-20250324/UBNA_024/20250317_170000.WAV,recover-20250324,UBNA_024,Foliage
LF,24000.0,4.915085039853557,91.8845,91.8902,22031.0,53733.0,Myotis nattereri,0.285,0.314,-1,Echolocation,192000.0,/mnt/ubna_data_05/recover-20250324/UBNA_024/20250317_170000.WAV,recover-20250324,UBNA_024,Foliage
LF,26880.0,1.148754673147006,125.7065,125.7249,26328.0,29373.0,Nyctalus leisleri,0.151,0.203,-1,Echolocation,192000.0,/mnt/ubna_data_05/recover-20250324/UBNA_024/20250317_170000.WAV,recover-20250324,UBNA_024,Foliage
HF,39360.0,12.216816458449543,127.9425,127.9464,22031.0,82330.0,Myotis nattereri,0.32,0.332,-1,Echolocation,192000.0,/mnt/ubna_data_05/recover-20250324/UBNA_024/20250317_170000.WAV,recover-20250324,UBNA_024,Foliage
LF,26880.0,7.183541711965469,133.0025,133.0078,24609.0,48069.0,Myotis nattereri,0.183,0.229,-1,Echolocation,192000.0,/mnt/ubna_data_05/recover-20250324/UBNA_024/20250317_170000.WAV,recover-20250324,UBNA_024,Foliage
HF,34560.0,10.267724912937787,134.9455,134.9494,28046.0,60372.0,Myotis nattereri,0.253,0.333,-1,Echolocation,192000.0,/mnt/ubna_data_05/recover-20250324/UBNA_024/20250317_170000.WAV,recover-20250324,UBNA_024,Foliage
LF,24960.0,3.779735094420154,184.3525,184.3567,24609.0,38278.0,Plecotus austriacus,0.131,0.203,-1,Echolocation,192000.0,/mnt/ubna_data_05/recover-20250324/UBNA_024/20250317_170000.WAV,recover-20250324,UBNA_024,Foliage
HF,42240.0,5.0226313131167055,184.7675,184.7714,25468.0,53238.0,Myotis nattereri,0.155,0.205,-1,Echolocation,192000.0,/mnt/ubna_data_05/recover-20250324/UBNA_024/20250317_170000.WAV,recover-20250324,UBNA_024,Foliage
HF,46080.0,3.5601634756824305,199.3725,199.376,40078.0,54624.0,Myotis nattereri,0.162,0.241,-1,Echolocation,192000.0,/mnt/ubna_data_05/recover-20250324/UBNA_024/20250317_170000.WAV,recover-20250324,UBNA_024,Foliage
LF,23040.0,4.4541027853444195,214.1715,214.1759,22031.0,51144.0,Myotis nattereri,0.175,0.202,-1,Echolocation,192000.0,/mnt/ubna_data_05/recover-20250324/UBNA_024/20250317_170000.WAV,recover-20250324,UBNA_024,Foliage
LF,25920.0,3.6097962468382216,223.2935,223.2977,23750.0,51390.0,Myotis nattereri,0.172,0.209,-1,Echolocation,192000.0,/mnt/ubna_data_05/recover-20250324/UBNA_024/20250317_170000.WAV,recover-20250324,UBNA_024,Foliage
LF,26880.0,4.599634318541565,229.8225,229.827,23750.0,37888.0,Plecotus austriacus,0.169,0.218,-1,Echolocation,192000.0,/mnt/ubna_data_05/recover-20250324/UBNA_024/20250317_170000.WAV,recover-20250324,UBNA_024,Foliage
HF,37440.0,3.464092761749548,230.7465,230.7498,30625.0,53009.0,Myotis nattereri,0.18,0.249,-1,Echolocation,192000.0,/mnt/ubna_data_05/recover-20250324/UBNA_024/20250317_170000.WAV,recover-20250324,UBNA_024,Foliage
HF,40320.0,3.5981327928146416,231.4785,231.4823,28046.0,58274.0,Myotis nattereri,0.141,0.213,-1,Echolocation,192000.0,/mnt/ubna_data_05/recover-20250324/UBNA_024/20250317_170000.WAV,recover-20250324,UBNA_024,Foliage
HF,34560.0,5.395675927157413,231.6415,231.6455,26328.0,56324.0,Myotis nattereri,0.185,0.222,-1,Echolocation,192000.0,/mnt/ubna_data_05/recover-20250324/UBNA_024/20250317_170000.WAV,recover-20250324,UBNA_024,Foliage
LF,24960.0,5.729695687195852,236.0035,236.0082,23750.0,35064.0,Plecotus austriacus,0.194,0.241,-1,Echolocation,192000.0,/mnt/ubna_data_05/recover-20250324/UBNA_024/20250317_170000.WAV,recover-20250324,UBNA_024,Foliage
LF,25920.0,0.9224465032523517,239.1705,239.1751,23750.0,39533.0,Plecotus austriacus,0.197,0.276,-1,Echolocation,192000.0,/mnt/ubna_data_05/recover-20250324/UBNA_024/20250317_170000.WAV,recover-20250324,UBNA_024,Foliage
HF,36480.0,21.8008572625278,244.9545,244.9592,19453.0,70876.0,Myotis nattereri,0.34,0.352,-1,Echolocation,192000.0,/mnt/ubna_data_05/recover-20250324/UBNA_024/20250317_170000.WAV,recover-20250324,UBNA_024,Foliage
HF,44160.0,3.984951864097636,277.9505,277.9541,28046.0,64650.0,Myotis nattereri,0.199,0.254,-1,Echolocation,192000.0,/mnt/ubna_data_05/recover-20250324/UBNA_024/20250317_170000.WAV,recover-20250324,UBNA_024,Foliage
LF,24960.0,1.5788379490577702,281.9065,281.9107,25468.0,48493.0,Myotis nattereri,0.124,0.205,-1,Echolocation,192000.0,/mnt/ubna_data_05/recover-20250324/UBNA_024/20250317_170000.WAV,recover-20250324,UBNA_024,Foliage
HF,46080.0,6.717183312083178,1.5765,1.5807,27187.0,81383.0,Myotis nattereri,0.184,0.25,-1,Echolocation,192000.0,/mnt/ubna_data_05/recover-20250324/UBNA_024/20250317_171000.WAV,recover-20250324,UBNA_024,Foliage
LF,23040.0,2.398640429179224,4.9635,4.9676,22031.0,44626.0,Myotis nattereri,0.1,0.246,-1,Echolocation,192000.0,/mnt/ubna_data_05/recover-20250324/UBNA_024/20250317_171000.WAV,recover-20250324,UBNA_024,Foliage
HF,45120.0,7.856296994123224,6.0465,6.0513,24609.0,90238.0,Myotis nattereri,0.279,0.32,-1,Echolocation,192000.0,/mnt/ubna_data_05/recover-20250324/UBNA_024/20250317_171000.WAV,recover-20250324,UBNA_024,Foliage
LF,22080.0,1.731438881501912,6.5025,6.508,22890.0,47949.0,Myotis nattereri,0.138,0.22,-1,Echolocation,192000.0,/mnt/ubna_data_05/recover-20250324/UBNA_024/20250317_171000.WAV,recover-20250324,UBNA_024,Foliage
HF,55680.0,1.7954623016830462,6.6085,6.6135,52968.0,66415.0,Pipistrellus pipistrellus,0.217,0.23,-1,Echolocation,192000.0,/mnt/ubna_data_05/recover-20250324/UBNA_024/20250317_171000.WAV,recover-20250324,UBNA_024,Foliage
HF,57600.0,1.7199424758840949,6.9135,6.9181,51250.0,83007.0,Pipistrellus pipistrellus,0.092,0.214,-1,Echolocation,192000.0,/mnt/ubna_data_05/recover-20250324/UBNA_024/20250317_171000.WAV,recover-20250324,UBNA_024,Foliage
LF,22080.0,1.5251721746155378,10.5635,10.5709,21171.0,40132.0,Plecotus austriacus,0.128,0.24,-1,Echolocation,192000.0,/mnt/ubna_data_05/recover-20250324/UBNA_024/20250317_171000.WAV,recover-20250324,UBNA_024,Foliage
HF,35520.0,41.43693682063731,12.7775,12.7824,30625.0,81978.0,Myotis daubentonii,0.096,0.24,-1,Echolocation,192000.0,/mnt/ubna_data_05/recover-20250324/UBNA_024/20250317_171000.WAV,recover-20250324,UBNA_024,Foliage
HF,38400.0,-12.199982485303174,13.8305,13.835,28046.0,88121.0,Myotis nattereri,0.163,0.234,-1,Echolocation,192000.0,/mnt/ubna_data_05/recover-20250324/UBNA_024/20250317_171000.WAV,recover-20250324,UBNA_024,Foliage
HF,35520.0,11.23756697845748,13.8545,13.8594,30625.0,82413.0,Myotis nattereri,0.101,0.253,-1,Echolocation,192000.0,/mnt/ubna_data_05/recover-20250324/UBNA_024/20250317_171000.WAV,recover-20250324,UBNA_024,Foliage
HF,47040.0,0.5318118421418669,16.7345,16.7399,45234.0,55896.0,Pipistrellus pipistrellus,0.232,0.249,-1,Echolocation,192000.0,/mnt/ubna_data_05/recover-20250324/UBNA_024/20250317_171000.WAV,recover-20250324,UBNA_024,Foliage
HF,42240.0,25.068890433720235,17.9585,17.9638,24609.0,94283.0,Myotis nattereri,0.262,0.274,-1,Echolocation,192000.0,/mnt/ubna_data_05/recover-20250324/UBNA_024/20250317_171000.WAV,recover-20250324,UBNA_024,Foliage
HF,46080.0,1.8260160178923466,18.2915,18.2975,45234.0,61607.0,Pipistrellus pipistrellus,0.225,0.267,-1,Echolocation,192000.0,/mnt/ubna_data_05/recover-20250324/UBNA_024/20250317_171000.WAV,recover-20250324,UBNA_024,Foliage
HF,40320.0,3.7471379692713698,18.8265,18.8306,28906.0,81160.0,Myotis nattereri,0.148,0.214,-1,Echolocation,192000.0,/mnt/ubna_data_05/recover-20250324/UBNA_024/20250317_171000.WAV,recover-20250324,UBNA_024,Foliage
LF,28800.0,-7.12146760569853,20.0035,20.0069,28046.0,45544.0,Myotis daubentonii,0.181,0.233,-1,Echolocation,192000.0,/mnt/ubna_data_05/recover-20250324/UBNA_024/20250317_171000.WAV,recover-20250324,UBNA_024,Foliage
HF,42240.0,-0.601675674513423,28.2655,28.2697,24609.0,92067.0,Myotis nattereri,0.385,0.408,-1,Echolocation,192000.0,/mnt/ubna_data_05/recover-20250324/UBNA_024/20250317_171000.WAV,recover-20250324,UBNA_024,Foliage
HF,59520.0,2.0692574817471834,35.2875,35.2922,58125.0,64258.0,Pipistrellus pygmaeus,0.244,0.247,-1,Echolocation,192000.0,/mnt/ubna_data_05/recover-20250324/UBNA_024/20250317_171000.WAV,recover-20250324,UBNA_024,Foliage
LF,22080.0,-0.6243295057898078,36.6105,36.616,21171.0,57941.0,Myotis nattereri,0.202,0.215,-1,Echolocation,192000.0,/mnt/ubna_data_05/recover-20250324/UBNA_024/20250317_171000.WAV,recover-20250324,UBNA_024,Foliage
HF,46080.0,2.6439221088877036,38.841499999999996,38.8465,44375.0,50106.0,Pipistrellus pipistrellus,0.258,0.272,-1,Echolocation,192000.0,/mnt/ubna_data_05/recover-20250324/UBNA_024/20250317_171000.WAV,recover-20250324,UBNA_024,Foliage
HF,46080.0,-4.614840225444129,68.4145,68.4213,46093.0,52230.0,Pipistrellus pipistrellus,0.205,0.209,-1,Echolocation,192000.0,/mnt/ubna_data_05/recover-20250324/UBNA_024/20250317_171000.WAV,recover-20250324,UBNA_024,Foliage
HF,46080.0,32.86016992946455,78.1805,78.1845,25468.0,72832.0,Myotis nattereri,0.229,0.247,-1,Echolocation,192000.0,/mnt/ubna_data_05/recover-20250324/UBNA_024/20250317_171000.WAV,recover-20250324,UBNA_024,Foliage
LF,22080.0,5.1237380162252055,79.3675,79.3733,22890.0,44475.0,Myotis nattereri,0.17,0.209,-1,Echolocation,192000.0,/mnt/ubna_data_05/recover-20250324/UBNA_024/20250317_171000.WAV,recover-20250324,UBNA_024,Foliage
LF,24960.0,2.679358280816722,83.7235,83.7272,24609.0,51292.0,Myotis nattereri,0.174,0.232,-1,Echolocation,192000.0,/mnt/ubna_data_05/recover-20250324/UBNA_024/20250317_171000.WAV,recover-20250324,UBNA_024,Foliage
LF,22080.0,-3.9047449041989353,88.2535,88.2591,22890.0,51372.0,Myotis nattereri,0.173,0.201,-1,Echolocation,192000.0,/mnt/ubna_data_05/recover-20250324/UBNA_024/20250317_171000.WAV,recover-20250324,UBNA_024,Foliage
LF,22080.0,0.2725243428738717,88.4375,88.4428,22890.0,55129.0,Myotis nattereri,0.188,0.216,-1,Echolocation,192000.0,/mnt/ubna_data_05/recover-20250324/UBNA_024/20250317_171000.WAV,recover-20250324,UBNA_024,Foliage
HF,45120.0,-0.7340628264317223,89.1185,89.1263,44375.0,51499.0,Pipistrellus pipistrellus,0.186,0.228,-1,Echolocation,192000.0,/mnt/ubna_data_05/recover-20250324/UBNA_024/20250317_171000.WAV,recover-20250324,UBNA_024,Foliage
HF,43200.0,0.687275480066752,89.9705,89.9748,24609.0,80455.0,Myotis nattereri,0.155,0.207,-1,Echolocation,192000.0,/mnt/ubna_data_05/recover-20250324/UBNA_024/20250317_171000.WAV,recover-20250324,UBNA_024,Foliage
LF,24960.0,-2.026210156377072,98.2415,98.2462,22890.0,50403.0,Myotis nattereri,0.23,0.281,-1,Echolocation,192000.0,/mnt/ubna_data_05/recover-20250324/UBNA_024/20250317_171000.WAV,recover-20250324,UBNA_024,Foliage
HF,69120.0,17.453306633406417,101.8665,101.871,25468.0,90655.0,Myotis nattereri,0.33,0.349,-1,Echolocation,192000.0,/mnt/ubna_data_05/recover-20250324/UBNA_024/20250317_171000.WAV,recover-20250324,UBNA_024,Foliage
HF,38400.0,4.457049042533326,103.2755,103.2793,28906.0,69751.0,Myotis nattereri,0.129,0.238,-1,Echolocation,192000.0,/mnt/ubna_data_05/recover-20250324/UBNA_024/20250317_171000.WAV,recover-20250324,UBNA_024,Foliage
HF,45120.0,9.077728002588177,103.7535,103.7578,27187.0,86451.0,Myotis nattereri,0.18,0.21,-1,Echolocation,192000.0,/mnt/ubna_data_05/recover-20250324/UBNA_024/20250317_171000.WAV,recover-20250324,UBNA_024,Foliage
HF,40320.0,6.35938106124507,108.7405,108.7449,26328.0,77753.0,Myotis nattereri,0.297,0.362,-1,Echolocation,192000.0,/mnt/ubna_data_05/recover-20250324/UBNA_024/20250317_171000.WAV,recover-20250324,UBNA_024,Foliage
LF,22080.0,2.2050293549164848,109.0485,109.05420000000001,20312.0,55217.0,Myotis nattereri,0.236,0.254,-1,Echolocation,192000.0,/mnt/ubna_data_05/recover-20250324/UBNA_024/20250317_171000.WAV,recover-20250324,UBNA_024,Foliage
HF,40320.0,22.804656211693256,109.3755,109.3796,24609.0,85946.0,Myotis nattereri,0.329,0.356,-1,Echolocation,192000.0,/mnt/ubna_data_05/recover-20250324/UBNA_024/20250317_171000.WAV,recover-20250324,UBNA_024,Foliage
HF,47040.0,-1.9697271403593,109.8875,109.8942,46093.0,59908.0,Pipistrellus pipistrellus,0.204,0.225,-1,Echolocation,192000.0,/mnt/ubna_data_05/recover-20250324/UBNA_024/20250317_171000.WAV,recover-20250324,UBNA_024,Foliage
HF,72960.0,9.866258461337718,111.0145,111.0195,24609.0,83304.0,Myotis nattereri,0.285,0.307,-1,Echolocation,192000.0,/mnt/ubna_data_05/recover-20250324/UBNA_024/20250317_171000.WAV,recover-20250324,UBNA_024,Foliage
HF,48000.0,-3.5885597256255046,115.6445,115.6515,46953.0,51779.0,Pipistrellus pipistrellus,0.229,0.237,-1,Echolocation,192000.0,/mnt/ubna_data_05/recover-20250324/UBNA_024/20250317_171000.WAV,recover-20250324,UBNA_024,Foliage
HF,46080.0,0.23907891870660475,116.8935,116.8998,45234.0,52460.0,Pipistrellus pipistrellus,0.184,0.201,-1,Echolocation,192000.0,/mnt/ubna_data_05/recover-20250324/UBNA_024/20250317_171000.WAV,recover-20250324,UBNA_024,Foliage
LF,22080.0,0.6155304082763318,138.2995,138.3063,22890.0,32226.0,Plecotus austriacus,0.103,0.296,-1,Echolocation,192000.0,/mnt/ubna_data_05/recover-20250324/UBNA_024/20250317_171000.WAV,recover-20250324,UBNA_024,Foliage
HF,35520.0,2.763975597624995,138.5275,138.5326,34062.0,49261.0,Myotis daubentonii,0.248,0.285,-1,Echolocation,192000.0,/mnt/ubna_data_05/recover-20250324/UBNA_024/20250317_171000.WAV,recover-20250324,UBNA_024,Foliage
LF,23040.0,-0.01855293767434813,139.15449999999998,139.1597,22890.0,51222.0,Myotis nattereri,0.187,0.217,-1,Echolocation,192000.0,/mnt/ubna_data_05/recover-20250324/UBNA_024/20250317_171000.WAV,recover-20250324,UBNA_024,Foliage
LF,24960.0,7.084988760522595,140.3595,140.3657,23750.0,38594.0,Plecotus austriacus,0.083,0.204,-1,Echolocation,192000.0,/mnt/ubna_data_05/recover-20250324/UBNA_024/20250317_171000.WAV,recover-20250324,UBNA_024,Foliage
HF,50880.0,-0.2678999905607328,144.8155,144.8212,51250.0,56915.0,Pipistrellus pipistrellus,0.257,0.266,-1,Echolocation,192000.0,/mnt/ubna_data_05/recover-20250324/UBNA_024/20250317_171000.WAV,recover-20250324,UBNA_024,Foliage
LF,25920.0,8.434070766160213,145.5755,145.581,20312.0,56884.0,Myotis nattereri,0.303,0.323,-1,Echolocation,192000.0,/mnt/ubna_data_05/recover-20250324/UBNA_024/20250317_171000.WAV,recover-20250324,UBNA_024,Foliage
HF,43200.0,2.207029702716867,145.6875,145.6921,23750.0,82062.0,Myotis nattereri,0.191,0.208,-1,Echolocation,192000.0,/mnt/ubna_data_05/recover-20250324/UBNA_024/20250317_171000.WAV,recover-20250324,UBNA_024,Foliage
LF,22080.0,3.8292251102747783,146.27949999999998,146.2853,22031.0,44142.0,Myotis nattereri,0.143,0.23,-1,Echolocation,192000.0,/mnt/ubna_data_05/recover-20250324/UBNA_024/20250317_171000.WAV,recover-20250324,UBNA_024,Foliage
HF,42240.0,8.11724602065929,147.4925,147.4966,36640.0,76656.0,Myotis nattereri,0.085,0.217,-1,Echolocation,192000.0,/mnt/ubna_data_05/recover-20250324/UBNA_024/20250317_171000.WAV,recover-20250324,UBNA_024,Foliage
LF,23040.0,1.4103466000622649,147.6175,147.6219,25468.0,49176.0,Myotis nattereri,0.147,0.223,-1,Echolocation,192000.0,/mnt/ubna_data_05/recover-20250324/UBNA_024/20250317_171000.WAV,recover-20250324,UBNA_024,Foliage
HF,42240.0,7.177274718556353,148.4925,148.4974,23750.0,89732.0,Myotis nattereri,0.424,0.472,-1,Echolocation,192000.0,/mnt/ubna_data_05/recover-20250324/UBNA_024/20250317_171000.WAV,recover-20250324,UBNA_024,Foliage
LF,25920.0,3.7222457439813113,149.8475,149.8524,22890.0,49873.0,Myotis nattereri,0.2,0.28,-1,Echolocation,192000.0,/mnt/ubna_data_05/recover-20250324/UBNA_024/20250317_171000.WAV,recover-20250324,UBNA_024,Foliage
LF,24000.0,-1.6978485129838257,177.7515,177.7559,23750.0,52577.0,Myotis nattereri,0.176,0.206,-1,Echolocation,192000.0,/mnt/ubna_data_05/recover-20250324/UBNA_024/20250317_171000.WAV,recover-20250324,UBNA_024,Foliage
LF,23040.0,-0.129724023826317,177.9275,177.93189999999998,24609.0,51870.0,Myotis nattereri,0.158,0.217,-1,Echolocation,192000.0,/mnt/ubna_data_05/recover-20250324/UBNA_024/20250317_171000.WAV,recover-20250324,UBNA_024,Foliage
LF,24960.0,0.11970177938483159,179.5335,179.5391,22890.0,54550.0,Myotis nattereri,0.272,0.296,-1,Echolocation,192000.0,/mnt/ubna_data_05/recover-20250324/UBNA_024/20250317_171000.WAV,recover-20250324,UBNA_024,Foliage
LF,22080.0,1.906515852395815,182.9545,182.9597,22031.0,55585.0,Myotis nattereri,0.215,0.235,-1,Echolocation,192000.0,/mnt/ubna_data_05/recover-20250324/UBNA_024/20250317_171000.WAV,recover-20250324,UBNA_024,Foliage
HF,76800.0,2.0108073166276017,182.9875,183.0137,68437.0,80736.0,Rhinolophus ferrumequinum,0.256,0.257,-1,Echolocation,192000.0,/mnt/ubna_data_05/recover-20250324/UBNA_024/20250317_171000.WAV,recover-20250324,UBNA_024,Foliage
HF,47040.0,4.716404816761114,183.9375,183.944,45234.0,59515.0,Pipistrellus pipistrellus,0.227,0.261,-1,Echolocation,192000.0,/mnt/ubna_data_05/recover-20250324/UBNA_024/20250317_171000.WAV,recover-20250324,UBNA_024,Foliage
LF,22080.0,5.480403854527543,187.2865,187.2917,21171.0,48703.0,Myotis nattereri,0.146,0.228,-1,Echolocation,192000.0,/mnt/ubna_data_05/recover-20250324/UBNA_024/20250317_171000.WAV,recover-20250324,UBNA_024,Foliage
LF,20160.0,-1.4157895869420787,187.5255,187.5369,20312.0,26369.0,Nyctalus leisleri,0.111,0.235,-1,Echolocation,192000.0,/mnt/ubna_data_05/recover-20250324/UBNA_024/20250317_171000.WAV,recover-20250324,UBNA_024,Foliage
LF,23040.0,-0.640833081635144,187.7145,187.7253,23750.0,31717.0,Eptesicus serotinus,0.139,0.279,-1,Echolocation,192000.0,/mnt/ubna_data_05/recover-20250324/UBNA_024/20250317_171000.WAV,recover-20250324,UBNA_024,Foliage
HF,35520.0,7.068133016879442,189.3465,189.351,22890.0,76437.0,Myotis nattereri,0.258,0.27,-1,Echolocation,192000.0,/mnt/ubna_data_05/recover-20250324/UBNA_024/20250317_171000.WAV,recover-20250324,UBNA_024,Foliage
LF,27840.0,0.4087914764006092,190.0855,190.0907,22031.0,53122.0,Myotis nattereri,0.19,0.208,-1,Echolocation,192000.0,/mnt/ubna_data_05/recover-20250324/UBNA_024/20250317_171000.WAV,recover-20250324,UBNA_024,Foliage
HF,44160.0,2.383658640170053,191.6345,191.6412,42656.0,47887.0,Pipistrellus pipistrellus,0.264,0.276,-1,Echolocation,192000.0,/mnt/ubna_data_05/recover-20250324/UBNA_024/20250317_171000.WAV,recover-20250324,UBNA_024,Foliage
HF,38400.0,38.59662261855973,217.4795,217.4842,26328.0,90413.0,Myotis nattereri,0.193,0.209,-1,Echolocation,192000.0,/mnt/ubna_data_05/recover-20250324/UBNA_024/20250317_171000.WAV,recover-20250324,UBNA_024,Foliage
LF,25920.0,3.5886429963919877,219.7515,219.7555,22890.0,44583.0,Plecotus austriacus,0.206,0.495,-1,Echolocation,192000.0,/mnt/ubna_data_05/recover-20250324/UBNA_024/20250317_171000.WAV,recover-20250324,UBNA_024,Foliage
HF,37440.0,1.8136912355501298,220.0785,220.0834,22031.0,92554.0,Myotis nattereri,0.271,0.278,-1,Echolocation,192000.0,/mnt/ubna_data_05/recover-20250324/UBNA_024/20250317_171000.WAV,recover-20250324,UBNA_024,Foliage
HF,55680.0,5.645514031136022,220.8175,220.8221,44375.0,81926.0,Myotis mystacinus,0.106,0.236,-1,Echolocation,192000.0,/mnt/ubna_data_05/recover-20250324/UBNA_024/20250317_171000.WAV,recover-20250324,UBNA_024,Foliage
LF,24960.0,3.7204209879700114,227.7875,227.792,22031.0,56699.0,Myotis nattereri,0.213,0.227,-1,Echolocation,192000.0,/mnt/ubna_data_05/recover-20250324/UBNA_024/20250317_171000.WAV,recover-20250324,UBNA_024,Foliage
LF,24960.0,1.1420409968433214,227.9105,227.9145,25468.0,51308.0,Myotis nattereri,0.224,0.269,-1,Echolocation,192000.0,/mnt/ubna_data_05/recover-20250324/UBNA_024/20250317_171000.WAV,recover-20250324,UBNA_024,Foliage
LF,23040.0,2.9531700764043283,229.1525,229.1586,19453.0,55341.0,Myotis nattereri,0.201,0.212,-1,Echolocation,192000.0,/mnt/ubna_data_05/recover-20250324/UBNA_024/20250317_171000.WAV,recover-20250324,UBNA_024,Foliage
LF,24960.0,4.649756400111203,230.01749999999998,230.0232,22890.0,52469.0,Myotis nattereri,0.205,0.23,-1,Echolocation,192000.0,/mnt/ubna_data_05/recover-20250324/UBNA_024/20250317_171000.WAV,recover-20250324,UBNA_024,Foliage
HF,41280.0,5.092697857546008,230.4555,230.4596,28046.0,71185.0,Myotis nattereri,0.143,0.206,-1,Echolocation,192000.0,/mnt/ubna_data_05/recover-20250324/UBNA_024/20250317_171000.WAV,recover-20250324,UBNA_024,Foliage
HF,38400.0,1.1177980316918166,251.5395,251.5435,32343.0,60426.0,Myotis daubentonii,0.106,0.201,-1,Echolocation,192000.0,/mnt/ubna_data_05/recover-20250324/UBNA_024/20250317_171000.WAV,recover-20250324,UBNA_024,Foliage
HF,43200.0,1.9841260539489234,251.9345,251.9385,34062.0,60559.0,Myotis nattereri,0.103,0.221,-1,Echolocation,192000.0,/mnt/ubna_data_05/recover-20250324/UBNA_024/20250317_171000.WAV,recover-20250324,UBNA_024,Foliage
LF,22080.0,1.4473976731913285,252.0985,252.1032,21171.0,57578.0,Myotis nattereri,0.215,0.227,-1,Echolocation,192000.0,/mnt/ubna_data_05/recover-20250324/UBNA_024/20250317_171000.WAV,recover-20250324,UBNA_024,Foliage
LF,24000.0,3.3423774898386176,252.4955,252.4999,25468.0,50214.0,Myotis nattereri,0.143,0.203,-1,Echolocation,192000.0,/mnt/ubna_data_05/recover-20250324/UBNA_024/20250317_171000.WAV,recover-20250324,UBNA_024,Foliage
HF,41280.0,2.8301457649028023,266.3905,266.395,35781.0,60636.0,Myotis daubentonii,0.145,0.208,-1,Echolocation,192000.0,/mnt/ubna_data_05/recover-20250324/UBNA_024/20250317_171000.WAV,recover-20250324,UBNA_024,Foliage
HF,50880.0,5.24476974334768,289.0185,289.0219,46953.0,69139.0,Myotis mystacinus,0.123,0.212,-1,Echolocation,192000.0,/mnt/ubna_data_05/recover-20250324/UBNA_024/20250317_171000.WAV,recover-20250324,UBNA_024,Foliage
LF,28800.0,10.105003488350786,32.5975,32.6123,30625.0,32832.0,Pipistrellus nathusii,0.123,0.233,-1,Echolocation,192000.0,/mnt/ubna_data_05/recover-20250324/UBNA_024/20250317_172000.WAV,recover-20250324,UBNA_024,Foliage
HF,46080.0,5.874091882839583,39.0955,39.101,45234.0,49566.0,Pipistrellus pipistrellus,0.241,0.271,-1,Echolocation,192000.0,/mnt/ubna_data_05/recover-20250324/UBNA_024/20250317_172000.WAV,recover-20250324,UBNA_024,Foliage
LF,29760.0,-1.5848720377757062,39.426500000000004,39.4308,24609.0,50773.0,Myotis nattereri,0.166,0.209,-1,Echolocation,192000.0,/mnt/ubna_data_05/recover-20250324/UBNA_024/20250317_172000.WAV,recover-20250324,UBNA_024,Foliage
LF,25920.0,0.6252956383779202,39.7285,39.733000000000004,22890.0,40206.0,Myotis nattereri,0.119,0.235,-1,Echolocation,192000.0,/mnt/ubna_data_05/recover-20250324/UBNA_024/20250317_172000.WAV,recover-20250324,UBNA_024,Foliage
LF,22080.0,2.838354930310181,82.6605,82.66460000000001,23750.0,49479.0,Myotis nattereri,0.226,0.288,-1,Echolocation,192000.0,/mnt/ubna_data_05/recover-20250324/UBNA_024/20250317_172000.WAV,recover-20250324,UBNA_024,Foliage
HF,37440.0,4.086536506688153,82.7235,82.7279,27187.0,56406.0,Myotis nattereri,0.196,0.282,-1,Echolocation,192000.0,/mnt/ubna_data_05/recover-20250324/UBNA_024/20250317_172000.WAV,recover-20250324,UBNA_024,Foliage
LF,22080.0,1.858364550233387,82.8095,82.813,23750.0,52609.0,Myotis nattereri,0.316,0.37,-1,Echolocation,192000.0,/mnt/ubna_data_05/recover-20250324/UBNA_024/20250317_172000.WAV,recover-20250324,UBNA_024,Foliage
LF,21120.0,4.054130418352261,83.3555,83.36070000000001,22031.0,53624.0,Myotis nattereri,0.224,0.242,-1,Echolocation,192000.0,/mnt/ubna_data_05/recover-20250324/UBNA_024/20250317_172000.WAV,recover-20250324,UBNA_024,Foliage
HF,35520.0,4.084341084640687,83.4925,83.4965,26328.0,51310.0,Myotis nattereri,0.208,0.291,-1,Echolocation,192000.0,/mnt/ubna_data_05/recover-20250324/UBNA_024/20250317_172000.WAV,recover-20250324,UBNA_024,Foliage
LF,25920.0,5.434272753808579,83.9625,83.9682,22031.0,38597.0,Plecotus austriacus,0.121,0.201,-1,Echolocation,192000.0,/mnt/ubna_data_05/recover-20250324/UBNA_024/20250317_172000.WAV,recover-20250324,UBNA_024,Foliage
HF,34560.0,4.088579389712731,87.9405,87.9443,28046.0,49075.0,Myotis nattereri,0.157,0.24,-1,Echolocation,192000.0,/mnt/ubna_data_05/recover-20250324/UBNA_024/20250317_172000.WAV,recover-20250324,UBNA_024,Foliage
LF,26880.0,3.413831144038239,91.6485,91.6523,26328.0,50059.0,Myotis nattereri,0.195,0.301,-1,Echolocation,192000.0,/mnt/ubna_data_05/recover-20250324/UBNA_024/20250317_172000.WAV,recover-20250324,UBNA_024,Foliage
LF,22080.0,2.1965047260749015,91.7525,91.7571,21171.0,52409.0,Myotis nattereri,0.226,0.242,-1,Echolocation,192000.0,/mnt/ubna_data_05/recover-20250324/UBNA_024/20250317_172000.WAV,recover-20250324,UBNA_024,Foliage
LF,25920.0,9.062102863691702,103.5775,103.5839,23750.0,31391.0,Plecotus austriacus,0.141,0.252,-1,Echolocation,192000.0,/mnt/ubna_data_05/recover-20250324/UBNA_024/20250317_172000.WAV,recover-20250324,UBNA_024,Foliage
HF,38400.0,17.08419524279119,110.02250000000001,110.0279,22890.0,65295.0,Myotis nattereri,0.247,0.258,-1,Echolocation,192000.0,/mnt/ubna_data_05/recover-20250324/UBNA_024/20250317_172000.WAV,recover-20250324,UBNA_024,Foliage
HF,42240.0,11.60223339429795,111.54650000000001,111.551,23750.0,72651.0,Myotis nattereri,0.309,0.327,-1,Echolocation,192000.0,/mnt/ubna_data_05/recover-20250324/UBNA_024/20250317_172000.WAV,recover-20250324,UBNA_024,Foliage
HF,42240.0,5.65587255066308,118.0015,118.006,27187.0,60935.0,Myotis nattereri,0.177,0.301,-1,Echolocation,192000.0,/mnt/ubna_data_05/recover-20250324/UBNA_024/20250317_172000.WAV,recover-20250324,UBNA_024,Foliage
LF,23040.0,3.310457688813634,118.2815,118.286,23750.0,53516.0,Myotis nattereri,0.227,0.247,-1,Echolocation,192000.0,/mnt/ubna_data_05/recover-20250324/UBNA_024/20250317_172000.WAV,recover-20250324,UBNA_024,Foliage
LF,25920.0,1.8292200516142794,119.7895,119.7949,23750.0,49472.0,Myotis nattereri,0.19,0.214,-1,Echolocation,192000.0,/mnt/ubna_data_05/recover-20250324/UBNA_024/20250317_172000.WAV,recover-20250324,UBNA_024,Foliage
LF,24960.0,3.457432189061867,122.4495,122.455,22890.0,52766.0,Myotis nattereri,0.202,0.231,-1,Echolocation,192000.0,/mnt/ubna_data_05/recover-20250324/UBNA_024/20250317_172000.WAV,recover-20250324,UBNA_024,Foliage
LF,23040.0,2.8693829352532356,131.0015,131.0056,25468.0,48443.0,Myotis nattereri,0.141,0.215,-1,Echolocation,192000.0,/mnt/ubna_data_05/recover-20250324/UBNA_024/20250317_172000.WAV,recover-20250324,UBNA_024,Foliage
LF,24960.0,1.7056734896476131,134.5815,134.5857,24609.0,50402.0,Myotis nattereri,0.243,0.322,-1,Echolocation,192000.0,/mnt/ubna_data_05/recover-20250324/UBNA_024/20250317_172000.WAV,recover-20250324,UBNA_024,Foliage
LF,23040.0,0.7893199525434452,135.7095,135.7137,23750.0,39315.0,Plecotus austriacus,0.15,0.209,-1,Echolocation,192000.0,/mnt/ubna_data_05/recover-20250324/UBNA_024/20250317_172000.WAV,recover-20250324,UBNA_024,Foliage
HF,69120.0,-17.532645455970574,135.9415,135.9701,68437.0,80243.0,Rhinolophus ferrumequinum,0.21,0.211,-1,Echolocation,192000.0,/mnt/ubna_data_05/recover-20250324/UBNA_024/20250317_172000.WAV,recover-20250324,UBNA_024,Foliage
LF,24000.0,1.4092407429691731,139.5365,139.5417,21171.0,52417.0,Myotis nattereri,0.211,0.232,-1,Echolocation,192000.0,/mnt/ubna_data_05/recover-20250324/UBNA_024/20250317_172000.WAV,recover-20250324,UBNA_024,Foliage
LF,23040.0,2.613250444973983,141.4905,141.4948,23750.0,51719.0,Myotis nattereri,0.18,0.216,-1,Echolocation,192000.0,/mnt/ubna_data_05/recover-20250324/UBNA_024/20250317_172000.WAV,recover-20250324,UBNA_024,Foliage
HF,36480.0,10.88859868124966,150.0025,150.0063,30625.0,58490.0,Myotis daubentonii,0.217,0.365,-1,Echolocation,192000.0,/mnt/ubna_data_05/recover-20250324/UBNA_024/20250317_172000.WAV,recover-20250324,UBNA_024,Foliage
LF,24960.0,2.0595863407034725,150.0425,150.0466,23750.0,48525.0,Myotis nattereri,0.18,0.272,-1,Echolocation,192000.0,/mnt/ubna_data_05/recover-20250324/UBNA_024/20250317_172000.WAV,recover-20250324,UBNA_024,Foliage
LF,24960.0,0.38034382716055903,150.9475,150.9519,26328.0,47963.0,Myotis nattereri,0.138,0.264,-1,Echolocation,192000.0,/mnt/ubna_data_05/recover-20250324/UBNA_024/20250317_172000.WAV,recover-20250324,UBNA_024,Foliage
HF,38400.0,10.997900541809784,152.6975,152.7029,22031.0,60002.0,Myotis nattereri,0.199,0.215,-1,Echolocation,192000.0,/mnt/ubna_data_05/recover-20250324/UBNA_024/20250317_172000.WAV,recover-20250324,UBNA_024,Foliage
LF,24960.0,4.118929777154975,153.5435,153.5486,22890.0,51670.0,Myotis nattereri,0.215,0.24,-1,Echolocation,192000.0,/mnt/ubna_data_05/recover-20250324/UBNA_024/20250317_172000.WAV,recover-20250324,UBNA_024,Foliage
LF,25920.0,3.57748267149684,153.9845,153.9898,22890.0,46993.0,Myotis nattereri,0.177,0.208,-1,Echolocation,192000.0,/mnt/ubna_data_05/recover-20250324/UBNA_024/20250317_172000.WAV,recover-20250324,UBNA_024,Foliage
LF,27840.0,3.273898673055168,154.3645,154.3692,24609.0,46240.0,Myotis nattereri,0.138,0.224,-1,Echolocation,192000.0,/mnt/ubna_data_05/recover-20250324/UBNA_024/20250317_172000.WAV,recover-20250324,UBNA_024,Foliage
LF,24960.0,2.9263496121184156,155.6835,155.6886,22031.0,50129.0,Myotis nattereri,0.195,0.218,-1,Echolocation,192000.0,/mnt/ubna_data_05/recover-20250324/UBNA_024/20250317_172000.WAV,recover-20250324,UBNA_024,Foliage
LF,24960.0,1.2238544084262233,155.7235,155.7282,23750.0,53408.0,Myotis nattereri,0.23,0.253,-1,Echolocation,192000.0,/mnt/ubna_data_05/recover-20250324/UBNA_024/20250317_172000.WAV,recover-20250324,UBNA_024,Foliage
HF,37440.0,2.651674958309225,156.7865,156.7907,29765.0,54356.0,Myotis daubentonii,0.187,0.234,-1,Echolocation,192000.0,/mnt/ubna_data_05/recover-20250324/UBNA_024/20250317_172000.WAV,recover-20250324,UBNA_024,Foliage
LF,25920.0,-0.6490478522316969,156.8905,156.8943,25468.0,50289.0,Myotis nattereri,0.181,0.287,-1,Echolocation,192000.0,/mnt/ubna_data_05/recover-20250324/UBNA_024/20250317_172000.WAV,recover-20250324,UBNA_024,Foliage
LF,24960.0,1.4463638082489483,156.9245,156.92849999999999,25468.0,44802.0,Myotis nattereri,0.119,0.267,-1,Echolocation,192000.0,/mnt/ubna_data_05/recover-20250324/UBNA_024/20250317_172000.WAV,recover-20250324,UBNA_024,Foliage
LF,24960.0,1.4431912857723626,157.0745,157.0788,25468.0,53123.0,Myotis nattereri,0.132,0.288,-1,Echolocation,192000.0,/mnt/ubna_data_05/recover-20250324/UBNA_024/20250317_172000.WAV,recover-20250324,UBNA_024,Foliage
LF,27840.0,1.0995266775156585,157.9195,157.9235,26328.0,43854.0,Myotis daubentonii,0.124,0.251,-1,Echolocation,192000.0,/mnt/ubna_data_05/recover-20250324/UBNA_024/20250317_172000.WAV,recover-20250324,UBNA_024,Foliage
LF,26880.0,1.544373310874584,157.9665,157.9711,26328.0,49776.0,Myotis nattereri,0.166,0.3,-1,Echolocation,192000.0,/mnt/ubna_data_05/recover-20250324/UBNA_024/20250317_172000.WAV,recover-20250324,UBNA_024,Foliage
LF,24960.0,3.693394255373002,158.1255,158.1306,22890.0,40716.0,Myotis nattereri,0.101,0.218,-1,Echolocation,192000.0,/mnt/ubna_data_05/recover-20250324/UBNA_024/20250317_172000.WAV,recover-20250324,UBNA_024,Foliage
LF,21120.0,-5.78278548032897,158.4345,158.4436,22031.0,30829.0,Nyctalus leisleri,0.126,0.265,-1,Echolocation,192000.0,/mnt/ubna_data_05/recover-20250324/UBNA_024/20250317_172000.WAV,recover-20250324,UBNA_024,Foliage
LF,24000.0,8.39640586592717,158.5895,158.5955,19453.0,50307.0,Myotis nattereri,0.207,0.231,-1,Echolocation,192000.0,/mnt/ubna_data_05/recover-20250324/UBNA_024/20250317_172000.WAV,recover-20250324,UBNA_024,Foliage
HF,35520.0,6.054587623598162,160.3615,160.3659,25468.0,61440.0,Myotis nattereri,0.141,0.205,-1,Echolocation,192000.0,/mnt/ubna_data_05/recover-20250324/UBNA_024/20250317_172000.WAV,recover-20250324,UBNA_024,Foliage
LF,25920.0,3.4948380814686004,160.44650000000001,160.4511,23750.0,52349.0,Myotis nattereri,0.262,0.325,-1,Echolocation,192000.0,/mnt/ubna_data_05/recover-20250324/UBNA_024/20250317_172000.WAV,recover-20250324,UBNA_024,Foliage
LF,19200.0,1.5110738531962722,160.67849999999999,160.6836,18593.0,33216.0,Plecotus austriacus,0.154,0.216,-1,Echolocation,192000.0,/mnt/ubna_data_05/recover-20250324/UBNA_024/20250317_172000.WAV,recover-20250324,UBNA_024,Foliage
LF,20160.0,3.0671267309384094,160.8265,160.8312,19453.0,47249.0,Myotis nattereri,0.227,0.253,-1,Echolocation,192000.0,/mnt/ubna_data_05/recover-20250324/UBNA_024/20250317_172000.WAV,recover-20250324,UBNA_024,Foliage
LF,24000.0,7.287998576139737,160.8405,160.8448,19453.0,56105.0,Myotis nattereri,0.429,0.467,-1,Echolocation,192000.0,/mnt/ubna_data_05/recover-20250324/UBNA_024/20250317_172000.WAV,recover-20250324,UBNA_024,Foliage
HF,42240.0,2.181843252983665,161.2595,161.2639,28046.0,64633.0,Myotis daubentonii,0.175,0.218,-1,Echolocation,192000.0,/mnt/ubna_data_05/recover-20250324/UBNA_024/20250317_172000.WAV,recover-20250324,UBNA_024,Foliage
LF,22080.0,3.5089217384818765,164.9695,164.9738,22031.0,53598.0,Myotis nattereri,0.181,0.202,-1,Echolocation,192000.0,/mnt/ubna_data_05/recover-20250324/UBNA_024/20250317_172000.WAV,recover-20250324,UBNA_024,Foliage
LF,24960.0,2.5917064895317052,192.6885,192.6937,22031.0,52967.0,Myotis nattereri,0.245,0.266,-1,Echolocation,192000.0,/mnt/ubna_data_05/recover-20250324/UBNA_024/20250317_172000.WAV,recover-20250324,UBNA_024,Foliage
LF,23040.0,3.592193228938758,194.2505,194.2565,20312.0,57600.0,Myotis nattereri,0.225,0.236,-1,Echolocation,192000.0,/mnt/ubna_data_05/recover-20250324/UBNA_024/20250317_172000.WAV,recover-20250324,UBNA_024,Foliage
LF,22080.0,1.043779369709628,198.0255,198.0307,22031.0,50999.0,Myotis nattereri,0.328,0.371,-1,Echolocation,192000.0,/mnt/ubna_data_05/recover-20250324/UBNA_024/20250317_172000.WAV,recover-20250324,UBNA_024,Foliage
LF,24000.0,0.5233190624061139,199.2525,199.258,23750.0,51810.0,Myotis nattereri,0.161,0.204,-1,Echolocation,192000.0,/mnt/ubna_data_05/recover-20250324/UBNA_024/20250317_172000.WAV,recover-20250324,UBNA_024,Foliage
HF,45120.0,-3.040873783521662,200.5065,200.5123,44375.0,48976.0,Pipistrellus pipistrellus,0.2,0.208,-1,Echolocation,192000.0,/mnt/ubna_data_05/recover-20250324/UBNA_024/20250317_172000.WAV,recover-20250324,UBNA_024,Foliage
LF,22080.0,1.4176383343481112,201.2805,201.285,23750.0,54325.0,Myotis nattereri,0.281,0.329,-1,Echolocation,192000.0,/mnt/ubna_data_05/recover-20250324/UBNA_024/20250317_172000.WAV,recover-20250324,UBNA_024,Foliage
LF,27840.0,-0.19204987855789118,204.3295,204.3382,27187.0,33262.0,Nyctalus leisleri,0.163,0.271,-1,Echolocation,192000.0,/mnt/ubna_data_05/recover-20250324/UBNA_024/20250317_172000.WAV,recover-20250324,UBNA_024,Foliage
LF,23040.0,1.5568729296114938,205.2885,205.2931,23750.0,53590.0,Myotis nattereri,0.245,0.281,-1,Echolocation,192000.0,/mnt/ubna_data_05/recover-20250324/UBNA_024/20250317_172000.WAV,recover-20250324,UBNA_024,Foliage
LF,23040.0,0.5659733263369481,206.47050000000002,206.4748,24609.0,50843.0,Myotis nattereri,0.163,0.21,-1,Echolocation,192000.0,/mnt/ubna_data_05/recover-20250324/UBNA_024/20250317_172000.WAV,recover-20250324,UBNA_024,Foliage
LF,24000.0,4.290229295417919,207.3525,207.3577,22031.0,54632.0,Myotis nattereri,0.235,0.283,-1,Echolocation,192000.0,/mnt/ubna_data_05/recover-20250324/UBNA_024/20250317_172000.WAV,recover-20250324,UBNA_024,Foliage
HF,71040.0,7.386237161392817,207.6805,207.7151,68437.0,82605.0,Rhinolophus ferrumequinum,0.275,0.275,-1,Echolocation,192000.0,/mnt/ubna_data_05/recover-20250324/UBNA_024/20250317_172000.WAV,recover-20250324,UBNA_024,Foliage
LF,25920.0,-1.895923203919878,208.1395,208.1456,23750.0,41829.0,Myotis nattereri,0.116,0.21,-1,Echolocation,192000.0,/mnt/ubna_data_05/recover-20250324/UBNA_024/20250317_172000.WAV,recover-20250324,UBNA_024,Foliage
LF,21120.0,0.9176078933796765,210.4825,210.4877,21171.0,52204.0,Myotis nattereri,0.219,0.234,-1,Echolocation,192000.0,/mnt/ubna_data_05/recover-20250324/UBNA_024/20250317_172000.WAV,recover-20250324,UBNA_024,Foliage
LF,22080.0,2.5634819875419623,211.6955,211.7006,22031.0,52080.0,Myotis nattereri,0.284,0.331,-1,Echolocation,192000.0,/mnt/ubna_data_05/recover-20250324/UBNA_024/20250317_172000.WAV,recover-20250324,UBNA_024,Foliage
LF,24000.0,3.1541053323181982,211.7545,211.7586,25468.0,49208.0,Myotis nattereri,0.168,0.299,-1,Echolocation,192000.0,/mnt/ubna_data_05/recover-20250324/UBNA_024/20250317_172000.WAV,recover-20250324,UBNA_024,Foliage
LF,25920.0,0.7766013162682567,212.6865,212.691,23750.0,50876.0,Myotis nattereri,0.239,0.293,-1,Echolocation,192000.0,/mnt/ubna_data_05/recover-20250324/UBNA_024/20250317_172000.WAV,recover-20250324,UBNA_024,Foliage
LF,28800.0,2.047036490457994,212.8025,212.8071,26328.0,51417.0,Myotis nattereri,0.181,0.262,-1,Echolocation,192000.0,/mnt/ubna_data_05/recover-20250324/UBNA_024/20250317_172000.WAV,recover-20250324,UBNA_024,Foliage
LF,24960.0,5.490101289618582,214.9005,214.9055,22031.0,54772.0,Myotis nattereri,0.262,0.287,-1,Echolocation,192000.0,/mnt/ubna_data_05/recover-20250324/UBNA_024/20250317_172000.WAV,recover-20250324,UBNA_024,Foliage
LF,24000.0,3.192431046185286,214.9795,214.9836,24609.0,41143.0,Plecotus austriacus,0.147,0.241,-1,Echolocation,192000.0,/mnt/ubna_data_05/recover-20250324/UBNA_024/20250317_172000.WAV,recover-20250324,UBNA_024,Foliage
LF,22080.0,2.903510533176932,216.2285,216.2335,23750.0,53674.0,Myotis nattereri,0.177,0.204,-1,Echolocation,192000.0,/mnt/ubna_data_05/recover-20250324/UBNA_024/20250317_172000.WAV,recover-20250324,UBNA_024,Foliage
HF,53760.0,-5.769409179347987,217.0045,217.0102,52109.0,57195.0,Pipistrellus pipistrellus,0.143,0.225,-1,Echolocation,192000.0,/mnt/ubna_data_05/recover-20250324/UBNA_024/20250317_172000.WAV,recover-20250324,UBNA_024,Foliage
HF,75840.0,1.4696276901701066,222.1095,222.1489,68437.0,81737.0,Rhinolophus ferrumequinum,0.22,0.22,-1,Echolocation,192000.0,/mnt/ubna_data_05/recover-20250324/UBNA_024/20250317_172000.WAV,recover-20250324,UBNA_024,Foliage
LF,21120.0,2.5092903174590324,223.3325,223.338,22031.0,49691.0,Myotis nattereri,0.213,0.236,-1,Echolocation,192000.0,/mnt/ubna_data_05/recover-20250324/UBNA_024/20250317_172000.WAV,recover-20250324,UBNA_024,Foliage
LF,24000.0,0.45365728181242937,226.0235,226.0283,23750.0,52729.0,Myotis nattereri,0.188,0.222,-1,Echolocation,192000.0,/mnt/ubna_data_05/recover-20250324/UBNA_024/20250317_172000.WAV,recover-20250324,UBNA_024,Foliage
LF,24960.0,3.0017291636710737,227.1035,227.1082,23750.0,50038.0,Myotis nattereri,0.271,0.362,-1,Echolocation,192000.0,/mnt/ubna_data_05/recover-20250324/UBNA_024/20250317_172000.WAV,recover-20250324,UBNA_024,Foliage
LF,21120.0,4.360747729062845,227.1225,227.1279,22890.0,55477.0,Myotis nattereri,0.216,0.245,-1,Echolocation,192000.0,/mnt/ubna_data_05/recover-20250324/UBNA_024/20250317_172000.WAV,recover-20250324,UBNA_024,Foliage
LF,24960.0,4.009554753508787,233.5025,233.5075,22031.0,44179.0,Myotis nattereri,0.168,0.256,-1,Echolocation,192000.0,/mnt/ubna_data_05/recover-20250324/UBNA_024/20250317_172000.WAV,recover-20250324,UBNA_024,Foliage
LF,28800.0,2.80366297077458,234.5595,234.564,26328.0,42845.0,Myotis daubentonii,0.08,0.218,-1,Echolocation,192000.0,/mnt/ubna_data_05/recover-20250324/UBNA_024/20250317_172000.WAV,recover-20250324,UBNA_024,Foliage
HF,72000.0,-10.363619665948159,235.2115,235.2476,68437.0,81381.0,Rhinolophus ferrumequinum,0.202,0.202,-1,Echolocation,192000.0,/mnt/ubna_data_05/recover-20250324/UBNA_024/20250317_172000.WAV,recover-20250324,UBNA_024,Foliage
HF,46080.0,0.25295757798754764,238.9525,238.9579,44375.0,50550.0,Pipistrellus pipistrellus,0.22,0.257,-1,Echolocation,192000.0,/mnt/ubna_data_05/recover-20250324/UBNA_024/20250317_172000.WAV,recover-20250324,UBNA_024,Foliage
LF,25920.0,2.279639459418454,239.0695,239.0746,23750.0,44983.0,Myotis nattereri,0.145,0.216,-1,Echolocation,192000.0,/mnt/ubna_data_05/recover-20250324/UBNA_024/20250317_172000.WAV,recover-20250324,UBNA_024,Foliage
LF,23040.0,3.1317619931152887,244.3495,244.3544,23750.0,45015.0,Myotis nattereri,0.164,0.245,-1,Echolocation,192000.0,/mnt/ubna_data_05/recover-20250324/UBNA_024/20250317_172000.WAV,recover-20250324,UBNA_024,Foliage
LF,24960.0,4.512496504386438,245.1355,245.1418,22031.0,54546.0,Myotis nattereri,0.216,0.236,-1,Echolocation,192000.0,/mnt/ubna_data_05/recover-20250324/UBNA_024/20250317_172000.WAV,recover-20250324,UBNA_024,Foliage
LF,22080.0,4.089041437617038,245.4325,245.4396,20312.0,30936.0,Plecotus austriacus,0.164,0.236,-1,Echolocation,192000.0,/mnt/ubna_data_05/recover-20250324/UBNA_024/20250317_172000.WAV,recover-20250324,UBNA_024,Foliage
LF,24000.0,2.239786249156962,248.3715,248.3754,23750.0,52991.0,Myotis nattereri,0.208,0.236,-1,Echolocation,192000.0,/mnt/ubna_data_05/recover-20250324/UBNA_024/20250317_172000.WAV,recover-20250324,UBNA_024,Foliage
LF,23040.0,2.056905797075861,250.0345,250.0404,20312.0,53410.0,Myotis nattereri,0.249,0.261,-1,Echolocation,192000.0,/mnt/ubna_data_05/recover-20250324/UBNA_024/20250317_172000.WAV,recover-20250324,UBNA_024,Foliage
LF,24000.0,0.17983802345654132,250.3995,250.4057,22890.0,47501.0,Myotis nattereri,0.163,0.213,-1,Echolocation,192000.0,/mnt/ubna_data_05/recover-20250324/UBNA_024/20250317_172000.WAV,recover-20250324,UBNA_024,Foliage
LF,24000.0,2.04204620078228,250.6735,250.6783,21171.0,56900.0,Myotis nattereri,0.286,0.305,-1,Echolocation,192000.0,/mnt/ubna_data_05/recover-20250324/UBNA_024/20250317_172000.WAV,recover-20250324,UBNA_024,Foliage
HF,44160.0,-1.2737625824210865,250.7885,250.7951,44375.0,52492.0,Pipistrellus pipistrellus,0.242,0.254,-1,Echolocation,192000.0,/mnt/ubna_data_05/recover-20250324/UBNA_024/20250317_172000.WAV,recover-20250324,UBNA_024,Foliage
HF,46080.0,0.05100557045229583,251.8935,251.8997,46093.0,56157.0,Pipistrellus pipistrellus,0.234,0.246,-1,Echolocation,192000.0,/mnt/ubna_data_05/recover-20250324/UBNA_024/20250317_172000.WAV,recover-20250324,UBNA_024,Foliage
HF,44160.0,-0.26742093076589246,256.4955,256.4996,28906.0,66466.0,Myotis nattereri,0.231,0.296,-1,Echolocation,192000.0,/mnt/ubna_data_05/recover-20250324/UBNA_024/20250317_172000.WAV,recover-20250324,UBNA_024,Foliage
LF,26880.0,3.1790052491700367,265.0625,265.0666,26328.0,51571.0,Myotis nattereri,0.167,0.214,-1,Echolocation,192000.0,/mnt/ubna_data_05/recover-20250324/UBNA_024/20250317_172000.WAV,recover-20250324,UBNA_024,Foliage
LF,24960.0,1.8274067596399783,265.3525,265.3565,26328.0,49442.0,Myotis nattereri,0.168,0.217,-1,Echolocation,192000.0,/mnt/ubna_data_05/recover-20250324/UBNA_024/20250317_172000.WAV,recover-20250324,UBNA_024,Foliage
HF,45120.0,-3.9143086599484582,268.6055,268.6107,44375.0,50637.0,Pipistrellus pipistrellus,0.294,0.326,-1,Echolocation,192000.0,/mnt/ubna_data_05/recover-20250324/UBNA_024/20250317_172000.WAV,recover-20250324,UBNA_024,Foliage
LF,27840.0,-0.166609025456783,271.0255,271.0314,26328.0,36879.0,Plecotus austriacus,0.171,0.277,-1,Echolocation,192000.0,/mnt/ubna_data_05/recover-20250324/UBNA_024/20250317_172000.WAV,recover-20250324,UBNA_024,Foliage
LF,24960.0,-6.920348934081122,12.4255,12.4323,22890.0,33649.0,Plecotus austriacus,0.131,0.201,-1,Echolocation,192000.0,/mnt/ubna_data_05/recover-20250324/UBNA_024/20250317_173000.WAV,recover-20250324,UBNA_024,Foliage
LF,23040.0,4.436627924517577,13.3485,13.3556,20312.0,31883.0,Plecotus austriacus,0.209,0.273,-1,Echolocation,192000.0,/mnt/ubna_data_05/recover-20250324/UBNA_024/20250317_173000.WAV,recover-20250324,UBNA_024,Foliage
LF,19200.0,2.7463450696318823,63.3535,63.378,18593.0,21780.0,Nyctalus noctula,0.214,0.305,-1,Echolocation,192000.0,/mnt/ubna_data_05/recover-20250324/UBNA_024/20250317_173000.WAV,recover-20250324,UBNA_024,Foliage
LF,24000.0,3.416293156800661,68.6565,68.6618,19453.0,55284.0,Myotis nattereri,0.221,0.234,-1,Echolocation,192000.0,/mnt/ubna_data_05/recover-20250324/UBNA_024/20250317_173000.WAV,recover-20250324,UBNA_024,Foliage
HF,76800.0,-12.582739517026697,170.09550000000002,170.137,68437.0,83568.0,Rhinolophus ferrumequinum,0.202,0.202,-1,Echolocation,192000.0,/mnt/ubna_data_05/recover-20250324/UBNA_024/20250317_173000.WAV,recover-20250324,UBNA_024,Foliage
HF,39360.0,5.137152936592056,195.6105,195.6147,25468.0,54706.0,Myotis nattereri,0.188,0.281,-1,Echolocation,192000.0,/mnt/ubna_data_05/recover-20250324/UBNA_024/20250317_173000.WAV,recover-20250324,UBNA_024,Foliage
LF,25920.0,1.859943285470107,235.4945,235.4995,22890.0,37257.0,Plecotus austriacus,0.191,0.262,-1,Echolocation,192000.0,/mnt/ubna_data_05/recover-20250324/UBNA_024/20250317_173000.WAV,recover-20250324,UBNA_024,Foliage
LF,22080.0,2.914036240237197,279.0935,279.0996,21171.0,33711.0,Plecotus austriacus,0.185,0.277,-1,Echolocation,192000.0,/mnt/ubna_data_05/recover-20250324/UBNA_024/20250317_173000.WAV,recover-20250324,UBNA_024,Foliage
HF,43200.0,3.0653708396434642,297.9315,297.9359,40078.0,58605.0,Myotis daubentonii,0.276,0.353,-1,Echolocation,192000.0,/mnt/ubna_data_05/recover-20250324/UBNA_024/20250317_173000.WAV,recover-20250324,UBNA_024,Foliage
LF,25920.0,10.130063079015553,1.2065,1.2204,23750.0,30287.0,Nyctalus leisleri,0.138,0.299,-1,Echolocation,192000.0,/mnt/ubna_data_05/recover-20250324/UBNA_024/20250317_174000.WAV,recover-20250324,UBNA_024,Foliage
HF,42240.0,9.206711188996227,1.4655,1.4693,31484.0,71265.0,Myotis mystacinus,0.082,0.222,-1,Echolocation,192000.0,/mnt/ubna_data_05/recover-20250324/UBNA_024/20250317_174000.WAV,recover-20250324,UBNA_024,Foliage
LF,24000.0,12.495355930842196,4.7935,4.8142,22890.0,25817.0,Nyctalus leisleri,0.337,0.356,-1,Echolocation,192000.0,/mnt/ubna_data_05/recover-20250324/UBNA_024/20250317_174000.WAV,recover-20250324,UBNA_024,Foliage
LF,26880.0,-5.68146463443727,9.3915,9.4059,24609.0,29680.0,Nyctalus leisleri,0.108,0.235,-1,Echolocation,192000.0,/mnt/ubna_data_05/recover-20250324/UBNA_024/20250317_174000.WAV,recover-20250324,UBNA_024,Foliage
LF,19200.0,15.065495849313988,11.9725,11.9985,17734.0,19942.0,Nyctalus noctula,0.153,0.215,-1,Echolocation,192000.0,/mnt/ubna_data_05/recover-20250324/UBNA_024/20250317_174000.WAV,recover-20250324,UBNA_024,Foliage
LF,24960.0,87.11985905880158,14.1205,14.1278,21171.0,36776.0,Plecotus austriacus,0.121,0.204,-1,Echolocation,192000.0,/mnt/ubna_data_05/recover-20250324/UBNA_024/20250317_174000.WAV,recover-20250324,UBNA_024,Foliage
LF,25920.0,-4.0179838831948365,14.5125,14.5159,25468.0,48774.0,Myotis nattereri,0.127,0.217,-1,Echolocation,192000.0,/mnt/ubna_data_05/recover-20250324/UBNA_024/20250317_174000.WAV,recover-20250324,UBNA_024,Foliage
HF,46080.0,2.643027495069693,14.6355,14.6394,40078.0,61542.0,Myotis daubentonii,0.086,0.237,-1,Echolocation,192000.0,/mnt/ubna_data_05/recover-20250324/UBNA_024/20250317_174000.WAV,recover-20250324,UBNA_024,Foliage
LF,29760.0,-5.456596607666154,15.5055,15.5101,28906.0,39962.0,Barbastellus barbastellus,0.088,0.204,-1,Echolocation,192000.0,/mnt/ubna_data_05/recover-20250324/UBNA_024/20250317_174000.WAV,recover-20250324,UBNA_024,Foliage
HF,45120.0,-2.535791237617355,18.0145,18.02,44375.0,55945.0,Pipistrellus pipistrellus,0.092,0.241,-1,Echolocation,192000.0,/mnt/ubna_data_05/recover-20250324/UBNA_024/20250317_174000.WAV,recover-20250324,UBNA_024,Foliage
HF,45120.0,8.65600115151478,22.0015,22.0058,24609.0,62280.0,Myotis nattereri,0.275,0.373,-1,Echolocation,192000.0,/mnt/ubna_data_05/recover-20250324/UBNA_024/20250317_174000.WAV,recover-20250324,UBNA_024,Foliage
HF,58560.0,-1.5894489596621533,23.3315,23.3345,56406.0,63963.0,Pipistrellus pipistrellus,0.206,0.248,-1,Echolocation,192000.0,/mnt/ubna_data_05/recover-20250324/UBNA_024/20250317_174000.WAV,recover-20250324,UBNA_024,Foliage
HF,46080.0,9.385234285499651,28.9085,28.9132,31484.0,48471.0,Myotis daubentonii,0.14,0.225,-1,Echolocation,192000.0,/mnt/ubna_data_05/recover-20250324/UBNA_024/20250317_174000.WAV,recover-20250324,UBNA_024,Foliage
LF,20160.0,-0.5794310466404915,33.2665,33.2839,19453.0,22232.0,Nyctalus leisleri,0.276,0.363,-1,Echolocation,192000.0,/mnt/ubna_data_05/recover-20250324/UBNA_024/20250317_174000.WAV,recover-20250324,UBNA_024,Foliage
HF,45120.0,-2.800410409223723,47.2715,47.2797,44375.0,51357.0,Pipistrellus pipistrellus,0.165,0.221,-1,Echolocation,192000.0,/mnt/ubna_data_05/recover-20250324/UBNA_024/20250317_174000.WAV,recover-20250324,UBNA_024,Foliage
HF,62400.0,10.367753130241137,76.0015,76.0057,58125.0,65515.0,Pipistrellus pygmaeus,0.196,0.216,-1,Echolocation,192000.0,/mnt/ubna_data_05/recover-20250324/UBNA_024/20250317_174000.WAV,recover-20250324,UBNA_024,Foliage
HF,45120.0,0.4815054464836724,82.46549999999999,82.4719,45234.0,50748.0,Pipistrellus pipistrellus,0.187,0.211,-1,Echolocation,192000.0,/mnt/ubna_data_05/recover-20250324/UBNA_024/20250317_174000.WAV,recover-20250324,UBNA_024,Foliage
LF,19200.0,6.481307058402591,104.9875,105.0019,18593.0,23484.0,Nyctalus noctula,0.15,0.255,-1,Echolocation,192000.0,/mnt/ubna_data_05/recover-20250324/UBNA_024/20250317_174000.WAV,recover-20250324,UBNA_024,Foliage
LF,18240.0,9.015020245234117,225.8655,225.8919,15156.0,17626.0,Nyctalus noctula,0.186,0.25,-1,Echolocation,192000.0,/mnt/ubna_data_05/recover-20250324/UBNA_024/20250317_174000.WAV,recover-20250324,UBNA_024,Foliage
LF,26880.0,0.8114087140859995,58.707499999999996,58.719,26328.0,32186.0,Eptesicus serotinus,0.128,0.217,-1,Echolocation,192000.0,/mnt/ubna_data_05/recover-20250324/UBNA_024/20250317_175000.WAV,recover-20250324,UBNA_024,Foliage
LF,16320.0,5.833807251381716,292.5265,292.5546,16015.0,19082.0,Nyctalus noctula,0.137,0.218,-1,Echolocation,192000.0,/mnt/ubna_data_05/recover-20250324/UBNA_024/20250317_175000.WAV,recover-20250324,UBNA_024,Foliage
LF,23040.0,0.27448779344606283,15.6865,15.7016,23750.0,28634.0,Nyctalus leisleri,0.09,0.218,-1,Echolocation,192000.0,/mnt/ubna_data_05/recover-20250324/UBNA_024/20250317_180000.WAV,recover-20250324,UBNA_024,Foliage
LF,23040.0,1.4255510651378422,0.9185,0.9319,23750.0,28135.0,Nyctalus leisleri,0.185,0.294,-1,Echolocation,192000.0,/mnt/ubna_data_05/recover-20250324/UBNA_024/20250317_184000.WAV,recover-20250324,UBNA_024,Foliage
LF,28800.0,1.1466397360583236,5.0775,5.0912,28046.0,32569.0,Eptesicus serotinus,0.1,0.21,-1,Echolocation,192000.0,/mnt/ubna_data_05/recover-20250324/UBNA_024/20250317_184000.WAV,recover-20250324,UBNA_024,Foliage
LF,22080.0,1.5101120376570965,237.1125,237.1304,22031.0,25683.0,Nyctalus noctula,0.138,0.287,-1,Echolocation,192000.0,/mnt/ubna_data_05/recover-20250324/UBNA_024/20250317_184000.WAV,recover-20250324,UBNA_024,Foliage
LF,25920.0,0.2580100401147015,164.3245,164.3361,25468.0,30949.0,Eptesicus serotinus,0.091,0.233,-1,Echolocation,192000.0,/mnt/ubna_data_05/recover-20250324/UBNA_024/20250317_190000.WAV,recover-20250324,UBNA_024,Foliage
LF,22080.0,4.220467079140972,259.72950000000003,259.7549,20312.0,23324.0,Nyctalus leisleri,0.199,0.228,-1,Echolocation,192000.0,/mnt/ubna_data_05/recover-20250324/UBNA_024/20250317_191000.WAV,recover-20250324,UBNA_024,Foliage
LF,21120.0,5.81962920398456,259.9015,259.9236,21171.0,23778.0,Nyctalus leisleri,0.269,0.288,-1,Echolocation,192000.0,/mnt/ubna_data_05/recover-20250324/UBNA_024/20250317_191000.WAV,recover-20250324,UBNA_024,Foliage
LF,21120.0,5.388306250088009,260.0625,260.0883,20312.0,23220.0,Nyctalus leisleri,0.178,0.212,-1,Echolocation,192000.0,/mnt/ubna_data_05/recover-20250324/UBNA_024/20250317_191000.WAV,recover-20250324,UBNA_024,Foliage
LF,21120.0,5.268582984182828,280.8555,280.8793,20312.0,23431.0,Nyctalus leisleri,0.175,0.222,-1,Echolocation,192000.0,/mnt/ubna_data_05/recover-20250324/UBNA_024/20250317_191000.WAV,recover-20250324,UBNA_024,Foliage
LF,21120.0,9.852706379339368,292.0295,292.0557,19453.0,22429.0,Nyctalus leisleri,0.206,0.267,-1,Echolocation,192000.0,/mnt/ubna_data_05/recover-20250324/UBNA_024/20250317_191000.WAV,recover-20250324,UBNA_024,Foliage
LF,22080.0,10.390176543889273,292.1955,292.2203,20312.0,23031.0,Nyctalus leisleri,0.212,0.226,-1,Echolocation,192000.0,/mnt/ubna_data_05/recover-20250324/UBNA_024/20250317_191000.WAV,recover-20250324,UBNA_024,Foliage
LF,24960.0,-0.01304071462885683,292.2535,292.2696,23750.0,27707.0,Nyctalus leisleri,0.281,0.39,-1,Echolocation,192000.0,/mnt/ubna_data_05/recover-20250324/UBNA_024/20250317_191000.WAV,recover-20250324,UBNA_024,Foliage
LF,21120.0,4.52655949151029,292.3655,292.3894,20312.0,23235.0,Nyctalus leisleri,0.193,0.225,-1,Echolocation,192000.0,/mnt/ubna_data_05/recover-20250324/UBNA_024/20250317_191000.WAV,recover-20250324,UBNA_024,Foliage
LF,25920.0,1.9611415360115831,299.4605,299.4729,24609.0,28962.0,Nyctalus leisleri,0.208,0.386,-1,Echolocation,192000.0,/mnt/ubna_data_05/recover-20250324/UBNA_024/20250317_191000.WAV,recover-20250324,UBNA_024,Foliage
LF,21120.0,6.972077516242354,299.5485,299.5717,20312.0,23391.0,Nyctalus leisleri,0.199,0.218,-1,Echolocation,192000.0,/mnt/ubna_data_05/recover-20250324/UBNA_024/20250317_191000.WAV,recover-20250324,UBNA_024,Foliage
LF,19200.0,3.4753510947145942,258.1975,258.2223,17734.0,20110.0,Nyctalus noctula,0.223,0.311,-1,Echolocation,192000.0,/mnt/ubna_data_05/recover-20250324/UBNA_024/20250317_192000.WAV,recover-20250324,UBNA_024,Foliage
LF,20160.0,3.0514874087047823,270.7035,270.7269,19453.0,22033.0,Nyctalus noctula,0.139,0.218,-1,Echolocation,192000.0,/mnt/ubna_data_05/recover-20250324/UBNA_024/20250317_192000.WAV,recover-20250324,UBNA_024,Foliage
LF,16320.0,5.774509500815482,98.3405,98.3635,15156.0,18515.0,Nyctalus leisleri,0.24,0.29,-1,Echolocation,192000.0,/mnt/ubna_data_05/recover-20250324/UBNA_024/20250317_193000.WAV,recover-20250324,UBNA_024,Foliage
LF,17280.0,4.728273258613466,108.5095,108.53450000000001,16015.0,19226.0,Nyctalus leisleri,0.151,0.231,-1,Echolocation,192000.0,/mnt/ubna_data_05/recover-20250324/UBNA_024/20250317_193000.WAV,recover-20250324,UBNA_024,Foliage
LF,17280.0,9.793546445062377,116.46549999999999,116.4883,16015.0,18921.0,Nyctalus leisleri,0.204,0.292,-1,Echolocation,192000.0,/mnt/ubna_data_05/recover-20250324/UBNA_024/20250317_193000.WAV,recover-20250324,UBNA_024,Foliage
LF,17280.0,9.737645664790225,66.9095,66.934,16875.0,20914.0,Nyctalus noctula,0.233,0.316,-1,Echolocation,192000.0,/mnt/ubna_data_05/recover-20250324/UBNA_024/20250317_201000.WAV,recover-20250324,UBNA_024,Foliage
LF,17280.0,22.36563781280126,78.2185,78.2501,16875.0,20265.0,Nyctalus noctula,0.246,0.298,-1,Echolocation,192000.0,/mnt/ubna_data_05/recover-20250324/UBNA_024/20250317_201000.WAV,recover-20250324,UBNA_024,Foliage
LF,18240.0,1.6431018132494133,78.2815,78.31139999999999,17734.0,20022.0,Nyctalus noctula,0.161,0.212,-1,Echolocation,192000.0,/mnt/ubna_data_05/recover-20250324/UBNA_024/20250317_201000.WAV,recover-20250324,UBNA_024,Foliage
LF,17280.0,17.3291879004654,83.2415,83.26859999999999,16875.0,20564.0,Nyctalus noctula,0.276,0.344,-1,Echolocation,192000.0,/mnt/ubna_data_05/recover-20250324/UBNA_024/20250317_201000.WAV,recover-20250324,UBNA_024,Foliage
LF,28800.0,1.5199585643712061,90.3645,90.3777,27187.0,33275.0,Eptesicus serotinus,0.133,0.213,-1,Echolocation,192000.0,/mnt/ubna_data_05/recover-20250324/UBNA_024/20250317_201000.WAV,recover-20250324,UBNA_024,Foliage
LF,18240.0,5.959273406565554,209.6055,209.6278,17734.0,20352.0,Nyctalus noctula,0.189,0.315,-1,Echolocation,192000.0,/mnt/ubna_data_05/recover-20250324/UBNA_024/20250317_201000.WAV,recover-20250324,UBNA_024,Foliage
LF,19200.0,0.30771075740432224,225.8885,225.912,17734.0,21430.0,Nyctalus noctula,0.154,0.201,-1,Echolocation,192000.0,/mnt/ubna_data_05/recover-20250324/UBNA_024/20250317_201000.WAV,recover-20250324,UBNA_024,Foliage
LF,19200.0,4.797863974789596,241.4845,241.5139,17734.0,20667.0,Nyctalus noctula,0.157,0.207,-1,Echolocation,192000.0,/mnt/ubna_data_05/recover-20250324/UBNA_024/20250317_201000.WAV,recover-20250324,UBNA_024,Foliage
LF,19200.0,7.298332445899232,249.1545,249.1793,16875.0,19653.0,Nyctalus noctula,0.16,0.23,-1,Echolocation,192000.0,/mnt/ubna_data_05/recover-20250324/UBNA_024/20250317_201000.WAV,recover-20250324,UBNA_024,Foliage
LF,26880.0,1.3139166801949231,255.9875,255.9999,25468.0,31331.0,Eptesicus serotinus,0.107,0.218,-1,Echolocation,192000.0,/mnt/ubna_data_05/recover-20250324/UBNA_024/20250317_201000.WAV,recover-20250324,UBNA_024,Foliage
LF,19200.0,2.7006407968482287,266.16949999999997,266.196,17734.0,20472.0,Nyctalus noctula,0.218,0.295,-1,Echolocation,192000.0,/mnt/ubna_data_05/recover-20250324/UBNA_024/20250317_201000.WAV,recover-20250324,UBNA_024,Foliage
LF,20160.0,0.6381981057252508,272.7645,272.7871,18593.0,21465.0,Nyctalus noctula,0.137,0.205,-1,Echolocation,192000.0,/mnt/ubna_data_05/recover-20250324/UBNA_024/20250317_201000.WAV,recover-20250324,UBNA_024,Foliage
LF,18240.0,1.656805824682106,22.6795,22.7007,17734.0,20414.0,Nyctalus noctula,0.13,0.206,-1,Echolocation,192000.0,/mnt/ubna_data_05/recover-20250324/UBNA_024/20250317_202000.WAV,recover-20250324,UBNA_024,Foliage
LF,23040.0,-0.057924106419138255,281.1315,281.1459,23750.0,28714.0,Nyctalus leisleri,0.094,0.216,-1,Echolocation,192000.0,/mnt/ubna_data_05/recover-20250324/UBNA_024/20250317_204000.WAV,recover-20250324,UBNA_024,Foliage
LF,24960.0,0.6687819262739696,279.6545,279.6656,23750.0,30487.0,Nyctalus leisleri,0.07,0.21,-1,Echolocation,192000.0,/mnt/ubna_data_05/recover-20250324/UBNA_024/20250317_205000.WAV,recover-20250324,UBNA_024,Foliage
LF,25920.0,0.14164864881148678,290.3565,290.3674,24609.0,29895.0,Nyctalus leisleri,0.141,0.32,-1,Echolocation,192000.0,/mnt/ubna_data_05/recover-20250324/UBNA_024/20250317_205000.WAV,recover-20250324,UBNA_024,Foliage
LF,22080.0,0.2477089391859293,18.0235,18.0425,20312.0,24456.0,Nyctalus noctula,0.137,0.227,-1,Echolocation,192000.0,/mnt/ubna_data_05/recover-20250324/UBNA_024/20250317_210000.WAV,recover-20250324,UBNA_024,Foliage
LF,23040.0,0.6154319468189415,146.3295,146.34629999999999,22890.0,27382.0,Nyctalus leisleri,0.093,0.225,-1,Echolocation,192000.0,/mnt/ubna_data_05/recover-20250324/UBNA_024/20250317_211000.WAV,recover-20250324,UBNA_024,Foliage
HF,40320.0,0.5149835723469393,169.8375,169.8514,39218.0,42870.0,Pipistrellus nathusii,0.189,0.207,-1,Echolocation,192000.0,/mnt/ubna_data_05/recover-20250324/UBNA_024/20250317_211000.WAV,recover-20250324,UBNA_024,Foliage
LF,27840.0,1.3658657450046197,0.6465,0.6607,26328.0,30064.0,Nyctalus leisleri,0.172,0.282,-1,Echolocation,192000.0,/mnt/ubna_data_05/recover-20250324/UBNA_024/20250317_214000.WAV,recover-20250324,UBNA_024,Foliage
LF,26880.0,5.112858649712245,1.6565,1.6677,26328.0,30822.0,Eptesicus serotinus,0.137,0.306,-1,Echolocation,192000.0,/mnt/ubna_data_05/recover-20250324/UBNA_024/20250317_214000.WAV,recover-20250324,UBNA_024,Foliage
LF,25920.0,1.6873864645493666,5.6515,5.6639,25468.0,30162.0,Nyctalus leisleri,0.139,0.283,-1,Echolocation,192000.0,/mnt/ubna_data_05/recover-20250324/UBNA_024/20250317_214000.WAV,recover-20250324,UBNA_024,Foliage
LF,27840.0,3.607108791039497,6.3165,6.3277,27187.0,31987.0,Nyctalus leisleri,0.216,0.432,-1,Echolocation,192000.0,/mnt/ubna_data_05/recover-20250324/UBNA_024/20250317_214000.WAV,recover-20250324,UBNA_024,Foliage
LF,27840.0,0.9417593063904182,12.9525,12.964,26328.0,31880.0,Eptesicus serotinus,0.117,0.251,-1,Echolocation,192000.0,/mnt/ubna_data_05/recover-20250324/UBNA_024/20250317_214000.WAV,recover-20250324,UBNA_024,Foliage
LF,26880.0,4.598231601643007,18.1725,18.1853,26328.0,30368.0,Nyctalus leisleri,0.216,0.34,-1,Echolocation,192000.0,/mnt/ubna_data_05/recover-20250324/UBNA_024/20250317_214000.WAV,recover-20250324,UBNA_024,Foliage
LF,26880.0,2.8112850325267686,24.3095,24.3216,26328.0,30470.0,Nyctalus leisleri,0.298,0.453,-1,Echolocation,192000.0,/mnt/ubna_data_05/recover-20250324/UBNA_024/20250317_214000.WAV,recover-20250324,UBNA_024,Foliage
LF,26880.0,2.4708887635750694,37.6175,37.6301,26328.0,30742.0,Nyctalus leisleri,0.174,0.318,-1,Echolocation,192000.0,/mnt/ubna_data_05/recover-20250324/UBNA_024/20250317_214000.WAV,recover-20250324,UBNA_024,Foliage
LF,26880.0,3.074800042807297,38.4875,38.4987,27187.0,31237.0,Nyctalus leisleri,0.215,0.369,-1,Echolocation,192000.0,/mnt/ubna_data_05/recover-20250324/UBNA_024/20250317_214000.WAV,recover-20250324,UBNA_024,Foliage
LF,28800.0,3.076129900569995,44.1245,44.1375,27187.0,31090.0,Nyctalus leisleri,0.308,0.464,-1,Echolocation,192000.0,/mnt/ubna_data_05/recover-20250324/UBNA_024/20250317_214000.WAV,recover-20250324,UBNA_024,Foliage
LF,17280.0,3.0863365538029646,47.1145,47.1305,16875.0,21459.0,Nyctalus noctula,0.126,0.219,-1,Echolocation,192000.0,/mnt/ubna_data_05/recover-20250324/UBNA_024/20250317_214000.WAV,recover-20250324,UBNA_024,Foliage
LF,26880.0,3.8755242771551917,47.5145,47.5262,26328.0,30993.0,Nyctalus leisleri,0.241,0.435,-1,Echolocation,192000.0,/mnt/ubna_data_05/recover-20250324/UBNA_024/20250317_214000.WAV,recover-20250324,UBNA_024,Foliage
LF,27840.0,2.6232624042838824,47.6065,47.619299999999996,26328.0,30369.0,Nyctalus leisleri,0.204,0.343,-1,Echolocation,192000.0,/mnt/ubna_data_05/recover-20250324/UBNA_024/20250317_214000.WAV,recover-20250324,UBNA_024,Foliage
LF,27840.0,4.212952975643221,47.7285,47.7405,26328.0,30335.0,Nyctalus leisleri,0.365,0.502,-1,Echolocation,192000.0,/mnt/ubna_data_05/recover-20250324/UBNA_024/20250317_214000.WAV,recover-20250324,UBNA_024,Foliage
LF,27840.0,2.510429290227413,47.945499999999996,47.957300000000004,26328.0,30672.0,Nyctalus leisleri,0.222,0.346,-1,Echolocation,192000.0,/mnt/ubna_data_05/recover-20250324/UBNA_024/20250317_214000.WAV,recover-20250324,UBNA_024,Foliage
LF,26880.0,2.182098720611757,48.436499999999995,48.4499,25468.0,29700.0,Nyctalus leisleri,0.138,0.265,-1,Echolocation,192000.0,/mnt/ubna_data_05/recover-20250324/UBNA_024/20250317_214000.WAV,recover-20250324,UBNA_024,Foliage
LF,27840.0,8.803258661963088,48.9985,49.0106,26328.0,29369.0,Nyctalus leisleri,0.255,0.404,-1,Echolocation,192000.0,/mnt/ubna_data_05/recover-20250324/UBNA_024/20250317_214000.WAV,recover-20250324,UBNA_024,Foliage
LF,27840.0,8.661274208192545,49.5475,49.5589,27187.0,31306.0,Nyctalus leisleri,0.166,0.314,-1,Echolocation,192000.0,/mnt/ubna_data_05/recover-20250324/UBNA_024/20250317_214000.WAV,recover-20250324,UBNA_024,Foliage
LF,27840.0,4.166529282138748,50.3375,50.349599999999995,26328.0,30652.0,Nyctalus leisleri,0.202,0.374,-1,Echolocation,192000.0,/mnt/ubna_data_05/recover-20250324/UBNA_024/20250317_214000.WAV,recover-20250324,UBNA_024,Foliage
LF,25920.0,3.578655426581942,57.427499999999995,57.4433,25468.0,29624.0,Nyctalus leisleri,0.226,0.359,-1,Echolocation,192000.0,/mnt/ubna_data_05/recover-20250324/UBNA_024/20250317_214000.WAV,recover-20250324,UBNA_024,Foliage
LF,21120.0,0.5632997596860404,11.6395,11.6648,17734.0,20475.0,Nyctalus noctula,0.187,0.252,-1,Echolocation,192000.0,/mnt/ubna_data_05/recover-20250324/UBNA_024/20250317_215000.WAV,recover-20250324,UBNA_024,Foliage
LF,22080.0,0.017308436426048485,215.6495,215.6706,21171.0,24437.0,Nyctalus noctula,0.115,0.209,-1,Echolocation,192000.0,/mnt/ubna_data_05/recover-20250324/UBNA_024/20250317_215000.WAV,recover-20250324,UBNA_024,Foliage
LF,25920.0,3.214218628158825,188.4825,188.4867,24609.0,47913.0,Myotis nattereri,0.183,0.263,-1,Echolocation,192000.0,/mnt/ubna_data_05/recover-20250324/UBNA_024/20250317_221000.WAV,recover-20250324,UBNA_024,Foliage
LF,24960.0,2.215373223269905,188.5205,188.5246,24609.0,45714.0,Myotis nattereri,0.135,0.205,-1,Echolocation,192000.0,/mnt/ubna_data_05/recover-20250324/UBNA_024/20250317_221000.WAV,recover-20250324,UBNA_024,Foliage
LF,24960.0,-0.11142393886830079,193.6295,193.642,25468.0,31512.0,Eptesicus serotinus,0.133,0.252,-1,Echolocation,192000.0,/mnt/ubna_data_05/recover-20250324/UBNA_024/20250317_221000.WAV,recover-20250324,UBNA_024,Foliage
HF,37440.0,2.822418720869858,217.0395,217.0435,35781.0,51197.0,Myotis nattereri,0.105,0.219,-1,Echolocation,192000.0,/mnt/ubna_data_05/recover-20250324/UBNA_024/20250317_221000.WAV,recover-20250324,UBNA_024,Foliage
HF,38400.0,1.9638767229693654,242.3585,242.3668,38359.0,42923.0,Pipistrellus nathusii,0.188,0.233,-1,Echolocation,192000.0,/mnt/ubna_data_05/recover-20250324/UBNA_024/20250317_221000.WAV,recover-20250324,UBNA_024,Foliage
LF,24960.0,2.0602375424520147,242.8555,242.8597,22890.0,40836.0,Plecotus austriacus,0.2,0.262,-1,Echolocation,192000.0,/mnt/ubna_data_05/recover-20250324/UBNA_024/20250317_221000.WAV,recover-20250324,UBNA_024,Foliage
HF,45120.0,1.830812601053811,254.7845,254.7883,43515.0,59391.0,Myotis mystacinus,0.109,0.224,-1,Echolocation,192000.0,/mnt/ubna_data_05/recover-20250324/UBNA_024/20250317_221000.WAV,recover-20250324,UBNA_024,Foliage
LF,26880.0,0.42151146110712107,279.0425,279.0466,24609.0,44074.0,Plecotus austriacus,0.116,0.229,-1,Echolocation,192000.0,/mnt/ubna_data_05/recover-20250324/UBNA_024/20250317_221000.WAV,recover-20250324,UBNA_024,Foliage
LF,25920.0,0.31351287860594745,293.4025,293.4066,24609.0,41792.0,Plecotus austriacus,0.106,0.209,-1,Echolocation,192000.0,/mnt/ubna_data_05/recover-20250324/UBNA_024/20250317_221000.WAV,recover-20250324,UBNA_024,Foliage
HF,36480.0,12.40203002735172,165.7065,165.7113,22031.0,67289.0,Myotis nattereri,0.321,0.336,-1,Echolocation,192000.0,/mnt/ubna_data_05/recover-20250324/UBNA_024/20250317_222000.WAV,recover-20250324,UBNA_024,Foliage
LF,28800.0,5.119557639755056,185.1045,185.1085,23750.0,41828.0,Plecotus austriacus,0.14,0.209,-1,Echolocation,192000.0,/mnt/ubna_data_05/recover-20250324/UBNA_024/20250317_222000.WAV,recover-20250324,UBNA_024,Foliage
LF,24000.0,3.3221358326182666,241.2465,241.2523,23750.0,40437.0,Plecotus austriacus,0.165,0.226,-1,Echolocation,192000.0,/mnt/ubna_data_05/recover-20250324/UBNA_024/20250317_222000.WAV,recover-20250324,UBNA_024,Foliage
LF,28800.0,2.7723792853324984,241.4645,241.4695,27187.0,37929.0,Plecotus auritus,0.108,0.292,-1,Echolocation,192000.0,/mnt/ubna_data_05/recover-20250324/UBNA_024/20250317_222000.WAV,recover-20250324,UBNA_024,Foliage
LF,24960.0,2.2494159950524613,2.8365,2.842,22890.0,37017.0,Plecotus austriacus,0.168,0.216,-1,Echolocation,192000.0,/mnt/ubna_data_05/recover-20250324/UBNA_024/20250317_223000.WAV,recover-20250324,UBNA_024,Foliage
LF,25920.0,3.570126253320863,72.7285,72.7351,23750.0,33461.0,Plecotus austriacus,0.104,0.226,-1,Echolocation,192000.0,/mnt/ubna_data_05/recover-20250324/UBNA_024/20250317_223000.WAV,recover-20250324,UBNA_024,Foliage
LF,22080.0,-6.968429933396973,91.0535,91.0725,21171.0,25249.0,Nyctalus leisleri,0.108,0.208,-1,Echolocation,192000.0,/mnt/ubna_data_05/recover-20250324/UBNA_024/20250317_223000.WAV,recover-20250324,UBNA_024,Foliage
LF,25920.0,17.570965210709574,122.2115,122.2227,23750.0,28327.0,Nyctalus leisleri,0.092,0.226,-1,Echolocation,192000.0,/mnt/ubna_data_05/recover-20250324/UBNA_024/20250317_223000.WAV,recover-20250324,UBNA_024,Foliage
HF,45120.0,7.5195166233408095,178.0015,178.0063,31484.0,68697.0,Myotis daubentonii,0.085,0.241,-1,Echolocation,192000.0,/mnt/ubna_data_05/recover-20250324/UBNA_024/20250317_223000.WAV,recover-20250324,UBNA_024,Foliage
HF,45120.0,1.5776479354365338,222.5985,222.6023,36640.0,52890.0,Myotis nattereri,0.122,0.203,-1,Echolocation,192000.0,/mnt/ubna_data_05/recover-20250324/UBNA_024/20250317_223000.WAV,recover-20250324,UBNA_024,Foliage
HF,37440.0,1.8953553504342584,26.0045,26.0074,27187.0,50370.0,Myotis nattereri,0.204,0.332,-1,Echolocation,192000.0,/mnt/ubna_data_05/recover-20250324/UBNA_024/20250317_224000.WAV,recover-20250324,UBNA_024,Foliage
LF,25920.0,11.206250842735145,48.3155,48.3203,22890.0,34873.0,Plecotus austriacus,0.236,0.305,-1,Echolocation,192000.0,/mnt/ubna_data_05/recover-20250324/UBNA_024/20250317_224000.WAV,recover-20250324,UBNA_024,Foliage
LF,20160.0,-19.50783845674371,174.2855,174.3066,19453.0,24613.0,Nyctalus noctula,0.154,0.212,-1,Echolocation,192000.0,/mnt/ubna_data_05/recover-20250324/UBNA_024/20250317_224000.WAV,recover-20250324,UBNA_024,Foliage
HF,42240.0,3.5231144573385063,182.1275,182.1308,33203.0,54932.0,Myotis nattereri,0.179,0.258,-1,Echolocation,192000.0,/mnt/ubna_data_05/recover-20250324/UBNA_024/20250317_224000.WAV,recover-20250324,UBNA_024,Foliage
HF,37440.0,1.835690838404024,71.8655,71.8691,28046.0,53474.0,Myotis nattereri,0.162,0.227,-1,Echolocation,192000.0,/mnt/ubna_data_05/recover-20250324/UBNA_024/20250317_225000.WAV,recover-20250324,UBNA_024,Foliage
LF,26880.0,1.6933595378429729,202.6295,202.6342,22890.0,35928.0,Plecotus austriacus,0.182,0.239,-1,Echolocation,192000.0,/mnt/ubna_data_05/recover-20250324/UBNA_024/20250317_225000.WAV,recover-20250324,UBNA_024,Foliage
LF,23040.0,2.4368866860235494,217.0005,217.0173,23750.0,28127.0,Nyctalus leisleri,0.092,0.219,-1,Echolocation,192000.0,/mnt/ubna_data_05/recover-20250324/UBNA_024/20250317_225000.WAV,recover-20250324,UBNA_024,Foliage
LF,23040.0,-3.877040472114504,251.6695,251.683,23750.0,28468.0,Eptesicus serotinus,0.147,0.294,-1,Echolocation,192000.0,/mnt/ubna_data_05/recover-20250324/UBNA_024/20250317_225000.WAV,recover-20250324,UBNA_024,Foliage
LF,25920.0,2.6412134947346293,273.3945,273.3992,23750.0,45850.0,Myotis nattereri,0.135,0.218,-1,Echolocation,192000.0,/mnt/ubna_data_05/recover-20250324/UBNA_024/20250317_230000.WAV,recover-20250324,UBNA_024,Foliage
HF,36480.0,6.02328468343469,10.5365,10.5405,23750.0,57514.0,Myotis nattereri,0.196,0.216,-1,Echolocation,192000.0,/mnt/ubna_data_05/recover-20250324/UBNA_024/20250317_231000.WAV,recover-20250324,UBNA_024,Foliage
LF,29760.0,-0.30065252232556566,142.5145,142.52949999999998,28906.0,32664.0,Nyctalus leisleri,0.131,0.208,-1,Echolocation,192000.0,/mnt/ubna_data_05/recover-20250324/UBNA_024/20250317_231000.WAV,recover-20250324,UBNA_024,Foliage
HF,39360.0,17.10921273633399,52.436499999999995,52.4397,30625.0,68524.0,Myotis nattereri,0.091,0.205,-1,Echolocation,192000.0,/mnt/ubna_data_05/recover-20250324/UBNA_024/20250317_232000.WAV,recover-20250324,UBNA_024,Foliage
LF,24000.0,2.4469170751690728,78.2355,78.23949999999999,24609.0,47879.0,Myotis nattereri,0.131,0.216,-1,Echolocation,192000.0,/mnt/ubna_data_05/recover-20250324/UBNA_024/20250317_232000.WAV,recover-20250324,UBNA_024,Foliage
LF,26880.0,4.006787736384156,210.8135,210.8195,24609.0,34117.0,Plecotus austriacus,0.163,0.253,-1,Echolocation,192000.0,/mnt/ubna_data_05/recover-20250324/UBNA_024/20250317_232000.WAV,recover-20250324,UBNA_024,Foliage
HF,37440.0,-0.07576385273828332,97.5705,97.5752,24609.0,56340.0,Myotis nattereri,0.189,0.215,-1,Echolocation,192000.0,/mnt/ubna_data_05/recover-20250324/UBNA_024/20250317_233000.WAV,recover-20250324,UBNA_024,Foliage
HF,36480.0,3.755024379339213,295.6525,295.6565,24609.0,54707.0,Myotis nattereri,0.174,0.203,-1,Echolocation,192000.0,/mnt/ubna_data_05/recover-20250324/UBNA_024/20250317_233000.WAV,recover-20250324,UBNA_024,Foliage
LF,26880.0,0.8524588569814291,4.6915,4.6958,24609.0,38940.0,Plecotus austriacus,0.153,0.212,-1,Echolocation,192000.0,/mnt/ubna_data_05/recover-20250324/UBNA_024/20250317_234000.WAV,recover-20250324,UBNA_024,Foliage
LF,26880.0,2.478527627322565,24.5475,24.5519,23750.0,37936.0,Plecotus austriacus,0.218,0.312,-1,Echolocation,192000.0,/mnt/ubna_data_05/recover-20250324/UBNA_024/20250317_234000.WAV,recover-20250324,UBNA_024,Foliage
HF,43200.0,14.6403409995623,56.8595,56.863,28046.0,62623.0,Myotis nattereri,0.149,0.212,-1,Echolocation,192000.0,/mnt/ubna_data_05/recover-20250324/UBNA_024/20250317_234000.WAV,recover-20250324,UBNA_024,Foliage
HF,38400.0,2.367489419503092,128.7535,128.7573,24609.0,54147.0,Myotis nattereri,0.202,0.24,-1,Echolocation,192000.0,/mnt/ubna_data_05/recover-20250324/UBNA_024/20250317_234000.WAV,recover-20250324,UBNA_024,Foliage
HF,69120.0,-2.0340557984413614,30.1655,30.2043,68437.0,82962.0,Rhinolophus ferrumequinum,0.209,0.209,-1,Echolocation,192000.0,/mnt/ubna_data_05/recover-20250324/UBNA_024/20250317_235000.WAV,recover-20250324,UBNA_024,Foliage
LF,23040.0,-1.8174770783793956,189.8055,189.8202,22890.0,27359.0,Nyctalus leisleri,0.125,0.226,-1,Echolocation,192000.0,/mnt/ubna_data_05/recover-20250324/UBNA_024/20250317_235000.WAV,recover-20250324,UBNA_024,Foliage
LF,25920.0,0.21900610898006406,45.3455,45.356899999999996,24609.0,31952.0,Eptesicus serotinus,0.087,0.231,-1,Echolocation,192000.0,/mnt/ubna_data_05/recover-20250324/UBNA_024/20250318_000000.WAV,recover-20250324,UBNA_024,Foliage
LF,24960.0,-8.251711839218089,32.1365,32.1498,22890.0,28631.0,Eptesicus serotinus,0.111,0.231,-1,Echolocation,192000.0,/mnt/ubna_data_05/recover-20250324/UBNA_024/20250318_001000.WAV,recover-20250324,UBNA_024,Foliage
LF,27840.0,4.201094575905698,15.2795,15.2908,27187.0,32961.0,Nyctalus leisleri,0.143,0.269,-1,Echolocation,192000.0,/mnt/ubna_data_05/recover-20250324/UBNA_024/20250318_002000.WAV,recover-20250324,UBNA_024,Foliage
LF,24960.0,0.8328976863946282,116.3155,116.3237,22890.0,31790.0,Plecotus austriacus,0.108,0.287,-1,Echolocation,192000.0,/mnt/ubna_data_05/recover-20250324/UBNA_024/20250318_003000.WAV,recover-20250324,UBNA_024,Foliage
LF,25920.0,2.8245420944886064,116.5635,116.57,23750.0,34473.0,Plecotus austriacus,0.136,0.301,-1,Echolocation,192000.0,/mnt/ubna_data_05/recover-20250324/UBNA_024/20250318_003000.WAV,recover-20250324,UBNA_024,Foliage
LF,26880.0,3.0763175310798396,146.2485,146.2541,23750.0,35268.0,Plecotus austriacus,0.129,0.209,-1,Echolocation,192000.0,/mnt/ubna_data_05/recover-20250324/UBNA_024/20250318_003000.WAV,recover-20250324,UBNA_024,Foliage
LF,25920.0,1.3332289803673045,211.7605,211.7736,24609.0,30050.0,Eptesicus serotinus,0.093,0.217,-1,Echolocation,192000.0,/mnt/ubna_data_05/recover-20250324/UBNA_024/20250318_003000.WAV,recover-20250324,UBNA_024,Foliage
LF,24960.0,2.5152367309127976,283.1035,283.1177,23750.0,28616.0,Nyctalus leisleri,0.126,0.22,-1,Echolocation,192000.0,/mnt/ubna_data_05/recover-20250324/UBNA_024/20250318_003000.WAV,recover-20250324,UBNA_024,Foliage
LF,24000.0,-3.803901022330924,35.8755,35.887100000000004,22890.0,27988.0,Nyctalus leisleri,0.142,0.273,-1,Echolocation,192000.0,/mnt/ubna_data_05/recover-20250324/UBNA_024/20250318_004000.WAV,recover-20250324,UBNA_024,Foliage
LF,28800.0,1.4627667592039437,130.1895,130.2001,27187.0,33721.0,Eptesicus serotinus,0.139,0.252,-1,Echolocation,192000.0,/mnt/ubna_data_05/recover-20250324/UBNA_024/20250318_004000.WAV,recover-20250324,UBNA_024,Foliage
LF,24960.0,1.9295994747270495,261.5375,261.5528,22890.0,27968.0,Nyctalus noctula,0.083,0.203,-1,Echolocation,192000.0,/mnt/ubna_data_05/recover-20250324/UBNA_024/20250318_004000.WAV,recover-20250324,UBNA_024,Foliage
LF,25920.0,3.187128705892437,9.3845,9.3922,22031.0,31628.0,Plecotus austriacus,0.09,0.207,-1,Echolocation,192000.0,/mnt/ubna_data_05/recover-20250324/UBNA_024/20250318_005000.WAV,recover-20250324,UBNA_024,Foliage
LF,21120.0,6.0007996839320255,102.0055,102.0117,22890.0,36559.0,Plecotus austriacus,0.174,0.219,-1,Echolocation,192000.0,/mnt/ubna_data_05/recover-20250324/UBNA_024/20250318_005000.WAV,recover-20250324,UBNA_024,Foliage
LF,29760.0,3.4977394576237133,146.7225,146.726,25468.0,40137.0,Plecotus austriacus,0.106,0.202,-1,Echolocation,192000.0,/mnt/ubna_data_05/recover-20250324/UBNA_024/20250318_005000.WAV,recover-20250324,UBNA_024,Foliage
LF,20160.0,1.2649937569186462,219.6315,219.6372,16875.0,31744.0,Plecotus auritus,0.168,0.236,-1,Echolocation,192000.0,/mnt/ubna_data_05/recover-20250324/UBNA_024/20250318_010000.WAV,recover-20250324,UBNA_024,Foliage
HF,42240.0,6.5292144122297415,252.3645,252.3844,41796.0,43779.0,Pipistrellus pipistrellus,0.214,0.302,-1,Echolocation,192000.0,/mnt/ubna_data_05/recover-20250324/UBNA_024/20250318_010000.WAV,recover-20250324,UBNA_024,Foliage
LF,19200.0,8.098386677689959,239.0975,239.1212,17734.0,20528.0,Nyctalus noctula,0.339,0.448,-1,Echolocation,192000.0,/mnt/ubna_data_05/recover-20250324/UBNA_024/20250318_011000.WAV,recover-20250324,UBNA_024,Foliage
LF,16320.0,2.945783519340037,42.0525,42.0753,15156.0,18555.0,Nyctalus noctula,0.125,0.23,-1,Echolocation,192000.0,/mnt/ubna_data_05/recover-20250324/UBNA_024/20250318_014000.WAV,recover-20250324,UBNA_024,Foliage
LF,16320.0,1.8209591528400628,42.1095,42.1327,15156.0,18396.0,Nyctalus noctula,0.139,0.221,-1,Echolocation,192000.0,/mnt/ubna_data_05/recover-20250324/UBNA_024/20250318_014000.WAV,recover-20250324,UBNA_024,Foliage
LF,17280.0,2.4543997921779703,42.1695,42.1886,15156.0,18890.0,Nyctalus leisleri,0.17,0.31,-1,Echolocation,192000.0,/mnt/ubna_data_05/recover-20250324/UBNA_024/20250318_014000.WAV,recover-20250324,UBNA_024,Foliage
LF,16320.0,4.659394198308976,42.2275,42.2449,15156.0,20337.0,Nyctalus leisleri,0.202,0.466,-1,Echolocation,192000.0,/mnt/ubna_data_05/recover-20250324/UBNA_024/20250318_014000.WAV,recover-20250324,UBNA_024,Foliage
LF,17280.0,4.405374209893261,42.2905,42.3084,15156.0,19428.0,Nyctalus noctula,0.223,0.385,-1,Echolocation,192000.0,/mnt/ubna_data_05/recover-20250324/UBNA_024/20250318_014000.WAV,recover-20250324,UBNA_024,Foliage
LF,17280.0,3.015328170430111,42.3535,42.3712,16015.0,18889.0,Nyctalus noctula,0.186,0.351,-1,Echolocation,192000.0,/mnt/ubna_data_05/recover-20250324/UBNA_024/20250318_014000.WAV,recover-20250324,UBNA_024,Foliage
LF,16320.0,2.4869263935589325,42.4835,42.5037,15156.0,19037.0,Nyctalus leisleri,0.142,0.276,-1,Echolocation,192000.0,/mnt/ubna_data_05/recover-20250324/UBNA_024/20250318_014000.WAV,recover-20250324,UBNA_024,Foliage
LF,16320.0,1.9414315894520646,42.548500000000004,42.5704,16015.0,19123.0,Nyctalus noctula,0.166,0.259,-1,Echolocation,192000.0,/mnt/ubna_data_05/recover-20250324/UBNA_024/20250318_014000.WAV,recover-20250324,UBNA_024,Foliage
LF,17280.0,2.2596276415362873,45.6355,45.6576,16015.0,18451.0,Nyctalus noctula,0.173,0.266,-1,Echolocation,192000.0,/mnt/ubna_data_05/recover-20250324/UBNA_024/20250318_014000.WAV,recover-20250324,UBNA_024,Foliage
LF,16320.0,2.9597062308479245,45.8785,45.899100000000004,15156.0,18546.0,Nyctalus noctula,0.114,0.261,-1,Echolocation,192000.0,/mnt/ubna_data_05/recover-20250324/UBNA_024/20250318_014000.WAV,recover-20250324,UBNA_024,Foliage
LF,16320.0,4.0706311551048,45.9435,45.960499999999996,15156.0,19238.0,Nyctalus leisleri,0.221,0.362,-1,Echolocation,192000.0,/mnt/ubna_data_05/recover-20250324/UBNA_024/20250318_014000.WAV,recover-20250324,UBNA_024,Foliage
LF,16320.0,3.2253181507014523,46.0085,46.0235,15156.0,19334.0,Nyctalus leisleri,0.204,0.369,-1,Echolocation,192000.0,/mnt/ubna_data_05/recover-20250324/UBNA_024/20250318_014000.WAV,recover-20250324,UBNA_024,Foliage
LF,17280.0,3.1804362273939155,46.0715,46.093,15156.0,18593.0,Nyctalus noctula,0.111,0.25,-1,Echolocation,192000.0,/mnt/ubna_data_05/recover-20250324/UBNA_024/20250318_014000.WAV,recover-20250324,UBNA_024,Foliage
LF,16320.0,3.029552441247503,46.1385,46.1582,15156.0,18582.0,Nyctalus leisleri,0.114,0.234,-1,Echolocation,192000.0,/mnt/ubna_data_05/recover-20250324/UBNA_024/20250318_014000.WAV,recover-20250324,UBNA_024,Foliage
LF,16320.0,1.1312012679891035,46.204499999999996,46.222899999999996,15156.0,18590.0,Nyctalus noctula,0.139,0.27,-1,Echolocation,192000.0,/mnt/ubna_data_05/recover-20250324/UBNA_024/20250318_014000.WAV,recover-20250324,UBNA_024,Foliage
LF,16320.0,1.6205994214527528,49.6305,49.6502,16015.0,18873.0,Nyctalus noctula,0.172,0.257,-1,Echolocation,192000.0,/mnt/ubna_data_05/recover-20250324/UBNA_024/20250318_014000.WAV,recover-20250324,UBNA_024,Foliage
LF,17280.0,2.055398627503432,49.692499999999995,49.7107,16015.0,18911.0,Nyctalus leisleri,0.125,0.278,-1,Echolocation,192000.0,/mnt/ubna_data_05/recover-20250324/UBNA_024/20250318_014000.WAV,recover-20250324,UBNA_024,Foliage
LF,17280.0,2.469559528105083,49.7545,49.7732,15156.0,19247.0,Nyctalus leisleri,0.208,0.304,-1,Echolocation,192000.0,/mnt/ubna_data_05/recover-20250324/UBNA_024/20250318_014000.WAV,recover-20250324,UBNA_024,Foliage
LF,17280.0,3.7116515362327336,49.8185,49.8358,16015.0,19445.0,Nyctalus leisleri,0.172,0.368,-1,Echolocation,192000.0,/mnt/ubna_data_05/recover-20250324/UBNA_024/20250318_014000.WAV,recover-20250324,UBNA_024,Foliage
LF,16320.0,3.2236312650155114,49.8825,49.9016,15156.0,19225.0,Nyctalus leisleri,0.123,0.271,-1,Echolocation,192000.0,/mnt/ubna_data_05/recover-20250324/UBNA_024/20250318_014000.WAV,recover-20250324,UBNA_024,Foliage
LF,16320.0,1.2519608773194915,49.950500000000005,49.9685,15156.0,19224.0,Nyctalus noctula,0.156,0.245,-1,Echolocation,192000.0,/mnt/ubna_data_05/recover-20250324/UBNA_024/20250318_014000.WAV,recover-20250324,UBNA_024,Foliage
LF,16320.0,1.8768826295569918,50.0175,50.0373,15156.0,18784.0,Nyctalus leisleri,0.17,0.306,-1,Echolocation,192000.0,/mnt/ubna_data_05/recover-20250324/UBNA_024/20250318_014000.WAV,recover-20250324,UBNA_024,Foliage
LF,16320.0,3.1273050875332684,50.0865,50.1085,15156.0,18464.0,Nyctalus noctula,0.154,0.284,-1,Echolocation,192000.0,/mnt/ubna_data_05/recover-20250324/UBNA_024/20250318_014000.WAV,recover-20250324,UBNA_024,Foliage
LF,16320.0,1.6654411881143163,54.1395,54.156800000000004,15156.0,18968.0,Nyctalus noctula,0.134,0.254,-1,Echolocation,192000.0,/mnt/ubna_data_05/recover-20250324/UBNA_024/20250318_014000.WAV,recover-20250324,UBNA_024,Foliage
LF,16320.0,1.4600711502699137,54.2025,54.2204,15156.0,18872.0,Nyctalus leisleri,0.206,0.328,-1,Echolocation,192000.0,/mnt/ubna_data_05/recover-20250324/UBNA_024/20250318_014000.WAV,recover-20250324,UBNA_024,Foliage
LF,16320.0,2.048563116089071,54.2705,54.2887,15156.0,18012.0,Nyctalus noctula,0.161,0.254,-1,Echolocation,192000.0,/mnt/ubna_data_05/recover-20250324/UBNA_024/20250318_014000.WAV,recover-20250324,UBNA_024,Foliage
LF,16320.0,2.132679939124084,54.3335,54.353300000000004,15156.0,18450.0,Nyctalus leisleri,0.122,0.245,-1,Echolocation,192000.0,/mnt/ubna_data_05/recover-20250324/UBNA_024/20250318_014000.WAV,recover-20250324,UBNA_024,Foliage
LF,17280.0,3.0530504244818593,61.5715,61.5947,16015.0,19280.0,Nyctalus noctula,0.174,0.265,-1,Echolocation,192000.0,/mnt/ubna_data_05/recover-20250324/UBNA_024/20250318_014000.WAV,recover-20250324,UBNA_024,Foliage
LF,17280.0,3.6371677613247275,61.6315,61.6545,16015.0,19038.0,Nyctalus noctula,0.136,0.24,-1,Echolocation,192000.0,/mnt/ubna_data_05/recover-20250324/UBNA_024/20250318_014000.WAV,recover-20250324,UBNA_024,Foliage
LF,17280.0,3.4958651760636417,61.6915,61.7152,16015.0,19436.0,Nyctalus noctula,0.238,0.342,-1,Echolocation,192000.0,/mnt/ubna_data_05/recover-20250324/UBNA_024/20250318_014000.WAV,recover-20250324,UBNA_024,Foliage
LF,17280.0,2.916714418021354,61.7525,61.7738,15156.0,18906.0,Nyctalus noctula,0.162,0.276,-1,Echolocation,192000.0,/mnt/ubna_data_05/recover-20250324/UBNA_024/20250318_014000.WAV,recover-20250324,UBNA_024,Foliage
LF,17280.0,2.702904024222854,61.8175,61.8351,15156.0,19204.0,Nyctalus leisleri,0.171,0.365,-1,Echolocation,192000.0,/mnt/ubna_data_05/recover-20250324/UBNA_024/20250318_014000.WAV,recover-20250324,UBNA_024,Foliage
LF,16320.0,5.0237912842418435,61.8805,61.8996,15156.0,19156.0,Nyctalus leisleri,0.277,0.399,-1,Echolocation,192000.0,/mnt/ubna_data_05/recover-20250324/UBNA_024/20250318_014000.WAV,recover-20250324,UBNA_024,Foliage
LF,16320.0,4.248563286254521,61.9495,61.9704,15156.0,19146.0,Nyctalus leisleri,0.17,0.298,-1,Echolocation,192000.0,/mnt/ubna_data_05/recover-20250324/UBNA_024/20250318_014000.WAV,recover-20250324,UBNA_024,Foliage
LF,16320.0,4.274709219136105,62.0105,62.025,15156.0,19938.0,Nyctalus leisleri,0.156,0.399,-1,Echolocation,192000.0,/mnt/ubna_data_05/recover-20250324/UBNA_024/20250318_014000.WAV,recover-20250324,UBNA_024,Foliage
LF,17280.0,2.7713090218361995,62.0755,62.0923,16015.0,19571.0,Nyctalus leisleri,0.197,0.384,-1,Echolocation,192000.0,/mnt/ubna_data_05/recover-20250324/UBNA_024/20250318_014000.WAV,recover-20250324,UBNA_024,Foliage
LF,17280.0,2.3477176618976907,62.1525,62.1727,16015.0,19324.0,Nyctalus noctula,0.13,0.23,-1,Echolocation,192000.0,/mnt/ubna_data_05/recover-20250324/UBNA_024/20250318_014000.WAV,recover-20250324,UBNA_024,Foliage
LF,16320.0,1.9141896869738018,66.4315,66.4522,16015.0,18484.0,Nyctalus noctula,0.137,0.228,-1,Echolocation,192000.0,/mnt/ubna_data_05/recover-20250324/UBNA_024/20250318_014000.WAV,recover-20250324,UBNA_024,Foliage
LF,17280.0,1.7353244101562304,66.4925,66.5135,16015.0,18645.0,Nyctalus noctula,0.135,0.226,-1,Echolocation,192000.0,/mnt/ubna_data_05/recover-20250324/UBNA_024/20250318_014000.WAV,recover-20250324,UBNA_024,Foliage
LF,16320.0,2.135264120690067,66.7435,66.7622,16015.0,18950.0,Nyctalus noctula,0.144,0.297,-1,Echolocation,192000.0,/mnt/ubna_data_05/recover-20250324/UBNA_024/20250318_014000.WAV,recover-20250324,UBNA_024,Foliage
LF,16320.0,4.250799745547662,66.8085,66.8271,15156.0,19372.0,Nyctalus leisleri,0.286,0.388,-1,Echolocation,192000.0,/mnt/ubna_data_05/recover-20250324/UBNA_024/20250318_014000.WAV,recover-20250324,UBNA_024,Foliage
LF,16320.0,3.7363545772881928,66.8805,66.9,15156.0,18770.0,Nyctalus leisleri,0.217,0.334,-1,Echolocation,192000.0,/mnt/ubna_data_05/recover-20250324/UBNA_024/20250318_014000.WAV,recover-20250324,UBNA_024,Foliage
LF,17280.0,3.2618459141687377,71.3925,71.4135,15156.0,18953.0,Nyctalus leisleri,0.167,0.285,-1,Echolocation,192000.0,/mnt/ubna_data_05/recover-20250324/UBNA_024/20250318_014000.WAV,recover-20250324,UBNA_024,Foliage
LF,16320.0,4.696948809096272,71.4545,71.4715,15156.0,20168.0,Nyctalus leisleri,0.29,0.46,-1,Echolocation,192000.0,/mnt/ubna_data_05/recover-20250324/UBNA_024/20250318_014000.WAV,recover-20250324,UBNA_024,Foliage
LF,17280.0,3.490127604850569,71.5875,71.6087,16015.0,18442.0,Nyctalus noctula,0.181,0.281,-1,Echolocation,192000.0,/mnt/ubna_data_05/recover-20250324/UBNA_024/20250318_014000.WAV,recover-20250324,UBNA_024,Foliage
LF,17280.0,3.4536625879633513,71.7205,71.743,16015.0,18476.0,Nyctalus noctula,0.131,0.207,-1,Echolocation,192000.0,/mnt/ubna_data_05/recover-20250324/UBNA_024/20250318_014000.WAV,recover-20250324,UBNA_024,Foliage
LF,20160.0,0.4368126462156966,71.7895,71.8077,16015.0,20186.0,Nyctalus noctula,0.159,0.224,-1,Echolocation,192000.0,/mnt/ubna_data_05/recover-20250324/UBNA_024/20250318_014000.WAV,recover-20250324,UBNA_024,Foliage
LF,16320.0,2.016178312172632,77.2835,77.3015,15156.0,19363.0,Nyctalus noctula,0.166,0.339,-1,Echolocation,192000.0,/mnt/ubna_data_05/recover-20250324/UBNA_024/20250318_014000.WAV,recover-20250324,UBNA_024,Foliage
LF,16320.0,3.3163991073122983,77.4825,77.5031,15156.0,18938.0,Nyctalus noctula,0.168,0.26,-1,Echolocation,192000.0,/mnt/ubna_data_05/recover-20250324/UBNA_024/20250318_014000.WAV,recover-20250324,UBNA_024,Foliage
LF,16320.0,2.514546247914833,77.5505,77.5721,15156.0,18821.0,Nyctalus leisleri,0.103,0.219,-1,Echolocation,192000.0,/mnt/ubna_data_05/recover-20250324/UBNA_024/20250318_014000.WAV,recover-20250324,UBNA_024,Foliage
LF,17280.0,2.793426817456719,82.2515,82.2689,16015.0,19579.0,Nyctalus noctula,0.235,0.411,-1,Echolocation,192000.0,/mnt/ubna_data_05/recover-20250324/UBNA_024/20250318_014000.WAV,recover-20250324,UBNA_024,Foliage
LF,17280.0,3.797223435585762,82.3105,82.332,16015.0,19457.0,Nyctalus leisleri,0.191,0.357,-1,Echolocation,192000.0,/mnt/ubna_data_05/recover-20250324/UBNA_024/20250318_014000.WAV,recover-20250324,UBNA_024,Foliage
LF,16320.0,5.977345920955711,82.37049999999999,82.3916,15156.0,19386.0,Nyctalus leisleri,0.222,0.314,-1,Echolocation,192000.0,/mnt/ubna_data_05/recover-20250324/UBNA_024/20250318_014000.WAV,recover-20250324,UBNA_024,Foliage
LF,17280.0,4.163719363103815,82.4335,82.4569,16015.0,20002.0,Nyctalus noctula,0.259,0.343,-1,Echolocation,192000.0,/mnt/ubna_data_05/recover-20250324/UBNA_024/20250318_014000.WAV,recover-20250324,UBNA_024,Foliage
LF,16320.0,2.3778227165843817,82.5025,82.5237,15156.0,18482.0,Nyctalus noctula,0.131,0.209,-1,Echolocation,192000.0,/mnt/ubna_data_05/recover-20250324/UBNA_024/20250318_014000.WAV,recover-20250324,UBNA_024,Foliage
LF,17280.0,0.9438490991499503,82.6335,82.6508,15156.0,19905.0,Nyctalus leisleri,0.208,0.343,-1,Echolocation,192000.0,/mnt/ubna_data_05/recover-20250324/UBNA_024/20250318_014000.WAV,recover-20250324,UBNA_024,Foliage
LF,16320.0,2.438741431754205,82.7025,82.7233,15156.0,19514.0,Nyctalus noctula,0.184,0.381,-1,Echolocation,192000.0,/mnt/ubna_data_05/recover-20250324/UBNA_024/20250318_014000.WAV,recover-20250324,UBNA_024,Foliage
LF,17280.0,2.4507899882879096,82.7635,82.7882,16015.0,18688.0,Nyctalus noctula,0.123,0.205,-1,Echolocation,192000.0,/mnt/ubna_data_05/recover-20250324/UBNA_024/20250318_014000.WAV,recover-20250324,UBNA_024,Foliage
LF,16320.0,2.1257293667813855,88.3315,88.3537,16015.0,18746.0,Nyctalus noctula,0.146,0.225,-1,Echolocation,192000.0,/mnt/ubna_data_05/recover-20250324/UBNA_024/20250318_014000.WAV,recover-20250324,UBNA_024,Foliage
LF,17280.0,2.650508201792433,88.3965,88.4177,15156.0,18567.0,Nyctalus noctula,0.131,0.268,-1,Echolocation,192000.0,/mnt/ubna_data_05/recover-20250324/UBNA_024/20250318_014000.WAV,recover-20250324,UBNA_024,Foliage
LF,16320.0,2.703074319218919,88.5245,88.5451,15156.0,18899.0,Nyctalus leisleri,0.139,0.262,-1,Echolocation,192000.0,/mnt/ubna_data_05/recover-20250324/UBNA_024/20250318_014000.WAV,recover-20250324,UBNA_024,Foliage
HF,41280.0,1.2758616719339708,91.4565,91.4648,36640.0,41975.0,Barbastellus barbastellus,0.117,0.241,-1,Echolocation,192000.0,/mnt/ubna_data_05/recover-20250324/UBNA_024/20250318_014000.WAV,recover-20250324,UBNA_024,Foliage
LF,17280.0,1.2757802231625943,94.8535,94.8767,16015.0,18637.0,Nyctalus noctula,0.139,0.223,-1,Echolocation,192000.0,/mnt/ubna_data_05/recover-20250324/UBNA_024/20250318_014000.WAV,recover-20250324,UBNA_024,Foliage
LF,17280.0,2.8146145271846508,94.9225,94.9394,15156.0,19308.0,Nyctalus leisleri,0.236,0.342,-1,Echolocation,192000.0,/mnt/ubna_data_05/recover-20250324/UBNA_024/20250318_014000.WAV,recover-20250324,UBNA_024,Foliage
LF,24000.0,1.1158512953834174,150.4525,150.4622,23750.0,31845.0,Eptesicus serotinus,0.121,0.236,-1,Echolocation,192000.0,/mnt/ubna_data_05/recover-20250324/UBNA_024/20250318_020000.WAV,recover-20250324,UBNA_024,Foliage
LF,24960.0,3.4614944776526686,261.8215,261.8267,22890.0,40483.0,Plecotus austriacus,0.159,0.212,-1,Echolocation,192000.0,/mnt/ubna_data_05/recover-20250324/UBNA_024/20250318_020000.WAV,recover-20250324,UBNA_024,Foliage
LF,24000.0,1.7794291162115088,68.9485,68.9626,24609.0,29215.0,Nyctalus leisleri,0.1,0.223,-1,Echolocation,192000.0,/mnt/ubna_data_05/recover-20250324/UBNA_024/20250318_021000.WAV,recover-20250324,UBNA_024,Foliage
LF,27840.0,-0.09328776641775798,236.6645,236.6778,27187.0,32234.0,Eptesicus serotinus,0.142,0.244,-1,Echolocation,192000.0,/mnt/ubna_data_05/recover-20250324/UBNA_024/20250318_021000.WAV,recover-20250324,UBNA_024,Foliage
LF,22080.0,2.335387236687831,237.7275,237.7481,20312.0,24062.0,Nyctalus noctula,0.207,0.297,-1,Echolocation,192000.0,/mnt/ubna_data_05/recover-20250324/UBNA_024/20250318_021000.WAV,recover-20250324,UBNA_024,Foliage
LF,18240.0,5.96891444648711,168.7905,168.8101,17734.0,20721.0,Nyctalus noctula,0.278,0.402,-1,Echolocation,192000.0,/mnt/ubna_data_05/recover-20250324/UBNA_024/20250318_023000.WAV,recover-20250324,UBNA_024,Foliage
LF,17280.0,3.6087046040309323,170.2605,170.28300000000002,16875.0,20139.0,Nyctalus noctula,0.175,0.258,-1,Echolocation,192000.0,/mnt/ubna_data_05/recover-20250324/UBNA_024/20250318_023000.WAV,recover-20250324,UBNA_024,Foliage
LF,21120.0,0.3981566017215853,254.7775,254.7978,21171.0,24662.0,Nyctalus noctula,0.113,0.21,-1,Echolocation,192000.0,/mnt/ubna_data_05/recover-20250324/UBNA_024/20250318_024000.WAV,recover-20250324,UBNA_024,Foliage
LF,22080.0,0.6261278077966195,186.1835,186.2003,22031.0,26450.0,Nyctalus noctula,0.138,0.25,-1,Echolocation,192000.0,/mnt/ubna_data_05/recover-20250324/UBNA_024/20250318_030000.WAV,recover-20250324,UBNA_024,Foliage
LF,23040.0,0.5410339944809921,259.79449999999997,259.81,22890.0,27257.0,Nyctalus leisleri,0.112,0.224,-1,Echolocation,192000.0,/mnt/ubna_data_05/recover-20250324/UBNA_024/20250318_031000.WAV,recover-20250324,UBNA_024,Foliage
LF,23040.0,0.8572351569646721,145.5285,145.5456,23750.0,28007.0,Nyctalus leisleri,0.104,0.204,-1,Echolocation,192000.0,/mnt/ubna_data_05/recover-20250324/UBNA_024/20250318_033000.WAV,recover-20250324,UBNA_024,Foliage
LF,24960.0,2.946005669098991,21.1515,21.1591,23750.0,32773.0,Plecotus austriacus,0.088,0.326,-1,Echolocation,192000.0,/mnt/ubna_data_05/recover-20250324/UBNA_024/20250318_043000.WAV,recover-20250324,UBNA_024,Foliage
LF,28800.0,1.6205089400398118,100.3785,100.3825,23750.0,42183.0,Plecotus austriacus,0.169,0.228,-1,Echolocation,192000.0,/mnt/ubna_data_05/recover-20250324/UBNA_024/20250318_043000.WAV,recover-20250324,UBNA_024,Foliage
LF,26880.0,3.2522283210048415,107.1485,107.1584,25468.0,31337.0,Eptesicus serotinus,0.163,0.272,-1,Echolocation,192000.0,/mnt/ubna_data_05/recover-20250324/UBNA_024/20250318_043000.WAV,recover-20250324,UBNA_024,Foliage
LF,21120.0,2.850505312550624,112.4565,112.4686,22031.0,28630.0,Nyctalus noctula,0.092,0.2,-1,Echolocation,192000.0,/mnt/ubna_data_05/recover-20250324/UBNA_024/20250318_043000.WAV,recover-20250324,UBNA_024,Foliage
LF,24000.0,0.7551121894286235,25.8175,25.8322,23750.0,27861.0,Nyctalus leisleri,0.217,0.333,-1,Echolocation,192000.0,/mnt/ubna_data_05/recover-20250324/UBNA_024/20250318_044000.WAV,recover-20250324,UBNA_024,Foliage
HF,42240.0,4.654428639806728,30.0985,30.1019,27187.0,57048.0,Myotis nattereri,0.185,0.235,-1,Echolocation,192000.0,/mnt/ubna_data_05/recover-20250324/UBNA_024/20250318_044000.WAV,recover-20250324,UBNA_024,Foliage
LF,29760.0,0.6297774069397655,163.0465,163.056,27187.0,34210.0,Eptesicus serotinus,0.157,0.269,-1,Echolocation,192000.0,/mnt/ubna_data_05/recover-20250324/UBNA_024/20250318_044000.WAV,recover-20250324,UBNA_024,Foliage
HF,38400.0,2.8355437029158774,25.9745,25.9785,36640.0,52003.0,Myotis nattereri,0.117,0.231,-1,Echolocation,192000.0,/mnt/ubna_data_05/recover-20250324/UBNA_024/20250318_045000.WAV,recover-20250324,UBNA_024,Foliage
LF,20160.0,-17.780121181831024,50.4495,50.4553,22031.0,41988.0,Myotis nattereri,0.123,0.208,-1,Echolocation,192000.0,/mnt/ubna_data_05/recover-20250324/UBNA_024/20250318_045000.WAV,recover-20250324,UBNA_024,Foliage
HF,43200.0,1.8925431295603028,54.5835,54.587,26328.0,55637.0,Myotis nattereri,0.184,0.221,-1,Echolocation,192000.0,/mnt/ubna_data_05/recover-20250324/UBNA_024/20250318_045000.WAV,recover-20250324,UBNA_024,Foliage
LF,24000.0,-15.661818622603123,55.920500000000004,55.9267,21171.0,33562.0,Plecotus austriacus,0.193,0.28,-1,Echolocation,192000.0,/mnt/ubna_data_05/recover-20250324/UBNA_024/20250318_045000.WAV,recover-20250324,UBNA_024,Foliage
LF,22080.0,9.023307124506148,233.6825,233.6876,19453.0,34622.0,Plecotus austriacus,0.232,0.297,-1,Echolocation,192000.0,/mnt/ubna_data_05/recover-20250324/UBNA_024/20250318_045000.WAV,recover-20250324,UBNA_024,Foliage
LF,24000.0,-2.481329425148723,235.9845,235.9963,23750.0,28693.0,Nyctalus leisleri,0.108,0.255,-1,Echolocation,192000.0,/mnt/ubna_data_05/recover-20250324/UBNA_024/20250318_045000.WAV,recover-20250324,UBNA_024,Foliage
LF,25920.0,2.1397646633151686,287.8895,287.8933,26328.0,43627.0,Plecotus austriacus,0.102,0.201,-1,Echolocation,192000.0,/mnt/ubna_data_05/recover-20250324/UBNA_024/20250318_045000.WAV,recover-20250324,UBNA_024,Foliage
LF,25920.0,-9.084008940093163,28.0015,28.0127,24609.0,30796.0,Nyctalus leisleri,0.079,0.215,-1,Echolocation,192000.0,/mnt/ubna_data_05/recover-20250324/UBNA_024/20250318_050000.WAV,recover-20250324,UBNA_024,Foliage
HF,41280.0,6.7253797850699435,37.4025,37.4063,25468.0,57858.0,Myotis nattereri,0.195,0.242,-1,Echolocation,192000.0,/mnt/ubna_data_05/recover-20250324/UBNA_024/20250318_050000.WAV,recover-20250324,UBNA_024,Foliage
LF,27840.0,-7.515433189396852,228.5975,228.6081,24609.0,31027.0,Eptesicus serotinus,0.181,0.299,-1,Echolocation,192000.0,/mnt/ubna_data_05/recover-20250324/UBNA_024/20250318_051000.WAV,recover-20250324,UBNA_024,Foliage
HF,39360.0,10.207702534293283,64.0015,64.0058,25468.0,56638.0,Myotis nattereri,0.15,0.222,-1,Echolocation,192000.0,/mnt/ubna_data_05/recover-20250324/UBNA_024/20250318_052000.WAV,recover-20250324,UBNA_024,Foliage
LF,27840.0,4.879885289515321,101.5975,101.6013,24609.0,40360.0,Plecotus austriacus,0.134,0.211,-1,Echolocation,192000.0,/mnt/ubna_data_05/recover-20250324/UBNA_024/20250318_052000.WAV,recover-20250324,UBNA_024,Foliage
HF,38400.0,7.319318529417712,231.8205,231.8242,24609.0,60929.0,Myotis nattereri,0.196,0.211,-1,Echolocation,192000.0,/mnt/ubna_data_05/recover-20250324/UBNA_024/20250318_053000.WAV,recover-20250324,UBNA_024,Foliage
HF,38400.0,3.733298315949794,42.0015,42.0054,24609.0,53886.0,Myotis nattereri,0.182,0.225,-1,Echolocation,192000.0,/mnt/ubna_data_05/recover-20250324/UBNA_024/20250318_054000.WAV,recover-20250324,UBNA_024,Foliage
LF,25920.0,2.3197106136955394,79.7435,79.7483,24609.0,39266.0,Plecotus austriacus,0.155,0.233,-1,Echolocation,192000.0,/mnt/ubna_data_05/recover-20250324/UBNA_024/20250318_054000.WAV,recover-20250324,UBNA_024,Foliage
LF,16320.0,2.191051446466074,88.40350000000001,88.4097,14296.0,29079.0,Plecotus auritus,0.166,0.219,-1,Echolocation,192000.0,/mnt/ubna_data_05/recover-20250324/UBNA_024/20250318_055000.WAV,recover-20250324,UBNA_024,Foliage
LF,25920.0,2.5924297616845626,251.7675,251.7811,25468.0,30082.0,Eptesicus serotinus,0.115,0.243,-1,Echolocation,192000.0,/mnt/ubna_data_05/recover-20250324/UBNA_024/20250318_055000.WAV,recover-20250324,UBNA_024,Foliage
LF,17280.0,2.7263526583703563,13.3805,13.4008,16015.0,19172.0,Nyctalus noctula,0.15,0.251,-1,Echolocation,192000.0,/mnt/ubna_data_05/recover-20250324/UBNA_024/20250318_061000.WAV,recover-20250324,UBNA_024,Foliage
LF,20160.0,-1.0381259423227007,19.7515,19.773,18593.0,21552.0,Nyctalus noctula,0.167,0.247,-1,Echolocation,192000.0,/mnt/ubna_data_05/recover-20250324/UBNA_024/20250318_061000.WAV,recover-20250324,UBNA_024,Foliage
LF,24000.0,2.5822286468974953,80.4355,80.4402,23750.0,38819.0,Plecotus austriacus,0.148,0.214,-1,Echolocation,192000.0,/mnt/ubna_data_05/recover-20250324/UBNA_024/20250318_061000.WAV,recover-20250324,UBNA_024,Foliage
HF,35520.0,5.864547648467379,207.4975,207.50130000000001,28046.0,56161.0,Myotis nattereri,0.205,0.27,-1,Echolocation,192000.0,/mnt/ubna_data_05/recover-20250324/UBNA_024/20250318_061000.WAV,recover-20250324,UBNA_024,Foliage
LF,24960.0,1.9163922258546502,230.4835,230.489,22031.0,38432.0,Plecotus austriacus,0.173,0.223,-1,Echolocation,192000.0,/mnt/ubna_data_05/recover-20250324/UBNA_024/20250318_061000.WAV,recover-20250324,UBNA_024,Foliage
HF,43200.0,4.5371610330460586,233.9405,233.9445,30625.0,48175.0,Myotis nattereri,0.083,0.251,-1,Echolocation,192000.0,/mnt/ubna_data_05/recover-20250324/UBNA_024/20250318_061000.WAV,recover-20250324,UBNA_024,Foliage
LF,29760.0,1.4301442025087008,133.6085,133.621,28906.0,33462.0,Eptesicus serotinus,0.103,0.21,-1,Echolocation,192000.0,/mnt/ubna_data_05/recover-20250324/UBNA_024/20250318_062000.WAV,recover-20250324,UBNA_024,Foliage
HF,46080.0,2.21136364982348,265.6655,265.6768,44375.0,48222.0,Pipistrellus pipistrellus,0.183,0.222,-1,Echolocation,192000.0,/mnt/ubna_data_05/recover-20250324/UBNA_024/20250318_062000.WAV,recover-20250324,UBNA_024,Foliage
LF,21120.0,5.714334184458338,280.2815,280.2867,14296.0,31675.0,Plecotus auritus,0.162,0.207,-1,Echolocation,192000.0,/mnt/ubna_data_05/recover-20250324/UBNA_024/20250318_062000.WAV,recover-20250324,UBNA_024,Foliage
LF,22080.0,1.0885640929023694,116.7535,116.7662,22890.0,28166.0,Nyctalus noctula,0.11,0.263,-1,Echolocation,192000.0,/mnt/ubna_data_05/recover-20250324/UBNA_024/20250318_065000.WAV,recover-20250324,UBNA_024,Foliage
HF,45120.0,1.8016576521611747,233.3635,233.37369999999999,40937.0,45951.0,Pipistrellus nathusii,0.205,0.232,-1,Echolocation,192000.0,/mnt/ubna_data_05/recover-20250324/UBNA_024/20250318_065000.WAV,recover-20250324,UBNA_024,Foliage
LF,28800.0,0.4123371351151994,285.8935,285.90409999999997,27187.0,33172.0,Nyctalus leisleri,0.077,0.206,-1,Echolocation,192000.0,/mnt/ubna_data_05/recover-20250324/UBNA_024/20250318_072000.WAV,recover-20250324,UBNA_024,Foliage
LF,22080.0,1.0822731209465515,139.2305,139.2501,22890.0,26510.0,Nyctalus leisleri,0.159,0.228,-1,Echolocation,192000.0,/mnt/ubna_data_05/recover-20250324/UBNA_024/20250318_073000.WAV,recover-20250324,UBNA_024,Foliage
LF,25920.0,0.8273719292863098,74.8085,74.8214,26328.0,31445.0,Eptesicus serotinus,0.095,0.208,-1,Echolocation,192000.0,/mnt/ubna_data_05/recover-20250324/UBNA_024/20250318_083000.WAV,recover-20250324,UBNA_024,Foliage
LF,29760.0,-0.24843445391091484,270.9715,270.982,29765.0,36715.0,Eptesicus serotinus,0.144,0.2,-1,Echolocation,192000.0,/mnt/ubna_data_05/recover-20250324/UBNA_024/20250318_090000.WAV,recover-20250324,UBNA_024,Foliage
LF,24000.0,0.40841325084867053,26.4655,26.4789,23750.0,29542.0,Eptesicus serotinus,0.134,0.308,-1,Echolocation,192000.0,/mnt/ubna_data_05/recover-20250324/UBNA_024/20250318_092000.WAV,recover-20250324,UBNA_024,Foliage
LF,23040.0,1.3497879090739315,141.1455,141.1615,22890.0,26266.0,Nyctalus leisleri,0.1,0.205,-1,Echolocation,192000.0,/mnt/ubna_data_05/recover-20250324/UBNA_024/20250318_092000.WAV,recover-20250324,UBNA_024,Foliage
LF,22080.0,0.19938555892243387,29.2065,29.226,21171.0,24634.0,Nyctalus noctula,0.129,0.238,-1,Echolocation,192000.0,/mnt/ubna_data_05/recover-20250324/UBNA_024/20250318_101000.WAV,recover-20250324,UBNA_024,Foliage
LF,24000.0,0.006045162556970017,55.207499999999996,55.2191,22890.0,29885.0,Nyctalus noctula,0.066,0.222,-1,Echolocation,192000.0,/mnt/ubna_data_05/recover-20250324/UBNA_024/20250318_102000.WAV,recover-20250324,UBNA_024,Foliage
LF,23040.0,0.1613943932659316,122.2385,122.2584,21171.0,24586.0,Nyctalus noctula,0.154,0.306,-1,Echolocation,192000.0,/mnt/ubna_data_05/recover-20250324/UBNA_024/20250318_102000.WAV,recover-20250324,UBNA_024,Foliage
LF,29760.0,0.018754069110052514,53.7235,53.7388,28906.0,33208.0,Eptesicus serotinus,0.11,0.217,-1,Echolocation,192000.0,/mnt/ubna_data_05/recover-20250324/UBNA_024/20250318_104000.WAV,recover-20250324,UBNA_024,Foliage
LF,25920.0,2.084245012211399,278.8405,278.8484,23750.0,32361.0,Eptesicus serotinus,0.082,0.242,-1,Echolocation,192000.0,/mnt/ubna_data_05/recover-20250324/UBNA_024/20250318_104000.WAV,recover-20250324,UBNA_024,Foliage
LF,24960.0,0.287679291804084,268.7865,268.7989,24609.0,29311.0,Eptesicus serotinus,0.094,0.228,-1,Echolocation,192000.0,/mnt/ubna_data_05/recover-20250324/UBNA_024/20250318_113000.WAV,recover-20250324,UBNA_024,Foliage
LF,23040.0,0.4687488238940223,293.2525,293.2686,23750.0,27433.0,Nyctalus leisleri,0.145,0.225,-1,Echolocation,192000.0,/mnt/ubna_data_05/recover-20250324/UBNA_024/20250318_115000.WAV,recover-20250324,UBNA_024,Foliage
LF,21120.0,0.9164300016692778,196.8105,196.8294,20312.0,24729.0,Nyctalus noctula,0.144,0.207,-1,Echolocation,192000.0,/mnt/ubna_data_05/recover-20250324/UBNA_024/20250318_120000.WAV,recover-20250324,UBNA_024,Foliage
LF,23040.0,1.2709056765660618,135.7035,135.7166,23750.0,28424.0,Nyctalus leisleri,0.114,0.258,-1,Echolocation,192000.0,/mnt/ubna_data_05/recover-20250324/UBNA_024/20250318_121000.WAV,recover-20250324,UBNA_024,Foliage
LF,28800.0,0.8600305806271248,50.1075,50.1222,28906.0,33266.0,Eptesicus serotinus,0.118,0.227,-1,Echolocation,192000.0,/mnt/ubna_data_05/recover-20250324/UBNA_024/20250318_130000.WAV,recover-20250324,UBNA_024,Foliage
HF,42240.0,2.414284258952513,130.9275,130.9368,41796.0,45457.0,Pipistrellus nathusii,0.195,0.23,-1,Echolocation,192000.0,/mnt/ubna_data_05/recover-20250324/UBNA_024/20250318_133000.WAV,recover-20250324,UBNA_024,Foliage
HF,42240.0,1.970647463497162,184.1775,184.1851,40937.0,45229.0,Pipistrellus nathusii,0.197,0.272,-1,Echolocation,192000.0,/mnt/ubna_data_05/recover-20250324/UBNA_024/20250318_133000.WAV,recover-20250324,UBNA_024,Foliage
LF,22080.0,-0.05868810560670151,29.4535,29.466,22031.0,27879.0,Nyctalus noctula,0.078,0.211,-1,Echolocation,192000.0,/mnt/ubna_data_05/recover-20250324/UBNA_024/20250318_134000.WAV,recover-20250324,UBNA_024,Foliage
LF,22080.0,1.6048385252306494,99.7785,99.7966,22031.0,25129.0,Nyctalus noctula,0.105,0.22,-1,Echolocation,192000.0,/mnt/ubna_data_05/recover-20250324/UBNA_024/20250318_135000.WAV,recover-20250324,UBNA_024,Foliage
LF,19200.0,15.277102391268693,145.3565,145.3805,19453.0,22260.0,Nyctalus noctula,0.249,0.336,-1,Echolocation,192000.0,/mnt/ubna_data_05/recover-20250324/UBNA_024/20250318_135000.WAV,recover-20250324,UBNA_024,Foliage
LF,20160.0,13.373016562719013,146.2315,146.2472,20312.0,24484.0,Nyctalus noctula,0.367,0.485,-1,Echolocation,192000.0,/mnt/ubna_data_05/recover-20250324/UBNA_024/20250318_135000.WAV,recover-20250324,UBNA_024,Foliage
LF,20160.0,13.379606343758365,146.3075,146.3219,20312.0,26524.0,Nyctalus noctula,0.168,0.328,-1,Echolocation,192000.0,/mnt/ubna_data_05/recover-20250324/UBNA_024/20250318_135000.WAV,recover-20250324,UBNA_024,Foliage
LF,24000.0,6.291601470790741,146.4655,146.4785,22890.0,28190.0,Nyctalus noctula,0.112,0.243,-1,Echolocation,192000.0,/mnt/ubna_data_05/recover-20250324/UBNA_024/20250318_135000.WAV,recover-20250324,UBNA_024,Foliage
LF,18240.0,-0.9235583697784338,146.4905,146.5112,17734.0,20714.0,Nyctalus noctula,0.126,0.201,-1,Echolocation,192000.0,/mnt/ubna_data_05/recover-20250324/UBNA_024/20250318_135000.WAV,recover-20250324,UBNA_024,Foliage
LF,24960.0,-0.9663706374207616,56.8405,56.8537,23750.0,28631.0,Nyctalus leisleri,0.093,0.231,-1,Echolocation,192000.0,/mnt/ubna_data_05/recover-20250324/UBNA_024/20250318_140000.WAV,recover-20250324,UBNA_024,Foliage
LF,23040.0,1.3800163094830267,188.0155,188.0297,22890.0,27548.0,Nyctalus leisleri,0.101,0.265,-1,Echolocation,192000.0,/mnt/ubna_data_05/recover-20250324/UBNA_024/20250318_140000.WAV,recover-20250324,UBNA_024,Foliage
LF,21120.0,0.1550763635867369,177.6795,177.7003,20312.0,23840.0,Nyctalus leisleri,0.157,0.293,-1,Echolocation,192000.0,/mnt/ubna_data_05/recover-20250324/UBNA_024/20250318_141000.WAV,recover-20250324,UBNA_024,Foliage
LF,17280.0,11.867612960485491,245.3325,245.3607,17734.0,21076.0,Nyctalus noctula,0.258,0.322,-1,Echolocation,192000.0,/mnt/ubna_data_05/recover-20250324/UBNA_024/20250318_141000.WAV,recover-20250324,UBNA_024,Foliage
LF,25920.0,0.5158357340677978,86.3545,86.3614,26328.0,37328.0,Eptesicus serotinus,0.1,0.216,-1,Echolocation,192000.0,/mnt/ubna_data_05/recover-20250324/UBNA_024/20250318_142000.WAV,recover-20250324,UBNA_024,Foliage
LF,24000.0,-0.44920600274390093,168.2465,168.2625,23750.0,28254.0,Nyctalus leisleri,0.099,0.215,-1,Echolocation,192000.0,/mnt/ubna_data_05/recover-20250324/UBNA_024/20250318_142000.WAV,recover-20250324,UBNA_024,Foliage
LF,20160.0,5.901730742090128,209.9105,209.9374,19453.0,22336.0,Nyctalus noctula,0.212,0.323,-1,Echolocation,192000.0,/mnt/ubna_data_05/recover-20250324/UBNA_024/20250318_142000.WAV,recover-20250324,UBNA_024,Foliage
LF,17280.0,2.5877890265933114,244.9015,244.9232,16015.0,18852.0,Nyctalus noctula,0.139,0.217,-1,Echolocation,192000.0,/mnt/ubna_data_05/recover-20250324/UBNA_024/20250318_143000.WAV,recover-20250324,UBNA_024,Foliage
LF,17280.0,5.720944742944649,245.1575,245.17680000000001,16875.0,20193.0,Nyctalus noctula,0.186,0.338,-1,Echolocation,192000.0,/mnt/ubna_data_05/recover-20250324/UBNA_024/20250318_143000.WAV,recover-20250324,UBNA_024,Foliage
LF,17280.0,1.9383894976105536,83.8355,83.8582,16015.0,19054.0,Nyctalus noctula,0.18,0.248,-1,Echolocation,192000.0,/mnt/ubna_data_05/recover-20250324/UBNA_024/20250318_144000.WAV,recover-20250324,UBNA_024,Foliage
LF,16320.0,4.374323895506311,139.1125,139.1324,15156.0,19003.0,Nyctalus leisleri,0.262,0.324,-1,Echolocation,192000.0,/mnt/ubna_data_05/recover-20250324/UBNA_024/20250318_144000.WAV,recover-20250324,UBNA_024,Foliage
LF,19200.0,5.502181442242119,46.7755,46.8036,17734.0,20810.0,Nyctalus noctula,0.259,0.324,-1,Echolocation,192000.0,/mnt/ubna_data_05/recover-20250324/UBNA_024/20250318_145000.WAV,recover-20250324,UBNA_024,Foliage
LF,19200.0,8.161606627914914,49.5065,49.5313,18593.0,21689.0,Nyctalus noctula,0.29,0.437,-1,Echolocation,192000.0,/mnt/ubna_data_05/recover-20250324/UBNA_024/20250318_145000.WAV,recover-20250324,UBNA_024,Foliage
LF,17280.0,10.937199162608689,53.1295,53.1595,17734.0,20751.0,Nyctalus noctula,0.165,0.212,-1,Echolocation,192000.0,/mnt/ubna_data_05/recover-20250324/UBNA_024/20250318_145000.WAV,recover-20250324,UBNA_024,Foliage
LF,16320.0,2.146397743128048,75.4685,75.4911,15156.0,18642.0,Nyctalus noctula,0.137,0.223,-1,Echolocation,192000.0,/mnt/ubna_data_05/recover-20250324/UBNA_024/20250318_145000.WAV,recover-20250324,UBNA_024,Foliage
LF,27840.0,0.347593680053374,166.5985,166.60829999999999,27187.0,34307.0,Eptesicus serotinus,0.14,0.24,-1,Echolocation,192000.0,/mnt/ubna_data_05/recover-20250324/UBNA_024/20250318_145000.WAV,recover-20250324,UBNA_024,Foliage
LF,17280.0,2.0701489077070514,22.5895,22.6089,16015.0,18865.0,Nyctalus noctula,0.165,0.255,-1,Echolocation,192000.0,/mnt/ubna_data_05/recover-20250324/UBNA_024/20250318_150000.WAV,recover-20250324,UBNA_024,Foliage
LF,16320.0,8.474751977445878,36.1445,36.1695,15156.0,18619.0,Nyctalus noctula,0.118,0.218,-1,Echolocation,192000.0,/mnt/ubna_data_05/recover-20250324/UBNA_024/20250318_150000.WAV,recover-20250324,UBNA_024,Foliage
LF,16320.0,5.278441225127955,37.0975,37.1173,15156.0,18603.0,Nyctalus leisleri,0.141,0.237,-1,Echolocation,192000.0,/mnt/ubna_data_05/recover-20250324/UBNA_024/20250318_150000.WAV,recover-20250324,UBNA_024,Foliage
LF,17280.0,8.265942076017799,256.3265,256.3479,15156.0,18643.0,Nyctalus leisleri,0.185,0.275,-1,Echolocation,192000.0,/mnt/ubna_data_05/recover-20250324/UBNA_024/20250318_150000.WAV,recover-20250324,UBNA_024,Foliage
LF,21120.0,1.9128499508793249,274.8065,274.8275,20312.0,23840.0,Nyctalus noctula,0.246,0.387,-1,Echolocation,192000.0,/mnt/ubna_data_05/recover-20250324/UBNA_024/20250318_150000.WAV,recover-20250324,UBNA_024,Foliage
HF,46080.0,3.0161831180663623,22.7265,22.7344,44375.0,49273.0,Pipistrellus pipistrellus,0.211,0.245,-1,Echolocation,192000.0,/mnt/ubna_data_05/recover-20250324/UBNA_024/20250318_151000.WAV,recover-20250324,UBNA_024,Foliage
LF,16320.0,10.4892014256246,65.7005,65.7076,14296.0,25627.0,Plecotus auritus,0.185,0.302,-1,Echolocation,192000.0,/mnt/ubna_data_05/recover-20250324/UBNA_024/20250318_151000.WAV,recover-20250324,UBNA_024,Foliage
LF,19200.0,7.002044281262998,96.2865,96.315,18593.0,21944.0,Nyctalus noctula,0.162,0.214,-1,Echolocation,192000.0,/mnt/ubna_data_05/recover-20250324/UBNA_024/20250318_151000.WAV,recover-20250324,UBNA_024,Foliage
LF,20160.0,3.3431498456449864,223.1125,223.1392,20312.0,23084.0,Nyctalus noctula,0.115,0.215,-1,Echolocation,192000.0,/mnt/ubna_data_05/recover-20250324/UBNA_024/20250318_153000.WAV,recover-20250324,UBNA_024,Foliage
LF,27840.0,4.681966945983508,286.9905,287.0077,27187.0,31356.0,Nyctalus leisleri,0.156,0.256,-1,Echolocation,192000.0,/mnt/ubna_data_05/recover-20250324/UBNA_024/20250318_160000.WAV,recover-20250324,UBNA_024,Foliage
LF,20160.0,10.139062196108103,287.0835,287.1049,20312.0,22996.0,Nyctalus leisleri,0.098,0.201,-1,Echolocation,192000.0,/mnt/ubna_data_05/recover-20250324/UBNA_024/20250318_160000.WAV,recover-20250324,UBNA_024,Foliage
LF,17280.0,1.8940050236217334,2.7825,2.8035,16015.0,18820.0,Nyctalus noctula,0.133,0.215,-1,Echolocation,192000.0,/mnt/ubna_data_05/recover-20250324/UBNA_024/20250318_161000.WAV,recover-20250324,UBNA_024,Foliage
LF,20160.0,4.200338534864171,22.9425,22.9675,18593.0,22204.0,Nyctalus noctula,0.243,0.324,-1,Echolocation,192000.0,/mnt/ubna_data_05/recover-20250324/UBNA_024/20250318_162000.WAV,recover-20250324,UBNA_024,Foliage
LF,27840.0,-0.33866543077591843,37.7735,37.7833,26328.0,33182.0,Eptesicus serotinus,0.117,0.226,-1,Echolocation,192000.0,/mnt/ubna_data_05/recover-20250324/UBNA_024/20250318_162000.WAV,recover-20250324,UBNA_024,Foliage
LF,28800.0,1.0599791969848147,41.2125,41.221000000000004,28906.0,35968.0,Eptesicus serotinus,0.17,0.242,-1,Echolocation,192000.0,/mnt/ubna_data_05/recover-20250324/UBNA_024/20250318_162000.WAV,recover-20250324,UBNA_024,Foliage
LF,16320.0,3.159562569582009,170.35750000000002,170.3784,15156.0,18155.0,Nyctalus leisleri,0.137,0.216,-1,Echolocation,192000.0,/mnt/ubna_data_05/recover-20250324/UBNA_024/20250318_162000.WAV,recover-20250324,UBNA_024,Foliage
LF,23040.0,-0.118529743414479,208.9475,208.9638,22890.0,26448.0,Nyctalus leisleri,0.147,0.229,-1,Echolocation,192000.0,/mnt/ubna_data_05/recover-20250324/UBNA_024/20250318_162000.WAV,recover-20250324,UBNA_024,Foliage
LF,19200.0,13.719490938618954,75.3255,75.3379,18593.0,24131.0,Nyctalus noctula,0.15,0.257,-1,Echolocation,192000.0,/mnt/ubna_data_05/recover-20250324/UBNA_024/20250318_163000.WAV,recover-20250324,UBNA_024,Foliage
LF,22080.0,0.3761876303313837,230.8005,230.8168,22031.0,26500.0,Nyctalus noctula,0.107,0.222,-1,Echolocation,192000.0,/mnt/ubna_data_05/recover-20250324/UBNA_024/20250318_163000.WAV,recover-20250324,UBNA_024,Foliage
LF,23040.0,0.8355834200004608,292.0305,292.047,22890.0,27107.0,Nyctalus leisleri,0.131,0.243,-1,Echolocation,192000.0,/mnt/ubna_data_05/recover-20250324/UBNA_024/20250318_163000.WAV,recover-20250324,UBNA_024,Foliage
LF,17280.0,2.1068780360953903,29.2545,29.2714,16015.0,19195.0,Nyctalus noctula,0.189,0.29,-1,Echolocation,192000.0,/mnt/ubna_data_05/recover-20250324/UBNA_024/20250318_165000.WAV,recover-20250324,UBNA_024,Foliage
LF,17280.0,1.236261806420748,54.3605,54.3761,16875.0,21718.0,Nyctalus noctula,0.151,0.226,-1,Echolocation,192000.0,/mnt/ubna_data_05/recover-20250324/UBNA_024/20250318_165000.WAV,recover-20250324,UBNA_024,Foliage
LF,20160.0,3.5627840299505347,141.3665,141.3899,19453.0,22741.0,Nyctalus leisleri,0.176,0.35,-1,Echolocation,192000.0,/mnt/ubna_data_05/recover-20250324/UBNA_024/20250318_170000.WAV,recover-20250324,UBNA_024,Foliage
LF,21120.0,4.078298133128381,178.0355,178.0589,20312.0,23786.0,Nyctalus noctula,0.133,0.207,-1,Echolocation,192000.0,/mnt/ubna_data_05/recover-20250324/UBNA_024/20250318_170000.WAV,recover-20250324,UBNA_024,Foliage
LF,24000.0,1.3903313222325895,202.1995,202.2133,23750.0,27326.0,Nyctalus leisleri,0.197,0.277,-1,Echolocation,192000.0,/mnt/ubna_data_05/recover-20250324/UBNA_024/20250318_170000.WAV,recover-20250324,UBNA_024,Foliage
LF,24000.0,-0.7451295897430841,252.2055,252.2272,21171.0,24899.0,Nyctalus leisleri,0.126,0.255,-1,Echolocation,192000.0,/mnt/ubna_data_05/recover-20250324/UBNA_024/20250318_170000.WAV,recover-20250324,UBNA_024,Foliage
LF,22080.0,0.03307118898046857,252.5585,252.5774,21171.0,24524.0,Nyctalus leisleri,0.212,0.294,-1,Echolocation,192000.0,/mnt/ubna_data_05/recover-20250324/UBNA_024/20250318_170000.WAV,recover-20250324,UBNA_024,Foliage
LF,25920.0,7.2560715359660986,292.45550000000003,292.476,24609.0,27568.0,Nyctalus leisleri,0.193,0.268,-1,Echolocation,192000.0,/mnt/ubna_data_05/recover-20250324/UBNA_024/20250318_170000.WAV,recover-20250324,UBNA_024,Foliage
HF,46080.0,4.564447586551418,187.1355,187.1557,45234.0,46587.0,Pipistrellus pipistrellus,0.207,0.242,-1,Echolocation,192000.0,/mnt/ubna_data_05/recover-20250324/UBNA_024/20250318_172000.WAV,recover-20250324,UBNA_024,Foliage
HF,48000.0,1.2034808798849603,204.2475,204.2562,47812.0,52268.0,Pipistrellus pipistrellus,0.19,0.207,-1,Echolocation,192000.0,/mnt/ubna_data_05/recover-20250324/UBNA_024/20250318_174000.WAV,recover-20250324,UBNA_024,Foliage
LF,22080.0,0.3532914202573135,286.1405,286.15840000000003,22031.0,25913.0,Nyctalus leisleri,0.1,0.217,-1,Echolocation,192000.0,/mnt/ubna_data_05/recover-20250324/UBNA_024/20250318_175000.WAV,recover-20250324,UBNA_024,Foliage
LF,19200.0,1.2057568352970685,194.0895,194.1145,17734.0,20140.0,Nyctalus noctula,0.158,0.222,-1,Echolocation,192000.0,/mnt/ubna_data_05/recover-20250324/UBNA_024/20250318_180000.WAV,recover-20250324,UBNA_024,Foliage
HF,45120.0,2.1042877509218165,188.7005,188.7076,44375.0,51100.0,Pipistrellus pipistrellus,0.292,0.302,-1,Echolocation,192000.0,/mnt/ubna_data_05/recover-20250324/UBNA_024/20250318_181000.WAV,recover-20250324,UBNA_024,Foliage
LF,22080.0,0.6497979217723875,52.463499999999996,52.4807,22031.0,26625.0,Nyctalus noctula,0.112,0.22,-1,Echolocation,192000.0,/mnt/ubna_data_05/recover-20250324/UBNA_024/20250318_182000.WAV,recover-20250324,UBNA_024,Foliage
LF,23040.0,0.32088841314394534,73.0825,73.1011,22031.0,25899.0,Nyctalus leisleri,0.126,0.211,-1,Echolocation,192000.0,/mnt/ubna_data_05/recover-20250324/UBNA_024/20250318_182000.WAV,recover-20250324,UBNA_024,Foliage
LF,16320.0,1.9157263037352832,18.6505,18.6696,15156.0,18424.0,Nyctalus leisleri,0.187,0.297,-1,Echolocation,192000.0,/mnt/ubna_data_05/recover-20250324/UBNA_024/20250318_183000.WAV,recover-20250324,UBNA_024,Foliage
LF,23040.0,0.5909467626809846,31.7155,31.7257,24609.0,32649.0,Eptesicus serotinus,0.083,0.204,-1,Echolocation,192000.0,/mnt/ubna_data_05/recover-20250324/UBNA_024/20250318_183000.WAV,recover-20250324,UBNA_024,Foliage
LF,20160.0,2.0586295127792877,40.0905,40.1121,18593.0,21027.0,Nyctalus noctula,0.201,0.313,-1,Echolocation,192000.0,/mnt/ubna_data_05/recover-20250324/UBNA_024/20250318_183000.WAV,recover-20250324,UBNA_024,Foliage
LF,16320.0,6.102000771517747,46.3975,46.4187,15156.0,18790.0,Nyctalus leisleri,0.17,0.277,-1,Echolocation,192000.0,/mnt/ubna_data_05/recover-20250324/UBNA_024/20250318_183000.WAV,recover-20250324,UBNA_024,Foliage
LF,17280.0,4.006705273453947,56.7875,56.811099999999996,16015.0,19115.0,Nyctalus leisleri,0.121,0.203,-1,Echolocation,192000.0,/mnt/ubna_data_05/recover-20250324/UBNA_024/20250318_183000.WAV,recover-20250324,UBNA_024,Foliage
LF,18240.0,4.805356596352467,71.3995,71.4237,16015.0,18854.0,Nyctalus noctula,0.128,0.219,-1,Echolocation,192000.0,/mnt/ubna_data_05/recover-20250324/UBNA_024/20250318_183000.WAV,recover-20250324,UBNA_024,Foliage
LF,18240.0,1.4363507577516754,81.3715,81.3902,14296.0,17510.0,Nyctalus noctula,0.099,0.2,-1,Echolocation,192000.0,/mnt/ubna_data_05/recover-20250324/UBNA_024/20250318_183000.WAV,recover-20250324,UBNA_024,Foliage
LF,19200.0,3.1240861006603855,88.1955,88.2168,17734.0,20802.0,Nyctalus noctula,0.325,0.423,-1,Echolocation,192000.0,/mnt/ubna_data_05/recover-20250324/UBNA_024/20250318_183000.WAV,recover-20250324,UBNA_024,Foliage
LF,17280.0,4.488928784254251,92.9735,92.9958,16875.0,19866.0,Nyctalus noctula,0.211,0.321,-1,Echolocation,192000.0,/mnt/ubna_data_05/recover-20250324/UBNA_024/20250318_183000.WAV,recover-20250324,UBNA_024,Foliage
LF,19200.0,5.854117577503142,234.23250000000002,234.2488,16015.0,21364.0,Nyctalus noctula,0.146,0.213,-1,Echolocation,192000.0,/mnt/ubna_data_05/recover-20250324/UBNA_024/20250318_183000.WAV,recover-20250324,UBNA_024,Foliage
LF,18240.0,2.496808969134107,252.6295,252.65109999999999,16015.0,18875.0,Nyctalus noctula,0.152,0.255,-1,Echolocation,192000.0,/mnt/ubna_data_05/recover-20250324/UBNA_024/20250318_183000.WAV,recover-20250324,UBNA_024,Foliage
LF,20160.0,0.2708022674539639,79.5395,79.56360000000001,17734.0,20893.0,Nyctalus noctula,0.15,0.208,-1,Echolocation,192000.0,/mnt/ubna_data_05/recover-20250324/UBNA_024/20250318_184000.WAV,recover-20250324,UBNA_024,Foliage
LF,20160.0,1.9609706413497807,84.9465,84.9685,18593.0,21553.0,Nyctalus noctula,0.223,0.295,-1,Echolocation,192000.0,/mnt/ubna_data_05/recover-20250324/UBNA_024/20250318_184000.WAV,recover-20250324,UBNA_024,Foliage
LF,17280.0,0.9263563137931153,124.9405,124.9637,16015.0,19388.0,Nyctalus noctula,0.156,0.244,-1,Echolocation,192000.0,/mnt/ubna_data_05/recover-20250324/UBNA_024/20250318_184000.WAV,recover-20250324,UBNA_024,Foliage
LF,22080.0,3.4865628975065293,132.6395,132.6593,21171.0,24677.0,Nyctalus noctula,0.147,0.266,-1,Echolocation,192000.0,/mnt/ubna_data_05/recover-20250324/UBNA_024/20250318_184000.WAV,recover-20250324,UBNA_024,Foliage
LF,20160.0,1.9601957133344552,198.3275,198.3524,18593.0,21087.0,Nyctalus noctula,0.138,0.231,-1,Echolocation,192000.0,/mnt/ubna_data_05/recover-20250324/UBNA_024/20250318_190000.WAV,recover-20250324,UBNA_024,Foliage
LF,21120.0,2.1717931832055415,240.5675,240.5884,18593.0,21853.0,Nyctalus noctula,0.134,0.213,-1,Echolocation,192000.0,/mnt/ubna_data_05/recover-20250324/UBNA_024/20250318_190000.WAV,recover-20250324,UBNA_024,Foliage
LF,23040.0,0.15813628451648498,89.3995,89.4163,22890.0,27161.0,Nyctalus leisleri,0.192,0.289,-1,Echolocation,192000.0,/mnt/ubna_data_05/recover-20250324/UBNA_024/20250318_194000.WAV,recover-20250324,UBNA_024,Foliage
LF,17280.0,2.4782565994312273,185.6235,185.6456,16875.0,19094.0,Nyctalus noctula,0.155,0.245,-1,Echolocation,192000.0,/mnt/ubna_data_05/recover-20250324/UBNA_024/20250318_194000.WAV,recover-20250324,UBNA_024,Foliage
LF,21120.0,1.552862821113072,263.8465,263.8526,13437.0,32134.0,Plecotus auritus,0.235,0.256,-1,Echolocation,192000.0,/mnt/ubna_data_05/recover-20250324/UBNA_024/20250318_195000.WAV,recover-20250324,UBNA_024,Foliage
LF,20160.0,6.159784455767175,289.8785,289.9005,19453.0,21834.0,Nyctalus leisleri,0.154,0.23,-1,Echolocation,192000.0,/mnt/ubna_data_05/recover-20250324/UBNA_024/20250318_201000.WAV,recover-20250324,UBNA_024,Foliage
LF,20160.0,6.9219369671742665,290.0565,290.0814,19453.0,21995.0,Nyctalus leisleri,0.142,0.256,-1,Echolocation,192000.0,/mnt/ubna_data_05/recover-20250324/UBNA_024/20250318_201000.WAV,recover-20250324,UBNA_024,Foliage
LF,20160.0,6.909714919268593,290.4985,290.5241,20312.0,22656.0,Nyctalus noctula,0.124,0.218,-1,Echolocation,192000.0,/mnt/ubna_data_05/recover-20250324/UBNA_024/20250318_201000.WAV,recover-20250324,UBNA_024,Foliage
LF,22080.0,0.6336984933094871,244.1065,244.1242,19453.0,23944.0,Nyctalus noctula,0.142,0.201,-1,Echolocation,192000.0,/mnt/ubna_data_05/recover-20250324/UBNA_024/20250318_202000.WAV,recover-20250324,UBNA_024,Foliage
LF,29760.0,0.36517334707865967,283.7835,283.7966,28906.0,32612.0,Eptesicus serotinus,0.111,0.217,-1,Echolocation,192000.0,/mnt/ubna_data_05/recover-20250324/UBNA_024/20250318_202000.WAV,recover-20250324,UBNA_024,Foliage
LF,20160.0,1.5930718360379514,39.6155,39.6365,21171.0,24561.0,Nyctalus noctula,0.158,0.252,-1,Echolocation,192000.0,/mnt/ubna_data_05/recover-20250324/UBNA_024/20250318_203000.WAV,recover-20250324,UBNA_024,Foliage
LF,23040.0,1.934362946988374,110.5865,110.60249999999999,22890.0,27043.0,Nyctalus leisleri,0.106,0.203,-1,Echolocation,192000.0,/mnt/ubna_data_05/recover-20250324/UBNA_024/20250318_204000.WAV,recover-20250324,UBNA_024,Foliage
LF,22080.0,17.24524725158251,51.4835,51.512299999999996,20312.0,23238.0,Nyctalus leisleri,0.234,0.275,-1,Echolocation,192000.0,/mnt/ubna_data_05/recover-20250324/UBNA_024/20250318_205000.WAV,recover-20250324,UBNA_024,Foliage
LF,27840.0,6.9687711928616345,51.6535,51.674099999999996,26328.0,30501.0,Nyctalus leisleri,0.128,0.267,-1,Echolocation,192000.0,/mnt/ubna_data_05/recover-20250324/UBNA_024/20250318_205000.WAV,recover-20250324,UBNA_024,Foliage
LF,20160.0,8.243289167796275,52.0895,52.1166,18593.0,21242.0,Nyctalus leisleri,0.113,0.217,-1,Echolocation,192000.0,/mnt/ubna_data_05/recover-20250324/UBNA_024/20250318_205000.WAV,recover-20250324,UBNA_024,Foliage
LF,18240.0,1.907884869507091,52.5985,52.6164,16875.0,20455.0,Nyctalus noctula,0.189,0.287,-1,Echolocation,192000.0,/mnt/ubna_data_05/recover-20250324/UBNA_024/20250318_205000.WAV,recover-20250324,UBNA_024,Foliage
LF,17280.0,6.243466206575175,141.0525,141.0747,16875.0,19404.0,Nyctalus noctula,0.141,0.233,-1,Echolocation,192000.0,/mnt/ubna_data_05/recover-20250324/UBNA_024/20250318_205000.WAV,recover-20250324,UBNA_024,Foliage
LF,17280.0,3.4625426942287554,168.1815,168.207,16015.0,18711.0,Nyctalus noctula,0.163,0.229,-1,Echolocation,192000.0,/mnt/ubna_data_05/recover-20250324/UBNA_024/20250318_205000.WAV,recover-20250324,UBNA_024,Foliage
LF,22080.0,1.719293418433013,168.8715,168.8774,16015.0,32420.0,Plecotus auritus,0.164,0.214,-1,Echolocation,192000.0,/mnt/ubna_data_05/recover-20250324/UBNA_024/20250318_214000.WAV,recover-20250324,UBNA_024,Foliage
LF,24960.0,-0.17043770044154893,86.01650000000001,86.029,25468.0,30122.0,Nyctalus leisleri,0.121,0.233,-1,Echolocation,192000.0,/mnt/ubna_data_05/recover-20250324/UBNA_024/20250318_215000.WAV,recover-20250324,UBNA_024,Foliage
LF,23040.0,-0.38592248323637657,19.6835,19.7027,23750.0,27560.0,Nyctalus leisleri,0.19,0.277,-1,Echolocation,192000.0,/mnt/ubna_data_05/recover-20250324/UBNA_024/20250318_223000.WAV,recover-20250324,UBNA_024,Foliage
LF,23040.0,0.05649778754469498,86.4345,86.4527,22890.0,27134.0,Nyctalus leisleri,0.096,0.204,-1,Echolocation,192000.0,/mnt/ubna_data_05/recover-20250324/UBNA_024/20250318_225000.WAV,recover-20250324,UBNA_024,Foliage
LF,18240.0,1.3198842599734828,32.0555,32.0765,17734.0,20829.0,Nyctalus noctula,0.158,0.229,-1,Echolocation,192000.0,/mnt/ubna_data_05/recover-20250324/UBNA_024/20250318_232000.WAV,recover-20250324,UBNA_024,Foliage
LF,23040.0,1.1526060645583482,278.8185,278.8358,23750.0,28396.0,Nyctalus leisleri,0.101,0.216,-1,Echolocation,192000.0,/mnt/ubna_data_05/recover-20250324/UBNA_024/20250318_232000.WAV,recover-20250324,UBNA_024,Foliage
LF,17280.0,3.1059429808510823,29.8195,29.8366,16015.0,20765.0,Nyctalus noctula,0.14,0.206,-1,Echolocation,192000.0,/mnt/ubna_data_05/recover-20250324/UBNA_024/20250318_233000.WAV,recover-20250324,UBNA_024,Foliage
LF,18240.0,1.9463461230827594,282.6195,282.6451,17734.0,20044.0,Nyctalus noctula,0.164,0.222,-1,Echolocation,192000.0,/mnt/ubna_data_05/recover-20250324/UBNA_024/20250318_233000.WAV,recover-20250324,UBNA_024,Foliage
LF,18240.0,2.478242608861197,282.7285,282.75,17734.0,20264.0,Nyctalus noctula,0.13,0.205,-1,Echolocation,192000.0,/mnt/ubna_data_05/recover-20250324/UBNA_024/20250318_233000.WAV,recover-20250324,UBNA_024,Foliage
LF,22080.0,0.04608883447390928,28.9545,28.9698,20312.0,25897.0,Nyctalus noctula,0.119,0.2,-1,Echolocation,192000.0,/mnt/ubna_data_05/recover-20250324/UBNA_024/20250318_234000.WAV,recover-20250324,UBNA_024,Foliage
LF,17280.0,5.058885459089249,113.8115,113.8374,16015.0,18516.0,Nyctalus noctula,0.143,0.228,-1,Echolocation,192000.0,/mnt/ubna_data_05/recover-20250324/UBNA_024/20250318_234000.WAV,recover-20250324,UBNA_024,Foliage
LF,16320.0,7.972162431658925,127.3065,127.3267,15156.0,19039.0,Nyctalus noctula,0.136,0.241,-1,Echolocation,192000.0,/mnt/ubna_data_05/recover-20250324/UBNA_024/20250318_235000.WAV,recover-20250324,UBNA_024,Foliage
LF,21120.0,4.834594956916161,114.6845,114.7053,20312.0,22841.0,Nyctalus noctula,0.117,0.235,-1,Echolocation,192000.0,/mnt/ubna_data_05/recover-20250324/UBNA_024/20250319_000000.WAV,recover-20250324,UBNA_024,Foliage
LF,22080.0,9.35361275517323,122.5355,122.5617,21171.0,23836.0,Nyctalus leisleri,0.231,0.252,-1,Echolocation,192000.0,/mnt/ubna_data_05/recover-20250324/UBNA_024/20250319_000000.WAV,recover-20250324,UBNA_024,Foliage
LF,26880.0,4.3671760078716275,122.6665,122.6805,25468.0,29844.0,Nyctalus leisleri,0.439,0.579,-1,Echolocation,192000.0,/mnt/ubna_data_05/recover-20250324/UBNA_024/20250319_000000.WAV,recover-20250324,UBNA_024,Foliage
LF,17280.0,5.023909249866882,142.1385,142.1536,15156.0,19531.0,Nyctalus leisleri,0.206,0.379,-1,Echolocation,192000.0,/mnt/ubna_data_05/recover-20250324/UBNA_024/20250319_000000.WAV,recover-20250324,UBNA_024,Foliage
LF,25920.0,3.470161441309716,196.9635,196.9822,25468.0,28621.0,Nyctalus leisleri,0.194,0.261,-1,Echolocation,192000.0,/mnt/ubna_data_05/recover-20250324/UBNA_024/20250319_000000.WAV,recover-20250324,UBNA_024,Foliage
LF,18240.0,6.171903798784129,197.6485,197.6746,16875.0,19390.0,Nyctalus noctula,0.14,0.22,-1,Echolocation,192000.0,/mnt/ubna_data_05/recover-20250324/UBNA_024/20250319_000000.WAV,recover-20250324,UBNA_024,Foliage
LF,18240.0,3.607723129718965,197.7455,197.769,18593.0,21186.0,Nyctalus noctula,0.149,0.223,-1,Echolocation,192000.0,/mnt/ubna_data_05/recover-20250324/UBNA_024/20250319_000000.WAV,recover-20250324,UBNA_024,Foliage
LF,18240.0,5.018232327171241,198.5265,198.5529,16875.0,19853.0,Nyctalus noctula,0.163,0.236,-1,Echolocation,192000.0,/mnt/ubna_data_05/recover-20250324/UBNA_024/20250319_000000.WAV,recover-20250324,UBNA_024,Foliage
LF,18240.0,1.5369624264522304,198.6235,198.6465,17734.0,20091.0,Nyctalus noctula,0.127,0.205,-1,Echolocation,192000.0,/mnt/ubna_data_05/recover-20250324/UBNA_024/20250319_000000.WAV,recover-20250324,UBNA_024,Foliage
LF,26880.0,0.9944011153104184,210.3355,210.349,25468.0,29652.0,Nyctalus leisleri,0.255,0.401,-1,Echolocation,192000.0,/mnt/ubna_data_05/recover-20250324/UBNA_024/20250319_000000.WAV,recover-20250324,UBNA_024,Foliage
LF,26880.0,0.24857368903565508,241.5605,241.576,26328.0,30144.0,Nyctalus leisleri,0.128,0.222,-1,Echolocation,192000.0,/mnt/ubna_data_05/recover-20250324/UBNA_024/20250319_000000.WAV,recover-20250324,UBNA_024,Foliage
LF,20160.0,1.9669186860394814,180.2915,180.3082,16015.0,20645.0,Nyctalus noctula,0.223,0.335,-1,Echolocation,192000.0,/mnt/ubna_data_05/recover-20250324/UBNA_024/20250319_001000.WAV,recover-20250324,UBNA_024,Foliage
LF,24000.0,1.9185095825046397,264.6605,264.6798,23750.0,27353.0,Nyctalus leisleri,0.187,0.267,-1,Echolocation,192000.0,/mnt/ubna_data_05/recover-20250324/UBNA_024/20250319_001000.WAV,recover-20250324,UBNA_024,Foliage
LF,21120.0,0.1764862921639475,298.7765,298.7989,18593.0,21484.0,Nyctalus noctula,0.193,0.273,-1,Echolocation,192000.0,/mnt/ubna_data_05/recover-20250324/UBNA_024/20250319_002000.WAV,recover-20250324,UBNA_024,Foliage
LF,22080.0,12.130209494707076,36.3925,36.4155,20312.0,22121.0,Nyctalus leisleri,0.238,0.258,-1,Echolocation,192000.0,/mnt/ubna_data_05/recover-20250324/UBNA_024/20250319_010000.WAV,recover-20250324,UBNA_024,Foliage
LF,20160.0,9.605471605042165,85.6485,85.6754,18593.0,21745.0,Nyctalus noctula,0.255,0.342,-1,Echolocation,192000.0,/mnt/ubna_data_05/recover-20250324/UBNA_024/20250319_010000.WAV,recover-20250324,UBNA_024,Foliage
LF,17280.0,4.400628610381183,85.9055,85.923,15156.0,20340.0,Nyctalus noctula,0.156,0.222,-1,Echolocation,192000.0,/mnt/ubna_data_05/recover-20250324/UBNA_024/20250319_010000.WAV,recover-20250324,UBNA_024,Foliage
LF,17280.0,2.272274511213781,231.8495,231.8682,15156.0,19241.0,Nyctalus leisleri,0.152,0.274,-1,Echolocation,192000.0,/mnt/ubna_data_05/recover-20250324/UBNA_024/20250319_010000.WAV,recover-20250324,UBNA_024,Foliage
LF,16320.0,3.7002343264121245,239.3965,239.4172,15156.0,17962.0,Nyctalus leisleri,0.188,0.261,-1,Echolocation,192000.0,/mnt/ubna_data_05/recover-20250324/UBNA_024/20250319_010000.WAV,recover-20250324,UBNA_024,Foliage
LF,24000.0,1.2002078654128736,122.3845,122.3991,23750.0,28363.0,Nyctalus leisleri,0.157,0.298,-1,Echolocation,192000.0,/mnt/ubna_data_05/recover-20250324/UBNA_024/20250319_011000.WAV,recover-20250324,UBNA_024,Foliage
LF,22080.0,-0.13696425449372837,66.0215,66.0419,21171.0,24841.0,Nyctalus noctula,0.118,0.225,-1,Echolocation,192000.0,/mnt/ubna_data_05/recover-20250324/UBNA_024/20250319_012000.WAV,recover-20250324,UBNA_024,Foliage
LF,16320.0,3.1618651187263507,176.6495,176.6719,15156.0,18625.0,Nyctalus noctula,0.1,0.206,-1,Echolocation,192000.0,/mnt/ubna_data_05/recover-20250324/UBNA_024/20250319_012000.WAV,recover-20250324,UBNA_024,Foliage
LF,16320.0,9.539269394248947,203.3825,203.4023,15156.0,17806.0,Nyctalus leisleri,0.187,0.253,-1,Echolocation,192000.0,/mnt/ubna_data_05/recover-20250324/UBNA_024/20250319_012000.WAV,recover-20250324,UBNA_024,Foliage
LF,19200.0,2.215377787028591,217.9725,217.992,18593.0,21934.0,Nyctalus noctula,0.338,0.433,-1,Echolocation,192000.0,/mnt/ubna_data_05/recover-20250324/UBNA_024/20250319_012000.WAV,recover-20250324,UBNA_024,Foliage
LF,16320.0,1.4625411032307387,224.2545,224.2695,11718.0,18732.0,Nyctalus leisleri,0.167,0.261,-1,Echolocation,192000.0,/mnt/ubna_data_05/recover-20250324/UBNA_024/20250319_012000.WAV,recover-20250324,UBNA_024,Foliage
LF,19200.0,3.1504375936957056,229.6395,229.6629,17734.0,20396.0,Nyctalus noctula,0.196,0.29,-1,Echolocation,192000.0,/mnt/ubna_data_05/recover-20250324/UBNA_024/20250319_012000.WAV,recover-20250324,UBNA_024,Foliage
LF,16320.0,2.3302684885412046,260.7565,260.7776,16015.0,18467.0,Nyctalus noctula,0.122,0.208,-1,Echolocation,192000.0,/mnt/ubna_data_05/recover-20250324/UBNA_024/20250319_012000.WAV,recover-20250324,UBNA_024,Foliage
LF,21120.0,3.1060224620380557,5.1015,5.127,19453.0,22729.0,Nyctalus leisleri,0.14,0.237,-1,Echolocation,192000.0,/mnt/ubna_data_05/recover-20250324/UBNA_024/20250319_013000.WAV,recover-20250324,UBNA_024,Foliage
LF,21120.0,0.7281167897322649,124.8635,124.8881,18593.0,21120.0,Nyctalus noctula,0.161,0.223,-1,Echolocation,192000.0,/mnt/ubna_data_05/recover-20250324/UBNA_024/20250319_014000.WAV,recover-20250324,UBNA_024,Foliage
LF,22080.0,-0.003493596893964224,195.4375,195.4502,22890.0,28765.0,Nyctalus noctula,0.084,0.21,-1,Echolocation,192000.0,/mnt/ubna_data_05/recover-20250324/UBNA_024/20250319_014000.WAV,recover-20250324,UBNA_024,Foliage
LF,22080.0,0.8185894425481567,111.3085,111.3321,20312.0,23935.0,Nyctalus noctula,0.192,0.283,-1,Echolocation,192000.0,/mnt/ubna_data_05/recover-20250324/UBNA_024/20250319_021000.WAV,recover-20250324,UBNA_024,Foliage
HF,45120.0,0.911542507148725,110.3895,110.4048,44375.0,47560.0,Pipistrellus pipistrellus,0.175,0.2,-1,Echolocation,192000.0,/mnt/ubna_data_05/recover-20250324/UBNA_024/20250319_025000.WAV,recover-20250324,UBNA_024,Foliage
HF,47040.0,3.0283230203148648,152.0815,152.0858,46093.0,56663.0,Pipistrellus pipistrellus,0.438,0.455,-1,Echolocation,192000.0,/mnt/ubna_data_05/recover-20250324/UBNA_024/20250319_030000.WAV,recover-20250324,UBNA_024,Foliage
HF,48960.0,1.619717097020881,152.1705,152.1758,47812.0,57767.0,Pipistrellus pipistrellus,0.506,0.515,-1,Echolocation,192000.0,/mnt/ubna_data_05/recover-20250324/UBNA_024/20250319_030000.WAV,recover-20250324,UBNA_024,Foliage
HF,48000.0,1.4541583685080315,152.2525,152.257,46093.0,57802.0,Pipistrellus pipistrellus,0.3,0.323,-1,Echolocation,192000.0,/mnt/ubna_data_05/recover-20250324/UBNA_024/20250319_030000.WAV,recover-20250324,UBNA_024,Foliage
HF,51840.0,7.360757959517592,152.3475,152.3514,48671.0,58208.0,Pipistrellus pipistrellus,0.499,0.541,-1,Echolocation,192000.0,/mnt/ubna_data_05/recover-20250324/UBNA_024/20250319_030000.WAV,recover-20250324,UBNA_024,Foliage
HF,48960.0,2.3467683486091393,152.4365,152.4409,46953.0,58378.0,Pipistrellus pipistrellus,0.32,0.349,-1,Echolocation,192000.0,/mnt/ubna_data_05/recover-20250324/UBNA_024/20250319_030000.WAV,recover-20250324,UBNA_024,Foliage
HF,52800.0,5.702479029967683,152.5305,152.5352,49531.0,58636.0,Pipistrellus pipistrellus,0.475,0.489,-1,Echolocation,192000.0,/mnt/ubna_data_05/recover-20250324/UBNA_024/20250319_030000.WAV,recover-20250324,UBNA_024,Foliage
HF,47040.0,3.27243379156344,152.6195,152.6244,47812.0,56308.0,Pipistrellus pipistrellus,0.425,0.432,-1,Echolocation,192000.0,/mnt/ubna_data_05/recover-20250324/UBNA_024/20250319_030000.WAV,recover-20250324,UBNA_024,Foliage
HF,52800.0,5.641776065149479,152.7165,152.7206,49531.0,59927.0,Pipistrellus pipistrellus,0.463,0.488,-1,Echolocation,192000.0,/mnt/ubna_data_05/recover-20250324/UBNA_024/20250319_030000.WAV,recover-20250324,UBNA_024,Foliage
HF,52800.0,2.7908722385541953,152.9075,152.9122,48671.0,59610.0,Pipistrellus pipistrellus,0.327,0.344,-1,Echolocation,192000.0,/mnt/ubna_data_05/recover-20250324/UBNA_024/20250319_030000.WAV,recover-20250324,UBNA_024,Foliage
HF,51840.0,2.44548370406418,152.9925,152.9973,50390.0,56331.0,Pipistrellus pipistrellus,0.252,0.259,-1,Echolocation,192000.0,/mnt/ubna_data_05/recover-20250324/UBNA_024/20250319_030000.WAV,recover-20250324,UBNA_024,Foliage
HF,48000.0,3.2912407776717623,153.0795,153.0835,48671.0,59913.0,Pipistrellus pipistrellus,0.323,0.337,-1,Echolocation,192000.0,/mnt/ubna_data_05/recover-20250324/UBNA_024/20250319_030000.WAV,recover-20250324,UBNA_024,Foliage
HF,51840.0,6.00910305778794,153.1765,153.1816,51250.0,60821.0,Pipistrellus pipistrellus,0.53,0.562,-1,Echolocation,192000.0,/mnt/ubna_data_05/recover-20250324/UBNA_024/20250319_030000.WAV,recover-20250324,UBNA_024,Foliage
HF,51840.0,3.7621882163472087,153.2665,153.2716,52109.0,59684.0,Pipistrellus pipistrellus,0.455,0.479,-1,Echolocation,192000.0,/mnt/ubna_data_05/recover-20250324/UBNA_024/20250319_030000.WAV,recover-20250324,UBNA_024,Foliage
HF,48000.0,3.98226311803892,153.3645,153.3695,47812.0,58115.0,Pipistrellus pipistrellus,0.412,0.429,-1,Echolocation,192000.0,/mnt/ubna_data_05/recover-20250324/UBNA_024/20250319_030000.WAV,recover-20250324,UBNA_024,Foliage
HF,48960.0,1.067759255260028,153.6365,153.6415,46953.0,55171.0,Pipistrellus pipistrellus,0.402,0.411,-1,Echolocation,192000.0,/mnt/ubna_data_05/recover-20250324/UBNA_024/20250319_030000.WAV,recover-20250324,UBNA_024,Foliage
HF,48000.0,5.201229401057738,153.7185,153.7249,46953.0,52276.0,Pipistrellus pipistrellus,0.429,0.438,-1,Echolocation,192000.0,/mnt/ubna_data_05/recover-20250324/UBNA_024/20250319_030000.WAV,recover-20250324,UBNA_024,Foliage
HF,48960.0,6.765327112553383,153.8145,153.819,46953.0,59526.0,Pipistrellus pipistrellus,0.518,0.537,-1,Echolocation,192000.0,/mnt/ubna_data_05/recover-20250324/UBNA_024/20250319_030000.WAV,recover-20250324,UBNA_024,Foliage
HF,48960.0,10.853780905495354,153.9075,153.912,46953.0,55773.0,Pipistrellus pipistrellus,0.497,0.511,-1,Echolocation,192000.0,/mnt/ubna_data_05/recover-20250324/UBNA_024/20250319_030000.WAV,recover-20250324,UBNA_024,Foliage
HF,47040.0,3.187709244083467,153.9895,153.9946,46093.0,53403.0,Pipistrellus pipistrellus,0.419,0.45,-1,Echolocation,192000.0,/mnt/ubna_data_05/recover-20250324/UBNA_024/20250319_030000.WAV,recover-20250324,UBNA_024,Foliage
HF,47040.0,5.6798120025481245,154.1005,154.1067,46093.0,55154.0,Pipistrellus pipistrellus,0.335,0.346,-1,Echolocation,192000.0,/mnt/ubna_data_05/recover-20250324/UBNA_024/20250319_030000.WAV,recover-20250324,UBNA_024,Foliage
HF,48000.0,2.6015107125662724,154.1895,154.1942,46953.0,56062.0,Pipistrellus pipistrellus,0.396,0.404,-1,Echolocation,192000.0,/mnt/ubna_data_05/recover-20250324/UBNA_024/20250319_030000.WAV,recover-20250324,UBNA_024,Foliage
HF,48000.0,8.716948349386104,154.2725,154.2782,46093.0,54367.0,Pipistrellus pipistrellus,0.489,0.503,-1,Echolocation,192000.0,/mnt/ubna_data_05/recover-20250324/UBNA_024/20250319_030000.WAV,recover-20250324,UBNA_024,Foliage
HF,48960.0,8.618210342445746,154.3755,154.3803,46953.0,61886.0,Pipistrellus pipistrellus,0.502,0.538,-1,Echolocation,192000.0,/mnt/ubna_data_05/recover-20250324/UBNA_024/20250319_030000.WAV,recover-20250324,UBNA_024,Foliage
HF,48000.0,7.492640551429223,154.4655,154.4715,46093.0,54969.0,Pipistrellus pipistrellus,0.56,0.584,-1,Echolocation,192000.0,/mnt/ubna_data_05/recover-20250324/UBNA_024/20250319_030000.WAV,recover-20250324,UBNA_024,Foliage
HF,48000.0,15.04439431764463,154.5595,154.5644,46953.0,60363.0,Pipistrellus pipistrellus,0.559,0.605,-1,Echolocation,192000.0,/mnt/ubna_data_05/recover-20250324/UBNA_024/20250319_030000.WAV,recover-20250324,UBNA_024,Foliage
HF,48000.0,9.545924646261174,154.6475,154.6526,46953.0,56910.0,Pipistrellus pipistrellus,0.462,0.471,-1,Echolocation,192000.0,/mnt/ubna_data_05/recover-20250324/UBNA_024/20250319_030000.WAV,recover-20250324,UBNA_024,Foliage
HF,47040.0,12.53248062496679,154.7275,154.7318,45234.0,59532.0,Pipistrellus pipistrellus,0.468,0.49,-1,Echolocation,192000.0,/mnt/ubna_data_05/recover-20250324/UBNA_024/20250319_030000.WAV,recover-20250324,UBNA_024,Foliage
HF,47040.0,15.911597620865695,154.8985,154.9039,45234.0,63944.0,Pipistrellus pipistrellus,0.129,0.282,-1,Echolocation,192000.0,/mnt/ubna_data_05/recover-20250324/UBNA_024/20250319_030000.WAV,recover-20250324,UBNA_024,Foliage
HF,48000.0,10.869401488376965,154.9695,154.9744,46953.0,62352.0,Pipistrellus pipistrellus,0.534,0.548,-1,Echolocation,192000.0,/mnt/ubna_data_05/recover-20250324/UBNA_024/20250319_030000.WAV,recover-20250324,UBNA_024,Foliage
HF,47040.0,13.086908815075763,155.1735,155.1778,46093.0,63458.0,Pipistrellus pipistrellus,0.266,0.318,-1,Echolocation,192000.0,/mnt/ubna_data_05/recover-20250324/UBNA_024/20250319_030000.WAV,recover-20250324,UBNA_024,Foliage
HF,48000.0,19.872856672553677,155.2725,155.2778,44375.0,67921.0,Myotis alcathoe,0.144,0.253,-1,Echolocation,192000.0,/mnt/ubna_data_05/recover-20250324/UBNA_024/20250319_030000.WAV,recover-20250324,UBNA_024,Foliage
HF,48960.0,17.2727298796106,155.3705,155.3756,44375.0,61340.0,Pipistrellus pipistrellus,0.254,0.309,-1,Echolocation,192000.0,/mnt/ubna_data_05/recover-20250324/UBNA_024/20250319_030000.WAV,recover-20250324,UBNA_024,Foliage
HF,47040.0,22.940851410122445,155.4615,155.4663,41796.0,72673.0,Myotis alcathoe,0.22,0.264,-1,Echolocation,192000.0,/mnt/ubna_data_05/recover-20250324/UBNA_024/20250319_030000.WAV,recover-20250324,UBNA_024,Foliage
HF,48000.0,23.910240936166996,155.5625,155.5683,43515.0,71957.0,Myotis alcathoe,0.225,0.336,-1,Echolocation,192000.0,/mnt/ubna_data_05/recover-20250324/UBNA_024/20250319_030000.WAV,recover-20250324,UBNA_024,Foliage
HF,48000.0,26.85200033347573,155.6635,155.6692,46953.0,61773.0,Pipistrellus pipistrellus,0.271,0.286,-1,Echolocation,192000.0,/mnt/ubna_data_05/recover-20250324/UBNA_024/20250319_030000.WAV,recover-20250324,UBNA_024,Foliage
HF,48000.0,24.803869919960782,155.6645,155.6686,39218.0,79482.0,Myotis alcathoe,0.21,0.239,-1,Echolocation,192000.0,/mnt/ubna_data_05/recover-20250324/UBNA_024/20250319_030000.WAV,recover-20250324,UBNA_024,Foliage
HF,47040.0,26.139272451413966,155.7535,155.75900000000001,44375.0,66238.0,Pipistrellus pipistrellus,0.301,0.33,-1,Echolocation,192000.0,/mnt/ubna_data_05/recover-20250324/UBNA_024/20250319_030000.WAV,recover-20250324,UBNA_024,Foliage
HF,48000.0,26.63677094978216,155.8585,155.8635,40078.0,77561.0,Myotis alcathoe,0.335,0.386,-1,Echolocation,192000.0,/mnt/ubna_data_05/recover-20250324/UBNA_024/20250319_030000.WAV,recover-20250324,UBNA_024,Foliage
HF,46080.0,35.47860718584352,155.9545,155.9598,40078.0,80446.0,Myotis alcathoe,0.263,0.349,-1,Echolocation,192000.0,/mnt/ubna_data_05/recover-20250324/UBNA_024/20250319_030000.WAV,recover-20250324,UBNA_024,Foliage
HF,47040.0,24.109082670353015,156.0515,156.0563,41796.0,61823.0,Myotis alcathoe,0.12,0.218,-1,Echolocation,192000.0,/mnt/ubna_data_05/recover-20250324/UBNA_024/20250319_030000.WAV,recover-20250324,UBNA_024,Foliage
HF,47040.0,39.69240929138439,156.1465,156.1516,42656.0,67683.0,Pipistrellus pipistrellus,0.399,0.441,-1,Echolocation,192000.0,/mnt/ubna_data_05/recover-20250324/UBNA_024/20250319_030000.WAV,recover-20250324,UBNA_024,Foliage
HF,47040.0,26.905543160372908,156.2485,156.2535,40078.0,72390.0,Myotis alcathoe,0.172,0.34,-1,Echolocation,192000.0,/mnt/ubna_data_05/recover-20250324/UBNA_024/20250319_030000.WAV,recover-20250324,UBNA_024,Foliage
HF,47040.0,36.564947504370664,156.3475,156.3529,38359.0,81391.0,Myotis alcathoe,0.32,0.43,-1,Echolocation,192000.0,/mnt/ubna_data_05/recover-20250324/UBNA_024/20250319_030000.WAV,recover-20250324,UBNA_024,Foliage
HF,50880.0,27.44058870914378,156.4405,156.4457,41796.0,74066.0,Myotis alcathoe,0.201,0.394,-1,Echolocation,192000.0,/mnt/ubna_data_05/recover-20250324/UBNA_024/20250319_030000.WAV,recover-20250324,UBNA_024,Foliage
HF,50880.0,14.605220866111313,156.5155,156.5207,41796.0,71278.0,Myotis alcathoe,0.179,0.307,-1,Echolocation,192000.0,/mnt/ubna_data_05/recover-20250324/UBNA_024/20250319_030000.WAV,recover-20250324,UBNA_024,Foliage
HF,51840.0,22.714773152494033,156.6325,156.638,40937.0,71926.0,Pipistrellus pipistrellus,0.193,0.459,-1,Echolocation,192000.0,/mnt/ubna_data_05/recover-20250324/UBNA_024/20250319_030000.WAV,recover-20250324,UBNA_024,Foliage
HF,48000.0,11.663677297737507,156.7235,156.7283,45234.0,62479.0,Pipistrellus pipistrellus,0.268,0.365,-1,Echolocation,192000.0,/mnt/ubna_data_05/recover-20250324/UBNA_024/20250319_030000.WAV,recover-20250324,UBNA_024,Foliage
HF,52800.0,30.85018737609542,156.8025,156.8076,43515.0,63440.0,Pipistrellus pipistrellus,0.203,0.284,-1,Echolocation,192000.0,/mnt/ubna_data_05/recover-20250324/UBNA_024/20250319_030000.WAV,recover-20250324,UBNA_024,Foliage
HF,48000.0,11.622722973319842,156.8935,156.8982,43515.0,58081.0,Pipistrellus pipistrellus,0.393,0.481,-1,Echolocation,192000.0,/mnt/ubna_data_05/recover-20250324/UBNA_024/20250319_030000.WAV,recover-20250324,UBNA_024,Foliage
HF,49920.0,6.604010246492752,156.9795,156.9842,42656.0,62325.0,Pipistrellus pipistrellus,0.127,0.328,-1,Echolocation,192000.0,/mnt/ubna_data_05/recover-20250324/UBNA_024/20250319_030000.WAV,recover-20250324,UBNA_024,Foliage
HF,48000.0,9.223977392801697,157.0585,157.0633,41796.0,63245.0,Myotis alcathoe,0.099,0.322,-1,Echolocation,192000.0,/mnt/ubna_data_05/recover-20250324/UBNA_024/20250319_030000.WAV,recover-20250324,UBNA_024,Foliage
HF,48000.0,16.812342865516285,157.1415,157.1462,46953.0,61682.0,Pipistrellus pipistrellus,0.301,0.331,-1,Echolocation,192000.0,/mnt/ubna_data_05/recover-20250324/UBNA_024/20250319_030000.WAV,recover-20250324,UBNA_024,Foliage
HF,48960.0,10.497859306630513,157.2295,157.2344,48671.0,59344.0,Pipistrellus pipistrellus,0.456,0.475,-1,Echolocation,192000.0,/mnt/ubna_data_05/recover-20250324/UBNA_024/20250319_030000.WAV,recover-20250324,UBNA_024,Foliage
HF,47040.0,11.287169129053222,157.3075,157.3131,46093.0,60820.0,Pipistrellus pipistrellus,0.447,0.529,-1,Echolocation,192000.0,/mnt/ubna_data_05/recover-20250324/UBNA_024/20250319_030000.WAV,recover-20250324,UBNA_024,Foliage
HF,48000.0,13.653536599258986,157.3995,157.4045,44375.0,61331.0,Pipistrellus pipistrellus,0.426,0.513,-1,Echolocation,192000.0,/mnt/ubna_data_05/recover-20250324/UBNA_024/20250319_030000.WAV,recover-20250324,UBNA_024,Foliage
HF,48000.0,14.24626046335532,157.4825,157.4878,44375.0,60381.0,Pipistrellus pipistrellus,0.253,0.426,-1,Echolocation,192000.0,/mnt/ubna_data_05/recover-20250324/UBNA_024/20250319_030000.WAV,recover-20250324,UBNA_024,Foliage
HF,52800.0,19.02983628347595,157.5745,157.5794,44375.0,62329.0,Pipistrellus pipistrellus,0.396,0.495,-1,Echolocation,192000.0,/mnt/ubna_data_05/recover-20250324/UBNA_024/20250319_030000.WAV,recover-20250324,UBNA_024,Foliage
HF,47040.0,14.753720291667264,157.6655,157.6706,46093.0,59118.0,Pipistrellus pipistrellus,0.539,0.566,-1,Echolocation,192000.0,/mnt/ubna_data_05/recover-20250324/UBNA_024/20250319_030000.WAV,recover-20250324,UBNA_024,Foliage
HF,48000.0,24.10693412013025,157.7545,157.75900000000001,43515.0,64173.0,Pipistrellus pipistrellus,0.537,0.573,-1,Echolocation,192000.0,/mnt/ubna_data_05/recover-20250324/UBNA_024/20250319_030000.WAV,recover-20250324,UBNA_024,Foliage
HF,48000.0,17.70136213640655,157.8615,157.86599999999999,45234.0,57911.0,Pipistrellus pipistrellus,0.579,0.6,-1,Echolocation,192000.0,/mnt/ubna_data_05/recover-20250324/UBNA_024/20250319_030000.WAV,recover-20250324,UBNA_024,Foliage
HF,47040.0,25.51026709727028,157.9575,157.9623,44375.0,60235.0,Pipistrellus pipistrellus,0.469,0.494,-1,Echolocation,192000.0,/mnt/ubna_data_05/recover-20250324/UBNA_024/20250319_030000.WAV,recover-20250324,UBNA_024,Foliage
HF,48000.0,14.914571739677573,158.05349999999999,158.0589,45234.0,58708.0,Pipistrellus pipistrellus,0.527,0.607,-1,Echolocation,192000.0,/mnt/ubna_data_05/recover-20250324/UBNA_024/20250319_030000.WAV,recover-20250324,UBNA_024,Foliage
HF,46080.0,30.829256968140385,158.1475,158.153,43515.0,63131.0,Pipistrellus pipistrellus,0.524,0.578,-1,Echolocation,192000.0,/mnt/ubna_data_05/recover-20250324/UBNA_024/20250319_030000.WAV,recover-20250324,UBNA_024,Foliage
HF,47040.0,16.289864538634248,158.2505,158.2555,45234.0,54819.0,Pipistrellus pipistrellus,0.551,0.563,-1,Echolocation,192000.0,/mnt/ubna_data_05/recover-20250324/UBNA_024/20250319_030000.WAV,recover-20250324,UBNA_024,Foliage
HF,52800.0,27.48446952449514,158.3435,158.3495,42656.0,63480.0,Pipistrellus pipistrellus,0.524,0.608,-1,Echolocation,192000.0,/mnt/ubna_data_05/recover-20250324/UBNA_024/20250319_030000.WAV,recover-20250324,UBNA_024,Foliage
HF,48000.0,21.389341581973298,158.4495,158.45420000000001,44375.0,58516.0,Pipistrellus pipistrellus,0.552,0.593,-1,Echolocation,192000.0,/mnt/ubna_data_05/recover-20250324/UBNA_024/20250319_030000.WAV,recover-20250324,UBNA_024,Foliage
HF,46080.0,18.540014232062706,158.5435,158.5483,45234.0,59437.0,Pipistrellus pipistrellus,0.52,0.564,-1,Echolocation,192000.0,/mnt/ubna_data_05/recover-20250324/UBNA_024/20250319_030000.WAV,recover-20250324,UBNA_024,Foliage
HF,46080.0,8.980893100133077,158.6135,158.6199,45234.0,56262.0,Pipistrellus pipistrellus,0.501,0.563,-1,Echolocation,192000.0,/mnt/ubna_data_05/recover-20250324/UBNA_024/20250319_030000.WAV,recover-20250324,UBNA_024,Foliage
HF,48960.0,15.474833254406501,158.6735,158.6788,44375.0,58078.0,Pipistrellus pipistrellus,0.426,0.494,-1,Echolocation,192000.0,/mnt/ubna_data_05/recover-20250324/UBNA_024/20250319_030000.WAV,recover-20250324,UBNA_024,Foliage
HF,46080.0,11.901857822782834,159.2175,159.2226,45234.0,57174.0,Pipistrellus pipistrellus,0.617,0.643,-1,Echolocation,192000.0,/mnt/ubna_data_05/recover-20250324/UBNA_024/20250319_030000.WAV,recover-20250324,UBNA_024,Foliage
HF,45120.0,21.603096444482887,159.3005,159.3056,43515.0,57485.0,Pipistrellus pipistrellus,0.651,0.669,-1,Echolocation,192000.0,/mnt/ubna_data_05/recover-20250324/UBNA_024/20250319_030000.WAV,recover-20250324,UBNA_024,Foliage
HF,46080.0,23.920106358311802,159.3845,159.3897,43515.0,61112.0,Pipistrellus pipistrellus,0.501,0.614,-1,Echolocation,192000.0,/mnt/ubna_data_05/recover-20250324/UBNA_024/20250319_030000.WAV,recover-20250324,UBNA_024,Foliage
HF,46080.0,14.029077485025361,159.4755,159.4808,45234.0,57490.0,Pipistrellus pipistrellus,0.451,0.5,-1,Echolocation,192000.0,/mnt/ubna_data_05/recover-20250324/UBNA_024/20250319_030000.WAV,recover-20250324,UBNA_024,Foliage
HF,47040.0,25.154624950674407,159.5625,159.5673,43515.0,61466.0,Pipistrellus pipistrellus,0.57,0.62,-1,Echolocation,192000.0,/mnt/ubna_data_05/recover-20250324/UBNA_024/20250319_030000.WAV,recover-20250324,UBNA_024,Foliage
HF,48000.0,21.604990998223688,159.6505,159.6553,44375.0,57808.0,Pipistrellus pipistrellus,0.569,0.596,-1,Echolocation,192000.0,/mnt/ubna_data_05/recover-20250324/UBNA_024/20250319_030000.WAV,recover-20250324,UBNA_024,Foliage
HF,47040.0,22.20822454831774,159.7315,159.7368,41796.0,60224.0,Pipistrellus pipistrellus,0.242,0.364,-1,Echolocation,192000.0,/mnt/ubna_data_05/recover-20250324/UBNA_024/20250319_030000.WAV,recover-20250324,UBNA_024,Foliage
HF,47040.0,22.23261442482228,159.8155,159.8205,44375.0,61020.0,Pipistrellus pipistrellus,0.413,0.449,-1,Echolocation,192000.0,/mnt/ubna_data_05/recover-20250324/UBNA_024/20250319_030000.WAV,recover-20250324,UBNA_024,Foliage
HF,47040.0,6.747118542188902,159.9045,159.9102,45234.0,53094.0,Pipistrellus pipistrellus,0.578,0.618,-1,Echolocation,192000.0,/mnt/ubna_data_05/recover-20250324/UBNA_024/20250319_030000.WAV,recover-20250324,UBNA_024,Foliage
HF,46080.0,16.11837302993481,159.9895,159.9942,44375.0,58097.0,Pipistrellus pipistrellus,0.608,0.645,-1,Echolocation,192000.0,/mnt/ubna_data_05/recover-20250324/UBNA_024/20250319_030000.WAV,recover-20250324,UBNA_024,Foliage
HF,48000.0,8.427676558677934,160.0765,160.0812,45234.0,59309.0,Pipistrellus pipistrellus,0.386,0.454,-1,Echolocation,192000.0,/mnt/ubna_data_05/recover-20250324/UBNA_024/20250319_030000.WAV,recover-20250324,UBNA_024,Foliage
HF,48000.0,5.749813570479187,160.1565,160.1612,45234.0,59173.0,Pipistrellus pipistrellus,0.292,0.37,-1,Echolocation,192000.0,/mnt/ubna_data_05/recover-20250324/UBNA_024/20250319_030000.WAV,recover-20250324,UBNA_024,Foliage
HF,47040.0,12.186635336334465,160.3055,160.3098,43515.0,64021.0,Pipistrellus pipistrellus,0.216,0.424,-1,Echolocation,192000.0,/mnt/ubna_data_05/recover-20250324/UBNA_024/20250319_030000.WAV,recover-20250324,UBNA_024,Foliage
HF,47040.0,14.01087648900642,160.3875,160.392,45234.0,59603.0,Pipistrellus pipistrellus,0.475,0.525,-1,Echolocation,192000.0,/mnt/ubna_data_05/recover-20250324/UBNA_024/20250319_030000.WAV,recover-20250324,UBNA_024,Foliage
HF,48000.0,8.188882454062089,160.4985,160.5041,46953.0,58025.0,Pipistrellus pipistrellus,0.509,0.534,-1,Echolocation,192000.0,/mnt/ubna_data_05/recover-20250324/UBNA_024/20250319_030000.WAV,recover-20250324,UBNA_024,Foliage
HF,48000.0,7.591609953637423,160.5735,160.5787,46953.0,59006.0,Pipistrellus pipistrellus,0.449,0.483,-1,Echolocation,192000.0,/mnt/ubna_data_05/recover-20250324/UBNA_024/20250319_030000.WAV,recover-20250324,UBNA_024,Foliage
HF,48000.0,21.697487362872742,160.6575,160.6615,41796.0,69531.0,Myotis alcathoe,0.222,0.374,-1,Echolocation,192000.0,/mnt/ubna_data_05/recover-20250324/UBNA_024/20250319_030000.WAV,recover-20250324,UBNA_024,Foliage
HF,46080.0,18.89170847155637,160.7415,160.7464,43515.0,68671.0,Pipistrellus pipistrellus,0.238,0.357,-1,Echolocation,192000.0,/mnt/ubna_data_05/recover-20250324/UBNA_024/20250319_030000.WAV,recover-20250324,UBNA_024,Foliage
HF,47040.0,18.970942982145974,160.8295,160.8345,42656.0,78941.0,Myotis alcathoe,0.255,0.388,-1,Echolocation,192000.0,/mnt/ubna_data_05/recover-20250324/UBNA_024/20250319_030000.WAV,recover-20250324,UBNA_024,Foliage
HF,48000.0,20.671198949114867,160.9195,160.9237,43515.0,64532.0,Pipistrellus pipistrellus,0.149,0.302,-1,Echolocation,192000.0,/mnt/ubna_data_05/recover-20250324/UBNA_024/20250319_030000.WAV,recover-20250324,UBNA_024,Foliage
HF,46080.0,25.63950917757706,161.0045,161.0094,43515.0,68267.0,Pipistrellus pipistrellus,0.463,0.505,-1,Echolocation,192000.0,/mnt/ubna_data_05/recover-20250324/UBNA_024/20250319_030000.WAV,recover-20250324,UBNA_024,Foliage
HF,48000.0,19.963300357979882,161.0945,161.0994,44375.0,65053.0,Pipistrellus pipistrellus,0.368,0.443,-1,Echolocation,192000.0,/mnt/ubna_data_05/recover-20250324/UBNA_024/20250319_030000.WAV,recover-20250324,UBNA_024,Foliage
HF,46080.0,20.25480701114967,161.2135,161.2178,44375.0,63215.0,Pipistrellus pipistrellus,0.465,0.509,-1,Echolocation,192000.0,/mnt/ubna_data_05/recover-20250324/UBNA_024/20250319_030000.WAV,recover-20250324,UBNA_024,Foliage
HF,48000.0,24.244673791204697,161.2995,161.3041,45234.0,64873.0,Pipistrellus pipistrellus,0.348,0.397,-1,Echolocation,192000.0,/mnt/ubna_data_05/recover-20250324/UBNA_024/20250319_030000.WAV,recover-20250324,UBNA_024,Foliage
HF,47040.0,25.64145479455458,161.3845,161.3897,44375.0,68467.0,Myotis alcathoe,0.136,0.277,-1,Echolocation,192000.0,/mnt/ubna_data_05/recover-20250324/UBNA_024/20250319_030000.WAV,recover-20250324,UBNA_024,Foliage
HF,48000.0,23.55868885992065,161.57150000000001,161.577,46093.0,62819.0,Pipistrellus pipistrellus,0.396,0.442,-1,Echolocation,192000.0,/mnt/ubna_data_05/recover-20250324/UBNA_024/20250319_030000.WAV,recover-20250324,UBNA_024,Foliage
HF,48960.0,14.321932906276245,161.6645,161.6692,43515.0,62116.0,Myotis alcathoe,0.161,0.332,-1,Echolocation,192000.0,/mnt/ubna_data_05/recover-20250324/UBNA_024/20250319_030000.WAV,recover-20250324,UBNA_024,Foliage
HF,47040.0,21.504730709373277,161.7505,161.7556,43515.0,74190.0,Myotis alcathoe,0.232,0.369,-1,Echolocation,192000.0,/mnt/ubna_data_05/recover-20250324/UBNA_024/20250319_030000.WAV,recover-20250324,UBNA_024,Foliage
HF,48000.0,18.67763995131923,161.8385,161.8436,44375.0,68556.0,Myotis alcathoe,0.162,0.286,-1,Echolocation,192000.0,/mnt/ubna_data_05/recover-20250324/UBNA_024/20250319_030000.WAV,recover-20250324,UBNA_024,Foliage
HF,47040.0,20.308393134476617,161.9515,161.9558,43515.0,72210.0,Myotis alcathoe,0.231,0.385,-1,Echolocation,192000.0,/mnt/ubna_data_05/recover-20250324/UBNA_024/20250319_030000.WAV,recover-20250324,UBNA_024,Foliage
HF,48960.0,17.99734538656192,162.0385,162.0426,41796.0,67501.0,Myotis alcathoe,0.202,0.349,-1,Echolocation,192000.0,/mnt/ubna_data_05/recover-20250324/UBNA_024/20250319_030000.WAV,recover-20250324,UBNA_024,Foliage
HF,47040.0,25.196302828618972,162.1265,162.1308,40937.0,71828.0,Myotis alcathoe,0.269,0.461,-1,Echolocation,192000.0,/mnt/ubna_data_05/recover-20250324/UBNA_024/20250319_030000.WAV,recover-20250324,UBNA_024,Foliage
HF,48960.0,9.825839657381474,162.2215,162.2257,43515.0,60506.0,Myotis alcathoe,0.144,0.383,-1,Echolocation,192000.0,/mnt/ubna_data_05/recover-20250324/UBNA_024/20250319_030000.WAV,recover-20250324,UBNA_024,Foliage
HF,48960.0,20.385020687346152,162.3065,162.3108,42656.0,65025.0,Myotis alcathoe,0.176,0.421,-1,Echolocation,192000.0,/mnt/ubna_data_05/recover-20250324/UBNA_024/20250319_030000.WAV,recover-20250324,UBNA_024,Foliage
HF,48000.0,8.301482085257874,162.3795,162.3838,45234.0,60460.0,Pipistrellus pipistrellus,0.26,0.46,-1,Echolocation,192000.0,/mnt/ubna_data_05/recover-20250324/UBNA_024/20250319_030000.WAV,recover-20250324,UBNA_024,Foliage
HF,48000.0,6.1300983174662385,162.5285,162.5328,44375.0,63689.0,Myotis alcathoe,0.169,0.482,-1,Echolocation,192000.0,/mnt/ubna_data_05/recover-20250324/UBNA_024/20250319_030000.WAV,recover-20250324,UBNA_024,Foliage
HF,47040.0,3.405185099406756,162.5935,162.5973,45234.0,64042.0,Myotis alcathoe,0.11,0.295,-1,Echolocation,192000.0,/mnt/ubna_data_05/recover-20250324/UBNA_024/20250319_030000.WAV,recover-20250324,UBNA_024,Foliage
HF,50880.0,6.406264528652409,162.70850000000002,162.7133,46093.0,60184.0,Pipistrellus pipistrellus,0.546,0.628,-1,Echolocation,192000.0,/mnt/ubna_data_05/recover-20250324/UBNA_024/20250319_030000.WAV,recover-20250324,UBNA_024,Foliage
HF,48000.0,6.481801939391288,162.7885,162.7928,45234.0,56227.0,Pipistrellus pipistrellus,0.455,0.508,-1,Echolocation,192000.0,/mnt/ubna_data_05/recover-20250324/UBNA_024/20250319_030000.WAV,recover-20250324,UBNA_024,Foliage
HF,47040.0,7.202283630984251,162.8655,162.8698,46093.0,60908.0,Pipistrellus pipistrellus,0.35,0.489,-1,Echolocation,192000.0,/mnt/ubna_data_05/recover-20250324/UBNA_024/20250319_030000.WAV,recover-20250324,UBNA_024,Foliage
HF,50880.0,3.3461447646021805,162.9495,162.9535,43515.0,57355.0,Pipistrellus pipistrellus,0.194,0.353,-1,Echolocation,192000.0,/mnt/ubna_data_05/recover-20250324/UBNA_024/20250319_030000.WAV,recover-20250324,UBNA_024,Foliage
HF,48960.0,11.445427999331464,163.0335,163.0379,45234.0,59465.0,Pipistrellus pipistrellus,0.482,0.594,-1,Echolocation,192000.0,/mnt/ubna_data_05/recover-20250324/UBNA_024/20250319_030000.WAV,recover-20250324,UBNA_024,Foliage
HF,48000.0,3.837829554692381,163.1595,163.164,47812.0,56918.0,Pipistrellus pipistrellus,0.509,0.526,-1,Echolocation,192000.0,/mnt/ubna_data_05/recover-20250324/UBNA_024/20250319_030000.WAV,recover-20250324,UBNA_024,Foliage
HF,48000.0,3.891782994267002,163.3155,163.3209,46953.0,57258.0,Pipistrellus pipistrellus,0.463,0.491,-1,Echolocation,192000.0,/mnt/ubna_data_05/recover-20250324/UBNA_024/20250319_030000.WAV,recover-20250324,UBNA_024,Foliage
HF,48960.0,5.476215130697227,163.4035,163.4084,46953.0,58019.0,Pipistrellus pipistrellus,0.562,0.608,-1,Echolocation,192000.0,/mnt/ubna_data_05/recover-20250324/UBNA_024/20250319_030000.WAV,recover-20250324,UBNA_024,Foliage
HF,47040.0,5.649749262148996,164.1265,164.1312,45234.0,55285.0,Pipistrellus pipistrellus,0.483,0.512,-1,Echolocation,192000.0,/mnt/ubna_data_05/recover-20250324/UBNA_024/20250319_030000.WAV,recover-20250324,UBNA_024,Foliage
HF,46080.0,8.865188545330163,164.2785,164.285,45234.0,59107.0,Pipistrellus pipistrellus,0.426,0.527,-1,Echolocation,192000.0,/mnt/ubna_data_05/recover-20250324/UBNA_024/20250319_030000.WAV,recover-20250324,UBNA_024,Foliage
HF,48000.0,2.0188938677403643,164.4185,164.4245,47812.0,53168.0,Pipistrellus pipistrellus,0.32,0.329,-1,Echolocation,192000.0,/mnt/ubna_data_05/recover-20250324/UBNA_024/20250319_030000.WAV,recover-20250324,UBNA_024,Foliage
HF,48000.0,7.127235682188642,164.4945,164.4996,46093.0,55297.0,Pipistrellus pipistrellus,0.468,0.483,-1,Echolocation,192000.0,/mnt/ubna_data_05/recover-20250324/UBNA_024/20250319_030000.WAV,recover-20250324,UBNA_024,Foliage
HF,47040.0,5.1879831371450456,164.7305,164.7371,44375.0,54616.0,Pipistrellus pipistrellus,0.387,0.411,-1,Echolocation,192000.0,/mnt/ubna_data_05/recover-20250324/UBNA_024/20250319_030000.WAV,recover-20250324,UBNA_024,Foliage
HF,46080.0,2.9790699182320814,164.9055,164.9132,44375.0,50920.0,Pipistrellus pipistrellus,0.441,0.463,-1,Echolocation,192000.0,/mnt/ubna_data_05/recover-20250324/UBNA_024/20250319_030000.WAV,recover-20250324,UBNA_024,Foliage
HF,45120.0,3.4481175288135124,165.0865,165.0938,43515.0,50134.0,Pipistrellus pipistrellus,0.413,0.486,-1,Echolocation,192000.0,/mnt/ubna_data_05/recover-20250324/UBNA_024/20250319_030000.WAV,recover-20250324,UBNA_024,Foliage
HF,45120.0,4.886778268092473,165.6615,165.668,43515.0,52372.0,Pipistrellus pipistrellus,0.487,0.553,-1,Echolocation,192000.0,/mnt/ubna_data_05/recover-20250324/UBNA_024/20250319_030000.WAV,recover-20250324,UBNA_024,Foliage
HF,46080.0,2.7741913142725245,165.8425,165.849,45234.0,54736.0,Pipistrellus pipistrellus,0.27,0.282,-1,Echolocation,192000.0,/mnt/ubna_data_05/recover-20250324/UBNA_024/20250319_030000.WAV,recover-20250324,UBNA_024,Foliage
HF,47040.0,3.540411642628733,166.2615,166.2664,44375.0,50333.0,Pipistrellus pipistrellus,0.206,0.221,-1,Echolocation,192000.0,/mnt/ubna_data_05/recover-20250324/UBNA_024/20250319_030000.WAV,recover-20250324,UBNA_024,Foliage
HF,46080.0,3.955483679290977,156.4205,156.4271,45234.0,52381.0,Pipistrellus pipistrellus,0.445,0.482,-1,Echolocation,192000.0,/mnt/ubna_data_05/recover-20250324/UBNA_024/20250319_031000.WAV,recover-20250324,UBNA_024,Foliage
HF,47040.0,1.8038465733320859,156.6275,156.6334,43515.0,48834.0,Pipistrellus pipistrellus,0.252,0.274,-1,Echolocation,192000.0,/mnt/ubna_data_05/recover-20250324/UBNA_024/20250319_031000.WAV,recover-20250324,UBNA_024,Foliage
HF,46080.0,3.3858961512640935,156.9435,156.9503,43515.0,49838.0,Pipistrellus pipistrellus,0.403,0.48,-1,Echolocation,192000.0,/mnt/ubna_data_05/recover-20250324/UBNA_024/20250319_031000.WAV,recover-20250324,UBNA_024,Foliage
HF,46080.0,6.158524031941357,157.0475,157.0536,44375.0,50514.0,Pipistrellus pipistrellus,0.467,0.496,-1,Echolocation,192000.0,/mnt/ubna_data_05/recover-20250324/UBNA_024/20250319_031000.WAV,recover-20250324,UBNA_024,Foliage
HF,46080.0,8.356175136224149,157.1505,157.156,43515.0,51107.0,Pipistrellus pipistrellus,0.473,0.544,-1,Echolocation,192000.0,/mnt/ubna_data_05/recover-20250324/UBNA_024/20250319_031000.WAV,recover-20250324,UBNA_024,Foliage
HF,48000.0,8.825334788708668,157.2515,157.2569,43515.0,57095.0,Pipistrellus pipistrellus,0.515,0.607,-1,Echolocation,192000.0,/mnt/ubna_data_05/recover-20250324/UBNA_024/20250319_031000.WAV,recover-20250324,UBNA_024,Foliage
HF,45120.0,4.527133652300435,157.4485,157.4565,44375.0,51495.0,Pipistrellus pipistrellus,0.339,0.372,-1,Echolocation,192000.0,/mnt/ubna_data_05/recover-20250324/UBNA_024/20250319_031000.WAV,recover-20250324,UBNA_024,Foliage
HF,46080.0,14.27767349000423,157.5455,157.5512,44375.0,53699.0,Pipistrellus pipistrellus,0.547,0.581,-1,Echolocation,192000.0,/mnt/ubna_data_05/recover-20250324/UBNA_024/20250319_031000.WAV,recover-20250324,UBNA_024,Foliage
HF,45120.0,3.1507453073349785,157.6415,157.6491,43515.0,50916.0,Pipistrellus pipistrellus,0.262,0.302,-1,Echolocation,192000.0,/mnt/ubna_data_05/recover-20250324/UBNA_024/20250319_031000.WAV,recover-20250324,UBNA_024,Foliage
HF,46080.0,10.967745211614929,157.7325,157.7377,44375.0,55291.0,Pipistrellus pipistrellus,0.545,0.598,-1,Echolocation,192000.0,/mnt/ubna_data_05/recover-20250324/UBNA_024/20250319_031000.WAV,recover-20250324,UBNA_024,Foliage
HF,46080.0,7.733853466105013,157.8295,157.8364,44375.0,50075.0,Pipistrellus pipistrellus,0.471,0.515,-1,Echolocation,192000.0,/mnt/ubna_data_05/recover-20250324/UBNA_024/20250319_031000.WAV,recover-20250324,UBNA_024,Foliage
HF,47040.0,4.148902041964078,157.9215,157.9287,45234.0,54239.0,Pipistrellus pipistrellus,0.314,0.334,-1,Echolocation,192000.0,/mnt/ubna_data_05/recover-20250324/UBNA_024/20250319_031000.WAV,recover-20250324,UBNA_024,Foliage
HF,46080.0,2.7865873027464767,166.8605,166.86599999999999,44375.0,51912.0,Pipistrellus pipistrellus,0.241,0.257,-1,Echolocation,192000.0,/mnt/ubna_data_05/recover-20250324/UBNA_024/20250319_031000.WAV,recover-20250324,UBNA_024,Foliage
HF,46080.0,8.632281626238022,167.0465,167.0517,45234.0,56987.0,Pipistrellus pipistrellus,0.512,0.586,-1,Echolocation,192000.0,/mnt/ubna_data_05/recover-20250324/UBNA_024/20250319_031000.WAV,recover-20250324,UBNA_024,Foliage
HF,46080.0,9.18318256766391,167.2515,167.2576,42656.0,55546.0,Pipistrellus pipistrellus,0.158,0.345,-1,Echolocation,192000.0,/mnt/ubna_data_05/recover-20250324/UBNA_024/20250319_031000.WAV,recover-20250324,UBNA_024,Foliage
HF,46080.0,1.8888246294839024,167.4565,167.4622,44375.0,53079.0,Pipistrellus pipistrellus,0.487,0.533,-1,Echolocation,192000.0,/mnt/ubna_data_05/recover-20250324/UBNA_024/20250319_031000.WAV,recover-20250324,UBNA_024,Foliage
HF,47040.0,3.4624712843372474,167.5555,167.5617,44375.0,53204.0,Pipistrellus pipistrellus,0.265,0.281,-1,Echolocation,192000.0,/mnt/ubna_data_05/recover-20250324/UBNA_024/20250319_031000.WAV,recover-20250324,UBNA_024,Foliage
HF,47040.0,3.772267319744904,167.6505,167.6576,44375.0,49115.0,Pipistrellus pipistrellus,0.294,0.331,-1,Echolocation,192000.0,/mnt/ubna_data_05/recover-20250324/UBNA_024/20250319_031000.WAV,recover-20250324,UBNA_024,Foliage
HF,45120.0,5.687706626599574,167.7245,167.7308,43515.0,50372.0,Pipistrellus pipistrellus,0.401,0.431,-1,Echolocation,192000.0,/mnt/ubna_data_05/recover-20250324/UBNA_024/20250319_031000.WAV,recover-20250324,UBNA_024,Foliage
HF,46080.0,10.035510875151004,167.8005,167.8052,43515.0,53059.0,Pipistrellus pipistrellus,0.527,0.565,-1,Echolocation,192000.0,/mnt/ubna_data_05/recover-20250324/UBNA_024/20250319_031000.WAV,recover-20250324,UBNA_024,Foliage
HF,45120.0,4.861260380058174,167.8745,167.8811,43515.0,52826.0,Pipistrellus pipistrellus,0.343,0.384,-1,Echolocation,192000.0,/mnt/ubna_data_05/recover-20250324/UBNA_024/20250319_031000.WAV,recover-20250324,UBNA_024,Foliage
HF,46080.0,4.782568704223168,167.9515,167.9596,44375.0,50080.0,Pipistrellus pipistrellus,0.332,0.396,-1,Echolocation,192000.0,/mnt/ubna_data_05/recover-20250324/UBNA_024/20250319_031000.WAV,recover-20250324,UBNA_024,Foliage
HF,46080.0,3.3847290613430614,168.0355,168.0418,45234.0,54241.0,Pipistrellus pipistrellus,0.326,0.34,-1,Echolocation,192000.0,/mnt/ubna_data_05/recover-20250324/UBNA_024/20250319_031000.WAV,recover-20250324,UBNA_024,Foliage
HF,46080.0,8.935231730908566,168.1135,168.1196,43515.0,51410.0,Pipistrellus pipistrellus,0.403,0.475,-1,Echolocation,192000.0,/mnt/ubna_data_05/recover-20250324/UBNA_024/20250319_031000.WAV,recover-20250324,UBNA_024,Foliage
HF,47040.0,5.420695283457441,168.2105,168.2157,44375.0,55192.0,Pipistrellus pipistrellus,0.592,0.628,-1,Echolocation,192000.0,/mnt/ubna_data_05/recover-20250324/UBNA_024/20250319_031000.WAV,recover-20250324,UBNA_024,Foliage
HF,47040.0,4.844589434009194,168.3045,168.3108,44375.0,51423.0,Pipistrellus pipistrellus,0.259,0.273,-1,Echolocation,192000.0,/mnt/ubna_data_05/recover-20250324/UBNA_024/20250319_031000.WAV,recover-20250324,UBNA_024,Foliage
HF,47040.0,12.117265159087957,168.5125,168.5177,43515.0,57486.0,Pipistrellus pipistrellus,0.528,0.614,-1,Echolocation,192000.0,/mnt/ubna_data_05/recover-20250324/UBNA_024/20250319_031000.WAV,recover-20250324,UBNA_024,Foliage
HF,47040.0,4.004077791610973,168.6105,168.617,43515.0,49422.0,Pipistrellus pipistrellus,0.327,0.366,-1,Echolocation,192000.0,/mnt/ubna_data_05/recover-20250324/UBNA_024/20250319_031000.WAV,recover-20250324,UBNA_024,Foliage
HF,45120.0,3.5831993931518085,168.7075,168.7155,43515.0,48557.0,Pipistrellus pipistrellus,0.396,0.425,-1,Echolocation,192000.0,/mnt/ubna_data_05/recover-20250324/UBNA_024/20250319_031000.WAV,recover-20250324,UBNA_024,Foliage
LF,23040.0,0.3470700309482093,152.4405,152.4496,22031.0,30705.0,Plecotus austriacus,0.08,0.236,-1,Echolocation,192000.0,/mnt/ubna_data_05/recover-20250324/UBNA_024/20250319_032000.WAV,recover-20250324,UBNA_024,Foliage
HF,45120.0,1.7276921023420588,276.2685,276.2764,44375.0,49662.0,Pipistrellus pipistrellus,0.255,0.26,-1,Echolocation,192000.0,/mnt/ubna_data_05/recover-20250324/UBNA_024/20250319_033000.WAV,recover-20250324,UBNA_024,Foliage
HF,46080.0,4.5974979228637265,276.7335,276.7413,45234.0,50980.0,Pipistrellus pipistrellus,0.497,0.543,-1,Echolocation,192000.0,/mnt/ubna_data_05/recover-20250324/UBNA_024/20250319_033000.WAV,recover-20250324,UBNA_024,Foliage
HF,46080.0,2.5274577278695216,276.8385,276.84590000000003,45234.0,50551.0,Pipistrellus pipistrellus,0.331,0.356,-1,Echolocation,192000.0,/mnt/ubna_data_05/recover-20250324/UBNA_024/20250319_033000.WAV,recover-20250324,UBNA_024,Foliage
HF,46080.0,9.211133795801828,277.1605,277.1667,45234.0,51801.0,Pipistrellus pipistrellus,0.489,0.496,-1,Echolocation,192000.0,/mnt/ubna_data_05/recover-20250324/UBNA_024/20250319_033000.WAV,recover-20250324,UBNA_024,Foliage
HF,46080.0,3.846950209687014,277.5945,277.6009,46093.0,52978.0,Pipistrellus pipistrellus,0.501,0.515,-1,Echolocation,192000.0,/mnt/ubna_data_05/recover-20250324/UBNA_024/20250319_033000.WAV,recover-20250324,UBNA_024,Foliage
HF,46080.0,3.1424330199455506,277.6985,277.7054,45234.0,50524.0,Pipistrellus pipistrellus,0.402,0.414,-1,Echolocation,192000.0,/mnt/ubna_data_05/recover-20250324/UBNA_024/20250319_033000.WAV,recover-20250324,UBNA_024,Foliage
HF,46080.0,6.011685699265365,277.8005,277.8084,45234.0,54188.0,Pipistrellus pipistrellus,0.466,0.514,-1,Echolocation,192000.0,/mnt/ubna_data_05/recover-20250324/UBNA_024/20250319_033000.WAV,recover-20250324,UBNA_024,Foliage
HF,46080.0,4.664523129855137,277.9095,277.9154,45234.0,53921.0,Pipistrellus pipistrellus,0.471,0.48,-1,Echolocation,192000.0,/mnt/ubna_data_05/recover-20250324/UBNA_024/20250319_033000.WAV,recover-20250324,UBNA_024,Foliage
HF,46080.0,3.8419695377598306,278.0125,278.019,45234.0,52604.0,Pipistrellus pipistrellus,0.501,0.518,-1,Echolocation,192000.0,/mnt/ubna_data_05/recover-20250324/UBNA_024/20250319_033000.WAV,recover-20250324,UBNA_024,Foliage
HF,46080.0,2.961592248435809,278.1875,278.19780000000003,42656.0,50329.0,Pipistrellus pipistrellus,0.281,0.447,-1,Echolocation,192000.0,/mnt/ubna_data_05/recover-20250324/UBNA_024/20250319_033000.WAV,recover-20250324,UBNA_024,Foliage
HF,46080.0,3.9550218276254654,278.2965,278.3052,45234.0,52639.0,Pipistrellus pipistrellus,0.468,0.566,-1,Echolocation,192000.0,/mnt/ubna_data_05/recover-20250324/UBNA_024/20250319_033000.WAV,recover-20250324,UBNA_024,Foliage
HF,46080.0,5.71162672522492,278.4015,278.4079,44375.0,54392.0,Pipistrellus pipistrellus,0.461,0.508,-1,Echolocation,192000.0,/mnt/ubna_data_05/recover-20250324/UBNA_024/20250319_033000.WAV,recover-20250324,UBNA_024,Foliage
HF,47040.0,4.185540200865696,278.5105,278.5164,44375.0,53979.0,Pipistrellus pipistrellus,0.502,0.543,-1,Echolocation,192000.0,/mnt/ubna_data_05/recover-20250324/UBNA_024/20250319_033000.WAV,recover-20250324,UBNA_024,Foliage
HF,46080.0,2.9553590660741706,278.5925,278.60699999999997,45234.0,50363.0,Pipistrellus pipistrellus,0.226,0.24,-1,Echolocation,192000.0,/mnt/ubna_data_05/recover-20250324/UBNA_024/20250319_033000.WAV,recover-20250324,UBNA_024,Foliage
HF,48000.0,2.9471181780002498,278.6555,278.6616,46093.0,54837.0,Pipistrellus pipistrellus,0.246,0.255,-1,Echolocation,192000.0,/mnt/ubna_data_05/recover-20250324/UBNA_024/20250319_033000.WAV,recover-20250324,UBNA_024,Foliage
HF,44160.0,3.6921739047807387,278.7665,278.7743,44375.0,51547.0,Pipistrellus pipistrellus,0.46,0.493,-1,Echolocation,192000.0,/mnt/ubna_data_05/recover-20250324/UBNA_024/20250319_033000.WAV,recover-20250324,UBNA_024,Foliage
HF,46080.0,6.628587855934853,278.8625,278.8687,45234.0,57391.0,Pipistrellus pipistrellus,0.48,0.524,-1,Echolocation,192000.0,/mnt/ubna_data_05/recover-20250324/UBNA_024/20250319_033000.WAV,recover-20250324,UBNA_024,Foliage
HF,46080.0,4.651082048735558,279.1205,279.1255,43515.0,52784.0,Pipistrellus pipistrellus,0.46,0.505,-1,Echolocation,192000.0,/mnt/ubna_data_05/recover-20250324/UBNA_024/20250319_033000.WAV,recover-20250324,UBNA_024,Foliage
HF,46080.0,5.977877794621823,279.2125,279.2188,45234.0,53633.0,Pipistrellus pipistrellus,0.323,0.334,-1,Echolocation,192000.0,/mnt/ubna_data_05/recover-20250324/UBNA_024/20250319_033000.WAV,recover-20250324,UBNA_024,Foliage
HF,46080.0,4.8346263486619145,279.3835,279.3908,44375.0,55133.0,Pipistrellus pipistrellus,0.325,0.352,-1,Echolocation,192000.0,/mnt/ubna_data_05/recover-20250324/UBNA_024/20250319_033000.WAV,recover-20250324,UBNA_024,Foliage
HF,47040.0,9.493548326347414,279.4785,279.4849,46093.0,55461.0,Pipistrellus pipistrellus,0.493,0.525,-1,Echolocation,192000.0,/mnt/ubna_data_05/recover-20250324/UBNA_024/20250319_033000.WAV,recover-20250324,UBNA_024,Foliage
HF,46080.0,4.726918583383288,279.5715,279.5801,45234.0,53773.0,Pipistrellus pipistrellus,0.464,0.501,-1,Echolocation,192000.0,/mnt/ubna_data_05/recover-20250324/UBNA_024/20250319_033000.WAV,recover-20250324,UBNA_024,Foliage
HF,47040.0,5.019917030900153,279.6545,279.6614,46953.0,53946.0,Pipistrellus pipistrellus,0.51,0.525,-1,Echolocation,192000.0,/mnt/ubna_data_05/recover-20250324/UBNA_024/20250319_033000.WAV,recover-20250324,UBNA_024,Foliage
HF,48000.0,6.099511945422135,279.7395,279.7464,45234.0,56594.0,Pipistrellus pipistrellus,0.464,0.512,-1,Echolocation,192000.0,/mnt/ubna_data_05/recover-20250324/UBNA_024/20250319_033000.WAV,recover-20250324,UBNA_024,Foliage
HF,48000.0,3.4523053228205853,279.8235,279.8293,44375.0,53294.0,Pipistrellus pipistrellus,0.344,0.382,-1,Echolocation,192000.0,/mnt/ubna_data_05/recover-20250324/UBNA_024/20250319_033000.WAV,recover-20250324,UBNA_024,Foliage
HF,46080.0,7.059645021794094,279.9105,279.9165,45234.0,54856.0,Pipistrellus pipistrellus,0.49,0.519,-1,Echolocation,192000.0,/mnt/ubna_data_05/recover-20250324/UBNA_024/20250319_033000.WAV,recover-20250324,UBNA_024,Foliage
HF,47040.0,8.552778628890227,280.0845,280.09,45234.0,55347.0,Pipistrellus pipistrellus,0.592,0.605,-1,Echolocation,192000.0,/mnt/ubna_data_05/recover-20250324/UBNA_024/20250319_033000.WAV,recover-20250324,UBNA_024,Foliage
HF,46080.0,2.2319811098754045,280.1735,280.1796,45234.0,53313.0,Pipistrellus pipistrellus,0.455,0.465,-1,Echolocation,192000.0,/mnt/ubna_data_05/recover-20250324/UBNA_024/20250319_033000.WAV,recover-20250324,UBNA_024,Foliage
HF,46080.0,5.493511302568029,280.2645,280.2711,46093.0,52515.0,Pipistrellus pipistrellus,0.508,0.531,-1,Echolocation,192000.0,/mnt/ubna_data_05/recover-20250324/UBNA_024/20250319_033000.WAV,recover-20250324,UBNA_024,Foliage
HF,46080.0,4.902834443326661,280.3585,280.3643,45234.0,53528.0,Pipistrellus pipistrellus,0.56,0.577,-1,Echolocation,192000.0,/mnt/ubna_data_05/recover-20250324/UBNA_024/20250319_033000.WAV,recover-20250324,UBNA_024,Foliage
HF,48000.0,6.8522288430526,280.4575,280.4633,46953.0,56894.0,Pipistrellus pipistrellus,0.604,0.627,-1,Echolocation,192000.0,/mnt/ubna_data_05/recover-20250324/UBNA_024/20250319_033000.WAV,recover-20250324,UBNA_024,Foliage
HF,47040.0,8.048109950297045,280.5505,280.5561,46093.0,53087.0,Pipistrellus pipistrellus,0.537,0.553,-1,Echolocation,192000.0,/mnt/ubna_data_05/recover-20250324/UBNA_024/20250319_033000.WAV,recover-20250324,UBNA_024,Foliage
HF,46080.0,5.879859983862366,280.7425,280.7499,46093.0,53547.0,Pipistrellus pipistrellus,0.509,0.521,-1,Echolocation,192000.0,/mnt/ubna_data_05/recover-20250324/UBNA_024/20250319_033000.WAV,recover-20250324,UBNA_024,Foliage
HF,47040.0,5.305431948349899,280.8545,280.861,45234.0,52244.0,Pipistrellus pipistrellus,0.532,0.548,-1,Echolocation,192000.0,/mnt/ubna_data_05/recover-20250324/UBNA_024/20250319_033000.WAV,recover-20250324,UBNA_024,Foliage
HF,48960.0,2.404346687378616,280.9505,280.9584,46953.0,52303.0,Pipistrellus pipistrellus,0.266,0.276,-1,Echolocation,192000.0,/mnt/ubna_data_05/recover-20250324/UBNA_024/20250319_033000.WAV,recover-20250324,UBNA_024,Foliage
HF,46080.0,4.924887012930788,281.0435,281.0498,46093.0,55210.0,Pipistrellus pipistrellus,0.559,0.571,-1,Echolocation,192000.0,/mnt/ubna_data_05/recover-20250324/UBNA_024/20250319_033000.WAV,recover-20250324,UBNA_024,Foliage
HF,48960.0,3.503131568065191,281.1315,281.137,46953.0,54575.0,Pipistrellus pipistrellus,0.372,0.377,-1,Echolocation,192000.0,/mnt/ubna_data_05/recover-20250324/UBNA_024/20250319_033000.WAV,recover-20250324,UBNA_024,Foliage
HF,46080.0,6.408802337968186,281.2175,281.2246,46093.0,52119.0,Pipistrellus pipistrellus,0.436,0.451,-1,Echolocation,192000.0,/mnt/ubna_data_05/recover-20250324/UBNA_024/20250319_033000.WAV,recover-20250324,UBNA_024,Foliage
HF,48960.0,3.041208361484422,281.3125,281.3176,47812.0,56816.0,Pipistrellus pipistrellus,0.323,0.331,-1,Echolocation,192000.0,/mnt/ubna_data_05/recover-20250324/UBNA_024/20250319_033000.WAV,recover-20250324,UBNA_024,Foliage
HF,52800.0,4.944191016978998,281.4065,281.4117,46953.0,59161.0,Pipistrellus pipistrellus,0.521,0.56,-1,Echolocation,192000.0,/mnt/ubna_data_05/recover-20250324/UBNA_024/20250319_033000.WAV,recover-20250324,UBNA_024,Foliage
HF,47040.0,5.121166165165566,281.5905,281.5955,46093.0,57762.0,Pipistrellus pipistrellus,0.5,0.519,-1,Echolocation,192000.0,/mnt/ubna_data_05/recover-20250324/UBNA_024/20250319_033000.WAV,recover-20250324,UBNA_024,Foliage
HF,47040.0,3.8698575813415816,281.8435,281.8487,45234.0,56288.0,Pipistrellus pipistrellus,0.462,0.482,-1,Echolocation,192000.0,/mnt/ubna_data_05/recover-20250324/UBNA_024/20250319_033000.WAV,recover-20250324,UBNA_024,Foliage
HF,40320.0,1.3304146633206593,293.8415,293.854,39218.0,43528.0,Pipistrellus nathusii,0.173,0.23,-1,Echolocation,192000.0,/mnt/ubna_data_05/recover-20250324/UBNA_024/20250319_033000.WAV,recover-20250324,UBNA_024,Foliage
HF,46080.0,3.7209276524232977,30.9365,30.9428,45234.0,51911.0,Pipistrellus pipistrellus,0.258,0.278,-1,Echolocation,192000.0,/mnt/ubna_data_05/recover-20250324/UBNA_024/20250319_034000.WAV,recover-20250324,UBNA_024,Foliage
HF,48000.0,2.7274364823689714,34.2705,34.2782,46953.0,51509.0,Pipistrellus pipistrellus,0.207,0.215,-1,Echolocation,192000.0,/mnt/ubna_data_05/recover-20250324/UBNA_024/20250319_034000.WAV,recover-20250324,UBNA_024,Foliage
HF,48000.0,3.9042359996061737,34.3755,34.3817,45234.0,58101.0,Pipistrellus pipistrellus,0.187,0.243,-1,Echolocation,192000.0,/mnt/ubna_data_05/recover-20250324/UBNA_024/20250319_034000.WAV,recover-20250324,UBNA_024,Foliage
HF,48000.0,1.7893882896111182,35.460499999999996,35.4673,46953.0,52950.0,Pipistrellus pipistrellus,0.315,0.344,-1,Echolocation,192000.0,/mnt/ubna_data_05/recover-20250324/UBNA_024/20250319_034000.WAV,recover-20250324,UBNA_024,Foliage
HF,48000.0,2.5164082143642306,35.6575,35.6629,46093.0,57034.0,Pipistrellus pipistrellus,0.189,0.219,-1,Echolocation,192000.0,/mnt/ubna_data_05/recover-20250324/UBNA_024/20250319_034000.WAV,recover-20250324,UBNA_024,Foliage
HF,48960.0,8.922984784399006,35.7615,35.7662,46093.0,59756.0,Pipistrellus pipistrellus,0.488,0.575,-1,Echolocation,192000.0,/mnt/ubna_data_05/recover-20250324/UBNA_024/20250319_034000.WAV,recover-20250324,UBNA_024,Foliage
HF,48960.0,3.3715715949037515,35.8485,35.8531,46093.0,59250.0,Pipistrellus pipistrellus,0.394,0.435,-1,Echolocation,192000.0,/mnt/ubna_data_05/recover-20250324/UBNA_024/20250319_034000.WAV,recover-20250324,UBNA_024,Foliage
HF,48960.0,4.665794613375558,36.1165,36.1216,45234.0,61854.0,Pipistrellus pipistrellus,0.131,0.244,-1,Echolocation,192000.0,/mnt/ubna_data_05/recover-20250324/UBNA_024/20250319_034000.WAV,recover-20250324,UBNA_024,Foliage
HF,48000.0,14.043265858498762,36.2125,36.218,46093.0,60014.0,Pipistrellus pipistrellus,0.13,0.251,-1,Echolocation,192000.0,/mnt/ubna_data_05/recover-20250324/UBNA_024/20250319_034000.WAV,recover-20250324,UBNA_024,Foliage
HF,48960.0,6.7689293800666555,36.3055,36.3105,46093.0,65993.0,Myotis alcathoe,0.244,0.317,-1,Echolocation,192000.0,/mnt/ubna_data_05/recover-20250324/UBNA_024/20250319_034000.WAV,recover-20250324,UBNA_024,Foliage
HF,49920.0,7.369953392638252,36.4335,36.438,44375.0,60119.0,Myotis alcathoe,0.121,0.259,-1,Echolocation,192000.0,/mnt/ubna_data_05/recover-20250324/UBNA_024/20250319_034000.WAV,recover-20250324,UBNA_024,Foliage
HF,52800.0,6.289492086689457,36.5575,36.5612,46953.0,69137.0,Myotis alcathoe,0.235,0.306,-1,Echolocation,192000.0,/mnt/ubna_data_05/recover-20250324/UBNA_024/20250319_034000.WAV,recover-20250324,UBNA_024,Foliage
HF,48960.0,8.616793299300149,36.6455,36.6501,46093.0,59730.0,Pipistrellus pipistrellus,0.158,0.218,-1,Echolocation,192000.0,/mnt/ubna_data_05/recover-20250324/UBNA_024/20250319_034000.WAV,recover-20250324,UBNA_024,Foliage
HF,47040.0,10.345514063478605,36.7265,36.7311,45234.0,65354.0,Myotis alcathoe,0.243,0.35,-1,Echolocation,192000.0,/mnt/ubna_data_05/recover-20250324/UBNA_024/20250319_034000.WAV,recover-20250324,UBNA_024,Foliage
HF,48000.0,16.817815231654922,36.8335,36.8384,45234.0,66022.0,Myotis alcathoe,0.261,0.384,-1,Echolocation,192000.0,/mnt/ubna_data_05/recover-20250324/UBNA_024/20250319_034000.WAV,recover-20250324,UBNA_024,Foliage
HF,51840.0,13.855813903248766,36.9245,36.9288,42656.0,73342.0,Myotis alcathoe,0.288,0.332,-1,Echolocation,192000.0,/mnt/ubna_data_05/recover-20250324/UBNA_024/20250319_034000.WAV,recover-20250324,UBNA_024,Foliage
HF,52800.0,10.590424307747487,37.0125,37.0168,46093.0,71734.0,Myotis alcathoe,0.338,0.426,-1,Echolocation,192000.0,/mnt/ubna_data_05/recover-20250324/UBNA_024/20250319_034000.WAV,recover-20250324,UBNA_024,Foliage
HF,48000.0,14.33532061585556,37.1055,37.1122,46953.0,58241.0,Pipistrellus pipistrellus,0.124,0.223,-1,Echolocation,192000.0,/mnt/ubna_data_05/recover-20250324/UBNA_024/20250319_034000.WAV,recover-20250324,UBNA_024,Foliage
HF,48960.0,8.622651826785022,37.1825,37.1867,43515.0,60439.0,Myotis alcathoe,0.139,0.289,-1,Echolocation,192000.0,/mnt/ubna_data_05/recover-20250324/UBNA_024/20250319_034000.WAV,recover-20250324,UBNA_024,Foliage
HF,51840.0,6.709698608583933,37.2425,37.2469,46953.0,64316.0,Myotis alcathoe,0.135,0.201,-1,Echolocation,192000.0,/mnt/ubna_data_05/recover-20250324/UBNA_024/20250319_034000.WAV,recover-20250324,UBNA_024,Foliage
HF,52800.0,16.110329892805773,37.3195,37.3239,42656.0,76445.0,Myotis alcathoe,0.335,0.421,-1,Echolocation,192000.0,/mnt/ubna_data_05/recover-20250324/UBNA_024/20250319_034000.WAV,recover-20250324,UBNA_024,Foliage
HF,49920.0,22.797186068968266,37.5075,37.512,41796.0,77817.0,Myotis alcathoe,0.369,0.426,-1,Echolocation,192000.0,/mnt/ubna_data_05/recover-20250324/UBNA_024/20250319_034000.WAV,recover-20250324,UBNA_024,Foliage
HF,48960.0,15.115054636842068,37.6085,37.612899999999996,44375.0,62130.0,Myotis alcathoe,0.13,0.254,-1,Echolocation,192000.0,/mnt/ubna_data_05/recover-20250324/UBNA_024/20250319_034000.WAV,recover-20250324,UBNA_024,Foliage
HF,48960.0,22.765526267945724,37.7065,37.7111,44375.0,73759.0,Myotis alcathoe,0.307,0.387,-1,Echolocation,192000.0,/mnt/ubna_data_05/recover-20250324/UBNA_024/20250319_034000.WAV,recover-20250324,UBNA_024,Foliage
HF,48960.0,12.494674294709338,37.8165,37.8207,45234.0,62059.0,Pipistrellus pipistrellus,0.127,0.243,-1,Echolocation,192000.0,/mnt/ubna_data_05/recover-20250324/UBNA_024/20250319_034000.WAV,recover-20250324,UBNA_024,Foliage
HF,48960.0,23.49536004752342,37.9105,37.9151,42656.0,76257.0,Myotis alcathoe,0.271,0.429,-1,Echolocation,192000.0,/mnt/ubna_data_05/recover-20250324/UBNA_024/20250319_034000.WAV,recover-20250324,UBNA_024,Foliage
HF,49920.0,11.831911590460926,38.0085,38.0143,44375.0,62251.0,Pipistrellus pipistrellus,0.389,0.584,-1,Echolocation,192000.0,/mnt/ubna_data_05/recover-20250324/UBNA_024/20250319_034000.WAV,recover-20250324,UBNA_024,Foliage
HF,51840.0,20.205667753765965,38.0925,38.097899999999996,43515.0,73360.0,Pipistrellus pipistrellus,0.25,0.527,-1,Echolocation,192000.0,/mnt/ubna_data_05/recover-20250324/UBNA_024/20250319_034000.WAV,recover-20250324,UBNA_024,Foliage
HF,48960.0,11.83649106470769,38.1855,38.1903,41796.0,60055.0,Myotis alcathoe,0.162,0.316,-1,Echolocation,192000.0,/mnt/ubna_data_05/recover-20250324/UBNA_024/20250319_034000.WAV,recover-20250324,UBNA_024,Foliage
HF,48960.0,19.897554450504693,38.2705,38.2762,43515.0,66543.0,Pipistrellus pipistrellus,0.26,0.519,-1,Echolocation,192000.0,/mnt/ubna_data_05/recover-20250324/UBNA_024/20250319_034000.WAV,recover-20250324,UBNA_024,Foliage
HF,51840.0,12.700411906092251,38.3575,38.3622,42656.0,61624.0,Myotis alcathoe,0.205,0.395,-1,Echolocation,192000.0,/mnt/ubna_data_05/recover-20250324/UBNA_024/20250319_034000.WAV,recover-20250324,UBNA_024,Foliage
HF,48000.0,1.953530838464509,38.4425,38.4489,46093.0,58810.0,Pipistrellus pipistrellus,0.222,0.27,-1,Echolocation,192000.0,/mnt/ubna_data_05/recover-20250324/UBNA_024/20250319_034000.WAV,recover-20250324,UBNA_024,Foliage
HF,48000.0,11.079166765379266,38.5295,38.5349,44375.0,59774.0,Pipistrellus pipistrellus,0.212,0.479,-1,Echolocation,192000.0,/mnt/ubna_data_05/recover-20250324/UBNA_024/20250319_034000.WAV,recover-20250324,UBNA_024,Foliage
HF,48000.0,6.68401676774086,38.6225,38.628,44375.0,58308.0,Pipistrellus pipistrellus,0.236,0.372,-1,Echolocation,192000.0,/mnt/ubna_data_05/recover-20250324/UBNA_024/20250319_034000.WAV,recover-20250324,UBNA_024,Foliage
HF,51840.0,4.995149835195206,38.7995,38.8049,46093.0,58567.0,Pipistrellus pipistrellus,0.304,0.374,-1,Echolocation,192000.0,/mnt/ubna_data_05/recover-20250324/UBNA_024/20250319_034000.WAV,recover-20250324,UBNA_024,Foliage
HF,52800.0,4.7276299774415085,39.5955,39.6005,50390.0,62102.0,Pipistrellus pipistrellus,0.23,0.321,-1,Echolocation,192000.0,/mnt/ubna_data_05/recover-20250324/UBNA_024/20250319_034000.WAV,recover-20250324,UBNA_024,Foliage
LF,23040.0,0.021819545086955962,55.314499999999995,55.331900000000005,22890.0,26647.0,Nyctalus leisleri,0.116,0.205,-1,Echolocation,192000.0,/mnt/ubna_data_05/recover-20250324/UBNA_024/20250319_043000.WAV,recover-20250324,UBNA_024,Foliage
HF,48000.0,1.877118895500477,134.0685,134.0752,46953.0,54912.0,Pipistrellus pipistrellus,0.216,0.223,-1,Echolocation,192000.0,/mnt/ubna_data_05/recover-20250324/UBNA_024/20250319_044000.WAV,recover-20250324,UBNA_024,Foliage
HF,48000.0,5.660058464261538,134.2265,134.2329,44375.0,56970.0,Pipistrellus pipistrellus,0.277,0.315,-1,Echolocation,192000.0,/mnt/ubna_data_05/recover-20250324/UBNA_024/20250319_044000.WAV,recover-20250324,UBNA_024,Foliage
HF,48000.0,4.846350166632104,134.3155,134.3218,46093.0,53030.0,Pipistrellus pipistrellus,0.353,0.359,-1,Echolocation,192000.0,/mnt/ubna_data_05/recover-20250324/UBNA_024/20250319_044000.WAV,recover-20250324,UBNA_024,Foliage
HF,47040.0,7.198385172055776,134.3995,134.4056,45234.0,53951.0,Pipistrellus pipistrellus,0.447,0.475,-1,Echolocation,192000.0,/mnt/ubna_data_05/recover-20250324/UBNA_024/20250319_044000.WAV,recover-20250324,UBNA_024,Foliage
HF,48000.0,9.002036622409069,134.4935,134.499,46093.0,53757.0,Pipistrellus pipistrellus,0.514,0.52,-1,Echolocation,192000.0,/mnt/ubna_data_05/recover-20250324/UBNA_024/20250319_044000.WAV,recover-20250324,UBNA_024,Foliage
HF,48000.0,8.613265943435017,134.5775,134.5832,46093.0,58421.0,Pipistrellus pipistrellus,0.585,0.616,-1,Echolocation,192000.0,/mnt/ubna_data_05/recover-20250324/UBNA_024/20250319_044000.WAV,recover-20250324,UBNA_024,Foliage
HF,46080.0,8.426323757332385,134.6705,134.6767,45234.0,51392.0,Pipistrellus pipistrellus,0.468,0.503,-1,Echolocation,192000.0,/mnt/ubna_data_05/recover-20250324/UBNA_024/20250319_044000.WAV,recover-20250324,UBNA_024,Foliage
HF,46080.0,13.741237522269849,134.7595,134.7642,45234.0,58109.0,Pipistrellus pipistrellus,0.569,0.592,-1,Echolocation,192000.0,/mnt/ubna_data_05/recover-20250324/UBNA_024/20250319_044000.WAV,recover-20250324,UBNA_024,Foliage
HF,46080.0,10.902833019573794,134.8505,134.8562,46093.0,57666.0,Pipistrellus pipistrellus,0.573,0.597,-1,Echolocation,192000.0,/mnt/ubna_data_05/recover-20250324/UBNA_024/20250319_044000.WAV,recover-20250324,UBNA_024,Foliage
HF,47040.0,12.825897634329056,134.9405,134.9456,45234.0,56643.0,Pipistrellus pipistrellus,0.559,0.598,-1,Echolocation,192000.0,/mnt/ubna_data_05/recover-20250324/UBNA_024/20250319_044000.WAV,recover-20250324,UBNA_024,Foliage
HF,46080.0,12.194141945418899,135.0315,135.0371,45234.0,53346.0,Pipistrellus pipistrellus,0.511,0.553,-1,Echolocation,192000.0,/mnt/ubna_data_05/recover-20250324/UBNA_024/20250319_044000.WAV,recover-20250324,UBNA_024,Foliage
HF,46080.0,14.155069990244586,135.1165,135.1215,43515.0,56523.0,Pipistrellus pipistrellus,0.506,0.537,-1,Echolocation,192000.0,/mnt/ubna_data_05/recover-20250324/UBNA_024/20250319_044000.WAV,recover-20250324,UBNA_024,Foliage
HF,46080.0,22.042839919688817,135.2745,135.28,43515.0,59758.0,Pipistrellus pipistrellus,0.564,0.62,-1,Echolocation,192000.0,/mnt/ubna_data_05/recover-20250324/UBNA_024/20250319_044000.WAV,recover-20250324,UBNA_024,Foliage
HF,46080.0,5.66041287579642,135.3655,135.3719,44375.0,51187.0,Pipistrellus pipistrellus,0.524,0.542,-1,Echolocation,192000.0,/mnt/ubna_data_05/recover-20250324/UBNA_024/20250319_044000.WAV,recover-20250324,UBNA_024,Foliage
HF,46080.0,11.68692434901715,135.4535,135.4579,42656.0,56153.0,Pipistrellus pipistrellus,0.516,0.566,-1,Echolocation,192000.0,/mnt/ubna_data_05/recover-20250324/UBNA_024/20250319_044000.WAV,recover-20250324,UBNA_024,Foliage
HF,46080.0,4.1413352112538,135.6235,135.6305,45234.0,59724.0,Pipistrellus pipistrellus,0.405,0.49,-1,Echolocation,192000.0,/mnt/ubna_data_05/recover-20250324/UBNA_024/20250319_044000.WAV,recover-20250324,UBNA_024,Foliage
HF,46080.0,5.797040796853908,135.7835,135.7893,44375.0,57449.0,Pipistrellus pipistrellus,0.361,0.389,-1,Echolocation,192000.0,/mnt/ubna_data_05/recover-20250324/UBNA_024/20250319_044000.WAV,recover-20250324,UBNA_024,Foliage
HF,47040.0,5.903528464058168,135.8725,135.8779,46093.0,58609.0,Pipistrellus pipistrellus,0.519,0.545,-1,Echolocation,192000.0,/mnt/ubna_data_05/recover-20250324/UBNA_024/20250319_044000.WAV,recover-20250324,UBNA_024,Foliage
HF,48960.0,8.429495443540551,135.9675,135.9733,46953.0,57901.0,Pipistrellus pipistrellus,0.571,0.613,-1,Echolocation,192000.0,/mnt/ubna_data_05/recover-20250324/UBNA_024/20250319_044000.WAV,recover-20250324,UBNA_024,Foliage
HF,46080.0,6.157069212078757,136.1345,136.1398,46093.0,57832.0,Pipistrellus pipistrellus,0.555,0.574,-1,Echolocation,192000.0,/mnt/ubna_data_05/recover-20250324/UBNA_024/20250319_044000.WAV,recover-20250324,UBNA_024,Foliage
HF,48000.0,3.243397215432015,136.2275,136.2361,46093.0,53460.0,Pipistrellus pipistrellus,0.228,0.241,-1,Echolocation,192000.0,/mnt/ubna_data_05/recover-20250324/UBNA_024/20250319_044000.WAV,recover-20250324,UBNA_024,Foliage
HF,47040.0,11.12213838027246,136.32150000000001,136.3271,46093.0,59368.0,Pipistrellus pipistrellus,0.497,0.573,-1,Echolocation,192000.0,/mnt/ubna_data_05/recover-20250324/UBNA_024/20250319_044000.WAV,recover-20250324,UBNA_024,Foliage
HF,48960.0,15.375336998328699,136.4945,136.5017,41796.0,62548.0,Pipistrellus pipistrellus,0.421,0.607,-1,Echolocation,192000.0,/mnt/ubna_data_05/recover-20250324/UBNA_024/20250319_044000.WAV,recover-20250324,UBNA_024,Foliage
HF,47040.0,3.1389255086523074,136.5855,136.5908,45234.0,53472.0,Pipistrellus pipistrellus,0.446,0.46,-1,Echolocation,192000.0,/mnt/ubna_data_05/recover-20250324/UBNA_024/20250319_044000.WAV,recover-20250324,UBNA_024,Foliage
HF,48000.0,18.1383092268739,136.67849999999999,136.6838,41796.0,60656.0,Pipistrellus pipistrellus,0.491,0.625,-1,Echolocation,192000.0,/mnt/ubna_data_05/recover-20250324/UBNA_024/20250319_044000.WAV,recover-20250324,UBNA_024,Foliage
HF,47040.0,17.979414746221302,136.8445,136.8499,42656.0,56370.0,Pipistrellus pipistrellus,0.413,0.469,-1,Echolocation,192000.0,/mnt/ubna_data_05/recover-20250324/UBNA_024/20250319_044000.WAV,recover-20250324,UBNA_024,Foliage
HF,47040.0,17.380838987231982,136.9375,136.9436,42656.0,57267.0,Pipistrellus pipistrellus,0.514,0.569,-1,Echolocation,192000.0,/mnt/ubna_data_05/recover-20250324/UBNA_024/20250319_044000.WAV,recover-20250324,UBNA_024,Foliage
HF,45120.0,13.571618914754957,137.1235,137.1289,43515.0,56543.0,Pipistrellus pipistrellus,0.592,0.631,-1,Echolocation,192000.0,/mnt/ubna_data_05/recover-20250324/UBNA_024/20250319_044000.WAV,recover-20250324,UBNA_024,Foliage
HF,45120.0,2.502794542022661,137.2215,137.2275,44375.0,52506.0,Pipistrellus pipistrellus,0.538,0.553,-1,Echolocation,192000.0,/mnt/ubna_data_05/recover-20250324/UBNA_024/20250319_044000.WAV,recover-20250324,UBNA_024,Foliage
HF,44160.0,12.470666160856023,137.3205,137.3264,43515.0,57063.0,Pipistrellus pipistrellus,0.658,0.71,-1,Echolocation,192000.0,/mnt/ubna_data_05/recover-20250324/UBNA_024/20250319_044000.WAV,recover-20250324,UBNA_024,Foliage
HF,44160.0,8.342713417761086,137.5355,137.5414,42656.0,55378.0,Pipistrellus pipistrellus,0.587,0.672,-1,Echolocation,192000.0,/mnt/ubna_data_05/recover-20250324/UBNA_024/20250319_044000.WAV,recover-20250324,UBNA_024,Foliage
HF,44160.0,5.338880821506889,137.8275,137.8344,43515.0,52670.0,Pipistrellus pipistrellus,0.508,0.548,-1,Echolocation,192000.0,/mnt/ubna_data_05/recover-20250324/UBNA_024/20250319_044000.WAV,recover-20250324,UBNA_024,Foliage
HF,45120.0,4.214094047458888,138.0335,138.0391,43515.0,48911.0,Pipistrellus pipistrellus,0.286,0.345,-1,Echolocation,192000.0,/mnt/ubna_data_05/recover-20250324/UBNA_024/20250319_044000.WAV,recover-20250324,UBNA_024,Foliage
HF,46080.0,2.602613382508361,138.7545,138.7605,44375.0,51246.0,Pipistrellus pipistrellus,0.257,0.269,-1,Echolocation,192000.0,/mnt/ubna_data_05/recover-20250324/UBNA_024/20250319_044000.WAV,recover-20250324,UBNA_024,Foliage
LF,26880.0,3.0600041785527883,11.7785,11.7949,25468.0,29256.0,Nyctalus leisleri,0.14,0.274,-1,Echolocation,192000.0,/mnt/ubna_data_05/recover-20250324/UBNA_024/20250319_045000.WAV,recover-20250324,UBNA_024,Foliage
LF,25920.0,3.603499931649438,36.2215,36.2368,26328.0,28814.0,Nyctalus leisleri,0.273,0.387,-1,Echolocation,192000.0,/mnt/ubna_data_05/recover-20250324/UBNA_024/20250319_045000.WAV,recover-20250324,UBNA_024,Foliage
LF,25920.0,2.7339926061704944,36.9795,36.9971,25468.0,29007.0,Nyctalus leisleri,0.18,0.246,-1,Echolocation,192000.0,/mnt/ubna_data_05/recover-20250324/UBNA_024/20250319_045000.WAV,recover-20250324,UBNA_024,Foliage
LF,25920.0,1.4692946098899173,37.3515,37.3684,25468.0,29214.0,Nyctalus leisleri,0.278,0.361,-1,Echolocation,192000.0,/mnt/ubna_data_05/recover-20250324/UBNA_024/20250319_045000.WAV,recover-20250324,UBNA_024,Foliage
LF,25920.0,5.937131653149605,37.6125,37.6286,25468.0,28364.0,Nyctalus leisleri,0.451,0.546,-1,Echolocation,192000.0,/mnt/ubna_data_05/recover-20250324/UBNA_024/20250319_045000.WAV,recover-20250324,UBNA_024,Foliage
LF,25920.0,4.834585811674535,37.9795,37.9973,25468.0,28963.0,Nyctalus leisleri,0.203,0.274,-1,Echolocation,192000.0,/mnt/ubna_data_05/recover-20250324/UBNA_024/20250319_045000.WAV,recover-20250324,UBNA_024,Foliage
LF,26880.0,6.99790987190338,38.3395,38.3576,26328.0,28667.0,Nyctalus leisleri,0.387,0.457,-1,Echolocation,192000.0,/mnt/ubna_data_05/recover-20250324/UBNA_024/20250319_045000.WAV,recover-20250324,UBNA_024,Foliage
LF,26880.0,4.838536312716279,38.5445,38.5601,26328.0,29390.0,Nyctalus leisleri,0.395,0.492,-1,Echolocation,192000.0,/mnt/ubna_data_05/recover-20250324/UBNA_024/20250319_045000.WAV,recover-20250324,UBNA_024,Foliage
LF,26880.0,5.0749075089228,38.792500000000004,38.808,26328.0,28906.0,Nyctalus leisleri,0.44,0.51,-1,Echolocation,192000.0,/mnt/ubna_data_05/recover-20250324/UBNA_024/20250319_045000.WAV,recover-20250324,UBNA_024,Foliage
LF,25920.0,2.9258553886577903,39.048500000000004,39.0659,25468.0,29266.0,Nyctalus leisleri,0.238,0.327,-1,Echolocation,192000.0,/mnt/ubna_data_05/recover-20250324/UBNA_024/20250319_045000.WAV,recover-20250324,UBNA_024,Foliage
LF,25920.0,10.23142433767372,39.3115,39.3281,25468.0,28151.0,Nyctalus leisleri,0.571,0.644,-1,Echolocation,192000.0,/mnt/ubna_data_05/recover-20250324/UBNA_024/20250319_045000.WAV,recover-20250324,UBNA_024,Foliage
LF,25920.0,3.3584559732224326,39.6995,39.7175,25468.0,28811.0,Nyctalus leisleri,0.313,0.405,-1,Echolocation,192000.0,/mnt/ubna_data_05/recover-20250324/UBNA_024/20250319_045000.WAV,recover-20250324,UBNA_024,Foliage
LF,25920.0,8.647722259430656,40.0225,40.042699999999996,24609.0,28001.0,Nyctalus leisleri,0.353,0.45,-1,Echolocation,192000.0,/mnt/ubna_data_05/recover-20250324/UBNA_024/20250319_045000.WAV,recover-20250324,UBNA_024,Foliage
LF,25920.0,4.023650717626277,40.7345,40.7523,25468.0,28057.0,Nyctalus leisleri,0.185,0.248,-1,Echolocation,192000.0,/mnt/ubna_data_05/recover-20250324/UBNA_024/20250319_045000.WAV,recover-20250324,UBNA_024,Foliage
LF,26880.0,1.9210572891186994,110.1775,110.1956,26328.0,29351.0,Nyctalus leisleri,0.148,0.213,-1,Echolocation,192000.0,/mnt/ubna_data_05/recover-20250324/UBNA_024/20250319_045000.WAV,recover-20250324,UBNA_024,Foliage
HF,43200.0,5.328557300345801,171.4915,171.4986,40078.0,46826.0,Pipistrellus nathusii,0.129,0.302,-1,Echolocation,192000.0,/mnt/ubna_data_05/recover-20250324/UBNA_024/20250319_045000.WAV,recover-20250324,UBNA_024,Foliage
HF,44160.0,3.8470153781813723,171.7455,171.752,35781.0,47823.0,Barbastellus barbastellus,0.084,0.294,-1,Echolocation,192000.0,/mnt/ubna_data_05/recover-20250324/UBNA_024/20250319_045000.WAV,recover-20250324,UBNA_024,Foliage
HF,39360.0,2.342956049610447,171.9155,171.9227,38359.0,47334.0,Pipistrellus nathusii,0.278,0.402,-1,Echolocation,192000.0,/mnt/ubna_data_05/recover-20250324/UBNA_024/20250319_045000.WAV,recover-20250324,UBNA_024,Foliage
HF,43200.0,4.077764551300216,172.0015,172.0086,39218.0,51043.0,Pipistrellus nathusii,0.419,0.503,-1,Echolocation,192000.0,/mnt/ubna_data_05/recover-20250324/UBNA_024/20250319_045000.WAV,recover-20250324,UBNA_024,Foliage
HF,43200.0,8.947741507949226,172.1765,172.1842,39218.0,50272.0,Pipistrellus nathusii,0.437,0.588,-1,Echolocation,192000.0,/mnt/ubna_data_05/recover-20250324/UBNA_024/20250319_045000.WAV,recover-20250324,UBNA_024,Foliage
HF,43200.0,7.733547105317429,172.3605,172.3679,39218.0,49965.0,Pipistrellus nathusii,0.385,0.569,-1,Echolocation,192000.0,/mnt/ubna_data_05/recover-20250324/UBNA_024/20250319_045000.WAV,recover-20250324,UBNA_024,Foliage
HF,43200.0,5.567097290364843,172.5385,172.5447,40078.0,53684.0,Pipistrellus nathusii,0.498,0.613,-1,Echolocation,192000.0,/mnt/ubna_data_05/recover-20250324/UBNA_024/20250319_045000.WAV,recover-20250324,UBNA_024,Foliage
HF,43200.0,4.045428768024589,172.7015,172.7077,39218.0,53795.0,Pipistrellus nathusii,0.318,0.463,-1,Echolocation,192000.0,/mnt/ubna_data_05/recover-20250324/UBNA_024/20250319_045000.WAV,recover-20250324,UBNA_024,Foliage
HF,43200.0,4.460436065941546,172.8745,172.8802,38359.0,50654.0,Pipistrellus nathusii,0.165,0.36,-1,Echolocation,192000.0,/mnt/ubna_data_05/recover-20250324/UBNA_024/20250319_045000.WAV,recover-20250324,UBNA_024,Foliage
HF,43200.0,15.340164615264111,173.0485,173.0562,39218.0,52737.0,Pipistrellus nathusii,0.306,0.541,-1,Echolocation,192000.0,/mnt/ubna_data_05/recover-20250324/UBNA_024/20250319_045000.WAV,recover-20250324,UBNA_024,Foliage
HF,43200.0,8.485494753084804,173.2235,173.2298,39218.0,55342.0,Pipistrellus nathusii,0.365,0.55,-1,Echolocation,192000.0,/mnt/ubna_data_05/recover-20250324/UBNA_024/20250319_045000.WAV,recover-20250324,UBNA_024,Foliage
HF,39360.0,16.366775857498823,173.4035,173.4096,37500.0,59250.0,Pipistrellus nathusii,0.271,0.523,-1,Echolocation,192000.0,/mnt/ubna_data_05/recover-20250324/UBNA_024/20250319_045000.WAV,recover-20250324,UBNA_024,Foliage
HF,41280.0,8.110483610995535,173.5785,173.5857,39218.0,55592.0,Pipistrellus nathusii,0.459,0.61,-1,Echolocation,192000.0,/mnt/ubna_data_05/recover-20250324/UBNA_024/20250319_045000.WAV,recover-20250324,UBNA_024,Foliage
HF,41280.0,9.823563737523864,173.7645,173.7721,40078.0,56230.0,Pipistrellus nathusii,0.457,0.568,-1,Echolocation,192000.0,/mnt/ubna_data_05/recover-20250324/UBNA_024/20250319_045000.WAV,recover-20250324,UBNA_024,Foliage
HF,41280.0,19.167319846376774,173.8605,173.8673,38359.0,59011.0,Pipistrellus nathusii,0.42,0.565,-1,Echolocation,192000.0,/mnt/ubna_data_05/recover-20250324/UBNA_024/20250319_045000.WAV,recover-20250324,UBNA_024,Foliage
HF,41280.0,14.938875439585043,174.0255,174.0334,39218.0,54208.0,Pipistrellus nathusii,0.332,0.492,-1,Echolocation,192000.0,/mnt/ubna_data_05/recover-20250324/UBNA_024/20250319_045000.WAV,recover-20250324,UBNA_024,Foliage
HF,42240.0,16.745340375167615,174.19650000000001,174.2043,39218.0,57394.0,Pipistrellus nathusii,0.501,0.605,-1,Echolocation,192000.0,/mnt/ubna_data_05/recover-20250324/UBNA_024/20250319_045000.WAV,recover-20250324,UBNA_024,Foliage
HF,41280.0,11.401874295817686,174.3725,174.3803,38359.0,56833.0,Pipistrellus nathusii,0.529,0.634,-1,Echolocation,192000.0,/mnt/ubna_data_05/recover-20250324/UBNA_024/20250319_045000.WAV,recover-20250324,UBNA_024,Foliage
HF,42240.0,19.064247731645363,174.5555,174.5636,39218.0,59079.0,Pipistrellus nathusii,0.483,0.577,-1,Echolocation,192000.0,/mnt/ubna_data_05/recover-20250324/UBNA_024/20250319_045000.WAV,recover-20250324,UBNA_024,Foliage
HF,42240.0,15.663265872086319,174.7225,174.7294,38359.0,59450.0,Pipistrellus nathusii,0.505,0.588,-1,Echolocation,192000.0,/mnt/ubna_data_05/recover-20250324/UBNA_024/20250319_045000.WAV,recover-20250324,UBNA_024,Foliage
HF,45120.0,19.95821337263626,174.9025,174.9104,38359.0,59330.0,Pipistrellus nathusii,0.454,0.555,-1,Echolocation,192000.0,/mnt/ubna_data_05/recover-20250324/UBNA_024/20250319_045000.WAV,recover-20250324,UBNA_024,Foliage
HF,42240.0,15.16798815802341,175.0705,175.0787,38359.0,59122.0,Pipistrellus nathusii,0.325,0.503,-1,Echolocation,192000.0,/mnt/ubna_data_05/recover-20250324/UBNA_024/20250319_045000.WAV,recover-20250324,UBNA_024,Foliage
HF,45120.0,20.640621183415732,175.2515,175.2602,39218.0,58077.0,Pipistrellus nathusii,0.507,0.594,-1,Echolocation,192000.0,/mnt/ubna_data_05/recover-20250324/UBNA_024/20250319_045000.WAV,recover-20250324,UBNA_024,Foliage
HF,40320.0,18.725933949105567,175.4255,175.4338,38359.0,58079.0,Pipistrellus nathusii,0.459,0.589,-1,Echolocation,192000.0,/mnt/ubna_data_05/recover-20250324/UBNA_024/20250319_045000.WAV,recover-20250324,UBNA_024,Foliage
HF,46080.0,16.839116878280414,175.6045,175.6136,38359.0,60782.0,Pipistrellus nathusii,0.534,0.623,-1,Echolocation,192000.0,/mnt/ubna_data_05/recover-20250324/UBNA_024/20250319_045000.WAV,recover-20250324,UBNA_024,Foliage
HF,41280.0,13.210625695451693,175.7825,175.7908,38359.0,57371.0,Pipistrellus nathusii,0.447,0.593,-1,Echolocation,192000.0,/mnt/ubna_data_05/recover-20250324/UBNA_024/20250319_045000.WAV,recover-20250324,UBNA_024,Foliage
HF,41280.0,15.447902686233991,175.9565,175.9652,38359.0,58465.0,Pipistrellus nathusii,0.396,0.46,-1,Echolocation,192000.0,/mnt/ubna_data_05/recover-20250324/UBNA_024/20250319_045000.WAV,recover-20250324,UBNA_024,Foliage
HF,39360.0,15.147114761419171,176.1325,176.139,38359.0,58037.0,Pipistrellus nathusii,0.39,0.592,-1,Echolocation,192000.0,/mnt/ubna_data_05/recover-20250324/UBNA_024/20250319_045000.WAV,recover-20250324,UBNA_024,Foliage
HF,42240.0,18.036782353569176,176.3115,176.3187,38359.0,59353.0,Pipistrellus nathusii,0.249,0.521,-1,Echolocation,192000.0,/mnt/ubna_data_05/recover-20250324/UBNA_024/20250319_045000.WAV,recover-20250324,UBNA_024,Foliage
HF,44160.0,11.577075838891378,176.3995,176.405,38359.0,55170.0,Myotis daubentonii,0.226,0.528,-1,Echolocation,192000.0,/mnt/ubna_data_05/recover-20250324/UBNA_024/20250319_045000.WAV,recover-20250324,UBNA_024,Foliage
HF,40320.0,12.602004726365303,176.65449999999998,176.6613,38359.0,56670.0,Pipistrellus nathusii,0.315,0.528,-1,Echolocation,192000.0,/mnt/ubna_data_05/recover-20250324/UBNA_024/20250319_045000.WAV,recover-20250324,UBNA_024,Foliage
HF,45120.0,8.951507997585644,176.7535,176.7592,39218.0,55098.0,Pipistrellus nathusii,0.263,0.507,-1,Echolocation,192000.0,/mnt/ubna_data_05/recover-20250324/UBNA_024/20250319_045000.WAV,recover-20250324,UBNA_024,Foliage
HF,45120.0,14.445854288955077,176.9425,176.9496,39218.0,58387.0,Pipistrellus nathusii,0.353,0.548,-1,Echolocation,192000.0,/mnt/ubna_data_05/recover-20250324/UBNA_024/20250319_045000.WAV,recover-20250324,UBNA_024,Foliage
HF,45120.0,13.077347598197653,177.1155,177.1228,38359.0,55620.0,Pipistrellus nathusii,0.325,0.539,-1,Echolocation,192000.0,/mnt/ubna_data_05/recover-20250324/UBNA_024/20250319_045000.WAV,recover-20250324,UBNA_024,Foliage
HF,45120.0,16.938113057496636,177.29149999999998,177.2981,39218.0,58588.0,Pipistrellus nathusii,0.246,0.463,-1,Echolocation,192000.0,/mnt/ubna_data_05/recover-20250324/UBNA_024/20250319_045000.WAV,recover-20250324,UBNA_024,Foliage
HF,46080.0,16.699761356546365,177.3605,177.3666,40937.0,57846.0,Pipistrellus nathusii,0.249,0.478,-1,Echolocation,192000.0,/mnt/ubna_data_05/recover-20250324/UBNA_024/20250319_045000.WAV,recover-20250324,UBNA_024,Foliage
HF,45120.0,10.112194685133025,177.4265,177.4321,38359.0,56285.0,Myotis daubentonii,0.257,0.474,-1,Echolocation,192000.0,/mnt/ubna_data_05/recover-20250324/UBNA_024/20250319_045000.WAV,recover-20250324,UBNA_024,Foliage
HF,45120.0,9.40391752342588,177.4965,177.50130000000001,37500.0,53447.0,Myotis daubentonii,0.236,0.338,-1,Echolocation,192000.0,/mnt/ubna_data_05/recover-20250324/UBNA_024/20250319_045000.WAV,recover-20250324,UBNA_024,Foliage
HF,46080.0,6.100260952509266,177.5705,177.5753,39218.0,55824.0,Myotis daubentonii,0.183,0.328,-1,Echolocation,192000.0,/mnt/ubna_data_05/recover-20250324/UBNA_024/20250319_045000.WAV,recover-20250324,UBNA_024,Foliage
HF,42240.0,5.20367178193993,177.6535,177.6585,38359.0,55848.0,Myotis daubentonii,0.139,0.236,-1,Echolocation,192000.0,/mnt/ubna_data_05/recover-20250324/UBNA_024/20250319_045000.WAV,recover-20250324,UBNA_024,Foliage
HF,41280.0,8.571696174368359,178.1515,178.1587,38359.0,57550.0,Pipistrellus nathusii,0.288,0.48,-1,Echolocation,192000.0,/mnt/ubna_data_05/recover-20250324/UBNA_024/20250319_045000.WAV,recover-20250324,UBNA_024,Foliage
HF,39360.0,6.927094442578426,178.2285,178.2343,38359.0,53298.0,Pipistrellus nathusii,0.196,0.449,-1,Echolocation,192000.0,/mnt/ubna_data_05/recover-20250324/UBNA_024/20250319_045000.WAV,recover-20250324,UBNA_024,Foliage
HF,43200.0,9.460199699962102,178.3825,178.3893,40937.0,53433.0,Pipistrellus nathusii,0.219,0.378,-1,Echolocation,192000.0,/mnt/ubna_data_05/recover-20250324/UBNA_024/20250319_045000.WAV,recover-20250324,UBNA_024,Foliage
HF,44160.0,6.573013173734329,178.5385,178.5442,41796.0,58267.0,Pipistrellus nathusii,0.249,0.395,-1,Echolocation,192000.0,/mnt/ubna_data_05/recover-20250324/UBNA_024/20250319_045000.WAV,recover-20250324,UBNA_024,Foliage
HF,42240.0,8.73022467681181,178.70850000000002,178.7139,40078.0,54870.0,Pipistrellus nathusii,0.294,0.44,-1,Echolocation,192000.0,/mnt/ubna_data_05/recover-20250324/UBNA_024/20250319_045000.WAV,recover-20250324,UBNA_024,Foliage
HF,45120.0,5.341478885536587,178.8015,178.807,39218.0,57059.0,Pipistrellus nathusii,0.281,0.516,-1,Echolocation,192000.0,/mnt/ubna_data_05/recover-20250324/UBNA_024/20250319_045000.WAV,recover-20250324,UBNA_024,Foliage
HF,46080.0,6.9812367778196265,178.9835,178.9891,39218.0,55713.0,Pipistrellus nathusii,0.222,0.47,-1,Echolocation,192000.0,/mnt/ubna_data_05/recover-20250324/UBNA_024/20250319_045000.WAV,recover-20250324,UBNA_024,Foliage
HF,48000.0,4.835517029884297,179.0745,179.0795,43515.0,57392.0,Myotis daubentonii,0.138,0.428,-1,Echolocation,192000.0,/mnt/ubna_data_05/recover-20250324/UBNA_024/20250319_045000.WAV,recover-20250324,UBNA_024,Foliage
HF,42240.0,5.852692326708611,179.2395,179.2454,40078.0,55134.0,Pipistrellus nathusii,0.37,0.546,-1,Echolocation,192000.0,/mnt/ubna_data_05/recover-20250324/UBNA_024/20250319_045000.WAV,recover-20250324,UBNA_024,Foliage
HF,41280.0,2.662642337864758,179.3365,179.3427,39218.0,51712.0,Pipistrellus nathusii,0.301,0.517,-1,Echolocation,192000.0,/mnt/ubna_data_05/recover-20250324/UBNA_024/20250319_045000.WAV,recover-20250324,UBNA_024,Foliage
HF,42240.0,6.86230364783813,179.5145,179.5199,39218.0,53102.0,Pipistrellus nathusii,0.295,0.489,-1,Echolocation,192000.0,/mnt/ubna_data_05/recover-20250324/UBNA_024/20250319_045000.WAV,recover-20250324,UBNA_024,Foliage
HF,39360.0,5.538273158214269,179.6175,179.6243,38359.0,53207.0,Pipistrellus nathusii,0.229,0.534,-1,Echolocation,192000.0,/mnt/ubna_data_05/recover-20250324/UBNA_024/20250319_045000.WAV,recover-20250324,UBNA_024,Foliage
HF,41280.0,11.194510981537217,179.7965,179.8044,39218.0,55225.0,Pipistrellus nathusii,0.34,0.582,-1,Echolocation,192000.0,/mnt/ubna_data_05/recover-20250324/UBNA_024/20250319_045000.WAV,recover-20250324,UBNA_024,Foliage
HF,39360.0,4.828634929068116,179.8915,179.8977,38359.0,50312.0,Pipistrellus nathusii,0.261,0.497,-1,Echolocation,192000.0,/mnt/ubna_data_05/recover-20250324/UBNA_024/20250319_045000.WAV,recover-20250324,UBNA_024,Foliage
HF,40320.0,7.513176013705111,180.0625,180.0701,39218.0,52539.0,Pipistrellus nathusii,0.449,0.587,-1,Echolocation,192000.0,/mnt/ubna_data_05/recover-20250324/UBNA_024/20250319_045000.WAV,recover-20250324,UBNA_024,Foliage
HF,41280.0,4.999986629882656,180.4065,180.4135,40078.0,52789.0,Pipistrellus nathusii,0.374,0.515,-1,Echolocation,192000.0,/mnt/ubna_data_05/recover-20250324/UBNA_024/20250319_045000.WAV,recover-20250324,UBNA_024,Foliage
HF,40320.0,1.9285050755999633,180.5765,180.5836,37500.0,49090.0,Pipistrellus nathusii,0.16,0.28,-1,Echolocation,192000.0,/mnt/ubna_data_05/recover-20250324/UBNA_024/20250319_045000.WAV,recover-20250324,UBNA_024,Foliage
HF,41280.0,4.337782647523467,180.7475,180.7536,37500.0,50968.0,Myotis daubentonii,0.074,0.217,-1,Echolocation,192000.0,/mnt/ubna_data_05/recover-20250324/UBNA_024/20250319_045000.WAV,recover-20250324,UBNA_024,Foliage
HF,46080.0,2.768979507614489,181.0955,181.1014,39218.0,51597.0,Myotis daubentonii,0.074,0.218,-1,Echolocation,192000.0,/mnt/ubna_data_05/recover-20250324/UBNA_024/20250319_045000.WAV,recover-20250324,UBNA_024,Foliage
HF,46080.0,3.484679448098574,181.7755,181.78,40937.0,52985.0,Myotis brandtii,0.097,0.281,-1,Echolocation,192000.0,/mnt/ubna_data_05/recover-20250324/UBNA_024/20250319_045000.WAV,recover-20250324,UBNA_024,Foliage
LF,23040.0,0.6256848242345486,203.6485,203.6629,22890.0,28904.0,Nyctalus noctula,0.111,0.253,-1,Echolocation,192000.0,/mnt/ubna_data_05/recover-20250324/UBNA_024/20250319_045000.WAV,recover-20250324,UBNA_024,Foliage
HF,46080.0,3.9740512735124063,233.6725,233.67849999999999,43515.0,50833.0,Pipistrellus pipistrellus,0.264,0.356,-1,Echolocation,192000.0,/mnt/ubna_data_05/recover-20250324/UBNA_024/20250319_050000.WAV,recover-20250324,UBNA_024,Foliage
HF,46080.0,3.2254026288343085,233.9375,233.9429,43515.0,54893.0,Pipistrellus pipistrellus,0.2,0.27,-1,Echolocation,192000.0,/mnt/ubna_data_05/recover-20250324/UBNA_024/20250319_050000.WAV,recover-20250324,UBNA_024,Foliage
HF,46080.0,4.913632808409718,234.1155,234.1219,45234.0,50563.0,Pipistrellus pipistrellus,0.275,0.308,-1,Echolocation,192000.0,/mnt/ubna_data_05/recover-20250324/UBNA_024/20250319_050000.WAV,recover-20250324,UBNA_024,Foliage
HF,52800.0,4.298418006266004,274.0805,274.0857,49531.0,63820.0,Pipistrellus pipistrellus,0.167,0.381,-1,Echolocation,192000.0,/mnt/ubna_data_05/recover-20250324/UBNA_024/20250319_050000.WAV,recover-20250324,UBNA_024,Foliage
HF,54720.0,5.932576124272425,274.2235,274.2283,47812.0,62649.0,Pipistrellus pipistrellus,0.243,0.387,-1,Echolocation,192000.0,/mnt/ubna_data_05/recover-20250324/UBNA_024/20250319_050000.WAV,recover-20250324,UBNA_024,Foliage
HF,52800.0,3.0118966955774775,274.3115,274.3168,52109.0,62667.0,Pipistrellus pipistrellus,0.274,0.364,-1,Echolocation,192000.0,/mnt/ubna_data_05/recover-20250324/UBNA_024/20250319_050000.WAV,recover-20250324,UBNA_024,Foliage
HF,53760.0,6.385340698904651,274.5785,274.585,52109.0,59845.0,Pipistrellus pipistrellus,0.272,0.456,-1,Echolocation,192000.0,/mnt/ubna_data_05/recover-20250324/UBNA_024/20250319_050000.WAV,recover-20250324,UBNA_024,Foliage
HF,51840.0,8.87036351928844,274.6665,274.6704,50390.0,63084.0,Pipistrellus pipistrellus,0.329,0.391,-1,Echolocation,192000.0,/mnt/ubna_data_05/recover-20250324/UBNA_024/20250319_050000.WAV,recover-20250324,UBNA_024,Foliage
HF,53760.0,3.2497552809703576,274.7505,274.7556,50390.0,63674.0,Pipistrellus pipistrellus,0.196,0.289,-1,Echolocation,192000.0,/mnt/ubna_data_05/recover-20250324/UBNA_024/20250319_050000.WAV,recover-20250324,UBNA_024,Foliage
HF,57600.0,5.185493952007261,274.8325,274.8372,50390.0,66369.0,Pipistrellus pipistrellus,0.199,0.323,-1,Echolocation,192000.0,/mnt/ubna_data_05/recover-20250324/UBNA_024/20250319_050000.WAV,recover-20250324,UBNA_024,Foliage
HF,55680.0,3.5882609490323865,274.9175,274.9232,52109.0,62176.0,Pipistrellus pipistrellus,0.197,0.25,-1,Echolocation,192000.0,/mnt/ubna_data_05/recover-20250324/UBNA_024/20250319_050000.WAV,recover-20250324,UBNA_024,Foliage
HF,52800.0,8.19179707164322,274.9965,275.0011,50390.0,64190.0,Pipistrellus pipistrellus,0.314,0.411,-1,Echolocation,192000.0,/mnt/ubna_data_05/recover-20250324/UBNA_024/20250319_050000.WAV,recover-20250324,UBNA_024,Foliage
HF,53760.0,5.0047814249587566,275.0935,275.1029,51250.0,60022.0,Pipistrellus pipistrellus,0.146,0.209,-1,Echolocation,192000.0,/mnt/ubna_data_05/recover-20250324/UBNA_024/20250319_050000.WAV,recover-20250324,UBNA_024,Foliage
HF,55680.0,6.689612447354508,275.1805,275.1957,52109.0,59332.0,Pipistrellus pipistrellus,0.194,0.276,-1,Echolocation,192000.0,/mnt/ubna_data_05/recover-20250324/UBNA_024/20250319_050000.WAV,recover-20250324,UBNA_024,Foliage
HF,52800.0,5.30801395165464,275.6675,275.671,46093.0,68174.0,Myotis alcathoe,0.167,0.347,-1,Echolocation,192000.0,/mnt/ubna_data_05/recover-20250324/UBNA_024/20250319_050000.WAV,recover-20250324,UBNA_024,Foliage
HF,53760.0,3.7172977734320822,275.7495,275.7545,51250.0,62335.0,Pipistrellus pipistrellus,0.21,0.29,-1,Echolocation,192000.0,/mnt/ubna_data_05/recover-20250324/UBNA_024/20250319_050000.WAV,recover-20250324,UBNA_024,Foliage
HF,52800.0,9.081517800487596,275.8355,275.8402,48671.0,64683.0,Pipistrellus pipistrellus,0.238,0.355,-1,Echolocation,192000.0,/mnt/ubna_data_05/recover-20250324/UBNA_024/20250319_050000.WAV,recover-20250324,UBNA_024,Foliage
HF,52800.0,3.738313838342577,275.9335,275.9377,51250.0,60114.0,Pipistrellus pipistrellus,0.353,0.415,-1,Echolocation,192000.0,/mnt/ubna_data_05/recover-20250324/UBNA_024/20250319_050000.WAV,recover-20250324,UBNA_024,Foliage
HF,51840.0,16.16951399755064,276.0255,276.0299,43515.0,76471.0,Myotis alcathoe,0.299,0.431,-1,Echolocation,192000.0,/mnt/ubna_data_05/recover-20250324/UBNA_024/20250319_050000.WAV,recover-20250324,UBNA_024,Foliage
HF,50880.0,17.315263236583498,276.1375,276.1415,43515.0,65171.0,Myotis alcathoe,0.178,0.306,-1,Echolocation,192000.0,/mnt/ubna_data_05/recover-20250324/UBNA_024/20250319_050000.WAV,recover-20250324,UBNA_024,Foliage
HF,48960.0,5.80428566234572,276.2325,276.238,46953.0,56473.0,Pipistrellus pipistrellus,0.259,0.3,-1,Echolocation,192000.0,/mnt/ubna_data_05/recover-20250324/UBNA_024/20250319_050000.WAV,recover-20250324,UBNA_024,Foliage
HF,48960.0,21.148344256863687,276.3205,276.3256,41796.0,76092.0,Myotis alcathoe,0.338,0.407,-1,Echolocation,192000.0,/mnt/ubna_data_05/recover-20250324/UBNA_024/20250319_050000.WAV,recover-20250324,UBNA_024,Foliage
HF,48000.0,9.783833891351746,276.4885,276.4936,46093.0,60009.0,Pipistrellus pipistrellus,0.385,0.438,-1,Echolocation,192000.0,/mnt/ubna_data_05/recover-20250324/UBNA_024/20250319_050000.WAV,recover-20250324,UBNA_024,Foliage
HF,47040.0,18.21775758271867,276.5835,276.5886,40937.0,75996.0,Myotis alcathoe,0.366,0.444,-1,Echolocation,192000.0,/mnt/ubna_data_05/recover-20250324/UBNA_024/20250319_050000.WAV,recover-20250324,UBNA_024,Foliage
HF,48000.0,2.4538366055151757,276.6805,276.6856,46953.0,57384.0,Pipistrellus pipistrellus,0.245,0.272,-1,Echolocation,192000.0,/mnt/ubna_data_05/recover-20250324/UBNA_024/20250319_050000.WAV,recover-20250324,UBNA_024,Foliage
HF,51840.0,18.350483613953593,276.7825,276.7873,43515.0,68008.0,Myotis alcathoe,0.253,0.414,-1,Echolocation,192000.0,/mnt/ubna_data_05/recover-20250324/UBNA_024/20250319_050000.WAV,recover-20250324,UBNA_024,Foliage
HF,48960.0,21.280103075052004,276.9785,276.9833,44375.0,69434.0,Myotis alcathoe,0.26,0.389,-1,Echolocation,192000.0,/mnt/ubna_data_05/recover-20250324/UBNA_024/20250319_050000.WAV,recover-20250324,UBNA_024,Foliage
HF,51840.0,15.66264182153504,277.0765,277.0809,45234.0,61762.0,Pipistrellus pipistrellus,0.172,0.293,-1,Echolocation,192000.0,/mnt/ubna_data_05/recover-20250324/UBNA_024/20250319_050000.WAV,recover-20250324,UBNA_024,Foliage
HF,48960.0,10.558628450810959,277.2605,277.2648,44375.0,67384.0,Myotis alcathoe,0.191,0.367,-1,Echolocation,192000.0,/mnt/ubna_data_05/recover-20250324/UBNA_024/20250319_050000.WAV,recover-20250324,UBNA_024,Foliage
HF,48960.0,15.07757392785491,277.4245,277.4285,41796.0,68830.0,Myotis alcathoe,0.192,0.27,-1,Echolocation,192000.0,/mnt/ubna_data_05/recover-20250324/UBNA_024/20250319_050000.WAV,recover-20250324,UBNA_024,Foliage
HF,52800.0,5.500514681570177,277.7415,277.7452,45234.0,70147.0,Myotis alcathoe,0.164,0.295,-1,Echolocation,192000.0,/mnt/ubna_data_05/recover-20250324/UBNA_024/20250319_050000.WAV,recover-20250324,UBNA_024,Foliage
HF,51840.0,7.216097317695902,277.9135,277.9178,46093.0,62958.0,Myotis alcathoe,0.146,0.313,-1,Echolocation,192000.0,/mnt/ubna_data_05/recover-20250324/UBNA_024/20250319_050000.WAV,recover-20250324,UBNA_024,Foliage
LF,25920.0,5.541053397704432,292.7955,292.8142,25468.0,28825.0,Nyctalus leisleri,0.374,0.476,-1,Echolocation,192000.0,/mnt/ubna_data_05/recover-20250324/UBNA_024/20250319_050000.WAV,recover-20250324,UBNA_024,Foliage
LF,25920.0,4.313533827990281,293.1535,293.1692,25468.0,29055.0,Nyctalus leisleri,0.387,0.475,-1,Echolocation,192000.0,/mnt/ubna_data_05/recover-20250324/UBNA_024/20250319_050000.WAV,recover-20250324,UBNA_024,Foliage
LF,25920.0,8.896219722843782,293.4875,293.5025,25468.0,29370.0,Nyctalus leisleri,0.445,0.617,-1,Echolocation,192000.0,/mnt/ubna_data_05/recover-20250324/UBNA_024/20250319_050000.WAV,recover-20250324,UBNA_024,Foliage
LF,25920.0,13.281965867380501,293.8225,293.8364,25468.0,28131.0,Nyctalus leisleri,0.606,0.678,-1,Echolocation,192000.0,/mnt/ubna_data_05/recover-20250324/UBNA_024/20250319_050000.WAV,recover-20250324,UBNA_024,Foliage
LF,26880.0,13.16332093792899,294.0525,294.06759999999997,25468.0,28796.0,Nyctalus leisleri,0.64,0.713,-1,Echolocation,192000.0,/mnt/ubna_data_05/recover-20250324/UBNA_024/20250319_050000.WAV,recover-20250324,UBNA_024,Foliage
LF,25920.0,13.901061999187505,294.3835,294.3976,25468.0,28677.0,Nyctalus leisleri,0.42,0.534,-1,Echolocation,192000.0,/mnt/ubna_data_05/recover-20250324/UBNA_024/20250319_050000.WAV,recover-20250324,UBNA_024,Foliage
LF,25920.0,11.596719163093955,294.8355,294.8489,25468.0,29252.0,Nyctalus leisleri,0.603,0.708,-1,Echolocation,192000.0,/mnt/ubna_data_05/recover-20250324/UBNA_024/20250319_050000.WAV,recover-20250324,UBNA_024,Foliage
LF,26880.0,12.433211481116013,295.0465,295.0596,25468.0,30787.0,Nyctalus leisleri,0.462,0.684,-1,Echolocation,192000.0,/mnt/ubna_data_05/recover-20250324/UBNA_024/20250319_050000.WAV,recover-20250324,UBNA_024,Foliage
LF,26880.0,10.669588864098678,295.2755,295.2872,26328.0,31115.0,Nyctalus leisleri,0.52,0.685,-1,Echolocation,192000.0,/mnt/ubna_data_05/recover-20250324/UBNA_024/20250319_050000.WAV,recover-20250324,UBNA_024,Foliage
LF,26880.0,4.185440402515678,295.6075,295.6195,25468.0,31657.0,Nyctalus leisleri,0.439,0.675,-1,Echolocation,192000.0,/mnt/ubna_data_05/recover-20250324/UBNA_024/20250319_050000.WAV,recover-20250324,UBNA_024,Foliage
LF,25920.0,7.685878412232068,295.8445,295.8575,25468.0,30019.0,Nyctalus leisleri,0.445,0.617,-1,Echolocation,192000.0,/mnt/ubna_data_05/recover-20250324/UBNA_024/20250319_050000.WAV,recover-20250324,UBNA_024,Foliage
LF,25920.0,7.68732795616581,296.1875,296.2013,25468.0,29187.0,Nyctalus leisleri,0.57,0.69,-1,Echolocation,192000.0,/mnt/ubna_data_05/recover-20250324/UBNA_024/20250319_050000.WAV,recover-20250324,UBNA_024,Foliage
LF,25920.0,4.897696505598212,296.4235,296.4376,25468.0,29191.0,Nyctalus leisleri,0.322,0.427,-1,Echolocation,192000.0,/mnt/ubna_data_05/recover-20250324/UBNA_024/20250319_050000.WAV,recover-20250324,UBNA_024,Foliage
LF,25920.0,10.691412691033708,296.7695,296.783,25468.0,28618.0,Nyctalus leisleri,0.419,0.559,-1,Echolocation,192000.0,/mnt/ubna_data_05/recover-20250324/UBNA_024/20250319_050000.WAV,recover-20250324,UBNA_024,Foliage
LF,25920.0,11.848775536256436,296.9995,297.0127,25468.0,29148.0,Nyctalus leisleri,0.441,0.546,-1,Echolocation,192000.0,/mnt/ubna_data_05/recover-20250324/UBNA_024/20250319_050000.WAV,recover-20250324,UBNA_024,Foliage
LF,25920.0,6.3206696936707765,297.2395,297.2543,25468.0,30099.0,Nyctalus leisleri,0.355,0.555,-1,Echolocation,192000.0,/mnt/ubna_data_05/recover-20250324/UBNA_024/20250319_050000.WAV,recover-20250324,UBNA_024,Foliage
LF,26880.0,9.588618674744724,297.4725,297.4848,25468.0,32213.0,Nyctalus leisleri,0.367,0.594,-1,Echolocation,192000.0,/mnt/ubna_data_05/recover-20250324/UBNA_024/20250319_050000.WAV,recover-20250324,UBNA_024,Foliage
LF,25920.0,11.985413965490837,297.8275,297.8403,25468.0,28895.0,Nyctalus leisleri,0.556,0.642,-1,Echolocation,192000.0,/mnt/ubna_data_05/recover-20250324/UBNA_024/20250319_050000.WAV,recover-20250324,UBNA_024,Foliage
LF,25920.0,5.1175322045312654,298.0585,298.0739,25468.0,29307.0,Nyctalus leisleri,0.34,0.446,-1,Echolocation,192000.0,/mnt/ubna_data_05/recover-20250324/UBNA_024/20250319_050000.WAV,recover-20250324,UBNA_024,Foliage
LF,25920.0,3.8195734807445674,298.6335,298.65070000000003,25468.0,28984.0,Nyctalus leisleri,0.231,0.332,-1,Echolocation,192000.0,/mnt/ubna_data_05/recover-20250324/UBNA_024/20250319_050000.WAV,recover-20250324,UBNA_024,Foliage
LF,25920.0,9.622158244642904,298.8635,298.8774,25468.0,29207.0,Nyctalus leisleri,0.432,0.605,-1,Echolocation,192000.0,/mnt/ubna_data_05/recover-20250324/UBNA_024/20250319_050000.WAV,recover-20250324,UBNA_024,Foliage
LF,26880.0,15.060831800513172,299.0915,299.1044,25468.0,30532.0,Nyctalus leisleri,0.503,0.652,-1,Echolocation,192000.0,/mnt/ubna_data_05/recover-20250324/UBNA_024/20250319_050000.WAV,recover-20250324,UBNA_024,Foliage
LF,25920.0,11.351518545068004,299.3335,299.34680000000003,25468.0,29821.0,Nyctalus leisleri,0.386,0.532,-1,Echolocation,192000.0,/mnt/ubna_data_05/recover-20250324/UBNA_024/20250319_050000.WAV,recover-20250324,UBNA_024,Foliage
LF,25920.0,23.168083806775613,299.5665,299.5801,25468.0,30237.0,Nyctalus leisleri,0.592,0.729,-1,Echolocation,192000.0,/mnt/ubna_data_05/recover-20250324/UBNA_024/20250319_050000.WAV,recover-20250324,UBNA_024,Foliage
LF,25920.0,8.365655171357488,299.8985,299.9121,25468.0,29991.0,Nyctalus leisleri,0.449,0.645,-1,Echolocation,192000.0,/mnt/ubna_data_05/recover-20250324/UBNA_024/20250319_050000.WAV,recover-20250324,UBNA_024,Foliage
LF,29760.0,1.5992999995675097,147.9605,147.9659,27187.0,38449.0,Plecotus auritus,0.119,0.229,-1,Echolocation,192000.0,/mnt/ubna_data_05/recover-20250324/UBNA_024/20250319_052000.WAV,recover-20250324,UBNA_024,Foliage
HF,45120.0,2.7034535280483913,128.7215,128.7298,44375.0,48542.0,Pipistrellus pipistrellus,0.201,0.217,-1,Echolocation,192000.0,/mnt/ubna_data_05/recover-20250324/UBNA_024/20250319_055000.WAV,recover-20250324,UBNA_024,Foliage
HF,46080.0,3.5719227199680246,130.0205,130.0276,45234.0,54089.0,Pipistrellus pipistrellus,0.45,0.473,-1,Echolocation,192000.0,/mnt/ubna_data_05/recover-20250324/UBNA_024/20250319_055000.WAV,recover-20250324,UBNA_024,Foliage
HF,46080.0,6.766916436932845,130.1195,130.1244,46093.0,57823.0,Pipistrellus pipistrellus,0.467,0.489,-1,Echolocation,192000.0,/mnt/ubna_data_05/recover-20250324/UBNA_024/20250319_055000.WAV,recover-20250324,UBNA_024,Foliage
HF,47040.0,2.4202418740317815,130.2105,130.2158,45234.0,54806.0,Pipistrellus pipistrellus,0.336,0.352,-1,Echolocation,192000.0,/mnt/ubna_data_05/recover-20250324/UBNA_024/20250319_055000.WAV,recover-20250324,UBNA_024,Foliage
HF,47040.0,6.197683770970432,130.4915,130.4976,46953.0,55499.0,Pipistrellus pipistrellus,0.38,0.385,-1,Echolocation,192000.0,/mnt/ubna_data_05/recover-20250324/UBNA_024/20250319_055000.WAV,recover-20250324,UBNA_024,Foliage
HF,47040.0,3.2200564111643297,130.5795,130.5863,46093.0,58562.0,Pipistrellus pipistrellus,0.238,0.251,-1,Echolocation,192000.0,/mnt/ubna_data_05/recover-20250324/UBNA_024/20250319_055000.WAV,recover-20250324,UBNA_024,Foliage
HF,47040.0,3.7663310974342146,130.7595,130.765,46093.0,61434.0,Pipistrellus pipistrellus,0.449,0.504,-1,Echolocation,192000.0,/mnt/ubna_data_05/recover-20250324/UBNA_024/20250319_055000.WAV,recover-20250324,UBNA_024,Foliage
HF,47040.0,4.862462895198665,130.8435,130.8494,46093.0,57550.0,Pipistrellus pipistrellus,0.514,0.543,-1,Echolocation,192000.0,/mnt/ubna_data_05/recover-20250324/UBNA_024/20250319_055000.WAV,recover-20250324,UBNA_024,Foliage
HF,48000.0,10.03192301657143,130.9415,130.9463,46093.0,57532.0,Pipistrellus pipistrellus,0.5,0.515,-1,Echolocation,192000.0,/mnt/ubna_data_05/recover-20250324/UBNA_024/20250319_055000.WAV,recover-20250324,UBNA_024,Foliage
HF,47040.0,6.268504650517295,131.0355,131.0409,46093.0,58251.0,Pipistrellus pipistrellus,0.457,0.482,-1,Echolocation,192000.0,/mnt/ubna_data_05/recover-20250324/UBNA_024/20250319_055000.WAV,recover-20250324,UBNA_024,Foliage
HF,48960.0,6.1127755687125775,131.1325,131.1377,47812.0,60768.0,Pipistrellus pipistrellus,0.58,0.642,-1,Echolocation,192000.0,/mnt/ubna_data_05/recover-20250324/UBNA_024/20250319_055000.WAV,recover-20250324,UBNA_024,Foliage
HF,47040.0,7.747422583373327,131.2265,131.23160000000001,46093.0,57287.0,Pipistrellus pipistrellus,0.58,0.599,-1,Echolocation,192000.0,/mnt/ubna_data_05/recover-20250324/UBNA_024/20250319_055000.WAV,recover-20250324,UBNA_024,Foliage
HF,46080.0,7.876340293677709,131.3275,131.3324,46093.0,59694.0,Pipistrellus pipistrellus,0.541,0.572,-1,Echolocation,192000.0,/mnt/ubna_data_05/recover-20250324/UBNA_024/20250319_055000.WAV,recover-20250324,UBNA_024,Foliage
HF,46080.0,10.991476075603687,131.4255,131.43110000000001,45234.0,56475.0,Pipistrellus pipistrellus,0.574,0.622,-1,Echolocation,192000.0,/mnt/ubna_data_05/recover-20250324/UBNA_024/20250319_055000.WAV,recover-20250324,UBNA_024,Foliage
HF,48000.0,11.432553058562057,131.5305,131.5353,45234.0,60108.0,Pipistrellus pipistrellus,0.511,0.544,-1,Echolocation,192000.0,/mnt/ubna_data_05/recover-20250324/UBNA_024/20250319_055000.WAV,recover-20250324,UBNA_024,Foliage
HF,46080.0,8.201255872865563,131.6335,131.6399,45234.0,60664.0,Pipistrellus pipistrellus,0.525,0.571,-1,Echolocation,192000.0,/mnt/ubna_data_05/recover-20250324/UBNA_024/20250319_055000.WAV,recover-20250324,UBNA_024,Foliage
HF,46080.0,14.90287656265811,131.7395,131.7456,45234.0,60470.0,Pipistrellus pipistrellus,0.595,0.689,-1,Echolocation,192000.0,/mnt/ubna_data_05/recover-20250324/UBNA_024/20250319_055000.WAV,recover-20250324,UBNA_024,Foliage
HF,47040.0,11.161421525203142,131.8355,131.84120000000001,45234.0,57646.0,Pipistrellus pipistrellus,0.504,0.522,-1,Echolocation,192000.0,/mnt/ubna_data_05/recover-20250324/UBNA_024/20250319_055000.WAV,recover-20250324,UBNA_024,Foliage
HF,46080.0,13.384487052220573,131.9335,131.9381,45234.0,58156.0,Pipistrellus pipistrellus,0.604,0.678,-1,Echolocation,192000.0,/mnt/ubna_data_05/recover-20250324/UBNA_024/20250319_055000.WAV,recover-20250324,UBNA_024,Foliage
HF,48000.0,17.044712818352473,132.0355,132.0407,45234.0,59703.0,Pipistrellus pipistrellus,0.516,0.586,-1,Echolocation,192000.0,/mnt/ubna_data_05/recover-20250324/UBNA_024/20250319_055000.WAV,recover-20250324,UBNA_024,Foliage
HF,45120.0,17.534439976421744,132.1385,132.1446,44375.0,58755.0,Pipistrellus pipistrellus,0.511,0.593,-1,Echolocation,192000.0,/mnt/ubna_data_05/recover-20250324/UBNA_024/20250319_055000.WAV,recover-20250324,UBNA_024,Foliage
HF,45120.0,25.243949512368378,132.2425,132.2479,44375.0,61154.0,Pipistrellus pipistrellus,0.52,0.582,-1,Echolocation,192000.0,/mnt/ubna_data_05/recover-20250324/UBNA_024/20250319_055000.WAV,recover-20250324,UBNA_024,Foliage
HF,45120.0,20.262537794732367,132.3455,132.3513,44375.0,61731.0,Pipistrellus pipistrellus,0.489,0.624,-1,Echolocation,192000.0,/mnt/ubna_data_05/recover-20250324/UBNA_024/20250319_055000.WAV,recover-20250324,UBNA_024,Foliage
HF,46080.0,24.93441786711065,132.4525,132.4579,43515.0,55663.0,Pipistrellus pipistrellus,0.628,0.672,-1,Echolocation,192000.0,/mnt/ubna_data_05/recover-20250324/UBNA_024/20250319_055000.WAV,recover-20250324,UBNA_024,Foliage
HF,46080.0,20.54157931298972,132.5545,132.5607,44375.0,65135.0,Pipistrellus pipistrellus,0.575,0.692,-1,Echolocation,192000.0,/mnt/ubna_data_05/recover-20250324/UBNA_024/20250319_055000.WAV,recover-20250324,UBNA_024,Foliage
HF,46080.0,23.813545794686434,132.7375,132.7438,43515.0,64256.0,Pipistrellus pipistrellus,0.492,0.661,-1,Echolocation,192000.0,/mnt/ubna_data_05/recover-20250324/UBNA_024/20250319_055000.WAV,recover-20250324,UBNA_024,Foliage
HF,46080.0,20.148583402934857,132.8415,132.8492,42656.0,61452.0,Pipistrellus pipistrellus,0.498,0.619,-1,Echolocation,192000.0,/mnt/ubna_data_05/recover-20250324/UBNA_024/20250319_055000.WAV,recover-20250324,UBNA_024,Foliage
HF,45120.0,29.30529342110153,132.94650000000001,132.9525,43515.0,64228.0,Pipistrellus pipistrellus,0.528,0.631,-1,Echolocation,192000.0,/mnt/ubna_data_05/recover-20250324/UBNA_024/20250319_055000.WAV,recover-20250324,UBNA_024,Foliage
HF,45120.0,31.555413684212077,133.0505,133.0568,43515.0,64050.0,Pipistrellus pipistrellus,0.428,0.645,-1,Echolocation,192000.0,/mnt/ubna_data_05/recover-20250324/UBNA_024/20250319_055000.WAV,recover-20250324,UBNA_024,Foliage
HF,45120.0,21.771425404952378,133.1585,133.1638,42656.0,58062.0,Pipistrellus pipistrellus,0.494,0.584,-1,Echolocation,192000.0,/mnt/ubna_data_05/recover-20250324/UBNA_024/20250319_055000.WAV,recover-20250324,UBNA_024,Foliage
HF,45120.0,33.18357747039236,133.2655,133.2715,42656.0,67129.0,Pipistrellus pipistrellus,0.553,0.626,-1,Echolocation,192000.0,/mnt/ubna_data_05/recover-20250324/UBNA_024/20250319_055000.WAV,recover-20250324,UBNA_024,Foliage
HF,45120.0,12.976646555908793,133.3755,133.3822,43515.0,58580.0,Pipistrellus pipistrellus,0.499,0.668,-1,Echolocation,192000.0,/mnt/ubna_data_05/recover-20250324/UBNA_024/20250319_055000.WAV,recover-20250324,UBNA_024,Foliage
HF,48960.0,24.995664770210773,133.4765,133.48329999999999,42656.0,66270.0,Pipistrellus pipistrellus,0.542,0.656,-1,Echolocation,192000.0,/mnt/ubna_data_05/recover-20250324/UBNA_024/20250319_055000.WAV,recover-20250324,UBNA_024,Foliage
HF,46080.0,30.941577275682093,133.58350000000002,133.5891,42656.0,65456.0,Pipistrellus pipistrellus,0.565,0.625,-1,Echolocation,192000.0,/mnt/ubna_data_05/recover-20250324/UBNA_024/20250319_055000.WAV,recover-20250324,UBNA_024,Foliage
HF,47040.0,20.43448888408186,133.6895,133.6972,43515.0,59604.0,Pipistrellus pipistrellus,0.556,0.715,-1,Echolocation,192000.0,/mnt/ubna_data_05/recover-20250324/UBNA_024/20250319_055000.WAV,recover-20250324,UBNA_024,Foliage
HF,47040.0,30.694210272548546,133.7875,133.7946,43515.0,64893.0,Pipistrellus pipistrellus,0.533,0.697,-1,Echolocation,192000.0,/mnt/ubna_data_05/recover-20250324/UBNA_024/20250319_055000.WAV,recover-20250324,UBNA_024,Foliage
HF,47040.0,36.161507449079664,133.9005,133.907,42656.0,64263.0,Pipistrellus pipistrellus,0.524,0.62,-1,Echolocation,192000.0,/mnt/ubna_data_05/recover-20250324/UBNA_024/20250319_055000.WAV,recover-20250324,UBNA_024,Foliage
HF,51840.0,39.11076496942339,134.0025,134.0078,43515.0,66037.0,Pipistrellus pipistrellus,0.518,0.581,-1,Echolocation,192000.0,/mnt/ubna_data_05/recover-20250324/UBNA_024/20250319_055000.WAV,recover-20250324,UBNA_024,Foliage
HF,47040.0,16.048407770302358,134.1015,134.1078,43515.0,60306.0,Pipistrellus pipistrellus,0.537,0.597,-1,Echolocation,192000.0,/mnt/ubna_data_05/recover-20250324/UBNA_024/20250319_055000.WAV,recover-20250324,UBNA_024,Foliage
HF,47040.0,25.514816847267426,134.1985,134.2038,46093.0,64363.0,Pipistrellus pipistrellus,0.636,0.673,-1,Echolocation,192000.0,/mnt/ubna_data_05/recover-20250324/UBNA_024/20250319_055000.WAV,recover-20250324,UBNA_024,Foliage
HF,48000.0,25.387734463292524,134.3675,134.374,44375.0,65745.0,Pipistrellus pipistrellus,0.562,0.65,-1,Echolocation,192000.0,/mnt/ubna_data_05/recover-20250324/UBNA_024/20250319_055000.WAV,recover-20250324,UBNA_024,Foliage
HF,47040.0,12.428152661449746,134.4645,134.4702,46953.0,58763.0,Pipistrellus pipistrellus,0.506,0.577,-1,Echolocation,192000.0,/mnt/ubna_data_05/recover-20250324/UBNA_024/20250319_055000.WAV,recover-20250324,UBNA_024,Foliage
HF,47040.0,24.82420983228268,134.5515,134.5572,43515.0,63900.0,Pipistrellus pipistrellus,0.644,0.714,-1,Echolocation,192000.0,/mnt/ubna_data_05/recover-20250324/UBNA_024/20250319_055000.WAV,recover-20250324,UBNA_024,Foliage
HF,47040.0,24.795025462952452,134.7305,134.736,44375.0,62630.0,Pipistrellus pipistrellus,0.655,0.742,-1,Echolocation,192000.0,/mnt/ubna_data_05/recover-20250324/UBNA_024/20250319_055000.WAV,recover-20250324,UBNA_024,Foliage
HF,47040.0,30.77170489490426,134.8245,134.8296,45234.0,62941.0,Pipistrellus pipistrellus,0.588,0.663,-1,Echolocation,192000.0,/mnt/ubna_data_05/recover-20250324/UBNA_024/20250319_055000.WAV,recover-20250324,UBNA_024,Foliage
HF,47040.0,4.66086882776226,134.9245,134.9292,46093.0,55524.0,Pipistrellus pipistrellus,0.502,0.523,-1,Echolocation,192000.0,/mnt/ubna_data_05/recover-20250324/UBNA_024/20250319_055000.WAV,recover-20250324,UBNA_024,Foliage
HF,48000.0,16.52814974124868,135.0125,135.0212,43515.0,61703.0,Pipistrellus pipistrellus,0.484,0.623,-1,Echolocation,192000.0,/mnt/ubna_data_05/recover-20250324/UBNA_024/20250319_055000.WAV,recover-20250324,UBNA_024,Foliage
HF,45120.0,16.075761994773153,135.2115,135.2195,43515.0,60073.0,Pipistrellus pipistrellus,0.477,0.591,-1,Echolocation,192000.0,/mnt/ubna_data_05/recover-20250324/UBNA_024/20250319_055000.WAV,recover-20250324,UBNA_024,Foliage
HF,46080.0,2.9739997342683293,135.3195,135.3254,45234.0,56616.0,Pipistrellus pipistrellus,0.387,0.413,-1,Echolocation,192000.0,/mnt/ubna_data_05/recover-20250324/UBNA_024/20250319_055000.WAV,recover-20250324,UBNA_024,Foliage
HF,52800.0,23.332173479698504,135.4135,135.4192,43515.0,58613.0,Pipistrellus pipistrellus,0.612,0.67,-1,Echolocation,192000.0,/mnt/ubna_data_05/recover-20250324/UBNA_024/20250319_055000.WAV,recover-20250324,UBNA_024,Foliage
HF,48000.0,5.222915109303106,135.5165,135.5232,45234.0,57291.0,Pipistrellus pipistrellus,0.532,0.583,-1,Echolocation,192000.0,/mnt/ubna_data_05/recover-20250324/UBNA_024/20250319_055000.WAV,recover-20250324,UBNA_024,Foliage
HF,44160.0,12.024218788063264,135.6175,135.6266,42656.0,60076.0,Pipistrellus pipistrellus,0.467,0.602,-1,Echolocation,192000.0,/mnt/ubna_data_05/recover-20250324/UBNA_024/20250319_055000.WAV,recover-20250324,UBNA_024,Foliage
HF,45120.0,10.458811315386711,135.8045,135.8105,43515.0,51679.0,Pipistrellus pipistrellus,0.596,0.621,-1,Echolocation,192000.0,/mnt/ubna_data_05/recover-20250324/UBNA_024/20250319_055000.WAV,recover-20250324,UBNA_024,Foliage
HF,44160.0,15.934894665475845,135.8985,135.9062,42656.0,60964.0,Pipistrellus pipistrellus,0.477,0.631,-1,Echolocation,192000.0,/mnt/ubna_data_05/recover-20250324/UBNA_024/20250319_055000.WAV,recover-20250324,UBNA_024,Foliage
HF,45120.0,22.86904584668603,136.1025,136.107,41796.0,59991.0,Pipistrellus pipistrellus,0.51,0.598,-1,Echolocation,192000.0,/mnt/ubna_data_05/recover-20250324/UBNA_024/20250319_055000.WAV,recover-20250324,UBNA_024,Foliage
HF,46080.0,8.567420109054678,136.2055,136.2111,45234.0,52525.0,Pipistrellus pipistrellus,0.532,0.546,-1,Echolocation,192000.0,/mnt/ubna_data_05/recover-20250324/UBNA_024/20250319_055000.WAV,recover-20250324,UBNA_024,Foliage
HF,46080.0,19.53133972923542,136.30349999999999,136.3082,41796.0,59553.0,Pipistrellus pipistrellus,0.499,0.597,-1,Echolocation,192000.0,/mnt/ubna_data_05/recover-20250324/UBNA_024/20250319_055000.WAV,recover-20250324,UBNA_024,Foliage
HF,46080.0,14.47915705403978,136.4075,136.4123,44375.0,52048.0,Pipistrellus pipistrellus,0.525,0.538,-1,Echolocation,192000.0,/mnt/ubna_data_05/recover-20250324/UBNA_024/20250319_055000.WAV,recover-20250324,UBNA_024,Foliage
HF,46080.0,22.83419439852601,136.5075,136.5127,43515.0,59232.0,Pipistrellus pipistrellus,0.615,0.642,-1,Echolocation,192000.0,/mnt/ubna_data_05/recover-20250324/UBNA_024/20250319_055000.WAV,recover-20250324,UBNA_024,Foliage
HF,46080.0,12.392950223852285,136.6105,136.6158,45234.0,52824.0,Pipistrellus pipistrellus,0.575,0.584,-1,Echolocation,192000.0,/mnt/ubna_data_05/recover-20250324/UBNA_024/20250319_055000.WAV,recover-20250324,UBNA_024,Foliage
HF,46080.0,29.051517985462027,136.7165,136.7219,44375.0,62784.0,Pipistrellus pipistrellus,0.654,0.7,-1,Echolocation,192000.0,/mnt/ubna_data_05/recover-20250324/UBNA_024/20250319_055000.WAV,recover-20250324,UBNA_024,Foliage
HF,46080.0,18.513164280929143,136.82150000000001,136.8269,45234.0,55774.0,Pipistrellus pipistrellus,0.557,0.586,-1,Echolocation,192000.0,/mnt/ubna_data_05/recover-20250324/UBNA_024/20250319_055000.WAV,recover-20250324,UBNA_024,Foliage
HF,46080.0,23.98369875494172,136.9185,136.9236,45234.0,60518.0,Pipistrellus pipistrellus,0.596,0.652,-1,Echolocation,192000.0,/mnt/ubna_data_05/recover-20250324/UBNA_024/20250319_055000.WAV,recover-20250324,UBNA_024,Foliage
HF,47040.0,8.476784241581669,137.0235,137.0285,46093.0,56567.0,Pipistrellus pipistrellus,0.619,0.644,-1,Echolocation,192000.0,/mnt/ubna_data_05/recover-20250324/UBNA_024/20250319_055000.WAV,recover-20250324,UBNA_024,Foliage
HF,46080.0,23.260101788865477,137.1205,137.1255,45234.0,64522.0,Pipistrellus pipistrellus,0.689,0.714,-1,Echolocation,192000.0,/mnt/ubna_data_05/recover-20250324/UBNA_024/20250319_055000.WAV,recover-20250324,UBNA_024,Foliage
HF,47040.0,9.690164884726682,137.22050000000002,137.2257,45234.0,54667.0,Pipistrellus pipistrellus,0.5,0.513,-1,Echolocation,192000.0,/mnt/ubna_data_05/recover-20250324/UBNA_024/20250319_055000.WAV,recover-20250324,UBNA_024,Foliage
HF,46080.0,18.85913656976129,137.3225,137.3278,43515.0,61179.0,Pipistrellus pipistrellus,0.603,0.633,-1,Echolocation,192000.0,/mnt/ubna_data_05/recover-20250324/UBNA_024/20250319_055000.WAV,recover-20250324,UBNA_024,Foliage
HF,46080.0,15.387981872408275,137.4255,137.4316,45234.0,58588.0,Pipistrellus pipistrellus,0.621,0.665,-1,Echolocation,192000.0,/mnt/ubna_data_05/recover-20250324/UBNA_024/20250319_055000.WAV,recover-20250324,UBNA_024,Foliage
HF,46080.0,11.256213590902714,137.6155,137.6211,45234.0,59525.0,Pipistrellus pipistrellus,0.644,0.707,-1,Echolocation,192000.0,/mnt/ubna_data_05/recover-20250324/UBNA_024/20250319_055000.WAV,recover-20250324,UBNA_024,Foliage
HF,46080.0,8.632582457605611,137.8045,137.8103,45234.0,56754.0,Pipistrellus pipistrellus,0.588,0.608,-1,Echolocation,192000.0,/mnt/ubna_data_05/recover-20250324/UBNA_024/20250319_055000.WAV,recover-20250324,UBNA_024,Foliage
HF,46080.0,5.605169492859751,137.9855,137.992,45234.0,53379.0,Pipistrellus pipistrellus,0.563,0.612,-1,Echolocation,192000.0,/mnt/ubna_data_05/recover-20250324/UBNA_024/20250319_055000.WAV,recover-20250324,UBNA_024,Foliage
HF,46080.0,6.61926012881608,138.0655,138.0736,45234.0,52637.0,Pipistrellus pipistrellus,0.239,0.286,-1,Echolocation,192000.0,/mnt/ubna_data_05/recover-20250324/UBNA_024/20250319_055000.WAV,recover-20250324,UBNA_024,Foliage
HF,45120.0,3.1655080238817352,139.2005,139.2079,43515.0,52317.0,Pipistrellus pipistrellus,0.168,0.238,-1,Echolocation,192000.0,/mnt/ubna_data_05/recover-20250324/UBNA_024/20250319_055000.WAV,recover-20250324,UBNA_024,Foliage
HF,48000.0,5.48522284017888,194.7125,194.7178,46093.0,52909.0,Pipistrellus pipistrellus,0.344,0.352,-1,Echolocation,192000.0,/mnt/ubna_data_05/recover-20250324/UBNA_024/20250319_055000.WAV,recover-20250324,UBNA_024,Foliage
HF,48000.0,5.553236736580311,195.2225,195.2276,46093.0,61701.0,Pipistrellus pipistrellus,0.299,0.361,-1,Echolocation,192000.0,/mnt/ubna_data_05/recover-20250324/UBNA_024/20250319_055000.WAV,recover-20250324,UBNA_024,Foliage
HF,48960.0,6.436274408502464,195.3975,195.4024,46093.0,58981.0,Pipistrellus pipistrellus,0.532,0.565,-1,Echolocation,192000.0,/mnt/ubna_data_05/recover-20250324/UBNA_024/20250319_055000.WAV,recover-20250324,UBNA_024,Foliage
HF,48000.0,3.365840490180384,195.4845,195.4903,46953.0,56036.0,Pipistrellus pipistrellus,0.238,0.248,-1,Echolocation,192000.0,/mnt/ubna_data_05/recover-20250324/UBNA_024/20250319_055000.WAV,recover-20250324,UBNA_024,Foliage
HF,48000.0,3.880925845386493,195.6715,195.6766,46953.0,55475.0,Pipistrellus pipistrellus,0.351,0.363,-1,Echolocation,192000.0,/mnt/ubna_data_05/recover-20250324/UBNA_024/20250319_055000.WAV,recover-20250324,UBNA_024,Foliage
HF,47040.0,3.828574273012018,195.7645,195.7701,46953.0,58859.0,Pipistrellus pipistrellus,0.499,0.53,-1,Echolocation,192000.0,/mnt/ubna_data_05/recover-20250324/UBNA_024/20250319_055000.WAV,recover-20250324,UBNA_024,Foliage
HF,47040.0,5.3476454389278105,195.9345,195.9404,46093.0,54822.0,Pipistrellus pipistrellus,0.453,0.478,-1,Echolocation,192000.0,/mnt/ubna_data_05/recover-20250324/UBNA_024/20250319_055000.WAV,recover-20250324,UBNA_024,Foliage
HF,48000.0,3.6776330565578457,196.1145,196.1202,47812.0,54602.0,Pipistrellus pipistrellus,0.456,0.465,-1,Echolocation,192000.0,/mnt/ubna_data_05/recover-20250324/UBNA_024/20250319_055000.WAV,recover-20250324,UBNA_024,Foliage
LF,23040.0,0.24425175298318516,205.9365,205.9447,24609.0,34342.0,Eptesicus serotinus,0.059,0.208,-1,Echolocation,192000.0,/mnt/ubna_data_05/recover-20250324/UBNA_024/20250319_055000.WAV,recover-20250324,UBNA_024,Foliage
HF,40320.0,1.5314800486942906,62.3155,62.3232,39218.0,45834.0,Pipistrellus nathusii,0.173,0.246,-1,Echolocation,192000.0,/mnt/ubna_data_05/recover-20250324/UBNA_024/20250319_063000.WAV,recover-20250324,UBNA_024,Foliage
HF,40320.0,3.3083093396084733,62.8285,62.8354,37500.0,48886.0,Pipistrellus nathusii,0.203,0.405,-1,Echolocation,192000.0,/mnt/ubna_data_05/recover-20250324/UBNA_024/20250319_063000.WAV,recover-20250324,UBNA_024,Foliage
HF,40320.0,2.5264237426849965,62.9945,63.0008,36640.0,52797.0,Pipistrellus nathusii,0.065,0.202,-1,Echolocation,192000.0,/mnt/ubna_data_05/recover-20250324/UBNA_024/20250319_063000.WAV,recover-20250324,UBNA_024,Foliage
HF,43200.0,3.145320196196462,63.1675,63.1745,40078.0,46916.0,Pipistrellus nathusii,0.179,0.313,-1,Echolocation,192000.0,/mnt/ubna_data_05/recover-20250324/UBNA_024/20250319_063000.WAV,recover-20250324,UBNA_024,Foliage
HF,43200.0,2.484795943601724,63.338499999999996,63.3475,40078.0,45383.0,Pipistrellus nathusii,0.187,0.241,-1,Echolocation,192000.0,/mnt/ubna_data_05/recover-20250324/UBNA_024/20250319_063000.WAV,recover-20250324,UBNA_024,Foliage
HF,43200.0,1.7512870429151444,63.5015,63.5085,40078.0,49145.0,Pipistrellus nathusii,0.371,0.461,-1,Echolocation,192000.0,/mnt/ubna_data_05/recover-20250324/UBNA_024/20250319_063000.WAV,recover-20250324,UBNA_024,Foliage
HF,41280.0,2.251267822082739,63.6715,63.6803,40078.0,45403.0,Pipistrellus nathusii,0.239,0.274,-1,Echolocation,192000.0,/mnt/ubna_data_05/recover-20250324/UBNA_024/20250319_063000.WAV,recover-20250324,UBNA_024,Foliage
HF,43200.0,4.01554590625943,63.7535,63.7604,40078.0,51647.0,Pipistrellus nathusii,0.286,0.405,-1,Echolocation,192000.0,/mnt/ubna_data_05/recover-20250324/UBNA_024/20250319_063000.WAV,recover-20250324,UBNA_024,Foliage
HF,41280.0,4.516896175336166,63.9215,63.9286,39218.0,47112.0,Pipistrellus nathusii,0.366,0.473,-1,Echolocation,192000.0,/mnt/ubna_data_05/recover-20250324/UBNA_024/20250319_063000.WAV,recover-20250324,UBNA_024,Foliage
HF,40320.0,4.54721946449418,64.0155,64.0222,39218.0,51105.0,Pipistrellus nathusii,0.461,0.544,-1,Echolocation,192000.0,/mnt/ubna_data_05/recover-20250324/UBNA_024/20250319_063000.WAV,recover-20250324,UBNA_024,Foliage
HF,40320.0,5.945653264433246,64.2535,64.2612,40078.0,52389.0,Pipistrellus nathusii,0.549,0.657,-1,Echolocation,192000.0,/mnt/ubna_data_05/recover-20250324/UBNA_024/20250319_063000.WAV,recover-20250324,UBNA_024,Foliage
HF,39360.0,6.444378189330183,64.3385,64.3459,38359.0,52510.0,Pipistrellus nathusii,0.402,0.57,-1,Echolocation,192000.0,/mnt/ubna_data_05/recover-20250324/UBNA_024/20250319_063000.WAV,recover-20250324,UBNA_024,Foliage
HF,40320.0,7.028359889711111,64.5035,64.512,37500.0,51236.0,Pipistrellus nathusii,0.406,0.563,-1,Echolocation,192000.0,/mnt/ubna_data_05/recover-20250324/UBNA_024/20250319_063000.WAV,recover-20250324,UBNA_024,Foliage
HF,39360.0,6.149109864861424,64.6705,64.6776,38359.0,49901.0,Pipistrellus nathusii,0.427,0.613,-1,Echolocation,192000.0,/mnt/ubna_data_05/recover-20250324/UBNA_024/20250319_063000.WAV,recover-20250324,UBNA_024,Foliage
HF,42240.0,5.071821058479747,64.8475,64.8534,38359.0,53400.0,Pipistrellus nathusii,0.319,0.439,-1,Echolocation,192000.0,/mnt/ubna_data_05/recover-20250324/UBNA_024/20250319_063000.WAV,recover-20250324,UBNA_024,Foliage
HF,39360.0,3.4570628578155875,65.0185,65.0247,38359.0,52822.0,Pipistrellus nathusii,0.256,0.434,-1,Echolocation,192000.0,/mnt/ubna_data_05/recover-20250324/UBNA_024/20250319_063000.WAV,recover-20250324,UBNA_024,Foliage
HF,41280.0,6.557339209536941,65.1815,65.1892,39218.0,47726.0,Pipistrellus nathusii,0.539,0.638,-1,Echolocation,192000.0,/mnt/ubna_data_05/recover-20250324/UBNA_024/20250319_063000.WAV,recover-20250324,UBNA_024,Foliage
HF,43200.0,5.161717870611774,65.2715,65.2774,39218.0,50785.0,Pipistrellus nathusii,0.343,0.452,-1,Echolocation,192000.0,/mnt/ubna_data_05/recover-20250324/UBNA_024/20250319_063000.WAV,recover-20250324,UBNA_024,Foliage
HF,42240.0,8.187735132320412,65.4525,65.4603,39218.0,48204.0,Pipistrellus nathusii,0.422,0.566,-1,Echolocation,192000.0,/mnt/ubna_data_05/recover-20250324/UBNA_024/20250319_063000.WAV,recover-20250324,UBNA_024,Foliage
HF,45120.0,9.526390683864946,65.62049999999999,65.6276,39218.0,51435.0,Pipistrellus nathusii,0.364,0.541,-1,Echolocation,192000.0,/mnt/ubna_data_05/recover-20250324/UBNA_024/20250319_063000.WAV,recover-20250324,UBNA_024,Foliage
HF,45120.0,9.502261118932916,65.7905,65.7964,39218.0,56147.0,Pipistrellus nathusii,0.265,0.462,-1,Echolocation,192000.0,/mnt/ubna_data_05/recover-20250324/UBNA_024/20250319_063000.WAV,recover-20250324,UBNA_024,Foliage
HF,45120.0,9.154412606734047,65.8825,65.8875,40937.0,52240.0,Pipistrellus nathusii,0.395,0.499,-1,Echolocation,192000.0,/mnt/ubna_data_05/recover-20250324/UBNA_024/20250319_063000.WAV,recover-20250324,UBNA_024,Foliage
HF,45120.0,10.413630715340311,66.0415,66.0464,41796.0,55876.0,Pipistrellus nathusii,0.269,0.366,-1,Echolocation,192000.0,/mnt/ubna_data_05/recover-20250324/UBNA_024/20250319_063000.WAV,recover-20250324,UBNA_024,Foliage
HF,46080.0,7.02102205605345,66.1935,66.1994,42656.0,53300.0,Pipistrellus nathusii,0.296,0.43,-1,Echolocation,192000.0,/mnt/ubna_data_05/recover-20250324/UBNA_024/20250319_063000.WAV,recover-20250324,UBNA_024,Foliage
HF,45120.0,6.369869593743372,66.3605,66.3659,39218.0,56245.0,Pipistrellus nathusii,0.123,0.333,-1,Echolocation,192000.0,/mnt/ubna_data_05/recover-20250324/UBNA_024/20250319_063000.WAV,recover-20250324,UBNA_024,Foliage
HF,46080.0,3.359271006459186,66.4515,66.46039999999999,43515.0,53363.0,Pipistrellus nathusii,0.197,0.285,-1,Echolocation,192000.0,/mnt/ubna_data_05/recover-20250324/UBNA_024/20250319_063000.WAV,recover-20250324,UBNA_024,Foliage
HF,41280.0,8.707535111179766,66.6125,66.6191,40078.0,52605.0,Pipistrellus nathusii,0.314,0.491,-1,Echolocation,192000.0,/mnt/ubna_data_05/recover-20250324/UBNA_024/20250319_063000.WAV,recover-20250324,UBNA_024,Foliage
HF,42240.0,3.3742222876161945,66.7005,66.7065,40078.0,54308.0,Pipistrellus nathusii,0.224,0.447,-1,Echolocation,192000.0,/mnt/ubna_data_05/recover-20250324/UBNA_024/20250319_063000.WAV,recover-20250324,UBNA_024,Foliage
HF,43200.0,4.094977464973211,66.8665,66.8719,40078.0,53129.0,Pipistrellus nathusii,0.248,0.435,-1,Echolocation,192000.0,/mnt/ubna_data_05/recover-20250324/UBNA_024/20250319_063000.WAV,recover-20250324,UBNA_024,Foliage
HF,43200.0,6.419181372313016,67.1255,67.1327,40078.0,46747.0,Pipistrellus nathusii,0.136,0.338,-1,Echolocation,192000.0,/mnt/ubna_data_05/recover-20250324/UBNA_024/20250319_063000.WAV,recover-20250324,UBNA_024,Foliage
HF,43200.0,3.242631046280634,67.3755,67.3823,40078.0,49328.0,Pipistrellus nathusii,0.244,0.391,-1,Echolocation,192000.0,/mnt/ubna_data_05/recover-20250324/UBNA_024/20250319_063000.WAV,recover-20250324,UBNA_024,Foliage
HF,43200.0,4.269240825915293,67.6375,67.6437,40937.0,48322.0,Pipistrellus nathusii,0.301,0.363,-1,Echolocation,192000.0,/mnt/ubna_data_05/recover-20250324/UBNA_024/20250319_063000.WAV,recover-20250324,UBNA_024,Foliage
HF,39360.0,5.834265305069247,67.8125,67.8183,37500.0,48068.0,Pipistrellus nathusii,0.422,0.535,-1,Echolocation,192000.0,/mnt/ubna_data_05/recover-20250324/UBNA_024/20250319_063000.WAV,recover-20250324,UBNA_024,Foliage
HF,41280.0,11.027485752851563,67.9825,67.9877,38359.0,48992.0,Pipistrellus nathusii,0.353,0.431,-1,Echolocation,192000.0,/mnt/ubna_data_05/recover-20250324/UBNA_024/20250319_063000.WAV,recover-20250324,UBNA_024,Foliage
HF,41280.0,10.938599616865359,68.14750000000001,68.1549,37500.0,48526.0,Pipistrellus nathusii,0.27,0.498,-1,Echolocation,192000.0,/mnt/ubna_data_05/recover-20250324/UBNA_024/20250319_063000.WAV,recover-20250324,UBNA_024,Foliage
HF,41280.0,13.216532389181548,68.3115,68.3179,38359.0,51775.0,Pipistrellus nathusii,0.342,0.595,-1,Echolocation,192000.0,/mnt/ubna_data_05/recover-20250324/UBNA_024/20250319_063000.WAV,recover-20250324,UBNA_024,Foliage
HF,41280.0,11.69215275595773,68.4695,68.476,37500.0,50851.0,Pipistrellus nathusii,0.242,0.531,-1,Echolocation,192000.0,/mnt/ubna_data_05/recover-20250324/UBNA_024/20250319_063000.WAV,recover-20250324,UBNA_024,Foliage
HF,41280.0,10.531911383610453,68.6395,68.6453,37500.0,51279.0,Pipistrellus nathusii,0.253,0.476,-1,Echolocation,192000.0,/mnt/ubna_data_05/recover-20250324/UBNA_024/20250319_063000.WAV,recover-20250324,UBNA_024,Foliage
HF,42240.0,9.87795766780286,68.7995,68.8064,37500.0,50866.0,Pipistrellus nathusii,0.223,0.498,-1,Echolocation,192000.0,/mnt/ubna_data_05/recover-20250324/UBNA_024/20250319_063000.WAV,recover-20250324,UBNA_024,Foliage
HF,42240.0,11.5578700005286,68.9705,68.9778,38359.0,53683.0,Pipistrellus nathusii,0.188,0.439,-1,Echolocation,192000.0,/mnt/ubna_data_05/recover-20250324/UBNA_024/20250319_063000.WAV,recover-20250324,UBNA_024,Foliage
HF,41280.0,7.888869655368806,69.1435,69.1501,38359.0,51609.0,Pipistrellus nathusii,0.19,0.462,-1,Echolocation,192000.0,/mnt/ubna_data_05/recover-20250324/UBNA_024/20250319_063000.WAV,recover-20250324,UBNA_024,Foliage
HF,41280.0,6.107083278424701,69.3165,69.3227,39218.0,51690.0,Pipistrellus nathusii,0.345,0.555,-1,Echolocation,192000.0,/mnt/ubna_data_05/recover-20250324/UBNA_024/20250319_063000.WAV,recover-20250324,UBNA_024,Foliage
HF,47040.0,1.5664429015741548,69.49549999999999,69.5006,40078.0,52292.0,Pipistrellus nathusii,0.171,0.379,-1,Echolocation,192000.0,/mnt/ubna_data_05/recover-20250324/UBNA_024/20250319_063000.WAV,recover-20250324,UBNA_024,Foliage
HF,46080.0,4.25874038838608,69.5865,69.592,40078.0,53970.0,Myotis daubentonii,0.109,0.256,-1,Echolocation,192000.0,/mnt/ubna_data_05/recover-20250324/UBNA_024/20250319_063000.WAV,recover-20250324,UBNA_024,Foliage
HF,47040.0,4.158556349466724,70.0015,70.007,40937.0,53344.0,Pipistrellus nathusii,0.1,0.209,-1,Echolocation,192000.0,/mnt/ubna_data_05/recover-20250324/UBNA_024/20250319_063000.WAV,recover-20250324,UBNA_024,Foliage
HF,40320.0,2.941131164745637,70.0865,70.0934,39218.0,50823.0,Pipistrellus nathusii,0.18,0.388,-1,Echolocation,192000.0,/mnt/ubna_data_05/recover-20250324/UBNA_024/20250319_063000.WAV,recover-20250324,UBNA_024,Foliage
LF,28800.0,0.7964853647843939,87.5595,87.5705,26328.0,32423.0,Eptesicus serotinus,0.11,0.225,-1,Echolocation,192000.0,/mnt/ubna_data_05/recover-20250324/UBNA_024/20250319_063000.WAV,recover-20250324,UBNA_024,Foliage
LF,24000.0,1.6234993452346977,65.4915,65.5035,24609.0,29757.0,Eptesicus serotinus,0.099,0.233,-1,Echolocation,192000.0,/mnt/ubna_data_05/recover-20250324/UBNA_024/20250319_064000.WAV,recover-20250324,UBNA_024,Foliage
LF,26880.0,1.1614223286659535,23.2925,23.3034,27187.0,32068.0,Nyctalus leisleri,0.106,0.209,-1,Echolocation,192000.0,/mnt/ubna_data_05/recover-20250324/UBNA_024/20250319_065000.WAV,recover-20250324,UBNA_024,Foliage
LF,27840.0,2.330429266207077,170.4055,170.4175,26328.0,31072.0,Eptesicus serotinus,0.131,0.262,-1,Echolocation,192000.0,/mnt/ubna_data_05/recover-20250324/UBNA_024/20250319_071000.WAV,recover-20250324,UBNA_024,Foliage
HF,50880.0,2.390490950215973,192.4725,192.4783,49531.0,59669.0,Pipistrellus pipistrellus,0.299,0.322,-1,Echolocation,192000.0,/mnt/ubna_data_05/recover-20250324/UBNA_024/20250319_074000.WAV,recover-20250324,UBNA_024,Foliage
HF,50880.0,2.1068841526297915,192.5605,192.5684,51250.0,56376.0,Pipistrellus pipistrellus,0.211,0.272,-1,Echolocation,192000.0,/mnt/ubna_data_05/recover-20250324/UBNA_024/20250319_074000.WAV,recover-20250324,UBNA_024,Foliage
HF,52800.0,4.174398664305573,192.6455,192.6503,47812.0,61474.0,Pipistrellus pipistrellus,0.25,0.326,-1,Echolocation,192000.0,/mnt/ubna_data_05/recover-20250324/UBNA_024/20250319_074000.WAV,recover-20250324,UBNA_024,Foliage
HF,50880.0,4.171167527072315,192.7395,192.7448,48671.0,58948.0,Pipistrellus pipistrellus,0.209,0.222,-1,Echolocation,192000.0,/mnt/ubna_data_05/recover-20250324/UBNA_024/20250319_074000.WAV,recover-20250324,UBNA_024,Foliage
HF,50880.0,6.248062946364464,192.8155,192.8202,49531.0,64370.0,Pipistrellus pipistrellus,0.402,0.497,-1,Echolocation,192000.0,/mnt/ubna_data_05/recover-20250324/UBNA_024/20250319_074000.WAV,recover-20250324,UBNA_024,Foliage
HF,52800.0,3.6448656569568136,192.9045,192.9108,50390.0,59259.0,Pipistrellus pipistrellus,0.292,0.35,-1,Echolocation,192000.0,/mnt/ubna_data_05/recover-20250324/UBNA_024/20250319_074000.WAV,recover-20250324,UBNA_024,Foliage
HF,52800.0,9.939481400376533,192.9915,192.9968,51250.0,65972.0,Pipistrellus pipistrellus,0.206,0.343,-1,Echolocation,192000.0,/mnt/ubna_data_05/recover-20250324/UBNA_024/20250319_074000.WAV,recover-20250324,UBNA_024,Foliage
HF,51840.0,6.202693030798189,193.0905,193.0951,49531.0,60142.0,Pipistrellus pipistrellus,0.443,0.473,-1,Echolocation,192000.0,/mnt/ubna_data_05/recover-20250324/UBNA_024/20250319_074000.WAV,recover-20250324,UBNA_024,Foliage
HF,52800.0,9.08894527237967,193.1815,193.1868,47812.0,64129.0,Pipistrellus pipistrellus,0.31,0.46,-1,Echolocation,192000.0,/mnt/ubna_data_05/recover-20250324/UBNA_024/20250319_074000.WAV,recover-20250324,UBNA_024,Foliage
HF,52800.0,12.395049839884935,193.2705,193.2749,47812.0,63081.0,Pipistrellus pipistrellus,0.275,0.359,-1,Echolocation,192000.0,/mnt/ubna_data_05/recover-20250324/UBNA_024/20250319_074000.WAV,recover-20250324,UBNA_024,Foliage
HF,52800.0,11.208477922185551,193.3505,193.3555,47812.0,64732.0,Pipistrellus pipistrellus,0.302,0.469,-1,Echolocation,192000.0,/mnt/ubna_data_05/recover-20250324/UBNA_024/20250319_074000.WAV,recover-20250324,UBNA_024,Foliage
HF,51840.0,14.395246729564228,193.4385,193.44389999999999,46953.0,63111.0,Pipistrellus pipistrellus,0.295,0.454,-1,Echolocation,192000.0,/mnt/ubna_data_05/recover-20250324/UBNA_024/20250319_074000.WAV,recover-20250324,UBNA_024,Foliage
HF,52800.0,14.590361747386897,193.5255,193.5311,46953.0,66472.0,Myotis alcathoe,0.198,0.454,-1,Echolocation,192000.0,/mnt/ubna_data_05/recover-20250324/UBNA_024/20250319_074000.WAV,recover-20250324,UBNA_024,Foliage
HF,52800.0,15.205746291770975,193.6235,193.6278,46953.0,62152.0,Pipistrellus pipistrellus,0.434,0.523,-1,Echolocation,192000.0,/mnt/ubna_data_05/recover-20250324/UBNA_024/20250319_074000.WAV,recover-20250324,UBNA_024,Foliage
HF,50880.0,14.80328602473101,193.7155,193.7199,46093.0,65020.0,Pipistrellus pipistrellus,0.433,0.518,-1,Echolocation,192000.0,/mnt/ubna_data_05/recover-20250324/UBNA_024/20250319_074000.WAV,recover-20250324,UBNA_024,Foliage
HF,51840.0,17.060746023787985,193.8085,193.8145,48671.0,64345.0,Pipistrellus pipistrellus,0.492,0.613,-1,Echolocation,192000.0,/mnt/ubna_data_05/recover-20250324/UBNA_024/20250319_074000.WAV,recover-20250324,UBNA_024,Foliage
HF,52800.0,14.569292858743285,193.9005,193.9051,47812.0,60994.0,Pipistrellus pipistrellus,0.487,0.616,-1,Echolocation,192000.0,/mnt/ubna_data_05/recover-20250324/UBNA_024/20250319_074000.WAV,recover-20250324,UBNA_024,Foliage
HF,51840.0,18.445139918287445,194.0575,194.0646,48671.0,60392.0,Pipistrellus pipistrellus,0.493,0.607,-1,Echolocation,192000.0,/mnt/ubna_data_05/recover-20250324/UBNA_024/20250319_074000.WAV,recover-20250324,UBNA_024,Foliage
HF,48960.0,7.725309299829933,194.1485,194.1548,47812.0,57840.0,Pipistrellus pipistrellus,0.336,0.394,-1,Echolocation,192000.0,/mnt/ubna_data_05/recover-20250324/UBNA_024/20250319_074000.WAV,recover-20250324,UBNA_024,Foliage
HF,51840.0,17.561512818768577,194.2465,194.2523,48671.0,63853.0,Pipistrellus pipistrellus,0.53,0.68,-1,Echolocation,192000.0,/mnt/ubna_data_05/recover-20250324/UBNA_024/20250319_074000.WAV,recover-20250324,UBNA_024,Foliage
HF,48960.0,12.388841464172451,194.3375,194.3432,47812.0,57776.0,Pipistrellus pipistrellus,0.513,0.594,-1,Echolocation,192000.0,/mnt/ubna_data_05/recover-20250324/UBNA_024/20250319_074000.WAV,recover-20250324,UBNA_024,Foliage
HF,55680.0,12.975262560857818,194.4275,194.4336,46093.0,62592.0,Pipistrellus pipistrellus,0.373,0.492,-1,Echolocation,192000.0,/mnt/ubna_data_05/recover-20250324/UBNA_024/20250319_074000.WAV,recover-20250324,UBNA_024,Foliage
HF,48000.0,5.626391684187732,194.5215,194.5283,46953.0,60054.0,Pipistrellus pipistrellus,0.38,0.461,-1,Echolocation,192000.0,/mnt/ubna_data_05/recover-20250324/UBNA_024/20250319_074000.WAV,recover-20250324,UBNA_024,Foliage
HF,52800.0,14.32737520050972,194.6305,194.636,47812.0,58359.0,Pipistrellus pipistrellus,0.492,0.608,-1,Echolocation,192000.0,/mnt/ubna_data_05/recover-20250324/UBNA_024/20250319_074000.WAV,recover-20250324,UBNA_024,Foliage
HF,51840.0,3.808447503676316,194.7005,194.70589999999999,49531.0,56674.0,Pipistrellus pipistrellus,0.268,0.299,-1,Echolocation,192000.0,/mnt/ubna_data_05/recover-20250324/UBNA_024/20250319_074000.WAV,recover-20250324,UBNA_024,Foliage
HF,52800.0,14.79166936966279,194.7975,194.8027,46953.0,60272.0,Pipistrellus pipistrellus,0.461,0.56,-1,Echolocation,192000.0,/mnt/ubna_data_05/recover-20250324/UBNA_024/20250319_074000.WAV,recover-20250324,UBNA_024,Foliage
HF,51840.0,8.772949667036755,194.9925,194.9978,47812.0,57773.0,Pipistrellus pipistrellus,0.302,0.359,-1,Echolocation,192000.0,/mnt/ubna_data_05/recover-20250324/UBNA_024/20250319_074000.WAV,recover-20250324,UBNA_024,Foliage
HF,52800.0,5.889608868437335,195.1675,195.1723,46093.0,57083.0,Pipistrellus pipistrellus,0.238,0.258,-1,Echolocation,192000.0,/mnt/ubna_data_05/recover-20250324/UBNA_024/20250319_074000.WAV,recover-20250324,UBNA_024,Foliage
HF,48000.0,3.49309663777359,195.3975,195.4024,47812.0,56291.0,Pipistrellus pipistrellus,0.316,0.329,-1,Echolocation,192000.0,/mnt/ubna_data_05/recover-20250324/UBNA_024/20250319_074000.WAV,recover-20250324,UBNA_024,Foliage
LF,22080.0,1.19022419832852,238.3385,238.35739999999998,21171.0,24603.0,Nyctalus noctula,0.123,0.241,-1,Echolocation,192000.0,/mnt/ubna_data_05/recover-20250324/UBNA_024/20250319_082000.WAV,recover-20250324,UBNA_024,Foliage
LF,23040.0,1.5274610018293553,183.2875,183.3011,23750.0,28723.0,Nyctalus leisleri,0.103,0.27,-1,Echolocation,192000.0,/mnt/ubna_data_05/recover-20250324/UBNA_024/20250319_083000.WAV,recover-20250324,UBNA_024,Foliage
HF,39360.0,0.2459113987412698,228.65449999999998,228.6656,37500.0,41375.0,Pipistrellus nathusii,0.197,0.225,-1,Echolocation,192000.0,/mnt/ubna_data_05/recover-20250324/UBNA_024/20250319_084000.WAV,recover-20250324,UBNA_024,Foliage
LF,24960.0,0.6042550401363032,234.72050000000002,234.7314,24609.0,30525.0,Eptesicus serotinus,0.105,0.23,-1,Echolocation,192000.0,/mnt/ubna_data_05/recover-20250324/UBNA_024/20250319_085000.WAV,recover-20250324,UBNA_024,Foliage
LF,26880.0,1.3091310220307562,207.8305,207.8413,27187.0,32881.0,Eptesicus serotinus,0.134,0.214,-1,Echolocation,192000.0,/mnt/ubna_data_05/recover-20250324/UBNA_024/20250319_090000.WAV,recover-20250324,UBNA_024,Foliage
LF,24960.0,1.005338130566887,215.6105,215.6234,25468.0,32068.0,Eptesicus serotinus,0.1,0.221,-1,Echolocation,192000.0,/mnt/ubna_data_05/recover-20250324/UBNA_024/20250319_090000.WAV,recover-20250324,UBNA_024,Foliage
LF,22080.0,1.2366358315833381,79.07849999999999,79.0934,21171.0,28060.0,Nyctalus noctula,0.191,0.302,-1,Echolocation,192000.0,/mnt/ubna_data_05/recover-20250324/UBNA_024/20250319_093000.WAV,recover-20250324,UBNA_024,Foliage
LF,24960.0,0.02187951143571816,278.0325,278.0441,25468.0,29791.0,Nyctalus leisleri,0.135,0.258,-1,Echolocation,192000.0,/mnt/ubna_data_05/recover-20250324/UBNA_024/20250319_094000.WAV,recover-20250324,UBNA_024,Foliage
LF,24000.0,0.8071500333510908,21.2185,21.2284,24609.0,31220.0,Eptesicus serotinus,0.074,0.207,-1,Echolocation,192000.0,/mnt/ubna_data_05/recover-20250324/UBNA_024/20250319_100000.WAV,recover-20250324,UBNA_024,Foliage
LF,28800.0,-0.07088307062572921,57.8705,57.8802,27187.0,33747.0,Eptesicus serotinus,0.133,0.25,-1,Echolocation,192000.0,/mnt/ubna_data_05/recover-20250324/UBNA_024/20250319_100000.WAV,recover-20250324,UBNA_024,Foliage
LF,22080.0,1.7050813820521749,65.6175,65.6405,21171.0,24556.0,Nyctalus leisleri,0.138,0.286,-1,Echolocation,192000.0,/mnt/ubna_data_05/recover-20250324/UBNA_024/20250319_110000.WAV,recover-20250324,UBNA_024,Foliage
LF,26880.0,1.015816088451287,39.079499999999996,39.0894,25468.0,32569.0,Eptesicus serotinus,0.134,0.271,-1,Echolocation,192000.0,/mnt/ubna_data_05/recover-20250324/UBNA_024/20250319_113000.WAV,recover-20250324,UBNA_024,Foliage
LF,23040.0,0.8121959023970043,155.4415,155.4548,22031.0,27556.0,Nyctalus noctula,0.17,0.282,-1,Echolocation,192000.0,/mnt/ubna_data_05/recover-20250324/UBNA_024/20250319_113000.WAV,recover-20250324,UBNA_024,Foliage
LF,22080.0,0.7854611409250067,202.5155,202.5341,22031.0,25769.0,Nyctalus noctula,0.144,0.26,-1,Echolocation,192000.0,/mnt/ubna_data_05/recover-20250324/UBNA_024/20250319_113000.WAV,recover-20250324,UBNA_024,Foliage
LF,20160.0,1.1235918554640671,207.6855,207.7091,17734.0,20114.0,Nyctalus noctula,0.158,0.214,-1,Echolocation,192000.0,/mnt/ubna_data_05/recover-20250324/UBNA_024/20250319_113000.WAV,recover-20250324,UBNA_024,Foliage
HF,50880.0,1.2640636135582999,210.2865,210.2965,50390.0,54515.0,Pipistrellus pipistrellus,0.134,0.213,-1,Echolocation,192000.0,/mnt/ubna_data_05/recover-20250324/UBNA_024/20250319_114000.WAV,recover-20250324,UBNA_024,Foliage
LF,24000.0,0.9156522623505396,115.3355,115.3503,23750.0,27966.0,Nyctalus leisleri,0.099,0.224,-1,Echolocation,192000.0,/mnt/ubna_data_05/recover-20250324/UBNA_024/20250319_115000.WAV,recover-20250324,UBNA_024,Foliage
HF,50880.0,1.6016677024350092,177.6925,177.7012,49531.0,53695.0,Pipistrellus pipistrellus,0.176,0.215,-1,Echolocation,192000.0,/mnt/ubna_data_05/recover-20250324/UBNA_024/20250319_115000.WAV,recover-20250324,UBNA_024,Foliage
LF,25920.0,0.42825099854396026,228.6205,228.6337,25468.0,29313.0,Nyctalus leisleri,0.133,0.281,-1,Echolocation,192000.0,/mnt/ubna_data_05/recover-20250324/UBNA_024/20250319_115000.WAV,recover-20250324,UBNA_024,Foliage
LF,29760.0,-0.3079991162814001,4.7955,4.8103,29765.0,33322.0,Eptesicus serotinus,0.091,0.206,-1,Echolocation,192000.0,/mnt/ubna_data_05/recover-20250324/UBNA_024/20250319_121000.WAV,recover-20250324,UBNA_024,Foliage
LF,23040.0,0.8857620868744789,104.8235,104.8372,24609.0,29091.0,Nyctalus leisleri,0.124,0.248,-1,Echolocation,192000.0,/mnt/ubna_data_05/recover-20250324/UBNA_024/20250319_121000.WAV,recover-20250324,UBNA_024,Foliage
LF,23040.0,0.5583688804905103,127.9075,127.9238,22890.0,27009.0,Nyctalus leisleri,0.111,0.219,-1,Echolocation,192000.0,/mnt/ubna_data_05/recover-20250324/UBNA_024/20250319_125000.WAV,recover-20250324,UBNA_024,Foliage
LF,23040.0,0.8012719176876102,131.5655,131.5754,23750.0,32577.0,Eptesicus serotinus,0.074,0.215,-1,Echolocation,192000.0,/mnt/ubna_data_05/recover-20250324/UBNA_024/20250319_130000.WAV,recover-20250324,UBNA_024,Foliage
LF,21120.0,-0.0966252358443801,102.7705,102.7941,17734.0,21066.0,Nyctalus noctula,0.169,0.22,-1,Echolocation,192000.0,/mnt/ubna_data_05/recover-20250324/UBNA_024/20250319_131000.WAV,recover-20250324,UBNA_024,Foliage
LF,23040.0,0.1333757497546733,49.4465,49.455799999999996,22890.0,31656.0,Nyctalus noctula,0.07,0.234,-1,Echolocation,192000.0,/mnt/ubna_data_05/recover-20250324/UBNA_024/20250319_133000.WAV,recover-20250324,UBNA_024,Foliage
LF,18240.0,1.8221251280728776,194.9135,194.9378,16875.0,19560.0,Nyctalus noctula,0.134,0.219,-1,Echolocation,192000.0,/mnt/ubna_data_05/recover-20250324/UBNA_024/20250319_133000.WAV,recover-20250324,UBNA_024,Foliage
LF,21120.0,1.0648498867218774,204.0355,204.0549,20312.0,23975.0,Nyctalus noctula,0.136,0.208,-1,Echolocation,192000.0,/mnt/ubna_data_05/recover-20250324/UBNA_024/20250319_133000.WAV,recover-20250324,UBNA_024,Foliage
LF,22080.0,1.3557880612245998,23.0965,23.119,22031.0,25430.0,Nyctalus noctula,0.132,0.221,-1,Echolocation,192000.0,/mnt/ubna_data_05/recover-20250324/UBNA_024/20250319_134000.WAV,recover-20250324,UBNA_024,Foliage
HF,39360.0,0.3440239198151418,80.5215,80.53020000000001,38359.0,45758.0,Pipistrellus nathusii,0.224,0.271,-1,Echolocation,192000.0,/mnt/ubna_data_05/recover-20250324/UBNA_024/20250319_134000.WAV,recover-20250324,UBNA_024,Foliage
HF,42240.0,1.8570797158404173,80.8445,80.851,40078.0,46853.0,Pipistrellus nathusii,0.361,0.407,-1,Echolocation,192000.0,/mnt/ubna_data_05/recover-20250324/UBNA_024/20250319_134000.WAV,recover-20250324,UBNA_024,Foliage
HF,40320.0,3.3691702582479754,80.9995,81.0059,37500.0,49314.0,Pipistrellus nathusii,0.404,0.505,-1,Echolocation,192000.0,/mnt/ubna_data_05/recover-20250324/UBNA_024/20250319_134000.WAV,recover-20250324,UBNA_024,Foliage
HF,42240.0,2.0882847561675124,81.0915,81.0997,38359.0,45568.0,Pipistrellus nathusii,0.151,0.265,-1,Echolocation,192000.0,/mnt/ubna_data_05/recover-20250324/UBNA_024/20250319_134000.WAV,recover-20250324,UBNA_024,Foliage
HF,39360.0,2.1788501633516826,81.2445,81.2525,37500.0,45442.0,Pipistrellus nathusii,0.397,0.459,-1,Echolocation,192000.0,/mnt/ubna_data_05/recover-20250324/UBNA_024/20250319_134000.WAV,recover-20250324,UBNA_024,Foliage
HF,40320.0,2.824975104349839,81.5815,81.5897,38359.0,45785.0,Pipistrellus nathusii,0.402,0.443,-1,Echolocation,192000.0,/mnt/ubna_data_05/recover-20250324/UBNA_024/20250319_134000.WAV,recover-20250324,UBNA_024,Foliage
HF,41280.0,2.295382300985691,81.6785,81.6858,37500.0,44258.0,Barbastellus barbastellus,0.119,0.265,-1,Echolocation,192000.0,/mnt/ubna_data_05/recover-20250324/UBNA_024/20250319_134000.WAV,recover-20250324,UBNA_024,Foliage
HF,41280.0,2.7154922651372497,81.8395,81.8473,38359.0,44693.0,Pipistrellus nathusii,0.475,0.564,-1,Echolocation,192000.0,/mnt/ubna_data_05/recover-20250324/UBNA_024/20250319_134000.WAV,recover-20250324,UBNA_024,Foliage
HF,41280.0,2.980258792893941,82.0095,82.0184,38359.0,48509.0,Pipistrellus nathusii,0.343,0.389,-1,Echolocation,192000.0,/mnt/ubna_data_05/recover-20250324/UBNA_024/20250319_134000.WAV,recover-20250324,UBNA_024,Foliage
HF,40320.0,5.101250157062347,82.1785,82.18860000000001,37500.0,45433.0,Pipistrellus nathusii,0.474,0.563,-1,Echolocation,192000.0,/mnt/ubna_data_05/recover-20250324/UBNA_024/20250319_134000.WAV,recover-20250324,UBNA_024,Foliage
HF,39360.0,4.047477343870522,82.3485,82.3583,37500.0,46904.0,Pipistrellus nathusii,0.488,0.556,-1,Echolocation,192000.0,/mnt/ubna_data_05/recover-20250324/UBNA_024/20250319_134000.WAV,recover-20250324,UBNA_024,Foliage
HF,40320.0,5.497047106333879,82.5175,82.5264,38359.0,45863.0,Pipistrellus nathusii,0.523,0.57,-1,Echolocation,192000.0,/mnt/ubna_data_05/recover-20250324/UBNA_024/20250319_134000.WAV,recover-20250324,UBNA_024,Foliage
HF,41280.0,9.217919847814409,82.6845,82.693,37500.0,50259.0,Pipistrellus nathusii,0.512,0.604,-1,Echolocation,192000.0,/mnt/ubna_data_05/recover-20250324/UBNA_024/20250319_134000.WAV,recover-20250324,UBNA_024,Foliage
HF,39360.0,6.103336672351228,82.7745,82.7822,38359.0,50820.0,Pipistrellus nathusii,0.551,0.595,-1,Echolocation,192000.0,/mnt/ubna_data_05/recover-20250324/UBNA_024/20250319_134000.WAV,recover-20250324,UBNA_024,Foliage
HF,40320.0,8.254749051107286,82.9365,82.9448,38359.0,47449.0,Pipistrellus nathusii,0.607,0.647,-1,Echolocation,192000.0,/mnt/ubna_data_05/recover-20250324/UBNA_024/20250319_134000.WAV,recover-20250324,UBNA_024,Foliage
HF,40320.0,6.39735878908426,83.0365,83.04429999999999,38359.0,52584.0,Pipistrellus nathusii,0.583,0.669,-1,Echolocation,192000.0,/mnt/ubna_data_05/recover-20250324/UBNA_024/20250319_134000.WAV,recover-20250324,UBNA_024,Foliage
HF,39360.0,10.618089404988904,83.1825,83.1905,38359.0,48741.0,Pipistrellus nathusii,0.639,0.679,-1,Echolocation,192000.0,/mnt/ubna_data_05/recover-20250324/UBNA_024/20250319_134000.WAV,recover-20250324,UBNA_024,Foliage
HF,40320.0,10.359458279828505,83.3475,83.3558,37500.0,53900.0,Pipistrellus nathusii,0.615,0.652,-1,Echolocation,192000.0,/mnt/ubna_data_05/recover-20250324/UBNA_024/20250319_134000.WAV,recover-20250324,UBNA_024,Foliage
HF,40320.0,12.954768706347554,83.5135,83.5213,37500.0,53640.0,Pipistrellus nathusii,0.545,0.61,-1,Echolocation,192000.0,/mnt/ubna_data_05/recover-20250324/UBNA_024/20250319_134000.WAV,recover-20250324,UBNA_024,Foliage
HF,41280.0,11.518840717169283,83.60249999999999,83.6105,39218.0,58569.0,Pipistrellus nathusii,0.584,0.654,-1,Echolocation,192000.0,/mnt/ubna_data_05/recover-20250324/UBNA_024/20250319_134000.WAV,recover-20250324,UBNA_024,Foliage
HF,40320.0,10.487438437371527,83.7595,83.7676,37500.0,55764.0,Pipistrellus nathusii,0.528,0.618,-1,Echolocation,192000.0,/mnt/ubna_data_05/recover-20250324/UBNA_024/20250319_134000.WAV,recover-20250324,UBNA_024,Foliage
HF,39360.0,9.536817415291797,83.9225,83.93209999999999,38359.0,56481.0,Pipistrellus nathusii,0.627,0.701,-1,Echolocation,192000.0,/mnt/ubna_data_05/recover-20250324/UBNA_024/20250319_134000.WAV,recover-20250324,UBNA_024,Foliage
HF,40320.0,11.774671467110768,84.0815,84.0894,37500.0,55996.0,Pipistrellus nathusii,0.544,0.608,-1,Echolocation,192000.0,/mnt/ubna_data_05/recover-20250324/UBNA_024/20250319_134000.WAV,recover-20250324,UBNA_024,Foliage
HF,41280.0,7.813048713849295,84.17150000000001,84.18039999999999,39218.0,53092.0,Pipistrellus nathusii,0.533,0.585,-1,Echolocation,192000.0,/mnt/ubna_data_05/recover-20250324/UBNA_024/20250319_134000.WAV,recover-20250324,UBNA_024,Foliage
HF,40320.0,11.793342811776713,84.3215,84.3298,38359.0,57616.0,Pipistrellus nathusii,0.632,0.718,-1,Echolocation,192000.0,/mnt/ubna_data_05/recover-20250324/UBNA_024/20250319_134000.WAV,recover-20250324,UBNA_024,Foliage
HF,40320.0,14.9581724123388,84.4115,84.4196,38359.0,57107.0,Pipistrellus nathusii,0.56,0.662,-1,Echolocation,192000.0,/mnt/ubna_data_05/recover-20250324/UBNA_024/20250319_134000.WAV,recover-20250324,UBNA_024,Foliage
HF,39360.0,14.808335897572778,84.5665,84.5753,37500.0,58787.0,Pipistrellus nathusii,0.603,0.642,-1,Echolocation,192000.0,/mnt/ubna_data_05/recover-20250324/UBNA_024/20250319_134000.WAV,recover-20250324,UBNA_024,Foliage
HF,40320.0,14.24516231950253,84.65350000000001,84.66159999999999,38359.0,60729.0,Pipistrellus nathusii,0.612,0.686,-1,Echolocation,192000.0,/mnt/ubna_data_05/recover-20250324/UBNA_024/20250319_134000.WAV,recover-20250324,UBNA_024,Foliage
HF,40320.0,16.513450486817494,84.8125,84.82130000000001,38359.0,57378.0,Pipistrellus nathusii,0.581,0.687,-1,Echolocation,192000.0,/mnt/ubna_data_05/recover-20250324/UBNA_024/20250319_134000.WAV,recover-20250324,UBNA_024,Foliage
HF,43200.0,11.065461106005197,84.9055,84.9137,38359.0,63368.0,Pipistrellus nathusii,0.548,0.599,-1,Echolocation,192000.0,/mnt/ubna_data_05/recover-20250324/UBNA_024/20250319_134000.WAV,recover-20250324,UBNA_024,Foliage
HF,39360.0,16.896871756027995,85.0615,85.0706,38359.0,60128.0,Pipistrellus nathusii,0.6,0.662,-1,Echolocation,192000.0,/mnt/ubna_data_05/recover-20250324/UBNA_024/20250319_134000.WAV,recover-20250324,UBNA_024,Foliage
HF,43200.0,17.816083988094192,85.2325,85.2404,38359.0,61475.0,Pipistrellus nathusii,0.615,0.657,-1,Echolocation,192000.0,/mnt/ubna_data_05/recover-20250324/UBNA_024/20250319_134000.WAV,recover-20250324,UBNA_024,Foliage
HF,44160.0,14.443370758803171,85.3225,85.3303,40078.0,62184.0,Pipistrellus nathusii,0.551,0.626,-1,Echolocation,192000.0,/mnt/ubna_data_05/recover-20250324/UBNA_024/20250319_134000.WAV,recover-20250324,UBNA_024,Foliage
HF,44160.0,17.710765147375326,85.40950000000001,85.4192,38359.0,59008.0,Pipistrellus nathusii,0.457,0.569,-1,Echolocation,192000.0,/mnt/ubna_data_05/recover-20250324/UBNA_024/20250319_134000.WAV,recover-20250324,UBNA_024,Foliage
HF,43200.0,14.489664329726716,85.4925,85.5,39218.0,57717.0,Pipistrellus nathusii,0.558,0.656,-1,Echolocation,192000.0,/mnt/ubna_data_05/recover-20250324/UBNA_024/20250319_134000.WAV,recover-20250324,UBNA_024,Foliage
HF,43200.0,13.636684979427425,85.5775,85.5853,39218.0,59559.0,Pipistrellus nathusii,0.647,0.677,-1,Echolocation,192000.0,/mnt/ubna_data_05/recover-20250324/UBNA_024/20250319_134000.WAV,recover-20250324,UBNA_024,Foliage
HF,43200.0,9.775973218182779,85.6835,85.6922,39218.0,58953.0,Pipistrellus nathusii,0.536,0.585,-1,Echolocation,192000.0,/mnt/ubna_data_05/recover-20250324/UBNA_024/20250319_134000.WAV,recover-20250324,UBNA_024,Foliage
HF,39360.0,13.845110066118181,85.8195,85.8309,37500.0,57902.0,Pipistrellus nathusii,0.538,0.602,-1,Echolocation,192000.0,/mnt/ubna_data_05/recover-20250324/UBNA_024/20250319_134000.WAV,recover-20250324,UBNA_024,Foliage
HF,43200.0,8.340207675522452,85.9075,85.91890000000001,39218.0,56294.0,Pipistrellus nathusii,0.477,0.551,-1,Echolocation,192000.0,/mnt/ubna_data_05/recover-20250324/UBNA_024/20250319_134000.WAV,recover-20250324,UBNA_024,Foliage
HF,38400.0,17.18662688354979,86.0655,86.0746,36640.0,57426.0,Pipistrellus nathusii,0.53,0.594,-1,Echolocation,192000.0,/mnt/ubna_data_05/recover-20250324/UBNA_024/20250319_134000.WAV,recover-20250324,UBNA_024,Foliage
HF,42240.0,8.971784126133192,86.1615,86.1707,38359.0,54287.0,Pipistrellus nathusii,0.531,0.589,-1,Echolocation,192000.0,/mnt/ubna_data_05/recover-20250324/UBNA_024/20250319_134000.WAV,recover-20250324,UBNA_024,Foliage
HF,37440.0,19.588850166763322,86.3175,86.328,36640.0,56438.0,Pipistrellus nathusii,0.542,0.631,-1,Echolocation,192000.0,/mnt/ubna_data_05/recover-20250324/UBNA_024/20250319_134000.WAV,recover-20250324,UBNA_024,Foliage
HF,39360.0,17.852440021901455,86.4845,86.4932,36640.0,55414.0,Pipistrellus nathusii,0.581,0.644,-1,Echolocation,192000.0,/mnt/ubna_data_05/recover-20250324/UBNA_024/20250319_134000.WAV,recover-20250324,UBNA_024,Foliage
HF,37440.0,19.370037058099104,86.6555,86.664,36640.0,57046.0,Pipistrellus nathusii,0.558,0.611,-1,Echolocation,192000.0,/mnt/ubna_data_05/recover-20250324/UBNA_024/20250319_134000.WAV,recover-20250324,UBNA_024,Foliage
HF,39360.0,15.835420339602686,86.8295,86.84,35781.0,53744.0,Pipistrellus nathusii,0.454,0.566,-1,Echolocation,192000.0,/mnt/ubna_data_05/recover-20250324/UBNA_024/20250319_134000.WAV,recover-20250324,UBNA_024,Foliage
HF,38400.0,13.85968644587866,86.9985,87.0093,36640.0,54301.0,Pipistrellus nathusii,0.41,0.507,-1,Echolocation,192000.0,/mnt/ubna_data_05/recover-20250324/UBNA_024/20250319_134000.WAV,recover-20250324,UBNA_024,Foliage
HF,38400.0,15.895233815347115,87.1725,87.1822,36640.0,57218.0,Pipistrellus nathusii,0.471,0.586,-1,Echolocation,192000.0,/mnt/ubna_data_05/recover-20250324/UBNA_024/20250319_134000.WAV,recover-20250324,UBNA_024,Foliage
HF,41280.0,13.077083059695207,87.34049999999999,87.3507,36640.0,56694.0,Pipistrellus nathusii,0.432,0.541,-1,Echolocation,192000.0,/mnt/ubna_data_05/recover-20250324/UBNA_024/20250319_134000.WAV,recover-20250324,UBNA_024,Foliage
HF,38400.0,19.052651080596185,87.5085,87.51689999999999,36640.0,56188.0,Pipistrellus nathusii,0.553,0.609,-1,Echolocation,192000.0,/mnt/ubna_data_05/recover-20250324/UBNA_024/20250319_134000.WAV,recover-20250324,UBNA_024,Foliage
HF,38400.0,9.132193064524202,87.6005,87.6091,37500.0,54556.0,Pipistrellus nathusii,0.436,0.549,-1,Echolocation,192000.0,/mnt/ubna_data_05/recover-20250324/UBNA_024/20250319_134000.WAV,recover-20250324,UBNA_024,Foliage
HF,38400.0,13.26148889473821,87.76050000000001,87.7697,36640.0,57938.0,Pipistrellus nathusii,0.472,0.614,-1,Echolocation,192000.0,/mnt/ubna_data_05/recover-20250324/UBNA_024/20250319_134000.WAV,recover-20250324,UBNA_024,Foliage
HF,41280.0,4.618180482695403,87.85249999999999,87.8606,37500.0,53316.0,Pipistrellus nathusii,0.473,0.592,-1,Echolocation,192000.0,/mnt/ubna_data_05/recover-20250324/UBNA_024/20250319_134000.WAV,recover-20250324,UBNA_024,Foliage
HF,40320.0,14.45291703597202,88.0095,88.0194,36640.0,55635.0,Pipistrellus nathusii,0.384,0.57,-1,Echolocation,192000.0,/mnt/ubna_data_05/recover-20250324/UBNA_024/20250319_134000.WAV,recover-20250324,UBNA_024,Foliage
HF,40320.0,8.112601603587446,88.1125,88.12010000000001,37500.0,51404.0,Pipistrellus nathusii,0.565,0.635,-1,Echolocation,192000.0,/mnt/ubna_data_05/recover-20250324/UBNA_024/20250319_134000.WAV,recover-20250324,UBNA_024,Foliage
HF,38400.0,14.493693387307987,88.26050000000001,88.26820000000001,36640.0,57389.0,Pipistrellus nathusii,0.505,0.596,-1,Echolocation,192000.0,/mnt/ubna_data_05/recover-20250324/UBNA_024/20250319_134000.WAV,recover-20250324,UBNA_024,Foliage
HF,38400.0,11.495795602022767,88.4255,88.4349,36640.0,57239.0,Pipistrellus nathusii,0.409,0.572,-1,Echolocation,192000.0,/mnt/ubna_data_05/recover-20250324/UBNA_024/20250319_134000.WAV,recover-20250324,UBNA_024,Foliage
HF,38400.0,15.33984136017734,88.5935,88.6016,36640.0,56019.0,Pipistrellus nathusii,0.592,0.654,-1,Echolocation,192000.0,/mnt/ubna_data_05/recover-20250324/UBNA_024/20250319_134000.WAV,recover-20250324,UBNA_024,Foliage
HF,42240.0,5.461882791580436,88.6865,88.695,38359.0,53638.0,Pipistrellus nathusii,0.583,0.647,-1,Echolocation,192000.0,/mnt/ubna_data_05/recover-20250324/UBNA_024/20250319_134000.WAV,recover-20250324,UBNA_024,Foliage
HF,38400.0,15.562867414275834,88.8495,88.8582,37500.0,52840.0,Pipistrellus nathusii,0.546,0.642,-1,Echolocation,192000.0,/mnt/ubna_data_05/recover-20250324/UBNA_024/20250319_134000.WAV,recover-20250324,UBNA_024,Foliage
HF,38400.0,11.562737375709455,89.0235,89.0322,36640.0,53921.0,Pipistrellus nathusii,0.608,0.702,-1,Echolocation,192000.0,/mnt/ubna_data_05/recover-20250324/UBNA_024/20250319_134000.WAV,recover-20250324,UBNA_024,Foliage
HF,38400.0,11.517959343692912,89.1955,89.2041,36640.0,52553.0,Pipistrellus nathusii,0.622,0.69,-1,Echolocation,192000.0,/mnt/ubna_data_05/recover-20250324/UBNA_024/20250319_134000.WAV,recover-20250324,UBNA_024,Foliage
HF,37440.0,8.737714113117436,89.3695,89.3787,36640.0,51731.0,Pipistrellus nathusii,0.654,0.689,-1,Echolocation,192000.0,/mnt/ubna_data_05/recover-20250324/UBNA_024/20250319_134000.WAV,recover-20250324,UBNA_024,Foliage
HF,37440.0,9.920888393034028,89.5425,89.5513,36640.0,51004.0,Pipistrellus nathusii,0.554,0.634,-1,Echolocation,192000.0,/mnt/ubna_data_05/recover-20250324/UBNA_024/20250319_134000.WAV,recover-20250324,UBNA_024,Foliage
HF,37440.0,8.639887888499725,89.7145,89.7246,36640.0,50307.0,Pipistrellus nathusii,0.534,0.614,-1,Echolocation,192000.0,/mnt/ubna_data_05/recover-20250324/UBNA_024/20250319_134000.WAV,recover-20250324,UBNA_024,Foliage
HF,38400.0,11.921745286462361,89.8965,89.9064,36640.0,51295.0,Pipistrellus nathusii,0.559,0.619,-1,Echolocation,192000.0,/mnt/ubna_data_05/recover-20250324/UBNA_024/20250319_134000.WAV,recover-20250324,UBNA_024,Foliage
HF,40320.0,6.439575762598967,90.0645,90.0759,35781.0,51238.0,Pipistrellus nathusii,0.333,0.536,-1,Echolocation,192000.0,/mnt/ubna_data_05/recover-20250324/UBNA_024/20250319_134000.WAV,recover-20250324,UBNA_024,Foliage
HF,39360.0,9.109461107870187,90.1865,90.1967,35781.0,53050.0,Pipistrellus nathusii,0.46,0.563,-1,Echolocation,192000.0,/mnt/ubna_data_05/recover-20250324/UBNA_024/20250319_134000.WAV,recover-20250324,UBNA_024,Foliage
HF,41280.0,8.221908120734806,90.3485,90.3575,35781.0,50459.0,Pipistrellus nathusii,0.426,0.595,-1,Echolocation,192000.0,/mnt/ubna_data_05/recover-20250324/UBNA_024/20250319_134000.WAV,recover-20250324,UBNA_024,Foliage
HF,39360.0,7.258073257473402,90.5145,90.5236,35781.0,51175.0,Pipistrellus nathusii,0.371,0.553,-1,Echolocation,192000.0,/mnt/ubna_data_05/recover-20250324/UBNA_024/20250319_134000.WAV,recover-20250324,UBNA_024,Foliage
HF,37440.0,4.396524758212793,90.6845,90.6928,36640.0,49166.0,Pipistrellus nathusii,0.553,0.64,-1,Echolocation,192000.0,/mnt/ubna_data_05/recover-20250324/UBNA_024/20250319_134000.WAV,recover-20250324,UBNA_024,Foliage
HF,37440.0,7.618036112175965,90.8535,90.8619,36640.0,44917.0,Pipistrellus nathusii,0.574,0.653,-1,Echolocation,192000.0,/mnt/ubna_data_05/recover-20250324/UBNA_024/20250319_134000.WAV,recover-20250324,UBNA_024,Foliage
HF,37440.0,4.852842639659489,91.0225,91.0316,35781.0,46117.0,Pipistrellus nathusii,0.498,0.622,-1,Echolocation,192000.0,/mnt/ubna_data_05/recover-20250324/UBNA_024/20250319_134000.WAV,recover-20250324,UBNA_024,Foliage
HF,37440.0,4.296762967529131,91.1935,91.2022,36640.0,48085.0,Pipistrellus nathusii,0.515,0.629,-1,Echolocation,192000.0,/mnt/ubna_data_05/recover-20250324/UBNA_024/20250319_134000.WAV,recover-20250324,UBNA_024,Foliage
HF,36480.0,3.6144692607627733,91.3725,91.3838,35781.0,41900.0,Pipistrellus nathusii,0.369,0.421,-1,Echolocation,192000.0,/mnt/ubna_data_05/recover-20250324/UBNA_024/20250319_134000.WAV,recover-20250324,UBNA_024,Foliage
HF,41280.0,2.0131266053815295,91.5455,91.5563,37500.0,45053.0,Pipistrellus nathusii,0.374,0.398,-1,Echolocation,192000.0,/mnt/ubna_data_05/recover-20250324/UBNA_024/20250319_134000.WAV,recover-20250324,UBNA_024,Foliage
HF,39360.0,3.59072638115268,91.8855,91.8932,37500.0,46474.0,Pipistrellus nathusii,0.55,0.606,-1,Echolocation,192000.0,/mnt/ubna_data_05/recover-20250324/UBNA_024/20250319_134000.WAV,recover-20250324,UBNA_024,Foliage
LF,28800.0,0.08694908328614101,256.4875,256.4987,27187.0,33109.0,Eptesicus serotinus,0.146,0.246,-1,Echolocation,192000.0,/mnt/ubna_data_05/recover-20250324/UBNA_024/20250319_134000.WAV,recover-20250324,UBNA_024,Foliage
HF,44160.0,1.5039559003739142,208.5285,208.5386,44375.0,48572.0,Pipistrellus pipistrellus,0.191,0.227,-1,Echolocation,192000.0,/mnt/ubna_data_05/recover-20250324/UBNA_024/20250319_135000.WAV,recover-20250324,UBNA_024,Foliage
LF,21120.0,0.9453361448662855,229.48250000000002,229.5023,21171.0,24331.0,Nyctalus noctula,0.143,0.288,-1,Echolocation,192000.0,/mnt/ubna_data_05/recover-20250324/UBNA_024/20250319_140000.WAV,recover-20250324,UBNA_024,Foliage
LF,23040.0,1.4608910645877375,248.6645,248.6804,22890.0,27420.0,Nyctalus leisleri,0.1,0.213,-1,Echolocation,192000.0,/mnt/ubna_data_05/recover-20250324/UBNA_024/20250319_140000.WAV,recover-20250324,UBNA_024,Foliage
LF,18240.0,3.3926694173618044,257.4285,257.4535,16875.0,19465.0,Nyctalus noctula,0.167,0.247,-1,Echolocation,192000.0,/mnt/ubna_data_05/recover-20250324/UBNA_024/20250319_142000.WAV,recover-20250324,UBNA_024,Foliage
LF,18240.0,0.8978754841459907,260.3975,260.4179,16015.0,19465.0,Nyctalus noctula,0.151,0.232,-1,Echolocation,192000.0,/mnt/ubna_data_05/recover-20250324/UBNA_024/20250319_142000.WAV,recover-20250324,UBNA_024,Foliage
LF,22080.0,7.5359856176877695,271.2325,271.2567,20312.0,23164.0,Nyctalus leisleri,0.236,0.265,-1,Echolocation,192000.0,/mnt/ubna_data_05/recover-20250324/UBNA_024/20250319_142000.WAV,recover-20250324,UBNA_024,Foliage
LF,22080.0,4.9825842992218865,271.3945,271.4213,20312.0,23582.0,Nyctalus leisleri,0.245,0.275,-1,Echolocation,192000.0,/mnt/ubna_data_05/recover-20250324/UBNA_024/20250319_142000.WAV,recover-20250324,UBNA_024,Foliage
LF,22080.0,4.599057311939641,276.9315,276.95889999999997,20312.0,23524.0,Nyctalus leisleri,0.142,0.235,-1,Echolocation,192000.0,/mnt/ubna_data_05/recover-20250324/UBNA_024/20250319_142000.WAV,recover-20250324,UBNA_024,Foliage
LF,21120.0,3.3887635104831,277.1205,277.1445,20312.0,23692.0,Nyctalus leisleri,0.207,0.273,-1,Echolocation,192000.0,/mnt/ubna_data_05/recover-20250324/UBNA_024/20250319_142000.WAV,recover-20250324,UBNA_024,Foliage
LF,18240.0,5.703368616061802,211.5835,211.6123,17734.0,20473.0,Nyctalus noctula,0.158,0.215,-1,Echolocation,192000.0,/mnt/ubna_data_05/recover-20250324/UBNA_024/20250319_144000.WAV,recover-20250324,UBNA_024,Foliage
LF,22080.0,12.555143652234236,298.2265,298.2477,21171.0,23386.0,Nyctalus leisleri,0.296,0.319,-1,Echolocation,192000.0,/mnt/ubna_data_05/recover-20250324/UBNA_024/20250319_144000.WAV,recover-20250324,UBNA_024,Foliage
LF,23040.0,2.473010354475762,0.1155,0.1328,22890.0,26629.0,Nyctalus leisleri,0.156,0.246,-1,Echolocation,192000.0,/mnt/ubna_data_05/recover-20250324/UBNA_024/20250319_145000.WAV,recover-20250324,UBNA_024,Foliage
LF,20160.0,5.978795795010291,2.5915,2.6116,20312.0,23387.0,Nyctalus leisleri,0.299,0.364,-1,Echolocation,192000.0,/mnt/ubna_data_05/recover-20250324/UBNA_024/20250319_145000.WAV,recover-20250324,UBNA_024,Foliage
LF,22080.0,3.5289864417929726,2.9485,2.9661,21171.0,23622.0,Nyctalus leisleri,0.249,0.341,-1,Echolocation,192000.0,/mnt/ubna_data_05/recover-20250324/UBNA_024/20250319_145000.WAV,recover-20250324,UBNA_024,Foliage
LF,21120.0,-0.08543669797673487,3.0945,3.1164,19453.0,22043.0,Nyctalus noctula,0.124,0.204,-1,Echolocation,192000.0,/mnt/ubna_data_05/recover-20250324/UBNA_024/20250319_145000.WAV,recover-20250324,UBNA_024,Foliage
LF,22080.0,0.3199639861531931,149.7895,149.8081,21171.0,23793.0,Nyctalus leisleri,0.19,0.234,-1,Echolocation,192000.0,/mnt/ubna_data_05/recover-20250324/UBNA_024/20250319_145000.WAV,recover-20250324,UBNA_024,Foliage
LF,17280.0,6.593961864382283,202.0345,202.059,16875.0,20618.0,Nyctalus noctula,0.178,0.269,-1,Echolocation,192000.0,/mnt/ubna_data_05/recover-20250324/UBNA_024/20250319_145000.WAV,recover-20250324,UBNA_024,Foliage
LF,23040.0,5.531417390176787,83.7595,83.7731,22890.0,27991.0,Nyctalus noctula,0.098,0.252,-1,Echolocation,192000.0,/mnt/ubna_data_05/recover-20250324/UBNA_024/20250319_150000.WAV,recover-20250324,UBNA_024,Foliage
LF,17280.0,3.782091944584165,169.0425,169.0637,16015.0,19667.0,Nyctalus noctula,0.2,0.264,-1,Echolocation,192000.0,/mnt/ubna_data_05/recover-20250324/UBNA_024/20250319_150000.WAV,recover-20250324,UBNA_024,Foliage
LF,16320.0,3.757910621722729,213.7115,213.7354,16015.0,18533.0,Nyctalus noctula,0.102,0.208,-1,Echolocation,192000.0,/mnt/ubna_data_05/recover-20250324/UBNA_024/20250319_150000.WAV,recover-20250324,UBNA_024,Foliage
LF,17280.0,1.6300282874895922,245.1595,245.1825,16875.0,20113.0,Nyctalus noctula,0.16,0.24,-1,Echolocation,192000.0,/mnt/ubna_data_05/recover-20250324/UBNA_024/20250319_150000.WAV,recover-20250324,UBNA_024,Foliage
LF,16320.0,2.5077015583352398,249.3025,249.3233,16015.0,19085.0,Nyctalus leisleri,0.249,0.317,-1,Echolocation,192000.0,/mnt/ubna_data_05/recover-20250324/UBNA_024/20250319_150000.WAV,recover-20250324,UBNA_024,Foliage
LF,18240.0,1.0979141309755118,287.64549999999997,287.6728,17734.0,19990.0,Nyctalus noctula,0.157,0.212,-1,Echolocation,192000.0,/mnt/ubna_data_05/recover-20250324/UBNA_024/20250319_150000.WAV,recover-20250324,UBNA_024,Foliage
LF,17280.0,4.473305948123098,298.6945,298.7136,15156.0,18787.0,Nyctalus noctula,0.128,0.207,-1,Echolocation,192000.0,/mnt/ubna_data_05/recover-20250324/UBNA_024/20250319_150000.WAV,recover-20250324,UBNA_024,Foliage
LF,16320.0,5.223454104886689,184.2105,184.2319,16015.0,20356.0,Nyctalus noctula,0.166,0.208,-1,Echolocation,192000.0,/mnt/ubna_data_05/recover-20250324/UBNA_024/20250319_151000.WAV,recover-20250324,UBNA_024,Foliage
LF,16320.0,13.476593495649919,216.6495,216.6751,15156.0,18656.0,Nyctalus noctula,0.157,0.201,-1,Echolocation,192000.0,/mnt/ubna_data_05/recover-20250324/UBNA_024/20250319_151000.WAV,recover-20250324,UBNA_024,Foliage
LF,20160.0,0.25212165523638674,255.6915,255.7094,15156.0,19191.0,Nyctalus noctula,0.118,0.224,-1,Echolocation,192000.0,/mnt/ubna_data_05/recover-20250324/UBNA_024/20250319_151000.WAV,recover-20250324,UBNA_024,Foliage
LF,17280.0,8.15386016314898,31.6865,31.7118,16015.0,18304.0,Nyctalus noctula,0.106,0.214,-1,Echolocation,192000.0,/mnt/ubna_data_05/recover-20250324/UBNA_024/20250319_153000.WAV,recover-20250324,UBNA_024,Foliage
LF,18240.0,6.486602043095564,31.9495,31.9721,16015.0,19197.0,Nyctalus noctula,0.164,0.207,-1,Echolocation,192000.0,/mnt/ubna_data_05/recover-20250324/UBNA_024/20250319_153000.WAV,recover-20250324,UBNA_024,Foliage
LF,18240.0,6.276183034981009,32.2455,32.2725,16875.0,19510.0,Nyctalus noctula,0.226,0.316,-1,Echolocation,192000.0,/mnt/ubna_data_05/recover-20250324/UBNA_024/20250319_153000.WAV,recover-20250324,UBNA_024,Foliage
LF,28800.0,4.324213334718176,177.0635,177.0794,28046.0,32000.0,Nyctalus leisleri,0.164,0.304,-1,Echolocation,192000.0,/mnt/ubna_data_05/recover-20250324/UBNA_024/20250319_153000.WAV,recover-20250324,UBNA_024,Foliage
LF,23040.0,0.514586022101621,212.2345,212.2502,22890.0,27307.0,Nyctalus noctula,0.079,0.206,-1,Echolocation,192000.0,/mnt/ubna_data_05/recover-20250324/UBNA_024/20250319_153000.WAV,recover-20250324,UBNA_024,Foliage
LF,17280.0,3.5055550907023396,183.7895,183.8071,16015.0,18863.0,Nyctalus noctula,0.161,0.228,-1,Echolocation,192000.0,/mnt/ubna_data_05/recover-20250324/UBNA_024/20250319_154000.WAV,recover-20250324,UBNA_024,Foliage
LF,19200.0,0.9034445253365221,235.8675,235.8896,17734.0,20486.0,Nyctalus noctula,0.166,0.256,-1,Echolocation,192000.0,/mnt/ubna_data_05/recover-20250324/UBNA_024/20250319_154000.WAV,recover-20250324,UBNA_024,Foliage
LF,17280.0,6.8299125825798725,280.8145,280.8394,16875.0,19959.0,Nyctalus noctula,0.17,0.243,-1,Echolocation,192000.0,/mnt/ubna_data_05/recover-20250324/UBNA_024/20250319_154000.WAV,recover-20250324,UBNA_024,Foliage
LF,17280.0,2.2412776824159106,281.2295,281.2429,15156.0,20649.0,Nyctalus noctula,0.135,0.215,-1,Echolocation,192000.0,/mnt/ubna_data_05/recover-20250324/UBNA_024/20250319_154000.WAV,recover-20250324,UBNA_024,Foliage
LF,17280.0,4.029908308372417,32.2045,32.233,16015.0,18993.0,Nyctalus noctula,0.128,0.205,-1,Echolocation,192000.0,/mnt/ubna_data_05/recover-20250324/UBNA_024/20250319_155000.WAV,recover-20250324,UBNA_024,Foliage
LF,17280.0,2.9897781700367068,34.2485,34.2726,16875.0,19477.0,Nyctalus noctula,0.106,0.203,-1,Echolocation,192000.0,/mnt/ubna_data_05/recover-20250324/UBNA_024/20250319_155000.WAV,recover-20250324,UBNA_024,Foliage
LF,24960.0,0.9252954092972715,64.9125,64.9277,25468.0,29498.0,Nyctalus leisleri,0.184,0.295,-1,Echolocation,192000.0,/mnt/ubna_data_05/recover-20250324/UBNA_024/20250319_162000.WAV,recover-20250324,UBNA_024,Foliage
LF,20160.0,5.562575929503883,12.3675,12.3916,18593.0,21460.0,Nyctalus noctula,0.106,0.21,-1,Echolocation,192000.0,/mnt/ubna_data_05/recover-20250324/UBNA_024/20250319_163000.WAV,recover-20250324,UBNA_024,Foliage
LF,20160.0,1.5435079533932727,13.2095,13.2356,18593.0,21771.0,Nyctalus noctula,0.213,0.287,-1,Echolocation,192000.0,/mnt/ubna_data_05/recover-20250324/UBNA_024/20250319_163000.WAV,recover-20250324,UBNA_024,Foliage
LF,20160.0,7.587196595178912,20.8385,20.8629,19453.0,22391.0,Nyctalus noctula,0.15,0.248,-1,Echolocation,192000.0,/mnt/ubna_data_05/recover-20250324/UBNA_024/20250319_164000.WAV,recover-20250324,UBNA_024,Foliage
LF,21120.0,8.936834768174132,27.8685,27.8947,20312.0,22965.0,Nyctalus leisleri,0.162,0.222,-1,Echolocation,192000.0,/mnt/ubna_data_05/recover-20250324/UBNA_024/20250319_164000.WAV,recover-20250324,UBNA_024,Foliage
LF,21120.0,4.255793082139722,33.7225,33.7435,19453.0,22242.0,Nyctalus leisleri,0.229,0.277,-1,Echolocation,192000.0,/mnt/ubna_data_05/recover-20250324/UBNA_024/20250319_164000.WAV,recover-20250324,UBNA_024,Foliage
LF,16320.0,-0.19163193810440282,208.2395,208.2548,11718.0,18048.0,Nyctalus leisleri,0.221,0.287,-1,Echolocation,192000.0,/mnt/ubna_data_05/recover-20250324/UBNA_024/20250319_164000.WAV,recover-20250324,UBNA_024,Foliage
LF,23040.0,-0.13535487820699615,281.2545,281.2701,22890.0,27771.0,Nyctalus leisleri,0.102,0.214,-1,Echolocation,192000.0,/mnt/ubna_data_05/recover-20250324/UBNA_024/20250319_164000.WAV,recover-20250324,UBNA_024,Foliage
LF,22080.0,0.2329349902720494,18.6985,18.7202,20312.0,24144.0,Nyctalus noctula,0.145,0.227,-1,Echolocation,192000.0,/mnt/ubna_data_05/recover-20250324/UBNA_024/20250319_171000.WAV,recover-20250324,UBNA_024,Foliage
LF,29760.0,6.080862942486086,78.0605,78.0769,28906.0,33209.0,Eptesicus serotinus,0.098,0.21,-1,Echolocation,192000.0,/mnt/ubna_data_05/recover-20250324/UBNA_024/20250319_171000.WAV,recover-20250324,UBNA_024,Foliage
LF,22080.0,6.564606201415295,271.4565,271.481,21171.0,23370.0,Nyctalus leisleri,0.202,0.218,-1,Echolocation,192000.0,/mnt/ubna_data_05/recover-20250324/UBNA_024/20250319_171000.WAV,recover-20250324,UBNA_024,Foliage
LF,21120.0,-5.661933214729709,271.4985,271.5202,18593.0,21759.0,Nyctalus noctula,0.128,0.212,-1,Echolocation,192000.0,/mnt/ubna_data_05/recover-20250324/UBNA_024/20250319_171000.WAV,recover-20250324,UBNA_024,Foliage
LF,20160.0,-4.44375359967974,271.5695,271.5925,17734.0,20513.0,Nyctalus noctula,0.203,0.295,-1,Echolocation,192000.0,/mnt/ubna_data_05/recover-20250324/UBNA_024/20250319_171000.WAV,recover-20250324,UBNA_024,Foliage
LF,21120.0,10.784678406925376,274.3035,274.3246,20312.0,22838.0,Nyctalus leisleri,0.356,0.407,-1,Echolocation,192000.0,/mnt/ubna_data_05/recover-20250324/UBNA_024/20250319_171000.WAV,recover-20250324,UBNA_024,Foliage
LF,21120.0,3.4133520775828003,277.2105,277.2294,20312.0,24378.0,Nyctalus noctula,0.155,0.237,-1,Echolocation,192000.0,/mnt/ubna_data_05/recover-20250324/UBNA_024/20250319_171000.WAV,recover-20250324,UBNA_024,Foliage
LF,19200.0,3.969041350238018,35.582499999999996,35.6083,18593.0,21707.0,Nyctalus noctula,0.239,0.316,-1,Echolocation,192000.0,/mnt/ubna_data_05/recover-20250324/UBNA_024/20250319_172000.WAV,recover-20250324,UBNA_024,Foliage
LF,22080.0,0.9456183712779241,123.6325,123.64789999999999,22031.0,26964.0,Nyctalus noctula,0.189,0.357,-1,Echolocation,192000.0,/mnt/ubna_data_05/recover-20250324/UBNA_024/20250319_172000.WAV,recover-20250324,UBNA_024,Foliage
LF,16320.0,2.363043834814445,199.9435,199.9582,13437.0,16909.0,Nyctalus leisleri,0.1,0.201,-1,Echolocation,192000.0,/mnt/ubna_data_05/recover-20250324/UBNA_024/20250319_174000.WAV,recover-20250324,UBNA_024,Foliage
LF,19200.0,1.4197608790076124,205.1715,205.1964,17734.0,20167.0,Nyctalus noctula,0.191,0.269,-1,Echolocation,192000.0,/mnt/ubna_data_05/recover-20250324/UBNA_024/20250319_174000.WAV,recover-20250324,UBNA_024,Foliage
LF,20160.0,16.536832355138202,81.7705,81.7973,18593.0,21067.0,Nyctalus noctula,0.223,0.305,-1,Echolocation,192000.0,/mnt/ubna_data_05/recover-20250324/UBNA_024/20250319_175000.WAV,recover-20250324,UBNA_024,Foliage
LF,20160.0,8.370951170637026,89.3185,89.345,18593.0,21142.0,Nyctalus noctula,0.195,0.297,-1,Echolocation,192000.0,/mnt/ubna_data_05/recover-20250324/UBNA_024/20250319_175000.WAV,recover-20250324,UBNA_024,Foliage
LF,20160.0,14.66304208587756,97.0555,97.0795,18593.0,21532.0,Nyctalus noctula,0.197,0.346,-1,Echolocation,192000.0,/mnt/ubna_data_05/recover-20250324/UBNA_024/20250319_175000.WAV,recover-20250324,UBNA_024,Foliage
LF,20160.0,9.830754810130145,110.6165,110.6216,14296.0,36947.0,Plecotus auritus,0.258,0.32,-1,Echolocation,192000.0,/mnt/ubna_data_05/recover-20250324/UBNA_024/20250319_175000.WAV,recover-20250324,UBNA_024,Foliage
LF,23040.0,5.617699156265115,199.0695,199.0853,22890.0,26789.0,Nyctalus leisleri,0.425,0.553,-1,Echolocation,192000.0,/mnt/ubna_data_05/recover-20250324/UBNA_024/20250319_175000.WAV,recover-20250324,UBNA_024,Foliage
LF,23040.0,2.4747963553773853,199.5625,199.5799,23750.0,27677.0,Nyctalus leisleri,0.242,0.339,-1,Echolocation,192000.0,/mnt/ubna_data_05/recover-20250324/UBNA_024/20250319_175000.WAV,recover-20250324,UBNA_024,Foliage
LF,20160.0,3.6237614610710986,205.9805,205.9999,16015.0,20519.0,Nyctalus noctula,0.243,0.37,-1,Echolocation,192000.0,/mnt/ubna_data_05/recover-20250324/UBNA_024/20250319_175000.WAV,recover-20250324,UBNA_024,Foliage
LF,19200.0,6.652453914572297,206.7515,206.7786,17734.0,20655.0,Nyctalus noctula,0.341,0.47,-1,Echolocation,192000.0,/mnt/ubna_data_05/recover-20250324/UBNA_024/20250319_175000.WAV,recover-20250324,UBNA_024,Foliage
LF,23040.0,4.706843528802639,231.0225,231.029,17734.0,33629.0,Plecotus austriacus,0.112,0.214,-1,Echolocation,192000.0,/mnt/ubna_data_05/recover-20250324/UBNA_024/20250319_175000.WAV,recover-20250324,UBNA_024,Foliage
LF,20160.0,3.188654685038082,96.8115,96.8364,19453.0,21931.0,Nyctalus noctula,0.109,0.214,-1,Echolocation,192000.0,/mnt/ubna_data_05/recover-20250324/UBNA_024/20250319_180000.WAV,recover-20250324,UBNA_024,Foliage
LF,18240.0,11.071737328870935,260.5495,260.5775,16015.0,18957.0,Nyctalus noctula,0.149,0.23,-1,Echolocation,192000.0,/mnt/ubna_data_05/recover-20250324/UBNA_024/20250319_180000.WAV,recover-20250324,UBNA_024,Foliage
LF,23040.0,0.4513343237119488,128.1005,128.1161,22890.0,26924.0,Nyctalus leisleri,0.139,0.254,-1,Echolocation,192000.0,/mnt/ubna_data_05/recover-20250324/UBNA_024/20250319_181000.WAV,recover-20250324,UBNA_024,Foliage
LF,20160.0,2.559946100118804,48.066500000000005,48.09,19453.0,22306.0,Nyctalus noctula,0.115,0.202,-1,Echolocation,192000.0,/mnt/ubna_data_05/recover-20250324/UBNA_024/20250319_182000.WAV,recover-20250324,UBNA_024,Foliage
LF,20160.0,3.262400771877721,48.177499999999995,48.2016,19453.0,21951.0,Nyctalus noctula,0.132,0.207,-1,Echolocation,192000.0,/mnt/ubna_data_05/recover-20250324/UBNA_024/20250319_182000.WAV,recover-20250324,UBNA_024,Foliage
LF,21120.0,4.612864652955244,275.4435,275.4703,20312.0,23841.0,Nyctalus noctula,0.115,0.223,-1,Echolocation,192000.0,/mnt/ubna_data_05/recover-20250324/UBNA_024/20250319_182000.WAV,recover-20250324,UBNA_024,Foliage
LF,18240.0,5.527748357269104,85.7955,85.8142,17734.0,20440.0,Nyctalus noctula,0.211,0.35,-1,Echolocation,192000.0,/mnt/ubna_data_05/recover-20250324/UBNA_024/20250319_184000.WAV,recover-20250324,UBNA_024,Foliage
LF,22080.0,0.613114536227595,84.5215,84.5368,21171.0,27221.0,Nyctalus noctula,0.15,0.25,-1,Echolocation,192000.0,/mnt/ubna_data_05/recover-20250324/UBNA_024/20250319_185000.WAV,recover-20250324,UBNA_024,Foliage
LF,18240.0,4.589347279018198,214.4025,214.4256,17734.0,21017.0,Nyctalus noctula,0.267,0.338,-1,Echolocation,192000.0,/mnt/ubna_data_05/recover-20250324/UBNA_024/20250319_185000.WAV,recover-20250324,UBNA_024,Foliage
LF,17280.0,4.193247892733881,181.9735,181.9987,16015.0,18769.0,Nyctalus noctula,0.109,0.206,-1,Echolocation,192000.0,/mnt/ubna_data_05/recover-20250324/UBNA_024/20250319_190000.WAV,recover-20250324,UBNA_024,Foliage
LF,16320.0,2.248780163696931,182.0355,182.0648,16015.0,18676.0,Nyctalus noctula,0.15,0.213,-1,Echolocation,192000.0,/mnt/ubna_data_05/recover-20250324/UBNA_024/20250319_190000.WAV,recover-20250324,UBNA_024,Foliage
LF,20160.0,1.6970523397669757,23.9105,23.9304,17734.0,20924.0,Nyctalus noctula,0.163,0.251,-1,Echolocation,192000.0,/mnt/ubna_data_05/recover-20250324/UBNA_024/20250319_191000.WAV,recover-20250324,UBNA_024,Foliage
LF,20160.0,1.7941803584784952,40.0145,40.0393,17734.0,20499.0,Nyctalus noctula,0.217,0.29,-1,Echolocation,192000.0,/mnt/ubna_data_05/recover-20250324/UBNA_024/20250319_191000.WAV,recover-20250324,UBNA_024,Foliage
LF,19200.0,2.0098184553324665,62.6795,62.7045,17734.0,20452.0,Nyctalus noctula,0.166,0.23,-1,Echolocation,192000.0,/mnt/ubna_data_05/recover-20250324/UBNA_024/20250319_191000.WAV,recover-20250324,UBNA_024,Foliage
LF,22080.0,0.2646163971032136,184.9485,184.9637,22031.0,27476.0,Nyctalus noctula,0.094,0.208,-1,Echolocation,192000.0,/mnt/ubna_data_05/recover-20250324/UBNA_024/20250319_191000.WAV,recover-20250324,UBNA_024,Foliage
LF,19200.0,2.5667954798253376,8.6225,8.6457,17734.0,21023.0,Nyctalus noctula,0.38,0.472,-1,Echolocation,192000.0,/mnt/ubna_data_05/recover-20250324/UBNA_024/20250319_192000.WAV,recover-20250324,UBNA_024,Foliage
LF,25920.0,6.074421135187793,106.7895,106.8,25468.0,30866.0,Nyctalus leisleri,0.171,0.346,-1,Echolocation,192000.0,/mnt/ubna_data_05/recover-20250324/UBNA_024/20250319_192000.WAV,recover-20250324,UBNA_024,Foliage
LF,25920.0,4.5622050426875616,109.5835,109.5938,25468.0,32190.0,Eptesicus serotinus,0.138,0.382,-1,Echolocation,192000.0,/mnt/ubna_data_05/recover-20250324/UBNA_024/20250319_192000.WAV,recover-20250324,UBNA_024,Foliage
LF,26880.0,5.253910070036067,115.9505,115.9602,26328.0,31893.0,Eptesicus serotinus,0.137,0.326,-1,Echolocation,192000.0,/mnt/ubna_data_05/recover-20250324/UBNA_024/20250319_192000.WAV,recover-20250324,UBNA_024,Foliage
LF,19200.0,3.69774270104514,117.5565,117.5778,18593.0,21219.0,Nyctalus noctula,0.233,0.354,-1,Echolocation,192000.0,/mnt/ubna_data_05/recover-20250324/UBNA_024/20250319_192000.WAV,recover-20250324,UBNA_024,Foliage
LF,26880.0,11.591709824338864,120.1075,120.1188,26328.0,30864.0,Nyctalus leisleri,0.112,0.228,-1,Echolocation,192000.0,/mnt/ubna_data_05/recover-20250324/UBNA_024/20250319_192000.WAV,recover-20250324,UBNA_024,Foliage
LF,26880.0,5.079147003328303,120.9985,121.0086,25468.0,31429.0,Eptesicus serotinus,0.177,0.401,-1,Echolocation,192000.0,/mnt/ubna_data_05/recover-20250324/UBNA_024/20250319_192000.WAV,recover-20250324,UBNA_024,Foliage
LF,20160.0,5.945031341475985,45.3535,45.3818,19453.0,22508.0,Nyctalus noctula,0.127,0.265,-1,Echolocation,192000.0,/mnt/ubna_data_05/recover-20250324/UBNA_024/20250319_195000.WAV,recover-20250324,UBNA_024,Foliage
HF,46080.0,4.4277235335302585,61.1885,61.2022,45234.0,48733.0,Pipistrellus pipistrellus,0.372,0.44,-1,Echolocation,192000.0,/mnt/ubna_data_05/recover-20250324/UBNA_024/20250319_195000.WAV,recover-20250324,UBNA_024,Foliage
HF,43200.0,1.3626325437966096,199.2225,199.2311,42656.0,46146.0,Pipistrellus pipistrellus,0.185,0.205,-1,Echolocation,192000.0,/mnt/ubna_data_05/recover-20250324/UBNA_024/20250319_195000.WAV,recover-20250324,UBNA_024,Foliage
LF,23040.0,0.5433345115227575,182.5235,182.5372,22890.0,27358.0,Nyctalus leisleri,0.118,0.248,-1,Echolocation,192000.0,/mnt/ubna_data_05/recover-20250324/UBNA_024/20250319_200000.WAV,recover-20250324,UBNA_024,Foliage
LF,22080.0,0.6048873034045502,215.7405,215.7596,21171.0,25480.0,Nyctalus noctula,0.108,0.201,-1,Echolocation,192000.0,/mnt/ubna_data_05/recover-20250324/UBNA_024/20250319_200000.WAV,recover-20250324,UBNA_024,Foliage
LF,20160.0,1.433900264482516,125.5625,125.5833,20312.0,25099.0,Nyctalus noctula,0.207,0.284,-1,Echolocation,192000.0,/mnt/ubna_data_05/recover-20250324/UBNA_024/20250319_201000.WAV,recover-20250324,UBNA_024,Foliage
LF,29760.0,1.3047653078065522,158.5015,158.5098,28046.0,37738.0,Eptesicus serotinus,0.122,0.205,-1,Echolocation,192000.0,/mnt/ubna_data_05/recover-20250324/UBNA_024/20250319_203000.WAV,recover-20250324,UBNA_024,Foliage
LF,21120.0,1.2053141199791138,161.3565,161.3754,20312.0,24954.0,Nyctalus noctula,0.197,0.297,-1,Echolocation,192000.0,/mnt/ubna_data_05/recover-20250324/UBNA_024/20250319_204000.WAV,recover-20250324,UBNA_024,Foliage
LF,24960.0,0.47276639942564097,230.0105,230.02179999999998,25468.0,31320.0,Eptesicus serotinus,0.192,0.452,-1,Echolocation,192000.0,/mnt/ubna_data_05/recover-20250324/UBNA_024/20250319_204000.WAV,recover-20250324,UBNA_024,Foliage
LF,28800.0,1.8642405968034454,295.3505,295.3648,28046.0,32764.0,Eptesicus serotinus,0.099,0.202,-1,Echolocation,192000.0,/mnt/ubna_data_05/recover-20250324/UBNA_024/20250319_204000.WAV,recover-20250324,UBNA_024,Foliage
LF,23040.0,0.3858572448583687,254.6755,254.6871,23750.0,28902.0,Nyctalus leisleri,0.101,0.246,-1,Echolocation,192000.0,/mnt/ubna_data_05/recover-20250324/UBNA_024/20250319_205000.WAV,recover-20250324,UBNA_024,Foliage
LF,24000.0,0.23009595298397356,4.9665,4.9769,24609.0,31268.0,Eptesicus serotinus,0.086,0.206,-1,Echolocation,192000.0,/mnt/ubna_data_05/recover-20250324/UBNA_024/20250319_212000.WAV,recover-20250324,UBNA_024,Foliage
LF,22080.0,2.4453819006573956,33.8265,33.8454,21171.0,24245.0,Nyctalus leisleri,0.268,0.309,-1,Echolocation,192000.0,/mnt/ubna_data_05/recover-20250324/UBNA_024/20250319_213000.WAV,recover-20250324,UBNA_024,Foliage
LF,22080.0,6.575812260671556,38.7615,38.7851,21171.0,23851.0,Nyctalus leisleri,0.245,0.267,-1,Echolocation,192000.0,/mnt/ubna_data_05/recover-20250324/UBNA_024/20250319_213000.WAV,recover-20250324,UBNA_024,Foliage
LF,26880.0,0.7990129351578766,119.76050000000001,119.7683,27187.0,34848.0,Eptesicus serotinus,0.118,0.246,-1,Echolocation,192000.0,/mnt/ubna_data_05/recover-20250324/UBNA_024/20250319_213000.WAV,recover-20250324,UBNA_024,Foliage
LF,22080.0,1.7842933706527915,176.6175,176.6387,21171.0,24516.0,Nyctalus noctula,0.127,0.244,-1,Echolocation,192000.0,/mnt/ubna_data_05/recover-20250324/UBNA_024/20250319_213000.WAV,recover-20250324,UBNA_024,Foliage
LF,21120.0,3.568168105800683,5.7745,5.7906,17734.0,22915.0,Nyctalus noctula,0.212,0.281,-1,Echolocation,192000.0,/mnt/ubna_data_05/recover-20250324/UBNA_024/20250319_214000.WAV,recover-20250324,UBNA_024,Foliage
LF,21120.0,3.6982986013811887,5.8615,5.8842,20312.0,23444.0,Nyctalus noctula,0.174,0.286,-1,Echolocation,192000.0,/mnt/ubna_data_05/recover-20250324/UBNA_024/20250319_214000.WAV,recover-20250324,UBNA_024,Foliage
LF,22080.0,0.2295996408404578,136.2435,136.2608,22031.0,25691.0,Nyctalus leisleri,0.098,0.21,-1,Echolocation,192000.0,/mnt/ubna_data_05/recover-20250324/UBNA_024/20250319_214000.WAV,recover-20250324,UBNA_024,Foliage
LF,18240.0,1.5940388415319318,218.7885,218.81119999999999,17734.0,20873.0,Nyctalus noctula,0.153,0.218,-1,Echolocation,192000.0,/mnt/ubna_data_05/recover-20250324/UBNA_024/20250319_214000.WAV,recover-20250324,UBNA_024,Foliage
LF,23040.0,1.1615919651471363,137.4195,137.4337,22890.0,29605.0,Nyctalus noctula,0.093,0.223,-1,Echolocation,192000.0,/mnt/ubna_data_05/recover-20250324/UBNA_024/20250319_215000.WAV,recover-20250324,UBNA_024,Foliage
LF,24000.0,-0.4409158372874106,129.7295,129.7434,23750.0,28522.0,Nyctalus leisleri,0.093,0.226,-1,Echolocation,192000.0,/mnt/ubna_data_05/recover-20250324/UBNA_024/20250319_221000.WAV,recover-20250324,UBNA_024,Foliage
LF,21120.0,6.409765901059109,236.5025,236.531,19453.0,22054.0,Nyctalus noctula,0.132,0.223,-1,Echolocation,192000.0,/mnt/ubna_data_05/recover-20250324/UBNA_024/20250319_222000.WAV,recover-20250324,UBNA_024,Foliage
LF,21120.0,0.9295642902694448,254.2545,254.2694,21171.0,26899.0,Nyctalus noctula,0.146,0.27,-1,Echolocation,192000.0,/mnt/ubna_data_05/recover-20250324/UBNA_024/20250319_223000.WAV,recover-20250324,UBNA_024,Foliage
LF,22080.0,0.8584830849305616,171.8415,171.8631,20312.0,23585.0,Nyctalus noctula,0.161,0.246,-1,Echolocation,192000.0,/mnt/ubna_data_05/recover-20250324/UBNA_024/20250319_225000.WAV,recover-20250324,UBNA_024,Foliage
LF,23040.0,0.49484373937464843,284.8955,284.9097,22890.0,27174.0,Nyctalus leisleri,0.182,0.327,-1,Echolocation,192000.0,/mnt/ubna_data_05/recover-20250324/UBNA_024/20250319_225000.WAV,recover-20250324,UBNA_024,Foliage
LF,24000.0,-0.33825932767219735,241.3375,241.3527,24609.0,29047.0,Nyctalus leisleri,0.095,0.202,-1,Echolocation,192000.0,/mnt/ubna_data_05/recover-20250324/UBNA_024/20250319_230000.WAV,recover-20250324,UBNA_024,Foliage
LF,27840.0,2.035231789796628,263.9295,263.9408,28906.0,35681.0,Eptesicus serotinus,0.155,0.216,-1,Echolocation,192000.0,/mnt/ubna_data_05/recover-20250324/UBNA_024/20250319_232000.WAV,recover-20250324,UBNA_024,Foliage
HF,41280.0,0.9028181443577142,17.9065,17.916,39218.0,43779.0,Pipistrellus nathusii,0.188,0.219,-1,Echolocation,192000.0,/mnt/ubna_data_05/recover-20250324/UBNA_024/20250319_234000.WAV,recover-20250324,UBNA_024,Foliage
HF,49920.0,1.5076821477396598,22.0455,22.0567,49531.0,53263.0,Pipistrellus pipistrellus,0.187,0.243,-1,Echolocation,192000.0,/mnt/ubna_data_05/recover-20250324/UBNA_024/20250319_234000.WAV,recover-20250324,UBNA_024,Foliage
HF,45120.0,0.37583781086697976,227.1805,227.1899,44375.0,47989.0,Pipistrellus pipistrellus,0.191,0.221,-1,Echolocation,192000.0,/mnt/ubna_data_05/recover-20250324/UBNA_024/20250319_234000.WAV,recover-20250324,UBNA_024,Foliage
LF,23040.0,1.5534704726723638,292.7655,292.7793,22031.0,27338.0,Nyctalus noctula,0.128,0.243,-1,Echolocation,192000.0,/mnt/ubna_data_05/recover-20250324/UBNA_024/20250320_000000.WAV,recover-20250324,UBNA_024,Foliage
LF,29760.0,1.117449142068315,91.6255,91.636,28906.0,36978.0,Eptesicus serotinus,0.142,0.206,-1,Echolocation,192000.0,/mnt/ubna_data_05/recover-20250324/UBNA_024/20250320_002000.WAV,recover-20250324,UBNA_024,Foliage
LF,23040.0,0.8403111195213887,33.3945,33.4087,23750.0,28146.0,Nyctalus leisleri,0.123,0.249,-1,Echolocation,192000.0,/mnt/ubna_data_05/recover-20250324/UBNA_024/20250320_005000.WAV,recover-20250324,UBNA_024,Foliage
LF,26880.0,0.2825931104757942,112.7015,112.7119,25468.0,31626.0,Eptesicus serotinus,0.12,0.258,-1,Echolocation,192000.0,/mnt/ubna_data_05/recover-20250324/UBNA_024/20250320_005000.WAV,recover-20250324,UBNA_024,Foliage
LF,25920.0,4.368701418106094,142.7635,142.7737,24609.0,30790.0,Eptesicus serotinus,0.101,0.22,-1,Echolocation,192000.0,/mnt/ubna_data_05/recover-20250324/UBNA_024/20250320_010000.WAV,recover-20250324,UBNA_024,Foliage
HF,48960.0,2.1708148311640802,233.77949999999998,233.7902,47812.0,51123.0,Pipistrellus pipistrellus,0.188,0.208,-1,Echolocation,192000.0,/mnt/ubna_data_05/recover-20250324/UBNA_024/20250320_010000.WAV,recover-20250324,UBNA_024,Foliage
HF,37440.0,4.398708394757716,296.7765,296.7816,35781.0,46446.0,Myotis daubentonii,0.184,0.258,-1,Echolocation,192000.0,/mnt/ubna_data_05/recover-20250324/UBNA_024/20250320_010000.WAV,recover-20250324,UBNA_024,Foliage
LF,29760.0,2.1794668574969807,99.5355,99.544,28046.0,36619.0,Eptesicus serotinus,0.157,0.215,-1,Echolocation,192000.0,/mnt/ubna_data_05/recover-20250324/UBNA_024/20250320_011000.WAV,recover-20250324,UBNA_024,Foliage
LF,24000.0,2.280684420586752,102.8355,102.839,22890.0,43490.0,Plecotus austriacus,0.177,0.259,-1,Echolocation,192000.0,/mnt/ubna_data_05/recover-20250324/UBNA_024/20250320_011000.WAV,recover-20250324,UBNA_024,Foliage
HF,48000.0,5.281850093908568,108.1215,108.1311,46093.0,49614.0,Pipistrellus pipistrellus,0.216,0.23,-1,Echolocation,192000.0,/mnt/ubna_data_05/recover-20250324/UBNA_024/20250320_011000.WAV,recover-20250324,UBNA_024,Foliage
HF,36480.0,2.8168944620947696,196.6165,196.6193,26328.0,53097.0,Myotis nattereri,0.133,0.238,-1,Echolocation,192000.0,/mnt/ubna_data_05/recover-20250324/UBNA_024/20250320_011000.WAV,recover-20250324,UBNA_024,Foliage
HF,45120.0,2.970229926533045,247.4485,247.4517,30625.0,59127.0,Myotis nattereri,0.166,0.228,-1,Echolocation,192000.0,/mnt/ubna_data_05/recover-20250324/UBNA_024/20250320_011000.WAV,recover-20250324,UBNA_024,Foliage
HF,46080.0,2.8616108124682613,255.0405,255.0437,32343.0,64649.0,Myotis nattereri,0.199,0.235,-1,Echolocation,192000.0,/mnt/ubna_data_05/recover-20250324/UBNA_024/20250320_011000.WAV,recover-20250324,UBNA_024,Foliage
HF,45120.0,2.6899349242358292,255.1615,255.1646,31484.0,66762.0,Myotis nattereri,0.177,0.226,-1,Echolocation,192000.0,/mnt/ubna_data_05/recover-20250324/UBNA_024/20250320_011000.WAV,recover-20250324,UBNA_024,Foliage
LF,25920.0,-18.28124957435493,79.9815,79.991,22890.0,30576.0,Eptesicus serotinus,0.104,0.257,-1,Echolocation,192000.0,/mnt/ubna_data_05/recover-20250324/UBNA_024/20250320_014000.WAV,recover-20250324,UBNA_024,Foliage
HF,45120.0,2.5212881539051053,93.6015,93.6144,44375.0,47665.0,Pipistrellus pipistrellus,0.186,0.213,-1,Echolocation,192000.0,/mnt/ubna_data_05/recover-20250324/UBNA_024/20250320_014000.WAV,recover-20250324,UBNA_024,Foliage
LF,24960.0,0.9713177788475229,120.6305,120.645,23750.0,27700.0,Nyctalus leisleri,0.155,0.248,-1,Echolocation,192000.0,/mnt/ubna_data_05/recover-20250324/UBNA_024/20250320_014000.WAV,recover-20250324,UBNA_024,Foliage
HF,45120.0,4.109034208115307,132.3895,132.3936,40078.0,55719.0,Myotis daubentonii,0.095,0.206,-1,Echolocation,192000.0,/mnt/ubna_data_05/recover-20250324/UBNA_024/20250320_014000.WAV,recover-20250324,UBNA_024,Foliage
LF,24000.0,0.38483650003458225,183.9055,183.9161,22890.0,29416.0,Eptesicus serotinus,0.073,0.226,-1,Echolocation,192000.0,/mnt/ubna_data_05/recover-20250324/UBNA_024/20250320_014000.WAV,recover-20250324,UBNA_024,Foliage
LF,23040.0,0.9962704787953701,243.3675,243.3806,22890.0,27844.0,Eptesicus serotinus,0.096,0.239,-1,Echolocation,192000.0,/mnt/ubna_data_05/recover-20250324/UBNA_024/20250320_015000.WAV,recover-20250324,UBNA_024,Foliage
LF,27840.0,0.9135398084029915,287.8205,287.8344,28046.0,32804.0,Nyctalus leisleri,0.13,0.279,-1,Echolocation,192000.0,/mnt/ubna_data_05/recover-20250324/UBNA_024/20250320_015000.WAV,recover-20250324,UBNA_024,Foliage
LF,23040.0,5.331358618611166,33.4385,33.4433,22031.0,39717.0,Plecotus austriacus,0.147,0.216,-1,Echolocation,192000.0,/mnt/ubna_data_05/recover-20250324/UBNA_024/20250320_021000.WAV,recover-20250324,UBNA_024,Foliage
LF,22080.0,1.6623770698703775,79.3815,79.4028,22031.0,25127.0,Nyctalus leisleri,0.199,0.243,-1,Echolocation,192000.0,/mnt/ubna_data_05/recover-20250324/UBNA_024/20250320_021000.WAV,recover-20250324,UBNA_024,Foliage
LF,18240.0,7.579962342810935,157.0795,157.0889,13437.0,21395.0,Eptesicus serotinus,0.105,0.259,-1,Echolocation,192000.0,/mnt/ubna_data_05/recover-20250324/UBNA_024/20250320_021000.WAV,recover-20250324,UBNA_024,Foliage
LF,18240.0,10.282589937691986,168.7235,168.7368,11718.0,18435.0,Nyctalus leisleri,0.205,0.254,-1,Echolocation,192000.0,/mnt/ubna_data_05/recover-20250324/UBNA_024/20250320_021000.WAV,recover-20250324,UBNA_024,Foliage
LF,17280.0,11.47522372654626,179.0085,179.0229,15156.0,20389.0,Nyctalus noctula,0.115,0.219,-1,Echolocation,192000.0,/mnt/ubna_data_05/recover-20250324/UBNA_024/20250320_021000.WAV,recover-20250324,UBNA_024,Foliage
LF,17280.0,8.322656501139479,179.1535,179.1621,15156.0,24949.0,Plecotus auritus,0.108,0.258,-1,Echolocation,192000.0,/mnt/ubna_data_05/recover-20250324/UBNA_024/20250320_021000.WAV,recover-20250324,UBNA_024,Foliage
LF,17280.0,9.84987293989185,179.2255,179.2365,16015.0,22883.0,Nyctalus noctula,0.131,0.223,-1,Echolocation,192000.0,/mnt/ubna_data_05/recover-20250324/UBNA_024/20250320_021000.WAV,recover-20250324,UBNA_024,Foliage
LF,25920.0,7.328854468002533,179.2275,179.2376,23750.0,30137.0,Nyctalus noctula,0.071,0.208,-1,Echolocation,192000.0,/mnt/ubna_data_05/recover-20250324/UBNA_024/20250320_021000.WAV,recover-20250324,UBNA_024,Foliage
LF,17280.0,11.935318654854274,179.3015,179.3081,14296.0,24693.0,Plecotus auritus,0.274,0.379,-1,Echolocation,192000.0,/mnt/ubna_data_05/recover-20250324/UBNA_024/20250320_021000.WAV,recover-20250324,UBNA_024,Foliage
HF,39360.0,6.60877424679677,190.2585,190.2623,22890.0,64508.0,Myotis nattereri,0.244,0.256,-1,Echolocation,192000.0,/mnt/ubna_data_05/recover-20250324/UBNA_024/20250320_021000.WAV,recover-20250324,UBNA_024,Foliage
HF,39360.0,7.601272270111475,191.7625,191.7662,23750.0,64407.0,Myotis nattereri,0.204,0.22,-1,Echolocation,192000.0,/mnt/ubna_data_05/recover-20250324/UBNA_024/20250320_021000.WAV,recover-20250324,UBNA_024,Foliage
HF,43200.0,5.1015123960760365,191.9645,191.9682,23750.0,63783.0,Myotis nattereri,0.201,0.21,-1,Echolocation,192000.0,/mnt/ubna_data_05/recover-20250324/UBNA_024/20250320_021000.WAV,recover-20250324,UBNA_024,Foliage
HF,45120.0,5.854937615586452,192.2265,192.2304,23750.0,68592.0,Myotis nattereri,0.214,0.227,-1,Echolocation,192000.0,/mnt/ubna_data_05/recover-20250324/UBNA_024/20250320_021000.WAV,recover-20250324,UBNA_024,Foliage
HF,45120.0,4.971699290786405,192.69650000000001,192.7,25468.0,65383.0,Myotis nattereri,0.224,0.245,-1,Echolocation,192000.0,/mnt/ubna_data_05/recover-20250324/UBNA_024/20250320_021000.WAV,recover-20250324,UBNA_024,Foliage
HF,50880.0,1.1287348867951943,199.5885,199.5991,51250.0,55476.0,Pipistrellus pipistrellus,0.168,0.223,-1,Echolocation,192000.0,/mnt/ubna_data_05/recover-20250324/UBNA_024/20250320_021000.WAV,recover-20250324,UBNA_024,Foliage
LF,23040.0,12.496611052285731,11.2255,11.2313,16875.0,33003.0,Plecotus austriacus,0.151,0.202,-1,Echolocation,192000.0,/mnt/ubna_data_05/recover-20250324/UBNA_024/20250320_022000.WAV,recover-20250324,UBNA_024,Foliage
LF,23040.0,4.3777926237112466,143.7775,143.787,22890.0,29630.0,Eptesicus serotinus,0.061,0.207,-1,Echolocation,192000.0,/mnt/ubna_data_05/recover-20250324/UBNA_024/20250320_023000.WAV,recover-20250324,UBNA_024,Foliage
LF,23040.0,-0.45836981472402083,211.1885,211.1992,23750.0,30164.0,Eptesicus serotinus,0.087,0.205,-1,Echolocation,192000.0,/mnt/ubna_data_05/recover-20250324/UBNA_024/20250320_023000.WAV,recover-20250324,UBNA_024,Foliage
LF,21120.0,0.6403112774989252,280.9585,280.9802,21171.0,24654.0,Nyctalus noctula,0.129,0.234,-1,Echolocation,192000.0,/mnt/ubna_data_05/recover-20250324/UBNA_024/20250320_024000.WAV,recover-20250324,UBNA_024,Foliage
LF,23040.0,0.9144025086428507,5.8875,5.9025,22890.0,27240.0,Nyctalus leisleri,0.098,0.227,-1,Echolocation,192000.0,/mnt/ubna_data_05/recover-20250324/UBNA_024/20250320_025000.WAV,recover-20250324,UBNA_024,Foliage
HF,47040.0,6.012279854022448,213.8825,213.889,46953.0,52992.0,Pipistrellus pipistrellus,0.286,0.293,-1,Echolocation,192000.0,/mnt/ubna_data_05/recover-20250324/UBNA_024/20250320_031000.WAV,recover-20250324,UBNA_024,Foliage
HF,47040.0,8.741084451244438,213.9815,213.9866,45234.0,53969.0,Pipistrellus pipistrellus,0.548,0.598,-1,Echolocation,192000.0,/mnt/ubna_data_05/recover-20250324/UBNA_024/20250320_031000.WAV,recover-20250324,UBNA_024,Foliage
HF,47040.0,7.615398611623894,214.1895,214.1944,46953.0,57610.0,Pipistrellus pipistrellus,0.493,0.515,-1,Echolocation,192000.0,/mnt/ubna_data_05/recover-20250324/UBNA_024/20250320_031000.WAV,recover-20250324,UBNA_024,Foliage
HF,47040.0,10.252719240891071,214.2875,214.2922,46093.0,56418.0,Pipistrellus pipistrellus,0.49,0.506,-1,Echolocation,192000.0,/mnt/ubna_data_05/recover-20250324/UBNA_024/20250320_031000.WAV,recover-20250324,UBNA_024,Foliage
HF,47040.0,6.396843802863177,214.3845,214.3891,46953.0,59206.0,Pipistrellus pipistrellus,0.552,0.59,-1,Echolocation,192000.0,/mnt/ubna_data_05/recover-20250324/UBNA_024/20250320_031000.WAV,recover-20250324,UBNA_024,Foliage
HF,48000.0,12.701630465123209,214.5615,214.5661,46953.0,61014.0,Pipistrellus pipistrellus,0.595,0.655,-1,Echolocation,192000.0,/mnt/ubna_data_05/recover-20250324/UBNA_024/20250320_031000.WAV,recover-20250324,UBNA_024,Foliage
HF,48000.0,5.856618872409978,214.6425,214.6473,46953.0,59716.0,Pipistrellus pipistrellus,0.557,0.603,-1,Echolocation,192000.0,/mnt/ubna_data_05/recover-20250324/UBNA_024/20250320_031000.WAV,recover-20250324,UBNA_024,Foliage
HF,48960.0,9.745293604041374,214.7195,214.7241,46953.0,60317.0,Pipistrellus pipistrellus,0.411,0.445,-1,Echolocation,192000.0,/mnt/ubna_data_05/recover-20250324/UBNA_024/20250320_031000.WAV,recover-20250324,UBNA_024,Foliage
HF,54720.0,2.381391969495095,214.7845,214.7889,52109.0,61356.0,Pipistrellus pipistrellus,0.239,0.316,-1,Echolocation,192000.0,/mnt/ubna_data_05/recover-20250324/UBNA_024/20250320_031000.WAV,recover-20250324,UBNA_024,Foliage
HF,51840.0,8.189721995966952,214.8835,214.8879,46953.0,62287.0,Pipistrellus pipistrellus,0.43,0.511,-1,Echolocation,192000.0,/mnt/ubna_data_05/recover-20250324/UBNA_024/20250320_031000.WAV,recover-20250324,UBNA_024,Foliage
HF,53760.0,7.674197474237587,214.9685,214.9737,46953.0,61702.0,Pipistrellus pipistrellus,0.489,0.536,-1,Echolocation,192000.0,/mnt/ubna_data_05/recover-20250324/UBNA_024/20250320_031000.WAV,recover-20250324,UBNA_024,Foliage
HF,52800.0,9.224698740265556,215.1255,215.1294,49531.0,61832.0,Pipistrellus pipistrellus,0.309,0.374,-1,Echolocation,192000.0,/mnt/ubna_data_05/recover-20250324/UBNA_024/20250320_031000.WAV,recover-20250324,UBNA_024,Foliage
HF,50880.0,1.7736255367912404,215.2165,215.221,47812.0,59949.0,Pipistrellus pipistrellus,0.278,0.306,-1,Echolocation,192000.0,/mnt/ubna_data_05/recover-20250324/UBNA_024/20250320_031000.WAV,recover-20250324,UBNA_024,Foliage
HF,52800.0,11.23719422919164,215.2995,215.3053,51250.0,58951.0,Pipistrellus pipistrellus,0.261,0.346,-1,Echolocation,192000.0,/mnt/ubna_data_05/recover-20250324/UBNA_024/20250320_031000.WAV,recover-20250324,UBNA_024,Foliage
HF,52800.0,6.574739374722983,215.3935,215.3993,51250.0,58205.0,Pipistrellus pipistrellus,0.434,0.51,-1,Echolocation,192000.0,/mnt/ubna_data_05/recover-20250324/UBNA_024/20250320_031000.WAV,recover-20250324,UBNA_024,Foliage
HF,52800.0,16.976646336783027,215.4835,215.4874,51250.0,62910.0,Pipistrellus pipistrellus,0.266,0.329,-1,Echolocation,192000.0,/mnt/ubna_data_05/recover-20250324/UBNA_024/20250320_031000.WAV,recover-20250324,UBNA_024,Foliage
HF,52800.0,14.270191980944562,215.5735,215.5776,48671.0,61953.0,Pipistrellus pipistrellus,0.514,0.593,-1,Echolocation,192000.0,/mnt/ubna_data_05/recover-20250324/UBNA_024/20250320_031000.WAV,recover-20250324,UBNA_024,Foliage
HF,53760.0,13.664596747693603,215.6565,215.661,46953.0,62346.0,Pipistrellus pipistrellus,0.549,0.616,-1,Echolocation,192000.0,/mnt/ubna_data_05/recover-20250324/UBNA_024/20250320_031000.WAV,recover-20250324,UBNA_024,Foliage
HF,53760.0,15.767836936223066,215.8295,215.8338,46953.0,61052.0,Pipistrellus pipistrellus,0.625,0.676,-1,Echolocation,192000.0,/mnt/ubna_data_05/recover-20250324/UBNA_024/20250320_031000.WAV,recover-20250324,UBNA_024,Foliage
HF,49920.0,3.277612071654849,215.9215,215.926,49531.0,57897.0,Pipistrellus pipistrellus,0.368,0.376,-1,Echolocation,192000.0,/mnt/ubna_data_05/recover-20250324/UBNA_024/20250320_031000.WAV,recover-20250324,UBNA_024,Foliage
HF,51840.0,6.502986688495866,216.0155,216.0199,46953.0,58750.0,Pipistrellus pipistrellus,0.493,0.566,-1,Echolocation,192000.0,/mnt/ubna_data_05/recover-20250324/UBNA_024/20250320_031000.WAV,recover-20250324,UBNA_024,Foliage
HF,51840.0,8.495375460791777,216.2005,216.2043,46953.0,60277.0,Pipistrellus pipistrellus,0.36,0.45,-1,Echolocation,192000.0,/mnt/ubna_data_05/recover-20250324/UBNA_024/20250320_031000.WAV,recover-20250324,UBNA_024,Foliage
HF,52800.0,6.086291143738334,217.8985,217.9045,52109.0,59862.0,Pipistrellus pipistrellus,0.395,0.463,-1,Echolocation,192000.0,/mnt/ubna_data_05/recover-20250324/UBNA_024/20250320_031000.WAV,recover-20250324,UBNA_024,Foliage
HF,54720.0,3.302797539871724,218.05349999999999,218.06,52109.0,58784.0,Pipistrellus pipistrellus,0.236,0.293,-1,Echolocation,192000.0,/mnt/ubna_data_05/recover-20250324/UBNA_024/20250320_031000.WAV,recover-20250324,UBNA_024,Foliage
HF,46080.0,8.663324562086672,218.9845,218.9885,46093.0,59625.0,Pipistrellus pipistrellus,0.562,0.602,-1,Echolocation,192000.0,/mnt/ubna_data_05/recover-20250324/UBNA_024/20250320_031000.WAV,recover-20250324,UBNA_024,Foliage
HF,48000.0,2.364878117550267,219.0735,219.0777,46953.0,59273.0,Pipistrellus pipistrellus,0.312,0.378,-1,Echolocation,192000.0,/mnt/ubna_data_05/recover-20250324/UBNA_024/20250320_031000.WAV,recover-20250324,UBNA_024,Foliage
HF,49920.0,4.777138378921159,219.1515,219.1557,45234.0,63221.0,Pipistrellus pipistrellus,0.211,0.478,-1,Echolocation,192000.0,/mnt/ubna_data_05/recover-20250324/UBNA_024/20250320_031000.WAV,recover-20250324,UBNA_024,Foliage
HF,47040.0,3.524819354686333,219.3405,219.3458,45234.0,57969.0,Pipistrellus pipistrellus,0.314,0.375,-1,Echolocation,192000.0,/mnt/ubna_data_05/recover-20250324/UBNA_024/20250320_031000.WAV,recover-20250324,UBNA_024,Foliage
HF,47040.0,8.257210186071129,219.5205,219.5258,46093.0,55988.0,Pipistrellus pipistrellus,0.519,0.602,-1,Echolocation,192000.0,/mnt/ubna_data_05/recover-20250324/UBNA_024/20250320_031000.WAV,recover-20250324,UBNA_024,Foliage
HF,48000.0,5.656284748816858,219.6005,219.6047,44375.0,62452.0,Pipistrellus pipistrellus,0.13,0.347,-1,Echolocation,192000.0,/mnt/ubna_data_05/recover-20250324/UBNA_024/20250320_031000.WAV,recover-20250324,UBNA_024,Foliage
HF,48000.0,15.722844565844268,219.7865,219.7921,42656.0,62387.0,Pipistrellus pipistrellus,0.273,0.523,-1,Echolocation,192000.0,/mnt/ubna_data_05/recover-20250324/UBNA_024/20250320_031000.WAV,recover-20250324,UBNA_024,Foliage
HF,47040.0,4.68545994181362,219.8785,219.88400000000001,45234.0,53154.0,Pipistrellus pipistrellus,0.415,0.431,-1,Echolocation,192000.0,/mnt/ubna_data_05/recover-20250324/UBNA_024/20250320_031000.WAV,recover-20250324,UBNA_024,Foliage
HF,48000.0,7.27996591446766,219.9705,219.977,46093.0,51569.0,Pipistrellus pipistrellus,0.47,0.495,-1,Echolocation,192000.0,/mnt/ubna_data_05/recover-20250324/UBNA_024/20250320_031000.WAV,recover-20250324,UBNA_024,Foliage
LF,23040.0,1.7091671811155786,233.4735,233.4897,22890.0,27963.0,Nyctalus leisleri,0.125,0.263,-1,Echolocation,192000.0,/mnt/ubna_data_05/recover-20250324/UBNA_024/20250320_031000.WAV,recover-20250324,UBNA_024,Foliage
LF,25920.0,0.5822096196206726,116.4985,116.5113,25468.0,30174.0,Nyctalus leisleri,0.091,0.221,-1,Echolocation,192000.0,/mnt/ubna_data_05/recover-20250324/UBNA_024/20250320_033000.WAV,recover-20250324,UBNA_024,Foliage
LF,26880.0,0.4130112816055181,225.6495,225.6619,27187.0,31471.0,Nyctalus leisleri,0.131,0.274,-1,Echolocation,192000.0,/mnt/ubna_data_05/recover-20250324/UBNA_024/20250320_033000.WAV,recover-20250324,UBNA_024,Foliage
HF,52800.0,1.2091398773694868,256.9445,256.9492,52109.0,61676.0,Pipistrellus pipistrellus,0.319,0.383,-1,Echolocation,192000.0,/mnt/ubna_data_05/recover-20250324/UBNA_024/20250320_033000.WAV,recover-20250324,UBNA_024,Foliage
HF,51840.0,1.6043686279753389,257.3635,257.3686,51250.0,58608.0,Pipistrellus pipistrellus,0.285,0.309,-1,Echolocation,192000.0,/mnt/ubna_data_05/recover-20250324/UBNA_024/20250320_033000.WAV,recover-20250324,UBNA_024,Foliage
HF,52800.0,5.915109952274445,257.4515,257.4551,47812.0,65327.0,Pipistrellus pipistrellus,0.138,0.282,-1,Echolocation,192000.0,/mnt/ubna_data_05/recover-20250324/UBNA_024/20250320_033000.WAV,recover-20250324,UBNA_024,Foliage
HF,52800.0,4.587892171745642,257.5195,257.5246,52109.0,59040.0,Pipistrellus pipistrellus,0.318,0.393,-1,Echolocation,192000.0,/mnt/ubna_data_05/recover-20250324/UBNA_024/20250320_033000.WAV,recover-20250324,UBNA_024,Foliage
HF,48000.0,2.3553730935864965,257.6035,257.6113,46953.0,54102.0,Pipistrellus pipistrellus,0.359,0.376,-1,Echolocation,192000.0,/mnt/ubna_data_05/recover-20250324/UBNA_024/20250320_033000.WAV,recover-20250324,UBNA_024,Foliage
HF,48960.0,5.586317132422488,257.6935,257.6981,45234.0,61195.0,Pipistrellus pipistrellus,0.202,0.297,-1,Echolocation,192000.0,/mnt/ubna_data_05/recover-20250324/UBNA_024/20250320_033000.WAV,recover-20250324,UBNA_024,Foliage
HF,48000.0,4.712025051493038,257.7845,257.7897,46093.0,54414.0,Pipistrellus pipistrellus,0.482,0.521,-1,Echolocation,192000.0,/mnt/ubna_data_05/recover-20250324/UBNA_024/20250320_033000.WAV,recover-20250324,UBNA_024,Foliage
HF,46080.0,13.365709758369517,257.8745,257.8802,44375.0,63326.0,Pipistrellus pipistrellus,0.461,0.616,-1,Echolocation,192000.0,/mnt/ubna_data_05/recover-20250324/UBNA_024/20250320_033000.WAV,recover-20250324,UBNA_024,Foliage
HF,48000.0,9.284838642986387,257.9755,257.9802,46093.0,58376.0,Pipistrellus pipistrellus,0.439,0.491,-1,Echolocation,192000.0,/mnt/ubna_data_05/recover-20250324/UBNA_024/20250320_033000.WAV,recover-20250324,UBNA_024,Foliage
HF,48000.0,12.979712792771638,258.0705,258.0746,46953.0,63004.0,Pipistrellus pipistrellus,0.403,0.467,-1,Echolocation,192000.0,/mnt/ubna_data_05/recover-20250324/UBNA_024/20250320_033000.WAV,recover-20250324,UBNA_024,Foliage
HF,47040.0,10.571362281280727,258.1585,258.1632,46093.0,60480.0,Pipistrellus pipistrellus,0.426,0.489,-1,Echolocation,192000.0,/mnt/ubna_data_05/recover-20250324/UBNA_024/20250320_033000.WAV,recover-20250324,UBNA_024,Foliage
HF,48000.0,8.729768242154664,258.2815,258.2866,45234.0,59375.0,Pipistrellus pipistrellus,0.186,0.309,-1,Echolocation,192000.0,/mnt/ubna_data_05/recover-20250324/UBNA_024/20250320_033000.WAV,recover-20250324,UBNA_024,Foliage
HF,47040.0,15.01899671517366,258.3675,258.3725,43515.0,64320.0,Myotis alcathoe,0.18,0.3,-1,Echolocation,192000.0,/mnt/ubna_data_05/recover-20250324/UBNA_024/20250320_033000.WAV,recover-20250324,UBNA_024,Foliage
HF,48000.0,9.142115484398994,258.4525,258.457,43515.0,64270.0,Myotis alcathoe,0.172,0.232,-1,Echolocation,192000.0,/mnt/ubna_data_05/recover-20250324/UBNA_024/20250320_033000.WAV,recover-20250324,UBNA_024,Foliage
HF,48960.0,9.602688127685333,258.5465,258.551,43515.0,71874.0,Myotis alcathoe,0.264,0.296,-1,Echolocation,192000.0,/mnt/ubna_data_05/recover-20250324/UBNA_024/20250320_033000.WAV,recover-20250324,UBNA_024,Foliage
HF,51840.0,13.518348230166435,258.7515,258.7557,45234.0,73761.0,Myotis alcathoe,0.345,0.391,-1,Echolocation,192000.0,/mnt/ubna_data_05/recover-20250324/UBNA_024/20250320_033000.WAV,recover-20250324,UBNA_024,Foliage
HF,51840.0,10.97935135435985,258.8355,258.8396,45234.0,72507.0,Myotis alcathoe,0.253,0.284,-1,Echolocation,192000.0,/mnt/ubna_data_05/recover-20250324/UBNA_024/20250320_033000.WAV,recover-20250324,UBNA_024,Foliage
HF,48000.0,14.780596564976442,258.9315,258.9356,43515.0,66969.0,Myotis alcathoe,0.153,0.21,-1,Echolocation,192000.0,/mnt/ubna_data_05/recover-20250324/UBNA_024/20250320_033000.WAV,recover-20250324,UBNA_024,Foliage
HF,48000.0,19.88954395269902,259.0265,259.031,42656.0,76732.0,Myotis alcathoe,0.411,0.448,-1,Echolocation,192000.0,/mnt/ubna_data_05/recover-20250324/UBNA_024/20250320_033000.WAV,recover-20250324,UBNA_024,Foliage
HF,48960.0,16.284989800816327,259.1125,259.1169,44375.0,69859.0,Myotis alcathoe,0.323,0.371,-1,Echolocation,192000.0,/mnt/ubna_data_05/recover-20250324/UBNA_024/20250320_033000.WAV,recover-20250324,UBNA_024,Foliage
HF,48960.0,14.544922580576053,259.2035,259.2079,44375.0,71111.0,Myotis alcathoe,0.267,0.307,-1,Echolocation,192000.0,/mnt/ubna_data_05/recover-20250324/UBNA_024/20250320_033000.WAV,recover-20250324,UBNA_024,Foliage
HF,48960.0,4.884406895433619,259.3185,259.3243,47812.0,61816.0,Pipistrellus pipistrellus,0.15,0.218,-1,Echolocation,192000.0,/mnt/ubna_data_05/recover-20250324/UBNA_024/20250320_033000.WAV,recover-20250324,UBNA_024,Foliage
HF,48960.0,14.95117140902828,259.4065,259.4113,45234.0,70598.0,Myotis alcathoe,0.241,0.286,-1,Echolocation,192000.0,/mnt/ubna_data_05/recover-20250324/UBNA_024/20250320_033000.WAV,recover-20250324,UBNA_024,Foliage
HF,48960.0,13.931733118109674,259.6125,259.617,42656.0,73447.0,Myotis alcathoe,0.29,0.325,-1,Echolocation,192000.0,/mnt/ubna_data_05/recover-20250324/UBNA_024/20250320_033000.WAV,recover-20250324,UBNA_024,Foliage
HF,48960.0,14.369926061561898,259.7105,259.7152,45234.0,64938.0,Myotis alcathoe,0.227,0.302,-1,Echolocation,192000.0,/mnt/ubna_data_05/recover-20250324/UBNA_024/20250320_033000.WAV,recover-20250324,UBNA_024,Foliage
HF,48960.0,14.3336192875881,259.8045,259.8092,45234.0,65745.0,Myotis alcathoe,0.232,0.33,-1,Echolocation,192000.0,/mnt/ubna_data_05/recover-20250324/UBNA_024/20250320_033000.WAV,recover-20250324,UBNA_024,Foliage
HF,50880.0,13.457904149770492,259.8995,259.9037,44375.0,69870.0,Myotis alcathoe,0.232,0.327,-1,Echolocation,192000.0,/mnt/ubna_data_05/recover-20250324/UBNA_024/20250320_033000.WAV,recover-20250324,UBNA_024,Foliage
HF,47040.0,14.240789150800197,259.9915,259.9962,45234.0,62448.0,Pipistrellus pipistrellus,0.262,0.362,-1,Echolocation,192000.0,/mnt/ubna_data_05/recover-20250324/UBNA_024/20250320_033000.WAV,recover-20250324,UBNA_024,Foliage
HF,47040.0,26.365099042101537,260.1755,260.1804,42656.0,67627.0,Pipistrellus pipistrellus,0.244,0.352,-1,Echolocation,192000.0,/mnt/ubna_data_05/recover-20250324/UBNA_024/20250320_033000.WAV,recover-20250324,UBNA_024,Foliage
HF,47040.0,7.6802453922339975,260.2735,260.2792,46093.0,55125.0,Pipistrellus pipistrellus,0.563,0.601,-1,Echolocation,192000.0,/mnt/ubna_data_05/recover-20250324/UBNA_024/20250320_033000.WAV,recover-20250324,UBNA_024,Foliage
HF,48000.0,6.717800485505192,260.3655,260.3707,46093.0,54973.0,Pipistrellus pipistrellus,0.447,0.463,-1,Echolocation,192000.0,/mnt/ubna_data_05/recover-20250324/UBNA_024/20250320_033000.WAV,recover-20250324,UBNA_024,Foliage
HF,48000.0,24.718091374173564,260.4585,260.4635,45234.0,61793.0,Pipistrellus pipistrellus,0.411,0.424,-1,Echolocation,192000.0,/mnt/ubna_data_05/recover-20250324/UBNA_024/20250320_033000.WAV,recover-20250324,UBNA_024,Foliage
HF,48000.0,11.643941988535191,260.6485,260.6538,44375.0,54707.0,Pipistrellus pipistrellus,0.521,0.559,-1,Echolocation,192000.0,/mnt/ubna_data_05/recover-20250324/UBNA_024/20250320_033000.WAV,recover-20250324,UBNA_024,Foliage
HF,47040.0,5.036909103861848,260.8395,260.8449,46093.0,58694.0,Pipistrellus pipistrellus,0.405,0.431,-1,Echolocation,192000.0,/mnt/ubna_data_05/recover-20250324/UBNA_024/20250320_033000.WAV,recover-20250324,UBNA_024,Foliage
LF,22080.0,0.35989136239794767,108.53450000000001,108.5479,21171.0,26736.0,Nyctalus noctula,0.087,0.204,-1,Echolocation,192000.0,/mnt/ubna_data_05/recover-20250324/UBNA_024/20250320_034000.WAV,recover-20250324,UBNA_024,Foliage
LF,23040.0,-0.26007350681672947,166.2845,166.2995,23750.0,28154.0,Nyctalus leisleri,0.116,0.24,-1,Echolocation,192000.0,/mnt/ubna_data_05/recover-20250324/UBNA_024/20250320_034000.WAV,recover-20250324,UBNA_024,Foliage
LF,22080.0,0.484559428400154,31.6245,31.6432,22031.0,26261.0,Nyctalus leisleri,0.125,0.246,-1,Echolocation,192000.0,/mnt/ubna_data_05/recover-20250324/UBNA_024/20250320_035000.WAV,recover-20250324,UBNA_024,Foliage
LF,22080.0,2.3274483947893025,276.6145,276.6331,22031.0,25860.0,Nyctalus leisleri,0.143,0.291,-1,Echolocation,192000.0,/mnt/ubna_data_05/recover-20250324/UBNA_024/20250320_035000.WAV,recover-20250324,UBNA_024,Foliage
HF,46080.0,5.345990967209242,44.4245,44.4299,43515.0,50464.0,Pipistrellus pipistrellus,0.418,0.453,-1,Echolocation,192000.0,/mnt/ubna_data_05/recover-20250324/UBNA_024/20250320_040000.WAV,recover-20250324,UBNA_024,Foliage
HF,47040.0,2.505582704001715,44.4945,44.500299999999996,43515.0,53956.0,Pipistrellus pipistrellus,0.282,0.313,-1,Echolocation,192000.0,/mnt/ubna_data_05/recover-20250324/UBNA_024/20250320_040000.WAV,recover-20250324,UBNA_024,Foliage
HF,48000.0,6.522007329930407,44.6455,44.6519,46093.0,53977.0,Pipistrellus pipistrellus,0.369,0.378,-1,Echolocation,192000.0,/mnt/ubna_data_05/recover-20250324/UBNA_024/20250320_040000.WAV,recover-20250324,UBNA_024,Foliage
HF,47040.0,6.416900583396531,44.7335,44.739599999999996,45234.0,54007.0,Pipistrellus pipistrellus,0.583,0.597,-1,Echolocation,192000.0,/mnt/ubna_data_05/recover-20250324/UBNA_024/20250320_040000.WAV,recover-20250324,UBNA_024,Foliage
HF,47040.0,6.428033952091464,44.8215,44.827600000000004,45234.0,55137.0,Pipistrellus pipistrellus,0.462,0.481,-1,Echolocation,192000.0,/mnt/ubna_data_05/recover-20250324/UBNA_024/20250320_040000.WAV,recover-20250324,UBNA_024,Foliage
HF,48000.0,5.09070433266392,44.9065,44.9129,45234.0,53006.0,Pipistrellus pipistrellus,0.578,0.596,-1,Echolocation,192000.0,/mnt/ubna_data_05/recover-20250324/UBNA_024/20250320_040000.WAV,recover-20250324,UBNA_024,Foliage
HF,46080.0,5.086191497215528,44.9915,44.997299999999996,45234.0,53728.0,Pipistrellus pipistrellus,0.451,0.464,-1,Echolocation,192000.0,/mnt/ubna_data_05/recover-20250324/UBNA_024/20250320_040000.WAV,recover-20250324,UBNA_024,Foliage
HF,46080.0,6.859689591381015,45.1515,45.1565,44375.0,56190.0,Pipistrellus pipistrellus,0.467,0.485,-1,Echolocation,192000.0,/mnt/ubna_data_05/recover-20250324/UBNA_024/20250320_040000.WAV,recover-20250324,UBNA_024,Foliage
HF,46080.0,5.420071952219314,45.2175,45.2245,45234.0,53723.0,Pipistrellus pipistrellus,0.479,0.519,-1,Echolocation,192000.0,/mnt/ubna_data_05/recover-20250324/UBNA_024/20250320_040000.WAV,recover-20250324,UBNA_024,Foliage
HF,46080.0,5.2333708171692495,45.2885,45.2947,45234.0,53487.0,Pipistrellus pipistrellus,0.502,0.514,-1,Echolocation,192000.0,/mnt/ubna_data_05/recover-20250324/UBNA_024/20250320_040000.WAV,recover-20250324,UBNA_024,Foliage
HF,46080.0,7.980568756146881,45.3755,45.3821,46093.0,52081.0,Pipistrellus pipistrellus,0.571,0.591,-1,Echolocation,192000.0,/mnt/ubna_data_05/recover-20250324/UBNA_024/20250320_040000.WAV,recover-20250324,UBNA_024,Foliage
HF,48000.0,5.296137636090176,45.466499999999996,45.4722,45234.0,54206.0,Pipistrellus pipistrellus,0.556,0.575,-1,Echolocation,192000.0,/mnt/ubna_data_05/recover-20250324/UBNA_024/20250320_040000.WAV,recover-20250324,UBNA_024,Foliage
HF,46080.0,6.99008712158299,45.5635,45.5697,45234.0,54168.0,Pipistrellus pipistrellus,0.467,0.487,-1,Echolocation,192000.0,/mnt/ubna_data_05/recover-20250324/UBNA_024/20250320_040000.WAV,recover-20250324,UBNA_024,Foliage
HF,47040.0,5.462149256735353,45.6555,45.663399999999996,45234.0,53173.0,Pipistrellus pipistrellus,0.491,0.509,-1,Echolocation,192000.0,/mnt/ubna_data_05/recover-20250324/UBNA_024/20250320_040000.WAV,recover-20250324,UBNA_024,Foliage
HF,47040.0,8.37883372001446,45.7435,45.749700000000004,46953.0,53568.0,Pipistrellus pipistrellus,0.52,0.533,-1,Echolocation,192000.0,/mnt/ubna_data_05/recover-20250324/UBNA_024/20250320_040000.WAV,recover-20250324,UBNA_024,Foliage
HF,48000.0,7.212905757884922,45.829499999999996,45.835300000000004,44375.0,56541.0,Pipistrellus pipistrellus,0.598,0.626,-1,Echolocation,192000.0,/mnt/ubna_data_05/recover-20250324/UBNA_024/20250320_040000.WAV,recover-20250324,UBNA_024,Foliage
HF,46080.0,4.470639894062584,45.9155,45.9214,46093.0,54594.0,Pipistrellus pipistrellus,0.521,0.532,-1,Echolocation,192000.0,/mnt/ubna_data_05/recover-20250324/UBNA_024/20250320_040000.WAV,recover-20250324,UBNA_024,Foliage
HF,47040.0,8.735449854541605,46.0025,46.0075,43515.0,51520.0,Pipistrellus pipistrellus,0.156,0.211,-1,Echolocation,192000.0,/mnt/ubna_data_05/recover-20250324/UBNA_024/20250320_040000.WAV,recover-20250324,UBNA_024,Foliage
HF,45120.0,4.1816719567484295,46.174499999999995,46.1811,44375.0,50888.0,Pipistrellus pipistrellus,0.271,0.312,-1,Echolocation,192000.0,/mnt/ubna_data_05/recover-20250324/UBNA_024/20250320_040000.WAV,recover-20250324,UBNA_024,Foliage
HF,45120.0,1.8146702310823537,46.7505,46.7564,44375.0,54471.0,Pipistrellus pipistrellus,0.231,0.267,-1,Echolocation,192000.0,/mnt/ubna_data_05/recover-20250324/UBNA_024/20250320_040000.WAV,recover-20250324,UBNA_024,Foliage
HF,39360.0,1.5536839678620953,65.4535,65.4626,38359.0,42409.0,Pipistrellus nathusii,0.168,0.261,-1,Echolocation,192000.0,/mnt/ubna_data_05/recover-20250324/UBNA_024/20250320_041000.WAV,recover-20250324,UBNA_024,Foliage
LF,24960.0,2.704396382444647,101.9295,101.9396,22890.0,34595.0,Nyctalus noctula,0.088,0.243,-1,Echolocation,192000.0,/mnt/ubna_data_05/recover-20250324/UBNA_024/20250320_041000.WAV,recover-20250324,UBNA_024,Foliage
HF,48000.0,6.154565417191629,215.0215,215.0256,46093.0,59391.0,Pipistrellus pipistrellus,0.436,0.493,-1,Echolocation,192000.0,/mnt/ubna_data_05/recover-20250324/UBNA_024/20250320_041000.WAV,recover-20250324,UBNA_024,Foliage
HF,48000.0,2.2929705270326126,215.0995,215.1045,42656.0,58492.0,Pipistrellus pipistrellus,0.202,0.326,-1,Echolocation,192000.0,/mnt/ubna_data_05/recover-20250324/UBNA_024/20250320_041000.WAV,recover-20250324,UBNA_024,Foliage
HF,51840.0,1.1180062998664804,215.2655,215.2701,49531.0,60197.0,Pipistrellus pipistrellus,0.232,0.256,-1,Echolocation,192000.0,/mnt/ubna_data_05/recover-20250324/UBNA_024/20250320_041000.WAV,recover-20250324,UBNA_024,Foliage
HF,48960.0,4.310183513539432,215.3415,215.3463,45234.0,55747.0,Pipistrellus pipistrellus,0.378,0.403,-1,Echolocation,192000.0,/mnt/ubna_data_05/recover-20250324/UBNA_024/20250320_041000.WAV,recover-20250324,UBNA_024,Foliage
HF,48000.0,4.666234338451691,215.4815,215.4861,47812.0,60278.0,Pipistrellus pipistrellus,0.599,0.633,-1,Echolocation,192000.0,/mnt/ubna_data_05/recover-20250324/UBNA_024/20250320_041000.WAV,recover-20250324,UBNA_024,Foliage
HF,48960.0,5.291719815564746,215.5775,215.5823,46953.0,58946.0,Pipistrellus pipistrellus,0.435,0.469,-1,Echolocation,192000.0,/mnt/ubna_data_05/recover-20250324/UBNA_024/20250320_041000.WAV,recover-20250324,UBNA_024,Foliage
HF,48960.0,5.187245041844337,215.6605,215.6656,46093.0,56484.0,Pipistrellus pipistrellus,0.422,0.44,-1,Echolocation,192000.0,/mnt/ubna_data_05/recover-20250324/UBNA_024/20250320_041000.WAV,recover-20250324,UBNA_024,Foliage
HF,48960.0,2.8639475495744167,215.7405,215.7469,47812.0,53839.0,Pipistrellus pipistrellus,0.276,0.28,-1,Echolocation,192000.0,/mnt/ubna_data_05/recover-20250324/UBNA_024/20250320_041000.WAV,recover-20250324,UBNA_024,Foliage
HF,48000.0,2.999849752960942,215.8195,215.825,46953.0,54604.0,Pipistrellus pipistrellus,0.443,0.453,-1,Echolocation,192000.0,/mnt/ubna_data_05/recover-20250324/UBNA_024/20250320_041000.WAV,recover-20250324,UBNA_024,Foliage
HF,48000.0,4.85706632384688,215.9705,215.9757,45234.0,54866.0,Pipistrellus pipistrellus,0.404,0.428,-1,Echolocation,192000.0,/mnt/ubna_data_05/recover-20250324/UBNA_024/20250320_041000.WAV,recover-20250324,UBNA_024,Foliage
HF,48000.0,5.442303908824204,216.0685,216.0741,46093.0,52983.0,Pipistrellus pipistrellus,0.323,0.332,-1,Echolocation,192000.0,/mnt/ubna_data_05/recover-20250324/UBNA_024/20250320_041000.WAV,recover-20250324,UBNA_024,Foliage
LF,22080.0,1.8089829981379835,96.8675,96.8827,21171.0,25623.0,Nyctalus noctula,0.099,0.215,-1,Echolocation,192000.0,/mnt/ubna_data_05/recover-20250324/UBNA_024/20250320_042000.WAV,recover-20250324,UBNA_024,Foliage
LF,25920.0,7.031272491114758,12.2055,12.2117,23750.0,33356.0,Plecotus austriacus,0.096,0.201,-1,Echolocation,192000.0,/mnt/ubna_data_05/recover-20250324/UBNA_024/20250320_043000.WAV,recover-20250324,UBNA_024,Foliage
LF,29760.0,3.389029841162156,143.2575,143.2652,28046.0,34595.0,Eptesicus serotinus,0.204,0.36,-1,Echolocation,192000.0,/mnt/ubna_data_05/recover-20250324/UBNA_024/20250320_043000.WAV,recover-20250324,UBNA_024,Foliage
HF,48000.0,2.86980424908991,295.8335,295.8393,46953.0,55786.0,Pipistrellus pipistrellus,0.204,0.231,-1,Echolocation,192000.0,/mnt/ubna_data_05/recover-20250324/UBNA_024/20250320_043000.WAV,recover-20250324,UBNA_024,Foliage
HF,51840.0,2.666380840392162,296.0825,296.0875,50390.0,60600.0,Pipistrellus pipistrellus,0.27,0.322,-1,Echolocation,192000.0,/mnt/ubna_data_05/recover-20250324/UBNA_024/20250320_043000.WAV,recover-20250324,UBNA_024,Foliage
HF,48960.0,3.8865759081747724,296.1685,296.1722,46093.0,63735.0,Myotis alcathoe,0.118,0.307,-1,Echolocation,192000.0,/mnt/ubna_data_05/recover-20250324/UBNA_024/20250320_043000.WAV,recover-20250324,UBNA_024,Foliage
HF,53760.0,2.5998917676119255,296.35450000000003,296.358,48671.0,63261.0,Pipistrellus pipistrellus,0.175,0.409,-1,Echolocation,192000.0,/mnt/ubna_data_05/recover-20250324/UBNA_024/20250320_043000.WAV,recover-20250324,UBNA_024,Foliage
HF,52800.0,3.7199316134979994,296.4065,296.4111,50390.0,60778.0,Pipistrellus pipistrellus,0.256,0.35,-1,Echolocation,192000.0,/mnt/ubna_data_05/recover-20250324/UBNA_024/20250320_043000.WAV,recover-20250324,UBNA_024,Foliage
HF,51840.0,6.0978303670637075,296.4665,296.4701,46093.0,63132.0,Myotis alcathoe,0.152,0.374,-1,Echolocation,192000.0,/mnt/ubna_data_05/recover-20250324/UBNA_024/20250320_043000.WAV,recover-20250324,UBNA_024,Foliage
HF,51840.0,5.418546998997311,296.5305,296.5347,51250.0,67347.0,Pipistrellus pipistrellus,0.108,0.283,-1,Echolocation,192000.0,/mnt/ubna_data_05/recover-20250324/UBNA_024/20250320_043000.WAV,recover-20250324,UBNA_024,Foliage
HF,51840.0,5.881430275899701,296.6255,296.6292,47812.0,64591.0,Myotis alcathoe,0.112,0.311,-1,Echolocation,192000.0,/mnt/ubna_data_05/recover-20250324/UBNA_024/20250320_043000.WAV,recover-20250324,UBNA_024,Foliage
HF,51840.0,5.297028824713959,296.6895,296.6932,50390.0,62492.0,Pipistrellus pipistrellus,0.243,0.306,-1,Echolocation,192000.0,/mnt/ubna_data_05/recover-20250324/UBNA_024/20250320_043000.WAV,recover-20250324,UBNA_024,Foliage
HF,51840.0,10.275306152639704,296.8435,296.8477,47812.0,59889.0,Pipistrellus pipistrellus,0.409,0.477,-1,Echolocation,192000.0,/mnt/ubna_data_05/recover-20250324/UBNA_024/20250320_043000.WAV,recover-20250324,UBNA_024,Foliage
HF,48960.0,3.726463052838862,296.9305,296.9354,47812.0,61097.0,Pipistrellus pipistrellus,0.398,0.455,-1,Echolocation,192000.0,/mnt/ubna_data_05/recover-20250324/UBNA_024/20250320_043000.WAV,recover-20250324,UBNA_024,Foliage
HF,48000.0,11.129482960904324,297.0265,297.0314,46953.0,60640.0,Pipistrellus pipistrellus,0.596,0.639,-1,Echolocation,192000.0,/mnt/ubna_data_05/recover-20250324/UBNA_024/20250320_043000.WAV,recover-20250324,UBNA_024,Foliage
HF,48000.0,3.178292962961116,297.1175,297.1222,47812.0,60225.0,Pipistrellus pipistrellus,0.373,0.42,-1,Echolocation,192000.0,/mnt/ubna_data_05/recover-20250324/UBNA_024/20250320_043000.WAV,recover-20250324,UBNA_024,Foliage
HF,48000.0,3.247860474358098,297.2095,297.2143,47812.0,62145.0,Pipistrellus pipistrellus,0.324,0.418,-1,Echolocation,192000.0,/mnt/ubna_data_05/recover-20250324/UBNA_024/20250320_043000.WAV,recover-20250324,UBNA_024,Foliage
HF,48000.0,3.9906355997999987,297.3035,297.3081,47812.0,59618.0,Pipistrellus pipistrellus,0.371,0.412,-1,Echolocation,192000.0,/mnt/ubna_data_05/recover-20250324/UBNA_024/20250320_043000.WAV,recover-20250324,UBNA_024,Foliage
HF,48000.0,3.17028674886324,297.3855,297.3893,46953.0,63675.0,Pipistrellus pipistrellus,0.167,0.401,-1,Echolocation,192000.0,/mnt/ubna_data_05/recover-20250324/UBNA_024/20250320_043000.WAV,recover-20250324,UBNA_024,Foliage
HF,47040.0,9.49873244095469,297.4665,297.4714,46093.0,60535.0,Pipistrellus pipistrellus,0.466,0.559,-1,Echolocation,192000.0,/mnt/ubna_data_05/recover-20250324/UBNA_024/20250320_043000.WAV,recover-20250324,UBNA_024,Foliage
HF,52800.0,4.006095701429134,297.5495,297.5537,50390.0,63196.0,Pipistrellus pipistrellus,0.275,0.351,-1,Echolocation,192000.0,/mnt/ubna_data_05/recover-20250324/UBNA_024/20250320_043000.WAV,recover-20250324,UBNA_024,Foliage
HF,52800.0,9.581437638002622,297.6405,297.6439,46093.0,66994.0,Myotis alcathoe,0.175,0.388,-1,Echolocation,192000.0,/mnt/ubna_data_05/recover-20250324/UBNA_024/20250320_043000.WAV,recover-20250324,UBNA_024,Foliage
HF,48000.0,1.2577436847803733,297.7225,297.7307,47812.0,53533.0,Pipistrellus pipistrellus,0.263,0.275,-1,Echolocation,192000.0,/mnt/ubna_data_05/recover-20250324/UBNA_024/20250320_043000.WAV,recover-20250324,UBNA_024,Foliage
HF,48000.0,4.047425399688355,297.8095,297.8137,47812.0,61313.0,Pipistrellus pipistrellus,0.355,0.405,-1,Echolocation,192000.0,/mnt/ubna_data_05/recover-20250324/UBNA_024/20250320_043000.WAV,recover-20250324,UBNA_024,Foliage
HF,48000.0,3.4675341944132625,297.8995,297.9038,46093.0,57363.0,Pipistrellus pipistrellus,0.334,0.386,-1,Echolocation,192000.0,/mnt/ubna_data_05/recover-20250324/UBNA_024/20250320_043000.WAV,recover-20250324,UBNA_024,Foliage
HF,46080.0,4.692848013323636,298.1015,298.1089,46093.0,52460.0,Pipistrellus pipistrellus,0.392,0.407,-1,Echolocation,192000.0,/mnt/ubna_data_05/recover-20250324/UBNA_024/20250320_043000.WAV,recover-20250324,UBNA_024,Foliage
HF,48000.0,6.752144320440737,298.1735,298.1802,46093.0,59736.0,Pipistrellus pipistrellus,0.454,0.507,-1,Echolocation,192000.0,/mnt/ubna_data_05/recover-20250324/UBNA_024/20250320_043000.WAV,recover-20250324,UBNA_024,Foliage
HF,48000.0,2.967399513652822,298.2605,298.2662,46953.0,58945.0,Pipistrellus pipistrellus,0.45,0.466,-1,Echolocation,192000.0,/mnt/ubna_data_05/recover-20250324/UBNA_024/20250320_043000.WAV,recover-20250324,UBNA_024,Foliage
HF,47040.0,8.733073233557963,298.4835,298.4891,46093.0,56390.0,Pipistrellus pipistrellus,0.454,0.47,-1,Echolocation,192000.0,/mnt/ubna_data_05/recover-20250324/UBNA_024/20250320_043000.WAV,recover-20250324,UBNA_024,Foliage
HF,48000.0,2.9052658095931867,298.6725,298.679,47812.0,60827.0,Pipistrellus pipistrellus,0.359,0.38,-1,Echolocation,192000.0,/mnt/ubna_data_05/recover-20250324/UBNA_024/20250320_043000.WAV,recover-20250324,UBNA_024,Foliage
HF,47040.0,3.454682239861524,298.7655,298.7729,46093.0,59278.0,Pipistrellus pipistrellus,0.459,0.497,-1,Echolocation,192000.0,/mnt/ubna_data_05/recover-20250324/UBNA_024/20250320_043000.WAV,recover-20250324,UBNA_024,Foliage
HF,48960.0,3.956803198595379,298.8505,298.8563,47812.0,58168.0,Pipistrellus pipistrellus,0.39,0.403,-1,Echolocation,192000.0,/mnt/ubna_data_05/recover-20250324/UBNA_024/20250320_043000.WAV,recover-20250324,UBNA_024,Foliage
HF,48000.0,1.7716285771252198,298.9405,298.947,46953.0,61108.0,Pipistrellus pipistrellus,0.304,0.397,-1,Echolocation,192000.0,/mnt/ubna_data_05/recover-20250324/UBNA_024/20250320_043000.WAV,recover-20250324,UBNA_024,Foliage
HF,48960.0,3.009086929556004,299.0355,299.0446,47812.0,62371.0,Pipistrellus pipistrellus,0.225,0.271,-1,Echolocation,192000.0,/mnt/ubna_data_05/recover-20250324/UBNA_024/20250320_043000.WAV,recover-20250324,UBNA_024,Foliage
HF,48960.0,4.248724731212094,299.1295,299.1339,46953.0,59575.0,Pipistrellus pipistrellus,0.476,0.501,-1,Echolocation,192000.0,/mnt/ubna_data_05/recover-20250324/UBNA_024/20250320_043000.WAV,recover-20250324,UBNA_024,Foliage
HF,52800.0,6.606871770090031,299.2175,299.2222,48671.0,64896.0,Pipistrellus pipistrellus,0.466,0.509,-1,Echolocation,192000.0,/mnt/ubna_data_05/recover-20250324/UBNA_024/20250320_043000.WAV,recover-20250324,UBNA_024,Foliage
HF,48960.0,3.6670626317663455,299.3115,299.3172,48671.0,59523.0,Pipistrellus pipistrellus,0.536,0.557,-1,Echolocation,192000.0,/mnt/ubna_data_05/recover-20250324/UBNA_024/20250320_043000.WAV,recover-20250324,UBNA_024,Foliage
HF,54720.0,5.212967749036242,299.3965,299.4015,48671.0,61881.0,Pipistrellus pipistrellus,0.474,0.507,-1,Echolocation,192000.0,/mnt/ubna_data_05/recover-20250324/UBNA_024/20250320_043000.WAV,recover-20250324,UBNA_024,Foliage
HF,48960.0,6.685630275299986,299.4905,299.496,46953.0,60958.0,Pipistrellus pipistrellus,0.365,0.437,-1,Echolocation,192000.0,/mnt/ubna_data_05/recover-20250324/UBNA_024/20250320_043000.WAV,recover-20250324,UBNA_024,Foliage
HF,52800.0,5.881239835902877,299.5755,299.581,46093.0,63138.0,Pipistrellus pipistrellus,0.307,0.512,-1,Echolocation,192000.0,/mnt/ubna_data_05/recover-20250324/UBNA_024/20250320_043000.WAV,recover-20250324,UBNA_024,Foliage
HF,48960.0,5.756549570302774,299.6735,299.6815,47812.0,58078.0,Pipistrellus pipistrellus,0.295,0.316,-1,Echolocation,192000.0,/mnt/ubna_data_05/recover-20250324/UBNA_024/20250320_043000.WAV,recover-20250324,UBNA_024,Foliage
HF,52800.0,4.149801055599152,299.7525,299.7574,51250.0,59982.0,Pipistrellus pipistrellus,0.372,0.399,-1,Echolocation,192000.0,/mnt/ubna_data_05/recover-20250324/UBNA_024/20250320_043000.WAV,recover-20250324,UBNA_024,Foliage
HF,47040.0,12.088730432012706,299.8825,299.8876,46093.0,58962.0,Pipistrellus pipistrellus,0.461,0.475,-1,Echolocation,192000.0,/mnt/ubna_data_05/recover-20250324/UBNA_024/20250320_043000.WAV,recover-20250324,UBNA_024,Foliage
HF,48960.0,10.634021649338317,299.9635,299.9681,47812.0,62975.0,Pipistrellus pipistrellus,0.481,0.511,-1,Echolocation,192000.0,/mnt/ubna_data_05/recover-20250324/UBNA_024/20250320_043000.WAV,recover-20250324,UBNA_024,Foliage
LF,28800.0,2.8637970545916156,9.6755,9.6862,27187.0,33038.0,Eptesicus serotinus,0.135,0.213,-1,Echolocation,192000.0,/mnt/ubna_data_05/recover-20250324/UBNA_024/20250320_050000.WAV,recover-20250324,UBNA_024,Foliage
LF,24000.0,0.6146911151004231,52.7845,52.7969,23750.0,29912.0,Eptesicus serotinus,0.087,0.233,-1,Echolocation,192000.0,/mnt/ubna_data_05/recover-20250324/UBNA_024/20250320_050000.WAV,recover-20250324,UBNA_024,Foliage
LF,28800.0,0.8975949657205163,85.1065,85.1186,28046.0,34518.0,Eptesicus serotinus,0.166,0.251,-1,Echolocation,192000.0,/mnt/ubna_data_05/recover-20250324/UBNA_024/20250320_050000.WAV,recover-20250324,UBNA_024,Foliage
LF,22080.0,0.9173347169361248,221.8255,221.8458,20312.0,23754.0,Nyctalus noctula,0.117,0.202,-1,Echolocation,192000.0,/mnt/ubna_data_05/recover-20250324/UBNA_024/20250320_050000.WAV,recover-20250324,UBNA_024,Foliage
LF,23040.0,3.4121318171991444,259.3215,259.3257,22890.0,37832.0,Plecotus auritus,0.156,0.237,-1,Echolocation,192000.0,/mnt/ubna_data_05/recover-20250324/UBNA_024/20250320_050000.WAV,recover-20250324,UBNA_024,Foliage
HF,44160.0,6.283334375327817,284.6315,284.6356,23750.0,65650.0,Myotis nattereri,0.199,0.213,-1,Echolocation,192000.0,/mnt/ubna_data_05/recover-20250324/UBNA_024/20250320_050000.WAV,recover-20250324,UBNA_024,Foliage
LF,22080.0,-0.47612039478693424,288.0155,288.0373,20312.0,24207.0,Nyctalus noctula,0.141,0.272,-1,Echolocation,192000.0,/mnt/ubna_data_05/recover-20250324/UBNA_024/20250320_051000.WAV,recover-20250324,UBNA_024,Foliage
LF,21120.0,1.7241762577496118,239.3565,239.3762,21171.0,24868.0,Nyctalus noctula,0.114,0.227,-1,Echolocation,192000.0,/mnt/ubna_data_05/recover-20250324/UBNA_024/20250320_052000.WAV,recover-20250324,UBNA_024,Foliage
HF,40320.0,1.767150240889936,24.3185,24.3223,25468.0,62461.0,Myotis nattereri,0.183,0.204,-1,Echolocation,192000.0,/mnt/ubna_data_05/recover-20250324/UBNA_024/20250320_054000.WAV,recover-20250324,UBNA_024,Foliage
LF,23040.0,-0.14757222298095976,132.8195,132.8347,23750.0,27818.0,Nyctalus leisleri,0.102,0.215,-1,Echolocation,192000.0,/mnt/ubna_data_05/recover-20250324/UBNA_024/20250320_054000.WAV,recover-20250324,UBNA_024,Foliage
LF,23040.0,0.5174999890615326,185.9145,185.9324,22031.0,26206.0,Nyctalus leisleri,0.185,0.279,-1,Echolocation,192000.0,/mnt/ubna_data_05/recover-20250324/UBNA_024/20250320_055000.WAV,recover-20250324,UBNA_024,Foliage
HF,44160.0,3.373095258589454,19.4165,19.4198,28906.0,60694.0,Myotis nattereri,0.167,0.215,-1,Echolocation,192000.0,/mnt/ubna_data_05/recover-20250324/UBNA_024/20250320_060000.WAV,recover-20250324,UBNA_024,Foliage
HF,44160.0,7.212910377916101,128.5355,128.5392,23750.0,56686.0,Myotis nattereri,0.189,0.209,-1,Echolocation,192000.0,/mnt/ubna_data_05/recover-20250324/UBNA_024/20250320_060000.WAV,recover-20250324,UBNA_024,Foliage
LF,23040.0,0.8945754675763578,133.6155,133.6273,22890.0,29327.0,Nyctalus leisleri,0.117,0.313,-1,Echolocation,192000.0,/mnt/ubna_data_05/recover-20250324/UBNA_024/20250320_060000.WAV,recover-20250324,UBNA_024,Foliage
HF,43200.0,6.372497018866838,240.0575,240.0629,22890.0,63775.0,Myotis nattereri,0.211,0.221,-1,Echolocation,192000.0,/mnt/ubna_data_05/recover-20250324/UBNA_024/20250320_060000.WAV,recover-20250324,UBNA_024,Foliage
LF,29760.0,2.362852192019508,249.5625,249.5743,28046.0,32531.0,Eptesicus serotinus,0.108,0.206,-1,Echolocation,192000.0,/mnt/ubna_data_05/recover-20250324/UBNA_024/20250320_060000.WAV,recover-20250324,UBNA_024,Foliage
HF,59520.0,2.509595273261238,14.5355,14.5431,58984.0,64068.0,Pipistrellus pygmaeus,0.207,0.212,-1,Echolocation,192000.0,/mnt/ubna_data_05/recover-20250324/UBNA_024/20250320_061000.WAV,recover-20250324,UBNA_024,Foliage
LF,21120.0,1.3145109697090949,140.6175,140.635,21171.0,25587.0,Nyctalus noctula,0.121,0.209,-1,Echolocation,192000.0,/mnt/ubna_data_05/recover-20250324/UBNA_024/20250320_061000.WAV,recover-20250324,UBNA_024,Foliage
LF,24960.0,3.7104918174376884,59.4815,59.4871,22890.0,36189.0,Plecotus austriacus,0.188,0.251,-1,Echolocation,192000.0,/mnt/ubna_data_05/recover-20250324/UBNA_024/20250320_063000.WAV,recover-20250324,UBNA_024,Foliage
LF,24960.0,2.5226565729689305,103.2895,103.2942,22890.0,48236.0,Myotis nattereri,0.163,0.208,-1,Echolocation,192000.0,/mnt/ubna_data_05/recover-20250324/UBNA_024/20250320_063000.WAV,recover-20250324,UBNA_024,Foliage
LF,29760.0,2.171719703139581,108.0795,108.0835,25468.0,41932.0,Plecotus austriacus,0.119,0.213,-1,Echolocation,192000.0,/mnt/ubna_data_05/recover-20250324/UBNA_024/20250320_063000.WAV,recover-20250324,UBNA_024,Foliage
LF,24960.0,2.249515236000416,154.8995,154.9051,22890.0,38909.0,Plecotus austriacus,0.156,0.22,-1,Echolocation,192000.0,/mnt/ubna_data_05/recover-20250324/UBNA_024/20250320_063000.WAV,recover-20250324,UBNA_024,Foliage
LF,24960.0,2.2872001518870255,155.7875,155.7916,22890.0,39076.0,Plecotus austriacus,0.211,0.283,-1,Echolocation,192000.0,/mnt/ubna_data_05/recover-20250324/UBNA_024/20250320_063000.WAV,recover-20250324,UBNA_024,Foliage
LF,20160.0,2.190867204962725,182.8425,182.849,16015.0,29003.0,Plecotus auritus,0.137,0.202,-1,Echolocation,192000.0,/mnt/ubna_data_05/recover-20250324/UBNA_024/20250320_063000.WAV,recover-20250324,UBNA_024,Foliage
LF,24000.0,0.7855210749562773,283.3795,283.3851,22890.0,37651.0,Plecotus austriacus,0.133,0.207,-1,Echolocation,192000.0,/mnt/ubna_data_05/recover-20250324/UBNA_024/20250320_063000.WAV,recover-20250324,UBNA_024,Foliage
LF,25920.0,0.8502626126571742,109.0005,109.0111,25468.0,31528.0,Nyctalus leisleri,0.175,0.36,-1,Echolocation,192000.0,/mnt/ubna_data_05/recover-20250324/UBNA_024/20250320_065000.WAV,recover-20250324,UBNA_024,Foliage
HF,45120.0,3.6881478111483768,123.4095,123.4128,32343.0,66949.0,Myotis nattereri,0.223,0.248,-1,Echolocation,192000.0,/mnt/ubna_data_05/recover-20250324/UBNA_024/20250320_070000.WAV,recover-20250324,UBNA_024,Foliage
HF,46080.0,6.311192607755438,123.4415,123.445,29765.0,65451.0,Myotis nattereri,0.204,0.23,-1,Echolocation,192000.0,/mnt/ubna_data_05/recover-20250324/UBNA_024/20250320_070000.WAV,recover-20250324,UBNA_024,Foliage
HF,46080.0,5.322571681272236,123.4415,123.4449,24609.0,68789.0,Myotis nattereri,0.24,0.255,-1,Echolocation,192000.0,/mnt/ubna_data_05/recover-20250324/UBNA_024/20250320_070000.WAV,recover-20250324,UBNA_024,Foliage
HF,43200.0,5.785871936852538,221.3465,221.3505,33203.0,65358.0,Myotis nattereri,0.14,0.221,-1,Echolocation,192000.0,/mnt/ubna_data_05/recover-20250324/UBNA_024/20250320_070000.WAV,recover-20250324,UBNA_024,Foliage
HF,45120.0,3.8990603134542767,259.8675,259.871,26328.0,69406.0,Myotis nattereri,0.186,0.211,-1,Echolocation,192000.0,/mnt/ubna_data_05/recover-20250324/UBNA_024/20250320_070000.WAV,recover-20250324,UBNA_024,Foliage
HF,43200.0,5.314913392560586,278.7695,278.773,23750.0,62317.0,Myotis nattereri,0.187,0.205,-1,Echolocation,192000.0,/mnt/ubna_data_05/recover-20250324/UBNA_024/20250320_070000.WAV,recover-20250324,UBNA_024,Foliage
LF,23040.0,-0.45740490017856117,108.29650000000001,108.3086,23750.0,30110.0,Nyctalus leisleri,0.083,0.252,-1,Echolocation,192000.0,/mnt/ubna_data_05/recover-20250324/UBNA_024/20250320_072000.WAV,recover-20250324,UBNA_024,Foliage
LF,24000.0,2.4435055913572525,20.4545,20.4594,22890.0,37127.0,Plecotus austriacus,0.271,0.333,-1,Echolocation,192000.0,/mnt/ubna_data_05/recover-20250324/UBNA_024/20250320_073000.WAV,recover-20250324,UBNA_024,Foliage
LF,25920.0,-0.18090945999132851,41.3165,41.326499999999996,25468.0,32942.0,Eptesicus serotinus,0.108,0.228,-1,Echolocation,192000.0,/mnt/ubna_data_05/recover-20250324/UBNA_024/20250320_073000.WAV,recover-20250324,UBNA_024,Foliage
LF,24960.0,2.9131131465344278,82.2635,82.2801,23750.0,28706.0,Nyctalus leisleri,0.176,0.335,-1,Echolocation,192000.0,/mnt/ubna_data_05/recover-20250324/UBNA_024/20250320_073000.WAV,recover-20250324,UBNA_024,Foliage
LF,28800.0,0.7134243170897399,220.6385,220.6488,27187.0,34639.0,Eptesicus serotinus,0.135,0.203,-1,Echolocation,192000.0,/mnt/ubna_data_05/recover-20250324/UBNA_024/20250320_073000.WAV,recover-20250324,UBNA_024,Foliage
LF,23040.0,0.9618653234375946,170.5945,170.6116,22890.0,26685.0,Nyctalus leisleri,0.092,0.205,-1,Echolocation,192000.0,/mnt/ubna_data_05/recover-20250324/UBNA_024/20250320_080000.WAV,recover-20250324,UBNA_024,Foliage
LF,27840.0,0.8119920524656808,28.0725,28.0782,27187.0,37636.0,Plecotus auritus,0.115,0.228,-1,Echolocation,192000.0,/mnt/ubna_data_05/recover-20250324/UBNA_024/20250320_081000.WAV,recover-20250324,UBNA_024,Foliage
LF,23040.0,0.4495194692347066,187.5185,187.5343,22890.0,26852.0,Nyctalus leisleri,0.143,0.225,-1,Echolocation,192000.0,/mnt/ubna_data_05/recover-20250324/UBNA_024/20250320_081000.WAV,recover-20250324,UBNA_024,Foliage
LF,21120.0,0.19007129321792812,169.8725,169.8948,18593.0,21674.0,Nyctalus noctula,0.153,0.217,-1,Echolocation,192000.0,/mnt/ubna_data_05/recover-20250324/UBNA_024/20250320_082000.WAV,recover-20250324,UBNA_024,Foliage
LF,23040.0,0.3777049702438717,270.1205,270.1382,23750.0,27390.0,Nyctalus leisleri,0.162,0.215,-1,Echolocation,192000.0,/mnt/ubna_data_05/recover-20250324/UBNA_024/20250320_082000.WAV,recover-20250324,UBNA_024,Foliage
LF,27840.0,1.119064198714072,102.2915,102.30199999999999,26328.0,31800.0,Eptesicus serotinus,0.116,0.245,-1,Echolocation,192000.0,/mnt/ubna_data_05/recover-20250324/UBNA_024/20250320_083000.WAV,recover-20250324,UBNA_024,Foliage
LF,23040.0,1.0335719805646273,63.411500000000004,63.4295,22890.0,25944.0,Nyctalus leisleri,0.125,0.218,-1,Echolocation,192000.0,/mnt/ubna_data_05/recover-20250324/UBNA_024/20250320_085000.WAV,recover-20250324,UBNA_024,Foliage
LF,29760.0,1.0081866832327044,158.1205,158.132,29765.0,36119.0,Eptesicus serotinus,0.143,0.206,-1,Echolocation,192000.0,/mnt/ubna_data_05/recover-20250324/UBNA_024/20250320_085000.WAV,recover-20250324,UBNA_024,Foliage
LF,23040.0,0.44150557297514414,258.5725,258.5834,22890.0,28884.0,Nyctalus leisleri,0.071,0.217,-1,Echolocation,192000.0,/mnt/ubna_data_05/recover-20250324/UBNA_024/20250320_091000.WAV,recover-20250324,UBNA_024,Foliage
LF,26880.0,1.2436620177282554,178.0865,178.098,27187.0,35339.0,Eptesicus serotinus,0.147,0.208,-1,Echolocation,192000.0,/mnt/ubna_data_05/recover-20250324/UBNA_024/20250320_092000.WAV,recover-20250324,UBNA_024,Foliage
LF,26880.0,1.4837073097136246,79.3865,79.394,25468.0,34818.0,Plecotus austriacus,0.071,0.242,-1,Echolocation,192000.0,/mnt/ubna_data_05/recover-20250324/UBNA_024/20250320_101000.WAV,recover-20250324,UBNA_024,Foliage
LF,22080.0,-0.32982717941247747,92.0925,92.11,22890.0,26385.0,Nyctalus leisleri,0.163,0.239,-1,Echolocation,192000.0,/mnt/ubna_data_05/recover-20250324/UBNA_024/20250320_102000.WAV,recover-20250324,UBNA_024,Foliage
HF,45120.0,1.928094615481132,18.2405,18.2516,43515.0,48796.0,Pipistrellus pipistrellus,0.189,0.23,-1,Echolocation,192000.0,/mnt/ubna_data_05/recover-20250324/UBNA_024/20250320_103000.WAV,recover-20250324,UBNA_024,Foliage
LF,23040.0,0.24758435201685675,42.9445,42.9609,23750.0,27858.0,Nyctalus leisleri,0.097,0.217,-1,Echolocation,192000.0,/mnt/ubna_data_05/recover-20250324/UBNA_024/20250320_105000.WAV,recover-20250324,UBNA_024,Foliage
LF,25920.0,7.647166299738837,171.4565,171.4611,22890.0,38399.0,Plecotus austriacus,0.257,0.342,-1,Echolocation,192000.0,/mnt/ubna_data_05/recover-20250324/UBNA_024/20250320_112000.WAV,recover-20250324,UBNA_024,Foliage
LF,23040.0,-0.562716479858296,250.4195,250.4343,22890.0,27465.0,Nyctalus leisleri,0.16,0.292,-1,Echolocation,192000.0,/mnt/ubna_data_05/recover-20250324/UBNA_024/20250320_115000.WAV,recover-20250324,UBNA_024,Foliage
LF,23040.0,0.1425564663239987,22.4885,22.5021,24609.0,29970.0,Nyctalus leisleri,0.099,0.234,-1,Echolocation,192000.0,/mnt/ubna_data_05/recover-20250324/UBNA_024/20250320_122000.WAV,recover-20250324,UBNA_024,Foliage
LF,26880.0,1.1070713355866004,253.9185,253.9326,26328.0,30596.0,Nyctalus leisleri,0.132,0.233,-1,Echolocation,192000.0,/mnt/ubna_data_05/recover-20250324/UBNA_024/20250320_122000.WAV,recover-20250324,UBNA_024,Foliage
LF,21120.0,0.9362793749499276,167.3895,167.4068,21171.0,24956.0,Nyctalus noctula,0.115,0.211,-1,Echolocation,192000.0,/mnt/ubna_data_05/recover-20250324/UBNA_024/20250320_124000.WAV,recover-20250324,UBNA_024,Foliage
HF,60480.0,1.336488513514443,292.7885,292.7971,58125.0,63535.0,Pipistrellus pygmaeus,0.203,0.206,-1,Echolocation,192000.0,/mnt/ubna_data_05/recover-20250324/UBNA_024/20250320_125000.WAV,recover-20250324,UBNA_024,Foliage
LF,25920.0,3.9966768894751077,42.966499999999996,42.972300000000004,23750.0,34866.0,Plecotus austriacus,0.151,0.204,-1,Echolocation,192000.0,/mnt/ubna_data_05/recover-20250324/UBNA_024/20250320_131000.WAV,recover-20250324,UBNA_024,Foliage
LF,21120.0,2.7037147046612398,112.6165,112.62049999999999,22031.0,41793.0,Plecotus austriacus,0.131,0.207,-1,Echolocation,192000.0,/mnt/ubna_data_05/recover-20250324/UBNA_024/20250320_131000.WAV,recover-20250324,UBNA_024,Foliage
HF,37440.0,4.266772346590921,150.8495,150.8531,34062.0,47631.0,Myotis daubentonii,0.096,0.233,-1,Echolocation,192000.0,/mnt/ubna_data_05/recover-20250324/UBNA_024/20250320_131000.WAV,recover-20250324,UBNA_024,Foliage
LF,22080.0,3.853263324667027,214.1405,214.1456,21171.0,35173.0,Plecotus austriacus,0.12,0.243,-1,Echolocation,192000.0,/mnt/ubna_data_05/recover-20250324/UBNA_024/20250320_131000.WAV,recover-20250324,UBNA_024,Foliage
HF,38400.0,5.985299045981767,221.9445,221.948,24609.0,58605.0,Myotis nattereri,0.18,0.211,-1,Echolocation,192000.0,/mnt/ubna_data_05/recover-20250324/UBNA_024/20250320_131000.WAV,recover-20250324,UBNA_024,Foliage
HF,36480.0,4.600290705323148,244.2815,244.2855,32343.0,46764.0,Myotis daubentonii,0.126,0.244,-1,Echolocation,192000.0,/mnt/ubna_data_05/recover-20250324/UBNA_024/20250320_131000.WAV,recover-20250324,UBNA_024,Foliage
HF,38400.0,2.447517402578444,250.0045,250.0079,34062.0,59156.0,Myotis daubentonii,0.15,0.212,-1,Echolocation,192000.0,/mnt/ubna_data_05/recover-20250324/UBNA_024/20250320_131000.WAV,recover-20250324,UBNA_024,Foliage
HF,36480.0,6.076738104630466,252.8545,252.8585,23750.0,56085.0,Myotis nattereri,0.217,0.241,-1,Echolocation,192000.0,/mnt/ubna_data_05/recover-20250324/UBNA_024/20250320_131000.WAV,recover-20250324,UBNA_024,Foliage
LF,26880.0,4.551330701653973,79.3995,79.4041,24609.0,40772.0,Plecotus austriacus,0.169,0.246,-1,Echolocation,192000.0,/mnt/ubna_data_05/recover-20250324/UBNA_024/20250320_132000.WAV,recover-20250324,UBNA_024,Foliage
LF,24000.0,5.775114290046389,101.5365,101.5426,20312.0,32674.0,Plecotus austriacus,0.137,0.201,-1,Echolocation,192000.0,/mnt/ubna_data_05/recover-20250324/UBNA_024/20250320_132000.WAV,recover-20250324,UBNA_024,Foliage
LF,24960.0,3.2712168051348547,102.2695,102.2745,25468.0,41357.0,Plecotus austriacus,0.102,0.272,-1,Echolocation,192000.0,/mnt/ubna_data_05/recover-20250324/UBNA_024/20250320_132000.WAV,recover-20250324,UBNA_024,Foliage
LF,24000.0,1.9046773491113822,128.0075,128.0111,24609.0,44778.0,Plecotus austriacus,0.164,0.261,-1,Echolocation,192000.0,/mnt/ubna_data_05/recover-20250324/UBNA_024/20250320_132000.WAV,recover-20250324,UBNA_024,Foliage
LF,24000.0,2.794030149313892,190.5725,190.5822,22890.0,30753.0,Eptesicus serotinus,0.1,0.225,-1,Echolocation,192000.0,/mnt/ubna_data_05/recover-20250324/UBNA_024/20250320_132000.WAV,recover-20250324,UBNA_024,Foliage
LF,23040.0,0.8541792556867638,208.4385,208.4513,22890.0,28774.0,Eptesicus serotinus,0.084,0.206,-1,Echolocation,192000.0,/mnt/ubna_data_05/recover-20250324/UBNA_024/20250320_132000.WAV,recover-20250324,UBNA_024,Foliage
LF,21120.0,0.05637467456033114,274.2215,274.243,20312.0,23809.0,Nyctalus noctula,0.198,0.307,-1,Echolocation,192000.0,/mnt/ubna_data_05/recover-20250324/UBNA_024/20250320_133000.WAV,recover-20250324,UBNA_024,Foliage
LF,19200.0,2.8454207896323758,164.16649999999998,164.1915,18593.0,21920.0,Nyctalus noctula,0.223,0.299,-1,Echolocation,192000.0,/mnt/ubna_data_05/recover-20250324/UBNA_024/20250320_135000.WAV,recover-20250324,UBNA_024,Foliage
LF,21120.0,5.4726490117416215,164.9335,164.9517,18593.0,22003.0,Nyctalus noctula,0.135,0.217,-1,Echolocation,192000.0,/mnt/ubna_data_05/recover-20250324/UBNA_024/20250320_135000.WAV,recover-20250324,UBNA_024,Foliage
LF,16320.0,7.112282831412817,7.3155,7.3322,15156.0,19192.0,Nyctalus leisleri,0.378,0.487,-1,Echolocation,192000.0,/mnt/ubna_data_05/recover-20250324/UBNA_024/20250320_141000.WAV,recover-20250324,UBNA_024,Foliage
LF,17280.0,3.0245813444155534,20.3115,20.3271,15156.0,18887.0,Nyctalus noctula,0.141,0.282,-1,Echolocation,192000.0,/mnt/ubna_data_05/recover-20250324/UBNA_024/20250320_141000.WAV,recover-20250324,UBNA_024,Foliage
LF,16320.0,8.415991421592,33.1545,33.1749,16015.0,20069.0,Nyctalus leisleri,0.151,0.308,-1,Echolocation,192000.0,/mnt/ubna_data_05/recover-20250324/UBNA_024/20250320_141000.WAV,recover-20250324,UBNA_024,Foliage
LF,17280.0,3.7867745559540023,52.707499999999996,52.7235,16015.0,19409.0,Nyctalus noctula,0.204,0.335,-1,Echolocation,192000.0,/mnt/ubna_data_05/recover-20250324/UBNA_024/20250320_141000.WAV,recover-20250324,UBNA_024,Foliage
LF,18240.0,5.508734866941878,96.8375,96.8643,16015.0,18940.0,Nyctalus noctula,0.145,0.2,-1,Echolocation,192000.0,/mnt/ubna_data_05/recover-20250324/UBNA_024/20250320_141000.WAV,recover-20250324,UBNA_024,Foliage
LF,18240.0,1.1489092125344622,106.2445,106.26689999999999,16875.0,19980.0,Nyctalus noctula,0.16,0.225,-1,Echolocation,192000.0,/mnt/ubna_data_05/recover-20250324/UBNA_024/20250320_141000.WAV,recover-20250324,UBNA_024,Foliage
LF,28800.0,0.22500461003577726,185.6185,185.6301,26328.0,31187.0,Nyctalus leisleri,0.096,0.21,-1,Echolocation,192000.0,/mnt/ubna_data_05/recover-20250324/UBNA_024/20250320_141000.WAV,recover-20250324,UBNA_024,Foliage
LF,17280.0,2.5174611985149054,283.7545,283.7807,16015.0,18984.0,Nyctalus noctula,0.157,0.218,-1,Echolocation,192000.0,/mnt/ubna_data_05/recover-20250324/UBNA_024/20250320_141000.WAV,recover-20250324,UBNA_024,Foliage
LF,20160.0,-0.27078827464408894,101.8175,101.8395,17734.0,20860.0,Nyctalus noctula,0.154,0.226,-1,Echolocation,192000.0,/mnt/ubna_data_05/recover-20250324/UBNA_024/20250320_142000.WAV,recover-20250324,UBNA_024,Foliage
LF,19200.0,3.218643421555142,145.4685,145.4887,18593.0,21562.0,Nyctalus noctula,0.296,0.403,-1,Echolocation,192000.0,/mnt/ubna_data_05/recover-20250324/UBNA_024/20250320_142000.WAV,recover-20250324,UBNA_024,Foliage
LF,20160.0,4.894287238011549,149.8895,149.9066,18593.0,23603.0,Nyctalus noctula,0.352,0.472,-1,Echolocation,192000.0,/mnt/ubna_data_05/recover-20250324/UBNA_024/20250320_142000.WAV,recover-20250324,UBNA_024,Foliage
LF,18240.0,2.1480347972512908,153.2365,153.2553,18593.0,21868.0,Nyctalus noctula,0.254,0.348,-1,Echolocation,192000.0,/mnt/ubna_data_05/recover-20250324/UBNA_024/20250320_142000.WAV,recover-20250324,UBNA_024,Foliage
LF,22080.0,0.5980431170519592,155.3945,155.415,19453.0,22488.0,Nyctalus noctula,0.129,0.202,-1,Echolocation,192000.0,/mnt/ubna_data_05/recover-20250324/UBNA_024/20250320_142000.WAV,recover-20250324,UBNA_024,Foliage
LF,19200.0,6.927680103578449,156.4705,156.4915,17734.0,20736.0,Nyctalus noctula,0.394,0.589,-1,Echolocation,192000.0,/mnt/ubna_data_05/recover-20250324/UBNA_024/20250320_142000.WAV,recover-20250324,UBNA_024,Foliage
LF,19200.0,3.078535853764304,156.6085,156.6316,18593.0,20907.0,Nyctalus noctula,0.233,0.331,-1,Echolocation,192000.0,/mnt/ubna_data_05/recover-20250324/UBNA_024/20250320_142000.WAV,recover-20250324,UBNA_024,Foliage
LF,19200.0,3.5133121276399644,157.2155,157.2382,18593.0,21249.0,Nyctalus noctula,0.325,0.438,-1,Echolocation,192000.0,/mnt/ubna_data_05/recover-20250324/UBNA_024/20250320_142000.WAV,recover-20250324,UBNA_024,Foliage
LF,19200.0,3.644114967455863,157.69650000000001,157.7169,18593.0,22421.0,Nyctalus noctula,0.362,0.467,-1,Echolocation,192000.0,/mnt/ubna_data_05/recover-20250324/UBNA_024/20250320_142000.WAV,recover-20250324,UBNA_024,Foliage
LF,19200.0,3.456309609288366,159.4345,159.4519,17734.0,22841.0,Nyctalus noctula,0.39,0.516,-1,Echolocation,192000.0,/mnt/ubna_data_05/recover-20250324/UBNA_024/20250320_142000.WAV,recover-20250324,UBNA_024,Foliage
LF,19200.0,2.159314782839443,162.3395,162.3625,18593.0,21250.0,Nyctalus noctula,0.195,0.262,-1,Echolocation,192000.0,/mnt/ubna_data_05/recover-20250324/UBNA_024/20250320_142000.WAV,recover-20250324,UBNA_024,Foliage
LF,19200.0,2.3007928250539584,162.6695,162.69,18593.0,21545.0,Nyctalus noctula,0.173,0.252,-1,Echolocation,192000.0,/mnt/ubna_data_05/recover-20250324/UBNA_024/20250320_142000.WAV,recover-20250324,UBNA_024,Foliage
LF,19200.0,1.2102327010724636,165.5555,165.5801,17734.0,20621.0,Nyctalus noctula,0.284,0.398,-1,Echolocation,192000.0,/mnt/ubna_data_05/recover-20250324/UBNA_024/20250320_142000.WAV,recover-20250324,UBNA_024,Foliage
LF,19200.0,1.6049259838350172,180.4645,180.4878,17734.0,21004.0,Nyctalus noctula,0.171,0.213,-1,Echolocation,192000.0,/mnt/ubna_data_05/recover-20250324/UBNA_024/20250320_142000.WAV,recover-20250324,UBNA_024,Foliage
LF,19200.0,2.260200858510288,188.3395,188.3593,18593.0,21587.0,Nyctalus noctula,0.287,0.403,-1,Echolocation,192000.0,/mnt/ubna_data_05/recover-20250324/UBNA_024/20250320_142000.WAV,recover-20250324,UBNA_024,Foliage
LF,18240.0,0.6503642324908888,190.7425,190.76409999999998,17734.0,21107.0,Nyctalus noctula,0.299,0.394,-1,Echolocation,192000.0,/mnt/ubna_data_05/recover-20250324/UBNA_024/20250320_142000.WAV,recover-20250324,UBNA_024,Foliage
LF,19200.0,3.5931581239780535,192.4115,192.4302,18593.0,21638.0,Nyctalus noctula,0.226,0.341,-1,Echolocation,192000.0,/mnt/ubna_data_05/recover-20250324/UBNA_024/20250320_142000.WAV,recover-20250324,UBNA_024,Foliage
LF,19200.0,3.0888944974007053,192.8595,192.8841,18593.0,21392.0,Nyctalus noctula,0.273,0.355,-1,Echolocation,192000.0,/mnt/ubna_data_05/recover-20250324/UBNA_024/20250320_142000.WAV,recover-20250324,UBNA_024,Foliage
LF,19200.0,1.761182082067798,193.9595,193.9818,18593.0,22176.0,Nyctalus noctula,0.222,0.292,-1,Echolocation,192000.0,/mnt/ubna_data_05/recover-20250324/UBNA_024/20250320_142000.WAV,recover-20250324,UBNA_024,Foliage
LF,19200.0,4.169380502376556,199.5095,199.5294,18593.0,22081.0,Nyctalus noctula,0.265,0.393,-1,Echolocation,192000.0,/mnt/ubna_data_05/recover-20250324/UBNA_024/20250320_142000.WAV,recover-20250324,UBNA_024,Foliage
LF,19200.0,5.568611648774187,201.8785,201.8966,18593.0,22155.0,Nyctalus noctula,0.24,0.341,-1,Echolocation,192000.0,/mnt/ubna_data_05/recover-20250324/UBNA_024/20250320_142000.WAV,recover-20250324,UBNA_024,Foliage
LF,19200.0,4.461945542152333,203.3165,203.3366,18593.0,21897.0,Nyctalus noctula,0.412,0.52,-1,Echolocation,192000.0,/mnt/ubna_data_05/recover-20250324/UBNA_024/20250320_142000.WAV,recover-20250324,UBNA_024,Foliage
LF,19200.0,1.8671681480212072,203.8295,203.851,18593.0,21615.0,Nyctalus noctula,0.282,0.378,-1,Echolocation,192000.0,/mnt/ubna_data_05/recover-20250324/UBNA_024/20250320_142000.WAV,recover-20250324,UBNA_024,Foliage
LF,20160.0,2.624223660615977,204.6975,204.7187,18593.0,22082.0,Nyctalus noctula,0.225,0.307,-1,Echolocation,192000.0,/mnt/ubna_data_05/recover-20250324/UBNA_024/20250320_142000.WAV,recover-20250324,UBNA_024,Foliage
LF,19200.0,2.5357388501234035,205.3075,205.3321,17734.0,20882.0,Nyctalus noctula,0.194,0.248,-1,Echolocation,192000.0,/mnt/ubna_data_05/recover-20250324/UBNA_024/20250320_142000.WAV,recover-20250324,UBNA_024,Foliage
LF,19200.0,2.96171092598821,206.0165,206.0384,17734.0,21584.0,Nyctalus noctula,0.399,0.492,-1,Echolocation,192000.0,/mnt/ubna_data_05/recover-20250324/UBNA_024/20250320_142000.WAV,recover-20250324,UBNA_024,Foliage
LF,20160.0,2.0415740746798194,249.0495,249.0726,18593.0,20912.0,Nyctalus noctula,0.199,0.295,-1,Echolocation,192000.0,/mnt/ubna_data_05/recover-20250324/UBNA_024/20250320_142000.WAV,recover-20250324,UBNA_024,Foliage
LF,19200.0,1.6056383829561591,260.5315,260.553,18593.0,21025.0,Nyctalus noctula,0.215,0.299,-1,Echolocation,192000.0,/mnt/ubna_data_05/recover-20250324/UBNA_024/20250320_142000.WAV,recover-20250324,UBNA_024,Foliage
LF,19200.0,1.9315786155440604,261.6465,261.6727,18593.0,21431.0,Nyctalus noctula,0.237,0.306,-1,Echolocation,192000.0,/mnt/ubna_data_05/recover-20250324/UBNA_024/20250320_142000.WAV,recover-20250324,UBNA_024,Foliage
LF,19200.0,3.1943748133587824,262.02049999999997,262.0463,18593.0,21349.0,Nyctalus noctula,0.186,0.271,-1,Echolocation,192000.0,/mnt/ubna_data_05/recover-20250324/UBNA_024/20250320_142000.WAV,recover-20250324,UBNA_024,Foliage
LF,19200.0,1.866033949518144,263.3445,263.3705,18593.0,21382.0,Nyctalus noctula,0.178,0.242,-1,Echolocation,192000.0,/mnt/ubna_data_05/recover-20250324/UBNA_024/20250320_142000.WAV,recover-20250324,UBNA_024,Foliage
LF,18240.0,1.8177344326049358,264.3995,264.4212,17734.0,20917.0,Nyctalus noctula,0.21,0.28,-1,Echolocation,192000.0,/mnt/ubna_data_05/recover-20250324/UBNA_024/20250320_142000.WAV,recover-20250324,UBNA_024,Foliage
LF,21120.0,0.20363259424408559,264.7675,264.7906,18593.0,21591.0,Nyctalus noctula,0.153,0.224,-1,Echolocation,192000.0,/mnt/ubna_data_05/recover-20250324/UBNA_024/20250320_142000.WAV,recover-20250324,UBNA_024,Foliage
LF,19200.0,2.3541706538435654,276.3085,276.3315,17734.0,20731.0,Nyctalus noctula,0.256,0.333,-1,Echolocation,192000.0,/mnt/ubna_data_05/recover-20250324/UBNA_024/20250320_142000.WAV,recover-20250324,UBNA_024,Foliage
LF,19200.0,2.605049912383426,285.0025,285.0265,17734.0,21048.0,Nyctalus noctula,0.334,0.452,-1,Echolocation,192000.0,/mnt/ubna_data_05/recover-20250324/UBNA_024/20250320_142000.WAV,recover-20250324,UBNA_024,Foliage
LF,18240.0,4.504231464811268,114.7715,114.7882,16875.0,20946.0,Nyctalus noctula,0.114,0.228,-1,Echolocation,192000.0,/mnt/ubna_data_05/recover-20250324/UBNA_024/20250320_143000.WAV,recover-20250324,UBNA_024,Foliage
LF,18240.0,5.089312137579332,115.4915,115.5079,17734.0,21549.0,Nyctalus noctula,0.235,0.355,-1,Echolocation,192000.0,/mnt/ubna_data_05/recover-20250324/UBNA_024/20250320_143000.WAV,recover-20250324,UBNA_024,Foliage
LF,18240.0,2.4623799197851524,116.4625,116.48179999999999,16875.0,21007.0,Nyctalus noctula,0.13,0.221,-1,Echolocation,192000.0,/mnt/ubna_data_05/recover-20250324/UBNA_024/20250320_143000.WAV,recover-20250324,UBNA_024,Foliage
LF,18240.0,5.435621946928664,131.0685,131.0887,17734.0,21232.0,Nyctalus noctula,0.189,0.258,-1,Echolocation,192000.0,/mnt/ubna_data_05/recover-20250324/UBNA_024/20250320_143000.WAV,recover-20250324,UBNA_024,Foliage
LF,18240.0,6.3135488639749715,132.4615,132.4802,17734.0,20128.0,Nyctalus noctula,0.184,0.312,-1,Echolocation,192000.0,/mnt/ubna_data_05/recover-20250324/UBNA_024/20250320_143000.WAV,recover-20250324,UBNA_024,Foliage
LF,19200.0,3.298505176606759,143.1465,143.1642,17734.0,22339.0,Nyctalus noctula,0.212,0.311,-1,Echolocation,192000.0,/mnt/ubna_data_05/recover-20250324/UBNA_024/20250320_143000.WAV,recover-20250324,UBNA_024,Foliage
LF,18240.0,5.133966336692462,147.4895,147.5078,17734.0,20899.0,Nyctalus noctula,0.23,0.342,-1,Echolocation,192000.0,/mnt/ubna_data_05/recover-20250324/UBNA_024/20250320_143000.WAV,recover-20250324,UBNA_024,Foliage
LF,18240.0,6.090047514110605,148.7335,148.7574,16875.0,19477.0,Nyctalus noctula,0.168,0.276,-1,Echolocation,192000.0,/mnt/ubna_data_05/recover-20250324/UBNA_024/20250320_143000.WAV,recover-20250324,UBNA_024,Foliage
LF,17280.0,5.755085898130563,149.6105,149.6269,16875.0,21114.0,Nyctalus noctula,0.25,0.41,-1,Echolocation,192000.0,/mnt/ubna_data_05/recover-20250324/UBNA_024/20250320_143000.WAV,recover-20250324,UBNA_024,Foliage
LF,26880.0,6.693013025154296,150.7575,150.7679,25468.0,31982.0,Eptesicus serotinus,0.11,0.291,-1,Echolocation,192000.0,/mnt/ubna_data_05/recover-20250324/UBNA_024/20250320_143000.WAV,recover-20250324,UBNA_024,Foliage
LF,17280.0,8.662359516860827,162.3295,162.347,16875.0,20420.0,Nyctalus noctula,0.211,0.36,-1,Echolocation,192000.0,/mnt/ubna_data_05/recover-20250324/UBNA_024/20250320_143000.WAV,recover-20250324,UBNA_024,Foliage
LF,18240.0,2.4345380914665222,165.2555,165.2745,17734.0,21255.0,Nyctalus noctula,0.196,0.28,-1,Echolocation,192000.0,/mnt/ubna_data_05/recover-20250324/UBNA_024/20250320_143000.WAV,recover-20250324,UBNA_024,Foliage
LF,17280.0,8.414931847066194,171.3735,171.395,16875.0,19600.0,Nyctalus noctula,0.118,0.251,-1,Echolocation,192000.0,/mnt/ubna_data_05/recover-20250324/UBNA_024/20250320_143000.WAV,recover-20250324,UBNA_024,Foliage
LF,20160.0,0.4353944643694725,183.9275,183.9535,17734.0,20563.0,Nyctalus noctula,0.173,0.238,-1,Echolocation,192000.0,/mnt/ubna_data_05/recover-20250324/UBNA_024/20250320_143000.WAV,recover-20250324,UBNA_024,Foliage
LF,18240.0,1.4054100581555187,190.7565,190.7805,17734.0,20408.0,Nyctalus noctula,0.139,0.203,-1,Echolocation,192000.0,/mnt/ubna_data_05/recover-20250324/UBNA_024/20250320_143000.WAV,recover-20250324,UBNA_024,Foliage
LF,17280.0,3.184285302104511,209.8365,209.8613,16875.0,19621.0,Nyctalus noctula,0.136,0.226,-1,Echolocation,192000.0,/mnt/ubna_data_05/recover-20250324/UBNA_024/20250320_143000.WAV,recover-20250324,UBNA_024,Foliage
LF,17280.0,2.333924170171244,216.1245,216.1464,16875.0,19683.0,Nyctalus noctula,0.166,0.261,-1,Echolocation,192000.0,/mnt/ubna_data_05/recover-20250324/UBNA_024/20250320_143000.WAV,recover-20250324,UBNA_024,Foliage
LF,25920.0,5.071300574340622,225.5895,225.6017,25468.0,29329.0,Nyctalus leisleri,0.302,0.458,-1,Echolocation,192000.0,/mnt/ubna_data_05/recover-20250324/UBNA_024/20250320_143000.WAV,recover-20250324,UBNA_024,Foliage
LF,18240.0,4.874177828429495,226.65449999999998,226.6757,17734.0,20093.0,Nyctalus noctula,0.219,0.305,-1,Echolocation,192000.0,/mnt/ubna_data_05/recover-20250324/UBNA_024/20250320_143000.WAV,recover-20250324,UBNA_024,Foliage
LF,18240.0,4.25451665494675,228.9405,228.9577,16875.0,21968.0,Nyctalus noctula,0.238,0.331,-1,Echolocation,192000.0,/mnt/ubna_data_05/recover-20250324/UBNA_024/20250320_143000.WAV,recover-20250324,UBNA_024,Foliage
LF,19200.0,4.754297663607277,231.5425,231.5652,17734.0,20434.0,Nyctalus noctula,0.302,0.423,-1,Echolocation,192000.0,/mnt/ubna_data_05/recover-20250324/UBNA_024/20250320_143000.WAV,recover-20250324,UBNA_024,Foliage
LF,18240.0,4.521677271328009,234.82150000000001,234.8396,17734.0,21309.0,Nyctalus noctula,0.171,0.257,-1,Echolocation,192000.0,/mnt/ubna_data_05/recover-20250324/UBNA_024/20250320_143000.WAV,recover-20250324,UBNA_024,Foliage
LF,17280.0,3.934114396365975,247.0365,247.0584,17734.0,20394.0,Nyctalus noctula,0.139,0.204,-1,Echolocation,192000.0,/mnt/ubna_data_05/recover-20250324/UBNA_024/20250320_143000.WAV,recover-20250324,UBNA_024,Foliage
LF,19200.0,4.232458843897417,247.9685,247.9849,17734.0,21997.0,Nyctalus noctula,0.161,0.229,-1,Echolocation,192000.0,/mnt/ubna_data_05/recover-20250324/UBNA_024/20250320_143000.WAV,recover-20250324,UBNA_024,Foliage
LF,18240.0,7.388951367035878,256.1495,256.1667,17734.0,20379.0,Nyctalus noctula,0.249,0.403,-1,Echolocation,192000.0,/mnt/ubna_data_05/recover-20250324/UBNA_024/20250320_143000.WAV,recover-20250324,UBNA_024,Foliage
LF,18240.0,6.680068557371532,171.5375,171.557,17734.0,20151.0,Nyctalus noctula,0.157,0.264,-1,Echolocation,192000.0,/mnt/ubna_data_05/recover-20250324/UBNA_024/20250320_144000.WAV,recover-20250324,UBNA_024,Foliage
LF,18240.0,6.007876647461105,201.8755,201.8927,17734.0,20769.0,Nyctalus noctula,0.22,0.37,-1,Echolocation,192000.0,/mnt/ubna_data_05/recover-20250324/UBNA_024/20250320_144000.WAV,recover-20250324,UBNA_024,Foliage
LF,24960.0,0.6256777827136045,49.9405,49.953199999999995,25468.0,29950.0,Eptesicus serotinus,0.11,0.223,-1,Echolocation,192000.0,/mnt/ubna_data_05/recover-20250324/UBNA_024/20250320_145000.WAV,recover-20250324,UBNA_024,Foliage
LF,28800.0,1.2878463295220397,104.4545,104.4603,28906.0,41734.0,Eptesicus serotinus,0.104,0.215,-1,Echolocation,192000.0,/mnt/ubna_data_05/recover-20250324/UBNA_024/20250320_150000.WAV,recover-20250324,UBNA_024,Foliage
LF,23040.0,2.0679845105936696,112.7835,112.7895,22031.0,36794.0,Plecotus austriacus,0.15,0.218,-1,Echolocation,192000.0,/mnt/ubna_data_05/recover-20250324/UBNA_024/20250320_154000.WAV,recover-20250324,UBNA_024,Foliage
LF,23040.0,-0.8974376732696359,147.3365,147.3467,22890.0,29785.0,Eptesicus serotinus,0.082,0.265,-1,Echolocation,192000.0,/mnt/ubna_data_05/recover-20250324/UBNA_024/20250320_154000.WAV,recover-20250324,UBNA_024,Foliage
LF,23040.0,1.5987089965933279,57.3335,57.3451,22031.0,29814.0,Nyctalus noctula,0.095,0.241,-1,Echolocation,192000.0,/mnt/ubna_data_05/recover-20250324/UBNA_024/20250320_160000.WAV,recover-20250324,UBNA_024,Foliage
LF,17280.0,3.0610363820264253,136.5735,136.57920000000001,14296.0,28481.0,Plecotus auritus,0.287,0.358,-1,Echolocation,192000.0,/mnt/ubna_data_05/recover-20250324/UBNA_024/20250320_160000.WAV,recover-20250324,UBNA_024,Foliage
LF,24960.0,4.219294454529646,74.4915,74.4965,22890.0,40671.0,Plecotus austriacus,0.163,0.212,-1,Echolocation,192000.0,/mnt/ubna_data_05/recover-20250324/UBNA_024/20250320_161000.WAV,recover-20250324,UBNA_024,Foliage
LF,22080.0,1.176980320588227,103.38550000000001,103.39320000000001,22031.0,31484.0,Plecotus austriacus,0.07,0.208,-1,Echolocation,192000.0,/mnt/ubna_data_05/recover-20250324/UBNA_024/20250320_162000.WAV,recover-20250324,UBNA_024,Foliage
LF,16320.0,1.258574933167411,162.8345,162.8604,16015.0,18795.0,Nyctalus noctula,0.132,0.203,-1,Echolocation,192000.0,/mnt/ubna_data_05/recover-20250324/UBNA_024/20250320_162000.WAV,recover-20250324,UBNA_024,Foliage
HF,45120.0,4.9773385487515105,261.9115,261.9146,34921.0,63673.0,Myotis nattereri,0.151,0.237,-1,Echolocation,192000.0,/mnt/ubna_data_05/recover-20250324/UBNA_024/20250320_162000.WAV,recover-20250324,UBNA_024,Foliage
LF,22080.0,4.5991501446761305,54.7475,54.769,21171.0,23925.0,Nyctalus leisleri,0.28,0.313,-1,Echolocation,192000.0,/mnt/ubna_data_05/recover-20250324/UBNA_024/20250320_164000.WAV,recover-20250324,UBNA_024,Foliage
LF,21120.0,16.403758312716604,72.7325,72.7591,20312.0,23301.0,Nyctalus leisleri,0.327,0.378,-1,Echolocation,192000.0,/mnt/ubna_data_05/recover-20250324/UBNA_024/20250320_164000.WAV,recover-20250324,UBNA_024,Foliage
LF,20160.0,7.2732950781539945,72.9135,72.9414,19453.0,21820.0,Nyctalus noctula,0.232,0.333,-1,Echolocation,192000.0,/mnt/ubna_data_05/recover-20250324/UBNA_024/20250320_164000.WAV,recover-20250324,UBNA_024,Foliage
LF,20160.0,3.6840801133682106,117.2465,117.2719,18593.0,21395.0,Nyctalus noctula,0.203,0.293,-1,Echolocation,192000.0,/mnt/ubna_data_05/recover-20250324/UBNA_024/20250320_164000.WAV,recover-20250324,UBNA_024,Foliage
LF,24000.0,0.14039561693498628,125.7035,125.7131,25468.0,33310.0,Eptesicus serotinus,0.137,0.243,-1,Echolocation,192000.0,/mnt/ubna_data_05/recover-20250324/UBNA_024/20250320_164000.WAV,recover-20250324,UBNA_024,Foliage
LF,16320.0,2.5341257408641678,145.23250000000002,145.2566,15156.0,18638.0,Nyctalus noctula,0.161,0.227,-1,Echolocation,192000.0,/mnt/ubna_data_05/recover-20250324/UBNA_024/20250320_165000.WAV,recover-20250324,UBNA_024,Foliage
HF,46080.0,2.1220789495011716,238.2235,238.2273,27187.0,50398.0,Myotis nattereri,0.162,0.217,-1,Echolocation,192000.0,/mnt/ubna_data_05/recover-20250324/UBNA_024/20250320_170000.WAV,recover-20250324,UBNA_024,Foliage
LF,22080.0,2.5694375374971363,231.2745,231.2945,21171.0,24454.0,Nyctalus leisleri,0.242,0.372,-1,Echolocation,192000.0,/mnt/ubna_data_05/recover-20250324/UBNA_024/20250320_171000.WAV,recover-20250324,UBNA_024,Foliage
LF,23040.0,0.11720438515830944,6.6465,6.6677,22031.0,25627.0,Nyctalus leisleri,0.15,0.236,-1,Echolocation,192000.0,/mnt/ubna_data_05/recover-20250324/UBNA_024/20250320_173000.WAV,recover-20250324,UBNA_024,Foliage
LF,21120.0,0.4174714446795025,192.2855,192.3063,21171.0,25368.0,Nyctalus noctula,0.135,0.241,-1,Echolocation,192000.0,/mnt/ubna_data_05/recover-20250324/UBNA_024/20250320_173000.WAV,recover-20250324,UBNA_024,Foliage
LF,22080.0,0.7954148661841997,86.3675,86.3839,22031.0,27320.0,Nyctalus noctula,0.117,0.236,-1,Echolocation,192000.0,/mnt/ubna_data_05/recover-20250324/UBNA_024/20250320_174000.WAV,recover-20250324,UBNA_024,Foliage
LF,22080.0,0.5794219314140797,225.4395,225.4638,18593.0,21294.0,Nyctalus noctula,0.129,0.215,-1,Echolocation,192000.0,/mnt/ubna_data_05/recover-20250324/UBNA_024/20250320_174000.WAV,recover-20250324,UBNA_024,Foliage
LF,25920.0,0.3587934894049434,27.3495,27.3634,25468.0,29914.0,Nyctalus leisleri,0.126,0.229,-1,Echolocation,192000.0,/mnt/ubna_data_05/recover-20250324/UBNA_024/20250320_180000.WAV,recover-20250324,UBNA_024,Foliage
LF,21120.0,1.029579837466271,255.6435,255.664,21171.0,24741.0,Nyctalus noctula,0.166,0.267,-1,Echolocation,192000.0,/mnt/ubna_data_05/recover-20250324/UBNA_024/20250320_180000.WAV,recover-20250324,UBNA_024,Foliage
LF,22080.0,0.06870397420420184,289.9765,289.9958,21171.0,24792.0,Nyctalus noctula,0.113,0.236,-1,Echolocation,192000.0,/mnt/ubna_data_05/recover-20250324/UBNA_024/20250320_182000.WAV,recover-20250324,UBNA_024,Foliage
LF,29760.0,1.6728419869423443,12.1095,12.113,27187.0,44589.0,Myotis nattereri,0.099,0.26,-1,Echolocation,192000.0,/mnt/ubna_data_05/recover-20250324/UBNA_024/20250320_183000.WAV,recover-20250324,UBNA_024,Foliage
HF,46080.0,3.0449181325671395,24.1275,24.1307,24609.0,56410.0,Myotis nattereri,0.297,0.327,-1,Echolocation,192000.0,/mnt/ubna_data_05/recover-20250324/UBNA_024/20250320_183000.WAV,recover-20250324,UBNA_024,Foliage
HF,41280.0,1.4725961816900037,43.6825,43.6857,25468.0,62092.0,Myotis nattereri,0.207,0.237,-1,Echolocation,192000.0,/mnt/ubna_data_05/recover-20250324/UBNA_024/20250320_183000.WAV,recover-20250324,UBNA_024,Foliage
HF,42240.0,1.2926734760794796,46.4835,46.4872,25468.0,64609.0,Myotis nattereri,0.181,0.206,-1,Echolocation,192000.0,/mnt/ubna_data_05/recover-20250324/UBNA_024/20250320_183000.WAV,recover-20250324,UBNA_024,Foliage
LF,26880.0,1.8393520975736188,48.8245,48.829,23750.0,46203.0,Myotis nattereri,0.185,0.223,-1,Echolocation,192000.0,/mnt/ubna_data_05/recover-20250324/UBNA_024/20250320_183000.WAV,recover-20250324,UBNA_024,Foliage
LF,29760.0,3.2888503933154203,119.6695,119.6799,28906.0,33865.0,Eptesicus serotinus,0.152,0.266,-1,Echolocation,192000.0,/mnt/ubna_data_05/recover-20250324/UBNA_024/20250320_183000.WAV,recover-20250324,UBNA_024,Foliage
HF,38400.0,2.227944815304663,176.1305,176.1343,27187.0,55304.0,Myotis nattereri,0.154,0.222,-1,Echolocation,192000.0,/mnt/ubna_data_05/recover-20250324/UBNA_024/20250320_183000.WAV,recover-20250324,UBNA_024,Foliage
LF,23040.0,-1.1063308129080076,7.4795,7.4881,23750.0,30924.0,Nyctalus leisleri,0.059,0.24,-1,Echolocation,192000.0,/mnt/ubna_data_05/recover-20250324/UBNA_024/20250320_184000.WAV,recover-20250324,UBNA_024,Foliage
LF,21120.0,0.6549491855664457,13.4345,13.4561,21171.0,24863.0,Nyctalus noctula,0.138,0.259,-1,Echolocation,192000.0,/mnt/ubna_data_05/recover-20250324/UBNA_024/20250320_190000.WAV,recover-20250324,UBNA_024,Foliage
HF,48000.0,1.3556987643349816,6.0495,6.06,46953.0,50084.0,Pipistrellus pipistrellus,0.185,0.212,-1,Echolocation,192000.0,/mnt/ubna_data_05/recover-20250324/UBNA_024/20250320_191000.WAV,recover-20250324,UBNA_024,Foliage
HF,44160.0,0.49223053775919356,102.0055,102.01050000000001,37500.0,49591.0,Myotis daubentonii,0.141,0.257,-1,Echolocation,192000.0,/mnt/ubna_data_05/recover-20250324/UBNA_024/20250320_191000.WAV,recover-20250324,UBNA_024,Foliage
LF,23040.0,0.8062888810791768,277.6465,277.6586,23750.0,29512.0,Eptesicus serotinus,0.13,0.308,-1,Echolocation,192000.0,/mnt/ubna_data_05/recover-20250324/UBNA_024/20250320_192000.WAV,recover-20250324,UBNA_024,Foliage
LF,23040.0,1.2682342048397617,154.6075,154.6137,15156.0,30518.0,Plecotus auritus,0.177,0.204,-1,Echolocation,192000.0,/mnt/ubna_data_05/recover-20250324/UBNA_024/20250320_193000.WAV,recover-20250324,UBNA_024,Foliage
LF,22080.0,1.2336669773423807,291.8565,291.8753,22031.0,25779.0,Nyctalus leisleri,0.098,0.221,-1,Echolocation,192000.0,/mnt/ubna_data_05/recover-20250324/UBNA_024/20250320_200000.WAV,recover-20250324,UBNA_024,Foliage
LF,16320.0,2.9429774867497516,50.308499999999995,50.3339,16015.0,18807.0,Nyctalus noctula,0.147,0.211,-1,Echolocation,192000.0,/mnt/ubna_data_05/recover-20250324/UBNA_024/20250320_201000.WAV,recover-20250324,UBNA_024,Foliage
LF,20160.0,4.377432738602289,83.9575,83.9746,19453.0,22901.0,Nyctalus noctula,0.183,0.368,-1,Echolocation,192000.0,/mnt/ubna_data_05/recover-20250324/UBNA_024/20250320_201000.WAV,recover-20250324,UBNA_024,Foliage
LF,29760.0,1.2511375569080294,230.4545,230.4668,28906.0,34243.0,Eptesicus serotinus,0.125,0.263,-1,Echolocation,192000.0,/mnt/ubna_data_05/recover-20250324/UBNA_024/20250320_201000.WAV,recover-20250324,UBNA_024,Foliage
LF,16320.0,1.6046899877767096,283.2535,283.2725,14296.0,18463.0,Nyctalus leisleri,0.154,0.327,-1,Echolocation,192000.0,/mnt/ubna_data_05/recover-20250324/UBNA_024/20250320_201000.WAV,recover-20250324,UBNA_024,Foliage
LF,28800.0,1.3810370951441646,18.1455,18.151,26328.0,39558.0,Plecotus auritus,0.115,0.244,-1,Echolocation,192000.0,/mnt/ubna_data_05/recover-20250324/UBNA_024/20250320_204000.WAV,recover-20250324,UBNA_024,Foliage
LF,27840.0,5.047742887512828,53.533500000000004,53.5456,26328.0,30178.0,Nyctalus leisleri,0.173,0.356,-1,Echolocation,192000.0,/mnt/ubna_data_05/recover-20250324/UBNA_024/20250320_204000.WAV,recover-20250324,UBNA_024,Foliage
LF,26880.0,4.533092831368919,293.8755,293.8894,26328.0,29729.0,Nyctalus leisleri,0.156,0.277,-1,Echolocation,192000.0,/mnt/ubna_data_05/recover-20250324/UBNA_024/20250320_204000.WAV,recover-20250324,UBNA_024,Foliage
HF,44160.0,5.101405921160657,42.3765,42.3891,42656.0,46287.0,Pipistrellus nathusii,0.086,0.205,-1,Echolocation,192000.0,/mnt/ubna_data_05/recover-20250324/UBNA_024/20250320_210000.WAV,recover-20250324,UBNA_024,Foliage
HF,43200.0,1.5285980515468753,49.2325,49.2434,40078.0,44996.0,Pipistrellus nathusii,0.158,0.208,-1,Echolocation,192000.0,/mnt/ubna_data_05/recover-20250324/UBNA_024/20250320_211000.WAV,recover-20250324,UBNA_024,Foliage
LF,27840.0,0.9059426962740651,116.9025,116.9135,27187.0,32537.0,Eptesicus serotinus,0.113,0.202,-1,Echolocation,192000.0,/mnt/ubna_data_05/recover-20250324/UBNA_024/20250320_214000.WAV,recover-20250324,UBNA_024,Foliage
LF,24000.0,0.9504027015209691,187.4185,187.4318,22890.0,28741.0,Nyctalus leisleri,0.084,0.204,-1,Echolocation,192000.0,/mnt/ubna_data_05/recover-20250324/UBNA_024/20250320_220000.WAV,recover-20250324,UBNA_024,Foliage
LF,25920.0,2.5294503656028526,19.1765,19.1906,25468.0,30167.0,Nyctalus leisleri,0.139,0.241,-1,Echolocation,192000.0,/mnt/ubna_data_05/recover-20250324/UBNA_024/20250320_221000.WAV,recover-20250324,UBNA_024,Foliage
HF,46080.0,3.4479483546950016,126.0395,126.0564,45234.0,47288.0,Pipistrellus pipistrellus,0.252,0.3,-1,Echolocation,192000.0,/mnt/ubna_data_05/recover-20250324/UBNA_024/20250320_221000.WAV,recover-20250324,UBNA_024,Foliage
LF,26880.0,5.015577380160867,161.5775,161.5967,26328.0,29386.0,Nyctalus leisleri,0.148,0.227,-1,Echolocation,192000.0,/mnt/ubna_data_05/recover-20250324/UBNA_024/20250320_223000.WAV,recover-20250324,UBNA_024,Foliage
LF,25920.0,12.070850277527338,161.9575,161.9801,25468.0,29056.0,Nyctalus leisleri,0.255,0.331,-1,Echolocation,192000.0,/mnt/ubna_data_05/recover-20250324/UBNA_024/20250320_223000.WAV,recover-20250324,UBNA_024,Foliage
LF,20160.0,0.42280731748873085,269.6505,269.6758,17734.0,20402.0,Nyctalus noctula,0.174,0.243,-1,Echolocation,192000.0,/mnt/ubna_data_05/recover-20250324/UBNA_024/20250320_223000.WAV,recover-20250324,UBNA_024,Foliage
LF,22080.0,2.537837273795111,272.3765,272.3994,20312.0,23882.0,Nyctalus noctula,0.142,0.212,-1,Echolocation,192000.0,/mnt/ubna_data_05/recover-20250324/UBNA_024/20250320_223000.WAV,recover-20250324,UBNA_024,Foliage
LF,21120.0,3.70089100594261,272.5685,272.592,19453.0,22455.0,Nyctalus noctula,0.29,0.415,-1,Echolocation,192000.0,/mnt/ubna_data_05/recover-20250324/UBNA_024/20250320_223000.WAV,recover-20250324,UBNA_024,Foliage
LF,23040.0,1.6979011582878347,61.4325,61.4407,23750.0,32004.0,Eptesicus serotinus,0.104,0.252,-1,Echolocation,192000.0,/mnt/ubna_data_05/recover-20250324/UBNA_024/20250320_224000.WAV,recover-20250324,UBNA_024,Foliage
HF,45120.0,7.0371482961818135,85.4875,85.502,44375.0,47460.0,Pipistrellus pipistrellus,0.208,0.291,-1,Echolocation,192000.0,/mnt/ubna_data_05/recover-20250324/UBNA_024/20250320_224000.WAV,recover-20250324,UBNA_024,Foliage
HF,45120.0,3.841944014651006,98.2695,98.2825,43515.0,47044.0,Pipistrellus pipistrellus,0.213,0.237,-1,Echolocation,192000.0,/mnt/ubna_data_05/recover-20250324/UBNA_024/20250320_224000.WAV,recover-20250324,UBNA_024,Foliage
HF,45120.0,2.2405312924520024,194.5755,194.58350000000002,43515.0,47061.0,Pipistrellus pipistrellus,0.236,0.265,-1,Echolocation,192000.0,/mnt/ubna_data_05/recover-20250324/UBNA_024/20250320_224000.WAV,recover-20250324,UBNA_024,Foliage
HF,45120.0,3.1157835202422253,203.8465,203.8667,44375.0,46887.0,Pipistrellus pipistrellus,0.228,0.279,-1,Echolocation,192000.0,/mnt/ubna_data_05/recover-20250324/UBNA_024/20250320_224000.WAV,recover-20250324,UBNA_024,Foliage
HF,45120.0,4.265409832015847,223.9685,223.9838,43515.0,46835.0,Pipistrellus pipistrellus,0.169,0.202,-1,Echolocation,192000.0,/mnt/ubna_data_05/recover-20250324/UBNA_024/20250320_224000.WAV,recover-20250324,UBNA_024,Foliage
HF,45120.0,3.363117766020119,224.2535,224.2665,43515.0,46848.0,Pipistrellus pipistrellus,0.176,0.222,-1,Echolocation,192000.0,/mnt/ubna_data_05/recover-20250324/UBNA_024/20250320_224000.WAV,recover-20250324,UBNA_024,Foliage
LF,29760.0,0.6919596584671106,94.1285,94.1394,28906.0,35176.0,Nyctalus leisleri,0.156,0.283,-1,Echolocation,192000.0,/mnt/ubna_data_05/recover-20250324/UBNA_024/20250320_225000.WAV,recover-20250324,UBNA_024,Foliage
LF,18240.0,3.69463613452142,55.7205,55.7374,16015.0,20228.0,Nyctalus noctula,0.183,0.254,-1,Echolocation,192000.0,/mnt/ubna_data_05/recover-20250324/UBNA_024/20250320_230000.WAV,recover-20250324,UBNA_024,Foliage
HF,44160.0,4.425807264995702,7.0125,7.0266,42656.0,46598.0,Pipistrellus nathusii,0.129,0.243,-1,Echolocation,192000.0,/mnt/ubna_data_05/recover-20250324/UBNA_024/20250320_231000.WAV,recover-20250324,UBNA_024,Foliage
HF,45120.0,3.2379723150846673,21.7445,21.7535,42656.0,49731.0,Pipistrellus nathusii,0.094,0.233,-1,Echolocation,192000.0,/mnt/ubna_data_05/recover-20250324/UBNA_024/20250320_231000.WAV,recover-20250324,UBNA_024,Foliage
LF,24960.0,0.668748446866486,34.7535,34.759100000000004,22890.0,35001.0,Plecotus austriacus,0.161,0.293,-1,Echolocation,192000.0,/mnt/ubna_data_05/recover-20250324/UBNA_024/20250320_231000.WAV,recover-20250324,UBNA_024,Foliage
LF,20160.0,2.3989229363470677,107.71549999999999,107.7212,15156.0,29609.0,Plecotus auritus,0.215,0.268,-1,Echolocation,192000.0,/mnt/ubna_data_05/recover-20250324/UBNA_024/20250320_231000.WAV,recover-20250324,UBNA_024,Foliage
HF,45120.0,1.8866021335426177,126.9585,126.968,43515.0,46699.0,Pipistrellus pipistrellus,0.202,0.229,-1,Echolocation,192000.0,/mnt/ubna_data_05/recover-20250324/UBNA_024/20250320_232000.WAV,recover-20250324,UBNA_024,Foliage
HF,45120.0,1.7294023235160378,289.0145,289.0236,45234.0,49146.0,Pipistrellus pipistrellus,0.195,0.228,-1,Echolocation,192000.0,/mnt/ubna_data_05/recover-20250324/UBNA_024/20250320_233000.WAV,recover-20250324,UBNA_024,Foliage
LF,25920.0,4.301266215694032,299.5825,299.5885,23750.0,34146.0,Plecotus austriacus,0.159,0.228,-1,Echolocation,192000.0,/mnt/ubna_data_05/recover-20250324/UBNA_024/20250320_233000.WAV,recover-20250324,UBNA_024,Foliage
LF,23040.0,0.7466245265550548,10.1385,10.1547,23750.0,28231.0,Nyctalus leisleri,0.096,0.211,-1,Echolocation,192000.0,/mnt/ubna_data_05/recover-20250324/UBNA_024/20250320_234000.WAV,recover-20250324,UBNA_024,Foliage
HF,45120.0,4.324354891388845,173.4885,173.5025,43515.0,46748.0,Pipistrellus pipistrellus,0.191,0.249,-1,Echolocation,192000.0,/mnt/ubna_data_05/recover-20250324/UBNA_024/20250320_234000.WAV,recover-20250324,UBNA_024,Foliage
LF,25920.0,1.0350073819372356,169.7745,169.7825,23750.0,32524.0,Eptesicus serotinus,0.079,0.233,-1,Echolocation,192000.0,/mnt/ubna_data_05/recover-20250324/UBNA_024/20250320_235000.WAV,recover-20250324,UBNA_024,Foliage
LF,25920.0,1.6869400957574623,171.5515,171.5618,23750.0,31009.0,Eptesicus serotinus,0.12,0.241,-1,Echolocation,192000.0,/mnt/ubna_data_05/recover-20250324/UBNA_024/20250321_000000.WAV,recover-20250324,UBNA_024,Foliage
LF,25920.0,0.9210924872702942,127.5395,127.5517,25468.0,30609.0,Eptesicus serotinus,0.111,0.225,-1,Echolocation,192000.0,/mnt/ubna_data_05/recover-20250324/UBNA_024/20250321_001000.WAV,recover-20250324,UBNA_024,Foliage
LF,28800.0,2.6889503408908926,228.2185,228.2311,28906.0,32886.0,Eptesicus serotinus,0.128,0.241,-1,Echolocation,192000.0,/mnt/ubna_data_05/recover-20250324/UBNA_024/20250321_002000.WAV,recover-20250324,UBNA_024,Foliage
LF,23040.0,0.7780636626065127,230.3275,230.3348,22890.0,32806.0,Plecotus auritus,0.078,0.217,-1,Echolocation,192000.0,/mnt/ubna_data_05/recover-20250324/UBNA_024/20250321_002000.WAV,recover-20250324,UBNA_024,Foliage
LF,21120.0,2.3975238520314734,222.4255,222.4309,15156.0,30276.0,Plecotus auritus,0.192,0.226,-1,Echolocation,192000.0,/mnt/ubna_data_05/recover-20250324/UBNA_024/20250321_003000.WAV,recover-20250324,UBNA_024,Foliage
LF,23040.0,3.3696262510264092,197.3725,197.3777,17734.0,32275.0,Plecotus auritus,0.15,0.237,-1,Echolocation,192000.0,/mnt/ubna_data_05/recover-20250324/UBNA_024/20250321_004000.WAV,recover-20250324,UBNA_024,Foliage
LF,23040.0,2.396988070857837,41.4835,41.4881,23750.0,39474.0,Plecotus austriacus,0.15,0.201,-1,Echolocation,192000.0,/mnt/ubna_data_05/recover-20250324/UBNA_024/20250321_005000.WAV,recover-20250324,UBNA_024,Foliage
LF,24960.0,0.9160986629135448,97.7165,97.7249,22031.0,31575.0,Plecotus austriacus,0.096,0.26,-1,Echolocation,192000.0,/mnt/ubna_data_05/recover-20250324/UBNA_024/20250321_005000.WAV,recover-20250324,UBNA_024,Foliage
LF,20160.0,3.760231703939337,256.3055,256.3296,19453.0,22352.0,Nyctalus noctula,0.225,0.307,-1,Echolocation,192000.0,/mnt/ubna_data_05/recover-20250324/UBNA_024/20250321_005000.WAV,recover-20250324,UBNA_024,Foliage
LF,20160.0,4.21037940795811,258.79449999999997,258.8212,19453.0,22243.0,Nyctalus noctula,0.213,0.298,-1,Echolocation,192000.0,/mnt/ubna_data_05/recover-20250324/UBNA_024/20250321_005000.WAV,recover-20250324,UBNA_024,Foliage
LF,20160.0,4.221510743327993,261.4725,261.4971,19453.0,22636.0,Nyctalus noctula,0.168,0.27,-1,Echolocation,192000.0,/mnt/ubna_data_05/recover-20250324/UBNA_024/20250321_005000.WAV,recover-20250324,UBNA_024,Foliage
HF,36480.0,5.266496116184324,71.4025,71.4057,26328.0,54952.0,Myotis nattereri,0.195,0.252,-1,Echolocation,192000.0,/mnt/ubna_data_05/recover-20250324/UBNA_024/20250321_010000.WAV,recover-20250324,UBNA_024,Foliage
LF,17280.0,1.9923941783197172,133.7075,133.7304,16015.0,19314.0,Nyctalus noctula,0.169,0.256,-1,Echolocation,192000.0,/mnt/ubna_data_05/recover-20250324/UBNA_024/20250321_010000.WAV,recover-20250324,UBNA_024,Foliage
LF,25920.0,0.8310920338928292,135.5605,135.5684,22890.0,31864.0,Plecotus austriacus,0.073,0.203,-1,Echolocation,192000.0,/mnt/ubna_data_05/recover-20250324/UBNA_024/20250321_011000.WAV,recover-20250324,UBNA_024,Foliage
LF,17280.0,2.480268428895843,146.6165,146.6367,16015.0,19043.0,Nyctalus leisleri,0.115,0.242,-1,Echolocation,192000.0,/mnt/ubna_data_05/recover-20250324/UBNA_024/20250321_011000.WAV,recover-20250324,UBNA_024,Foliage
LF,22080.0,1.9944607734212927,98.4875,98.49680000000001,21171.0,29197.0,Nyctalus noctula,0.121,0.336,-1,Echolocation,192000.0,/mnt/ubna_data_05/recover-20250324/UBNA_024/20250321_014000.WAV,recover-20250324,UBNA_024,Foliage
LF,19200.0,6.141103542861761,272.7925,272.7996,16875.0,27429.0,Plecotus austriacus,0.126,0.203,-1,Echolocation,192000.0,/mnt/ubna_data_05/recover-20250324/UBNA_024/20250321_014000.WAV,recover-20250324,UBNA_024,Foliage
LF,28800.0,1.9784557662141231,14.4665,14.471,24609.0,41345.0,Plecotus austriacus,0.113,0.203,-1,Echolocation,192000.0,/mnt/ubna_data_05/recover-20250324/UBNA_024/20250321_020000.WAV,recover-20250324,UBNA_024,Foliage
LF,24960.0,0.18385824416194163,103.36449999999999,103.379,23750.0,29423.0,Eptesicus serotinus,0.082,0.211,-1,Echolocation,192000.0,/mnt/ubna_data_05/recover-20250324/UBNA_024/20250321_020000.WAV,recover-20250324,UBNA_024,Foliage
LF,26880.0,0.9200042113909673,32.3695,32.3745,23750.0,38869.0,Plecotus austriacus,0.142,0.262,-1,Echolocation,192000.0,/mnt/ubna_data_05/recover-20250324/UBNA_024/20250321_022000.WAV,recover-20250324,UBNA_024,Foliage
LF,24960.0,-4.740210666260007,38.4905,38.5085,25468.0,29322.0,Nyctalus leisleri,0.125,0.206,-1,Echolocation,192000.0,/mnt/ubna_data_05/recover-20250324/UBNA_024/20250321_022000.WAV,recover-20250324,UBNA_024,Foliage
LF,23040.0,-11.891596120560033,3.7175,3.7305,22890.0,28764.0,Eptesicus serotinus,0.08,0.2,-1,Echolocation,192000.0,/mnt/ubna_data_05/recover-20250324/UBNA_024/20250321_023000.WAV,recover-20250324,UBNA_024,Foliage
LF,26880.0,2.706804821869742,40.6045,40.6094,23750.0,41420.0,Plecotus austriacus,0.183,0.257,-1,Echolocation,192000.0,/mnt/ubna_data_05/recover-20250324/UBNA_024/20250321_023000.WAV,recover-20250324,UBNA_024,Foliage
LF,29760.0,-4.693671120095862,158.9515,158.9629,28046.0,33320.0,Eptesicus serotinus,0.149,0.239,-1,Echolocation,192000.0,/mnt/ubna_data_05/recover-20250324/UBNA_024/20250321_023000.WAV,recover-20250324,UBNA_024,Foliage
LF,25920.0,7.691173699145272,18.1185,18.1232,23750.0,37827.0,Plecotus austriacus,0.247,0.296,-1,Echolocation,192000.0,/mnt/ubna_data_05/recover-20250324/UBNA_024/20250321_025000.WAV,recover-20250324,UBNA_024,Foliage
LF,23040.0,-14.197938733670398,79.6725,79.6832,22031.0,28481.0,Eptesicus serotinus,0.085,0.265,-1,Echolocation,192000.0,/mnt/ubna_data_05/recover-20250324/UBNA_024/20250321_025000.WAV,recover-20250324,UBNA_024,Foliage
LF,23040.0,2.756120621595585,86.0525,86.06190000000001,21171.0,28988.0,Nyctalus noctula,0.099,0.274,-1,Echolocation,192000.0,/mnt/ubna_data_05/recover-20250324/UBNA_024/20250321_030000.WAV,recover-20250324,UBNA_024,Foliage
LF,25920.0,3.75696014823712,126.7795,126.7839,23750.0,42806.0,Plecotus austriacus,0.144,0.238,-1,Echolocation,192000.0,/mnt/ubna_data_05/recover-20250324/UBNA_024/20250321_030000.WAV,recover-20250324,UBNA_024,Foliage
LF,26880.0,1.0893893435236497,172.8465,172.8518,23750.0,38175.0,Plecotus austriacus,0.146,0.201,-1,Echolocation,192000.0,/mnt/ubna_data_05/recover-20250324/UBNA_024/20250321_030000.WAV,recover-20250324,UBNA_024,Foliage
HF,39360.0,5.488948616037033,65.5115,65.5145,27187.0,48291.0,Plecotus auritus,0.081,0.201,-1,Echolocation,192000.0,/mnt/ubna_data_05/recover-20250324/UBNA_024/20250321_031000.WAV,recover-20250324,UBNA_024,Foliage
HF,37440.0,1.8268267952448667,108.0475,108.0549,36640.0,43270.0,Barbastellus barbastellus,0.075,0.219,-1,Echolocation,192000.0,/mnt/ubna_data_05/recover-20250324/UBNA_024/20250321_031000.WAV,recover-20250324,UBNA_024,Foliage
LF,25920.0,5.421605896617932,261.6475,261.6522,22890.0,40390.0,Plecotus austriacus,0.144,0.204,-1,Echolocation,192000.0,/mnt/ubna_data_05/recover-20250324/UBNA_024/20250321_031000.WAV,recover-20250324,UBNA_024,Foliage
LF,26880.0,0.7884524997520015,9.1555,9.1601,25468.0,41202.0,Plecotus auritus,0.148,0.253,-1,Echolocation,192000.0,/mnt/ubna_data_05/recover-20250324/UBNA_024/20250321_032000.WAV,recover-20250324,UBNA_024,Foliage
LF,23040.0,0.33416096982026533,12.6625,12.6725,23750.0,30464.0,Eptesicus serotinus,0.094,0.283,-1,Echolocation,192000.0,/mnt/ubna_data_05/recover-20250324/UBNA_024/20250321_032000.WAV,recover-20250324,UBNA_024,Foliage
LF,23040.0,7.679895224964353,59.673500000000004,59.6792,19453.0,32913.0,Plecotus austriacus,0.21,0.267,-1,Echolocation,192000.0,/mnt/ubna_data_05/recover-20250324/UBNA_024/20250321_032000.WAV,recover-20250324,UBNA_024,Foliage
LF,25920.0,2.8835467125160448,269.5835,269.5918,24609.0,33187.0,Eptesicus serotinus,0.096,0.238,-1,Echolocation,192000.0,/mnt/ubna_data_05/recover-20250324/UBNA_024/20250321_032000.WAV,recover-20250324,UBNA_024,Foliage
LF,23040.0,3.7329958045687595,167.7825,167.8037,22890.0,26794.0,Nyctalus noctula,0.093,0.212,-1,Echolocation,192000.0,/mnt/ubna_data_05/recover-20250324/UBNA_024/20250321_033000.WAV,recover-20250324,UBNA_024,Foliage
LF,25920.0,7.055348781532048,247.8075,247.8167,23750.0,34674.0,Plecotus austriacus,0.078,0.223,-1,Echolocation,192000.0,/mnt/ubna_data_05/recover-20250324/UBNA_024/20250321_033000.WAV,recover-20250324,UBNA_024,Foliage
LF,27840.0,0.9399882271141746,157.4095,157.4197,27187.0,32992.0,Eptesicus serotinus,0.116,0.207,-1,Echolocation,192000.0,/mnt/ubna_data_05/recover-20250324/UBNA_024/20250321_034000.WAV,recover-20250324,UBNA_024,Foliage
LF,23040.0,1.1811347421719647,189.0875,189.0981,23750.0,31016.0,Eptesicus serotinus,0.12,0.24,-1,Echolocation,192000.0,/mnt/ubna_data_05/recover-20250324/UBNA_024/20250321_034000.WAV,recover-20250324,UBNA_024,Foliage
HF,38400.0,3.6077200256123465,245.8165,245.8236,35781.0,43521.0,Barbastellus barbastellus,0.088,0.213,-1,Echolocation,192000.0,/mnt/ubna_data_05/recover-20250324/UBNA_024/20250321_035000.WAV,recover-20250324,UBNA_024,Foliage
LF,24960.0,1.4515622735558742,240.2545,240.2663,25468.0,30110.0,Nyctalus leisleri,0.113,0.252,-1,Echolocation,192000.0,/mnt/ubna_data_05/recover-20250324/UBNA_024/20250321_040000.WAV,recover-20250324,UBNA_024,Foliage
HF,37440.0,6.357100815055969,168.8545,168.858,34062.0,47530.0,Myotis daubentonii,0.065,0.239,-1,Echolocation,192000.0,/mnt/ubna_data_05/recover-20250324/UBNA_024/20250321_041000.WAV,recover-20250324,UBNA_024,Foliage
LF,27840.0,4.298518465980147,68.9365,68.9401,24609.0,46471.0,Myotis nattereri,0.095,0.203,-1,Echolocation,192000.0,/mnt/ubna_data_05/recover-20250324/UBNA_024/20250321_042000.WAV,recover-20250324,UBNA_024,Foliage
HF,46080.0,6.202503660089685,235.57150000000001,235.5767,44375.0,53616.0,Pipistrellus pipistrellus,0.297,0.324,-1,Echolocation,192000.0,/mnt/ubna_data_05/recover-20250324/UBNA_024/20250321_043000.WAV,recover-20250324,UBNA_024,Foliage
LF,24000.0,0.45157137350768717,88.3625,88.37610000000001,23750.0,29333.0,Nyctalus leisleri,0.155,0.34,-1,Echolocation,192000.0,/mnt/ubna_data_05/recover-20250324/UBNA_024/20250321_044000.WAV,recover-20250324,UBNA_024,Foliage
LF,23040.0,1.958312810573871,141.2355,141.2523,22031.0,25714.0,Nyctalus leisleri,0.117,0.236,-1,Echolocation,192000.0,/mnt/ubna_data_05/recover-20250324/UBNA_024/20250321_044000.WAV,recover-20250324,UBNA_024,Foliage
HF,37440.0,1.9929960980024446,141.27949999999998,141.2828,34062.0,46616.0,Plecotus auritus,0.108,0.224,-1,Echolocation,192000.0,/mnt/ubna_data_05/recover-20250324/UBNA_024/20250321_044000.WAV,recover-20250324,UBNA_024,Foliage
LF,24960.0,1.2633253840202785,218.3445,218.3518,22890.0,32313.0,Plecotus austriacus,0.075,0.217,-1,Echolocation,192000.0,/mnt/ubna_data_05/recover-20250324/UBNA_024/20250321_045000.WAV,recover-20250324,UBNA_024,Foliage
LF,29760.0,2.0575597839165423,76.8835,76.88759999999999,26328.0,41354.0,Plecotus auritus,0.271,0.345,-1,Echolocation,192000.0,/mnt/ubna_data_05/recover-20250324/UBNA_024/20250321_050000.WAV,recover-20250324,UBNA_024,Foliage
LF,26880.0,7.657761393140107,155.6795,155.6834,23750.0,38994.0,Plecotus austriacus,0.285,0.387,-1,Echolocation,192000.0,/mnt/ubna_data_05/recover-20250324/UBNA_024/20250321_051000.WAV,recover-20250324,UBNA_024,Foliage
LF,22080.0,2.083513827258699,154.5355,154.5421,16015.0,28711.0,Plecotus auritus,0.156,0.203,-1,Echolocation,192000.0,/mnt/ubna_data_05/recover-20250324/UBNA_024/20250321_052000.WAV,recover-20250324,UBNA_024,Foliage
LF,29760.0,0.572147337373548,269.2365,269.2487,28906.0,33592.0,Eptesicus serotinus,0.136,0.269,-1,Echolocation,192000.0,/mnt/ubna_data_05/recover-20250324/UBNA_024/20250321_052000.WAV,recover-20250324,UBNA_024,Foliage
LF,24960.0,0.8506232038144013,65.6435,65.6591,25468.0,29660.0,Nyctalus leisleri,0.126,0.225,-1,Echolocation,192000.0,/mnt/ubna_data_05/recover-20250324/UBNA_024/20250321_054000.WAV,recover-20250324,UBNA_024,Foliage
LF,27840.0,0.747017074998224,50.0015,50.0133,26328.0,31984.0,Nyctalus leisleri,0.128,0.221,-1,Echolocation,192000.0,/mnt/ubna_data_05/recover-20250324/UBNA_024/20250321_055000.WAV,recover-20250324,UBNA_024,Foliage
LF,21120.0,0.4388565789510518,170.5845,170.6038,20312.0,23493.0,Nyctalus noctula,0.125,0.203,-1,Echolocation,192000.0,/mnt/ubna_data_05/recover-20250324/UBNA_024/20250321_061000.WAV,recover-20250324,UBNA_024,Foliage
LF,29760.0,2.553278021748735,206.6405,206.6451,24609.0,37803.0,Plecotus austriacus,0.171,0.233,-1,Echolocation,192000.0,/mnt/ubna_data_05/recover-20250324/UBNA_024/20250321_063000.WAV,recover-20250324,UBNA_024,Foliage
LF,22080.0,1.0070702642475609,49.6445,49.655100000000004,22031.0,30086.0,Nyctalus noctula,0.068,0.212,-1,Echolocation,192000.0,/mnt/ubna_data_05/recover-20250324/UBNA_024/20250321_064000.WAV,recover-20250324,UBNA_024,Foliage
HF,41280.0,1.946316333872665,285.2115,285.2211,39218.0,45485.0,Pipistrellus nathusii,0.257,0.281,-1,Echolocation,192000.0,/mnt/ubna_data_05/recover-20250324/UBNA_024/20250321_064000.WAV,recover-20250324,UBNA_024,Foliage
LF,23040.0,-0.40916430429978,120.6765,120.6956,22031.0,26427.0,Nyctalus noctula,0.142,0.254,-1,Echolocation,192000.0,/mnt/ubna_data_05/recover-20250324/UBNA_024/20250321_070000.WAV,recover-20250324,UBNA_024,Foliage
LF,27840.0,1.5581259652378474,200.1795,200.1925,28046.0,34029.0,Eptesicus serotinus,0.108,0.228,-1,Echolocation,192000.0,/mnt/ubna_data_05/recover-20250324/UBNA_024/20250321_073000.WAV,recover-20250324,UBNA_024,Foliage
LF,25920.0,2.2400893208230914,239.6535,239.66,23750.0,33951.0,Plecotus auritus,0.082,0.208,-1,Echolocation,192000.0,/mnt/ubna_data_05/recover-20250324/UBNA_024/20250321_074000.WAV,recover-20250324,UBNA_024,Foliage
LF,22080.0,-0.5675461290289994,264.0795,264.0899,22031.0,29052.0,Nyctalus noctula,0.081,0.203,-1,Echolocation,192000.0,/mnt/ubna_data_05/recover-20250324/UBNA_024/20250321_075000.WAV,recover-20250324,UBNA_024,Foliage
LF,25920.0,1.6751192592014605,202.5555,202.5676,26328.0,33543.0,Eptesicus serotinus,0.138,0.216,-1,Echolocation,192000.0,/mnt/ubna_data_05/recover-20250324/UBNA_024/20250321_080000.WAV,recover-20250324,UBNA_024,Foliage
LF,22080.0,0.9784837301955261,84.1565,84.1679,22031.0,28062.0,Nyctalus noctula,0.117,0.289,-1,Echolocation,192000.0,/mnt/ubna_data_05/recover-20250324/UBNA_024/20250321_083000.WAV,recover-20250324,UBNA_024,Foliage
LF,27840.0,3.2648181862622536,297.1195,297.1326,26328.0,31119.0,Eptesicus serotinus,0.113,0.203,-1,Echolocation,192000.0,/mnt/ubna_data_05/recover-20250324/UBNA_024/20250321_085000.WAV,recover-20250324,UBNA_024,Foliage
LF,28800.0,1.3526405636608811,52.2245,52.2385,28906.0,34613.0,Eptesicus serotinus,0.15,0.232,-1,Echolocation,192000.0,/mnt/ubna_data_05/recover-20250324/UBNA_024/20250321_092000.WAV,recover-20250324,UBNA_024,Foliage
LF,25920.0,0.7902442867068309,82.9405,82.9527,25468.0,32344.0,Eptesicus serotinus,0.119,0.205,-1,Echolocation,192000.0,/mnt/ubna_data_05/recover-20250324/UBNA_024/20250321_092000.WAV,recover-20250324,UBNA_024,Foliage
LF,24000.0,1.7695181873090828,211.4895,211.5073,22890.0,26703.0,Nyctalus leisleri,0.112,0.207,-1,Echolocation,192000.0,/mnt/ubna_data_05/recover-20250324/UBNA_024/20250321_092000.WAV,recover-20250324,UBNA_024,Foliage
LF,25920.0,2.4471360659550903,259.4655,259.4745,25468.0,32027.0,Eptesicus serotinus,0.078,0.203,-1,Echolocation,192000.0,/mnt/ubna_data_05/recover-20250324/UBNA_024/20250321_093000.WAV,recover-20250324,UBNA_024,Foliage
LF,22080.0,0.7466155718900209,291.8585,291.8701,21171.0,27437.0,Nyctalus noctula,0.096,0.214,-1,Echolocation,192000.0,/mnt/ubna_data_05/recover-20250324/UBNA_024/20250321_101000.WAV,recover-20250324,UBNA_024,Foliage
LF,23040.0,0.7965619429496872,20.3905,20.4063,22890.0,27571.0,Nyctalus leisleri,0.117,0.226,-1,Echolocation,192000.0,/mnt/ubna_data_05/recover-20250324/UBNA_024/20250321_102000.WAV,recover-20250324,UBNA_024,Foliage
LF,25920.0,0.4231164400005211,48.8985,48.9105,25468.0,30821.0,Eptesicus serotinus,0.096,0.201,-1,Echolocation,192000.0,/mnt/ubna_data_05/recover-20250324/UBNA_024/20250321_110000.WAV,recover-20250324,UBNA_024,Foliage
LF,27840.0,1.112605771349505,49.316500000000005,49.3305,27187.0,31426.0,Nyctalus leisleri,0.104,0.218,-1,Echolocation,192000.0,/mnt/ubna_data_05/recover-20250324/UBNA_024/20250321_112000.WAV,recover-20250324,UBNA_024,Foliage
HF,46080.0,3.708696359667682,212.9975,213.0184,45234.0,47027.0,Pipistrellus pipistrellus,0.228,0.268,-1,Echolocation,192000.0,/mnt/ubna_data_05/recover-20250324/UBNA_024/20250321_112000.WAV,recover-20250324,UBNA_024,Foliage
LF,23040.0,-0.7988050875581697,42.2675,42.284,23750.0,27844.0,Nyctalus leisleri,0.114,0.207,-1,Echolocation,192000.0,/mnt/ubna_data_05/recover-20250324/UBNA_024/20250321_113000.WAV,recover-20250324,UBNA_024,Foliage
LF,22080.0,0.6324650266063969,145.0045,145.024,22031.0,25659.0,Nyctalus noctula,0.111,0.238,-1,Echolocation,192000.0,/mnt/ubna_data_05/recover-20250324/UBNA_024/20250321_114000.WAV,recover-20250324,UBNA_024,Foliage
LF,25920.0,3.6222397213420727,169.7685,169.7735,23750.0,38245.0,Plecotus auritus,0.101,0.207,-1,Echolocation,192000.0,/mnt/ubna_data_05/recover-20250324/UBNA_024/20250321_115000.WAV,recover-20250324,UBNA_024,Foliage
LF,23040.0,0.9269086530880271,3.3165,3.3332,22890.0,26743.0,Nyctalus leisleri,0.098,0.201,-1,Echolocation,192000.0,/mnt/ubna_data_05/recover-20250324/UBNA_024/20250321_120000.WAV,recover-20250324,UBNA_024,Foliage
HF,45120.0,12.700970226305579,0.4985,0.5028,22890.0,68620.0,Myotis nattereri,0.294,0.312,-1,Echolocation,192000.0,/mnt/ubna_data_05/recover-20250324/UBNA_024/20250321_121000.WAV,recover-20250324,UBNA_024,Foliage
LF,28800.0,0.3733677329101764,50.1425,50.1529,27187.0,32926.0,Eptesicus serotinus,0.124,0.207,-1,Echolocation,192000.0,/mnt/ubna_data_05/recover-20250324/UBNA_024/20250321_125000.WAV,recover-20250324,UBNA_024,Foliage
LF,27840.0,1.9011783350371174,9.9785,9.9895,28046.0,34745.0,Eptesicus serotinus,0.194,0.293,-1,Echolocation,192000.0,/mnt/ubna_data_05/recover-20250324/UBNA_024/20250321_130000.WAV,recover-20250324,UBNA_024,Foliage
LF,23040.0,-0.24012537663693115,127.6015,127.6198,22890.0,26534.0,Nyctalus leisleri,0.132,0.212,-1,Echolocation,192000.0,/mnt/ubna_data_05/recover-20250324/UBNA_024/20250321_132000.WAV,recover-20250324,UBNA_024,Foliage
LF,22080.0,0.8288277942584167,154.5115,154.529,22890.0,27182.0,Nyctalus leisleri,0.121,0.217,-1,Echolocation,192000.0,/mnt/ubna_data_05/recover-20250324/UBNA_024/20250321_132000.WAV,recover-20250324,UBNA_024,Foliage
LF,21120.0,2.4373603367383048,54.1395,54.1609,20312.0,23535.0,Nyctalus leisleri,0.097,0.211,-1,Echolocation,192000.0,/mnt/ubna_data_05/recover-20250324/UBNA_024/20250321_134000.WAV,recover-20250324,UBNA_024,Foliage
HF,43200.0,2.274129826013991,268.4135,268.4232,43515.0,46946.0,Pipistrellus pipistrellus,0.191,0.229,-1,Echolocation,192000.0,/mnt/ubna_data_05/recover-20250324/UBNA_024/20250321_134000.WAV,recover-20250324,UBNA_024,Foliage
LF,24960.0,0.8662793753948034,250.9295,250.9415,25468.0,29396.0,Nyctalus leisleri,0.141,0.226,-1,Echolocation,192000.0,/mnt/ubna_data_05/recover-20250324/UBNA_024/20250321_135000.WAV,recover-20250324,UBNA_024,Foliage
LF,23040.0,1.086173825242239,103.6915,103.7098,22031.0,25765.0,Nyctalus leisleri,0.126,0.23,-1,Echolocation,192000.0,/mnt/ubna_data_05/recover-20250324/UBNA_024/20250321_140000.WAV,recover-20250324,UBNA_024,Foliage
LF,18240.0,1.914536905784012,168.9525,168.9755,17734.0,20738.0,Nyctalus noctula,0.144,0.217,-1,Echolocation,192000.0,/mnt/ubna_data_05/recover-20250324/UBNA_024/20250321_140000.WAV,recover-20250324,UBNA_024,Foliage
LF,17280.0,8.273368777432301,177.9735,177.9961,15156.0,18100.0,Nyctalus noctula,0.161,0.229,-1,Echolocation,192000.0,/mnt/ubna_data_05/recover-20250324/UBNA_024/20250321_140000.WAV,recover-20250324,UBNA_024,Foliage
LF,19200.0,0.9078323602243489,62.7625,62.7825,16875.0,21227.0,Nyctalus noctula,0.22,0.295,-1,Echolocation,192000.0,/mnt/ubna_data_05/recover-20250324/UBNA_024/20250321_142000.WAV,recover-20250324,UBNA_024,Foliage
LF,17280.0,2.5953381547585908,99.7685,99.7908,15156.0,18515.0,Nyctalus noctula,0.15,0.253,-1,Echolocation,192000.0,/mnt/ubna_data_05/recover-20250324/UBNA_024/20250321_142000.WAV,recover-20250324,UBNA_024,Foliage
LF,16320.0,-1.0576360839857253,173.2565,173.27530000000002,11718.0,16975.0,Nyctalus leisleri,0.186,0.246,-1,Echolocation,192000.0,/mnt/ubna_data_05/recover-20250324/UBNA_024/20250321_143000.WAV,recover-20250324,UBNA_024,Foliage
LF,21120.0,0.48494758269342564,235.9395,235.9576,21171.0,25217.0,Nyctalus noctula,0.108,0.209,-1,Echolocation,192000.0,/mnt/ubna_data_05/recover-20250324/UBNA_024/20250321_145000.WAV,recover-20250324,UBNA_024,Foliage
LF,16320.0,1.58599101975089,208.4855,208.4982,13437.0,17548.0,Nyctalus leisleri,0.114,0.237,-1,Echolocation,192000.0,/mnt/ubna_data_05/recover-20250324/UBNA_024/20250321_150000.WAV,recover-20250324,UBNA_024,Foliage
LF,24960.0,3.7535988323929455,247.8485,247.8673,22890.0,25837.0,Nyctalus leisleri,0.223,0.264,-1,Echolocation,192000.0,/mnt/ubna_data_05/recover-20250324/UBNA_024/20250321_150000.WAV,recover-20250324,UBNA_024,Foliage
LF,21120.0,0.9110461062832402,121.7105,121.7281,21171.0,25856.0,Nyctalus noctula,0.149,0.232,-1,Echolocation,192000.0,/mnt/ubna_data_05/recover-20250324/UBNA_024/20250321_151000.WAV,recover-20250324,UBNA_024,Foliage
LF,22080.0,0.17980025101377387,203.6685,203.6876,22031.0,26300.0,Nyctalus noctula,0.098,0.201,-1,Echolocation,192000.0,/mnt/ubna_data_05/recover-20250324/UBNA_024/20250321_151000.WAV,recover-20250324,UBNA_024,Foliage
HF,48960.0,-0.4650601568900937,243.5545,243.5618,47812.0,51816.0,Pipistrellus pipistrellus,0.201,0.213,-1,Echolocation,192000.0,/mnt/ubna_data_05/recover-20250324/UBNA_024/20250321_151000.WAV,recover-20250324,UBNA_024,Foliage
LF,16320.0,4.498597229972297,62.2635,62.2892,15156.0,18038.0,Nyctalus noctula,0.112,0.229,-1,Echolocation,192000.0,/mnt/ubna_data_05/recover-20250324/UBNA_024/20250321_154000.WAV,recover-20250324,UBNA_024,Foliage
LF,16320.0,1.4211027177708861,77.5435,77.5715,15156.0,18698.0,Nyctalus noctula,0.123,0.224,-1,Echolocation,192000.0,/mnt/ubna_data_05/recover-20250324/UBNA_024/20250321_154000.WAV,recover-20250324,UBNA_024,Foliage
LF,17280.0,5.85029282749565,104.50450000000001,104.531,16015.0,18703.0,Nyctalus noctula,0.122,0.224,-1,Echolocation,192000.0,/mnt/ubna_data_05/recover-20250324/UBNA_024/20250321_161000.WAV,recover-20250324,UBNA_024,Foliage
LF,22080.0,0.27812716277258304,133.8175,133.8328,22031.0,27669.0,Nyctalus noctula,0.099,0.201,-1,Echolocation,192000.0,/mnt/ubna_data_05/recover-20250324/UBNA_024/20250321_161000.WAV,recover-20250324,UBNA_024,Foliage
LF,26880.0,0.889364386580626,146.2565,146.2669,25468.0,32671.0,Eptesicus serotinus,0.127,0.239,-1,Echolocation,192000.0,/mnt/ubna_data_05/recover-20250324/UBNA_024/20250321_161000.WAV,recover-20250324,UBNA_024,Foliage
LF,17280.0,6.024616634189171,201.0375,201.064,16015.0,18598.0,Nyctalus noctula,0.203,0.27,-1,Echolocation,192000.0,/mnt/ubna_data_05/recover-20250324/UBNA_024/20250321_161000.WAV,recover-20250324,UBNA_024,Foliage
LF,17280.0,9.67697257432999,201.2815,201.3081,16015.0,18057.0,Nyctalus noctula,0.175,0.239,-1,Echolocation,192000.0,/mnt/ubna_data_05/recover-20250324/UBNA_024/20250321_161000.WAV,recover-20250324,UBNA_024,Foliage
LF,16320.0,4.883376768871048,31.6035,31.6278,15156.0,20096.0,Nyctalus noctula,0.233,0.304,-1,Echolocation,192000.0,/mnt/ubna_data_05/recover-20250324/UBNA_024/20250321_162000.WAV,recover-20250324,UBNA_024,Foliage
LF,18240.0,1.8306196564117225,134.6055,134.6311,17734.0,19991.0,Nyctalus noctula,0.15,0.215,-1,Echolocation,192000.0,/mnt/ubna_data_05/recover-20250324/UBNA_024/20250321_162000.WAV,recover-20250324,UBNA_024,Foliage
LF,20160.0,6.080012239274177,295.9445,295.9685,18593.0,21564.0,Nyctalus noctula,0.187,0.302,-1,Echolocation,192000.0,/mnt/ubna_data_05/recover-20250324/UBNA_024/20250321_164000.WAV,recover-20250324,UBNA_024,Foliage
LF,17280.0,8.860254056536318,21.8305,21.8482,16015.0,20087.0,Nyctalus leisleri,0.17,0.365,-1,Echolocation,192000.0,/mnt/ubna_data_05/recover-20250324/UBNA_024/20250321_170000.WAV,recover-20250324,UBNA_024,Foliage
LF,16320.0,5.9177697568992995,32.3995,32.4196,14296.0,18529.0,Nyctalus leisleri,0.251,0.361,-1,Echolocation,192000.0,/mnt/ubna_data_05/recover-20250324/UBNA_024/20250321_170000.WAV,recover-20250324,UBNA_024,Foliage
LF,20160.0,8.38583290531124,60.4625,60.4886,19453.0,21980.0,Nyctalus leisleri,0.245,0.302,-1,Echolocation,192000.0,/mnt/ubna_data_05/recover-20250324/UBNA_024/20250321_170000.WAV,recover-20250324,UBNA_024,Foliage
LF,20160.0,5.04977123696793,67.37950000000001,67.4052,19453.0,21893.0,Nyctalus noctula,0.16,0.25,-1,Echolocation,192000.0,/mnt/ubna_data_05/recover-20250324/UBNA_024/20250321_170000.WAV,recover-20250324,UBNA_024,Foliage
LF,21120.0,6.31689167106897,101.7355,101.7627,19453.0,21664.0,Nyctalus leisleri,0.169,0.202,-1,Echolocation,192000.0,/mnt/ubna_data_05/recover-20250324/UBNA_024/20250321_170000.WAV,recover-20250324,UBNA_024,Foliage
LF,19200.0,1.0084711564609896,101.9455,101.96979999999999,16875.0,19599.0,Nyctalus noctula,0.152,0.202,-1,Echolocation,192000.0,/mnt/ubna_data_05/recover-20250324/UBNA_024/20250321_170000.WAV,recover-20250324,UBNA_024,Foliage
LF,20160.0,11.481864574971219,102.0055,102.0292,19453.0,21411.0,Nyctalus leisleri,0.104,0.207,-1,Echolocation,192000.0,/mnt/ubna_data_05/recover-20250324/UBNA_024/20250321_170000.WAV,recover-20250324,UBNA_024,Foliage
LF,22080.0,2.8496169564404,43.8595,43.8788,21171.0,24479.0,Nyctalus leisleri,0.114,0.223,-1,Echolocation,192000.0,/mnt/ubna_data_05/recover-20250324/UBNA_024/20250321_171000.WAV,recover-20250324,UBNA_024,Foliage
LF,22080.0,3.312345236127339,191.9345,191.9551,21171.0,25395.0,Nyctalus leisleri,0.259,0.37,-1,Echolocation,192000.0,/mnt/ubna_data_05/recover-20250324/UBNA_024/20250321_171000.WAV,recover-20250324,UBNA_024,Foliage
LF,21120.0,9.73216724716298,223.7135,223.738,19453.0,21483.0,Nyctalus leisleri,0.17,0.228,-1,Echolocation,192000.0,/mnt/ubna_data_05/recover-20250324/UBNA_024/20250321_171000.WAV,recover-20250324,UBNA_024,Foliage
LF,20160.0,6.992197332219049,231.1105,231.1374,19453.0,21922.0,Nyctalus leisleri,0.157,0.217,-1,Echolocation,192000.0,/mnt/ubna_data_05/recover-20250324/UBNA_024/20250321_171000.WAV,recover-20250324,UBNA_024,Foliage
LF,18240.0,23.70159268589746,163.7895,163.8178,17734.0,20380.0,Nyctalus noctula,0.223,0.283,-1,Echolocation,192000.0,/mnt/ubna_data_05/recover-20250324/UBNA_024/20250321_172000.WAV,recover-20250324,UBNA_024,Foliage
LF,23040.0,1.229829120481888,173.57150000000001,173.5891,23750.0,27711.0,Nyctalus leisleri,0.141,0.225,-1,Echolocation,192000.0,/mnt/ubna_data_05/recover-20250324/UBNA_024/20250321_172000.WAV,recover-20250324,UBNA_024,Foliage
LF,18240.0,18.08500408305435,194.1005,194.1252,16875.0,18960.0,Nyctalus noctula,0.184,0.276,-1,Echolocation,192000.0,/mnt/ubna_data_05/recover-20250324/UBNA_024/20250321_172000.WAV,recover-20250324,UBNA_024,Foliage
LF,16320.0,4.789112410491027,105.3775,105.40090000000001,16015.0,19038.0,Nyctalus noctula,0.151,0.216,-1,Echolocation,192000.0,/mnt/ubna_data_05/recover-20250324/UBNA_024/20250321_173000.WAV,recover-20250324,UBNA_024,Foliage
LF,25920.0,5.668398329323953,105.4345,105.449,25468.0,28882.0,Nyctalus leisleri,0.328,0.449,-1,Echolocation,192000.0,/mnt/ubna_data_05/recover-20250324/UBNA_024/20250321_173000.WAV,recover-20250324,UBNA_024,Foliage
LF,26880.0,7.542252491750089,105.5705,105.5892,25468.0,29351.0,Nyctalus leisleri,0.163,0.274,-1,Echolocation,192000.0,/mnt/ubna_data_05/recover-20250324/UBNA_024/20250321_173000.WAV,recover-20250324,UBNA_024,Foliage
LF,27840.0,5.125295322050791,105.7145,105.7299,25468.0,29451.0,Nyctalus leisleri,0.16,0.284,-1,Echolocation,192000.0,/mnt/ubna_data_05/recover-20250324/UBNA_024/20250321_173000.WAV,recover-20250324,UBNA_024,Foliage
LF,26880.0,5.146193759251027,118.0235,118.0368,25468.0,29909.0,Nyctalus leisleri,0.355,0.555,-1,Echolocation,192000.0,/mnt/ubna_data_05/recover-20250324/UBNA_024/20250321_173000.WAV,recover-20250324,UBNA_024,Foliage
LF,25920.0,6.695882410437798,118.1675,118.18469999999999,25468.0,29182.0,Nyctalus leisleri,0.358,0.467,-1,Echolocation,192000.0,/mnt/ubna_data_05/recover-20250324/UBNA_024/20250321_173000.WAV,recover-20250324,UBNA_024,Foliage
LF,25920.0,5.751812798654205,118.3065,118.3188,25468.0,30372.0,Eptesicus serotinus,0.091,0.203,-1,Echolocation,192000.0,/mnt/ubna_data_05/recover-20250324/UBNA_024/20250321_173000.WAV,recover-20250324,UBNA_024,Foliage
LF,26880.0,2.859190959855566,118.4485,118.4647,25468.0,29782.0,Nyctalus leisleri,0.177,0.313,-1,Echolocation,192000.0,/mnt/ubna_data_05/recover-20250324/UBNA_024/20250321_173000.WAV,recover-20250324,UBNA_024,Foliage
LF,26880.0,6.969562623641021,121.9425,121.9578,25468.0,29227.0,Nyctalus leisleri,0.299,0.447,-1,Echolocation,192000.0,/mnt/ubna_data_05/recover-20250324/UBNA_024/20250321_173000.WAV,recover-20250324,UBNA_024,Foliage
LF,25920.0,4.388685863883547,122.2155,122.2295,25468.0,29079.0,Nyctalus leisleri,0.372,0.51,-1,Echolocation,192000.0,/mnt/ubna_data_05/recover-20250324/UBNA_024/20250321_173000.WAV,recover-20250324,UBNA_024,Foliage
LF,23040.0,0.21148359309282,208.4015,208.4207,22031.0,26287.0,Nyctalus leisleri,0.12,0.256,-1,Echolocation,192000.0,/mnt/ubna_data_05/recover-20250324/UBNA_024/20250321_173000.WAV,recover-20250324,UBNA_024,Foliage
LF,21120.0,6.587537825545252,299.3925,299.4206,19453.0,22461.0,Nyctalus noctula,0.129,0.242,-1,Echolocation,192000.0,/mnt/ubna_data_05/recover-20250324/UBNA_024/20250321_173000.WAV,recover-20250324,UBNA_024,Foliage
HF,43200.0,1.4468994599042906,105.1925,105.2027,43515.0,48266.0,Pipistrellus pipistrellus,0.319,0.503,-1,Echolocation,192000.0,/mnt/ubna_data_05/recover-20250324/UBNA_024/20250321_174000.WAV,recover-20250324,UBNA_024,Foliage
LF,21120.0,0.20102108798389942,222.0405,222.0628,20312.0,23861.0,Nyctalus noctula,0.155,0.239,-1,Echolocation,192000.0,/mnt/ubna_data_05/recover-20250324/UBNA_024/20250321_174000.WAV,recover-20250324,UBNA_024,Foliage
LF,23040.0,1.5350503951383374,299.8405,299.8541,23750.0,28236.0,Nyctalus leisleri,0.105,0.21,-1,Echolocation,192000.0,/mnt/ubna_data_05/recover-20250324/UBNA_024/20250321_174000.WAV,recover-20250324,UBNA_024,Foliage
LF,23040.0,1.4083803851731889,246.7695,246.7867,22031.0,25612.0,Nyctalus noctula,0.109,0.238,-1,Echolocation,192000.0,/mnt/ubna_data_05/recover-20250324/UBNA_024/20250321_180000.WAV,recover-20250324,UBNA_024,Foliage
HF,42240.0,0.14755292887509858,174.0015,174.0145,40937.0,45237.0,Pipistrellus nathusii,0.199,0.214,-1,Echolocation,192000.0,/mnt/ubna_data_05/recover-20250324/UBNA_024/20250321_181000.WAV,recover-20250324,UBNA_024,Foliage
LF,24960.0,0.9471970885066651,227.4545,227.4679,23750.0,28725.0,Nyctalus leisleri,0.12,0.248,-1,Echolocation,192000.0,/mnt/ubna_data_05/recover-20250324/UBNA_024/20250321_181000.WAV,recover-20250324,UBNA_024,Foliage
LF,24960.0,2.7130175096255256,297.2565,297.2622,22890.0,33489.0,Plecotus austriacus,0.177,0.242,-1,Echolocation,192000.0,/mnt/ubna_data_05/recover-20250324/UBNA_024/20250321_181000.WAV,recover-20250324,UBNA_024,Foliage
LF,24960.0,1.2180106297318751,160.8005,160.8141,23750.0,28685.0,Nyctalus leisleri,0.144,0.261,-1,Echolocation,192000.0,/mnt/ubna_data_05/recover-20250324/UBNA_024/20250321_182000.WAV,recover-20250324,UBNA_024,Foliage
LF,29760.0,1.9635197636161577,216.1395,216.1518,29765.0,35213.0,Eptesicus serotinus,0.121,0.207,-1,Echolocation,192000.0,/mnt/ubna_data_05/recover-20250324/UBNA_024/20250321_182000.WAV,recover-20250324,UBNA_024,Foliage
HF,45120.0,4.076420902452333,221.2885,221.302,43515.0,51193.0,Pipistrellus pipistrellus,0.17,0.311,-1,Echolocation,192000.0,/mnt/ubna_data_05/recover-20250324/UBNA_024/20250321_182000.WAV,recover-20250324,UBNA_024,Foliage
LF,24960.0,0.590346380076569,249.6425,249.6529,23750.0,29809.0,Eptesicus serotinus,0.11,0.3,-1,Echolocation,192000.0,/mnt/ubna_data_05/recover-20250324/UBNA_024/20250321_182000.WAV,recover-20250324,UBNA_024,Foliage
HF,45120.0,4.278094940876134,142.1935,142.20929999999998,42656.0,46845.0,Pipistrellus pipistrellus,0.191,0.251,-1,Echolocation,192000.0,/mnt/ubna_data_05/recover-20250324/UBNA_024/20250321_183000.WAV,recover-20250324,UBNA_024,Foliage
HF,45120.0,2.579491721069302,152.5525,152.5611,43515.0,46992.0,Pipistrellus pipistrellus,0.223,0.237,-1,Echolocation,192000.0,/mnt/ubna_data_05/recover-20250324/UBNA_024/20250321_183000.WAV,recover-20250324,UBNA_024,Foliage
HF,45120.0,2.9104112461522136,161.8325,161.8393,43515.0,50862.0,Pipistrellus pipistrellus,0.254,0.294,-1,Echolocation,192000.0,/mnt/ubna_data_05/recover-20250324/UBNA_024/20250321_183000.WAV,recover-20250324,UBNA_024,Foliage
LF,24000.0,0.41801395843517886,24.8485,24.8647,23750.0,28209.0,Nyctalus leisleri,0.13,0.247,-1,Echolocation,192000.0,/mnt/ubna_data_05/recover-20250324/UBNA_024/20250321_184000.WAV,recover-20250324,UBNA_024,Foliage
LF,22080.0,1.1193763190601578,109.3845,109.40090000000001,22031.0,26757.0,Nyctalus leisleri,0.143,0.311,-1,Echolocation,192000.0,/mnt/ubna_data_05/recover-20250324/UBNA_024/20250321_184000.WAV,recover-20250324,UBNA_024,Foliage
HF,42240.0,3.1857050753901954,138.5935,138.6015,40937.0,45620.0,Pipistrellus nathusii,0.112,0.203,-1,Echolocation,192000.0,/mnt/ubna_data_05/recover-20250324/UBNA_024/20250321_184000.WAV,recover-20250324,UBNA_024,Foliage
HF,37440.0,2.2937000494133484,4.9175,4.9206,33203.0,50112.0,Myotis daubentonii,0.067,0.222,-1,Echolocation,192000.0,/mnt/ubna_data_05/recover-20250324/UBNA_024/20250321_185000.WAV,recover-20250324,UBNA_024,Foliage
HF,35520.0,2.9745131581400863,7.9275,7.9313,25468.0,60545.0,Myotis nattereri,0.194,0.218,-1,Echolocation,192000.0,/mnt/ubna_data_05/recover-20250324/UBNA_024/20250321_185000.WAV,recover-20250324,UBNA_024,Foliage
HF,45120.0,5.188889282181085,9.2315,9.2353,23750.0,65312.0,Myotis nattereri,0.217,0.236,-1,Echolocation,192000.0,/mnt/ubna_data_05/recover-20250324/UBNA_024/20250321_185000.WAV,recover-20250324,UBNA_024,Foliage
HF,45120.0,1.6949455400630564,36.1705,36.1739,39218.0,54396.0,Myotis nattereri,0.131,0.221,-1,Echolocation,192000.0,/mnt/ubna_data_05/recover-20250324/UBNA_024/20250321_185000.WAV,recover-20250324,UBNA_024,Foliage
HF,37440.0,2.1797016926727677,36.8835,36.887299999999996,34062.0,53504.0,Myotis nattereri,0.108,0.207,-1,Echolocation,192000.0,/mnt/ubna_data_05/recover-20250324/UBNA_024/20250321_185000.WAV,recover-20250324,UBNA_024,Foliage
HF,46080.0,1.4998071505861699,37.1465,37.1499,25468.0,58606.0,Myotis nattereri,0.177,0.21,-1,Echolocation,192000.0,/mnt/ubna_data_05/recover-20250324/UBNA_024/20250321_185000.WAV,recover-20250324,UBNA_024,Foliage
LF,25920.0,1.5128021675094838,37.2285,37.2333,23750.0,42497.0,Myotis nattereri,0.141,0.233,-1,Echolocation,192000.0,/mnt/ubna_data_05/recover-20250324/UBNA_024/20250321_185000.WAV,recover-20250324,UBNA_024,Foliage
HF,34560.0,2.64092085998497,37.6685,37.672,28906.0,48869.0,Myotis nattereri,0.146,0.245,-1,Echolocation,192000.0,/mnt/ubna_data_05/recover-20250324/UBNA_024/20250321_185000.WAV,recover-20250324,UBNA_024,Foliage
HF,42240.0,1.8623494884261587,44.1235,44.1271,26328.0,61809.0,Myotis nattereri,0.179,0.255,-1,Echolocation,192000.0,/mnt/ubna_data_05/recover-20250324/UBNA_024/20250321_185000.WAV,recover-20250324,UBNA_024,Foliage
LF,22080.0,0.6104958881208822,129.8855,129.9064,21171.0,24396.0,Nyctalus noctula,0.101,0.21,-1,Echolocation,192000.0,/mnt/ubna_data_05/recover-20250324/UBNA_024/20250321_185000.WAV,recover-20250324,UBNA_024,Foliage
LF,27840.0,1.4816489264549717,294.9715,294.9846,26328.0,30830.0,Eptesicus serotinus,0.103,0.211,-1,Echolocation,192000.0,/mnt/ubna_data_05/recover-20250324/UBNA_024/20250321_185000.WAV,recover-20250324,UBNA_024,Foliage
LF,26880.0,2.1928784298207575,13.4095,13.413,24609.0,45335.0,Plecotus austriacus,0.111,0.21,-1,Echolocation,192000.0,/mnt/ubna_data_05/recover-20250324/UBNA_024/20250321_190000.WAV,recover-20250324,UBNA_024,Foliage
HF,45120.0,3.01050456668047,24.6735,24.6885,44375.0,47336.0,Pipistrellus pipistrellus,0.178,0.21,-1,Echolocation,192000.0,/mnt/ubna_data_05/recover-20250324/UBNA_024/20250321_190000.WAV,recover-20250324,UBNA_024,Foliage
HF,45120.0,3.440852401132876,25.8225,25.8316,44375.0,47958.0,Pipistrellus pipistrellus,0.189,0.209,-1,Echolocation,192000.0,/mnt/ubna_data_05/recover-20250324/UBNA_024/20250321_190000.WAV,recover-20250324,UBNA_024,Foliage
HF,40320.0,2.367449889794208,42.1275,42.1306,36640.0,50182.0,Myotis nattereri,0.156,0.314,-1,Echolocation,192000.0,/mnt/ubna_data_05/recover-20250324/UBNA_024/20250321_190000.WAV,recover-20250324,UBNA_024,Foliage
LF,25920.0,0.4849864576726915,205.4865,205.4989,23750.0,29254.0,Eptesicus serotinus,0.096,0.206,-1,Echolocation,192000.0,/mnt/ubna_data_05/recover-20250324/UBNA_024/20250321_190000.WAV,recover-20250324,UBNA_024,Foliage
LF,22080.0,-1.0710668674174981,44.0045,44.0233,20312.0,23970.0,Nyctalus noctula,0.149,0.209,-1,Echolocation,192000.0,/mnt/ubna_data_05/recover-20250324/UBNA_024/20250321_192000.WAV,recover-20250324,UBNA_024,Foliage
HF,45120.0,4.121716450627738,56.573499999999996,56.5904,44375.0,47499.0,Pipistrellus pipistrellus,0.174,0.205,-1,Echolocation,192000.0,/mnt/ubna_data_05/recover-20250324/UBNA_024/20250321_192000.WAV,recover-20250324,UBNA_024,Foliage
LF,23040.0,0.9573367271164662,234.4355,234.4523,22890.0,27286.0,Nyctalus leisleri,0.205,0.312,-1,Echolocation,192000.0,/mnt/ubna_data_05/recover-20250324/UBNA_024/20250321_193000.WAV,recover-20250324,UBNA_024,Foliage
HF,39360.0,2.471523783552772,236.1195,236.1226,36640.0,51798.0,Myotis nattereri,0.1,0.208,-1,Echolocation,192000.0,/mnt/ubna_data_05/recover-20250324/UBNA_024/20250321_193000.WAV,recover-20250324,UBNA_024,Foliage
LF,23040.0,0.28094955247476155,160.7035,160.716,23750.0,28576.0,Nyctalus leisleri,0.106,0.23,-1,Echolocation,192000.0,/mnt/ubna_data_05/recover-20250324/UBNA_024/20250321_194000.WAV,recover-20250324,UBNA_024,Foliage
LF,17280.0,8.82823875084014,198.3845,198.4089,16015.0,18654.0,Nyctalus noctula,0.208,0.271,-1,Echolocation,192000.0,/mnt/ubna_data_05/recover-20250324/UBNA_024/20250321_195000.WAV,recover-20250324,UBNA_024,Foliage
LF,16320.0,14.055876168009418,198.6265,198.6489,15156.0,18370.0,Nyctalus noctula,0.119,0.214,-1,Echolocation,192000.0,/mnt/ubna_data_05/recover-20250324/UBNA_024/20250321_195000.WAV,recover-20250324,UBNA_024,Foliage
LF,25920.0,2.3653547355062883,0.7565,0.7644,23750.0,33510.0,Eptesicus serotinus,0.083,0.268,-1,Echolocation,192000.0,/mnt/ubna_data_05/recover-20250324/UBNA_024/20250321_200000.WAV,recover-20250324,UBNA_024,Foliage
LF,25920.0,1.0339260396879495,61.5965,61.6095,25468.0,30353.0,Eptesicus serotinus,0.092,0.205,-1,Echolocation,192000.0,/mnt/ubna_data_05/recover-20250324/UBNA_024/20250321_200000.WAV,recover-20250324,UBNA_024,Foliage
LF,23040.0,0.3169192035772509,146.4725,146.4916,22031.0,26273.0,Nyctalus leisleri,0.105,0.225,-1,Echolocation,192000.0,/mnt/ubna_data_05/recover-20250324/UBNA_024/20250321_201000.WAV,recover-20250324,UBNA_024,Foliage
LF,22080.0,0.9673727552904483,64.8395,64.8607,20312.0,23246.0,Nyctalus noctula,0.132,0.215,-1,Echolocation,192000.0,/mnt/ubna_data_05/recover-20250324/UBNA_024/20250321_202000.WAV,recover-20250324,UBNA_024,Foliage
LF,19200.0,3.660801483464899,86.4365,86.4582,18593.0,21475.0,Nyctalus noctula,0.212,0.298,-1,Echolocation,192000.0,/mnt/ubna_data_05/recover-20250324/UBNA_024/20250321_202000.WAV,recover-20250324,UBNA_024,Foliage
LF,25920.0,0.6436338472385854,94.7175,94.7297,25468.0,31332.0,Eptesicus serotinus,0.096,0.203,-1,Echolocation,192000.0,/mnt/ubna_data_05/recover-20250324/UBNA_024/20250321_202000.WAV,recover-20250324,UBNA_024,Foliage
LF,24000.0,0.4210987702335642,237.0795,237.093,24609.0,29663.0,Nyctalus leisleri,0.088,0.214,-1,Echolocation,192000.0,/mnt/ubna_data_05/recover-20250324/UBNA_024/20250321_202000.WAV,recover-20250324,UBNA_024,Foliage
HF,42240.0,3.6508308076648994,245.1565,245.163,39218.0,49592.0,Myotis daubentonii,0.065,0.204,-1,Echolocation,192000.0,/mnt/ubna_data_05/recover-20250324/UBNA_024/20250321_204000.WAV,recover-20250324,UBNA_024,Foliage
LF,29760.0,1.0309084301475797,182.1025,182.1164,28906.0,33336.0,Eptesicus serotinus,0.14,0.284,-1,Echolocation,192000.0,/mnt/ubna_data_05/recover-20250324/UBNA_024/20250321_211000.WAV,recover-20250324,UBNA_024,Foliage
LF,25920.0,1.2612940632685476,70.6325,70.6423,25468.0,33137.0,Eptesicus serotinus,0.104,0.202,-1,Echolocation,192000.0,/mnt/ubna_data_05/recover-20250324/UBNA_024/20250321_214000.WAV,recover-20250324,UBNA_024,Foliage
LF,21120.0,1.65150820283914,124.3105,124.331,21171.0,25212.0,Nyctalus noctula,0.212,0.328,-1,Echolocation,192000.0,/mnt/ubna_data_05/recover-20250324/UBNA_024/20250321_220000.WAV,recover-20250324,UBNA_024,Foliage
LF,22080.0,0.3344803718364337,195.2855,195.3041,21171.0,25469.0,Nyctalus noctula,0.168,0.269,-1,Echolocation,192000.0,/mnt/ubna_data_05/recover-20250324/UBNA_024/20250321_223000.WAV,recover-20250324,UBNA_024,Foliage
LF,22080.0,3.8482724149068277,67.8475,67.862,21171.0,25311.0,Nyctalus noctula,0.109,0.231,-1,Echolocation,192000.0,/mnt/ubna_data_05/recover-20250324/UBNA_024/20250321_225000.WAV,recover-20250324,UBNA_024,Foliage
LF,29760.0,2.0175134871630513,18.3905,18.4035,28906.0,32758.0,Nyctalus leisleri,0.258,0.389,-1,Echolocation,192000.0,/mnt/ubna_data_05/recover-20250324/UBNA_024/20250321_232000.WAV,recover-20250324,UBNA_024,Foliage
LF,22080.0,4.78417121831546,18.4905,18.5148,21171.0,24145.0,Nyctalus leisleri,0.252,0.265,-1,Echolocation,192000.0,/mnt/ubna_data_05/recover-20250324/UBNA_024/20250321_232000.WAV,recover-20250324,UBNA_024,Foliage
LF,24000.0,0.8444295186402864,20.1985,20.2103,23750.0,28746.0,Nyctalus leisleri,0.139,0.311,-1,Echolocation,192000.0,/mnt/ubna_data_05/recover-20250324/UBNA_024/20250321_232000.WAV,recover-20250324,UBNA_024,Foliage
LF,28800.0,1.9709603591134808,28.2925,28.3079,28046.0,31707.0,Nyctalus leisleri,0.129,0.239,-1,Echolocation,192000.0,/mnt/ubna_data_05/recover-20250324/UBNA_024/20250321_232000.WAV,recover-20250324,UBNA_024,Foliage
LF,28800.0,2.013179844699902,35.0735,35.0859,28046.0,32639.0,Nyctalus leisleri,0.105,0.21,-1,Echolocation,192000.0,/mnt/ubna_data_05/recover-20250324/UBNA_024/20250321_232000.WAV,recover-20250324,UBNA_024,Foliage
LF,19200.0,4.126171814019299,54.430499999999995,54.458,17734.0,20152.0,Nyctalus noctula,0.253,0.325,-1,Echolocation,192000.0,/mnt/ubna_data_05/recover-20250324/UBNA_024/20250321_232000.WAV,recover-20250324,UBNA_024,Foliage
LF,19200.0,17.213845280979886,55.950500000000005,55.9739,18593.0,21554.0,Nyctalus noctula,0.315,0.42,-1,Echolocation,192000.0,/mnt/ubna_data_05/recover-20250324/UBNA_024/20250321_232000.WAV,recover-20250324,UBNA_024,Foliage
LF,19200.0,17.068759126296904,56.2205,56.2441,17734.0,21059.0,Nyctalus noctula,0.391,0.534,-1,Echolocation,192000.0,/mnt/ubna_data_05/recover-20250324/UBNA_024/20250321_232000.WAV,recover-20250324,UBNA_024,Foliage
LF,19200.0,4.374581507657184,56.7405,56.7588,18593.0,22781.0,Nyctalus noctula,0.288,0.408,-1,Echolocation,192000.0,/mnt/ubna_data_05/recover-20250324/UBNA_024/20250321_232000.WAV,recover-20250324,UBNA_024,Foliage
LF,27840.0,3.1570525881549605,57.3335,57.3501,27187.0,30629.0,Nyctalus leisleri,0.162,0.26,-1,Echolocation,192000.0,/mnt/ubna_data_05/recover-20250324/UBNA_024/20250321_232000.WAV,recover-20250324,UBNA_024,Foliage
LF,19200.0,4.193627541097353,69.1975,69.2213,18593.0,21584.0,Nyctalus noctula,0.251,0.333,-1,Echolocation,192000.0,/mnt/ubna_data_05/recover-20250324/UBNA_024/20250321_232000.WAV,recover-20250324,UBNA_024,Foliage
LF,19200.0,5.5990188009840605,72.2015,72.2243,18593.0,21863.0,Nyctalus noctula,0.263,0.348,-1,Echolocation,192000.0,/mnt/ubna_data_05/recover-20250324/UBNA_024/20250321_232000.WAV,recover-20250324,UBNA_024,Foliage
LF,19200.0,9.838500845127502,84.0085,84.02629999999999,18593.0,22282.0,Nyctalus noctula,0.317,0.414,-1,Echolocation,192000.0,/mnt/ubna_data_05/recover-20250324/UBNA_024/20250321_232000.WAV,recover-20250324,UBNA_024,Foliage
LF,18240.0,4.622590958723289,85.6865,85.70830000000001,17734.0,20428.0,Nyctalus noctula,0.262,0.398,-1,Echolocation,192000.0,/mnt/ubna_data_05/recover-20250324/UBNA_024/20250321_232000.WAV,recover-20250324,UBNA_024,Foliage
LF,28800.0,1.9155225281206265,91.6935,91.7052,28046.0,32178.0,Nyctalus leisleri,0.253,0.413,-1,Echolocation,192000.0,/mnt/ubna_data_05/recover-20250324/UBNA_024/20250321_232000.WAV,recover-20250324,UBNA_024,Foliage
LF,20160.0,18.251949648523333,95.7205,95.7424,19453.0,22576.0,Nyctalus noctula,0.259,0.346,-1,Echolocation,192000.0,/mnt/ubna_data_05/recover-20250324/UBNA_024/20250321_232000.WAV,recover-20250324,UBNA_024,Foliage
LF,21120.0,5.574193881059882,192.2465,192.2661,20312.0,23997.0,Nyctalus noctula,0.089,0.202,-1,Echolocation,192000.0,/mnt/ubna_data_05/recover-20250324/UBNA_024/20250321_232000.WAV,recover-20250324,UBNA_024,Foliage
LF,18240.0,8.648117349152537,266.8465,266.8734,16875.0,19315.0,Nyctalus noctula,0.156,0.214,-1,Echolocation,192000.0,/mnt/ubna_data_05/recover-20250324/UBNA_024/20250321_232000.WAV,recover-20250324,UBNA_024,Foliage
LF,27840.0,2.4419603414669284,2.0975,2.1018,23750.0,42308.0,Plecotus austriacus,0.137,0.205,-1,Echolocation,192000.0,/mnt/ubna_data_05/recover-20250324/UBNA_024/20250321_233000.WAV,recover-20250324,UBNA_024,Foliage
HF,38400.0,13.432812240218786,13.0615,13.0648,23750.0,58301.0,Myotis nattereri,0.205,0.232,-1,Echolocation,192000.0,/mnt/ubna_data_05/recover-20250324/UBNA_024/20250321_233000.WAV,recover-20250324,UBNA_024,Foliage
LF,28800.0,0.8934289571742933,56.2595,56.2635,25468.0,42790.0,Plecotus austriacus,0.107,0.204,-1,Echolocation,192000.0,/mnt/ubna_data_05/recover-20250324/UBNA_024/20250321_233000.WAV,recover-20250324,UBNA_024,Foliage
LF,25920.0,9.110377435865455,64.5825,64.5889,23750.0,37927.0,Plecotus austriacus,0.136,0.231,-1,Echolocation,192000.0,/mnt/ubna_data_05/recover-20250324/UBNA_024/20250321_233000.WAV,recover-20250324,UBNA_024,Foliage
LF,24000.0,3.401492175939804,123.1285,123.1321,23750.0,41650.0,Plecotus austriacus,0.165,0.241,-1,Echolocation,192000.0,/mnt/ubna_data_05/recover-20250324/UBNA_024/20250321_233000.WAV,recover-20250324,UBNA_024,Foliage
LF,25920.0,3.1813176395318927,114.2165,114.2214,23750.0,36257.0,Plecotus austriacus,0.207,0.242,-1,Echolocation,192000.0,/mnt/ubna_data_05/recover-20250324/UBNA_024/20250321_234000.WAV,recover-20250324,UBNA_024,Foliage
LF,21120.0,2.639171508589846,128.5215,128.5262,22031.0,39726.0,Plecotus austriacus,0.158,0.215,-1,Echolocation,192000.0,/mnt/ubna_data_05/recover-20250324/UBNA_024/20250321_234000.WAV,recover-20250324,UBNA_024,Foliage
HF,38400.0,3.78345866663662,204.8725,204.8759,27187.0,47129.0,Plecotus austriacus,0.111,0.227,-1,Echolocation,192000.0,/mnt/ubna_data_05/recover-20250324/UBNA_024/20250321_234000.WAV,recover-20250324,UBNA_024,Foliage
LF,25920.0,-0.6141725892725807,238.1305,238.1433,25468.0,29493.0,Nyctalus leisleri,0.139,0.241,-1,Echolocation,192000.0,/mnt/ubna_data_05/recover-20250324/UBNA_024/20250321_234000.WAV,recover-20250324,UBNA_024,Foliage
LF,28800.0,5.069320103219873,242.0845,242.0893,25468.0,43073.0,Plecotus austriacus,0.143,0.224,-1,Echolocation,192000.0,/mnt/ubna_data_05/recover-20250324/UBNA_024/20250321_234000.WAV,recover-20250324,UBNA_024,Foliage
LF,23040.0,10.762797045759305,280.4495,280.4548,19453.0,31952.0,Plecotus austriacus,0.206,0.269,-1,Echolocation,192000.0,/mnt/ubna_data_05/recover-20250324/UBNA_024/20250321_234000.WAV,recover-20250324,UBNA_024,Foliage
LF,25920.0,2.9992496707794447,290.0545,290.0581,23750.0,44542.0,Plecotus austriacus,0.143,0.233,-1,Echolocation,192000.0,/mnt/ubna_data_05/recover-20250324/UBNA_024/20250321_234000.WAV,recover-20250324,UBNA_024,Foliage
LF,28800.0,1.590199925863753,295.83050000000003,295.8365,26328.0,35922.0,Plecotus auritus,0.093,0.235,-1,Echolocation,192000.0,/mnt/ubna_data_05/recover-20250324/UBNA_024/20250321_234000.WAV,recover-20250324,UBNA_024,Foliage
LF,26880.0,1.2179777789447541,33.1525,33.1571,22890.0,36309.0,Plecotus austriacus,0.107,0.208,-1,Echolocation,192000.0,/mnt/ubna_data_05/recover-20250324/UBNA_024/20250321_235000.WAV,recover-20250324,UBNA_024,Foliage
LF,26880.0,0.8951484818685755,68.50450000000001,68.50919999999999,23750.0,36473.0,Plecotus austriacus,0.124,0.22,-1,Echolocation,192000.0,/mnt/ubna_data_05/recover-20250324/UBNA_024/20250321_235000.WAV,recover-20250324,UBNA_024,Foliage
LF,27840.0,1.5065876057836984,69.0945,69.0987,24609.0,38669.0,Plecotus austriacus,0.159,0.213,-1,Echolocation,192000.0,/mnt/ubna_data_05/recover-20250324/UBNA_024/20250321_235000.WAV,recover-20250324,UBNA_024,Foliage
HF,36480.0,1.5584244158167257,69.37049999999999,69.3745,31484.0,51708.0,Myotis nattereri,0.088,0.205,-1,Echolocation,192000.0,/mnt/ubna_data_05/recover-20250324/UBNA_024/20250321_235000.WAV,recover-20250324,UBNA_024,Foliage
LF,28800.0,1.512623590589901,100.0425,100.0527,27187.0,32478.0,Eptesicus serotinus,0.104,0.207,-1,Echolocation,192000.0,/mnt/ubna_data_05/recover-20250324/UBNA_024/20250321_235000.WAV,recover-20250324,UBNA_024,Foliage
LF,24960.0,-1.3358138038524063,143.1805,143.1905,25468.0,31282.0,Eptesicus serotinus,0.132,0.227,-1,Echolocation,192000.0,/mnt/ubna_data_05/recover-20250324/UBNA_024/20250321_235000.WAV,recover-20250324,UBNA_024,Foliage
LF,23040.0,2.5846787807993703,168.1045,168.1103,23750.0,35648.0,Plecotus austriacus,0.153,0.226,-1,Echolocation,192000.0,/mnt/ubna_data_05/recover-20250324/UBNA_024/20250321_235000.WAV,recover-20250324,UBNA_024,Foliage
LF,26880.0,1.1751451973443707,204.9055,204.9099,22890.0,37472.0,Plecotus austriacus,0.165,0.217,-1,Echolocation,192000.0,/mnt/ubna_data_05/recover-20250324/UBNA_024/20250321_235000.WAV,recover-20250324,UBNA_024,Foliage
LF,23040.0,0.8598493426212049,237.82150000000001,237.8326,24609.0,30096.0,Eptesicus serotinus,0.124,0.226,-1,Echolocation,192000.0,/mnt/ubna_data_05/recover-20250324/UBNA_024/20250321_235000.WAV,recover-20250324,UBNA_024,Foliage
LF,23040.0,4.3848988131862985,285.6825,285.6942,21171.0,28138.0,Nyctalus noctula,0.142,0.288,-1,Echolocation,192000.0,/mnt/ubna_data_05/recover-20250324/UBNA_024/20250321_235000.WAV,recover-20250324,UBNA_024,Foliage
LF,28800.0,1.8149331431799374,144.0085,144.0118,25468.0,42882.0,Plecotus austriacus,0.136,0.223,-1,Echolocation,192000.0,/mnt/ubna_data_05/recover-20250324/UBNA_024/20250322_000000.WAV,recover-20250324,UBNA_024,Foliage
LF,27840.0,3.27992087383665,166.5275,166.5323,23750.0,39952.0,Plecotus austriacus,0.214,0.283,-1,Echolocation,192000.0,/mnt/ubna_data_05/recover-20250324/UBNA_024/20250322_000000.WAV,recover-20250324,UBNA_024,Foliage
HF,39360.0,3.8689255321214517,171.5915,171.5972,35781.0,46557.0,Myotis daubentonii,0.111,0.216,-1,Echolocation,192000.0,/mnt/ubna_data_05/recover-20250324/UBNA_024/20250322_000000.WAV,recover-20250324,UBNA_024,Foliage
HF,37440.0,2.8690898456482805,174.6125,174.6161,25468.0,50565.0,Myotis nattereri,0.152,0.253,-1,Echolocation,192000.0,/mnt/ubna_data_05/recover-20250324/UBNA_024/20250322_000000.WAV,recover-20250324,UBNA_024,Foliage
LF,27840.0,5.2371830150844065,176.8485,176.8521,23750.0,41627.0,Plecotus austriacus,0.154,0.232,-1,Echolocation,192000.0,/mnt/ubna_data_05/recover-20250324/UBNA_024/20250322_000000.WAV,recover-20250324,UBNA_024,Foliage
LF,24960.0,4.418417045953817,185.2445,185.2476,22890.0,44694.0,Plecotus austriacus,0.143,0.23,-1,Echolocation,192000.0,/mnt/ubna_data_05/recover-20250324/UBNA_024/20250322_000000.WAV,recover-20250324,UBNA_024,Foliage
LF,24000.0,1.645326750874633,185.3445,185.3481,24609.0,43835.0,Plecotus austriacus,0.152,0.245,-1,Echolocation,192000.0,/mnt/ubna_data_05/recover-20250324/UBNA_024/20250322_000000.WAV,recover-20250324,UBNA_024,Foliage
LF,28800.0,2.021153534252362,265.9515,265.9551,23750.0,38504.0,Plecotus austriacus,0.209,0.263,-1,Echolocation,192000.0,/mnt/ubna_data_05/recover-20250324/UBNA_024/20250322_000000.WAV,recover-20250324,UBNA_024,Foliage
LF,23040.0,2.12801403011865,280.8755,280.8806,22890.0,38172.0,Plecotus austriacus,0.145,0.23,-1,Echolocation,192000.0,/mnt/ubna_data_05/recover-20250324/UBNA_024/20250322_000000.WAV,recover-20250324,UBNA_024,Foliage
LF,20160.0,0.5664182715679371,31.3325,31.3575,20312.0,23693.0,Nyctalus noctula,0.111,0.217,-1,Echolocation,192000.0,/mnt/ubna_data_05/recover-20250324/UBNA_024/20250322_001000.WAV,recover-20250324,UBNA_024,Foliage
LF,25920.0,2.1743978477200736,66.6665,66.6711,23750.0,38625.0,Plecotus austriacus,0.193,0.255,-1,Echolocation,192000.0,/mnt/ubna_data_05/recover-20250324/UBNA_024/20250322_002000.WAV,recover-20250324,UBNA_024,Foliage
LF,27840.0,5.036750770345886,114.0035,114.0077,24609.0,42377.0,Plecotus austriacus,0.183,0.275,-1,Echolocation,192000.0,/mnt/ubna_data_05/recover-20250324/UBNA_024/20250322_002000.WAV,recover-20250324,UBNA_024,Foliage
LF,23040.0,2.681741732158092,151.0365,151.0415,23750.0,39004.0,Plecotus austriacus,0.161,0.214,-1,Echolocation,192000.0,/mnt/ubna_data_05/recover-20250324/UBNA_024/20250322_002000.WAV,recover-20250324,UBNA_024,Foliage
LF,25920.0,0.5955454477814488,183.7485,183.7612,25468.0,29918.0,Nyctalus leisleri,0.123,0.256,-1,Echolocation,192000.0,/mnt/ubna_data_05/recover-20250324/UBNA_024/20250322_002000.WAV,recover-20250324,UBNA_024,Foliage
LF,24000.0,0.26757900264452994,209.8875,209.9031,23750.0,28138.0,Nyctalus leisleri,0.148,0.232,-1,Echolocation,192000.0,/mnt/ubna_data_05/recover-20250324/UBNA_024/20250322_002000.WAV,recover-20250324,UBNA_024,Foliage
LF,25920.0,1.7268861428269378,243.6095,243.6198,23750.0,30823.0,Nyctalus leisleri,0.063,0.208,-1,Echolocation,192000.0,/mnt/ubna_data_05/recover-20250324/UBNA_024/20250322_002000.WAV,recover-20250324,UBNA_024,Foliage
LF,29760.0,6.167431773015304,246.4005,246.4041,25468.0,44206.0,Plecotus auritus,0.121,0.231,-1,Echolocation,192000.0,/mnt/ubna_data_05/recover-20250324/UBNA_024/20250322_002000.WAV,recover-20250324,UBNA_024,Foliage
LF,29760.0,0.825464480100806,77.8435,77.85470000000001,28906.0,34161.0,Eptesicus serotinus,0.154,0.273,-1,Echolocation,192000.0,/mnt/ubna_data_05/recover-20250324/UBNA_024/20250322_003000.WAV,recover-20250324,UBNA_024,Foliage
LF,18240.0,3.9672691627101924,65.7695,65.77590000000001,14296.0,28962.0,Plecotus auritus,0.191,0.24,-1,Echolocation,192000.0,/mnt/ubna_data_05/recover-20250324/UBNA_024/20250322_005000.WAV,recover-20250324,UBNA_024,Foliage
LF,20160.0,1.4263328074192625,132.0875,132.1046,18593.0,23490.0,Nyctalus noctula,0.149,0.209,-1,Echolocation,192000.0,/mnt/ubna_data_05/recover-20250324/UBNA_024/20250322_005000.WAV,recover-20250324,UBNA_024,Foliage
LF,21120.0,3.0386935856783808,237.2515,237.2566,16875.0,35482.0,Plecotus auritus,0.192,0.317,-1,Echolocation,192000.0,/mnt/ubna_data_05/recover-20250324/UBNA_024/20250322_005000.WAV,recover-20250324,UBNA_024,Foliage
LF,25920.0,5.061470768690558,102.0035,102.007,24609.0,43691.0,Plecotus austriacus,0.151,0.287,-1,Echolocation,192000.0,/mnt/ubna_data_05/recover-20250324/UBNA_024/20250322_010000.WAV,recover-20250324,UBNA_024,Foliage
LF,28800.0,4.623431335416887,120.1595,120.1638,23750.0,38663.0,Plecotus austriacus,0.249,0.334,-1,Echolocation,192000.0,/mnt/ubna_data_05/recover-20250324/UBNA_024/20250322_010000.WAV,recover-20250324,UBNA_024,Foliage
LF,28800.0,6.765083486163311,136.3015,136.3054,22890.0,45722.0,Plecotus austriacus,0.176,0.278,-1,Echolocation,192000.0,/mnt/ubna_data_05/recover-20250324/UBNA_024/20250322_010000.WAV,recover-20250324,UBNA_024,Foliage
LF,23040.0,4.978071667261707,143.3825,143.3869,22890.0,39252.0,Plecotus austriacus,0.167,0.281,-1,Echolocation,192000.0,/mnt/ubna_data_05/recover-20250324/UBNA_024/20250322_010000.WAV,recover-20250324,UBNA_024,Foliage
LF,26880.0,1.9814499684454394,165.7465,165.7517,27187.0,38175.0,Plecotus auritus,0.078,0.225,-1,Echolocation,192000.0,/mnt/ubna_data_05/recover-20250324/UBNA_024/20250322_010000.WAV,recover-20250324,UBNA_024,Foliage
LF,26880.0,4.360313788838818,172.0045,172.00979999999998,24609.0,36939.0,Plecotus austriacus,0.244,0.31,-1,Echolocation,192000.0,/mnt/ubna_data_05/recover-20250324/UBNA_024/20250322_010000.WAV,recover-20250324,UBNA_024,Foliage
LF,25920.0,2.3020819548756952,187.0225,187.0272,22890.0,37388.0,Plecotus austriacus,0.202,0.273,-1,Echolocation,192000.0,/mnt/ubna_data_05/recover-20250324/UBNA_024/20250322_010000.WAV,recover-20250324,UBNA_024,Foliage
HF,40320.0,6.802636105687779,110.1075,110.1114,34921.0,54665.0,Myotis nattereri,0.095,0.201,-1,Echolocation,192000.0,/mnt/ubna_data_05/recover-20250324/UBNA_024/20250322_011000.WAV,recover-20250324,UBNA_024,Foliage
LF,26880.0,4.806142520954097,182.6535,182.6593,22890.0,34029.0,Plecotus austriacus,0.191,0.257,-1,Echolocation,192000.0,/mnt/ubna_data_05/recover-20250324/UBNA_024/20250322_012000.WAV,recover-20250324,UBNA_024,Foliage
LF,22080.0,-0.3261688746291397,53.204499999999996,53.2227,21171.0,25724.0,Nyctalus noctula,0.135,0.22,-1,Echolocation,192000.0,/mnt/ubna_data_05/recover-20250324/UBNA_024/20250322_013000.WAV,recover-20250324,UBNA_024,Foliage
LF,21120.0,2.9869366407266607,153.6295,153.6363,14296.0,28831.0,Plecotus auritus,0.163,0.202,-1,Echolocation,192000.0,/mnt/ubna_data_05/recover-20250324/UBNA_024/20250322_013000.WAV,recover-20250324,UBNA_024,Foliage
LF,24000.0,0.9195100640384657,233.2855,233.2986,22890.0,27418.0,Nyctalus leisleri,0.128,0.284,-1,Echolocation,192000.0,/mnt/ubna_data_05/recover-20250324/UBNA_024/20250322_013000.WAV,recover-20250324,UBNA_024,Foliage
LF,23040.0,0.9145265304401524,281.9165,281.9259,22890.0,31352.0,Plecotus austriacus,0.058,0.21,-1,Echolocation,192000.0,/mnt/ubna_data_05/recover-20250324/UBNA_024/20250322_015000.WAV,recover-20250324,UBNA_024,Foliage
LF,27840.0,1.6049430867764667,210.3455,210.3561,27187.0,34657.0,Eptesicus serotinus,0.167,0.23,-1,Echolocation,192000.0,/mnt/ubna_data_05/recover-20250324/UBNA_024/20250322_020000.WAV,recover-20250324,UBNA_024,Foliage
LF,24000.0,1.3971594447128102,17.0665,17.0767,24609.0,32831.0,Eptesicus serotinus,0.243,0.382,-1,Echolocation,192000.0,/mnt/ubna_data_05/recover-20250324/UBNA_024/20250322_022000.WAV,recover-20250324,UBNA_024,Foliage
HF,36480.0,3.623481867029568,102.9615,102.9645,33203.0,49360.0,Plecotus auritus,0.086,0.266,-1,Echolocation,192000.0,/mnt/ubna_data_05/recover-20250324/UBNA_024/20250322_022000.WAV,recover-20250324,UBNA_024,Foliage
HF,45120.0,5.8254011825034615,259.7955,259.7996,23750.0,60410.0,Myotis nattereri,0.229,0.245,-1,Echolocation,192000.0,/mnt/ubna_data_05/recover-20250324/UBNA_024/20250322_030000.WAV,recover-20250324,UBNA_024,Foliage
HF,47040.0,4.888364848095163,260.5715,260.57529999999997,23750.0,68584.0,Myotis nattereri,0.199,0.208,-1,Echolocation,192000.0,/mnt/ubna_data_05/recover-20250324/UBNA_024/20250322_030000.WAV,recover-20250324,UBNA_024,Foliage
HF,40320.0,2.6898692689523696,261.1935,261.197,25468.0,75337.0,Myotis nattereri,0.262,0.28,-1,Echolocation,192000.0,/mnt/ubna_data_05/recover-20250324/UBNA_024/20250322_030000.WAV,recover-20250324,UBNA_024,Foliage
HF,40320.0,4.1345497883378455,261.1935,261.1967,34062.0,67130.0,Myotis nattereri,0.285,0.317,-1,Echolocation,192000.0,/mnt/ubna_data_05/recover-20250324/UBNA_024/20250322_030000.WAV,recover-20250324,UBNA_024,Foliage
LF,28800.0,0.826636785379345,112.3425,112.3527,27187.0,33874.0,Eptesicus serotinus,0.116,0.226,-1,Echolocation,192000.0,/mnt/ubna_data_05/recover-20250324/UBNA_024/20250322_031000.WAV,recover-20250324,UBNA_024,Foliage
HF,55680.0,6.54206249524486,290.1465,290.151,52109.0,63017.0,Pipistrellus pygmaeus,0.379,0.436,-1,Echolocation,192000.0,/mnt/ubna_data_05/recover-20250324/UBNA_024/20250322_033000.WAV,recover-20250324,UBNA_024,Foliage
HF,52800.0,11.635404400491801,290.2255,290.2291,51250.0,61473.0,Pipistrellus pygmaeus,0.479,0.633,-1,Echolocation,192000.0,/mnt/ubna_data_05/recover-20250324/UBNA_024/20250322_033000.WAV,recover-20250324,UBNA_024,Foliage
HF,55680.0,6.722121172442398,290.2835,290.2875,52109.0,61121.0,Pipistrellus pygmaeus,0.376,0.487,-1,Echolocation,192000.0,/mnt/ubna_data_05/recover-20250324/UBNA_024/20250322_033000.WAV,recover-20250324,UBNA_024,Foliage
HF,51840.0,9.100401437421073,290.3475,290.3527,52109.0,58613.0,Pipistrellus pygmaeus,0.398,0.484,-1,Echolocation,192000.0,/mnt/ubna_data_05/recover-20250324/UBNA_024/20250322_033000.WAV,recover-20250324,UBNA_024,Foliage
HF,52800.0,9.72119414284203,290.4015,290.4055,52109.0,62252.0,Pipistrellus pygmaeus,0.544,0.625,-1,Echolocation,192000.0,/mnt/ubna_data_05/recover-20250324/UBNA_024/20250322_033000.WAV,recover-20250324,UBNA_024,Foliage
HF,55680.0,17.06116198806995,290.4615,290.4645,50390.0,66122.0,Pipistrellus pipistrellus,0.268,0.588,-1,Echolocation,192000.0,/mnt/ubna_data_05/recover-20250324/UBNA_024/20250322_033000.WAV,recover-20250324,UBNA_024,Foliage
HF,52800.0,13.431757801177802,290.5355,290.5391,51250.0,63502.0,Pipistrellus pygmaeus,0.546,0.636,-1,Echolocation,192000.0,/mnt/ubna_data_05/recover-20250324/UBNA_024/20250322_033000.WAV,recover-20250324,UBNA_024,Foliage
HF,51840.0,10.712520250966765,290.6215,290.6255,52109.0,59363.0,Pipistrellus pygmaeus,0.411,0.472,-1,Echolocation,192000.0,/mnt/ubna_data_05/recover-20250324/UBNA_024/20250322_033000.WAV,recover-20250324,UBNA_024,Foliage
HF,51840.0,14.757028904472747,290.7025,290.7079,51250.0,60674.0,Pipistrellus pipistrellus,0.307,0.6,-1,Echolocation,192000.0,/mnt/ubna_data_05/recover-20250324/UBNA_024/20250322_033000.WAV,recover-20250324,UBNA_024,Foliage
HF,51840.0,18.87349705611261,290.7755,290.77909999999997,51250.0,64222.0,Pipistrellus pygmaeus,0.484,0.603,-1,Echolocation,192000.0,/mnt/ubna_data_05/recover-20250324/UBNA_024/20250322_033000.WAV,recover-20250324,UBNA_024,Foliage
HF,51840.0,13.341138458725387,290.8475,290.8516,51250.0,63011.0,Pipistrellus pygmaeus,0.452,0.614,-1,Echolocation,192000.0,/mnt/ubna_data_05/recover-20250324/UBNA_024/20250322_033000.WAV,recover-20250324,UBNA_024,Foliage
HF,51840.0,19.57156975066468,290.9115,290.9165,50390.0,66134.0,Pipistrellus pygmaeus,0.157,0.302,-1,Echolocation,192000.0,/mnt/ubna_data_05/recover-20250324/UBNA_024/20250322_033000.WAV,recover-20250324,UBNA_024,Foliage
HF,51840.0,13.070645947380797,290.9905,290.9953,52109.0,63280.0,Pipistrellus pygmaeus,0.545,0.573,-1,Echolocation,192000.0,/mnt/ubna_data_05/recover-20250324/UBNA_024/20250322_033000.WAV,recover-20250324,UBNA_024,Foliage
HF,51840.0,20.584196082555174,291.0535,291.0561,48671.0,66546.0,Myotis alcathoe,0.21,0.397,-1,Echolocation,192000.0,/mnt/ubna_data_05/recover-20250324/UBNA_024/20250322_033000.WAV,recover-20250324,UBNA_024,Foliage
HF,52800.0,20.77137934548901,291.1195,291.1229,47812.0,66131.0,Myotis alcathoe,0.185,0.332,-1,Echolocation,192000.0,/mnt/ubna_data_05/recover-20250324/UBNA_024/20250322_033000.WAV,recover-20250324,UBNA_024,Foliage
HF,55680.0,18.083986051740585,291.2085,291.212,51250.0,67429.0,Pipistrellus pygmaeus,0.497,0.533,-1,Echolocation,192000.0,/mnt/ubna_data_05/recover-20250324/UBNA_024/20250322_033000.WAV,recover-20250324,UBNA_024,Foliage
HF,52800.0,16.166319245288783,291.2965,291.3002,52109.0,66848.0,Pipistrellus pygmaeus,0.622,0.654,-1,Echolocation,192000.0,/mnt/ubna_data_05/recover-20250324/UBNA_024/20250322_033000.WAV,recover-20250324,UBNA_024,Foliage
HF,55680.0,27.43316674097851,291.3755,291.38,45234.0,75125.0,Myotis alcathoe,0.251,0.495,-1,Echolocation,192000.0,/mnt/ubna_data_05/recover-20250324/UBNA_024/20250322_033000.WAV,recover-20250324,UBNA_024,Foliage
HF,54720.0,14.790480126616696,291.4635,291.4673,47812.0,64682.0,Myotis alcathoe,0.328,0.517,-1,Echolocation,192000.0,/mnt/ubna_data_05/recover-20250324/UBNA_024/20250322_033000.WAV,recover-20250324,UBNA_024,Foliage
HF,55680.0,18.41937508131299,291.5275,291.5311,46093.0,72540.0,Myotis alcathoe,0.38,0.486,-1,Echolocation,192000.0,/mnt/ubna_data_05/recover-20250324/UBNA_024/20250322_033000.WAV,recover-20250324,UBNA_024,Foliage
HF,55680.0,22.237043783077716,291.5945,291.598,51250.0,67589.0,Pipistrellus pygmaeus,0.441,0.569,-1,Echolocation,192000.0,/mnt/ubna_data_05/recover-20250324/UBNA_024/20250322_033000.WAV,recover-20250324,UBNA_024,Foliage
HF,55680.0,24.304074344162938,291.6555,291.65930000000003,45234.0,73911.0,Myotis alcathoe,0.451,0.573,-1,Echolocation,192000.0,/mnt/ubna_data_05/recover-20250324/UBNA_024/20250322_033000.WAV,recover-20250324,UBNA_024,Foliage
HF,55680.0,25.348629396678362,291.7385,291.7428,45234.0,72881.0,Myotis alcathoe,0.339,0.51,-1,Echolocation,192000.0,/mnt/ubna_data_05/recover-20250324/UBNA_024/20250322_033000.WAV,recover-20250324,UBNA_024,Foliage
HF,55680.0,25.6848250680303,291.7935,291.7974,45234.0,74804.0,Myotis alcathoe,0.395,0.571,-1,Echolocation,192000.0,/mnt/ubna_data_05/recover-20250324/UBNA_024/20250322_033000.WAV,recover-20250324,UBNA_024,Foliage
HF,55680.0,24.088467547199564,291.8615,291.865,46093.0,71207.0,Myotis alcathoe,0.386,0.497,-1,Echolocation,192000.0,/mnt/ubna_data_05/recover-20250324/UBNA_024/20250322_033000.WAV,recover-20250324,UBNA_024,Foliage
HF,55680.0,27.163999510927944,291.9465,291.9508,45234.0,75987.0,Myotis alcathoe,0.434,0.581,-1,Echolocation,192000.0,/mnt/ubna_data_05/recover-20250324/UBNA_024/20250322_033000.WAV,recover-20250324,UBNA_024,Foliage
HF,55680.0,28.599878924123836,292.0315,292.0354,45234.0,79107.0,Myotis alcathoe,0.542,0.627,-1,Echolocation,192000.0,/mnt/ubna_data_05/recover-20250324/UBNA_024/20250322_033000.WAV,recover-20250324,UBNA_024,Foliage
HF,55680.0,26.19812317748845,292.1235,292.1272,46093.0,75307.0,Myotis alcathoe,0.46,0.571,-1,Echolocation,192000.0,/mnt/ubna_data_05/recover-20250324/UBNA_024/20250322_033000.WAV,recover-20250324,UBNA_024,Foliage
HF,49920.0,33.59002557927921,292.2105,292.2152,44375.0,80933.0,Myotis alcathoe,0.291,0.463,-1,Echolocation,192000.0,/mnt/ubna_data_05/recover-20250324/UBNA_024/20250322_033000.WAV,recover-20250324,UBNA_024,Foliage
HF,50880.0,29.84506605144854,292.3075,292.3114,46093.0,70977.0,Myotis alcathoe,0.261,0.437,-1,Echolocation,192000.0,/mnt/ubna_data_05/recover-20250324/UBNA_024/20250322_033000.WAV,recover-20250324,UBNA_024,Foliage
HF,51840.0,32.42122537876478,292.3985,292.4026,46953.0,70944.0,Pipistrellus pipistrellus,0.32,0.448,-1,Echolocation,192000.0,/mnt/ubna_data_05/recover-20250324/UBNA_024/20250322_033000.WAV,recover-20250324,UBNA_024,Foliage
HF,52800.0,27.868359750724686,292.4625,292.4663,43515.0,78998.0,Myotis alcathoe,0.494,0.617,-1,Echolocation,192000.0,/mnt/ubna_data_05/recover-20250324/UBNA_024/20250322_033000.WAV,recover-20250324,UBNA_024,Foliage
HF,51840.0,34.16886898792906,292.5435,292.5481,45234.0,73314.0,Myotis alcathoe,0.273,0.443,-1,Echolocation,192000.0,/mnt/ubna_data_05/recover-20250324/UBNA_024/20250322_033000.WAV,recover-20250324,UBNA_024,Foliage
HF,52800.0,26.2131928888303,292.6165,292.6206,46093.0,78883.0,Myotis alcathoe,0.485,0.581,-1,Echolocation,192000.0,/mnt/ubna_data_05/recover-20250324/UBNA_024/20250322_033000.WAV,recover-20250324,UBNA_024,Foliage
HF,53760.0,22.90404688499027,292.6975,292.7018,45234.0,79467.0,Myotis alcathoe,0.477,0.532,-1,Echolocation,192000.0,/mnt/ubna_data_05/recover-20250324/UBNA_024/20250322_033000.WAV,recover-20250324,UBNA_024,Foliage
HF,52800.0,28.08939099354142,292.7825,292.7862,46953.0,76164.0,Myotis alcathoe,0.496,0.597,-1,Echolocation,192000.0,/mnt/ubna_data_05/recover-20250324/UBNA_024/20250322_033000.WAV,recover-20250324,UBNA_024,Foliage
HF,52800.0,30.83171424850677,292.8515,292.8552,45234.0,74729.0,Myotis alcathoe,0.368,0.512,-1,Echolocation,192000.0,/mnt/ubna_data_05/recover-20250324/UBNA_024/20250322_033000.WAV,recover-20250324,UBNA_024,Foliage
HF,52800.0,22.478345389320005,292.9175,292.9208,47812.0,72888.0,Myotis alcathoe,0.431,0.502,-1,Echolocation,192000.0,/mnt/ubna_data_05/recover-20250324/UBNA_024/20250322_033000.WAV,recover-20250324,UBNA_024,Foliage
HF,51840.0,27.731883638855265,292.9985,293.0022,46093.0,77580.0,Myotis alcathoe,0.475,0.584,-1,Echolocation,192000.0,/mnt/ubna_data_05/recover-20250324/UBNA_024/20250322_033000.WAV,recover-20250324,UBNA_024,Foliage
HF,51840.0,21.892569050752414,293.0785,293.0812,47812.0,66378.0,Myotis alcathoe,0.456,0.539,-1,Echolocation,192000.0,/mnt/ubna_data_05/recover-20250324/UBNA_024/20250322_033000.WAV,recover-20250324,UBNA_024,Foliage
HF,51840.0,29.82826273688429,293.1725,293.1758,46093.0,70890.0,Myotis alcathoe,0.443,0.543,-1,Echolocation,192000.0,/mnt/ubna_data_05/recover-20250324/UBNA_024/20250322_033000.WAV,recover-20250324,UBNA_024,Foliage
HF,52800.0,18.356316494239394,293.2575,293.2609,45234.0,69548.0,Myotis alcathoe,0.371,0.472,-1,Echolocation,192000.0,/mnt/ubna_data_05/recover-20250324/UBNA_024/20250322_033000.WAV,recover-20250324,UBNA_024,Foliage
HF,51840.0,23.130357249041676,293.3505,293.3535,46093.0,70737.0,Myotis alcathoe,0.498,0.579,-1,Echolocation,192000.0,/mnt/ubna_data_05/recover-20250324/UBNA_024/20250322_033000.WAV,recover-20250324,UBNA_024,Foliage
HF,51840.0,9.43763116343691,293.4095,293.4123,48671.0,66158.0,Myotis alcathoe,0.359,0.475,-1,Echolocation,192000.0,/mnt/ubna_data_05/recover-20250324/UBNA_024/20250322_033000.WAV,recover-20250324,UBNA_024,Foliage
HF,51840.0,10.066527841209936,293.5055,293.5095,47812.0,64043.0,Myotis alcathoe,0.329,0.48,-1,Echolocation,192000.0,/mnt/ubna_data_05/recover-20250324/UBNA_024/20250322_033000.WAV,recover-20250324,UBNA_024,Foliage
HF,51840.0,8.665083272063976,293.5635,293.568,50390.0,61144.0,Pipistrellus pipistrellus,0.235,0.324,-1,Echolocation,192000.0,/mnt/ubna_data_05/recover-20250324/UBNA_024/20250322_033000.WAV,recover-20250324,UBNA_024,Foliage
HF,51840.0,10.602563248116079,293.6355,293.6391,46953.0,69974.0,Myotis alcathoe,0.312,0.401,-1,Echolocation,192000.0,/mnt/ubna_data_05/recover-20250324/UBNA_024/20250322_033000.WAV,recover-20250324,UBNA_024,Foliage
HF,51840.0,6.252809040052057,293.6885,293.6912,48671.0,66434.0,Myotis alcathoe,0.25,0.345,-1,Echolocation,192000.0,/mnt/ubna_data_05/recover-20250324/UBNA_024/20250322_033000.WAV,recover-20250324,UBNA_024,Foliage
HF,52800.0,14.727282496420662,293.7505,293.7538,47812.0,68236.0,Myotis alcathoe,0.326,0.417,-1,Echolocation,192000.0,/mnt/ubna_data_05/recover-20250324/UBNA_024/20250322_033000.WAV,recover-20250324,UBNA_024,Foliage
HF,52800.0,2.4640160302217233,293.8215,293.8346,52109.0,57552.0,Pipistrellus pygmaeus,0.121,0.227,-1,Echolocation,192000.0,/mnt/ubna_data_05/recover-20250324/UBNA_024/20250322_033000.WAV,recover-20250324,UBNA_024,Foliage
HF,51840.0,6.7460302004432995,293.9275,293.9307,47812.0,63945.0,Myotis alcathoe,0.238,0.372,-1,Echolocation,192000.0,/mnt/ubna_data_05/recover-20250324/UBNA_024/20250322_033000.WAV,recover-20250324,UBNA_024,Foliage
HF,51840.0,3.999967038312795,294.0095,294.0189,51250.0,55364.0,Pipistrellus pipistrellus,0.182,0.237,-1,Echolocation,192000.0,/mnt/ubna_data_05/recover-20250324/UBNA_024/20250322_033000.WAV,recover-20250324,UBNA_024,Foliage
HF,52800.0,4.346579767222059,294.0885,294.0933,48671.0,63799.0,Pipistrellus pipistrellus,0.179,0.347,-1,Echolocation,192000.0,/mnt/ubna_data_05/recover-20250324/UBNA_024/20250322_033000.WAV,recover-20250324,UBNA_024,Foliage
HF,48960.0,7.52699932901205,294.2255,294.2308,46093.0,62958.0,Pipistrellus pipistrellus,0.261,0.482,-1,Echolocation,192000.0,/mnt/ubna_data_05/recover-20250324/UBNA_024/20250322_033000.WAV,recover-20250324,UBNA_024,Foliage
HF,51840.0,4.952436551787507,294.4115,294.4158,48671.0,62369.0,Pipistrellus pipistrellus,0.329,0.425,-1,Echolocation,192000.0,/mnt/ubna_data_05/recover-20250324/UBNA_024/20250322_033000.WAV,recover-20250324,UBNA_024,Foliage
HF,51840.0,1.011872013887418,294.5475,294.5531,50390.0,61059.0,Pipistrellus pipistrellus,0.177,0.212,-1,Echolocation,192000.0,/mnt/ubna_data_05/recover-20250324/UBNA_024/20250322_033000.WAV,recover-20250324,UBNA_024,Foliage
HF,50880.0,2.9397430911849556,294.6265,294.6317,48671.0,62823.0,Pipistrellus pipistrellus,0.282,0.374,-1,Echolocation,192000.0,/mnt/ubna_data_05/recover-20250324/UBNA_024/20250322_033000.WAV,recover-20250324,UBNA_024,Foliage
HF,49920.0,3.505056916976765,294.6865,294.6906,46093.0,62811.0,Myotis alcathoe,0.143,0.313,-1,Echolocation,192000.0,/mnt/ubna_data_05/recover-20250324/UBNA_024/20250322_033000.WAV,recover-20250324,UBNA_024,Foliage
HF,50880.0,6.631372256285285,294.7655,294.7704,45234.0,60998.0,Pipistrellus pipistrellus,0.215,0.477,-1,Echolocation,192000.0,/mnt/ubna_data_05/recover-20250324/UBNA_024/20250322_033000.WAV,recover-20250324,UBNA_024,Foliage
HF,51840.0,3.5117676420308697,294.8985,294.908,49531.0,55646.0,Pipistrellus pipistrellus,0.21,0.234,-1,Echolocation,192000.0,/mnt/ubna_data_05/recover-20250324/UBNA_024/20250322_033000.WAV,recover-20250324,UBNA_024,Foliage
HF,49920.0,2.600404942452953,295.0835,295.0888,49531.0,56650.0,Pipistrellus pipistrellus,0.349,0.367,-1,Echolocation,192000.0,/mnt/ubna_data_05/recover-20250324/UBNA_024/20250322_033000.WAV,recover-20250324,UBNA_024,Foliage
LF,27840.0,-0.6763067761065886,153.5605,153.5703,27187.0,34114.0,Eptesicus serotinus,0.128,0.227,-1,Echolocation,192000.0,/mnt/ubna_data_05/recover-20250324/UBNA_024/20250322_034000.WAV,recover-20250324,UBNA_024,Foliage
LF,24960.0,-0.2141947978939636,72.6655,72.67830000000001,25468.0,30160.0,Nyctalus leisleri,0.238,0.39,-1,Echolocation,192000.0,/mnt/ubna_data_05/recover-20250324/UBNA_024/20250322_035000.WAV,recover-20250324,UBNA_024,Foliage
LF,27840.0,0.5867510844569654,61.9545,61.9696,28046.0,32113.0,Nyctalus leisleri,0.125,0.235,-1,Echolocation,192000.0,/mnt/ubna_data_05/recover-20250324/UBNA_024/20250322_040000.WAV,recover-20250324,UBNA_024,Foliage
LF,23040.0,2.0429351522875674,78.2795,78.2948,22890.0,27770.0,Nyctalus leisleri,0.139,0.297,-1,Echolocation,192000.0,/mnt/ubna_data_05/recover-20250324/UBNA_024/20250322_041000.WAV,recover-20250324,UBNA_024,Foliage
LF,22080.0,1.965081449969549,81.3045,81.321,22890.0,26953.0,Nyctalus leisleri,0.121,0.255,-1,Echolocation,192000.0,/mnt/ubna_data_05/recover-20250324/UBNA_024/20250322_041000.WAV,recover-20250324,UBNA_024,Foliage
HF,48000.0,9.33400099345935,179.6565,179.6612,46953.0,58106.0,Pipistrellus pipistrellus,0.468,0.496,-1,Echolocation,192000.0,/mnt/ubna_data_05/recover-20250324/UBNA_024/20250322_042000.WAV,recover-20250324,UBNA_024,Foliage
HF,48000.0,1.7369603568707275,179.7425,179.7481,46953.0,56972.0,Pipistrellus pipistrellus,0.191,0.209,-1,Echolocation,192000.0,/mnt/ubna_data_05/recover-20250324/UBNA_024/20250322_042000.WAV,recover-20250324,UBNA_024,Foliage
HF,48960.0,16.026111958073585,179.8465,179.8509,46093.0,59543.0,Pipistrellus pipistrellus,0.482,0.551,-1,Echolocation,192000.0,/mnt/ubna_data_05/recover-20250324/UBNA_024/20250322_042000.WAV,recover-20250324,UBNA_024,Foliage
HF,48000.0,11.429986634097967,179.9375,179.942,46953.0,59358.0,Pipistrellus pipistrellus,0.438,0.48,-1,Echolocation,192000.0,/mnt/ubna_data_05/recover-20250324/UBNA_024/20250322_042000.WAV,recover-20250324,UBNA_024,Foliage
HF,54720.0,17.283027124521734,180.0325,180.0375,46093.0,66647.0,Pipistrellus pipistrellus,0.544,0.655,-1,Echolocation,192000.0,/mnt/ubna_data_05/recover-20250324/UBNA_024/20250322_042000.WAV,recover-20250324,UBNA_024,Foliage
HF,47040.0,8.348645234929325,180.1245,180.1294,46093.0,61308.0,Pipistrellus pipistrellus,0.396,0.452,-1,Echolocation,192000.0,/mnt/ubna_data_05/recover-20250324/UBNA_024/20250322_042000.WAV,recover-20250324,UBNA_024,Foliage
HF,53760.0,15.81115613677104,180.3015,180.3066,44375.0,65985.0,Pipistrellus pipistrellus,0.33,0.407,-1,Echolocation,192000.0,/mnt/ubna_data_05/recover-20250324/UBNA_024/20250322_042000.WAV,recover-20250324,UBNA_024,Foliage
HF,46080.0,6.383110812336863,180.3905,180.3975,45234.0,51059.0,Pipistrellus pipistrellus,0.49,0.515,-1,Echolocation,192000.0,/mnt/ubna_data_05/recover-20250324/UBNA_024/20250322_042000.WAV,recover-20250324,UBNA_024,Foliage
HF,47040.0,3.3654813499911116,180.4795,180.4851,46093.0,58294.0,Pipistrellus pipistrellus,0.221,0.25,-1,Echolocation,192000.0,/mnt/ubna_data_05/recover-20250324/UBNA_024/20250322_042000.WAV,recover-20250324,UBNA_024,Foliage
HF,46080.0,9.84965413180197,180.6335,180.6384,45234.0,60119.0,Pipistrellus pipistrellus,0.505,0.59,-1,Echolocation,192000.0,/mnt/ubna_data_05/recover-20250324/UBNA_024/20250322_042000.WAV,recover-20250324,UBNA_024,Foliage
HF,48000.0,6.45917322596678,180.7205,180.7254,46953.0,58981.0,Pipistrellus pipistrellus,0.501,0.524,-1,Echolocation,192000.0,/mnt/ubna_data_05/recover-20250324/UBNA_024/20250322_042000.WAV,recover-20250324,UBNA_024,Foliage
HF,48000.0,11.44317405907013,180.8195,180.8242,46093.0,64362.0,Pipistrellus pipistrellus,0.491,0.596,-1,Echolocation,192000.0,/mnt/ubna_data_05/recover-20250324/UBNA_024/20250322_042000.WAV,recover-20250324,UBNA_024,Foliage
HF,49920.0,15.877244387196212,180.9105,180.915,46093.0,66648.0,Pipistrellus pipistrellus,0.52,0.597,-1,Echolocation,192000.0,/mnt/ubna_data_05/recover-20250324/UBNA_024/20250322_042000.WAV,recover-20250324,UBNA_024,Foliage
HF,51840.0,10.618208676377812,181.0115,181.0166,46953.0,62502.0,Pipistrellus pipistrellus,0.391,0.448,-1,Echolocation,192000.0,/mnt/ubna_data_05/recover-20250324/UBNA_024/20250322_042000.WAV,recover-20250324,UBNA_024,Foliage
HF,48000.0,15.484171499398125,181.1005,181.1059,46093.0,59638.0,Pipistrellus pipistrellus,0.515,0.563,-1,Echolocation,192000.0,/mnt/ubna_data_05/recover-20250324/UBNA_024/20250322_042000.WAV,recover-20250324,UBNA_024,Foliage
HF,50880.0,8.140525325446815,181.1865,181.1909,44375.0,64842.0,Myotis alcathoe,0.124,0.246,-1,Echolocation,192000.0,/mnt/ubna_data_05/recover-20250324/UBNA_024/20250322_042000.WAV,recover-20250324,UBNA_024,Foliage
HF,48000.0,10.610645328814812,181.2675,181.2741,45234.0,61200.0,Pipistrellus pipistrellus,0.427,0.541,-1,Echolocation,192000.0,/mnt/ubna_data_05/recover-20250324/UBNA_024/20250322_042000.WAV,recover-20250324,UBNA_024,Foliage
HF,50880.0,7.659116550249387,181.3595,181.3654,45234.0,60097.0,Pipistrellus pipistrellus,0.431,0.512,-1,Echolocation,192000.0,/mnt/ubna_data_05/recover-20250324/UBNA_024/20250322_042000.WAV,recover-20250324,UBNA_024,Foliage
HF,48960.0,12.799044366290476,181.4435,181.4477,42656.0,64932.0,Pipistrellus pipistrellus,0.181,0.386,-1,Echolocation,192000.0,/mnt/ubna_data_05/recover-20250324/UBNA_024/20250322_042000.WAV,recover-20250324,UBNA_024,Foliage
HF,48960.0,18.28157105752033,181.5275,181.5325,41796.0,65632.0,Pipistrellus pipistrellus,0.177,0.442,-1,Echolocation,192000.0,/mnt/ubna_data_05/recover-20250324/UBNA_024/20250322_042000.WAV,recover-20250324,UBNA_024,Foliage
HF,48960.0,13.495509802247913,181.6205,181.6251,42656.0,66359.0,Myotis alcathoe,0.144,0.269,-1,Echolocation,192000.0,/mnt/ubna_data_05/recover-20250324/UBNA_024/20250322_042000.WAV,recover-20250324,UBNA_024,Foliage
HF,48960.0,20.74116654929186,181.7145,181.7193,41796.0,72505.0,Myotis alcathoe,0.223,0.387,-1,Echolocation,192000.0,/mnt/ubna_data_05/recover-20250324/UBNA_024/20250322_042000.WAV,recover-20250324,UBNA_024,Foliage
HF,51840.0,24.111485727813623,181.7985,181.8039,41796.0,81163.0,Myotis alcathoe,0.268,0.389,-1,Echolocation,192000.0,/mnt/ubna_data_05/recover-20250324/UBNA_024/20250322_042000.WAV,recover-20250324,UBNA_024,Foliage
HF,48000.0,18.344020592041232,181.8845,181.8893,43515.0,66861.0,Myotis alcathoe,0.146,0.323,-1,Echolocation,192000.0,/mnt/ubna_data_05/recover-20250324/UBNA_024/20250322_042000.WAV,recover-20250324,UBNA_024,Foliage
HF,48000.0,17.37060418361639,181.9715,181.9765,45234.0,61485.0,Pipistrellus pipistrellus,0.232,0.305,-1,Echolocation,192000.0,/mnt/ubna_data_05/recover-20250324/UBNA_024/20250322_042000.WAV,recover-20250324,UBNA_024,Foliage
HF,48960.0,25.202282488976078,182.0595,182.0642,42656.0,76981.0,Myotis alcathoe,0.238,0.424,-1,Echolocation,192000.0,/mnt/ubna_data_05/recover-20250324/UBNA_024/20250322_042000.WAV,recover-20250324,UBNA_024,Foliage
HF,47040.0,16.77414642512559,182.1435,182.1476,44375.0,62804.0,Pipistrellus pipistrellus,0.22,0.334,-1,Echolocation,192000.0,/mnt/ubna_data_05/recover-20250324/UBNA_024/20250322_042000.WAV,recover-20250324,UBNA_024,Foliage
HF,47040.0,29.81261844789069,182.2335,182.2391,42656.0,75532.0,Pipistrellus pipistrellus,0.239,0.396,-1,Echolocation,192000.0,/mnt/ubna_data_05/recover-20250324/UBNA_024/20250322_042000.WAV,recover-20250324,UBNA_024,Foliage
HF,46080.0,25.647616166890643,182.3335,182.3383,43515.0,65474.0,Pipistrellus pipistrellus,0.366,0.476,-1,Echolocation,192000.0,/mnt/ubna_data_05/recover-20250324/UBNA_024/20250322_042000.WAV,recover-20250324,UBNA_024,Foliage
HF,46080.0,12.45077882043711,182.4275,182.4331,45234.0,51647.0,Pipistrellus pipistrellus,0.539,0.559,-1,Echolocation,192000.0,/mnt/ubna_data_05/recover-20250324/UBNA_024/20250322_042000.WAV,recover-20250324,UBNA_024,Foliage
HF,47040.0,25.40144755316578,182.5175,182.5218,44375.0,60023.0,Pipistrellus pipistrellus,0.476,0.529,-1,Echolocation,192000.0,/mnt/ubna_data_05/recover-20250324/UBNA_024/20250322_042000.WAV,recover-20250324,UBNA_024,Foliage
HF,47040.0,15.636943856151467,182.6105,182.6158,45234.0,54942.0,Pipistrellus pipistrellus,0.583,0.595,-1,Echolocation,192000.0,/mnt/ubna_data_05/recover-20250324/UBNA_024/20250322_042000.WAV,recover-20250324,UBNA_024,Foliage
HF,48000.0,3.215331218929663,182.6875,182.6933,46093.0,54230.0,Pipistrellus pipistrellus,0.234,0.244,-1,Echolocation,192000.0,/mnt/ubna_data_05/recover-20250324/UBNA_024/20250322_042000.WAV,recover-20250324,UBNA_024,Foliage
HF,47040.0,18.09848743015898,182.7765,182.7807,44375.0,62914.0,Pipistrellus pipistrellus,0.551,0.609,-1,Echolocation,192000.0,/mnt/ubna_data_05/recover-20250324/UBNA_024/20250322_042000.WAV,recover-20250324,UBNA_024,Foliage
HF,47040.0,15.356824782559467,182.8625,182.8669,44375.0,61273.0,Pipistrellus pipistrellus,0.476,0.554,-1,Echolocation,192000.0,/mnt/ubna_data_05/recover-20250324/UBNA_024/20250322_042000.WAV,recover-20250324,UBNA_024,Foliage
HF,48000.0,12.10988746103137,182.9455,182.9503,44375.0,63488.0,Myotis alcathoe,0.153,0.332,-1,Echolocation,192000.0,/mnt/ubna_data_05/recover-20250324/UBNA_024/20250322_042000.WAV,recover-20250324,UBNA_024,Foliage
HF,55680.0,5.897926861865689,183.0305,183.0343,46953.0,64780.0,Myotis alcathoe,0.173,0.294,-1,Echolocation,192000.0,/mnt/ubna_data_05/recover-20250324/UBNA_024/20250322_042000.WAV,recover-20250324,UBNA_024,Foliage
HF,50880.0,5.98988687426798,183.1055,183.1096,47812.0,62458.0,Pipistrellus pipistrellus,0.232,0.321,-1,Echolocation,192000.0,/mnt/ubna_data_05/recover-20250324/UBNA_024/20250322_042000.WAV,recover-20250324,UBNA_024,Foliage
HF,54720.0,10.74378055367038,183.1855,183.1901,46093.0,64356.0,Myotis alcathoe,0.211,0.39,-1,Echolocation,192000.0,/mnt/ubna_data_05/recover-20250324/UBNA_024/20250322_042000.WAV,recover-20250324,UBNA_024,Foliage
HF,51840.0,7.462071124983401,183.2685,183.272,42656.0,72324.0,Myotis alcathoe,0.237,0.396,-1,Echolocation,192000.0,/mnt/ubna_data_05/recover-20250324/UBNA_024/20250322_042000.WAV,recover-20250324,UBNA_024,Foliage
HF,48000.0,14.90288600432314,183.3435,183.3469,42656.0,81491.0,Myotis alcathoe,0.292,0.465,-1,Echolocation,192000.0,/mnt/ubna_data_05/recover-20250324/UBNA_024/20250322_042000.WAV,recover-20250324,UBNA_024,Foliage
HF,48000.0,16.41845356983819,183.4255,183.4293,41796.0,85073.0,Myotis alcathoe,0.297,0.5,-1,Echolocation,192000.0,/mnt/ubna_data_05/recover-20250324/UBNA_024/20250322_042000.WAV,recover-20250324,UBNA_024,Foliage
HF,50880.0,9.963997943939862,183.5075,183.5112,42656.0,68462.0,Myotis alcathoe,0.176,0.349,-1,Echolocation,192000.0,/mnt/ubna_data_05/recover-20250324/UBNA_024/20250322_042000.WAV,recover-20250324,UBNA_024,Foliage
HF,48000.0,18.78001638643361,183.5895,183.5942,43515.0,78828.0,Myotis alcathoe,0.365,0.5,-1,Echolocation,192000.0,/mnt/ubna_data_05/recover-20250324/UBNA_024/20250322_042000.WAV,recover-20250324,UBNA_024,Foliage
HF,48960.0,18.896910779595263,183.6755,183.6809,44375.0,74172.0,Myotis alcathoe,0.269,0.409,-1,Echolocation,192000.0,/mnt/ubna_data_05/recover-20250324/UBNA_024/20250322_042000.WAV,recover-20250324,UBNA_024,Foliage
HF,48000.0,10.45430498627902,183.7665,183.7707,43515.0,60918.0,Pipistrellus pipistrellus,0.157,0.334,-1,Echolocation,192000.0,/mnt/ubna_data_05/recover-20250324/UBNA_024/20250322_042000.WAV,recover-20250324,UBNA_024,Foliage
HF,48000.0,20.572215543078364,183.8535,183.8584,41796.0,76086.0,Myotis alcathoe,0.347,0.481,-1,Echolocation,192000.0,/mnt/ubna_data_05/recover-20250324/UBNA_024/20250322_042000.WAV,recover-20250324,UBNA_024,Foliage
HF,52800.0,12.06903727840055,183.9505,183.955,43515.0,60979.0,Pipistrellus pipistrellus,0.3,0.4,-1,Echolocation,192000.0,/mnt/ubna_data_05/recover-20250324/UBNA_024/20250322_042000.WAV,recover-20250324,UBNA_024,Foliage
HF,48000.0,18.097303272466853,184.0395,184.044,42656.0,72566.0,Myotis alcathoe,0.184,0.292,-1,Echolocation,192000.0,/mnt/ubna_data_05/recover-20250324/UBNA_024/20250322_042000.WAV,recover-20250324,UBNA_024,Foliage
HF,47040.0,25.043807378446175,184.1255,184.1302,43515.0,76053.0,Pipistrellus pipistrellus,0.328,0.392,-1,Echolocation,192000.0,/mnt/ubna_data_05/recover-20250324/UBNA_024/20250322_042000.WAV,recover-20250324,UBNA_024,Foliage
HF,48000.0,24.07327757846044,184.2205,184.225,41796.0,78692.0,Myotis alcathoe,0.193,0.257,-1,Echolocation,192000.0,/mnt/ubna_data_05/recover-20250324/UBNA_024/20250322_042000.WAV,recover-20250324,UBNA_024,Foliage
HF,48000.0,26.15966162777,184.2205,184.226,46953.0,61340.0,Pipistrellus pipistrellus,0.207,0.215,-1,Echolocation,192000.0,/mnt/ubna_data_05/recover-20250324/UBNA_024/20250322_042000.WAV,recover-20250324,UBNA_024,Foliage
HF,48000.0,15.61946794899484,184.3105,184.3154,40937.0,75453.0,Myotis alcathoe,0.238,0.378,-1,Echolocation,192000.0,/mnt/ubna_data_05/recover-20250324/UBNA_024/20250322_042000.WAV,recover-20250324,UBNA_024,Foliage
HF,52800.0,25.54764659370099,184.3985,184.4037,44375.0,73949.0,Myotis alcathoe,0.222,0.327,-1,Echolocation,192000.0,/mnt/ubna_data_05/recover-20250324/UBNA_024/20250322_042000.WAV,recover-20250324,UBNA_024,Foliage
HF,48000.0,19.926692448885454,184.4965,184.502,46093.0,68518.0,Pipistrellus pipistrellus,0.212,0.23,-1,Echolocation,192000.0,/mnt/ubna_data_05/recover-20250324/UBNA_024/20250322_042000.WAV,recover-20250324,UBNA_024,Foliage
HF,48000.0,18.54468838946903,184.4965,184.5017,40937.0,79975.0,Myotis alcathoe,0.148,0.205,-1,Echolocation,192000.0,/mnt/ubna_data_05/recover-20250324/UBNA_024/20250322_042000.WAV,recover-20250324,UBNA_024,Foliage
HF,48000.0,24.258921064551128,184.5965,184.6018,40078.0,86238.0,Myotis alcathoe,0.294,0.384,-1,Echolocation,192000.0,/mnt/ubna_data_05/recover-20250324/UBNA_024/20250322_042000.WAV,recover-20250324,UBNA_024,Foliage
HF,48000.0,32.21055897037098,184.6955,184.7011,40937.0,85149.0,Myotis alcathoe,0.275,0.366,-1,Echolocation,192000.0,/mnt/ubna_data_05/recover-20250324/UBNA_024/20250322_042000.WAV,recover-20250324,UBNA_024,Foliage
HF,47040.0,17.582822456661816,184.7915,184.7969,37500.0,89209.0,Myotis alcathoe,0.307,0.404,-1,Echolocation,192000.0,/mnt/ubna_data_05/recover-20250324/UBNA_024/20250322_042000.WAV,recover-20250324,UBNA_024,Foliage
HF,47040.0,33.967377647344385,184.8865,184.8919,39218.0,83492.0,Myotis alcathoe,0.274,0.47,-1,Echolocation,192000.0,/mnt/ubna_data_05/recover-20250324/UBNA_024/20250322_042000.WAV,recover-20250324,UBNA_024,Foliage
HF,48960.0,25.649272579207555,184.9705,184.9758,40078.0,81209.0,Myotis alcathoe,0.322,0.416,-1,Echolocation,192000.0,/mnt/ubna_data_05/recover-20250324/UBNA_024/20250322_042000.WAV,recover-20250324,UBNA_024,Foliage
HF,47040.0,18.085332086334283,185.0575,185.0626,44375.0,61268.0,Pipistrellus pipistrellus,0.25,0.267,-1,Echolocation,192000.0,/mnt/ubna_data_05/recover-20250324/UBNA_024/20250322_042000.WAV,recover-20250324,UBNA_024,Foliage
HF,48960.0,34.58968824817325,185.1465,185.1524,40078.0,89767.0,Myotis alcathoe,0.359,0.443,-1,Echolocation,192000.0,/mnt/ubna_data_05/recover-20250324/UBNA_024/20250322_042000.WAV,recover-20250324,UBNA_024,Foliage
HF,48000.0,24.60492250469793,185.2505,185.2558,41796.0,75075.0,Myotis alcathoe,0.179,0.381,-1,Echolocation,192000.0,/mnt/ubna_data_05/recover-20250324/UBNA_024/20250322_042000.WAV,recover-20250324,UBNA_024,Foliage
HF,46080.0,14.09378173526213,185.3505,185.3557,45234.0,60044.0,Pipistrellus pipistrellus,0.373,0.396,-1,Echolocation,192000.0,/mnt/ubna_data_05/recover-20250324/UBNA_024/20250322_042000.WAV,recover-20250324,UBNA_024,Foliage
HF,47040.0,35.23131793940046,185.4505,185.4553,43515.0,72001.0,Pipistrellus pipistrellus,0.276,0.319,-1,Echolocation,192000.0,/mnt/ubna_data_05/recover-20250324/UBNA_024/20250322_042000.WAV,recover-20250324,UBNA_024,Foliage
HF,46080.0,18.56205727033506,185.5515,185.5564,44375.0,63453.0,Pipistrellus pipistrellus,0.34,0.392,-1,Echolocation,192000.0,/mnt/ubna_data_05/recover-20250324/UBNA_024/20250322_042000.WAV,recover-20250324,UBNA_024,Foliage
HF,47040.0,17.97890104324248,185.6515,185.6567,45234.0,60521.0,Pipistrellus pipistrellus,0.444,0.48,-1,Echolocation,192000.0,/mnt/ubna_data_05/recover-20250324/UBNA_024/20250322_042000.WAV,recover-20250324,UBNA_024,Foliage
HF,47040.0,15.548163912554333,185.7615,185.7666,46093.0,56443.0,Pipistrellus pipistrellus,0.594,0.618,-1,Echolocation,192000.0,/mnt/ubna_data_05/recover-20250324/UBNA_024/20250322_042000.WAV,recover-20250324,UBNA_024,Foliage
HF,47040.0,26.220176160806478,185.8605,185.8661,41796.0,80735.0,Myotis alcathoe,0.275,0.368,-1,Echolocation,192000.0,/mnt/ubna_data_05/recover-20250324/UBNA_024/20250322_042000.WAV,recover-20250324,UBNA_024,Foliage
HF,46080.0,16.608385810875177,185.9595,185.9639,46093.0,63135.0,Pipistrellus pipistrellus,0.369,0.418,-1,Echolocation,192000.0,/mnt/ubna_data_05/recover-20250324/UBNA_024/20250322_042000.WAV,recover-20250324,UBNA_024,Foliage
HF,47040.0,22.75699276819013,186.0505,186.0548,43515.0,63602.0,Pipistrellus pipistrellus,0.252,0.433,-1,Echolocation,192000.0,/mnt/ubna_data_05/recover-20250324/UBNA_024/20250322_042000.WAV,recover-20250324,UBNA_024,Foliage
HF,48960.0,3.1737215839189927,186.1395,186.1446,45234.0,52172.0,Pipistrellus pipistrellus,0.424,0.439,-1,Echolocation,192000.0,/mnt/ubna_data_05/recover-20250324/UBNA_024/20250322_042000.WAV,recover-20250324,UBNA_024,Foliage
HF,47040.0,7.411665658821819,186.2085,186.2119,44375.0,64639.0,Myotis mystacinus,0.179,0.333,-1,Echolocation,192000.0,/mnt/ubna_data_05/recover-20250324/UBNA_024/20250322_042000.WAV,recover-20250324,UBNA_024,Foliage
HF,51840.0,5.674436648218563,186.2745,186.2789,44375.0,60720.0,Pipistrellus pipistrellus,0.177,0.42,-1,Echolocation,192000.0,/mnt/ubna_data_05/recover-20250324/UBNA_024/20250322_042000.WAV,recover-20250324,UBNA_024,Foliage
HF,48000.0,9.230251275303084,186.3595,186.3634,45234.0,57485.0,Pipistrellus pipistrellus,0.346,0.377,-1,Echolocation,192000.0,/mnt/ubna_data_05/recover-20250324/UBNA_024/20250322_042000.WAV,recover-20250324,UBNA_024,Foliage
HF,47040.0,10.245252755367733,186.5355,186.5407,46093.0,57262.0,Pipistrellus pipistrellus,0.513,0.546,-1,Echolocation,192000.0,/mnt/ubna_data_05/recover-20250324/UBNA_024/20250322_042000.WAV,recover-20250324,UBNA_024,Foliage
HF,48000.0,3.4316851958711543,200.4455,200.4492,46953.0,65194.0,Myotis alcathoe,0.088,0.211,-1,Echolocation,192000.0,/mnt/ubna_data_05/recover-20250324/UBNA_024/20250322_042000.WAV,recover-20250324,UBNA_024,Foliage
HF,52800.0,7.563442567851563,200.6175,200.62290000000002,46093.0,65153.0,Myotis alcathoe,0.154,0.245,-1,Echolocation,192000.0,/mnt/ubna_data_05/recover-20250324/UBNA_024/20250322_042000.WAV,recover-20250324,UBNA_024,Foliage
HF,52800.0,4.8627182090208665,200.7055,200.7088,48671.0,65647.0,Myotis alcathoe,0.232,0.355,-1,Echolocation,192000.0,/mnt/ubna_data_05/recover-20250324/UBNA_024/20250322_042000.WAV,recover-20250324,UBNA_024,Foliage
HF,54720.0,10.637198680017566,200.7875,200.7908,50390.0,70570.0,Myotis alcathoe,0.233,0.439,-1,Echolocation,192000.0,/mnt/ubna_data_05/recover-20250324/UBNA_024/20250322_042000.WAV,recover-20250324,UBNA_024,Foliage
HF,51840.0,2.6114894793805594,200.8765,200.8798,47812.0,68169.0,Myotis alcathoe,0.154,0.365,-1,Echolocation,192000.0,/mnt/ubna_data_05/recover-20250324/UBNA_024/20250322_042000.WAV,recover-20250324,UBNA_024,Foliage
HF,52800.0,7.0715798654467505,200.95850000000002,200.9619,47812.0,72444.0,Myotis alcathoe,0.2,0.349,-1,Echolocation,192000.0,/mnt/ubna_data_05/recover-20250324/UBNA_024/20250322_042000.WAV,recover-20250324,UBNA_024,Foliage
HF,48960.0,7.3861435907898985,201.0485,201.0519,46953.0,67276.0,Myotis alcathoe,0.244,0.408,-1,Echolocation,192000.0,/mnt/ubna_data_05/recover-20250324/UBNA_024/20250322_042000.WAV,recover-20250324,UBNA_024,Foliage
HF,49920.0,7.430257354433176,201.1345,201.1384,47812.0,61780.0,Myotis alcathoe,0.168,0.361,-1,Echolocation,192000.0,/mnt/ubna_data_05/recover-20250324/UBNA_024/20250322_042000.WAV,recover-20250324,UBNA_024,Foliage
HF,51840.0,13.167858916592916,201.2125,201.2163,44375.0,74867.0,Myotis alcathoe,0.311,0.399,-1,Echolocation,192000.0,/mnt/ubna_data_05/recover-20250324/UBNA_024/20250322_042000.WAV,recover-20250324,UBNA_024,Foliage
HF,50880.0,14.292313076774647,201.2975,201.301,46953.0,71968.0,Myotis alcathoe,0.329,0.472,-1,Echolocation,192000.0,/mnt/ubna_data_05/recover-20250324/UBNA_024/20250322_042000.WAV,recover-20250324,UBNA_024,Foliage
HF,50880.0,8.896010732456556,201.3735,201.3773,45234.0,67739.0,Myotis alcathoe,0.323,0.495,-1,Echolocation,192000.0,/mnt/ubna_data_05/recover-20250324/UBNA_024/20250322_042000.WAV,recover-20250324,UBNA_024,Foliage
HF,48960.0,8.089286563293488,201.4635,201.46699999999998,42656.0,67657.0,Myotis alcathoe,0.148,0.276,-1,Echolocation,192000.0,/mnt/ubna_data_05/recover-20250324/UBNA_024/20250322_042000.WAV,recover-20250324,UBNA_024,Foliage
HF,52800.0,15.984486280342782,201.5515,201.556,41796.0,77194.0,Myotis alcathoe,0.337,0.524,-1,Echolocation,192000.0,/mnt/ubna_data_05/recover-20250324/UBNA_024/20250322_042000.WAV,recover-20250324,UBNA_024,Foliage
HF,56640.0,12.140023991241783,201.6355,201.63909999999998,45234.0,67051.0,Myotis alcathoe,0.26,0.409,-1,Echolocation,192000.0,/mnt/ubna_data_05/recover-20250324/UBNA_024/20250322_042000.WAV,recover-20250324,UBNA_024,Foliage
HF,47040.0,23.591236001082123,201.73250000000002,201.7369,41796.0,74472.0,Myotis alcathoe,0.318,0.392,-1,Echolocation,192000.0,/mnt/ubna_data_05/recover-20250324/UBNA_024/20250322_042000.WAV,recover-20250324,UBNA_024,Foliage
HF,47040.0,12.124056563753186,201.8235,201.8267,44375.0,63280.0,Myotis alcathoe,0.201,0.346,-1,Echolocation,192000.0,/mnt/ubna_data_05/recover-20250324/UBNA_024/20250322_042000.WAV,recover-20250324,UBNA_024,Foliage
HF,48000.0,26.56098894047978,201.9145,201.9192,41796.0,75944.0,Myotis alcathoe,0.308,0.392,-1,Echolocation,192000.0,/mnt/ubna_data_05/recover-20250324/UBNA_024/20250322_042000.WAV,recover-20250324,UBNA_024,Foliage
HF,47040.0,21.356276083770453,202.0145,202.0189,45234.0,60513.0,Pipistrellus pipistrellus,0.439,0.454,-1,Echolocation,192000.0,/mnt/ubna_data_05/recover-20250324/UBNA_024/20250322_042000.WAV,recover-20250324,UBNA_024,Foliage
HF,47040.0,36.69874706488821,202.1035,202.109,41796.0,81301.0,Myotis alcathoe,0.248,0.376,-1,Echolocation,192000.0,/mnt/ubna_data_05/recover-20250324/UBNA_024/20250322_042000.WAV,recover-20250324,UBNA_024,Foliage
HF,47040.0,24.74338319671734,202.1985,202.2036,40937.0,77512.0,Myotis alcathoe,0.238,0.365,-1,Echolocation,192000.0,/mnt/ubna_data_05/recover-20250324/UBNA_024/20250322_042000.WAV,recover-20250324,UBNA_024,Foliage
HF,48000.0,38.95934158665465,202.2885,202.2936,43515.0,73079.0,Pipistrellus pipistrellus,0.299,0.332,-1,Echolocation,192000.0,/mnt/ubna_data_05/recover-20250324/UBNA_024/20250322_042000.WAV,recover-20250324,UBNA_024,Foliage
HF,48000.0,39.31636634157081,202.3795,202.3853,46093.0,65088.0,Pipistrellus pipistrellus,0.291,0.304,-1,Echolocation,192000.0,/mnt/ubna_data_05/recover-20250324/UBNA_024/20250322_042000.WAV,recover-20250324,UBNA_024,Foliage
HF,47040.0,19.328521520943273,202.4755,202.4803,46093.0,61907.0,Pipistrellus pipistrellus,0.402,0.431,-1,Echolocation,192000.0,/mnt/ubna_data_05/recover-20250324/UBNA_024/20250322_042000.WAV,recover-20250324,UBNA_024,Foliage
HF,47040.0,36.205303041725635,202.5695,202.5743,45234.0,64451.0,Pipistrellus pipistrellus,0.45,0.462,-1,Echolocation,192000.0,/mnt/ubna_data_05/recover-20250324/UBNA_024/20250322_042000.WAV,recover-20250324,UBNA_024,Foliage
HF,46080.0,13.999979701939418,202.6635,202.6685,46093.0,61996.0,Pipistrellus pipistrellus,0.598,0.674,-1,Echolocation,192000.0,/mnt/ubna_data_05/recover-20250324/UBNA_024/20250322_042000.WAV,recover-20250324,UBNA_024,Foliage
HF,47040.0,23.365520540141237,202.7565,202.7611,45234.0,61663.0,Pipistrellus pipistrellus,0.437,0.455,-1,Echolocation,192000.0,/mnt/ubna_data_05/recover-20250324/UBNA_024/20250322_042000.WAV,recover-20250324,UBNA_024,Foliage
HF,46080.0,36.220951661042534,202.8465,202.8518,43515.0,61361.0,Pipistrellus pipistrellus,0.419,0.428,-1,Echolocation,192000.0,/mnt/ubna_data_05/recover-20250324/UBNA_024/20250322_042000.WAV,recover-20250324,UBNA_024,Foliage
HF,46080.0,17.384778751890057,202.9475,202.9522,45234.0,60124.0,Pipistrellus pipistrellus,0.383,0.409,-1,Echolocation,192000.0,/mnt/ubna_data_05/recover-20250324/UBNA_024/20250322_042000.WAV,recover-20250324,UBNA_024,Foliage
HF,47040.0,26.786406123803022,203.0405,203.0459,39218.0,77931.0,Myotis alcathoe,0.243,0.381,-1,Echolocation,192000.0,/mnt/ubna_data_05/recover-20250324/UBNA_024/20250322_042000.WAV,recover-20250324,UBNA_024,Foliage
HF,46080.0,20.150965871798622,203.1365,203.1414,40078.0,71242.0,Myotis alcathoe,0.197,0.43,-1,Echolocation,192000.0,/mnt/ubna_data_05/recover-20250324/UBNA_024/20250322_042000.WAV,recover-20250324,UBNA_024,Foliage
HF,47040.0,16.835353795239406,203.23250000000002,203.2372,40937.0,68283.0,Myotis alcathoe,0.183,0.378,-1,Echolocation,192000.0,/mnt/ubna_data_05/recover-20250324/UBNA_024/20250322_042000.WAV,recover-20250324,UBNA_024,Foliage
HF,48000.0,33.960329049547624,203.3285,203.33350000000002,41796.0,72622.0,Pipistrellus pipistrellus,0.372,0.457,-1,Echolocation,192000.0,/mnt/ubna_data_05/recover-20250324/UBNA_024/20250322_042000.WAV,recover-20250324,UBNA_024,Foliage
HF,47040.0,20.18766101956839,203.4255,203.4306,41796.0,59857.0,Pipistrellus pipistrellus,0.457,0.591,-1,Echolocation,192000.0,/mnt/ubna_data_05/recover-20250324/UBNA_024/20250322_042000.WAV,recover-20250324,UBNA_024,Foliage
HF,48000.0,14.090932749139785,203.5185,203.523,46953.0,56497.0,Pipistrellus pipistrellus,0.352,0.368,-1,Echolocation,192000.0,/mnt/ubna_data_05/recover-20250324/UBNA_024/20250322_042000.WAV,recover-20250324,UBNA_024,Foliage
HF,47040.0,21.287282569433103,203.6055,203.6092,43515.0,67536.0,Pipistrellus pipistrellus,0.248,0.323,-1,Echolocation,192000.0,/mnt/ubna_data_05/recover-20250324/UBNA_024/20250322_042000.WAV,recover-20250324,UBNA_024,Foliage
HF,47040.0,8.954475160855496,203.6955,203.7003,46093.0,56843.0,Pipistrellus pipistrellus,0.488,0.509,-1,Echolocation,192000.0,/mnt/ubna_data_05/recover-20250324/UBNA_024/20250322_042000.WAV,recover-20250324,UBNA_024,Foliage
HF,46080.0,6.7633479802402245,203.7845,203.7891,46093.0,54839.0,Pipistrellus pipistrellus,0.476,0.488,-1,Echolocation,192000.0,/mnt/ubna_data_05/recover-20250324/UBNA_024/20250322_042000.WAV,recover-20250324,UBNA_024,Foliage
HF,45120.0,5.236780222669442,203.8705,203.8755,44375.0,60014.0,Pipistrellus pipistrellus,0.105,0.258,-1,Echolocation,192000.0,/mnt/ubna_data_05/recover-20250324/UBNA_024/20250322_042000.WAV,recover-20250324,UBNA_024,Foliage
HF,47040.0,9.954518229525604,203.9635,203.9688,44375.0,61396.0,Pipistrellus pipistrellus,0.394,0.468,-1,Echolocation,192000.0,/mnt/ubna_data_05/recover-20250324/UBNA_024/20250322_042000.WAV,recover-20250324,UBNA_024,Foliage
HF,48000.0,13.431605027209987,204.0525,204.0568,44375.0,58690.0,Pipistrellus pipistrellus,0.439,0.471,-1,Echolocation,192000.0,/mnt/ubna_data_05/recover-20250324/UBNA_024/20250322_042000.WAV,recover-20250324,UBNA_024,Foliage
HF,48000.0,18.696735774550394,204.1335,204.1377,45234.0,62114.0,Pipistrellus pipistrellus,0.349,0.403,-1,Echolocation,192000.0,/mnt/ubna_data_05/recover-20250324/UBNA_024/20250322_042000.WAV,recover-20250324,UBNA_024,Foliage
HF,48000.0,10.346354886431637,204.2245,204.2295,46093.0,58658.0,Pipistrellus pipistrellus,0.559,0.594,-1,Echolocation,192000.0,/mnt/ubna_data_05/recover-20250324/UBNA_024/20250322_042000.WAV,recover-20250324,UBNA_024,Foliage
HF,48960.0,21.17682849481489,204.3135,204.3179,45234.0,59926.0,Pipistrellus pipistrellus,0.517,0.545,-1,Echolocation,192000.0,/mnt/ubna_data_05/recover-20250324/UBNA_024/20250322_042000.WAV,recover-20250324,UBNA_024,Foliage
HF,52800.0,22.974844324515033,204.4065,204.4121,44375.0,67715.0,Pipistrellus pipistrellus,0.251,0.426,-1,Echolocation,192000.0,/mnt/ubna_data_05/recover-20250324/UBNA_024/20250322_042000.WAV,recover-20250324,UBNA_024,Foliage
HF,53760.0,23.729644583757754,204.4905,204.4956,45234.0,68068.0,Pipistrellus pipistrellus,0.239,0.332,-1,Echolocation,192000.0,/mnt/ubna_data_05/recover-20250324/UBNA_024/20250322_042000.WAV,recover-20250324,UBNA_024,Foliage
HF,48000.0,25.04768162421723,204.5785,204.58350000000002,42656.0,77498.0,Myotis alcathoe,0.253,0.388,-1,Echolocation,192000.0,/mnt/ubna_data_05/recover-20250324/UBNA_024/20250322_042000.WAV,recover-20250324,UBNA_024,Foliage
HF,47040.0,10.021194979543,204.6725,204.6774,45234.0,57478.0,Pipistrellus pipistrellus,0.525,0.589,-1,Echolocation,192000.0,/mnt/ubna_data_05/recover-20250324/UBNA_024/20250322_042000.WAV,recover-20250324,UBNA_024,Foliage
HF,50880.0,21.229730897863313,204.7645,204.7698,43515.0,61471.0,Pipistrellus pipistrellus,0.471,0.531,-1,Echolocation,192000.0,/mnt/ubna_data_05/recover-20250324/UBNA_024/20250322_042000.WAV,recover-20250324,UBNA_024,Foliage
HF,48000.0,25.481853704193345,204.8625,204.8677,42656.0,65393.0,Pipistrellus pipistrellus,0.456,0.546,-1,Echolocation,192000.0,/mnt/ubna_data_05/recover-20250324/UBNA_024/20250322_042000.WAV,recover-20250324,UBNA_024,Foliage
HF,48960.0,6.848772739130064,204.9615,204.96620000000001,47812.0,58773.0,Pipistrellus pipistrellus,0.544,0.566,-1,Echolocation,192000.0,/mnt/ubna_data_05/recover-20250324/UBNA_024/20250322_042000.WAV,recover-20250324,UBNA_024,Foliage
HF,45120.0,25.078474418389355,205.0575,205.0626,42656.0,58895.0,Pipistrellus pipistrellus,0.58,0.644,-1,Echolocation,192000.0,/mnt/ubna_data_05/recover-20250324/UBNA_024/20250322_042000.WAV,recover-20250324,UBNA_024,Foliage
HF,45120.0,8.22328885802358,205.1525,205.1583,45234.0,55318.0,Pipistrellus pipistrellus,0.613,0.647,-1,Echolocation,192000.0,/mnt/ubna_data_05/recover-20250324/UBNA_024/20250322_042000.WAV,recover-20250324,UBNA_024,Foliage
HF,47040.0,16.204096270749496,205.2555,205.261,45234.0,57457.0,Pipistrellus pipistrellus,0.624,0.689,-1,Echolocation,192000.0,/mnt/ubna_data_05/recover-20250324/UBNA_024/20250322_042000.WAV,recover-20250324,UBNA_024,Foliage
HF,46080.0,9.931085282131056,205.3655,205.3709,45234.0,57730.0,Pipistrellus pipistrellus,0.637,0.689,-1,Echolocation,192000.0,/mnt/ubna_data_05/recover-20250324/UBNA_024/20250322_042000.WAV,recover-20250324,UBNA_024,Foliage
HF,46080.0,19.203425342270055,205.4635,205.4686,44375.0,60413.0,Pipistrellus pipistrellus,0.53,0.573,-1,Echolocation,192000.0,/mnt/ubna_data_05/recover-20250324/UBNA_024/20250322_042000.WAV,recover-20250324,UBNA_024,Foliage
HF,47040.0,2.9753776840181807,205.54149999999998,205.5471,46953.0,58208.0,Pipistrellus pipistrellus,0.36,0.382,-1,Echolocation,192000.0,/mnt/ubna_data_05/recover-20250324/UBNA_024/20250322_042000.WAV,recover-20250324,UBNA_024,Foliage
HF,48000.0,13.202494366345727,205.64249999999998,205.6473,46093.0,57044.0,Pipistrellus pipistrellus,0.519,0.529,-1,Echolocation,192000.0,/mnt/ubna_data_05/recover-20250324/UBNA_024/20250322_042000.WAV,recover-20250324,UBNA_024,Foliage
HF,47040.0,16.158129675052958,205.73250000000002,205.7379,45234.0,59092.0,Pipistrellus pipistrellus,0.608,0.661,-1,Echolocation,192000.0,/mnt/ubna_data_05/recover-20250324/UBNA_024/20250322_042000.WAV,recover-20250324,UBNA_024,Foliage
HF,48000.0,17.574027249706226,205.82150000000001,205.8263,45234.0,61095.0,Pipistrellus pipistrellus,0.476,0.525,-1,Echolocation,192000.0,/mnt/ubna_data_05/recover-20250324/UBNA_024/20250322_042000.WAV,recover-20250324,UBNA_024,Foliage
HF,47040.0,11.049673419303634,205.9145,205.9192,45234.0,58472.0,Pipistrellus pipistrellus,0.506,0.525,-1,Echolocation,192000.0,/mnt/ubna_data_05/recover-20250324/UBNA_024/20250322_042000.WAV,recover-20250324,UBNA_024,Foliage
HF,48000.0,16.555806500761385,206.0075,206.0111,46093.0,55969.0,Pipistrellus pipistrellus,0.353,0.434,-1,Echolocation,192000.0,/mnt/ubna_data_05/recover-20250324/UBNA_024/20250322_042000.WAV,recover-20250324,UBNA_024,Foliage
HF,48000.0,16.533536688897847,206.0975,206.102,44375.0,64226.0,Pipistrellus pipistrellus,0.323,0.477,-1,Echolocation,192000.0,/mnt/ubna_data_05/recover-20250324/UBNA_024/20250322_042000.WAV,recover-20250324,UBNA_024,Foliage
HF,48960.0,17.44539526244108,206.1895,206.1934,46093.0,60956.0,Pipistrellus pipistrellus,0.403,0.488,-1,Echolocation,192000.0,/mnt/ubna_data_05/recover-20250324/UBNA_024/20250322_042000.WAV,recover-20250324,UBNA_024,Foliage
HF,48000.0,22.192156367839637,206.29149999999998,206.2962,46093.0,64193.0,Pipistrellus pipistrellus,0.4,0.461,-1,Echolocation,192000.0,/mnt/ubna_data_05/recover-20250324/UBNA_024/20250322_042000.WAV,recover-20250324,UBNA_024,Foliage
HF,48000.0,17.132083322245823,206.3835,206.3876,45234.0,61976.0,Pipistrellus pipistrellus,0.187,0.358,-1,Echolocation,192000.0,/mnt/ubna_data_05/recover-20250324/UBNA_024/20250322_042000.WAV,recover-20250324,UBNA_024,Foliage
HF,48000.0,24.838544817227923,206.4755,206.4799,43515.0,72921.0,Myotis alcathoe,0.234,0.381,-1,Echolocation,192000.0,/mnt/ubna_data_05/recover-20250324/UBNA_024/20250322_042000.WAV,recover-20250324,UBNA_024,Foliage
HF,48000.0,7.170536768005846,206.5625,206.5667,44375.0,61356.0,Myotis alcathoe,0.067,0.202,-1,Echolocation,192000.0,/mnt/ubna_data_05/recover-20250324/UBNA_024/20250322_042000.WAV,recover-20250324,UBNA_024,Foliage
HF,51840.0,5.323531986909892,206.6295,206.6336,44375.0,61358.0,Myotis alcathoe,0.118,0.282,-1,Echolocation,192000.0,/mnt/ubna_data_05/recover-20250324/UBNA_024/20250322_042000.WAV,recover-20250324,UBNA_024,Foliage
HF,48000.0,18.95428118592379,206.7225,206.727,43515.0,62495.0,Myotis alcathoe,0.147,0.358,-1,Echolocation,192000.0,/mnt/ubna_data_05/recover-20250324/UBNA_024/20250322_042000.WAV,recover-20250324,UBNA_024,Foliage
HF,47040.0,14.389723895177514,206.8095,206.8135,43515.0,61649.0,Myotis alcathoe,0.106,0.304,-1,Echolocation,192000.0,/mnt/ubna_data_05/recover-20250324/UBNA_024/20250322_042000.WAV,recover-20250324,UBNA_024,Foliage
HF,46080.0,9.890405611948234,206.9715,206.9757,43515.0,58281.0,Pipistrellus pipistrellus,0.158,0.406,-1,Echolocation,192000.0,/mnt/ubna_data_05/recover-20250324/UBNA_024/20250322_042000.WAV,recover-20250324,UBNA_024,Foliage
HF,48000.0,10.853162505972984,207.1555,207.1594,45234.0,55491.0,Pipistrellus pipistrellus,0.287,0.34,-1,Echolocation,192000.0,/mnt/ubna_data_05/recover-20250324/UBNA_024/20250322_042000.WAV,recover-20250324,UBNA_024,Foliage
HF,48960.0,2.6580738201132847,207.7395,207.7438,42656.0,56457.0,Pipistrellus pipistrellus,0.065,0.237,-1,Echolocation,192000.0,/mnt/ubna_data_05/recover-20250324/UBNA_024/20250322_042000.WAV,recover-20250324,UBNA_024,Foliage
HF,48000.0,2.4955641216716566,207.8295,207.8334,44375.0,62276.0,Myotis mystacinus,0.098,0.257,-1,Echolocation,192000.0,/mnt/ubna_data_05/recover-20250324/UBNA_024/20250322_042000.WAV,recover-20250324,UBNA_024,Foliage
LF,23040.0,0.35577182992917644,21.0915,21.1044,23750.0,29685.0,Eptesicus serotinus,0.092,0.201,-1,Echolocation,192000.0,/mnt/ubna_data_05/recover-20250324/UBNA_024/20250322_050000.WAV,recover-20250324,UBNA_024,Foliage
LF,26880.0,1.6122861654980223,145.4755,145.4856,27187.0,33470.0,Eptesicus serotinus,0.12,0.201,-1,Echolocation,192000.0,/mnt/ubna_data_05/recover-20250324/UBNA_024/20250322_053000.WAV,recover-20250324,UBNA_024,Foliage
LF,23040.0,0.7326441900594829,29.2085,29.2261,22890.0,26954.0,Nyctalus leisleri,0.12,0.237,-1,Echolocation,192000.0,/mnt/ubna_data_05/recover-20250324/UBNA_024/20250322_061000.WAV,recover-20250324,UBNA_024,Foliage
LF,22080.0,-8.75468686313933,288.7155,288.7388,19453.0,22397.0,Nyctalus noctula,0.156,0.23,-1,Echolocation,192000.0,/mnt/ubna_data_05/recover-20250324/UBNA_024/20250322_061000.WAV,recover-20250324,UBNA_024,Foliage
LF,29760.0,4.188258214704514,102.5115,102.5159,23750.0,39792.0,Plecotus austriacus,0.145,0.208,-1,Echolocation,192000.0,/mnt/ubna_data_05/recover-20250324/UBNA_024/20250322_062000.WAV,recover-20250324,UBNA_024,Foliage
LF,29760.0,-0.5072126854870739,280.5025,280.5167,28906.0,33371.0,Eptesicus serotinus,0.144,0.291,-1,Echolocation,192000.0,/mnt/ubna_data_05/recover-20250324/UBNA_024/20250322_062000.WAV,recover-20250324,UBNA_024,Foliage
LF,25920.0,3.802280774679282,122.2635,122.27289999999999,24609.0,31026.0,Eptesicus serotinus,0.162,0.274,-1,Echolocation,192000.0,/mnt/ubna_data_05/recover-20250324/UBNA_024/20250322_064000.WAV,recover-20250324,UBNA_024,Foliage
LF,29760.0,0.991893778990204,152.6375,152.6511,29765.0,34055.0,Eptesicus serotinus,0.11,0.222,-1,Echolocation,192000.0,/mnt/ubna_data_05/recover-20250324/UBNA_024/20250322_065000.WAV,recover-20250324,UBNA_024,Foliage
LF,29760.0,0.9386563572683262,216.8595,216.8681,28906.0,35374.0,Eptesicus serotinus,0.112,0.202,-1,Echolocation,192000.0,/mnt/ubna_data_05/recover-20250324/UBNA_024/20250322_071000.WAV,recover-20250324,UBNA_024,Foliage
LF,27840.0,0.5094898270594684,116.4735,116.4868,27187.0,31974.0,Eptesicus serotinus,0.105,0.201,-1,Echolocation,192000.0,/mnt/ubna_data_05/recover-20250324/UBNA_024/20250322_073000.WAV,recover-20250324,UBNA_024,Foliage
LF,20160.0,-0.2503388949211569,116.1565,116.1775,18593.0,22172.0,Nyctalus noctula,0.187,0.252,-1,Echolocation,192000.0,/mnt/ubna_data_05/recover-20250324/UBNA_024/20250322_081000.WAV,recover-20250324,UBNA_024,Foliage
LF,23040.0,1.1003019974994008,213.7595,213.7706,22031.0,28983.0,Nyctalus noctula,0.093,0.231,-1,Echolocation,192000.0,/mnt/ubna_data_05/recover-20250324/UBNA_024/20250322_081000.WAV,recover-20250324,UBNA_024,Foliage
LF,23040.0,1.4235340665126266,38.0275,38.0382,22890.0,29593.0,Nyctalus noctula,0.078,0.203,-1,Echolocation,192000.0,/mnt/ubna_data_05/recover-20250324/UBNA_024/20250322_082000.WAV,recover-20250324,UBNA_024,Foliage
LF,28800.0,1.3691824904613092,256.9355,256.9489,26328.0,30975.0,Nyctalus leisleri,0.107,0.233,-1,Echolocation,192000.0,/mnt/ubna_data_05/recover-20250324/UBNA_024/20250322_082000.WAV,recover-20250324,UBNA_024,Foliage
LF,26880.0,-0.1644892530200985,54.588499999999996,54.6002,26328.0,30452.0,Nyctalus leisleri,0.126,0.222,-1,Echolocation,192000.0,/mnt/ubna_data_05/recover-20250324/UBNA_024/20250322_085000.WAV,recover-20250324,UBNA_024,Foliage
LF,20160.0,0.625645331262708,36.0045,36.0264,19453.0,22351.0,Nyctalus noctula,0.157,0.212,-1,Echolocation,192000.0,/mnt/ubna_data_05/recover-20250324/UBNA_024/20250322_091000.WAV,recover-20250324,UBNA_024,Foliage
LF,23040.0,1.2992942503544307,276.2125,276.2256,22890.0,29120.0,Nyctalus noctula,0.072,0.201,-1,Echolocation,192000.0,/mnt/ubna_data_05/recover-20250324/UBNA_024/20250322_110000.WAV,recover-20250324,UBNA_024,Foliage
LF,23040.0,0.8116366748951356,125.2635,125.2846,21171.0,25355.0,Nyctalus noctula,0.173,0.246,-1,Echolocation,192000.0,/mnt/ubna_data_05/recover-20250324/UBNA_024/20250322_111000.WAV,recover-20250324,UBNA_024,Foliage
LF,24000.0,0.7859401871854593,168.5525,168.5629,23750.0,29702.0,Eptesicus serotinus,0.09,0.237,-1,Echolocation,192000.0,/mnt/ubna_data_05/recover-20250324/UBNA_024/20250322_114000.WAV,recover-20250324,UBNA_024,Foliage
LF,27840.0,-0.16437255789058908,143.1015,143.1126,26328.0,32335.0,Eptesicus serotinus,0.122,0.232,-1,Echolocation,192000.0,/mnt/ubna_data_05/recover-20250324/UBNA_024/20250322_115000.WAV,recover-20250324,UBNA_024,Foliage
LF,24960.0,1.6656426713087715,125.6065,125.6172,25468.0,32362.0,Eptesicus serotinus,0.104,0.221,-1,Echolocation,192000.0,/mnt/ubna_data_05/recover-20250324/UBNA_024/20250322_120000.WAV,recover-20250324,UBNA_024,Foliage
LF,22080.0,-0.17299462672081461,193.6435,193.6669,21171.0,24546.0,Nyctalus noctula,0.102,0.218,-1,Echolocation,192000.0,/mnt/ubna_data_05/recover-20250324/UBNA_024/20250322_120000.WAV,recover-20250324,UBNA_024,Foliage
LF,22080.0,-0.5194664573257509,286.3355,286.3548,21171.0,24654.0,Nyctalus noctula,0.147,0.265,-1,Echolocation,192000.0,/mnt/ubna_data_05/recover-20250324/UBNA_024/20250322_120000.WAV,recover-20250324,UBNA_024,Foliage
LF,24000.0,1.0082015485907079,85.9025,85.9136,23750.0,30858.0,Eptesicus serotinus,0.105,0.311,-1,Echolocation,192000.0,/mnt/ubna_data_05/recover-20250324/UBNA_024/20250322_123000.WAV,recover-20250324,UBNA_024,Foliage
LF,23040.0,0.3478798605678346,51.680499999999995,51.6969,22890.0,27001.0,Nyctalus leisleri,0.15,0.296,-1,Echolocation,192000.0,/mnt/ubna_data_05/recover-20250324/UBNA_024/20250322_124000.WAV,recover-20250324,UBNA_024,Foliage
LF,22080.0,0.5437706138748256,56.298500000000004,56.3123,21171.0,26380.0,Nyctalus noctula,0.088,0.208,-1,Echolocation,192000.0,/mnt/ubna_data_05/recover-20250324/UBNA_024/20250322_124000.WAV,recover-20250324,UBNA_024,Foliage
LF,23040.0,1.7251208051725,2.7245,2.742,22890.0,26532.0,Nyctalus leisleri,0.14,0.21,-1,Echolocation,192000.0,/mnt/ubna_data_05/recover-20250324/UBNA_024/20250322_125000.WAV,recover-20250324,UBNA_024,Foliage
LF,27840.0,0.09149854366289661,227.1985,227.2083,26328.0,33948.0,Eptesicus serotinus,0.123,0.285,-1,Echolocation,192000.0,/mnt/ubna_data_05/recover-20250324/UBNA_024/20250322_130000.WAV,recover-20250324,UBNA_024,Foliage
LF,25920.0,0.008271287321671367,221.6285,221.6447,25468.0,29777.0,Nyctalus leisleri,0.129,0.22,-1,Echolocation,192000.0,/mnt/ubna_data_05/recover-20250324/UBNA_024/20250322_131000.WAV,recover-20250324,UBNA_024,Foliage
LF,27840.0,-0.47358491452699336,12.4795,12.4918,27187.0,32212.0,Nyctalus leisleri,0.173,0.351,-1,Echolocation,192000.0,/mnt/ubna_data_05/recover-20250324/UBNA_024/20250322_134000.WAV,recover-20250324,UBNA_024,Foliage
LF,23040.0,0.5808641235401334,140.7995,140.8158,22890.0,27252.0,Nyctalus leisleri,0.082,0.201,-1,Echolocation,192000.0,/mnt/ubna_data_05/recover-20250324/UBNA_024/20250322_134000.WAV,recover-20250324,UBNA_024,Foliage
LF,20160.0,5.011072200376711,266.9225,266.9413,20312.0,23478.0,Nyctalus leisleri,0.106,0.234,-1,Echolocation,192000.0,/mnt/ubna_data_05/recover-20250324/UBNA_024/20250322_134000.WAV,recover-20250324,UBNA_024,Foliage
HF,46080.0,3.4838347082222083,266.9245,266.9404,45234.0,48110.0,Pipistrellus pipistrellus,0.244,0.295,-1,Echolocation,192000.0,/mnt/ubna_data_05/recover-20250324/UBNA_024/20250322_134000.WAV,recover-20250324,UBNA_024,Foliage
LF,28800.0,1.366061796265764,183.4625,183.4732,27187.0,33304.0,Eptesicus serotinus,0.171,0.275,-1,Echolocation,192000.0,/mnt/ubna_data_05/recover-20250324/UBNA_024/20250322_141000.WAV,recover-20250324,UBNA_024,Foliage
LF,28800.0,1.659615984635154,210.5885,210.6018,28046.0,33802.0,Eptesicus serotinus,0.142,0.226,-1,Echolocation,192000.0,/mnt/ubna_data_05/recover-20250324/UBNA_024/20250322_141000.WAV,recover-20250324,UBNA_024,Foliage
LF,24000.0,9.061064328485589,242.6975,242.7173,23750.0,26761.0,Nyctalus leisleri,0.348,0.392,-1,Echolocation,192000.0,/mnt/ubna_data_05/recover-20250324/UBNA_024/20250322_144000.WAV,recover-20250324,UBNA_024,Foliage
LF,26880.0,1.1567860644904577,119.0265,119.0401,26328.0,31029.0,Eptesicus serotinus,0.1,0.221,-1,Echolocation,192000.0,/mnt/ubna_data_05/recover-20250324/UBNA_024/20250322_145000.WAV,recover-20250324,UBNA_024,Foliage
LF,21120.0,10.063580196985347,0.1105,0.1342,21171.0,23417.0,Nyctalus leisleri,0.227,0.253,-1,Echolocation,192000.0,/mnt/ubna_data_05/recover-20250324/UBNA_024/20250322_150000.WAV,recover-20250324,UBNA_024,Foliage
LF,20160.0,11.510049036817485,0.4115,0.435,18593.0,21469.0,Nyctalus noctula,0.112,0.217,-1,Echolocation,192000.0,/mnt/ubna_data_05/recover-20250324/UBNA_024/20250322_150000.WAV,recover-20250324,UBNA_024,Foliage
HF,46080.0,1.3860802067870113,274.4595,274.4688,44375.0,48207.0,Pipistrellus pipistrellus,0.214,0.23,-1,Echolocation,192000.0,/mnt/ubna_data_05/recover-20250324/UBNA_024/20250322_150000.WAV,recover-20250324,UBNA_024,Foliage
LF,20160.0,2.5116862821524597,40.1685,40.1896,20312.0,23380.0,Nyctalus noctula,0.178,0.291,-1,Echolocation,192000.0,/mnt/ubna_data_05/recover-20250324/UBNA_024/20250322_151000.WAV,recover-20250324,UBNA_024,Foliage
LF,27840.0,0.44216976374413797,175.8145,175.828,28046.0,32399.0,Nyctalus leisleri,0.216,0.391,-1,Echolocation,192000.0,/mnt/ubna_data_05/recover-20250324/UBNA_024/20250322_155000.WAV,recover-20250324,UBNA_024,Foliage
LF,17280.0,4.252648300048688,139.8125,139.8326,15156.0,18088.0,Nyctalus noctula,0.129,0.209,-1,Echolocation,192000.0,/mnt/ubna_data_05/recover-20250324/UBNA_024/20250322_161000.WAV,recover-20250324,UBNA_024,Foliage
LF,17280.0,3.34785973927685,140.1515,140.1772,15156.0,18338.0,Nyctalus noctula,0.1,0.202,-1,Echolocation,192000.0,/mnt/ubna_data_05/recover-20250324/UBNA_024/20250322_161000.WAV,recover-20250324,UBNA_024,Foliage
LF,24000.0,3.500998440320076,153.2115,153.2261,23750.0,27171.0,Nyctalus leisleri,0.258,0.339,-1,Echolocation,192000.0,/mnt/ubna_data_05/recover-20250324/UBNA_024/20250322_161000.WAV,recover-20250324,UBNA_024,Foliage
LF,17280.0,0.742776959070781,159.1125,159.1305,15156.0,19170.0,Nyctalus noctula,0.127,0.218,-1,Echolocation,192000.0,/mnt/ubna_data_05/recover-20250324/UBNA_024/20250322_161000.WAV,recover-20250324,UBNA_024,Foliage
LF,17280.0,10.116364107573437,287.7765,287.8055,16875.0,20288.0,Nyctalus noctula,0.276,0.361,-1,Echolocation,192000.0,/mnt/ubna_data_05/recover-20250324/UBNA_024/20250322_161000.WAV,recover-20250324,UBNA_024,Foliage
LF,27840.0,1.107675018092615,291.6645,291.6737,27187.0,35084.0,Eptesicus serotinus,0.162,0.224,-1,Echolocation,192000.0,/mnt/ubna_data_05/recover-20250324/UBNA_024/20250322_161000.WAV,recover-20250324,UBNA_024,Foliage
LF,28800.0,1.2885405972865513,170.1505,170.1623,26328.0,31758.0,Eptesicus serotinus,0.103,0.231,-1,Echolocation,192000.0,/mnt/ubna_data_05/recover-20250324/UBNA_024/20250322_162000.WAV,recover-20250324,UBNA_024,Foliage
LF,19200.0,4.048202980513275,265.0795,265.1046,17734.0,21009.0,Nyctalus noctula,0.239,0.334,-1,Echolocation,192000.0,/mnt/ubna_data_05/recover-20250324/UBNA_024/20250322_162000.WAV,recover-20250324,UBNA_024,Foliage
LF,19200.0,2.602685339730699,267.1605,267.1861,18593.0,21349.0,Nyctalus noctula,0.208,0.292,-1,Echolocation,192000.0,/mnt/ubna_data_05/recover-20250324/UBNA_024/20250322_162000.WAV,recover-20250324,UBNA_024,Foliage
LF,28800.0,0.2628172575336554,195.2545,195.2668,29765.0,34528.0,Eptesicus serotinus,0.114,0.214,-1,Echolocation,192000.0,/mnt/ubna_data_05/recover-20250324/UBNA_024/20250322_163000.WAV,recover-20250324,UBNA_024,Foliage
LF,20160.0,4.587207739272873,155.07150000000001,155.09890000000001,17734.0,20736.0,Nyctalus noctula,0.159,0.202,-1,Echolocation,192000.0,/mnt/ubna_data_05/recover-20250324/UBNA_024/20250322_164000.WAV,recover-20250324,UBNA_024,Foliage
LF,20160.0,6.937746595145416,155.2505,155.278,18593.0,21387.0,Nyctalus noctula,0.227,0.294,-1,Echolocation,192000.0,/mnt/ubna_data_05/recover-20250324/UBNA_024/20250322_164000.WAV,recover-20250324,UBNA_024,Foliage
LF,19200.0,7.447410949480324,155.4185,155.4447,17734.0,20912.0,Nyctalus noctula,0.356,0.437,-1,Echolocation,192000.0,/mnt/ubna_data_05/recover-20250324/UBNA_024/20250322_164000.WAV,recover-20250324,UBNA_024,Foliage
LF,23040.0,1.0691277926536729,5.0525,5.0727,22031.0,25982.0,Nyctalus noctula,0.135,0.301,-1,Echolocation,192000.0,/mnt/ubna_data_05/recover-20250324/UBNA_024/20250322_165000.WAV,recover-20250324,UBNA_024,Foliage
LF,21120.0,0.09170856799280284,266.3155,266.3352,20312.0,24065.0,Nyctalus noctula,0.124,0.203,-1,Echolocation,192000.0,/mnt/ubna_data_05/recover-20250324/UBNA_024/20250322_165000.WAV,recover-20250324,UBNA_024,Foliage
LF,22080.0,-2.7766125045249943,266.7195,266.739,21171.0,25184.0,Nyctalus noctula,0.158,0.271,-1,Echolocation,192000.0,/mnt/ubna_data_05/recover-20250324/UBNA_024/20250322_165000.WAV,recover-20250324,UBNA_024,Foliage
LF,25920.0,0.4641503389036,267.1095,267.124,23750.0,28161.0,Nyctalus leisleri,0.193,0.34,-1,Echolocation,192000.0,/mnt/ubna_data_05/recover-20250324/UBNA_024/20250322_165000.WAV,recover-20250324,UBNA_024,Foliage
LF,20160.0,9.740313129784939,267.4845,267.5114,19453.0,21740.0,Nyctalus noctula,0.197,0.325,-1,Echolocation,192000.0,/mnt/ubna_data_05/recover-20250324/UBNA_024/20250322_165000.WAV,recover-20250324,UBNA_024,Foliage
LF,22080.0,8.183469221876397,267.8015,267.8273,21171.0,24441.0,Nyctalus leisleri,0.116,0.209,-1,Echolocation,192000.0,/mnt/ubna_data_05/recover-20250324/UBNA_024/20250322_165000.WAV,recover-20250324,UBNA_024,Foliage
LF,22080.0,4.990644764630434,296.0035,296.0294,19453.0,22843.0,Nyctalus noctula,0.181,0.232,-1,Echolocation,192000.0,/mnt/ubna_data_05/recover-20250324/UBNA_024/20250322_165000.WAV,recover-20250324,UBNA_024,Foliage
LF,17280.0,9.56661092878401,69.0085,69.0351,16875.0,20445.0,Nyctalus noctula,0.16,0.217,-1,Echolocation,192000.0,/mnt/ubna_data_05/recover-20250324/UBNA_024/20250322_170000.WAV,recover-20250324,UBNA_024,Foliage
LF,18240.0,3.0623840034371232,164.3235,164.3494,17734.0,20078.0,Nyctalus noctula,0.195,0.272,-1,Echolocation,192000.0,/mnt/ubna_data_05/recover-20250324/UBNA_024/20250322_170000.WAV,recover-20250324,UBNA_024,Foliage
LF,18240.0,1.7261170223959996,167.9265,167.9546,17734.0,20068.0,Nyctalus noctula,0.195,0.268,-1,Echolocation,192000.0,/mnt/ubna_data_05/recover-20250324/UBNA_024/20250322_170000.WAV,recover-20250324,UBNA_024,Foliage
LF,18240.0,7.46037509083413,168.1835,168.2066,16875.0,19964.0,Nyctalus noctula,0.282,0.403,-1,Echolocation,192000.0,/mnt/ubna_data_05/recover-20250324/UBNA_024/20250322_170000.WAV,recover-20250324,UBNA_024,Foliage
LF,19200.0,7.525918329261392,257.7775,257.7974,14296.0,18331.0,Nyctalus noctula,0.126,0.209,-1,Echolocation,192000.0,/mnt/ubna_data_05/recover-20250324/UBNA_024/20250322_170000.WAV,recover-20250324,UBNA_024,Foliage
LF,20160.0,12.5364023715318,259.9645,259.9916,18593.0,21217.0,Nyctalus noctula,0.145,0.201,-1,Echolocation,192000.0,/mnt/ubna_data_05/recover-20250324/UBNA_024/20250322_170000.WAV,recover-20250324,UBNA_024,Foliage
LF,20160.0,7.120629513995374,267.9635,267.99,19453.0,21837.0,Nyctalus leisleri,0.22,0.272,-1,Echolocation,192000.0,/mnt/ubna_data_05/recover-20250324/UBNA_024/20250322_170000.WAV,recover-20250324,UBNA_024,Foliage
LF,20160.0,5.393444643024333,268.1895,268.2104,20312.0,23077.0,Nyctalus leisleri,0.222,0.274,-1,Echolocation,192000.0,/mnt/ubna_data_05/recover-20250324/UBNA_024/20250322_170000.WAV,recover-20250324,UBNA_024,Foliage
LF,20160.0,9.966490606665497,113.8105,113.8342,18593.0,20939.0,Nyctalus leisleri,0.11,0.223,-1,Echolocation,192000.0,/mnt/ubna_data_05/recover-20250324/UBNA_024/20250322_171000.WAV,recover-20250324,UBNA_024,Foliage
LF,23040.0,0.31463819896862233,197.2165,197.2356,22890.0,27006.0,Nyctalus leisleri,0.12,0.249,-1,Echolocation,192000.0,/mnt/ubna_data_05/recover-20250324/UBNA_024/20250322_171000.WAV,recover-20250324,UBNA_024,Foliage
LF,22080.0,-2.843877363442393,236.7665,236.7871,18593.0,21385.0,Nyctalus noctula,0.117,0.206,-1,Echolocation,192000.0,/mnt/ubna_data_05/recover-20250324/UBNA_024/20250322_171000.WAV,recover-20250324,UBNA_024,Foliage
LF,16320.0,8.800491646164089,278.0545,278.0746,15156.0,18159.0,Nyctalus leisleri,0.189,0.236,-1,Echolocation,192000.0,/mnt/ubna_data_05/recover-20250324/UBNA_024/20250322_171000.WAV,recover-20250324,UBNA_024,Foliage
LF,21120.0,9.02444285758532,204.8515,204.8784,20312.0,23174.0,Nyctalus leisleri,0.175,0.223,-1,Echolocation,192000.0,/mnt/ubna_data_05/recover-20250324/UBNA_024/20250322_173000.WAV,recover-20250324,UBNA_024,Foliage
HF,45120.0,1.0761551958496156,275.0675,275.081,44375.0,47578.0,Pipistrellus pipistrellus,0.161,0.206,-1,Echolocation,192000.0,/mnt/ubna_data_05/recover-20250324/UBNA_024/20250322_174000.WAV,recover-20250324,UBNA_024,Foliage
LF,29760.0,1.4817995012209395,250.4215,250.4327,28906.0,35421.0,Eptesicus serotinus,0.159,0.244,-1,Echolocation,192000.0,/mnt/ubna_data_05/recover-20250324/UBNA_024/20250322_175000.WAV,recover-20250324,UBNA_024,Foliage
LF,22080.0,0.7870137779430204,149.6015,149.6205,22031.0,26340.0,Nyctalus noctula,0.159,0.341,-1,Echolocation,192000.0,/mnt/ubna_data_05/recover-20250324/UBNA_024/20250322_181000.WAV,recover-20250324,UBNA_024,Foliage
LF,21120.0,6.379701514264302,147.97050000000002,147.9965,20312.0,23274.0,Nyctalus leisleri,0.177,0.206,-1,Echolocation,192000.0,/mnt/ubna_data_05/recover-20250324/UBNA_024/20250322_185000.WAV,recover-20250324,UBNA_024,Foliage
LF,18240.0,3.126483488013598,5.4275,5.454,17734.0,20538.0,Nyctalus noctula,0.155,0.207,-1,Echolocation,192000.0,/mnt/ubna_data_05/recover-20250324/UBNA_024/20250322_191000.WAV,recover-20250324,UBNA_024,Foliage
LF,19200.0,1.5517440220536556,12.3395,12.3618,18593.0,22088.0,Nyctalus noctula,0.25,0.36,-1,Echolocation,192000.0,/mnt/ubna_data_05/recover-20250324/UBNA_024/20250322_191000.WAV,recover-20250324,UBNA_024,Foliage
LF,23040.0,0.8126019784637675,114.4515,114.463,24609.0,29910.0,Nyctalus leisleri,0.127,0.305,-1,Echolocation,192000.0,/mnt/ubna_data_05/recover-20250324/UBNA_024/20250322_191000.WAV,recover-20250324,UBNA_024,Foliage
LF,21120.0,0.1979017720032063,186.8255,186.8481,20312.0,23827.0,Nyctalus noctula,0.149,0.239,-1,Echolocation,192000.0,/mnt/ubna_data_05/recover-20250324/UBNA_024/20250322_191000.WAV,recover-20250324,UBNA_024,Foliage
LF,18240.0,5.402922640919394,294.7445,294.769,17734.0,20726.0,Nyctalus noctula,0.254,0.346,-1,Echolocation,192000.0,/mnt/ubna_data_05/recover-20250324/UBNA_024/20250322_193000.WAV,recover-20250324,UBNA_024,Foliage
LF,28800.0,0.12679009077723266,237.9105,237.9225,27187.0,32441.0,Eptesicus serotinus,0.155,0.325,-1,Echolocation,192000.0,/mnt/ubna_data_05/recover-20250324/UBNA_024/20250322_194000.WAV,recover-20250324,UBNA_024,Foliage
LF,22080.0,-0.15841497449896438,15.0305,15.0524,20312.0,23482.0,Nyctalus noctula,0.146,0.241,-1,Echolocation,192000.0,/mnt/ubna_data_05/recover-20250324/UBNA_024/20250322_195000.WAV,recover-20250324,UBNA_024,Foliage
LF,18240.0,1.8241648593890758,266.1205,266.1408,16875.0,20266.0,Nyctalus noctula,0.202,0.285,-1,Echolocation,192000.0,/mnt/ubna_data_05/recover-20250324/UBNA_024/20250322_200000.WAV,recover-20250324,UBNA_024,Foliage
LF,18240.0,2.40277016424066,266.5305,266.54970000000003,16875.0,19865.0,Nyctalus noctula,0.131,0.214,-1,Echolocation,192000.0,/mnt/ubna_data_05/recover-20250324/UBNA_024/20250322_200000.WAV,recover-20250324,UBNA_024,Foliage
LF,22080.0,0.7788061304970606,275.5785,275.5966,22031.0,25768.0,Nyctalus leisleri,0.118,0.232,-1,Echolocation,192000.0,/mnt/ubna_data_05/recover-20250324/UBNA_024/20250322_201000.WAV,recover-20250324,UBNA_024,Foliage
LF,28800.0,1.2254871404156802,262.9935,263.003,27187.0,33771.0,Eptesicus serotinus,0.181,0.282,-1,Echolocation,192000.0,/mnt/ubna_data_05/recover-20250324/UBNA_024/20250322_202000.WAV,recover-20250324,UBNA_024,Foliage
LF,24960.0,1.1294688683966372,232.9785,232.9905,25468.0,29894.0,Nyctalus leisleri,0.098,0.212,-1,Echolocation,192000.0,/mnt/ubna_data_05/recover-20250324/UBNA_024/20250322_203000.WAV,recover-20250324,UBNA_024,Foliage
LF,21120.0,0.9542914295020055,31.0205,31.0427,20312.0,24240.0,Nyctalus noctula,0.182,0.28,-1,Echolocation,192000.0,/mnt/ubna_data_05/recover-20250324/UBNA_024/20250322_214000.WAV,recover-20250324,UBNA_024,Foliage
LF,22080.0,4.3950993285214235,13.3815,13.402,21171.0,23767.0,Nyctalus leisleri,0.175,0.215,-1,Echolocation,192000.0,/mnt/ubna_data_05/recover-20250324/UBNA_024/20250322_221000.WAV,recover-20250324,UBNA_024,Foliage
LF,21120.0,4.649676679131779,55.1305,55.153,19453.0,21906.0,Nyctalus noctula,0.168,0.257,-1,Echolocation,192000.0,/mnt/ubna_data_05/recover-20250324/UBNA_024/20250322_221000.WAV,recover-20250324,UBNA_024,Foliage
LF,24000.0,0.6126836245570725,83.1985,83.2124,24609.0,30530.0,Eptesicus serotinus,0.092,0.213,-1,Echolocation,192000.0,/mnt/ubna_data_05/recover-20250324/UBNA_024/20250322_223000.WAV,recover-20250324,UBNA_024,Foliage
LF,22080.0,0.4990014031765454,262.0215,262.0428,20312.0,24625.0,Nyctalus noctula,0.141,0.219,-1,Echolocation,192000.0,/mnt/ubna_data_05/recover-20250324/UBNA_024/20250322_223000.WAV,recover-20250324,UBNA_024,Foliage
LF,23040.0,-0.5050721474605295,194.0805,194.0935,22890.0,26939.0,Nyctalus leisleri,0.092,0.204,-1,Echolocation,192000.0,/mnt/ubna_data_05/recover-20250324/UBNA_024/20250322_225000.WAV,recover-20250324,UBNA_024,Foliage
LF,23040.0,2.272302065118609,202.5895,202.6022,23750.0,29032.0,Nyctalus leisleri,0.107,0.225,-1,Echolocation,192000.0,/mnt/ubna_data_05/recover-20250324/UBNA_024/20250322_225000.WAV,recover-20250324,UBNA_024,Foliage
LF,24960.0,1.224157453775049,72.3675,72.3813,24609.0,29406.0,Nyctalus leisleri,0.112,0.247,-1,Echolocation,192000.0,/mnt/ubna_data_05/recover-20250324/UBNA_024/20250322_230000.WAV,recover-20250324,UBNA_024,Foliage
LF,24000.0,0.4111156149674206,265.5415,265.558,22890.0,26480.0,Nyctalus leisleri,0.147,0.215,-1,Echolocation,192000.0,/mnt/ubna_data_05/recover-20250324/UBNA_024/20250322_233000.WAV,recover-20250324,UBNA_024,Foliage
LF,22080.0,3.3193031864866973,9.2425,9.2677,19453.0,23457.0,Nyctalus noctula,0.163,0.261,-1,Echolocation,192000.0,/mnt/ubna_data_05/recover-20250324/UBNA_024/20250322_235000.WAV,recover-20250324,UBNA_024,Foliage
LF,23040.0,1.20743026380245,107.1685,107.1858,22890.0,26894.0,Nyctalus leisleri,0.135,0.203,-1,Echolocation,192000.0,/mnt/ubna_data_05/recover-20250324/UBNA_024/20250323_000000.WAV,recover-20250324,UBNA_024,Foliage
LF,22080.0,1.4227665286201812,56.3575,56.376999999999995,22031.0,26211.0,Nyctalus noctula,0.115,0.237,-1,Echolocation,192000.0,/mnt/ubna_data_05/recover-20250324/UBNA_024/20250323_001000.WAV,recover-20250324,UBNA_024,Foliage
LF,22080.0,-0.12684455229370906,222.4945,222.5135,21171.0,25021.0,Nyctalus noctula,0.147,0.293,-1,Echolocation,192000.0,/mnt/ubna_data_05/recover-20250324/UBNA_024/20250323_001000.WAV,recover-20250324,UBNA_024,Foliage
LF,27840.0,1.3682811067569587,157.7545,157.7725,28046.0,31780.0,Nyctalus leisleri,0.126,0.216,-1,Echolocation,192000.0,/mnt/ubna_data_05/recover-20250324/UBNA_024/20250323_005000.WAV,recover-20250324,UBNA_024,Foliage
LF,26880.0,1.1577905041785788,112.3485,112.3649,26328.0,30754.0,Nyctalus leisleri,0.142,0.252,-1,Echolocation,192000.0,/mnt/ubna_data_05/recover-20250324/UBNA_024/20250323_010000.WAV,recover-20250324,UBNA_024,Foliage
LF,29760.0,1.2062973585338719,68.3875,68.3978,30625.0,36434.0,Eptesicus serotinus,0.15,0.264,-1,Echolocation,192000.0,/mnt/ubna_data_05/recover-20250324/UBNA_024/20250323_011000.WAV,recover-20250324,UBNA_024,Foliage
LF,24960.0,0.6406437660076327,63.6955,63.7078,25468.0,29382.0,Nyctalus leisleri,0.098,0.203,-1,Echolocation,192000.0,/mnt/ubna_data_05/recover-20250324/UBNA_024/20250323_013000.WAV,recover-20250324,UBNA_024,Foliage
LF,19200.0,3.5387829106877247,21.4275,21.4483,17734.0,20479.0,Nyctalus noctula,0.241,0.357,-1,Echolocation,192000.0,/mnt/ubna_data_05/recover-20250324/UBNA_024/20250323_015000.WAV,recover-20250324,UBNA_024,Foliage
LF,21120.0,1.494044801546631,125.3285,125.3478,21171.0,24697.0,Nyctalus noctula,0.154,0.265,-1,Echolocation,192000.0,/mnt/ubna_data_05/recover-20250324/UBNA_024/20250323_022000.WAV,recover-20250324,UBNA_024,Foliage
LF,27840.0,1.4185020744810304,143.6505,143.6617,28046.0,35413.0,Eptesicus serotinus,0.148,0.21,-1,Echolocation,192000.0,/mnt/ubna_data_05/recover-20250324/UBNA_024/20250323_023000.WAV,recover-20250324,UBNA_024,Foliage
LF,26880.0,1.0032189550691395,215.9755,215.9896,26328.0,30875.0,Nyctalus leisleri,0.136,0.255,-1,Echolocation,192000.0,/mnt/ubna_data_05/recover-20250324/UBNA_024/20250323_024000.WAV,recover-20250324,UBNA_024,Foliage
HF,39360.0,1.4636151822672896,270.6495,270.6599,37500.0,41763.0,Pipistrellus nathusii,0.213,0.229,-1,Echolocation,192000.0,/mnt/ubna_data_05/recover-20250324/UBNA_024/20250323_025000.WAV,recover-20250324,UBNA_024,Foliage
LF,26880.0,1.6990433851861138,71.4255,71.4387,27187.0,32335.0,Eptesicus serotinus,0.111,0.211,-1,Echolocation,192000.0,/mnt/ubna_data_05/recover-20250324/UBNA_024/20250323_030000.WAV,recover-20250324,UBNA_024,Foliage
HF,51840.0,7.786211161455965,111.9515,111.9547,50390.0,56050.0,Pipistrellus pipistrellus,0.197,0.239,-1,Echolocation,192000.0,/mnt/ubna_data_05/recover-20250324/UBNA_024/20250323_030000.WAV,recover-20250324,UBNA_024,Foliage
HF,51840.0,4.666374996739212,112.0235,112.0281,51250.0,61220.0,Pipistrellus pipistrellus,0.301,0.358,-1,Echolocation,192000.0,/mnt/ubna_data_05/recover-20250324/UBNA_024/20250323_030000.WAV,recover-20250324,UBNA_024,Foliage
HF,52800.0,5.409837760385223,112.1105,112.1152,49531.0,60862.0,Pipistrellus pipistrellus,0.256,0.396,-1,Echolocation,192000.0,/mnt/ubna_data_05/recover-20250324/UBNA_024/20250323_030000.WAV,recover-20250324,UBNA_024,Foliage
HF,51840.0,2.098281032980373,112.1975,112.2026,51250.0,57456.0,Pipistrellus pipistrellus,0.318,0.36,-1,Echolocation,192000.0,/mnt/ubna_data_05/recover-20250324/UBNA_024/20250323_030000.WAV,recover-20250324,UBNA_024,Foliage
HF,51840.0,12.068872148821878,112.2805,112.2848,46953.0,67167.0,Myotis alcathoe,0.126,0.281,-1,Echolocation,192000.0,/mnt/ubna_data_05/recover-20250324/UBNA_024/20250323_030000.WAV,recover-20250324,UBNA_024,Foliage
HF,51840.0,8.655193902426326,112.3715,112.3758,48671.0,61533.0,Pipistrellus pipistrellus,0.392,0.47,-1,Echolocation,192000.0,/mnt/ubna_data_05/recover-20250324/UBNA_024/20250323_030000.WAV,recover-20250324,UBNA_024,Foliage
HF,51840.0,8.046844285102125,112.4575,112.46170000000001,45234.0,66584.0,Myotis alcathoe,0.213,0.358,-1,Echolocation,192000.0,/mnt/ubna_data_05/recover-20250324/UBNA_024/20250323_030000.WAV,recover-20250324,UBNA_024,Foliage
HF,52800.0,9.619541174595188,112.5495,112.5538,47812.0,63080.0,Pipistrellus pipistrellus,0.225,0.414,-1,Echolocation,192000.0,/mnt/ubna_data_05/recover-20250324/UBNA_024/20250323_030000.WAV,recover-20250324,UBNA_024,Foliage
HF,48000.0,12.099587026437359,112.64150000000001,112.6459,46953.0,62305.0,Pipistrellus pipistrellus,0.487,0.542,-1,Echolocation,192000.0,/mnt/ubna_data_05/recover-20250324/UBNA_024/20250323_030000.WAV,recover-20250324,UBNA_024,Foliage
HF,55680.0,11.514642170254273,112.7135,112.7175,50390.0,63730.0,Pipistrellus pipistrellus,0.276,0.337,-1,Echolocation,192000.0,/mnt/ubna_data_05/recover-20250324/UBNA_024/20250323_030000.WAV,recover-20250324,UBNA_024,Foliage
HF,55680.0,9.269077638183429,112.7805,112.7847,46953.0,65677.0,Myotis alcathoe,0.237,0.392,-1,Echolocation,192000.0,/mnt/ubna_data_05/recover-20250324/UBNA_024/20250323_030000.WAV,recover-20250324,UBNA_024,Foliage
HF,52800.0,15.128057639166663,112.8635,112.8681,47812.0,64986.0,Pipistrellus pipistrellus,0.326,0.494,-1,Echolocation,192000.0,/mnt/ubna_data_05/recover-20250324/UBNA_024/20250323_030000.WAV,recover-20250324,UBNA_024,Foliage
HF,55680.0,8.138658217338664,112.9485,112.9527,46093.0,67570.0,Myotis alcathoe,0.2,0.296,-1,Echolocation,192000.0,/mnt/ubna_data_05/recover-20250324/UBNA_024/20250323_030000.WAV,recover-20250324,UBNA_024,Foliage
HF,48960.0,13.453251930753641,113.0375,113.0421,46093.0,68292.0,Myotis alcathoe,0.206,0.431,-1,Echolocation,192000.0,/mnt/ubna_data_05/recover-20250324/UBNA_024/20250323_030000.WAV,recover-20250324,UBNA_024,Foliage
HF,48000.0,12.602061861715283,113.1235,113.1281,45234.0,65549.0,Myotis alcathoe,0.186,0.321,-1,Echolocation,192000.0,/mnt/ubna_data_05/recover-20250324/UBNA_024/20250323_030000.WAV,recover-20250324,UBNA_024,Foliage
HF,48960.0,14.536662938619711,113.2175,113.2225,47812.0,62683.0,Pipistrellus pipistrellus,0.39,0.466,-1,Echolocation,192000.0,/mnt/ubna_data_05/recover-20250324/UBNA_024/20250323_030000.WAV,recover-20250324,UBNA_024,Foliage
HF,48960.0,16.67541620339956,113.3065,113.3115,45234.0,67720.0,Myotis alcathoe,0.214,0.302,-1,Echolocation,192000.0,/mnt/ubna_data_05/recover-20250324/UBNA_024/20250323_030000.WAV,recover-20250324,UBNA_024,Foliage
HF,48960.0,15.69247946951867,113.40350000000001,113.40729999999999,44375.0,71116.0,Myotis alcathoe,0.194,0.324,-1,Echolocation,192000.0,/mnt/ubna_data_05/recover-20250324/UBNA_024/20250323_030000.WAV,recover-20250324,UBNA_024,Foliage
HF,47040.0,14.399760993733153,113.4915,113.4959,43515.0,71768.0,Myotis alcathoe,0.201,0.264,-1,Echolocation,192000.0,/mnt/ubna_data_05/recover-20250324/UBNA_024/20250323_030000.WAV,recover-20250324,UBNA_024,Foliage
HF,48000.0,19.43116556749461,113.5875,113.5916,45234.0,65075.0,Pipistrellus pipistrellus,0.15,0.327,-1,Echolocation,192000.0,/mnt/ubna_data_05/recover-20250324/UBNA_024/20250323_030000.WAV,recover-20250324,UBNA_024,Foliage
HF,48000.0,22.185010677360193,113.6755,113.6799,43515.0,74888.0,Myotis alcathoe,0.236,0.308,-1,Echolocation,192000.0,/mnt/ubna_data_05/recover-20250324/UBNA_024/20250323_030000.WAV,recover-20250324,UBNA_024,Foliage
HF,48960.0,23.29935196468515,113.7625,113.767,40937.0,80719.0,Myotis alcathoe,0.228,0.281,-1,Echolocation,192000.0,/mnt/ubna_data_05/recover-20250324/UBNA_024/20250323_030000.WAV,recover-20250324,UBNA_024,Foliage
HF,48000.0,23.24463384324715,113.8515,113.8557,41796.0,76488.0,Myotis alcathoe,0.301,0.344,-1,Echolocation,192000.0,/mnt/ubna_data_05/recover-20250324/UBNA_024/20250323_030000.WAV,recover-20250324,UBNA_024,Foliage
HF,48000.0,27.845029740914526,113.9425,113.9468,39218.0,82925.0,Myotis alcathoe,0.313,0.405,-1,Echolocation,192000.0,/mnt/ubna_data_05/recover-20250324/UBNA_024/20250323_030000.WAV,recover-20250324,UBNA_024,Foliage
HF,48960.0,28.29116261347245,114.03450000000001,114.0394,40937.0,85729.0,Myotis alcathoe,0.402,0.55,-1,Echolocation,192000.0,/mnt/ubna_data_05/recover-20250324/UBNA_024/20250323_030000.WAV,recover-20250324,UBNA_024,Foliage
HF,48960.0,26.844356771966503,114.12950000000001,114.1335,40078.0,71916.0,Myotis alcathoe,0.322,0.565,-1,Echolocation,192000.0,/mnt/ubna_data_05/recover-20250324/UBNA_024/20250323_030000.WAV,recover-20250324,UBNA_024,Foliage
HF,47040.0,33.035319805689056,114.22149999999999,114.2267,39218.0,88037.0,Myotis alcathoe,0.362,0.459,-1,Echolocation,192000.0,/mnt/ubna_data_05/recover-20250324/UBNA_024/20250323_030000.WAV,recover-20250324,UBNA_024,Foliage
HF,50880.0,24.668664925890184,114.3175,114.3215,40078.0,80026.0,Myotis alcathoe,0.403,0.559,-1,Echolocation,192000.0,/mnt/ubna_data_05/recover-20250324/UBNA_024/20250323_030000.WAV,recover-20250324,UBNA_024,Foliage
HF,51840.0,32.43605329170044,114.4065,114.41159999999999,40078.0,84955.0,Myotis alcathoe,0.333,0.439,-1,Echolocation,192000.0,/mnt/ubna_data_05/recover-20250324/UBNA_024/20250323_030000.WAV,recover-20250324,UBNA_024,Foliage
HF,52800.0,35.65233295789514,114.49549999999999,114.5001,42656.0,79339.0,Myotis alcathoe,0.268,0.463,-1,Echolocation,192000.0,/mnt/ubna_data_05/recover-20250324/UBNA_024/20250323_030000.WAV,recover-20250324,UBNA_024,Foliage
HF,48000.0,20.558953132196848,114.5875,114.5913,40937.0,68184.0,Myotis alcathoe,0.231,0.44,-1,Echolocation,192000.0,/mnt/ubna_data_05/recover-20250324/UBNA_024/20250323_030000.WAV,recover-20250324,UBNA_024,Foliage
HF,48000.0,28.68994398447011,114.6745,114.6786,40937.0,75955.0,Myotis alcathoe,0.331,0.535,-1,Echolocation,192000.0,/mnt/ubna_data_05/recover-20250324/UBNA_024/20250323_030000.WAV,recover-20250324,UBNA_024,Foliage
HF,48000.0,28.55868086725672,114.76050000000001,114.7649,44375.0,63822.0,Pipistrellus pipistrellus,0.284,0.312,-1,Echolocation,192000.0,/mnt/ubna_data_05/recover-20250324/UBNA_024/20250323_030000.WAV,recover-20250324,UBNA_024,Foliage
HF,48000.0,26.45385650802844,114.76050000000001,114.7645,37500.0,80648.0,Myotis alcathoe,0.214,0.342,-1,Echolocation,192000.0,/mnt/ubna_data_05/recover-20250324/UBNA_024/20250323_030000.WAV,recover-20250324,UBNA_024,Foliage
HF,48000.0,15.121623407680453,114.8535,114.8588,46093.0,56971.0,Pipistrellus pipistrellus,0.501,0.547,-1,Echolocation,192000.0,/mnt/ubna_data_05/recover-20250324/UBNA_024/20250323_030000.WAV,recover-20250324,UBNA_024,Foliage
HF,48000.0,3.7024944344488087,114.9325,114.9372,47812.0,58941.0,Pipistrellus pipistrellus,0.34,0.39,-1,Echolocation,192000.0,/mnt/ubna_data_05/recover-20250324/UBNA_024/20250323_030000.WAV,recover-20250324,UBNA_024,Foliage
HF,48000.0,6.275651429810983,115.0085,115.0125,44375.0,62690.0,Myotis alcathoe,0.133,0.359,-1,Echolocation,192000.0,/mnt/ubna_data_05/recover-20250324/UBNA_024/20250323_030000.WAV,recover-20250324,UBNA_024,Foliage
HF,46080.0,7.978262404743564,115.0795,115.0838,44375.0,62730.0,Myotis alcathoe,0.165,0.491,-1,Echolocation,192000.0,/mnt/ubna_data_05/recover-20250324/UBNA_024/20250323_030000.WAV,recover-20250324,UBNA_024,Foliage
HF,48000.0,3.997722354761761,115.1395,115.1439,44375.0,56157.0,Pipistrellus pipistrellus,0.23,0.346,-1,Echolocation,192000.0,/mnt/ubna_data_05/recover-20250324/UBNA_024/20250323_030000.WAV,recover-20250324,UBNA_024,Foliage
HF,51840.0,11.439127199996992,115.7125,115.7165,42656.0,75491.0,Myotis alcathoe,0.279,0.553,-1,Echolocation,192000.0,/mnt/ubna_data_05/recover-20250324/UBNA_024/20250323_030000.WAV,recover-20250324,UBNA_024,Foliage
HF,51840.0,14.046477046911292,115.7935,115.7972,46953.0,78206.0,Myotis alcathoe,0.312,0.402,-1,Echolocation,192000.0,/mnt/ubna_data_05/recover-20250324/UBNA_024/20250323_030000.WAV,recover-20250324,UBNA_024,Foliage
HF,54720.0,12.801074081419141,115.87950000000001,115.883,48671.0,71058.0,Myotis alcathoe,0.228,0.369,-1,Echolocation,192000.0,/mnt/ubna_data_05/recover-20250324/UBNA_024/20250323_030000.WAV,recover-20250324,UBNA_024,Foliage
HF,54720.0,17.71374185221436,115.9645,115.9689,43515.0,82027.0,Myotis alcathoe,0.399,0.543,-1,Echolocation,192000.0,/mnt/ubna_data_05/recover-20250324/UBNA_024/20250323_030000.WAV,recover-20250324,UBNA_024,Foliage
HF,50880.0,14.809201282512166,116.0665,116.07130000000001,42656.0,80227.0,Myotis alcathoe,0.285,0.575,-1,Echolocation,192000.0,/mnt/ubna_data_05/recover-20250324/UBNA_024/20250323_030000.WAV,recover-20250324,UBNA_024,Foliage
HF,51840.0,16.23125145070603,116.1575,116.1615,43515.0,78939.0,Myotis alcathoe,0.269,0.512,-1,Echolocation,192000.0,/mnt/ubna_data_05/recover-20250324/UBNA_024/20250323_030000.WAV,recover-20250324,UBNA_024,Foliage
HF,48960.0,14.230868321118255,116.24549999999999,116.2497,43515.0,77416.0,Myotis alcathoe,0.314,0.563,-1,Echolocation,192000.0,/mnt/ubna_data_05/recover-20250324/UBNA_024/20250323_030000.WAV,recover-20250324,UBNA_024,Foliage
HF,56640.0,3.4758084181176607,116.3275,116.3306,46953.0,69099.0,Myotis alcathoe,0.144,0.273,-1,Echolocation,192000.0,/mnt/ubna_data_05/recover-20250324/UBNA_024/20250323_030000.WAV,recover-20250324,UBNA_024,Foliage
HF,53760.0,12.356627935721551,116.4135,116.4169,44375.0,73692.0,Myotis alcathoe,0.269,0.484,-1,Echolocation,192000.0,/mnt/ubna_data_05/recover-20250324/UBNA_024/20250323_030000.WAV,recover-20250324,UBNA_024,Foliage
HF,48000.0,9.635349491824435,116.5065,116.51050000000001,42656.0,73400.0,Myotis alcathoe,0.226,0.461,-1,Echolocation,192000.0,/mnt/ubna_data_05/recover-20250324/UBNA_024/20250323_030000.WAV,recover-20250324,UBNA_024,Foliage
HF,51840.0,6.708102065689275,116.5985,116.602,44375.0,66670.0,Myotis alcathoe,0.224,0.414,-1,Echolocation,192000.0,/mnt/ubna_data_05/recover-20250324/UBNA_024/20250323_030000.WAV,recover-20250324,UBNA_024,Foliage
HF,48960.0,11.73927187411332,116.6865,116.6904,46093.0,67592.0,Myotis alcathoe,0.169,0.334,-1,Echolocation,192000.0,/mnt/ubna_data_05/recover-20250324/UBNA_024/20250323_030000.WAV,recover-20250324,UBNA_024,Foliage
HF,48000.0,6.987763906210627,116.77850000000001,116.7825,41796.0,68212.0,Myotis mystacinus,0.21,0.534,-1,Echolocation,192000.0,/mnt/ubna_data_05/recover-20250324/UBNA_024/20250323_030000.WAV,recover-20250324,UBNA_024,Foliage
HF,53760.0,11.818953086358729,116.8715,116.875,41796.0,74065.0,Myotis mystacinus,0.291,0.569,-1,Echolocation,192000.0,/mnt/ubna_data_05/recover-20250324/UBNA_024/20250323_030000.WAV,recover-20250324,UBNA_024,Foliage
HF,51840.0,4.276084757360639,116.9635,116.9668,47812.0,64388.0,Myotis alcathoe,0.183,0.375,-1,Echolocation,192000.0,/mnt/ubna_data_05/recover-20250324/UBNA_024/20250323_030000.WAV,recover-20250324,UBNA_024,Foliage
HF,48000.0,3.9650549181504835,117.0535,117.0578,48671.0,60592.0,Pipistrellus pipistrellus,0.488,0.538,-1,Echolocation,192000.0,/mnt/ubna_data_05/recover-20250324/UBNA_024/20250323_030000.WAV,recover-20250324,UBNA_024,Foliage
HF,48000.0,18.595644378887556,117.1495,117.1534,46093.0,63643.0,Pipistrellus pipistrellus,0.463,0.562,-1,Echolocation,192000.0,/mnt/ubna_data_05/recover-20250324/UBNA_024/20250323_030000.WAV,recover-20250324,UBNA_024,Foliage
HF,51840.0,3.8064908998662856,117.2435,117.2473,46953.0,60262.0,Pipistrellus pipistrellus,0.324,0.44,-1,Echolocation,192000.0,/mnt/ubna_data_05/recover-20250324/UBNA_024/20250323_030000.WAV,recover-20250324,UBNA_024,Foliage
HF,47040.0,20.954858964016623,117.3765,117.3809,43515.0,64100.0,Pipistrellus pipistrellus,0.403,0.559,-1,Echolocation,192000.0,/mnt/ubna_data_05/recover-20250324/UBNA_024/20250323_030000.WAV,recover-20250324,UBNA_024,Foliage
HF,48000.0,16.4130230256897,117.4675,117.4714,46093.0,63981.0,Pipistrellus pipistrellus,0.412,0.527,-1,Echolocation,192000.0,/mnt/ubna_data_05/recover-20250324/UBNA_024/20250323_030000.WAV,recover-20250324,UBNA_024,Foliage
HF,51840.0,14.285336600366222,117.5605,117.564,47812.0,60943.0,Pipistrellus pipistrellus,0.474,0.533,-1,Echolocation,192000.0,/mnt/ubna_data_05/recover-20250324/UBNA_024/20250323_030000.WAV,recover-20250324,UBNA_024,Foliage
HF,47040.0,11.928191611779182,117.6545,117.6584,46093.0,59402.0,Pipistrellus pipistrellus,0.574,0.623,-1,Echolocation,192000.0,/mnt/ubna_data_05/recover-20250324/UBNA_024/20250323_030000.WAV,recover-20250324,UBNA_024,Foliage
HF,48000.0,21.94642961199872,117.7895,117.7938,46093.0,65777.0,Pipistrellus pipistrellus,0.545,0.657,-1,Echolocation,192000.0,/mnt/ubna_data_05/recover-20250324/UBNA_024/20250323_030000.WAV,recover-20250324,UBNA_024,Foliage
HF,48960.0,25.80592796535164,117.8875,117.8921,46093.0,64779.0,Pipistrellus pipistrellus,0.527,0.599,-1,Echolocation,192000.0,/mnt/ubna_data_05/recover-20250324/UBNA_024/20250323_030000.WAV,recover-20250324,UBNA_024,Foliage
HF,52800.0,7.369878568786436,117.9845,117.9876,52109.0,63250.0,Pipistrellus pipistrellus,0.183,0.265,-1,Echolocation,192000.0,/mnt/ubna_data_05/recover-20250324/UBNA_024/20250323_030000.WAV,recover-20250324,UBNA_024,Foliage
HF,48000.0,6.389132028385984,117.9845,117.9879,46953.0,67093.0,Myotis alcathoe,0.189,0.38,-1,Echolocation,192000.0,/mnt/ubna_data_05/recover-20250324/UBNA_024/20250323_030000.WAV,recover-20250324,UBNA_024,Foliage
HF,48960.0,17.71457432526697,118.07849999999999,118.0836,46953.0,63591.0,Pipistrellus pipistrellus,0.474,0.594,-1,Echolocation,192000.0,/mnt/ubna_data_05/recover-20250324/UBNA_024/20250323_030000.WAV,recover-20250324,UBNA_024,Foliage
HF,48000.0,22.05863592374076,118.1745,118.1793,45234.0,65195.0,Pipistrellus pipistrellus,0.532,0.614,-1,Echolocation,192000.0,/mnt/ubna_data_05/recover-20250324/UBNA_024/20250323_030000.WAV,recover-20250324,UBNA_024,Foliage
HF,48000.0,20.22898707239309,118.3115,118.3162,44375.0,64533.0,Pipistrellus pipistrellus,0.323,0.426,-1,Echolocation,192000.0,/mnt/ubna_data_05/recover-20250324/UBNA_024/20250323_030000.WAV,recover-20250324,UBNA_024,Foliage
HF,48000.0,26.10057559383697,118.4005,118.405,44375.0,67952.0,Pipistrellus pipistrellus,0.254,0.357,-1,Echolocation,192000.0,/mnt/ubna_data_05/recover-20250324/UBNA_024/20250323_030000.WAV,recover-20250324,UBNA_024,Foliage
HF,48960.0,16.380280190719084,118.4975,118.5017,45234.0,63914.0,Pipistrellus pipistrellus,0.382,0.471,-1,Echolocation,192000.0,/mnt/ubna_data_05/recover-20250324/UBNA_024/20250323_030000.WAV,recover-20250324,UBNA_024,Foliage
HF,51840.0,21.860437043289316,118.59049999999999,118.5952,43515.0,67862.0,Pipistrellus pipistrellus,0.308,0.45,-1,Echolocation,192000.0,/mnt/ubna_data_05/recover-20250324/UBNA_024/20250323_030000.WAV,recover-20250324,UBNA_024,Foliage
HF,48000.0,18.386617793946737,118.6845,118.6901,46953.0,57635.0,Pipistrellus pipistrellus,0.388,0.418,-1,Echolocation,192000.0,/mnt/ubna_data_05/recover-20250324/UBNA_024/20250323_030000.WAV,recover-20250324,UBNA_024,Foliage
HF,47040.0,23.451895315809207,118.7705,118.7761,41796.0,77382.0,Myotis alcathoe,0.294,0.419,-1,Echolocation,192000.0,/mnt/ubna_data_05/recover-20250324/UBNA_024/20250323_030000.WAV,recover-20250324,UBNA_024,Foliage
HF,48960.0,8.201271527780294,118.8595,118.86410000000001,44375.0,64437.0,Myotis alcathoe,0.188,0.366,-1,Echolocation,192000.0,/mnt/ubna_data_05/recover-20250324/UBNA_024/20250323_030000.WAV,recover-20250324,UBNA_024,Foliage
HF,48000.0,18.272573223414383,118.9445,118.9493,43515.0,68737.0,Pipistrellus pipistrellus,0.177,0.404,-1,Echolocation,192000.0,/mnt/ubna_data_05/recover-20250324/UBNA_024/20250323_030000.WAV,recover-20250324,UBNA_024,Foliage
HF,48000.0,7.222830146968983,119.0295,119.0349,46953.0,56972.0,Pipistrellus pipistrellus,0.359,0.401,-1,Echolocation,192000.0,/mnt/ubna_data_05/recover-20250324/UBNA_024/20250323_030000.WAV,recover-20250324,UBNA_024,Foliage
HF,46080.0,14.227889289553953,119.1465,119.1516,44375.0,57827.0,Pipistrellus pipistrellus,0.349,0.405,-1,Echolocation,192000.0,/mnt/ubna_data_05/recover-20250324/UBNA_024/20250323_030000.WAV,recover-20250324,UBNA_024,Foliage
HF,46080.0,13.40066265037926,119.2285,119.233,44375.0,60507.0,Pipistrellus pipistrellus,0.357,0.453,-1,Echolocation,192000.0,/mnt/ubna_data_05/recover-20250324/UBNA_024/20250323_030000.WAV,recover-20250324,UBNA_024,Foliage
HF,46080.0,15.936244512679561,119.3135,119.3177,42656.0,57650.0,Pipistrellus pipistrellus,0.211,0.387,-1,Echolocation,192000.0,/mnt/ubna_data_05/recover-20250324/UBNA_024/20250323_030000.WAV,recover-20250324,UBNA_024,Foliage
HF,46080.0,5.0348986588476095,119.39750000000001,119.4043,45234.0,50690.0,Pipistrellus pipistrellus,0.28,0.336,-1,Echolocation,192000.0,/mnt/ubna_data_05/recover-20250324/UBNA_024/20250323_030000.WAV,recover-20250324,UBNA_024,Foliage
HF,46080.0,12.144984956358712,119.4855,119.48949999999999,42656.0,61666.0,Pipistrellus pipistrellus,0.16,0.414,-1,Echolocation,192000.0,/mnt/ubna_data_05/recover-20250324/UBNA_024/20250323_030000.WAV,recover-20250324,UBNA_024,Foliage
HF,48000.0,6.593837982572154,119.57849999999999,119.5832,43515.0,58964.0,Pipistrellus pipistrellus,0.207,0.405,-1,Echolocation,192000.0,/mnt/ubna_data_05/recover-20250324/UBNA_024/20250323_030000.WAV,recover-20250324,UBNA_024,Foliage
HF,48000.0,1.8902229883961075,119.6675,119.6726,46953.0,57025.0,Pipistrellus pipistrellus,0.219,0.236,-1,Echolocation,192000.0,/mnt/ubna_data_05/recover-20250324/UBNA_024/20250323_030000.WAV,recover-20250324,UBNA_024,Foliage
HF,48960.0,6.2296081759878685,119.8355,119.8408,45234.0,55760.0,Pipistrellus pipistrellus,0.296,0.335,-1,Echolocation,192000.0,/mnt/ubna_data_05/recover-20250324/UBNA_024/20250323_030000.WAV,recover-20250324,UBNA_024,Foliage
HF,46080.0,7.651684631439398,120.3855,120.3923,45234.0,51154.0,Pipistrellus pipistrellus,0.343,0.391,-1,Echolocation,192000.0,/mnt/ubna_data_05/recover-20250324/UBNA_024/20250323_030000.WAV,recover-20250324,UBNA_024,Foliage
HF,47040.0,7.233279408350636,120.5625,120.5686,44375.0,52403.0,Pipistrellus pipistrellus,0.244,0.428,-1,Echolocation,192000.0,/mnt/ubna_data_05/recover-20250324/UBNA_024/20250323_030000.WAV,recover-20250324,UBNA_024,Foliage
HF,47040.0,2.2539717248272035,171.5105,171.5157,43515.0,53649.0,Pipistrellus pipistrellus,0.17,0.208,-1,Echolocation,192000.0,/mnt/ubna_data_05/recover-20250324/UBNA_024/20250323_030000.WAV,recover-20250324,UBNA_024,Foliage
HF,47040.0,3.359796129753154,171.5985,171.6031,44375.0,55076.0,Pipistrellus pipistrellus,0.309,0.342,-1,Echolocation,192000.0,/mnt/ubna_data_05/recover-20250324/UBNA_024/20250323_030000.WAV,recover-20250324,UBNA_024,Foliage
HF,47040.0,2.1101504986308806,171.7705,171.7791,46953.0,51459.0,Pipistrellus pipistrellus,0.203,0.217,-1,Echolocation,192000.0,/mnt/ubna_data_05/recover-20250324/UBNA_024/20250323_030000.WAV,recover-20250324,UBNA_024,Foliage
HF,47040.0,3.705964406698966,171.8535,171.8589,44375.0,56501.0,Pipistrellus pipistrellus,0.255,0.315,-1,Echolocation,192000.0,/mnt/ubna_data_05/recover-20250324/UBNA_024/20250323_030000.WAV,recover-20250324,UBNA_024,Foliage
HF,48000.0,2.3352173640153513,171.9425,171.9485,45234.0,52060.0,Pipistrellus pipistrellus,0.299,0.313,-1,Echolocation,192000.0,/mnt/ubna_data_05/recover-20250324/UBNA_024/20250323_030000.WAV,recover-20250324,UBNA_024,Foliage
HF,46080.0,5.821704755829218,172.0275,172.0321,45234.0,55857.0,Pipistrellus pipistrellus,0.565,0.586,-1,Echolocation,192000.0,/mnt/ubna_data_05/recover-20250324/UBNA_024/20250323_030000.WAV,recover-20250324,UBNA_024,Foliage
HF,46080.0,5.548261273272096,172.2005,172.2062,46093.0,54580.0,Pipistrellus pipistrellus,0.532,0.548,-1,Echolocation,192000.0,/mnt/ubna_data_05/recover-20250324/UBNA_024/20250323_030000.WAV,recover-20250324,UBNA_024,Foliage
HF,47040.0,1.0343403308055958,172.2855,172.2918,45234.0,51878.0,Pipistrellus pipistrellus,0.5,0.518,-1,Echolocation,192000.0,/mnt/ubna_data_05/recover-20250324/UBNA_024/20250323_030000.WAV,recover-20250324,UBNA_024,Foliage
HF,46080.0,4.637154177724396,172.3725,172.3779,45234.0,53036.0,Pipistrellus pipistrellus,0.53,0.546,-1,Echolocation,192000.0,/mnt/ubna_data_05/recover-20250324/UBNA_024/20250323_030000.WAV,recover-20250324,UBNA_024,Foliage
HF,46080.0,1.50429242637392,172.5505,172.5564,45234.0,55220.0,Pipistrellus pipistrellus,0.307,0.318,-1,Echolocation,192000.0,/mnt/ubna_data_05/recover-20250324/UBNA_024/20250323_030000.WAV,recover-20250324,UBNA_024,Foliage
HF,46080.0,2.0933862683194695,172.7365,172.7423,45234.0,52420.0,Pipistrellus pipistrellus,0.453,0.471,-1,Echolocation,192000.0,/mnt/ubna_data_05/recover-20250324/UBNA_024/20250323_030000.WAV,recover-20250324,UBNA_024,Foliage
HF,47040.0,2.328298256183158,172.9155,172.9219,45234.0,53073.0,Pipistrellus pipistrellus,0.424,0.437,-1,Echolocation,192000.0,/mnt/ubna_data_05/recover-20250324/UBNA_024/20250323_030000.WAV,recover-20250324,UBNA_024,Foliage
HF,46080.0,3.7813044893535825,173.1535,173.1578,39218.0,57529.0,Myotis alcathoe,0.052,0.289,-1,Echolocation,192000.0,/mnt/ubna_data_05/recover-20250324/UBNA_024/20250323_030000.WAV,recover-20250324,UBNA_024,Foliage
HF,48000.0,6.005329202541342,235.5515,235.5566,47812.0,55614.0,Pipistrellus pipistrellus,0.353,0.385,-1,Echolocation,192000.0,/mnt/ubna_data_05/recover-20250324/UBNA_024/20250323_030000.WAV,recover-20250324,UBNA_024,Foliage
HF,51840.0,7.934346492399151,236.34550000000002,236.3514,45234.0,60014.0,Pipistrellus pipistrellus,0.37,0.437,-1,Echolocation,192000.0,/mnt/ubna_data_05/recover-20250324/UBNA_024/20250323_030000.WAV,recover-20250324,UBNA_024,Foliage
HF,48000.0,12.357197103227296,236.5325,236.5369,46093.0,60008.0,Pipistrellus pipistrellus,0.532,0.559,-1,Echolocation,192000.0,/mnt/ubna_data_05/recover-20250324/UBNA_024/20250323_030000.WAV,recover-20250324,UBNA_024,Foliage
HF,48000.0,2.8591321595979338,236.6225,236.6291,47812.0,56251.0,Pipistrellus pipistrellus,0.365,0.373,-1,Echolocation,192000.0,/mnt/ubna_data_05/recover-20250324/UBNA_024/20250323_030000.WAV,recover-20250324,UBNA_024,Foliage
HF,47040.0,4.483768860745553,236.7225,236.7278,46953.0,55631.0,Pipistrellus pipistrellus,0.553,0.566,-1,Echolocation,192000.0,/mnt/ubna_data_05/recover-20250324/UBNA_024/20250323_030000.WAV,recover-20250324,UBNA_024,Foliage
HF,48000.0,4.900591915311198,236.8165,236.8225,47812.0,57427.0,Pipistrellus pipistrellus,0.398,0.413,-1,Echolocation,192000.0,/mnt/ubna_data_05/recover-20250324/UBNA_024/20250323_030000.WAV,recover-20250324,UBNA_024,Foliage
HF,48000.0,8.230542386765016,236.9195,236.9247,46953.0,59858.0,Pipistrellus pipistrellus,0.588,0.633,-1,Echolocation,192000.0,/mnt/ubna_data_05/recover-20250324/UBNA_024/20250323_030000.WAV,recover-20250324,UBNA_024,Foliage
HF,48000.0,3.4134347363232136,237.0115,237.01749999999998,46093.0,56183.0,Pipistrellus pipistrellus,0.477,0.492,-1,Echolocation,192000.0,/mnt/ubna_data_05/recover-20250324/UBNA_024/20250323_030000.WAV,recover-20250324,UBNA_024,Foliage
HF,47040.0,2.8462634936097,237.1685,237.1748,45234.0,54869.0,Pipistrellus pipistrellus,0.26,0.273,-1,Echolocation,192000.0,/mnt/ubna_data_05/recover-20250324/UBNA_024/20250323_030000.WAV,recover-20250324,UBNA_024,Foliage
HF,47040.0,4.680092916431446,237.2585,237.265,46093.0,55162.0,Pipistrellus pipistrellus,0.501,0.525,-1,Echolocation,192000.0,/mnt/ubna_data_05/recover-20250324/UBNA_024/20250323_030000.WAV,recover-20250324,UBNA_024,Foliage
HF,48000.0,7.215982050190752,237.3565,237.362,46093.0,57259.0,Pipistrellus pipistrellus,0.544,0.579,-1,Echolocation,192000.0,/mnt/ubna_data_05/recover-20250324/UBNA_024/20250323_030000.WAV,recover-20250324,UBNA_024,Foliage
HF,47040.0,15.072141992428909,237.5015,237.5065,45234.0,59334.0,Pipistrellus pipistrellus,0.597,0.624,-1,Echolocation,192000.0,/mnt/ubna_data_05/recover-20250324/UBNA_024/20250323_030000.WAV,recover-20250324,UBNA_024,Foliage
HF,47040.0,13.349916536320105,237.5895,237.5943,46093.0,60818.0,Pipistrellus pipistrellus,0.617,0.663,-1,Echolocation,192000.0,/mnt/ubna_data_05/recover-20250324/UBNA_024/20250323_030000.WAV,recover-20250324,UBNA_024,Foliage
HF,47040.0,13.160836697361395,237.67849999999999,237.6837,46093.0,59530.0,Pipistrellus pipistrellus,0.463,0.493,-1,Echolocation,192000.0,/mnt/ubna_data_05/recover-20250324/UBNA_024/20250323_030000.WAV,recover-20250324,UBNA_024,Foliage
HF,47040.0,9.041422039409095,237.7665,237.7733,46093.0,57722.0,Pipistrellus pipistrellus,0.395,0.413,-1,Echolocation,192000.0,/mnt/ubna_data_05/recover-20250324/UBNA_024/20250323_030000.WAV,recover-20250324,UBNA_024,Foliage
HF,48960.0,16.37038868057134,237.8525,237.8572,45234.0,61406.0,Pipistrellus pipistrellus,0.438,0.463,-1,Echolocation,192000.0,/mnt/ubna_data_05/recover-20250324/UBNA_024/20250323_030000.WAV,recover-20250324,UBNA_024,Foliage
HF,48960.0,15.616606704907529,237.9375,237.9436,46093.0,61945.0,Pipistrellus pipistrellus,0.385,0.439,-1,Echolocation,192000.0,/mnt/ubna_data_05/recover-20250324/UBNA_024/20250323_030000.WAV,recover-20250324,UBNA_024,Foliage
HF,47040.0,5.98279579251027,238.0255,238.0319,46953.0,58428.0,Pipistrellus pipistrellus,0.558,0.605,-1,Echolocation,192000.0,/mnt/ubna_data_05/recover-20250324/UBNA_024/20250323_030000.WAV,recover-20250324,UBNA_024,Foliage
HF,49920.0,3.2575647389549287,238.1105,238.1175,48671.0,54402.0,Pipistrellus pipistrellus,0.385,0.395,-1,Echolocation,192000.0,/mnt/ubna_data_05/recover-20250324/UBNA_024/20250323_030000.WAV,recover-20250324,UBNA_024,Foliage
HF,48960.0,20.49931311305977,238.1825,238.1875,45234.0,62167.0,Pipistrellus pipistrellus,0.458,0.467,-1,Echolocation,192000.0,/mnt/ubna_data_05/recover-20250324/UBNA_024/20250323_030000.WAV,recover-20250324,UBNA_024,Foliage
HF,48960.0,11.321325648788683,238.2715,238.277,46953.0,55767.0,Pipistrellus pipistrellus,0.475,0.493,-1,Echolocation,192000.0,/mnt/ubna_data_05/recover-20250324/UBNA_024/20250323_030000.WAV,recover-20250324,UBNA_024,Foliage
HF,48000.0,13.040417376759892,238.3555,238.3601,46093.0,59332.0,Pipistrellus pipistrellus,0.56,0.583,-1,Echolocation,192000.0,/mnt/ubna_data_05/recover-20250324/UBNA_024/20250323_030000.WAV,recover-20250324,UBNA_024,Foliage
HF,48000.0,14.818321122379366,238.4415,238.4475,46953.0,55490.0,Pipistrellus pipistrellus,0.633,0.644,-1,Echolocation,192000.0,/mnt/ubna_data_05/recover-20250324/UBNA_024/20250323_030000.WAV,recover-20250324,UBNA_024,Foliage
HF,47040.0,17.166631261149018,238.5325,238.5388,46093.0,61447.0,Pipistrellus pipistrellus,0.58,0.643,-1,Echolocation,192000.0,/mnt/ubna_data_05/recover-20250324/UBNA_024/20250323_030000.WAV,recover-20250324,UBNA_024,Foliage
HF,47040.0,3.2023433216165618,238.6285,238.6335,46953.0,54565.0,Pipistrellus pipistrellus,0.394,0.403,-1,Echolocation,192000.0,/mnt/ubna_data_05/recover-20250324/UBNA_024/20250323_030000.WAV,recover-20250324,UBNA_024,Foliage
HF,48000.0,14.928311650153594,238.7105,238.7158,43515.0,60702.0,Pipistrellus pipistrellus,0.459,0.538,-1,Echolocation,192000.0,/mnt/ubna_data_05/recover-20250324/UBNA_024/20250323_030000.WAV,recover-20250324,UBNA_024,Foliage
HF,46080.0,7.736552309525142,238.8055,238.8103,46093.0,58348.0,Pipistrellus pipistrellus,0.57,0.583,-1,Echolocation,192000.0,/mnt/ubna_data_05/recover-20250324/UBNA_024/20250323_030000.WAV,recover-20250324,UBNA_024,Foliage
HF,47040.0,20.32830837018393,238.8885,238.8932,45234.0,59829.0,Pipistrellus pipistrellus,0.604,0.639,-1,Echolocation,192000.0,/mnt/ubna_data_05/recover-20250324/UBNA_024/20250323_030000.WAV,recover-20250324,UBNA_024,Foliage
HF,51840.0,1.4326060730685652,238.9405,238.9453,50390.0,60256.0,Pipistrellus pipistrellus,0.258,0.278,-1,Echolocation,192000.0,/mnt/ubna_data_05/recover-20250324/UBNA_024/20250323_030000.WAV,recover-20250324,UBNA_024,Foliage
HF,46080.0,3.456031812854766,239.5005,239.5062,45234.0,55661.0,Pipistrellus pipistrellus,0.486,0.505,-1,Echolocation,192000.0,/mnt/ubna_data_05/recover-20250324/UBNA_024/20250323_030000.WAV,recover-20250324,UBNA_024,Foliage
HF,48960.0,3.002011664974931,239.5825,239.5877,46093.0,54593.0,Pipistrellus pipistrellus,0.389,0.399,-1,Echolocation,192000.0,/mnt/ubna_data_05/recover-20250324/UBNA_024/20250323_030000.WAV,recover-20250324,UBNA_024,Foliage
HF,47040.0,3.961192737922081,239.6495,239.6556,46093.0,56014.0,Pipistrellus pipistrellus,0.379,0.402,-1,Echolocation,192000.0,/mnt/ubna_data_05/recover-20250324/UBNA_024/20250323_030000.WAV,recover-20250324,UBNA_024,Foliage
HF,48000.0,3.0120398449656194,239.8155,239.8209,46953.0,60706.0,Pipistrellus pipistrellus,0.199,0.228,-1,Echolocation,192000.0,/mnt/ubna_data_05/recover-20250324/UBNA_024/20250323_030000.WAV,recover-20250324,UBNA_024,Foliage
HF,47040.0,11.342912777074991,239.9065,239.9112,46953.0,60301.0,Pipistrellus pipistrellus,0.644,0.66,-1,Echolocation,192000.0,/mnt/ubna_data_05/recover-20250324/UBNA_024/20250323_030000.WAV,recover-20250324,UBNA_024,Foliage
LF,26880.0,-0.1299144669749361,76.5605,76.57079999999999,26328.0,32334.0,Eptesicus serotinus,0.129,0.228,-1,Echolocation,192000.0,/mnt/ubna_data_05/recover-20250324/UBNA_024/20250323_031000.WAV,recover-20250324,UBNA_024,Foliage
HF,46080.0,3.1331790491817064,135.7435,135.7473,25468.0,65193.0,Myotis nattereri,0.176,0.215,-1,Echolocation,192000.0,/mnt/ubna_data_05/recover-20250324/UBNA_024/20250323_031000.WAV,recover-20250324,UBNA_024,Foliage
HF,48000.0,3.1077476113074765,150.5795,150.5866,46953.0,55213.0,Pipistrellus pipistrellus,0.357,0.38,-1,Echolocation,192000.0,/mnt/ubna_data_05/recover-20250324/UBNA_024/20250323_031000.WAV,recover-20250324,UBNA_024,Foliage
HF,47040.0,5.788323495412718,150.7785,150.7845,46093.0,55699.0,Pipistrellus pipistrellus,0.351,0.39,-1,Echolocation,192000.0,/mnt/ubna_data_05/recover-20250324/UBNA_024/20250323_031000.WAV,recover-20250324,UBNA_024,Foliage
HF,47040.0,5.084255529466518,150.8695,150.8755,46953.0,55644.0,Pipistrellus pipistrellus,0.377,0.388,-1,Echolocation,192000.0,/mnt/ubna_data_05/recover-20250324/UBNA_024/20250323_031000.WAV,recover-20250324,UBNA_024,Foliage
HF,52800.0,4.97905312097788,152.4705,152.475,49531.0,56223.0,Pipistrellus pipistrellus,0.334,0.359,-1,Echolocation,192000.0,/mnt/ubna_data_05/recover-20250324/UBNA_024/20250323_031000.WAV,recover-20250324,UBNA_024,Foliage
LF,23040.0,1.088074332883011,155.7275,155.7432,22890.0,26355.0,Nyctalus leisleri,0.162,0.254,-1,Echolocation,192000.0,/mnt/ubna_data_05/recover-20250324/UBNA_024/20250323_031000.WAV,recover-20250324,UBNA_024,Foliage
HF,48000.0,5.501606831635632,55.6665,55.6717,42656.0,59192.0,Pipistrellus pipistrellus,0.293,0.456,-1,Echolocation,192000.0,/mnt/ubna_data_05/recover-20250324/UBNA_024/20250323_034000.WAV,recover-20250324,UBNA_024,Foliage
HF,48000.0,8.246796302000089,55.9565,55.9617,43515.0,57900.0,Pipistrellus pipistrellus,0.38,0.57,-1,Echolocation,192000.0,/mnt/ubna_data_05/recover-20250324/UBNA_024/20250323_034000.WAV,recover-20250324,UBNA_024,Foliage
HF,46080.0,3.106752254764413,56.0535,56.0601,45234.0,52484.0,Pipistrellus pipistrellus,0.343,0.351,-1,Echolocation,192000.0,/mnt/ubna_data_05/recover-20250324/UBNA_024/20250323_034000.WAV,recover-20250324,UBNA_024,Foliage
HF,45120.0,4.177161547976468,56.1535,56.159400000000005,44375.0,53453.0,Pipistrellus pipistrellus,0.527,0.554,-1,Echolocation,192000.0,/mnt/ubna_data_05/recover-20250324/UBNA_024/20250323_034000.WAV,recover-20250324,UBNA_024,Foliage
HF,45120.0,9.048047171596389,56.2465,56.2522,44375.0,52333.0,Pipistrellus pipistrellus,0.573,0.591,-1,Echolocation,192000.0,/mnt/ubna_data_05/recover-20250324/UBNA_024/20250323_034000.WAV,recover-20250324,UBNA_024,Foliage
HF,46080.0,9.49974259707351,56.3345,56.340199999999996,44375.0,58100.0,Pipistrellus pipistrellus,0.52,0.57,-1,Echolocation,192000.0,/mnt/ubna_data_05/recover-20250324/UBNA_024/20250323_034000.WAV,recover-20250324,UBNA_024,Foliage
HF,46080.0,15.561465065127269,56.439499999999995,56.4452,43515.0,57139.0,Pipistrellus pipistrellus,0.539,0.617,-1,Echolocation,192000.0,/mnt/ubna_data_05/recover-20250324/UBNA_024/20250323_034000.WAV,recover-20250324,UBNA_024,Foliage
HF,47040.0,8.417010071923034,56.545500000000004,56.5518,43515.0,59055.0,Pipistrellus pipistrellus,0.423,0.529,-1,Echolocation,192000.0,/mnt/ubna_data_05/recover-20250324/UBNA_024/20250323_034000.WAV,recover-20250324,UBNA_024,Foliage
HF,48000.0,3.8351078448884532,56.6495,56.6553,45234.0,52704.0,Pipistrellus pipistrellus,0.475,0.493,-1,Echolocation,192000.0,/mnt/ubna_data_05/recover-20250324/UBNA_024/20250323_034000.WAV,recover-20250324,UBNA_024,Foliage
HF,47040.0,12.291689677683646,56.7485,56.7541,44375.0,59517.0,Pipistrellus pipistrellus,0.554,0.602,-1,Echolocation,192000.0,/mnt/ubna_data_05/recover-20250324/UBNA_024/20250323_034000.WAV,recover-20250324,UBNA_024,Foliage
HF,48000.0,11.317337816949625,56.9225,56.9279,45234.0,63544.0,Pipistrellus pipistrellus,0.433,0.55,-1,Echolocation,192000.0,/mnt/ubna_data_05/recover-20250324/UBNA_024/20250323_034000.WAV,recover-20250324,UBNA_024,Foliage
HF,48000.0,4.856273521680251,57.0215,57.027100000000004,45234.0,52678.0,Pipistrellus pipistrellus,0.407,0.424,-1,Echolocation,192000.0,/mnt/ubna_data_05/recover-20250324/UBNA_024/20250323_034000.WAV,recover-20250324,UBNA_024,Foliage
HF,48000.0,14.891294809337596,57.1165,57.1212,44375.0,60629.0,Pipistrellus pipistrellus,0.494,0.558,-1,Echolocation,192000.0,/mnt/ubna_data_05/recover-20250324/UBNA_024/20250323_034000.WAV,recover-20250324,UBNA_024,Foliage
HF,48000.0,16.4544239453815,57.2195,57.2241,42656.0,62760.0,Pipistrellus pipistrellus,0.427,0.538,-1,Echolocation,192000.0,/mnt/ubna_data_05/recover-20250324/UBNA_024/20250323_034000.WAV,recover-20250324,UBNA_024,Foliage
HF,48000.0,12.81232851883938,57.4015,57.407,43515.0,58597.0,Pipistrellus pipistrellus,0.413,0.508,-1,Echolocation,192000.0,/mnt/ubna_data_05/recover-20250324/UBNA_024/20250323_034000.WAV,recover-20250324,UBNA_024,Foliage
HF,52800.0,4.040458592682664,57.5005,57.5058,43515.0,64375.0,Pipistrellus pipistrellus,0.2,0.365,-1,Echolocation,192000.0,/mnt/ubna_data_05/recover-20250324/UBNA_024/20250323_034000.WAV,recover-20250324,UBNA_024,Foliage
HF,48000.0,26.25694500605965,57.6135,57.620000000000005,42656.0,63517.0,Pipistrellus pipistrellus,0.494,0.648,-1,Echolocation,192000.0,/mnt/ubna_data_05/recover-20250324/UBNA_024/20250323_034000.WAV,recover-20250324,UBNA_024,Foliage
HF,48960.0,23.256931022338442,57.7905,57.7963,42656.0,66336.0,Pipistrellus pipistrellus,0.463,0.601,-1,Echolocation,192000.0,/mnt/ubna_data_05/recover-20250324/UBNA_024/20250323_034000.WAV,recover-20250324,UBNA_024,Foliage
HF,48000.0,26.40390346534623,57.8915,57.896699999999996,42656.0,65839.0,Pipistrellus pipistrellus,0.538,0.609,-1,Echolocation,192000.0,/mnt/ubna_data_05/recover-20250324/UBNA_024/20250323_034000.WAV,recover-20250324,UBNA_024,Foliage
HF,52800.0,8.336955372158396,57.9915,57.9974,42656.0,61743.0,Pipistrellus pipistrellus,0.23,0.431,-1,Echolocation,192000.0,/mnt/ubna_data_05/recover-20250324/UBNA_024/20250323_034000.WAV,recover-20250324,UBNA_024,Foliage
HF,48960.0,24.364295579835318,58.0905,58.096000000000004,41796.0,66627.0,Pipistrellus pipistrellus,0.439,0.606,-1,Echolocation,192000.0,/mnt/ubna_data_05/recover-20250324/UBNA_024/20250323_034000.WAV,recover-20250324,UBNA_024,Foliage
HF,48960.0,25.91586737468348,58.2695,58.2749,40078.0,70112.0,Pipistrellus pipistrellus,0.389,0.51,-1,Echolocation,192000.0,/mnt/ubna_data_05/recover-20250324/UBNA_024/20250323_034000.WAV,recover-20250324,UBNA_024,Foliage
HF,48000.0,26.56876123651921,58.3675,58.3729,41796.0,69191.0,Pipistrellus pipistrellus,0.253,0.531,-1,Echolocation,192000.0,/mnt/ubna_data_05/recover-20250324/UBNA_024/20250323_034000.WAV,recover-20250324,UBNA_024,Foliage
HF,46080.0,4.0329629980579025,58.4705,58.4752,44375.0,55256.0,Pipistrellus pipistrellus,0.433,0.48,-1,Echolocation,192000.0,/mnt/ubna_data_05/recover-20250324/UBNA_024/20250323_034000.WAV,recover-20250324,UBNA_024,Foliage
HF,48000.0,3.8939332891062053,58.545500000000004,58.5501,44375.0,51214.0,Pipistrellus pipistrellus,0.22,0.283,-1,Echolocation,192000.0,/mnt/ubna_data_05/recover-20250324/UBNA_024/20250323_034000.WAV,recover-20250324,UBNA_024,Foliage
LF,24000.0,0.30472403222915245,58.5535,58.567499999999995,24609.0,29466.0,Nyctalus leisleri,0.161,0.253,-1,Echolocation,192000.0,/mnt/ubna_data_05/recover-20250324/UBNA_024/20250323_034000.WAV,recover-20250324,UBNA_024,Foliage
HF,48000.0,25.106694115583686,58.6395,58.6435,40078.0,66742.0,Myotis alcathoe,0.188,0.275,-1,Echolocation,192000.0,/mnt/ubna_data_05/recover-20250324/UBNA_024/20250323_034000.WAV,recover-20250324,UBNA_024,Foliage
HF,46080.0,17.113149671151866,58.7335,58.739599999999996,41796.0,53891.0,Pipistrellus pipistrellus,0.207,0.418,-1,Echolocation,192000.0,/mnt/ubna_data_05/recover-20250324/UBNA_024/20250323_034000.WAV,recover-20250324,UBNA_024,Foliage
HF,47040.0,12.506564673275996,58.9125,58.9178,42656.0,55662.0,Pipistrellus pipistrellus,0.211,0.424,-1,Echolocation,192000.0,/mnt/ubna_data_05/recover-20250324/UBNA_024/20250323_034000.WAV,recover-20250324,UBNA_024,Foliage
HF,48000.0,12.291114917223386,59.0015,59.006299999999996,43515.0,57662.0,Pipistrellus pipistrellus,0.45,0.561,-1,Echolocation,192000.0,/mnt/ubna_data_05/recover-20250324/UBNA_024/20250323_034000.WAV,recover-20250324,UBNA_024,Foliage
HF,48000.0,10.364674315504319,59.174499999999995,59.180499999999995,42656.0,51698.0,Pipistrellus pipistrellus,0.168,0.379,-1,Echolocation,192000.0,/mnt/ubna_data_05/recover-20250324/UBNA_024/20250323_034000.WAV,recover-20250324,UBNA_024,Foliage
HF,47040.0,7.568899677198405,59.3725,59.3774,43515.0,54996.0,Pipistrellus pipistrellus,0.536,0.573,-1,Echolocation,192000.0,/mnt/ubna_data_05/recover-20250324/UBNA_024/20250323_034000.WAV,recover-20250324,UBNA_024,Foliage
HF,48000.0,8.103549730049998,59.5905,59.5953,42656.0,51704.0,Pipistrellus pipistrellus,0.168,0.283,-1,Echolocation,192000.0,/mnt/ubna_data_05/recover-20250324/UBNA_024/20250323_034000.WAV,recover-20250324,UBNA_024,Foliage
LF,26880.0,0.8967642384532304,78.7325,78.7418,25468.0,32577.0,Eptesicus serotinus,0.113,0.231,-1,Echolocation,192000.0,/mnt/ubna_data_05/recover-20250324/UBNA_024/20250323_035000.WAV,recover-20250324,UBNA_024,Foliage
LF,24000.0,2.746186313324779,155.2665,155.2843,23750.0,28299.0,Nyctalus leisleri,0.174,0.277,-1,Echolocation,192000.0,/mnt/ubna_data_05/recover-20250324/UBNA_024/20250323_040000.WAV,recover-20250324,UBNA_024,Foliage
LF,24960.0,5.809430322580548,155.5295,155.5412,23750.0,31994.0,Nyctalus leisleri,0.291,0.606,-1,Echolocation,192000.0,/mnt/ubna_data_05/recover-20250324/UBNA_024/20250323_040000.WAV,recover-20250324,UBNA_024,Foliage
LF,24960.0,3.044886916603316,155.6825,155.7019,23750.0,28095.0,Nyctalus leisleri,0.124,0.218,-1,Echolocation,192000.0,/mnt/ubna_data_05/recover-20250324/UBNA_024/20250323_040000.WAV,recover-20250324,UBNA_024,Foliage
LF,24960.0,4.849622109356654,155.9595,155.9805,23750.0,28429.0,Nyctalus leisleri,0.104,0.236,-1,Echolocation,192000.0,/mnt/ubna_data_05/recover-20250324/UBNA_024/20250323_040000.WAV,recover-20250324,UBNA_024,Foliage
LF,24960.0,4.4384995973648,156.1015,156.1165,23750.0,29204.0,Nyctalus leisleri,0.148,0.337,-1,Echolocation,192000.0,/mnt/ubna_data_05/recover-20250324/UBNA_024/20250323_040000.WAV,recover-20250324,UBNA_024,Foliage
LF,24000.0,6.167384333357485,156.3555,156.37,24609.0,30577.0,Nyctalus leisleri,0.187,0.405,-1,Echolocation,192000.0,/mnt/ubna_data_05/recover-20250324/UBNA_024/20250323_040000.WAV,recover-20250324,UBNA_024,Foliage
LF,24960.0,6.002156927643066,156.6675,156.6868,24609.0,31423.0,Eptesicus serotinus,0.132,0.301,-1,Echolocation,192000.0,/mnt/ubna_data_05/recover-20250324/UBNA_024/20250323_040000.WAV,recover-20250324,UBNA_024,Foliage
LF,24960.0,6.366809872599405,156.9815,156.9958,23750.0,31712.0,Eptesicus serotinus,0.24,0.495,-1,Echolocation,192000.0,/mnt/ubna_data_05/recover-20250324/UBNA_024/20250323_040000.WAV,recover-20250324,UBNA_024,Foliage
LF,25920.0,6.4225357735449276,157.1355,157.1493,24609.0,30535.0,Nyctalus leisleri,0.296,0.554,-1,Echolocation,192000.0,/mnt/ubna_data_05/recover-20250324/UBNA_024/20250323_040000.WAV,recover-20250324,UBNA_024,Foliage
LF,25920.0,7.815082811139266,157.4245,157.4356,24609.0,36601.0,Eptesicus serotinus,0.367,0.644,-1,Echolocation,192000.0,/mnt/ubna_data_05/recover-20250324/UBNA_024/20250323_040000.WAV,recover-20250324,UBNA_024,Foliage
LF,26880.0,7.007349734534633,157.57150000000001,157.58089999999999,24609.0,32797.0,Eptesicus serotinus,0.296,0.64,-1,Echolocation,192000.0,/mnt/ubna_data_05/recover-20250324/UBNA_024/20250323_040000.WAV,recover-20250324,UBNA_024,Foliage
LF,25920.0,5.577147496438649,157.7135,157.7272,24609.0,31972.0,Eptesicus serotinus,0.122,0.234,-1,Echolocation,192000.0,/mnt/ubna_data_05/recover-20250324/UBNA_024/20250323_040000.WAV,recover-20250324,UBNA_024,Foliage
LF,26880.0,5.498433046418326,157.8545,157.8644,25468.0,35051.0,Eptesicus serotinus,0.428,0.577,-1,Echolocation,192000.0,/mnt/ubna_data_05/recover-20250324/UBNA_024/20250323_040000.WAV,recover-20250324,UBNA_024,Foliage
LF,25920.0,7.453922043942162,157.9835,157.9946,23750.0,34703.0,Eptesicus serotinus,0.349,0.548,-1,Echolocation,192000.0,/mnt/ubna_data_05/recover-20250324/UBNA_024/20250323_040000.WAV,recover-20250324,UBNA_024,Foliage
LF,26880.0,8.32724339674063,158.1215,158.1328,25468.0,34104.0,Eptesicus serotinus,0.256,0.418,-1,Echolocation,192000.0,/mnt/ubna_data_05/recover-20250324/UBNA_024/20250323_040000.WAV,recover-20250324,UBNA_024,Foliage
LF,26880.0,11.413440149755868,158.2555,158.2642,25468.0,36225.0,Nyctalus leisleri,0.279,0.613,-1,Echolocation,192000.0,/mnt/ubna_data_05/recover-20250324/UBNA_024/20250323_040000.WAV,recover-20250324,UBNA_024,Foliage
LF,26880.0,10.440657490780623,158.4015,158.4124,24609.0,34721.0,Eptesicus serotinus,0.348,0.634,-1,Echolocation,192000.0,/mnt/ubna_data_05/recover-20250324/UBNA_024/20250323_040000.WAV,recover-20250324,UBNA_024,Foliage
LF,26880.0,16.464281532916022,158.5505,158.5619,24609.0,39053.0,Nyctalus noctula,0.297,0.715,-1,Echolocation,192000.0,/mnt/ubna_data_05/recover-20250324/UBNA_024/20250323_040000.WAV,recover-20250324,UBNA_024,Foliage
LF,25920.0,15.336942236347967,158.7095,158.7196,24609.0,33033.0,Nyctalus leisleri,0.379,0.691,-1,Echolocation,192000.0,/mnt/ubna_data_05/recover-20250324/UBNA_024/20250323_040000.WAV,recover-20250324,UBNA_024,Foliage
LF,25920.0,23.208933465219413,158.8665,158.8794,23750.0,39936.0,Nyctalus leisleri,0.492,0.696,-1,Echolocation,192000.0,/mnt/ubna_data_05/recover-20250324/UBNA_024/20250323_040000.WAV,recover-20250324,UBNA_024,Foliage
LF,25920.0,21.71040710642009,159.0235,159.0375,23750.0,39782.0,Eptesicus serotinus,0.274,0.709,-1,Echolocation,192000.0,/mnt/ubna_data_05/recover-20250324/UBNA_024/20250323_040000.WAV,recover-20250324,UBNA_024,Foliage
LF,24960.0,21.63034167523239,159.2655,159.28,22890.0,36419.0,Nyctalus noctula,0.302,0.607,-1,Echolocation,192000.0,/mnt/ubna_data_05/recover-20250324/UBNA_024/20250323_040000.WAV,recover-20250324,UBNA_024,Foliage
LF,24960.0,25.60198600888258,159.4485,159.4615,22031.0,31393.0,Eptesicus serotinus,0.325,0.702,-1,Echolocation,192000.0,/mnt/ubna_data_05/recover-20250324/UBNA_024/20250323_040000.WAV,recover-20250324,UBNA_024,Foliage
LF,25920.0,33.30226434407234,159.7165,159.7318,22031.0,33091.0,Nyctalus noctula,0.378,0.678,-1,Echolocation,192000.0,/mnt/ubna_data_05/recover-20250324/UBNA_024/20250323_040000.WAV,recover-20250324,UBNA_024,Foliage
LF,24000.0,25.5454395799868,159.8905,159.9042,22031.0,34939.0,Nyctalus noctula,0.315,0.702,-1,Echolocation,192000.0,/mnt/ubna_data_05/recover-20250324/UBNA_024/20250323_040000.WAV,recover-20250324,UBNA_024,Foliage
LF,25920.0,24.779435488936407,160.0685,160.0847,22031.0,32049.0,Nyctalus noctula,0.31,0.655,-1,Echolocation,192000.0,/mnt/ubna_data_05/recover-20250324/UBNA_024/20250323_040000.WAV,recover-20250324,UBNA_024,Foliage
LF,23040.0,31.484734867164924,160.3235,160.3409,21171.0,33323.0,Nyctalus noctula,0.596,0.692,-1,Echolocation,192000.0,/mnt/ubna_data_05/recover-20250324/UBNA_024/20250323_040000.WAV,recover-20250324,UBNA_024,Foliage
LF,24000.0,26.185052054035367,160.4845,160.4979,22890.0,33592.0,Nyctalus noctula,0.587,0.781,-1,Echolocation,192000.0,/mnt/ubna_data_05/recover-20250324/UBNA_024/20250323_040000.WAV,recover-20250324,UBNA_024,Foliage
LF,24000.0,30.971632223707182,160.7035,160.7183,22890.0,38004.0,Nyctalus noctula,0.701,0.834,-1,Echolocation,192000.0,/mnt/ubna_data_05/recover-20250324/UBNA_024/20250323_040000.WAV,recover-20250324,UBNA_024,Foliage
LF,24960.0,36.21509400156907,160.8535,160.8668,22890.0,40641.0,Nyctalus noctula,0.509,0.72,-1,Echolocation,192000.0,/mnt/ubna_data_05/recover-20250324/UBNA_024/20250323_040000.WAV,recover-20250324,UBNA_024,Foliage
LF,24960.0,21.839809275675627,161.0285,161.0421,22890.0,31974.0,Eptesicus serotinus,0.322,0.636,-1,Echolocation,192000.0,/mnt/ubna_data_05/recover-20250324/UBNA_024/20250323_040000.WAV,recover-20250324,UBNA_024,Foliage
LF,23040.0,32.75614867081204,161.2205,161.234,22890.0,36102.0,Nyctalus noctula,0.538,0.75,-1,Echolocation,192000.0,/mnt/ubna_data_05/recover-20250324/UBNA_024/20250323_040000.WAV,recover-20250324,UBNA_024,Foliage
LF,24000.0,20.61291667700214,161.4795,161.4926,22890.0,31428.0,Nyctalus noctula,0.327,0.684,-1,Echolocation,192000.0,/mnt/ubna_data_05/recover-20250324/UBNA_024/20250323_040000.WAV,recover-20250324,UBNA_024,Foliage
LF,24000.0,29.167878495889088,161.6305,161.64600000000002,22890.0,36820.0,Nyctalus noctula,0.581,0.733,-1,Echolocation,192000.0,/mnt/ubna_data_05/recover-20250324/UBNA_024/20250323_040000.WAV,recover-20250324,UBNA_024,Foliage
LF,24000.0,13.565860072915259,161.7865,161.8005,22890.0,34287.0,Nyctalus noctula,0.497,0.723,-1,Echolocation,192000.0,/mnt/ubna_data_05/recover-20250324/UBNA_024/20250323_040000.WAV,recover-20250324,UBNA_024,Foliage
LF,23040.0,27.38442560131769,162.0305,162.0455,22031.0,36094.0,Nyctalus noctula,0.478,0.742,-1,Echolocation,192000.0,/mnt/ubna_data_05/recover-20250324/UBNA_024/20250323_040000.WAV,recover-20250324,UBNA_024,Foliage
LF,23040.0,11.436131444898493,162.2625,162.277,22890.0,29007.0,Nyctalus leisleri,0.309,0.641,-1,Echolocation,192000.0,/mnt/ubna_data_05/recover-20250324/UBNA_024/20250323_040000.WAV,recover-20250324,UBNA_024,Foliage
LF,23040.0,11.045202938972668,162.41649999999998,162.4306,22890.0,30499.0,Nyctalus noctula,0.374,0.632,-1,Echolocation,192000.0,/mnt/ubna_data_05/recover-20250324/UBNA_024/20250323_040000.WAV,recover-20250324,UBNA_024,Foliage
LF,25920.0,15.468808929585025,162.5355,162.5495,22890.0,35981.0,Nyctalus noctula,0.341,0.698,-1,Echolocation,192000.0,/mnt/ubna_data_05/recover-20250324/UBNA_024/20250323_040000.WAV,recover-20250324,UBNA_024,Foliage
LF,25920.0,8.45009597252001,162.6695,162.6812,23750.0,30506.0,Nyctalus noctula,0.253,0.601,-1,Echolocation,192000.0,/mnt/ubna_data_05/recover-20250324/UBNA_024/20250323_040000.WAV,recover-20250324,UBNA_024,Foliage
LF,25920.0,11.669848713196762,162.80349999999999,162.8175,23750.0,40910.0,Nyctalus noctula,0.331,0.708,-1,Echolocation,192000.0,/mnt/ubna_data_05/recover-20250324/UBNA_024/20250323_040000.WAV,recover-20250324,UBNA_024,Foliage
LF,25920.0,3.7842358896921677,162.9595,162.971,23750.0,30982.0,Eptesicus serotinus,0.212,0.545,-1,Echolocation,192000.0,/mnt/ubna_data_05/recover-20250324/UBNA_024/20250323_040000.WAV,recover-20250324,UBNA_024,Foliage
LF,25920.0,9.655228496257083,163.1135,163.129,22890.0,40744.0,Eptesicus serotinus,0.405,0.712,-1,Echolocation,192000.0,/mnt/ubna_data_05/recover-20250324/UBNA_024/20250323_040000.WAV,recover-20250324,UBNA_024,Foliage
LF,24000.0,8.875698887543333,163.3065,163.3197,22890.0,39757.0,Eptesicus serotinus,0.427,0.747,-1,Echolocation,192000.0,/mnt/ubna_data_05/recover-20250324/UBNA_024/20250323_040000.WAV,recover-20250324,UBNA_024,Foliage
LF,24000.0,5.294189694321699,163.4805,163.4921,22890.0,29266.0,Nyctalus noctula,0.188,0.572,-1,Echolocation,192000.0,/mnt/ubna_data_05/recover-20250324/UBNA_024/20250323_040000.WAV,recover-20250324,UBNA_024,Foliage
LF,24000.0,5.969946885915423,163.6495,163.6662,22890.0,37085.0,Eptesicus serotinus,0.373,0.636,-1,Echolocation,192000.0,/mnt/ubna_data_05/recover-20250324/UBNA_024/20250323_040000.WAV,recover-20250324,UBNA_024,Foliage
LF,24000.0,14.009959601247736,163.9435,163.9562,22890.0,33051.0,Eptesicus serotinus,0.312,0.695,-1,Echolocation,192000.0,/mnt/ubna_data_05/recover-20250324/UBNA_024/20250323_040000.WAV,recover-20250324,UBNA_024,Foliage
LF,23040.0,1.8255047942389422,164.2415,164.2569,22890.0,28370.0,Nyctalus noctula,0.215,0.476,-1,Echolocation,192000.0,/mnt/ubna_data_05/recover-20250324/UBNA_024/20250323_040000.WAV,recover-20250324,UBNA_024,Foliage
LF,24000.0,5.5249662580245005,164.5315,164.5453,22890.0,31697.0,Eptesicus serotinus,0.304,0.628,-1,Echolocation,192000.0,/mnt/ubna_data_05/recover-20250324/UBNA_024/20250323_040000.WAV,recover-20250324,UBNA_024,Foliage
LF,24000.0,8.940862806880377,164.7875,164.7994,22890.0,30079.0,Nyctalus leisleri,0.233,0.677,-1,Echolocation,192000.0,/mnt/ubna_data_05/recover-20250324/UBNA_024/20250323_040000.WAV,recover-20250324,UBNA_024,Foliage
LF,23040.0,9.068137333887512,165.1845,165.1976,22031.0,31372.0,Eptesicus serotinus,0.325,0.667,-1,Echolocation,192000.0,/mnt/ubna_data_05/recover-20250324/UBNA_024/20250323_040000.WAV,recover-20250324,UBNA_024,Foliage
LF,24000.0,4.759364208541747,165.6065,165.6167,22890.0,29422.0,Nyctalus noctula,0.178,0.491,-1,Echolocation,192000.0,/mnt/ubna_data_05/recover-20250324/UBNA_024/20250323_040000.WAV,recover-20250324,UBNA_024,Foliage
HF,51840.0,10.269676974796234,236.4385,236.4425,48671.0,59375.0,Pipistrellus pipistrellus,0.219,0.263,-1,Echolocation,192000.0,/mnt/ubna_data_05/recover-20250324/UBNA_024/20250323_040000.WAV,recover-20250324,UBNA_024,Foliage
LF,22080.0,0.7688859593403861,20.5265,20.5492,20312.0,23402.0,Nyctalus noctula,0.124,0.203,-1,Echolocation,192000.0,/mnt/ubna_data_05/recover-20250324/UBNA_024/20250323_043000.WAV,recover-20250324,UBNA_024,Foliage
LF,24000.0,1.3922824970782886,40.5315,40.5435,24609.0,30840.0,Eptesicus serotinus,0.15,0.331,-1,Echolocation,192000.0,/mnt/ubna_data_05/recover-20250324/UBNA_024/20250323_043000.WAV,recover-20250324,UBNA_024,Foliage
HF,48960.0,3.120429971347188,82.50450000000001,82.5097,47812.0,58658.0,Pipistrellus pipistrellus,0.432,0.454,-1,Echolocation,192000.0,/mnt/ubna_data_05/recover-20250324/UBNA_024/20250323_043000.WAV,recover-20250324,UBNA_024,Foliage
HF,48960.0,10.573241476677328,82.7415,82.7457,46953.0,58780.0,Pipistrellus pipistrellus,0.584,0.61,-1,Echolocation,192000.0,/mnt/ubna_data_05/recover-20250324/UBNA_024/20250323_043000.WAV,recover-20250324,UBNA_024,Foliage
HF,48960.0,9.178604354321722,82.8395,82.8437,47812.0,61740.0,Pipistrellus pipistrellus,0.607,0.643,-1,Echolocation,192000.0,/mnt/ubna_data_05/recover-20250324/UBNA_024/20250323_043000.WAV,recover-20250324,UBNA_024,Foliage
HF,48000.0,8.844082072054995,82.9375,82.94290000000001,46953.0,57809.0,Pipistrellus pipistrellus,0.621,0.658,-1,Echolocation,192000.0,/mnt/ubna_data_05/recover-20250324/UBNA_024/20250323_043000.WAV,recover-20250324,UBNA_024,Foliage
HF,50880.0,4.851355083720836,83.0325,83.0367,48671.0,61106.0,Pipistrellus pipistrellus,0.495,0.524,-1,Echolocation,192000.0,/mnt/ubna_data_05/recover-20250324/UBNA_024/20250323_043000.WAV,recover-20250324,UBNA_024,Foliage
HF,51840.0,10.762646547670261,83.1125,83.117,47812.0,60779.0,Pipistrellus pipistrellus,0.59,0.635,-1,Echolocation,192000.0,/mnt/ubna_data_05/recover-20250324/UBNA_024/20250323_043000.WAV,recover-20250324,UBNA_024,Foliage
HF,52800.0,8.930498669382409,83.1955,83.2004,48671.0,61648.0,Pipistrellus pipistrellus,0.465,0.494,-1,Echolocation,192000.0,/mnt/ubna_data_05/recover-20250324/UBNA_024/20250323_043000.WAV,recover-20250324,UBNA_024,Foliage
HF,48000.0,9.246817056338376,83.2835,83.2888,46953.0,59881.0,Pipistrellus pipistrellus,0.421,0.467,-1,Echolocation,192000.0,/mnt/ubna_data_05/recover-20250324/UBNA_024/20250323_043000.WAV,recover-20250324,UBNA_024,Foliage
HF,48000.0,6.3383725417108625,83.3735,83.3784,44375.0,61523.0,Pipistrellus pipistrellus,0.216,0.391,-1,Echolocation,192000.0,/mnt/ubna_data_05/recover-20250324/UBNA_024/20250323_043000.WAV,recover-20250324,UBNA_024,Foliage
HF,47040.0,2.011417008398947,83.5025,83.5103,46953.0,54228.0,Pipistrellus pipistrellus,0.185,0.201,-1,Echolocation,192000.0,/mnt/ubna_data_05/recover-20250324/UBNA_024/20250323_043000.WAV,recover-20250324,UBNA_024,Foliage
HF,47040.0,10.065390764672761,83.5835,83.5882,45234.0,57635.0,Pipistrellus pipistrellus,0.474,0.522,-1,Echolocation,192000.0,/mnt/ubna_data_05/recover-20250324/UBNA_024/20250323_043000.WAV,recover-20250324,UBNA_024,Foliage
HF,48000.0,2.584825632801478,83.66550000000001,83.6716,45234.0,52726.0,Pipistrellus pipistrellus,0.232,0.241,-1,Echolocation,192000.0,/mnt/ubna_data_05/recover-20250324/UBNA_024/20250323_043000.WAV,recover-20250324,UBNA_024,Foliage
HF,48960.0,8.287304168084773,83.7495,83.7539,46093.0,57908.0,Pipistrellus pipistrellus,0.54,0.56,-1,Echolocation,192000.0,/mnt/ubna_data_05/recover-20250324/UBNA_024/20250323_043000.WAV,recover-20250324,UBNA_024,Foliage
HF,48960.0,3.52389567759773,83.8295,83.8339,46953.0,56480.0,Pipistrellus pipistrellus,0.304,0.316,-1,Echolocation,192000.0,/mnt/ubna_data_05/recover-20250324/UBNA_024/20250323_043000.WAV,recover-20250324,UBNA_024,Foliage
HF,52800.0,4.154822517946765,83.9125,83.917,46953.0,65044.0,Myotis mystacinus,0.074,0.235,-1,Echolocation,192000.0,/mnt/ubna_data_05/recover-20250324/UBNA_024/20250323_043000.WAV,recover-20250324,UBNA_024,Foliage
HF,49920.0,4.334581870771453,84.0395,84.04339999999999,48671.0,58675.0,Pipistrellus pipistrellus,0.391,0.446,-1,Echolocation,192000.0,/mnt/ubna_data_05/recover-20250324/UBNA_024/20250323_043000.WAV,recover-20250324,UBNA_024,Foliage
HF,50880.0,3.88918506404262,84.11449999999999,84.1185,46953.0,65639.0,Pipistrellus pipistrellus,0.138,0.407,-1,Echolocation,192000.0,/mnt/ubna_data_05/recover-20250324/UBNA_024/20250323_043000.WAV,recover-20250324,UBNA_024,Foliage
HF,51840.0,2.474226231371822,84.1895,84.1934,47812.0,63299.0,Pipistrellus pipistrellus,0.123,0.345,-1,Echolocation,192000.0,/mnt/ubna_data_05/recover-20250324/UBNA_024/20250323_043000.WAV,recover-20250324,UBNA_024,Foliage
HF,51840.0,2.654543947398653,84.2635,84.2679,48671.0,68152.0,Myotis alcathoe,0.102,0.258,-1,Echolocation,192000.0,/mnt/ubna_data_05/recover-20250324/UBNA_024/20250323_043000.WAV,recover-20250324,UBNA_024,Foliage
HF,52800.0,3.035573179063454,84.3365,84.3414,51250.0,67468.0,Pipistrellus pipistrellus,0.218,0.326,-1,Echolocation,192000.0,/mnt/ubna_data_05/recover-20250324/UBNA_024/20250323_043000.WAV,recover-20250324,UBNA_024,Foliage
HF,52800.0,2.864138334386786,84.4255,84.4291,47812.0,62483.0,Pipistrellus pipistrellus,0.163,0.439,-1,Echolocation,192000.0,/mnt/ubna_data_05/recover-20250324/UBNA_024/20250323_043000.WAV,recover-20250324,UBNA_024,Foliage
HF,51840.0,2.7668152027959665,84.5675,84.5715,51250.0,63084.0,Pipistrellus pipistrellus,0.425,0.485,-1,Echolocation,192000.0,/mnt/ubna_data_05/recover-20250324/UBNA_024/20250323_043000.WAV,recover-20250324,UBNA_024,Foliage
HF,51840.0,8.361184046337799,84.6405,84.6446,49531.0,65317.0,Pipistrellus pipistrellus,0.185,0.535,-1,Echolocation,192000.0,/mnt/ubna_data_05/recover-20250324/UBNA_024/20250323_043000.WAV,recover-20250324,UBNA_024,Foliage
HF,52800.0,4.872859498906585,84.7135,84.7167,51250.0,60751.0,Pipistrellus pipistrellus,0.376,0.453,-1,Echolocation,192000.0,/mnt/ubna_data_05/recover-20250324/UBNA_024/20250323_043000.WAV,recover-20250324,UBNA_024,Foliage
HF,51840.0,11.05180162240198,84.7865,84.7907,49531.0,66949.0,Pipistrellus pipistrellus,0.475,0.608,-1,Echolocation,192000.0,/mnt/ubna_data_05/recover-20250324/UBNA_024/20250323_043000.WAV,recover-20250324,UBNA_024,Foliage
HF,52800.0,4.218673793748684,84.9315,84.9368,50390.0,58610.0,Pipistrellus pipistrellus,0.397,0.441,-1,Echolocation,192000.0,/mnt/ubna_data_05/recover-20250324/UBNA_024/20250323_043000.WAV,recover-20250324,UBNA_024,Foliage
HF,51840.0,4.2141429403486725,85.0945,85.0988,48671.0,68333.0,Pipistrellus pipistrellus,0.169,0.422,-1,Echolocation,192000.0,/mnt/ubna_data_05/recover-20250324/UBNA_024/20250323_043000.WAV,recover-20250324,UBNA_024,Foliage
HF,52800.0,14.834857207800694,85.5375,85.542,45234.0,65489.0,Pipistrellus pipistrellus,0.205,0.441,-1,Echolocation,192000.0,/mnt/ubna_data_05/recover-20250324/UBNA_024/20250323_043000.WAV,recover-20250324,UBNA_024,Foliage
HF,53760.0,11.907179300790055,85.6935,85.6974,45234.0,66299.0,Myotis alcathoe,0.159,0.403,-1,Echolocation,192000.0,/mnt/ubna_data_05/recover-20250324/UBNA_024/20250323_043000.WAV,recover-20250324,UBNA_024,Foliage
HF,51840.0,13.644529433596546,85.8495,85.8539,43515.0,60415.0,Pipistrellus pipistrellus,0.318,0.54,-1,Echolocation,192000.0,/mnt/ubna_data_05/recover-20250324/UBNA_024/20250323_043000.WAV,recover-20250324,UBNA_024,Foliage
HF,50880.0,1.0686543486190472,85.9395,85.9438,49531.0,60764.0,Pipistrellus pipistrellus,0.178,0.242,-1,Echolocation,192000.0,/mnt/ubna_data_05/recover-20250324/UBNA_024/20250323_043000.WAV,recover-20250324,UBNA_024,Foliage
HF,47040.0,13.899905617764025,86.0355,86.03960000000001,43515.0,60774.0,Pipistrellus pipistrellus,0.213,0.371,-1,Echolocation,192000.0,/mnt/ubna_data_05/recover-20250324/UBNA_024/20250323_043000.WAV,recover-20250324,UBNA_024,Foliage
HF,46080.0,11.048466606362384,86.13550000000001,86.1403,41796.0,57031.0,Pipistrellus pipistrellus,0.13,0.421,-1,Echolocation,192000.0,/mnt/ubna_data_05/recover-20250324/UBNA_024/20250323_043000.WAV,recover-20250324,UBNA_024,Foliage
LF,24000.0,0.8668121264527072,93.4625,93.4779,22890.0,26765.0,Nyctalus leisleri,0.138,0.228,-1,Echolocation,192000.0,/mnt/ubna_data_05/recover-20250324/UBNA_024/20250323_044000.WAV,recover-20250324,UBNA_024,Foliage
LF,23040.0,0.9611046807970359,146.6935,146.7043,23750.0,29761.0,Eptesicus serotinus,0.113,0.323,-1,Echolocation,192000.0,/mnt/ubna_data_05/recover-20250324/UBNA_024/20250323_044000.WAV,recover-20250324,UBNA_024,Foliage
LF,21120.0,5.1650595918696895,164.5455,164.5504,16875.0,29966.0,Plecotus auritus,0.26,0.326,-1,Echolocation,192000.0,/mnt/ubna_data_05/recover-20250324/UBNA_024/20250323_045000.WAV,recover-20250324,UBNA_024,Foliage
LF,21120.0,5.021283783116531,194.1925,194.2028,19453.0,26562.0,Nyctalus noctula,0.079,0.211,-1,Echolocation,192000.0,/mnt/ubna_data_05/recover-20250324/UBNA_024/20250323_045000.WAV,recover-20250324,UBNA_024,Foliage
LF,22080.0,-0.211808142049834,38.082499999999996,38.102199999999996,21171.0,25032.0,Nyctalus noctula,0.178,0.317,-1,Echolocation,192000.0,/mnt/ubna_data_05/recover-20250324/UBNA_024/20250323_051000.WAV,recover-20250324,UBNA_024,Foliage
LF,27840.0,0.7280825023062474,189.5235,189.5318,28046.0,36110.0,Eptesicus serotinus,0.184,0.254,-1,Echolocation,192000.0,/mnt/ubna_data_05/recover-20250324/UBNA_024/20250323_052000.WAV,recover-20250324,UBNA_024,Foliage
LF,23040.0,-0.2106656467409978,71.0415,71.0565,23750.0,29746.0,Eptesicus serotinus,0.095,0.238,-1,Echolocation,192000.0,/mnt/ubna_data_05/recover-20250324/UBNA_024/20250323_053000.WAV,recover-20250324,UBNA_024,Foliage
HF,48960.0,2.8839607497743236,289.3705,289.3751,46093.0,54077.0,Pipistrellus pipistrellus,0.33,0.372,-1,Echolocation,192000.0,/mnt/ubna_data_05/recover-20250324/UBNA_024/20250323_053000.WAV,recover-20250324,UBNA_024,Foliage
HF,48960.0,3.5204370669672436,289.4715,289.4757,45234.0,58747.0,Pipistrellus pipistrellus,0.14,0.344,-1,Echolocation,192000.0,/mnt/ubna_data_05/recover-20250324/UBNA_024/20250323_053000.WAV,recover-20250324,UBNA_024,Foliage
HF,48000.0,1.7693122636206906,289.5515,289.5547,44375.0,61835.0,Myotis mystacinus,0.153,0.256,-1,Echolocation,192000.0,/mnt/ubna_data_05/recover-20250324/UBNA_024/20250323_053000.WAV,recover-20250324,UBNA_024,Foliage
HF,51840.0,5.9185576232890105,289.9525,289.9557,46953.0,61125.0,Myotis mystacinus,0.284,0.428,-1,Echolocation,192000.0,/mnt/ubna_data_05/recover-20250324/UBNA_024/20250323_053000.WAV,recover-20250324,UBNA_024,Foliage
HF,48000.0,8.406181610308266,290.0335,290.0376,45234.0,59749.0,Pipistrellus pipistrellus,0.303,0.365,-1,Echolocation,192000.0,/mnt/ubna_data_05/recover-20250324/UBNA_024/20250323_053000.WAV,recover-20250324,UBNA_024,Foliage
HF,52800.0,9.663296688285161,290.1185,290.122,47812.0,65956.0,Myotis alcathoe,0.172,0.27,-1,Echolocation,192000.0,/mnt/ubna_data_05/recover-20250324/UBNA_024/20250323_053000.WAV,recover-20250324,UBNA_024,Foliage
HF,51840.0,10.443636898552489,290.1995,290.2035,45234.0,67337.0,Pipistrellus pipistrellus,0.204,0.393,-1,Echolocation,192000.0,/mnt/ubna_data_05/recover-20250324/UBNA_024/20250323_053000.WAV,recover-20250324,UBNA_024,Foliage
HF,50880.0,9.725264563158548,290.2795,290.2841,46093.0,70043.0,Myotis alcathoe,0.172,0.403,-1,Echolocation,192000.0,/mnt/ubna_data_05/recover-20250324/UBNA_024/20250323_053000.WAV,recover-20250324,UBNA_024,Foliage
HF,47040.0,15.090763907466522,290.3715,290.376,45234.0,65719.0,Pipistrellus pipistrellus,0.326,0.457,-1,Echolocation,192000.0,/mnt/ubna_data_05/recover-20250324/UBNA_024/20250323_053000.WAV,recover-20250324,UBNA_024,Foliage
HF,48000.0,22.310274604076795,290.4625,290.4667,45234.0,67293.0,Pipistrellus pipistrellus,0.484,0.55,-1,Echolocation,192000.0,/mnt/ubna_data_05/recover-20250324/UBNA_024/20250323_053000.WAV,recover-20250324,UBNA_024,Foliage
HF,48960.0,15.226905005356905,290.5385,290.5434,45234.0,71668.0,Pipistrellus pipistrellus,0.22,0.317,-1,Echolocation,192000.0,/mnt/ubna_data_05/recover-20250324/UBNA_024/20250323_053000.WAV,recover-20250324,UBNA_024,Foliage
HF,48000.0,19.183158409618873,290.6235,290.6283,44375.0,76288.0,Myotis alcathoe,0.223,0.362,-1,Echolocation,192000.0,/mnt/ubna_data_05/recover-20250324/UBNA_024/20250323_053000.WAV,recover-20250324,UBNA_024,Foliage
HF,48960.0,20.44872198504133,290.7105,290.7149,45234.0,71209.0,Pipistrellus pipistrellus,0.315,0.441,-1,Echolocation,192000.0,/mnt/ubna_data_05/recover-20250324/UBNA_024/20250323_053000.WAV,recover-20250324,UBNA_024,Foliage
HF,47040.0,23.87748489165248,290.7995,290.8036,44375.0,72935.0,Pipistrellus pipistrellus,0.353,0.396,-1,Echolocation,192000.0,/mnt/ubna_data_05/recover-20250324/UBNA_024/20250323_053000.WAV,recover-20250324,UBNA_024,Foliage
HF,51840.0,20.498022334835166,290.8935,290.8977,46093.0,67930.0,Pipistrellus pipistrellus,0.564,0.628,-1,Echolocation,192000.0,/mnt/ubna_data_05/recover-20250324/UBNA_024/20250323_053000.WAV,recover-20250324,UBNA_024,Foliage
HF,47040.0,21.130321082855907,290.9755,290.9804,45234.0,71557.0,Pipistrellus pipistrellus,0.234,0.38,-1,Echolocation,192000.0,/mnt/ubna_data_05/recover-20250324/UBNA_024/20250323_053000.WAV,recover-20250324,UBNA_024,Foliage
HF,51840.0,17.43303806869484,291.0495,291.0536,46093.0,67674.0,Pipistrellus pipistrellus,0.166,0.347,-1,Echolocation,192000.0,/mnt/ubna_data_05/recover-20250324/UBNA_024/20250323_053000.WAV,recover-20250324,UBNA_024,Foliage
HF,52800.0,17.505588491630203,291.1105,291.1145,46093.0,75354.0,Myotis alcathoe,0.294,0.445,-1,Echolocation,192000.0,/mnt/ubna_data_05/recover-20250324/UBNA_024/20250323_053000.WAV,recover-20250324,UBNA_024,Foliage
HF,52800.0,14.141652516365177,291.1565,291.1601,46953.0,72119.0,Myotis alcathoe,0.313,0.419,-1,Echolocation,192000.0,/mnt/ubna_data_05/recover-20250324/UBNA_024/20250323_053000.WAV,recover-20250324,UBNA_024,Foliage
HF,48960.0,20.420448162654708,291.2145,291.2191,46093.0,65276.0,Pipistrellus pipistrellus,0.298,0.367,-1,Echolocation,192000.0,/mnt/ubna_data_05/recover-20250324/UBNA_024/20250323_053000.WAV,recover-20250324,UBNA_024,Foliage
HF,48960.0,24.95500985634284,291.2895,291.2937,46093.0,69070.0,Pipistrellus pipistrellus,0.594,0.646,-1,Echolocation,192000.0,/mnt/ubna_data_05/recover-20250324/UBNA_024/20250323_053000.WAV,recover-20250324,UBNA_024,Foliage
HF,52800.0,25.621475284130646,291.3595,291.3651,45234.0,82255.0,Myotis alcathoe,0.297,0.359,-1,Echolocation,192000.0,/mnt/ubna_data_05/recover-20250324/UBNA_024/20250323_053000.WAV,recover-20250324,UBNA_024,Foliage
HF,48000.0,24.092968682862534,291.4515,291.45550000000003,46093.0,66469.0,Pipistrellus pipistrellus,0.57,0.614,-1,Echolocation,192000.0,/mnt/ubna_data_05/recover-20250324/UBNA_024/20250323_053000.WAV,recover-20250324,UBNA_024,Foliage
HF,53760.0,30.038739122930103,291.5385,291.5437,45234.0,75902.0,Pipistrellus pipistrellus,0.423,0.485,-1,Echolocation,192000.0,/mnt/ubna_data_05/recover-20250324/UBNA_024/20250323_053000.WAV,recover-20250324,UBNA_024,Foliage
HF,51840.0,30.643316397478472,291.6365,291.6406,46093.0,68159.0,Pipistrellus pipistrellus,0.517,0.565,-1,Echolocation,192000.0,/mnt/ubna_data_05/recover-20250324/UBNA_024/20250323_053000.WAV,recover-20250324,UBNA_024,Foliage
HF,51840.0,29.32618666574784,291.7235,291.7285,45234.0,71113.0,Pipistrellus pipistrellus,0.379,0.424,-1,Echolocation,192000.0,/mnt/ubna_data_05/recover-20250324/UBNA_024/20250323_053000.WAV,recover-20250324,UBNA_024,Foliage
HF,52800.0,29.00396568892978,291.8045,291.8091,46093.0,70097.0,Pipistrellus pipistrellus,0.482,0.532,-1,Echolocation,192000.0,/mnt/ubna_data_05/recover-20250324/UBNA_024/20250323_053000.WAV,recover-20250324,UBNA_024,Foliage
HF,53760.0,32.246594101453844,291.8885,291.8937,46093.0,77585.0,Pipistrellus pipistrellus,0.535,0.566,-1,Echolocation,192000.0,/mnt/ubna_data_05/recover-20250324/UBNA_024/20250323_053000.WAV,recover-20250324,UBNA_024,Foliage
HF,52800.0,29.913681640337224,291.9785,291.9826,46953.0,69729.0,Pipistrellus pipistrellus,0.392,0.427,-1,Echolocation,192000.0,/mnt/ubna_data_05/recover-20250324/UBNA_024/20250323_053000.WAV,recover-20250324,UBNA_024,Foliage
HF,51840.0,30.454414744395276,292.0605,292.065,46093.0,74211.0,Pipistrellus pipistrellus,0.493,0.565,-1,Echolocation,192000.0,/mnt/ubna_data_05/recover-20250324/UBNA_024/20250323_053000.WAV,recover-20250324,UBNA_024,Foliage
HF,51840.0,29.393077539280025,292.1495,292.154,45234.0,73320.0,Pipistrellus pipistrellus,0.574,0.655,-1,Echolocation,192000.0,/mnt/ubna_data_05/recover-20250324/UBNA_024/20250323_053000.WAV,recover-20250324,UBNA_024,Foliage
HF,53760.0,28.522032863155317,292.2265,292.2308,46093.0,78211.0,Myotis alcathoe,0.224,0.489,-1,Echolocation,192000.0,/mnt/ubna_data_05/recover-20250324/UBNA_024/20250323_053000.WAV,recover-20250324,UBNA_024,Foliage
HF,54720.0,22.78520543834212,292.3135,292.3183,45234.0,86620.0,Myotis alcathoe,0.298,0.501,-1,Echolocation,192000.0,/mnt/ubna_data_05/recover-20250324/UBNA_024/20250323_053000.WAV,recover-20250324,UBNA_024,Foliage
HF,47040.0,19.620869363887216,292.3865,292.3908,44375.0,80363.0,Myotis alcathoe,0.279,0.484,-1,Echolocation,192000.0,/mnt/ubna_data_05/recover-20250324/UBNA_024/20250323_053000.WAV,recover-20250324,UBNA_024,Foliage
HF,47040.0,24.671355518103454,292.4685,292.4726,41796.0,84780.0,Myotis alcathoe,0.316,0.516,-1,Echolocation,192000.0,/mnt/ubna_data_05/recover-20250324/UBNA_024/20250323_053000.WAV,recover-20250324,UBNA_024,Foliage
HF,54720.0,21.0945824270826,292.5425,292.5469,41796.0,83899.0,Myotis alcathoe,0.313,0.511,-1,Echolocation,192000.0,/mnt/ubna_data_05/recover-20250324/UBNA_024/20250323_053000.WAV,recover-20250324,UBNA_024,Foliage
HF,54720.0,28.238332083449933,292.6245,292.6287,40078.0,89260.0,Myotis alcathoe,0.321,0.432,-1,Echolocation,192000.0,/mnt/ubna_data_05/recover-20250324/UBNA_024/20250323_053000.WAV,recover-20250324,UBNA_024,Foliage
HF,53760.0,23.872667604048576,292.7065,292.711,45234.0,80395.0,Myotis alcathoe,0.227,0.429,-1,Echolocation,192000.0,/mnt/ubna_data_05/recover-20250324/UBNA_024/20250323_053000.WAV,recover-20250324,UBNA_024,Foliage
HF,48000.0,12.905243283134084,292.7925,292.7963,46953.0,72647.0,Myotis alcathoe,0.297,0.505,-1,Echolocation,192000.0,/mnt/ubna_data_05/recover-20250324/UBNA_024/20250323_053000.WAV,recover-20250324,UBNA_024,Foliage
HF,48960.0,11.871201936749642,292.8725,292.8766,47812.0,75149.0,Myotis alcathoe,0.256,0.525,-1,Echolocation,192000.0,/mnt/ubna_data_05/recover-20250324/UBNA_024/20250323_053000.WAV,recover-20250324,UBNA_024,Foliage
HF,54720.0,10.80314550244295,292.9565,292.9607,45234.0,74671.0,Myotis alcathoe,0.199,0.31,-1,Echolocation,192000.0,/mnt/ubna_data_05/recover-20250324/UBNA_024/20250323_053000.WAV,recover-20250324,UBNA_024,Foliage
HF,52800.0,20.79375326822447,293.04449999999997,293.0493,46953.0,77457.0,Myotis alcathoe,0.218,0.39,-1,Echolocation,192000.0,/mnt/ubna_data_05/recover-20250324/UBNA_024/20250323_053000.WAV,recover-20250324,UBNA_024,Foliage
HF,54720.0,28.4635618630824,293.1215,293.1256,48671.0,71253.0,Pipistrellus pipistrellus,0.267,0.287,-1,Echolocation,192000.0,/mnt/ubna_data_05/recover-20250324/UBNA_024/20250323_053000.WAV,recover-20250324,UBNA_024,Foliage
HF,54720.0,25.477833345249046,293.1215,293.1262,40937.0,86923.0,Myotis alcathoe,0.234,0.313,-1,Echolocation,192000.0,/mnt/ubna_data_05/recover-20250324/UBNA_024/20250323_053000.WAV,recover-20250324,UBNA_024,Foliage
HF,52800.0,14.961760037020495,293.2015,293.2057,51250.0,66984.0,Pipistrellus pipistrellus,0.271,0.323,-1,Echolocation,192000.0,/mnt/ubna_data_05/recover-20250324/UBNA_024/20250323_053000.WAV,recover-20250324,UBNA_024,Foliage
HF,52800.0,13.57331719992266,293.2025,293.2058,42656.0,75851.0,Myotis alcathoe,0.306,0.463,-1,Echolocation,192000.0,/mnt/ubna_data_05/recover-20250324/UBNA_024/20250323_053000.WAV,recover-20250324,UBNA_024,Foliage
HF,46080.0,28.334266709232704,293.2955,293.3,40078.0,91481.0,Myotis alcathoe,0.324,0.462,-1,Echolocation,192000.0,/mnt/ubna_data_05/recover-20250324/UBNA_024/20250323_053000.WAV,recover-20250324,UBNA_024,Foliage
HF,48960.0,19.810242241758445,293.3885,293.3923,41796.0,76376.0,Myotis alcathoe,0.304,0.499,-1,Echolocation,192000.0,/mnt/ubna_data_05/recover-20250324/UBNA_024/20250323_053000.WAV,recover-20250324,UBNA_024,Foliage
HF,49920.0,33.94168493906025,293.47950000000003,293.4847,40937.0,85583.0,Myotis alcathoe,0.225,0.295,-1,Echolocation,192000.0,/mnt/ubna_data_05/recover-20250324/UBNA_024/20250323_053000.WAV,recover-20250324,UBNA_024,Foliage
HF,48960.0,33.24695833616816,293.5685,293.5742,38359.0,94588.0,Myotis alcathoe,0.468,0.59,-1,Echolocation,192000.0,/mnt/ubna_data_05/recover-20250324/UBNA_024/20250323_053000.WAV,recover-20250324,UBNA_024,Foliage
HF,47040.0,28.588213924415985,293.6625,293.6672,40078.0,83994.0,Myotis alcathoe,0.333,0.424,-1,Echolocation,192000.0,/mnt/ubna_data_05/recover-20250324/UBNA_024/20250323_053000.WAV,recover-20250324,UBNA_024,Foliage
HF,47040.0,19.569667267327205,293.7585,293.7631,46093.0,62272.0,Pipistrellus pipistrellus,0.282,0.315,-1,Echolocation,192000.0,/mnt/ubna_data_05/recover-20250324/UBNA_024/20250323_053000.WAV,recover-20250324,UBNA_024,Foliage
HF,52800.0,24.277061235511006,293.8295,293.8337,41796.0,80676.0,Myotis alcathoe,0.351,0.459,-1,Echolocation,192000.0,/mnt/ubna_data_05/recover-20250324/UBNA_024/20250323_053000.WAV,recover-20250324,UBNA_024,Foliage
HF,48000.0,28.433907890840654,293.9065,293.9106,46093.0,66356.0,Pipistrellus pipistrellus,0.523,0.553,-1,Echolocation,192000.0,/mnt/ubna_data_05/recover-20250324/UBNA_024/20250323_053000.WAV,recover-20250324,UBNA_024,Foliage
HF,48000.0,29.371436048266617,294.0355,294.04110000000003,46093.0,66533.0,Pipistrellus pipistrellus,0.506,0.559,-1,Echolocation,192000.0,/mnt/ubna_data_05/recover-20250324/UBNA_024/20250323_053000.WAV,recover-20250324,UBNA_024,Foliage
HF,47040.0,14.558798169984541,294.1355,294.1401,45234.0,61848.0,Pipistrellus pipistrellus,0.467,0.552,-1,Echolocation,192000.0,/mnt/ubna_data_05/recover-20250324/UBNA_024/20250323_053000.WAV,recover-20250324,UBNA_024,Foliage
HF,47040.0,17.87374022732265,294.2135,294.2179,45234.0,59960.0,Pipistrellus pipistrellus,0.457,0.486,-1,Echolocation,192000.0,/mnt/ubna_data_05/recover-20250324/UBNA_024/20250323_053000.WAV,recover-20250324,UBNA_024,Foliage
HF,47040.0,5.322728191712836,294.3015,294.3069,46093.0,55834.0,Pipistrellus pipistrellus,0.547,0.565,-1,Echolocation,192000.0,/mnt/ubna_data_05/recover-20250324/UBNA_024/20250323_053000.WAV,recover-20250324,UBNA_024,Foliage
HF,47040.0,17.81855454927118,294.3855,294.3899,43515.0,61219.0,Pipistrellus pipistrellus,0.484,0.563,-1,Echolocation,192000.0,/mnt/ubna_data_05/recover-20250324/UBNA_024/20250323_053000.WAV,recover-20250324,UBNA_024,Foliage
HF,47040.0,7.754518483341855,294.4655,294.4705,45234.0,54310.0,Pipistrellus pipistrellus,0.489,0.514,-1,Echolocation,192000.0,/mnt/ubna_data_05/recover-20250324/UBNA_024/20250323_053000.WAV,recover-20250324,UBNA_024,Foliage
HF,47040.0,11.763066791921217,294.5495,294.5538,46093.0,59414.0,Pipistrellus pipistrellus,0.615,0.656,-1,Echolocation,192000.0,/mnt/ubna_data_05/recover-20250324/UBNA_024/20250323_053000.WAV,recover-20250324,UBNA_024,Foliage
HF,48000.0,12.652174208852148,294.7385,294.7433,44375.0,60544.0,Pipistrellus pipistrellus,0.569,0.625,-1,Echolocation,192000.0,/mnt/ubna_data_05/recover-20250324/UBNA_024/20250323_053000.WAV,recover-20250324,UBNA_024,Foliage
HF,47040.0,12.417774815523456,294.9245,294.929,43515.0,61459.0,Pipistrellus pipistrellus,0.387,0.455,-1,Echolocation,192000.0,/mnt/ubna_data_05/recover-20250324/UBNA_024/20250323_053000.WAV,recover-20250324,UBNA_024,Foliage
HF,46080.0,5.029876166667963,295.0185,295.0234,43515.0,56742.0,Pipistrellus pipistrellus,0.358,0.428,-1,Echolocation,192000.0,/mnt/ubna_data_05/recover-20250324/UBNA_024/20250323_053000.WAV,recover-20250324,UBNA_024,Foliage
HF,48960.0,1.6503869170423666,295.7735,295.779,46953.0,57709.0,Pipistrellus pipistrellus,0.367,0.38,-1,Echolocation,192000.0,/mnt/ubna_data_05/recover-20250324/UBNA_024/20250323_053000.WAV,recover-20250324,UBNA_024,Foliage
LF,29760.0,1.3024384418968518,154.4615,154.47,28046.0,35083.0,Eptesicus serotinus,0.184,0.277,-1,Echolocation,192000.0,/mnt/ubna_data_05/recover-20250324/UBNA_024/20250323_055000.WAV,recover-20250324,UBNA_024,Foliage
HF,39360.0,2.157843404119417,168.1685,168.1761,38359.0,49862.0,Pipistrellus nathusii,0.194,0.354,-1,Echolocation,192000.0,/mnt/ubna_data_05/recover-20250324/UBNA_024/20250323_055000.WAV,recover-20250324,UBNA_024,Foliage
HF,42240.0,0.7798219163468573,169.6225,169.6281,37500.0,49384.0,Myotis daubentonii,0.088,0.244,-1,Echolocation,192000.0,/mnt/ubna_data_05/recover-20250324/UBNA_024/20250323_055000.WAV,recover-20250324,UBNA_024,Foliage
HF,42240.0,3.733593081719662,169.8085,169.8139,38359.0,53854.0,Myotis daubentonii,0.122,0.293,-1,Echolocation,192000.0,/mnt/ubna_data_05/recover-20250324/UBNA_024/20250323_055000.WAV,recover-20250324,UBNA_024,Foliage
HF,42240.0,3.799973036157816,169.9055,169.9118,40937.0,52649.0,Pipistrellus nathusii,0.193,0.312,-1,Echolocation,192000.0,/mnt/ubna_data_05/recover-20250324/UBNA_024/20250323_055000.WAV,recover-20250324,UBNA_024,Foliage
HF,42240.0,5.10651949057371,170.0015,170.0083,40078.0,51386.0,Pipistrellus nathusii,0.26,0.41,-1,Echolocation,192000.0,/mnt/ubna_data_05/recover-20250324/UBNA_024/20250323_055000.WAV,recover-20250324,UBNA_024,Foliage
HF,42240.0,5.204071084025185,170.08350000000002,170.0889,38359.0,53568.0,Pipistrellus nathusii,0.241,0.42,-1,Echolocation,192000.0,/mnt/ubna_data_05/recover-20250324/UBNA_024/20250323_055000.WAV,recover-20250324,UBNA_024,Foliage
HF,42240.0,5.395866425443934,170.1805,170.1871,40937.0,53031.0,Pipistrellus nathusii,0.266,0.472,-1,Echolocation,192000.0,/mnt/ubna_data_05/recover-20250324/UBNA_024/20250323_055000.WAV,recover-20250324,UBNA_024,Foliage
HF,43200.0,8.256376159451229,170.2685,170.2743,40937.0,54526.0,Pipistrellus nathusii,0.353,0.525,-1,Echolocation,192000.0,/mnt/ubna_data_05/recover-20250324/UBNA_024/20250323_055000.WAV,recover-20250324,UBNA_024,Foliage
HF,43200.0,6.680751848118907,170.3585,170.3646,40937.0,53400.0,Pipistrellus nathusii,0.322,0.46,-1,Echolocation,192000.0,/mnt/ubna_data_05/recover-20250324/UBNA_024/20250323_055000.WAV,recover-20250324,UBNA_024,Foliage
HF,43200.0,6.967265775798729,170.4615,170.4666,40078.0,54006.0,Pipistrellus nathusii,0.195,0.418,-1,Echolocation,192000.0,/mnt/ubna_data_05/recover-20250324/UBNA_024/20250323_055000.WAV,recover-20250324,UBNA_024,Foliage
HF,43200.0,7.872157581606719,170.6305,170.6359,40078.0,54853.0,Pipistrellus nathusii,0.27,0.48,-1,Echolocation,192000.0,/mnt/ubna_data_05/recover-20250324/UBNA_024/20250323_055000.WAV,recover-20250324,UBNA_024,Foliage
HF,44160.0,7.0568010116060345,170.7265,170.73239999999998,37500.0,56401.0,Pipistrellus nathusii,0.196,0.495,-1,Echolocation,192000.0,/mnt/ubna_data_05/recover-20250324/UBNA_024/20250323_055000.WAV,recover-20250324,UBNA_024,Foliage
HF,45120.0,8.768743893030296,170.8985,170.9039,37500.0,54278.0,Pipistrellus nathusii,0.28,0.539,-1,Echolocation,192000.0,/mnt/ubna_data_05/recover-20250324/UBNA_024/20250323_055000.WAV,recover-20250324,UBNA_024,Foliage
HF,45120.0,5.381015890653172,170.9995,171.0049,36640.0,55213.0,Myotis daubentonii,0.157,0.41,-1,Echolocation,192000.0,/mnt/ubna_data_05/recover-20250324/UBNA_024/20250323_055000.WAV,recover-20250324,UBNA_024,Foliage
HF,45120.0,7.662231160487735,171.1795,171.1866,38359.0,53558.0,Pipistrellus nathusii,0.254,0.457,-1,Echolocation,192000.0,/mnt/ubna_data_05/recover-20250324/UBNA_024/20250323_055000.WAV,recover-20250324,UBNA_024,Foliage
HF,45120.0,3.084696919188537,171.27949999999998,171.285,37500.0,53460.0,Myotis daubentonii,0.147,0.397,-1,Echolocation,192000.0,/mnt/ubna_data_05/recover-20250324/UBNA_024/20250323_055000.WAV,recover-20250324,UBNA_024,Foliage
HF,43200.0,8.257635333330786,171.4525,171.4587,36640.0,53892.0,Pipistrellus nathusii,0.291,0.539,-1,Echolocation,192000.0,/mnt/ubna_data_05/recover-20250324/UBNA_024/20250323_055000.WAV,recover-20250324,UBNA_024,Foliage
HF,40320.0,3.7229163210632974,171.5495,171.5543,35781.0,53000.0,Myotis daubentonii,0.144,0.387,-1,Echolocation,192000.0,/mnt/ubna_data_05/recover-20250324/UBNA_024/20250323_055000.WAV,recover-20250324,UBNA_024,Foliage
HF,41280.0,3.77700510520774,171.7275,171.7335,37500.0,51751.0,Pipistrellus nathusii,0.253,0.444,-1,Echolocation,192000.0,/mnt/ubna_data_05/recover-20250324/UBNA_024/20250323_055000.WAV,recover-20250324,UBNA_024,Foliage
HF,41280.0,6.854804996949973,171.8265,171.8324,38359.0,53783.0,Pipistrellus nathusii,0.298,0.495,-1,Echolocation,192000.0,/mnt/ubna_data_05/recover-20250324/UBNA_024/20250323_055000.WAV,recover-20250324,UBNA_024,Foliage
HF,42240.0,3.353881112606087,171.9155,171.9209,36640.0,51275.0,Pipistrellus nathusii,0.176,0.449,-1,Echolocation,192000.0,/mnt/ubna_data_05/recover-20250324/UBNA_024/20250323_055000.WAV,recover-20250324,UBNA_024,Foliage
HF,41280.0,6.096196604816891,172.0775,172.0845,37500.0,57837.0,Pipistrellus nathusii,0.14,0.356,-1,Echolocation,192000.0,/mnt/ubna_data_05/recover-20250324/UBNA_024/20250323_055000.WAV,recover-20250324,UBNA_024,Foliage
HF,42240.0,3.713333682150153,172.3475,172.355,40937.0,51606.0,Pipistrellus nathusii,0.219,0.37,-1,Echolocation,192000.0,/mnt/ubna_data_05/recover-20250324/UBNA_024/20250323_055000.WAV,recover-20250324,UBNA_024,Foliage
LF,22080.0,2.6115098038540503,273.9565,273.962,14296.0,34678.0,Plecotus auritus,0.202,0.229,-1,Echolocation,192000.0,/mnt/ubna_data_05/recover-20250324/UBNA_024/20250323_055000.WAV,recover-20250324,UBNA_024,Foliage
LF,25920.0,1.0057384533761822,283.0175,283.0277,23750.0,30002.0,Eptesicus serotinus,0.127,0.289,-1,Echolocation,192000.0,/mnt/ubna_data_05/recover-20250324/UBNA_024/20250323_055000.WAV,recover-20250324,UBNA_024,Foliage
HF,47040.0,2.7217061750303335,114.1095,114.1138,40937.0,53415.0,Myotis daubentonii,0.098,0.255,-1,Echolocation,192000.0,/mnt/ubna_data_05/recover-20250324/UBNA_024/20250323_060000.WAV,recover-20250324,UBNA_024,Foliage
HF,45120.0,3.5898697180849943,114.4405,114.44669999999999,42656.0,53042.0,Pipistrellus nathusii,0.167,0.269,-1,Echolocation,192000.0,/mnt/ubna_data_05/recover-20250324/UBNA_024/20250323_060000.WAV,recover-20250324,UBNA_024,Foliage
HF,45120.0,2.2472055353913727,114.5215,114.5276,42656.0,50057.0,Pipistrellus nathusii,0.087,0.238,-1,Echolocation,192000.0,/mnt/ubna_data_05/recover-20250324/UBNA_024/20250323_060000.WAV,recover-20250324,UBNA_024,Foliage
HF,46080.0,4.012270537002526,115.2175,115.223,43515.0,57744.0,Pipistrellus pipistrellus,0.116,0.397,-1,Echolocation,192000.0,/mnt/ubna_data_05/recover-20250324/UBNA_024/20250323_060000.WAV,recover-20250324,UBNA_024,Foliage
HF,46080.0,1.9290243878987223,115.3065,115.3115,40078.0,54317.0,Myotis daubentonii,0.116,0.273,-1,Echolocation,192000.0,/mnt/ubna_data_05/recover-20250324/UBNA_024/20250323_060000.WAV,recover-20250324,UBNA_024,Foliage
HF,43200.0,2.3737771493956394,115.3935,115.3995,41796.0,51925.0,Pipistrellus nathusii,0.148,0.32,-1,Echolocation,192000.0,/mnt/ubna_data_05/recover-20250324/UBNA_024/20250323_060000.WAV,recover-20250324,UBNA_024,Foliage
HF,43200.0,5.767065766202059,115.4795,115.4846,39218.0,56829.0,Myotis daubentonii,0.141,0.388,-1,Echolocation,192000.0,/mnt/ubna_data_05/recover-20250324/UBNA_024/20250323_060000.WAV,recover-20250324,UBNA_024,Foliage
HF,46080.0,6.139611450453339,115.6525,115.6575,40937.0,57595.0,Pipistrellus nathusii,0.133,0.398,-1,Echolocation,192000.0,/mnt/ubna_data_05/recover-20250324/UBNA_024/20250323_060000.WAV,recover-20250324,UBNA_024,Foliage
HF,46080.0,6.033749734539797,115.7435,115.7486,41796.0,56512.0,Pipistrellus nathusii,0.173,0.394,-1,Echolocation,192000.0,/mnt/ubna_data_05/recover-20250324/UBNA_024/20250323_060000.WAV,recover-20250324,UBNA_024,Foliage
HF,43200.0,3.888066374138792,115.8395,115.8449,40937.0,57659.0,Pipistrellus nathusii,0.148,0.408,-1,Echolocation,192000.0,/mnt/ubna_data_05/recover-20250324/UBNA_024/20250323_060000.WAV,recover-20250324,UBNA_024,Foliage
HF,43200.0,12.096786678090359,116.00450000000001,116.0111,40937.0,62024.0,Myotis daubentonii,0.217,0.478,-1,Echolocation,192000.0,/mnt/ubna_data_05/recover-20250324/UBNA_024/20250323_060000.WAV,recover-20250324,UBNA_024,Foliage
HF,46080.0,11.276018699215742,116.1755,116.1812,40937.0,61523.0,Myotis daubentonii,0.246,0.374,-1,Echolocation,192000.0,/mnt/ubna_data_05/recover-20250324/UBNA_024/20250323_060000.WAV,recover-20250324,UBNA_024,Foliage
HF,45120.0,13.055475015641854,116.3555,116.3612,40937.0,60609.0,Myotis daubentonii,0.177,0.475,-1,Echolocation,192000.0,/mnt/ubna_data_05/recover-20250324/UBNA_024/20250323_060000.WAV,recover-20250324,UBNA_024,Foliage
HF,46080.0,9.988783057487389,116.4395,116.4448,42656.0,60416.0,Myotis daubentonii,0.171,0.489,-1,Echolocation,192000.0,/mnt/ubna_data_05/recover-20250324/UBNA_024/20250323_060000.WAV,recover-20250324,UBNA_024,Foliage
HF,47040.0,10.442584128407004,116.6115,116.6177,40937.0,60141.0,Myotis daubentonii,0.152,0.461,-1,Echolocation,192000.0,/mnt/ubna_data_05/recover-20250324/UBNA_024/20250323_060000.WAV,recover-20250324,UBNA_024,Foliage
HF,47040.0,10.777954310359444,116.70349999999999,116.7092,42656.0,61571.0,Pipistrellus nathusii,0.213,0.534,-1,Echolocation,192000.0,/mnt/ubna_data_05/recover-20250324/UBNA_024/20250323_060000.WAV,recover-20250324,UBNA_024,Foliage
HF,45120.0,7.8433802632963046,116.7945,116.7997,40937.0,57317.0,Myotis daubentonii,0.325,0.439,-1,Echolocation,192000.0,/mnt/ubna_data_05/recover-20250324/UBNA_024/20250323_060000.WAV,recover-20250324,UBNA_024,Foliage
HF,47040.0,11.551658175679517,116.9575,116.9653,40078.0,63257.0,Pipistrellus nathusii,0.193,0.498,-1,Echolocation,192000.0,/mnt/ubna_data_05/recover-20250324/UBNA_024/20250323_060000.WAV,recover-20250324,UBNA_024,Foliage
HF,43200.0,7.811877580457431,117.04650000000001,117.05330000000001,40078.0,59541.0,Myotis daubentonii,0.258,0.389,-1,Echolocation,192000.0,/mnt/ubna_data_05/recover-20250324/UBNA_024/20250323_060000.WAV,recover-20250324,UBNA_024,Foliage
HF,46080.0,14.057652920837427,117.2205,117.2261,40078.0,59784.0,Myotis daubentonii,0.214,0.432,-1,Echolocation,192000.0,/mnt/ubna_data_05/recover-20250324/UBNA_024/20250323_060000.WAV,recover-20250324,UBNA_024,Foliage
HF,46080.0,15.155619072247033,117.3175,117.32300000000001,39218.0,57508.0,Myotis daubentonii,0.228,0.392,-1,Echolocation,192000.0,/mnt/ubna_data_05/recover-20250324/UBNA_024/20250323_060000.WAV,recover-20250324,UBNA_024,Foliage
HF,46080.0,16.427623298722533,117.5025,117.50880000000001,40937.0,59886.0,Myotis daubentonii,0.135,0.399,-1,Echolocation,192000.0,/mnt/ubna_data_05/recover-20250324/UBNA_024/20250323_060000.WAV,recover-20250324,UBNA_024,Foliage
HF,46080.0,16.38596717013695,117.5855,117.5909,39218.0,58737.0,Myotis daubentonii,0.194,0.358,-1,Echolocation,192000.0,/mnt/ubna_data_05/recover-20250324/UBNA_024/20250323_060000.WAV,recover-20250324,UBNA_024,Foliage
HF,46080.0,18.737959240461272,117.7555,117.761,37500.0,64047.0,Myotis daubentonii,0.273,0.371,-1,Echolocation,192000.0,/mnt/ubna_data_05/recover-20250324/UBNA_024/20250323_060000.WAV,recover-20250324,UBNA_024,Foliage
HF,46080.0,17.416573073136334,117.84649999999999,117.8522,44375.0,59614.0,Pipistrellus pipistrellus,0.179,0.306,-1,Echolocation,192000.0,/mnt/ubna_data_05/recover-20250324/UBNA_024/20250323_060000.WAV,recover-20250324,UBNA_024,Foliage
HF,46080.0,16.92538454067102,117.8475,117.8535,38359.0,59776.0,Myotis daubentonii,0.256,0.401,-1,Echolocation,192000.0,/mnt/ubna_data_05/recover-20250324/UBNA_024/20250323_060000.WAV,recover-20250324,UBNA_024,Foliage
HF,45120.0,12.843684240963473,117.9345,117.9409,41796.0,60362.0,Myotis daubentonii,0.184,0.33,-1,Echolocation,192000.0,/mnt/ubna_data_05/recover-20250324/UBNA_024/20250323_060000.WAV,recover-20250324,UBNA_024,Foliage
HF,45120.0,14.881461212457234,118.0305,118.0358,40078.0,62534.0,Myotis daubentonii,0.184,0.387,-1,Echolocation,192000.0,/mnt/ubna_data_05/recover-20250324/UBNA_024/20250323_060000.WAV,recover-20250324,UBNA_024,Foliage
HF,46080.0,18.228901576204027,118.12950000000001,118.1348,38359.0,59427.0,Myotis daubentonii,0.295,0.503,-1,Echolocation,192000.0,/mnt/ubna_data_05/recover-20250324/UBNA_024/20250323_060000.WAV,recover-20250324,UBNA_024,Foliage
HF,46080.0,13.864742322680232,118.22149999999999,118.2263,39218.0,56634.0,Myotis daubentonii,0.156,0.35,-1,Echolocation,192000.0,/mnt/ubna_data_05/recover-20250324/UBNA_024/20250323_060000.WAV,recover-20250324,UBNA_024,Foliage
HF,46080.0,17.598459780263727,118.3225,118.3281,39218.0,65924.0,Myotis daubentonii,0.186,0.441,-1,Echolocation,192000.0,/mnt/ubna_data_05/recover-20250324/UBNA_024/20250323_060000.WAV,recover-20250324,UBNA_024,Foliage
HF,46080.0,14.67749616229753,118.4115,118.4159,38359.0,58020.0,Myotis daubentonii,0.26,0.504,-1,Echolocation,192000.0,/mnt/ubna_data_05/recover-20250324/UBNA_024/20250323_060000.WAV,recover-20250324,UBNA_024,Foliage
HF,45120.0,16.255074134113954,118.5065,118.5111,38359.0,65712.0,Myotis daubentonii,0.246,0.526,-1,Echolocation,192000.0,/mnt/ubna_data_05/recover-20250324/UBNA_024/20250323_060000.WAV,recover-20250324,UBNA_024,Foliage
HF,41280.0,10.587612769348633,118.6015,118.6058,38359.0,58046.0,Myotis daubentonii,0.249,0.474,-1,Echolocation,192000.0,/mnt/ubna_data_05/recover-20250324/UBNA_024/20250323_060000.WAV,recover-20250324,UBNA_024,Foliage
HF,47040.0,7.270992726721638,118.65950000000001,118.6637,39218.0,63613.0,Myotis bechsteinii,0.129,0.428,-1,Echolocation,192000.0,/mnt/ubna_data_05/recover-20250324/UBNA_024/20250323_060000.WAV,recover-20250324,UBNA_024,Foliage
HF,42240.0,14.547888085285647,118.7555,118.7603,36640.0,67275.0,Myotis bechsteinii,0.164,0.412,-1,Echolocation,192000.0,/mnt/ubna_data_05/recover-20250324/UBNA_024/20250323_060000.WAV,recover-20250324,UBNA_024,Foliage
HF,42240.0,12.153480217375401,118.7555,118.7606,28046.0,89489.0,Myotis bechsteinii,0.13,0.222,-1,Echolocation,192000.0,/mnt/ubna_data_05/recover-20250324/UBNA_024/20250323_060000.WAV,recover-20250324,UBNA_024,Foliage
HF,42240.0,14.33148193924014,118.84049999999999,118.84440000000001,38359.0,63459.0,Myotis daubentonii,0.15,0.482,-1,Echolocation,192000.0,/mnt/ubna_data_05/recover-20250324/UBNA_024/20250323_060000.WAV,recover-20250324,UBNA_024,Foliage
HF,45120.0,16.743080187699086,118.9325,118.9373,28906.0,87082.0,Myotis bechsteinii,0.082,0.207,-1,Echolocation,192000.0,/mnt/ubna_data_05/recover-20250324/UBNA_024/20250323_060000.WAV,recover-20250324,UBNA_024,Foliage
HF,45120.0,18.839203828076517,118.9325,118.9375,38359.0,66596.0,Myotis daubentonii,0.197,0.434,-1,Echolocation,192000.0,/mnt/ubna_data_05/recover-20250324/UBNA_024/20250323_060000.WAV,recover-20250324,UBNA_024,Foliage
HF,45120.0,19.888462163354546,119.02250000000001,119.0279,39218.0,64054.0,Myotis daubentonii,0.149,0.406,-1,Echolocation,192000.0,/mnt/ubna_data_05/recover-20250324/UBNA_024/20250323_060000.WAV,recover-20250324,UBNA_024,Foliage
HF,44160.0,20.11160793510943,119.0945,119.09909999999999,37500.0,71472.0,Myotis daubentonii,0.122,0.336,-1,Echolocation,192000.0,/mnt/ubna_data_05/recover-20250324/UBNA_024/20250323_060000.WAV,recover-20250324,UBNA_024,Foliage
HF,44160.0,5.443648457332438,119.1835,119.1884,40937.0,58598.0,Myotis daubentonii,0.294,0.404,-1,Echolocation,192000.0,/mnt/ubna_data_05/recover-20250324/UBNA_024/20250323_060000.WAV,recover-20250324,UBNA_024,Foliage
HF,44160.0,7.1250642339269445,119.2625,119.2673,41796.0,59610.0,Myotis daubentonii,0.259,0.42,-1,Echolocation,192000.0,/mnt/ubna_data_05/recover-20250324/UBNA_024/20250323_060000.WAV,recover-20250324,UBNA_024,Foliage
HF,52800.0,11.509976200824712,119.3505,119.3553,40078.0,60102.0,Myotis daubentonii,0.337,0.549,-1,Echolocation,192000.0,/mnt/ubna_data_05/recover-20250324/UBNA_024/20250323_060000.WAV,recover-20250324,UBNA_024,Foliage
HF,52800.0,14.600105685701163,119.4385,119.444,30625.0,85774.0,Myotis bechsteinii,0.084,0.221,-1,Echolocation,192000.0,/mnt/ubna_data_05/recover-20250324/UBNA_024/20250323_060000.WAV,recover-20250324,UBNA_024,Foliage
HF,52800.0,16.571856068165125,119.4395,119.4449,39218.0,69084.0,Myotis daubentonii,0.184,0.438,-1,Echolocation,192000.0,/mnt/ubna_data_05/recover-20250324/UBNA_024/20250323_060000.WAV,recover-20250324,UBNA_024,Foliage
HF,45120.0,14.54532258679604,119.5355,119.5404,38359.0,66198.0,Myotis daubentonii,0.267,0.475,-1,Echolocation,192000.0,/mnt/ubna_data_05/recover-20250324/UBNA_024/20250323_060000.WAV,recover-20250324,UBNA_024,Foliage
HF,44160.0,16.671051886001017,119.6175,119.6231,39218.0,68710.0,Myotis daubentonii,0.189,0.388,-1,Echolocation,192000.0,/mnt/ubna_data_05/recover-20250324/UBNA_024/20250323_060000.WAV,recover-20250324,UBNA_024,Foliage
HF,45120.0,19.165387001771542,119.7075,119.7132,38359.0,64689.0,Myotis daubentonii,0.299,0.493,-1,Echolocation,192000.0,/mnt/ubna_data_05/recover-20250324/UBNA_024/20250323_060000.WAV,recover-20250324,UBNA_024,Foliage
HF,44160.0,19.560819936006045,119.7825,119.7878,38359.0,62024.0,Myotis daubentonii,0.219,0.445,-1,Echolocation,192000.0,/mnt/ubna_data_05/recover-20250324/UBNA_024/20250323_060000.WAV,recover-20250324,UBNA_024,Foliage
HF,44160.0,18.837776772969903,119.8685,119.8737,28046.0,91972.0,Myotis bechsteinii,0.107,0.205,-1,Echolocation,192000.0,/mnt/ubna_data_05/recover-20250324/UBNA_024/20250323_060000.WAV,recover-20250324,UBNA_024,Foliage
HF,44160.0,20.94284835245916,119.8685,119.8738,36640.0,64751.0,Myotis daubentonii,0.155,0.356,-1,Echolocation,192000.0,/mnt/ubna_data_05/recover-20250324/UBNA_024/20250323_060000.WAV,recover-20250324,UBNA_024,Foliage
HF,44160.0,16.560736342893886,119.9575,119.9628,36640.0,60941.0,Myotis daubentonii,0.283,0.514,-1,Echolocation,192000.0,/mnt/ubna_data_05/recover-20250324/UBNA_024/20250323_060000.WAV,recover-20250324,UBNA_024,Foliage
HF,44160.0,14.351778023260223,119.9575,119.9627,29765.0,85114.0,Myotis bechsteinii,0.096,0.201,-1,Echolocation,192000.0,/mnt/ubna_data_05/recover-20250324/UBNA_024/20250323_060000.WAV,recover-20250324,UBNA_024,Foliage
HF,44160.0,22.787117943813392,120.0475,120.053,37500.0,62712.0,Myotis daubentonii,0.29,0.464,-1,Echolocation,192000.0,/mnt/ubna_data_05/recover-20250324/UBNA_024/20250323_060000.WAV,recover-20250324,UBNA_024,Foliage
HF,44160.0,16.071530607692633,120.1495,120.1554,38359.0,58700.0,Myotis daubentonii,0.236,0.48,-1,Echolocation,192000.0,/mnt/ubna_data_05/recover-20250324/UBNA_024/20250323_060000.WAV,recover-20250324,UBNA_024,Foliage
HF,44160.0,18.417938786180617,120.3185,120.3242,38359.0,59938.0,Myotis daubentonii,0.222,0.42,-1,Echolocation,192000.0,/mnt/ubna_data_05/recover-20250324/UBNA_024/20250323_060000.WAV,recover-20250324,UBNA_024,Foliage
HF,47040.0,10.972399510514535,120.4105,120.4164,39218.0,60453.0,Myotis daubentonii,0.234,0.535,-1,Echolocation,192000.0,/mnt/ubna_data_05/recover-20250324/UBNA_024/20250323_060000.WAV,recover-20250324,UBNA_024,Foliage
HF,46080.0,27.142420533200877,120.4965,120.5025,38359.0,67828.0,Myotis daubentonii,0.275,0.498,-1,Echolocation,192000.0,/mnt/ubna_data_05/recover-20250324/UBNA_024/20250323_060000.WAV,recover-20250324,UBNA_024,Foliage
HF,46080.0,15.940572969482831,120.5895,120.5953,40078.0,59418.0,Myotis daubentonii,0.225,0.551,-1,Echolocation,192000.0,/mnt/ubna_data_05/recover-20250324/UBNA_024/20250323_060000.WAV,recover-20250324,UBNA_024,Foliage
HF,46080.0,20.686894677462746,120.7665,120.7727,39218.0,63059.0,Myotis daubentonii,0.24,0.531,-1,Echolocation,192000.0,/mnt/ubna_data_05/recover-20250324/UBNA_024/20250323_060000.WAV,recover-20250324,UBNA_024,Foliage
HF,47040.0,12.204026820063605,120.8555,120.861,38359.0,57371.0,Myotis daubentonii,0.291,0.54,-1,Echolocation,192000.0,/mnt/ubna_data_05/recover-20250324/UBNA_024/20250323_060000.WAV,recover-20250324,UBNA_024,Foliage
HF,46080.0,10.195413976435294,121.0145,121.0198,40078.0,58237.0,Myotis daubentonii,0.262,0.508,-1,Echolocation,192000.0,/mnt/ubna_data_05/recover-20250324/UBNA_024/20250323_060000.WAV,recover-20250324,UBNA_024,Foliage
HF,47040.0,12.103475172062465,121.1095,121.115,40078.0,58414.0,Myotis daubentonii,0.229,0.445,-1,Echolocation,192000.0,/mnt/ubna_data_05/recover-20250324/UBNA_024/20250323_060000.WAV,recover-20250324,UBNA_024,Foliage
HF,46080.0,19.74348826471415,121.1975,121.2028,37500.0,61981.0,Myotis daubentonii,0.133,0.319,-1,Echolocation,192000.0,/mnt/ubna_data_05/recover-20250324/UBNA_024/20250323_060000.WAV,recover-20250324,UBNA_024,Foliage
HF,46080.0,8.560562711769728,121.2885,121.2935,39218.0,55623.0,Myotis daubentonii,0.298,0.433,-1,Echolocation,192000.0,/mnt/ubna_data_05/recover-20250324/UBNA_024/20250323_060000.WAV,recover-20250324,UBNA_024,Foliage
HF,47040.0,6.119077205198167,121.4655,121.4701,39218.0,54194.0,Myotis daubentonii,0.248,0.33,-1,Echolocation,192000.0,/mnt/ubna_data_05/recover-20250324/UBNA_024/20250323_060000.WAV,recover-20250324,UBNA_024,Foliage
HF,47040.0,2.0298850995745337,121.5535,121.5581,39218.0,53386.0,Myotis daubentonii,0.168,0.244,-1,Echolocation,192000.0,/mnt/ubna_data_05/recover-20250324/UBNA_024/20250323_060000.WAV,recover-20250324,UBNA_024,Foliage
HF,47040.0,9.517027664263123,121.7255,121.7305,39218.0,56990.0,Myotis daubentonii,0.225,0.409,-1,Echolocation,192000.0,/mnt/ubna_data_05/recover-20250324/UBNA_024/20250323_060000.WAV,recover-20250324,UBNA_024,Foliage
HF,43200.0,3.4737724584948273,121.8185,121.8229,37500.0,54566.0,Myotis daubentonii,0.262,0.365,-1,Echolocation,192000.0,/mnt/ubna_data_05/recover-20250324/UBNA_024/20250323_060000.WAV,recover-20250324,UBNA_024,Foliage
HF,46080.0,6.912644193098229,121.9055,121.9109,40078.0,55352.0,Myotis daubentonii,0.307,0.505,-1,Echolocation,192000.0,/mnt/ubna_data_05/recover-20250324/UBNA_024/20250323_060000.WAV,recover-20250324,UBNA_024,Foliage
HF,47040.0,12.305678200208636,121.9895,121.9951,38359.0,56746.0,Myotis daubentonii,0.211,0.464,-1,Echolocation,192000.0,/mnt/ubna_data_05/recover-20250324/UBNA_024/20250323_060000.WAV,recover-20250324,UBNA_024,Foliage
HF,47040.0,5.7067895358666565,122.1675,122.1717,40078.0,55280.0,Myotis daubentonii,0.076,0.212,-1,Echolocation,192000.0,/mnt/ubna_data_05/recover-20250324/UBNA_024/20250323_060000.WAV,recover-20250324,UBNA_024,Foliage
HF,47040.0,4.179985987100404,122.5375,122.5421,40937.0,55484.0,Myotis daubentonii,0.111,0.302,-1,Echolocation,192000.0,/mnt/ubna_data_05/recover-20250324/UBNA_024/20250323_060000.WAV,recover-20250324,UBNA_024,Foliage
HF,43200.0,2.1153683558846015,122.7175,122.723,40078.0,54685.0,Myotis daubentonii,0.083,0.25,-1,Echolocation,192000.0,/mnt/ubna_data_05/recover-20250324/UBNA_024/20250323_060000.WAV,recover-20250324,UBNA_024,Foliage
LF,21120.0,1.171213756519222,148.5225,148.5279,13437.0,32176.0,Plecotus auritus,0.196,0.212,-1,Echolocation,192000.0,/mnt/ubna_data_05/recover-20250324/UBNA_024/20250323_061000.WAV,recover-20250324,UBNA_024,Foliage
HF,40320.0,1.5526274146035133,187.9475,187.9568,38359.0,41837.0,Pipistrellus nathusii,0.259,0.299,-1,Echolocation,192000.0,/mnt/ubna_data_05/recover-20250324/UBNA_024/20250323_061000.WAV,recover-20250324,UBNA_024,Foliage
LF,26880.0,3.65315869353814,128.0995,128.1037,22890.0,45425.0,Plecotus austriacus,0.141,0.212,-1,Echolocation,192000.0,/mnt/ubna_data_05/recover-20250324/UBNA_024/20250323_062000.WAV,recover-20250324,UBNA_024,Foliage
LF,28800.0,1.7780423598733228,4.6645,4.6715,27187.0,36241.0,Eptesicus serotinus,0.057,0.202,-1,Echolocation,192000.0,/mnt/ubna_data_05/recover-20250324/UBNA_024/20250323_064000.WAV,recover-20250324,UBNA_024,Foliage
LF,28800.0,3.2753151242219563,63.7055,63.7102,23750.0,41603.0,Plecotus austriacus,0.181,0.233,-1,Echolocation,192000.0,/mnt/ubna_data_05/recover-20250324/UBNA_024/20250323_064000.WAV,recover-20250324,UBNA_024,Foliage
LF,16320.0,3.5127250109781594,97.9485,97.9583,15156.0,22189.0,Nyctalus noctula,0.092,0.201,-1,Echolocation,192000.0,/mnt/ubna_data_05/recover-20250324/UBNA_024/20250323_065000.WAV,recover-20250324,UBNA_024,Foliage
LF,24000.0,2.249985355227529,197.3125,197.3206,23750.0,32674.0,Eptesicus serotinus,0.079,0.214,-1,Echolocation,192000.0,/mnt/ubna_data_05/recover-20250324/UBNA_024/20250323_065000.WAV,recover-20250324,UBNA_024,Foliage
LF,23040.0,-0.648554605732467,210.1815,210.195,23750.0,29026.0,Eptesicus serotinus,0.087,0.213,-1,Echolocation,192000.0,/mnt/ubna_data_05/recover-20250324/UBNA_024/20250323_070000.WAV,recover-20250324,UBNA_024,Foliage
LF,19200.0,0.34315367849653916,216.3075,216.3137,16015.0,26835.0,Plecotus auritus,0.183,0.253,-1,Echolocation,192000.0,/mnt/ubna_data_05/recover-20250324/UBNA_024/20250323_071000.WAV,recover-20250324,UBNA_024,Foliage
LF,25920.0,1.8090013243149896,0.6485,0.6589,23750.0,30140.0,Eptesicus serotinus,0.107,0.27,-1,Echolocation,192000.0,/mnt/ubna_data_05/recover-20250324/UBNA_024/20250323_072000.WAV,recover-20250324,UBNA_024,Foliage
LF,23040.0,1.6696252950612853,39.7395,39.7496,23750.0,30501.0,Nyctalus leisleri,0.064,0.204,-1,Echolocation,192000.0,/mnt/ubna_data_05/recover-20250324/UBNA_024/20250323_072000.WAV,recover-20250324,UBNA_024,Foliage
LF,27840.0,5.3889531155606205,142.1605,142.1653,23750.0,38812.0,Plecotus auritus,0.115,0.2,-1,Echolocation,192000.0,/mnt/ubna_data_05/recover-20250324/UBNA_024/20250323_072000.WAV,recover-20250324,UBNA_024,Foliage
LF,25920.0,0.4250455815065645,155.3255,155.3381,23750.0,29143.0,Eptesicus serotinus,0.085,0.233,-1,Echolocation,192000.0,/mnt/ubna_data_05/recover-20250324/UBNA_024/20250323_072000.WAV,recover-20250324,UBNA_024,Foliage
LF,28800.0,0.13019514659318715,180.5715,180.5809,27187.0,34927.0,Eptesicus serotinus,0.145,0.228,-1,Echolocation,192000.0,/mnt/ubna_data_05/recover-20250324/UBNA_024/20250323_072000.WAV,recover-20250324,UBNA_024,Foliage
LF,23040.0,1.3631738862079301,21.0105,21.023,23750.0,27764.0,Nyctalus leisleri,0.105,0.204,-1,Echolocation,192000.0,/mnt/ubna_data_05/recover-20250324/UBNA_024/20250323_074000.WAV,recover-20250324,UBNA_024,Foliage
LF,24000.0,1.295030819287775,284.2335,284.2474,25468.0,29502.0,Nyctalus leisleri,0.144,0.239,-1,Echolocation,192000.0,/mnt/ubna_data_05/recover-20250324/UBNA_024/20250323_081000.WAV,recover-20250324,UBNA_024,Foliage
LF,27840.0,0.5605905112826131,211.6215,211.6346,27187.0,31559.0,Nyctalus leisleri,0.106,0.206,-1,Echolocation,192000.0,/mnt/ubna_data_05/recover-20250324/UBNA_024/20250323_090000.WAV,recover-20250324,UBNA_024,Foliage
LF,28800.0,5.580871176911658,6.5075,6.5168,27187.0,33680.0,Eptesicus serotinus,0.146,0.234,-1,Echolocation,192000.0,/mnt/ubna_data_05/recover-20250324/UBNA_024/20250323_092000.WAV,recover-20250324,UBNA_024,Foliage
LF,22080.0,0.7384882233683272,199.5725,199.57920000000001,21171.0,31642.0,Plecotus auritus,0.113,0.21,-1,Echolocation,192000.0,/mnt/ubna_data_05/recover-20250324/UBNA_024/20250323_094000.WAV,recover-20250324,UBNA_024,Foliage
LF,25920.0,0.6418079975665132,209.6925,209.7028,24609.0,30830.0,Eptesicus serotinus,0.107,0.247,-1,Echolocation,192000.0,/mnt/ubna_data_05/recover-20250324/UBNA_024/20250323_094000.WAV,recover-20250324,UBNA_024,Foliage
HF,42240.0,1.6589680464846481,285.0895,285.1008,40078.0,44603.0,Pipistrellus nathusii,0.23,0.242,-1,Echolocation,192000.0,/mnt/ubna_data_05/recover-20250324/UBNA_024/20250323_095000.WAV,recover-20250324,UBNA_024,Foliage
LF,23040.0,1.3973723179168254,181.4405,181.4549,23750.0,29016.0,Nyctalus leisleri,0.081,0.213,-1,Echolocation,192000.0,/mnt/ubna_data_05/recover-20250324/UBNA_024/20250323_100000.WAV,recover-20250324,UBNA_024,Foliage
LF,23040.0,-0.06924801417066685,90.3925,90.4075,23750.0,29046.0,Nyctalus leisleri,0.095,0.213,-1,Echolocation,192000.0,/mnt/ubna_data_05/recover-20250324/UBNA_024/20250323_101000.WAV,recover-20250324,UBNA_024,Foliage
LF,29760.0,0.9152308998905316,152.1615,152.1719,29765.0,36623.0,Eptesicus serotinus,0.179,0.35,-1,Echolocation,192000.0,/mnt/ubna_data_05/recover-20250324/UBNA_024/20250323_102000.WAV,recover-20250324,UBNA_024,Foliage
HF,43200.0,1.7287652974545127,196.65449999999998,196.6637,42656.0,47217.0,Pipistrellus pipistrellus,0.161,0.2,-1,Echolocation,192000.0,/mnt/ubna_data_05/recover-20250324/UBNA_024/20250323_104000.WAV,recover-20250324,UBNA_024,Foliage
LF,22080.0,-0.3260732750303845,56.8475,56.8667,21171.0,25845.0,Nyctalus noctula,0.214,0.331,-1,Echolocation,192000.0,/mnt/ubna_data_05/recover-20250324/UBNA_024/20250323_112000.WAV,recover-20250324,UBNA_024,Foliage
LF,22080.0,0.21976711338455687,31.7435,31.7621,22890.0,26598.0,Nyctalus leisleri,0.157,0.254,-1,Echolocation,192000.0,/mnt/ubna_data_05/recover-20250324/UBNA_024/20250323_115000.WAV,recover-20250324,UBNA_024,Foliage
LF,24000.0,1.8650706213667545,261.2095,261.2296,23750.0,27014.0,Nyctalus leisleri,0.231,0.274,-1,Echolocation,192000.0,/mnt/ubna_data_05/recover-20250324/UBNA_024/20250323_115000.WAV,recover-20250324,UBNA_024,Foliage
LF,29760.0,2.244071874550315,166.7145,166.7201,26328.0,36562.0,Plecotus auritus,0.097,0.237,-1,Echolocation,192000.0,/mnt/ubna_data_05/recover-20250324/UBNA_024/20250323_120000.WAV,recover-20250324,UBNA_024,Foliage
LF,22080.0,0.4821997180145875,155.0095,155.0297,22031.0,26204.0,Nyctalus noctula,0.097,0.221,-1,Echolocation,192000.0,/mnt/ubna_data_05/recover-20250324/UBNA_024/20250323_121000.WAV,recover-20250324,UBNA_024,Foliage
LF,23040.0,0.6148589462720209,286.6005,286.6179,23750.0,28459.0,Nyctalus leisleri,0.088,0.202,-1,Echolocation,192000.0,/mnt/ubna_data_05/recover-20250324/UBNA_024/20250323_123000.WAV,recover-20250324,UBNA_024,Foliage
LF,20160.0,-0.2852142972728098,246.9725,246.9925,18593.0,22656.0,Nyctalus noctula,0.174,0.258,-1,Echolocation,192000.0,/mnt/ubna_data_05/recover-20250324/UBNA_024/20250323_124000.WAV,recover-20250324,UBNA_024,Foliage
LF,23040.0,2.592269221438899,205.1105,205.11599999999999,15156.0,30355.0,Plecotus auritus,0.241,0.301,-1,Echolocation,192000.0,/mnt/ubna_data_05/recover-20250324/UBNA_024/20250323_132000.WAV,recover-20250324,UBNA_024,Foliage
LF,26880.0,2.4816887913309564,287.2935,287.2993,23750.0,34071.0,Plecotus austriacus,0.11,0.223,-1,Echolocation,192000.0,/mnt/ubna_data_05/recover-20250324/UBNA_024/20250323_132000.WAV,recover-20250324,UBNA_024,Foliage
LF,22080.0,0.8386036438839922,115.0525,115.0762,19453.0,22051.0,Nyctalus noctula,0.141,0.217,-1,Echolocation,192000.0,/mnt/ubna_data_05/recover-20250324/UBNA_024/20250323_133000.WAV,recover-20250324,UBNA_024,Foliage
LF,22080.0,1.7604408388397108,207.9035,207.9129,22031.0,30851.0,Nyctalus noctula,0.065,0.252,-1,Echolocation,192000.0,/mnt/ubna_data_05/recover-20250324/UBNA_024/20250323_134000.WAV,recover-20250324,UBNA_024,Foliage
LF,25920.0,0.7006113190172548,98.0905,98.1036,25468.0,29397.0,Nyctalus leisleri,0.1,0.205,-1,Echolocation,192000.0,/mnt/ubna_data_05/recover-20250324/UBNA_024/20250323_135000.WAV,recover-20250324,UBNA_024,Foliage
LF,24960.0,0.1555905451881951,115.8455,115.8515,23750.0,34099.0,Plecotus austriacus,0.087,0.226,-1,Echolocation,192000.0,/mnt/ubna_data_05/recover-20250324/UBNA_024/20250323_135000.WAV,recover-20250324,UBNA_024,Foliage
LF,24960.0,0.1763010417352451,199.3255,199.3383,24609.0,28605.0,Nyctalus leisleri,0.132,0.251,-1,Echolocation,192000.0,/mnt/ubna_data_05/recover-20250324/UBNA_024/20250323_140000.WAV,recover-20250324,UBNA_024,Foliage
LF,22080.0,10.102984590384379,272.6725,272.6919,22031.0,26206.0,Nyctalus noctula,0.141,0.286,-1,Echolocation,192000.0,/mnt/ubna_data_05/recover-20250324/UBNA_024/20250323_140000.WAV,recover-20250324,UBNA_024,Foliage
LF,27840.0,0.539854682161773,162.8975,162.91140000000001,25468.0,29720.0,Nyctalus leisleri,0.152,0.287,-1,Echolocation,192000.0,/mnt/ubna_data_05/recover-20250324/UBNA_024/20250323_141000.WAV,recover-20250324,UBNA_024,Foliage
LF,20160.0,1.594896960540103,164.2765,164.2979,18593.0,22120.0,Nyctalus noctula,0.181,0.247,-1,Echolocation,192000.0,/mnt/ubna_data_05/recover-20250324/UBNA_024/20250323_141000.WAV,recover-20250324,UBNA_024,Foliage
LF,20160.0,1.2422602977452113,210.6255,210.648,18593.0,22098.0,Nyctalus noctula,0.142,0.208,-1,Echolocation,192000.0,/mnt/ubna_data_05/recover-20250324/UBNA_024/20250323_141000.WAV,recover-20250324,UBNA_024,Foliage
LF,26880.0,4.675129540216643,251.0995,251.111,26328.0,31189.0,Eptesicus serotinus,0.152,0.304,-1,Echolocation,192000.0,/mnt/ubna_data_05/recover-20250324/UBNA_024/20250323_141000.WAV,recover-20250324,UBNA_024,Foliage
LF,29760.0,1.045087436207549,144.5815,144.5943,29765.0,34776.0,Eptesicus serotinus,0.127,0.217,-1,Echolocation,192000.0,/mnt/ubna_data_05/recover-20250324/UBNA_024/20250323_144000.WAV,recover-20250324,UBNA_024,Foliage
LF,16320.0,4.977825865579166,49.6435,49.662800000000004,15156.0,18800.0,Nyctalus leisleri,0.19,0.278,-1,Echolocation,192000.0,/mnt/ubna_data_05/recover-20250324/UBNA_024/20250323_145000.WAV,recover-20250324,UBNA_024,Foliage
LF,17280.0,5.01181018456807,6.8055,6.8306,16015.0,18836.0,Nyctalus noctula,0.144,0.205,-1,Echolocation,192000.0,/mnt/ubna_data_05/recover-20250324/UBNA_024/20250323_150000.WAV,recover-20250324,UBNA_024,Foliage
LF,16320.0,1.5672974050516129,40.7175,40.7374,14296.0,18206.0,Nyctalus leisleri,0.168,0.3,-1,Echolocation,192000.0,/mnt/ubna_data_05/recover-20250324/UBNA_024/20250323_150000.WAV,recover-20250324,UBNA_024,Foliage
LF,17280.0,2.995308723499579,63.3475,63.3706,16875.0,21192.0,Nyctalus noctula,0.158,0.209,-1,Echolocation,192000.0,/mnt/ubna_data_05/recover-20250324/UBNA_024/20250323_150000.WAV,recover-20250324,UBNA_024,Foliage
LF,21120.0,0.9784197150677209,89.3305,89.3506,21171.0,25032.0,Nyctalus noctula,0.152,0.233,-1,Echolocation,192000.0,/mnt/ubna_data_05/recover-20250324/UBNA_024/20250323_152000.WAV,recover-20250324,UBNA_024,Foliage
LF,16320.0,1.742914710665784,150.9755,150.995,14296.0,17775.0,Nyctalus leisleri,0.127,0.245,-1,Echolocation,192000.0,/mnt/ubna_data_05/recover-20250324/UBNA_024/20250323_155000.WAV,recover-20250324,UBNA_024,Foliage
LF,23040.0,0.3602155248195679,92.2925,92.3065,23750.0,28645.0,Nyctalus leisleri,0.083,0.212,-1,Echolocation,192000.0,/mnt/ubna_data_05/recover-20250324/UBNA_024/20250323_160000.WAV,recover-20250324,UBNA_024,Foliage
LF,17280.0,1.6234146261172333,166.3295,166.34550000000002,16875.0,21123.0,Nyctalus noctula,0.205,0.302,-1,Echolocation,192000.0,/mnt/ubna_data_05/recover-20250324/UBNA_024/20250323_160000.WAV,recover-20250324,UBNA_024,Foliage
LF,17280.0,2.8133899308600268,257.9445,257.9636,16875.0,20303.0,Nyctalus noctula,0.161,0.239,-1,Echolocation,192000.0,/mnt/ubna_data_05/recover-20250324/UBNA_024/20250323_160000.WAV,recover-20250324,UBNA_024,Foliage
LF,20160.0,5.311426861578175,97.1955,97.2137,20312.0,23707.0,Nyctalus noctula,0.128,0.265,-1,Echolocation,192000.0,/mnt/ubna_data_05/recover-20250324/UBNA_024/20250323_161000.WAV,recover-20250324,UBNA_024,Foliage
LF,21120.0,0.6491373493843122,28.8985,28.9238,20312.0,23997.0,Nyctalus noctula,0.106,0.22,-1,Echolocation,192000.0,/mnt/ubna_data_05/recover-20250324/UBNA_024/20250323_163000.WAV,recover-20250324,UBNA_024,Foliage
LF,19200.0,2.208540914273314,94.1675,94.1867,16015.0,20166.0,Nyctalus noctula,0.2,0.267,-1,Echolocation,192000.0,/mnt/ubna_data_05/recover-20250324/UBNA_024/20250323_163000.WAV,recover-20250324,UBNA_024,Foliage
LF,17280.0,6.032649699183904,145.6885,145.6996,16875.0,23028.0,Nyctalus noctula,0.131,0.275,-1,Echolocation,192000.0,/mnt/ubna_data_05/recover-20250324/UBNA_024/20250323_163000.WAV,recover-20250324,UBNA_024,Foliage
LF,17280.0,3.015297860561027,146.1015,146.1111,15156.0,22083.0,Nyctalus noctula,0.088,0.208,-1,Echolocation,192000.0,/mnt/ubna_data_05/recover-20250324/UBNA_024/20250323_163000.WAV,recover-20250324,UBNA_024,Foliage
LF,18240.0,3.050318758744611,154.2655,154.2851,16875.0,21378.0,Nyctalus noctula,0.137,0.202,-1,Echolocation,192000.0,/mnt/ubna_data_05/recover-20250324/UBNA_024/20250323_163000.WAV,recover-20250324,UBNA_024,Foliage
LF,16320.0,3.8822697325312556,161.6205,161.6395,15156.0,18218.0,Nyctalus noctula,0.124,0.242,-1,Echolocation,192000.0,/mnt/ubna_data_05/recover-20250324/UBNA_024/20250323_163000.WAV,recover-20250324,UBNA_024,Foliage
LF,19200.0,3.654553761908792,186.4775,186.4971,16015.0,19257.0,Nyctalus noctula,0.211,0.317,-1,Echolocation,192000.0,/mnt/ubna_data_05/recover-20250324/UBNA_024/20250323_163000.WAV,recover-20250324,UBNA_024,Foliage
LF,19200.0,5.787099250359084,186.8695,186.8827,17734.0,23209.0,Nyctalus noctula,0.311,0.457,-1,Echolocation,192000.0,/mnt/ubna_data_05/recover-20250324/UBNA_024/20250323_163000.WAV,recover-20250324,UBNA_024,Foliage
LF,18240.0,7.463546275211855,271.7755,271.7937,17734.0,20810.0,Nyctalus noctula,0.224,0.356,-1,Echolocation,192000.0,/mnt/ubna_data_05/recover-20250324/UBNA_024/20250323_163000.WAV,recover-20250324,UBNA_024,Foliage
LF,21120.0,8.251484965526405,292.2455,292.2729,20312.0,22818.0,Nyctalus leisleri,0.19,0.212,-1,Echolocation,192000.0,/mnt/ubna_data_05/recover-20250324/UBNA_024/20250323_163000.WAV,recover-20250324,UBNA_024,Foliage
LF,22080.0,10.351686820690936,292.6685,292.689,21171.0,23947.0,Nyctalus leisleri,0.301,0.313,-1,Echolocation,192000.0,/mnt/ubna_data_05/recover-20250324/UBNA_024/20250323_163000.WAV,recover-20250324,UBNA_024,Foliage
LF,22080.0,8.61696020865361,292.8215,292.8458,21171.0,23918.0,Nyctalus leisleri,0.191,0.202,-1,Echolocation,192000.0,/mnt/ubna_data_05/recover-20250324/UBNA_024/20250323_163000.WAV,recover-20250324,UBNA_024,Foliage
LF,19200.0,2.221709662496915,299.7545,299.7787,17734.0,20624.0,Nyctalus noctula,0.289,0.374,-1,Echolocation,192000.0,/mnt/ubna_data_05/recover-20250324/UBNA_024/20250323_163000.WAV,recover-20250324,UBNA_024,Foliage
LF,29760.0,4.478645555272942,17.4155,17.4356,28906.0,32548.0,Nyctalus leisleri,0.168,0.263,-1,Echolocation,192000.0,/mnt/ubna_data_05/recover-20250324/UBNA_024/20250323_165000.WAV,recover-20250324,UBNA_024,Foliage
LF,22080.0,5.74693745809899,17.6415,17.6624,21171.0,25426.0,Nyctalus noctula,0.155,0.335,-1,Echolocation,192000.0,/mnt/ubna_data_05/recover-20250324/UBNA_024/20250323_165000.WAV,recover-20250324,UBNA_024,Foliage
LF,20160.0,13.368192017905569,18.0895,18.1132,19453.0,22086.0,Nyctalus noctula,0.17,0.353,-1,Echolocation,192000.0,/mnt/ubna_data_05/recover-20250324/UBNA_024/20250323_165000.WAV,recover-20250324,UBNA_024,Foliage
LF,18240.0,3.660206500183044,18.2315,18.2566,17734.0,20520.0,Nyctalus noctula,0.208,0.282,-1,Echolocation,192000.0,/mnt/ubna_data_05/recover-20250324/UBNA_024/20250323_165000.WAV,recover-20250324,UBNA_024,Foliage
LF,19200.0,3.664610959504377,18.8385,18.869,17734.0,20605.0,Nyctalus noctula,0.157,0.212,-1,Echolocation,192000.0,/mnt/ubna_data_05/recover-20250324/UBNA_024/20250323_165000.WAV,recover-20250324,UBNA_024,Foliage
LF,24960.0,2.979585372266786,22.0715,22.0847,22890.0,28992.0,Nyctalus leisleri,0.152,0.329,-1,Echolocation,192000.0,/mnt/ubna_data_05/recover-20250324/UBNA_024/20250323_165000.WAV,recover-20250324,UBNA_024,Foliage
LF,18240.0,4.5478780566353745,22.5885,22.6119,16875.0,19758.0,Nyctalus noctula,0.212,0.33,-1,Echolocation,192000.0,/mnt/ubna_data_05/recover-20250324/UBNA_024/20250323_165000.WAV,recover-20250324,UBNA_024,Foliage
LF,28800.0,-0.24400871774289884,22.8665,22.8821,28046.0,31534.0,Nyctalus leisleri,0.12,0.211,-1,Echolocation,192000.0,/mnt/ubna_data_05/recover-20250324/UBNA_024/20250323_165000.WAV,recover-20250324,UBNA_024,Foliage
LF,19200.0,0.5989077713134608,106.2015,106.2285,17734.0,19815.0,Nyctalus noctula,0.14,0.202,-1,Echolocation,192000.0,/mnt/ubna_data_05/recover-20250324/UBNA_024/20250323_165000.WAV,recover-20250324,UBNA_024,Foliage
LF,21120.0,4.428302108780648,224.5865,224.6126,20312.0,24383.0,Nyctalus noctula,0.13,0.25,-1,Echolocation,192000.0,/mnt/ubna_data_05/recover-20250324/UBNA_024/20250323_165000.WAV,recover-20250324,UBNA_024,Foliage
LF,21120.0,5.823277303929672,224.7235,224.749,20312.0,23524.0,Nyctalus noctula,0.166,0.258,-1,Echolocation,192000.0,/mnt/ubna_data_05/recover-20250324/UBNA_024/20250323_165000.WAV,recover-20250324,UBNA_024,Foliage
LF,21120.0,5.236054470075308,239.0385,239.0635,20312.0,22817.0,Nyctalus leisleri,0.13,0.218,-1,Echolocation,192000.0,/mnt/ubna_data_05/recover-20250324/UBNA_024/20250323_165000.WAV,recover-20250324,UBNA_024,Foliage
LF,21120.0,5.928529039911865,257.5935,257.61469999999997,21171.0,23657.0,Nyctalus leisleri,0.279,0.299,-1,Echolocation,192000.0,/mnt/ubna_data_05/recover-20250324/UBNA_024/20250323_165000.WAV,recover-20250324,UBNA_024,Foliage
LF,21120.0,6.7429223728926715,257.7385,257.7587,21171.0,24265.0,Nyctalus leisleri,0.34,0.359,-1,Echolocation,192000.0,/mnt/ubna_data_05/recover-20250324/UBNA_024/20250323_165000.WAV,recover-20250324,UBNA_024,Foliage
LF,21120.0,5.238986922481446,258.1485,258.174,19453.0,22153.0,Nyctalus noctula,0.136,0.203,-1,Echolocation,192000.0,/mnt/ubna_data_05/recover-20250324/UBNA_024/20250323_165000.WAV,recover-20250324,UBNA_024,Foliage
LF,21120.0,8.072021756122808,265.0275,265.0523,20312.0,22953.0,Nyctalus leisleri,0.22,0.25,-1,Echolocation,192000.0,/mnt/ubna_data_05/recover-20250324/UBNA_024/20250323_165000.WAV,recover-20250324,UBNA_024,Foliage
LF,21120.0,9.152258470026766,265.1685,265.1921,20312.0,23051.0,Nyctalus leisleri,0.23,0.249,-1,Echolocation,192000.0,/mnt/ubna_data_05/recover-20250324/UBNA_024/20250323_165000.WAV,recover-20250324,UBNA_024,Foliage
LF,21120.0,8.70900208492298,270.5455,270.5699,20312.0,23114.0,Nyctalus leisleri,0.211,0.279,-1,Echolocation,192000.0,/mnt/ubna_data_05/recover-20250324/UBNA_024/20250323_165000.WAV,recover-20250324,UBNA_024,Foliage
LF,21120.0,4.463427768970293,270.6895,270.7125,20312.0,23446.0,Nyctalus leisleri,0.21,0.283,-1,Echolocation,192000.0,/mnt/ubna_data_05/recover-20250324/UBNA_024/20250323_165000.WAV,recover-20250324,UBNA_024,Foliage
LF,21120.0,3.6924432089943204,270.9705,270.9915,20312.0,23791.0,Nyctalus leisleri,0.148,0.305,-1,Echolocation,192000.0,/mnt/ubna_data_05/recover-20250324/UBNA_024/20250323_165000.WAV,recover-20250324,UBNA_024,Foliage
LF,26880.0,2.103653246792866,264.1645,264.1687,24609.0,42330.0,Plecotus austriacus,0.142,0.235,-1,Echolocation,192000.0,/mnt/ubna_data_05/recover-20250324/UBNA_024/20250323_170000.WAV,recover-20250324,UBNA_024,Foliage
LF,17280.0,0.7647374859433707,13.0855,13.109,16875.0,19691.0,Nyctalus noctula,0.14,0.239,-1,Echolocation,192000.0,/mnt/ubna_data_05/recover-20250324/UBNA_024/20250323_171000.WAV,recover-20250324,UBNA_024,Foliage
LF,17280.0,7.267923813056898,19.1995,19.222,16875.0,20656.0,Nyctalus noctula,0.371,0.473,-1,Echolocation,192000.0,/mnt/ubna_data_05/recover-20250324/UBNA_024/20250323_171000.WAV,recover-20250324,UBNA_024,Foliage
LF,16320.0,5.2836445815620205,68.26050000000001,68.2792,15156.0,18434.0,Nyctalus leisleri,0.243,0.289,-1,Echolocation,192000.0,/mnt/ubna_data_05/recover-20250324/UBNA_024/20250323_174000.WAV,recover-20250324,UBNA_024,Foliage
LF,17280.0,5.396582890667865,127.8935,127.9125,16015.0,18584.0,Nyctalus noctula,0.178,0.283,-1,Echolocation,192000.0,/mnt/ubna_data_05/recover-20250324/UBNA_024/20250323_174000.WAV,recover-20250324,UBNA_024,Foliage
LF,17280.0,4.903616206126268,141.5745,141.6003,16875.0,20028.0,Nyctalus noctula,0.178,0.233,-1,Echolocation,192000.0,/mnt/ubna_data_05/recover-20250324/UBNA_024/20250323_174000.WAV,recover-20250324,UBNA_024,Foliage
LF,18240.0,5.627285221179922,151.0625,151.0837,16875.0,20434.0,Nyctalus noctula,0.229,0.366,-1,Echolocation,192000.0,/mnt/ubna_data_05/recover-20250324/UBNA_024/20250323_174000.WAV,recover-20250324,UBNA_024,Foliage
LF,18240.0,4.741009093881281,156.5215,156.552,16875.0,19936.0,Nyctalus noctula,0.166,0.219,-1,Echolocation,192000.0,/mnt/ubna_data_05/recover-20250324/UBNA_024/20250323_174000.WAV,recover-20250324,UBNA_024,Foliage
LF,27840.0,0.3516697648150152,237.6505,237.6598,28046.0,36379.0,Eptesicus serotinus,0.188,0.241,-1,Echolocation,192000.0,/mnt/ubna_data_05/recover-20250324/UBNA_024/20250323_174000.WAV,recover-20250324,UBNA_024,Foliage
LF,19200.0,2.5825335999859584,87.0835,87.1123,17734.0,20540.0,Nyctalus noctula,0.183,0.249,-1,Echolocation,192000.0,/mnt/ubna_data_05/recover-20250324/UBNA_024/20250323_175000.WAV,recover-20250324,UBNA_024,Foliage
LF,16320.0,2.8475861383549574,103.3185,103.3393,15156.0,17816.0,Nyctalus leisleri,0.151,0.21,-1,Echolocation,192000.0,/mnt/ubna_data_05/recover-20250324/UBNA_024/20250323_175000.WAV,recover-20250324,UBNA_024,Foliage
LF,17280.0,3.69314624102427,103.7345,103.7593,16015.0,19382.0,Nyctalus noctula,0.11,0.209,-1,Echolocation,192000.0,/mnt/ubna_data_05/recover-20250324/UBNA_024/20250323_175000.WAV,recover-20250324,UBNA_024,Foliage
LF,17280.0,2.8415352941745264,108.3125,108.3315,15156.0,18999.0,Nyctalus leisleri,0.17,0.269,-1,Echolocation,192000.0,/mnt/ubna_data_05/recover-20250324/UBNA_024/20250323_175000.WAV,recover-20250324,UBNA_024,Foliage
LF,16320.0,0.8057922836165642,108.73949999999999,108.76050000000001,15156.0,18765.0,Nyctalus noctula,0.111,0.223,-1,Echolocation,192000.0,/mnt/ubna_data_05/recover-20250324/UBNA_024/20250323_175000.WAV,recover-20250324,UBNA_024,Foliage
LF,17280.0,4.950589744622321,125.1715,125.1957,16015.0,20506.0,Nyctalus noctula,0.265,0.422,-1,Echolocation,192000.0,/mnt/ubna_data_05/recover-20250324/UBNA_024/20250323_175000.WAV,recover-20250324,UBNA_024,Foliage
LF,17280.0,2.7570930641729645,138.2165,138.2412,16875.0,19877.0,Nyctalus noctula,0.155,0.283,-1,Echolocation,192000.0,/mnt/ubna_data_05/recover-20250324/UBNA_024/20250323_175000.WAV,recover-20250324,UBNA_024,Foliage
LF,18240.0,5.538069605901441,157.7925,157.8209,18593.0,21180.0,Nyctalus noctula,0.196,0.262,-1,Echolocation,192000.0,/mnt/ubna_data_05/recover-20250324/UBNA_024/20250323_175000.WAV,recover-20250324,UBNA_024,Foliage
LF,18240.0,6.3766159088881995,157.7995,157.8256,18593.0,20981.0,Nyctalus noctula,0.187,0.257,-1,Echolocation,192000.0,/mnt/ubna_data_05/recover-20250324/UBNA_024/20250323_175000.WAV,recover-20250324,UBNA_024,Foliage
LF,19200.0,5.092717305933578,164.2525,164.2804,17734.0,20492.0,Nyctalus noctula,0.27,0.344,-1,Echolocation,192000.0,/mnt/ubna_data_05/recover-20250324/UBNA_024/20250323_175000.WAV,recover-20250324,UBNA_024,Foliage
LF,19200.0,6.68791581189155,164.5605,164.5876,16875.0,19700.0,Nyctalus noctula,0.179,0.256,-1,Echolocation,192000.0,/mnt/ubna_data_05/recover-20250324/UBNA_024/20250323_175000.WAV,recover-20250324,UBNA_024,Foliage
LF,19200.0,3.828141570871128,172.4995,172.5288,17734.0,20338.0,Nyctalus noctula,0.221,0.283,-1,Echolocation,192000.0,/mnt/ubna_data_05/recover-20250324/UBNA_024/20250323_175000.WAV,recover-20250324,UBNA_024,Foliage
LF,17280.0,2.915183445762632,190.0235,190.0486,16015.0,19806.0,Nyctalus noctula,0.171,0.242,-1,Echolocation,192000.0,/mnt/ubna_data_05/recover-20250324/UBNA_024/20250323_175000.WAV,recover-20250324,UBNA_024,Foliage
LF,18240.0,0.8395454552002223,194.0585,194.08,17734.0,20596.0,Nyctalus noctula,0.15,0.221,-1,Echolocation,192000.0,/mnt/ubna_data_05/recover-20250324/UBNA_024/20250323_175000.WAV,recover-20250324,UBNA_024,Foliage
LF,23040.0,1.2021716116267522,208.0915,208.10660000000001,22890.0,26414.0,Nyctalus leisleri,0.136,0.244,-1,Echolocation,192000.0,/mnt/ubna_data_05/recover-20250324/UBNA_024/20250323_175000.WAV,recover-20250324,UBNA_024,Foliage
LF,21120.0,9.74806382990528,142.4835,142.5104,19453.0,21603.0,Nyctalus leisleri,0.132,0.255,-1,Echolocation,192000.0,/mnt/ubna_data_05/recover-20250324/UBNA_024/20250323_180000.WAV,recover-20250324,UBNA_024,Foliage
LF,20160.0,9.129619260754623,148.0815,148.108,19453.0,21791.0,Nyctalus leisleri,0.123,0.226,-1,Echolocation,192000.0,/mnt/ubna_data_05/recover-20250324/UBNA_024/20250323_180000.WAV,recover-20250324,UBNA_024,Foliage
LF,21120.0,5.479004248246655,233.10750000000002,233.1301,19453.0,22306.0,Nyctalus noctula,0.127,0.222,-1,Echolocation,192000.0,/mnt/ubna_data_05/recover-20250324/UBNA_024/20250323_180000.WAV,recover-20250324,UBNA_024,Foliage
LF,25920.0,0.8718454926830382,104.2315,104.2435,24609.0,29853.0,Eptesicus serotinus,0.081,0.2,-1,Echolocation,192000.0,/mnt/ubna_data_05/recover-20250324/UBNA_024/20250323_181000.WAV,recover-20250324,UBNA_024,Foliage
LF,28800.0,0.31914450920073334,127.6985,127.7092,27187.0,33389.0,Eptesicus serotinus,0.144,0.275,-1,Echolocation,192000.0,/mnt/ubna_data_05/recover-20250324/UBNA_024/20250323_184000.WAV,recover-20250324,UBNA_024,Foliage
LF,22080.0,7.1451823810425505,187.5085,187.5283,21171.0,23296.0,Nyctalus leisleri,0.349,0.405,-1,Echolocation,192000.0,/mnt/ubna_data_05/recover-20250324/UBNA_024/20250323_185000.WAV,recover-20250324,UBNA_024,Foliage
LF,23040.0,2.2205816400106864,99.4015,99.4186,21171.0,25998.0,Nyctalus noctula,0.109,0.202,-1,Echolocation,192000.0,/mnt/ubna_data_05/recover-20250324/UBNA_024/20250323_190000.WAV,recover-20250324,UBNA_024,Foliage
LF,19200.0,2.4947876283712334,259.6985,259.7211,17734.0,20797.0,Nyctalus noctula,0.21,0.294,-1,Echolocation,192000.0,/mnt/ubna_data_05/recover-20250324/UBNA_024/20250323_190000.WAV,recover-20250324,UBNA_024,Foliage
LF,18240.0,16.766245727840488,260.4665,260.4873,16875.0,20106.0,Nyctalus noctula,0.161,0.239,-1,Echolocation,192000.0,/mnt/ubna_data_05/recover-20250324/UBNA_024/20250323_190000.WAV,recover-20250324,UBNA_024,Foliage
LF,27840.0,2.9190317461482524,263.7585,263.771,27187.0,30950.0,Nyctalus leisleri,0.146,0.275,-1,Echolocation,192000.0,/mnt/ubna_data_05/recover-20250324/UBNA_024/20250323_190000.WAV,recover-20250324,UBNA_024,Foliage
LF,19200.0,5.74478204778043,264.8825,264.8976,18593.0,23131.0,Nyctalus noctula,0.293,0.406,-1,Echolocation,192000.0,/mnt/ubna_data_05/recover-20250324/UBNA_024/20250323_190000.WAV,recover-20250324,UBNA_024,Foliage
LF,23040.0,1.134325230625534,279.8425,279.8534,23750.0,30095.0,Eptesicus serotinus,0.116,0.232,-1,Echolocation,192000.0,/mnt/ubna_data_05/recover-20250324/UBNA_024/20250323_190000.WAV,recover-20250324,UBNA_024,Foliage
LF,16320.0,3.749281010114492,234.5795,234.5979,11718.0,17756.0,Nyctalus leisleri,0.235,0.362,-1,Echolocation,192000.0,/mnt/ubna_data_05/recover-20250324/UBNA_024/20250323_191000.WAV,recover-20250324,UBNA_024,Foliage
LF,20160.0,5.259454839634791,258.7625,258.7849,20312.0,24102.0,Nyctalus noctula,0.244,0.338,-1,Echolocation,192000.0,/mnt/ubna_data_05/recover-20250324/UBNA_024/20250323_191000.WAV,recover-20250324,UBNA_024,Foliage
LF,20160.0,2.2186985115737574,258.8325,258.8522,19453.0,21878.0,Nyctalus noctula,0.125,0.239,-1,Echolocation,192000.0,/mnt/ubna_data_05/recover-20250324/UBNA_024/20250323_191000.WAV,recover-20250324,UBNA_024,Foliage
LF,23040.0,0.861137349717598,118.1725,118.1882,22031.0,26347.0,Nyctalus noctula,0.102,0.209,-1,Echolocation,192000.0,/mnt/ubna_data_05/recover-20250324/UBNA_024/20250323_193000.WAV,recover-20250324,UBNA_024,Foliage
LF,19200.0,2.054011991025945,179.2575,179.2821,18593.0,21282.0,Nyctalus noctula,0.275,0.363,-1,Echolocation,192000.0,/mnt/ubna_data_05/recover-20250324/UBNA_024/20250323_194000.WAV,recover-20250324,UBNA_024,Foliage
LF,27840.0,3.628057636402604,117.0125,117.0181,22890.0,35188.0,Plecotus austriacus,0.12,0.245,-1,Echolocation,192000.0,/mnt/ubna_data_05/recover-20250324/UBNA_024/20250323_195000.WAV,recover-20250324,UBNA_024,Foliage
LF,22080.0,0.426074962262476,10.6745,10.6927,22031.0,26445.0,Nyctalus noctula,0.107,0.234,-1,Echolocation,192000.0,/mnt/ubna_data_05/recover-20250324/UBNA_024/20250323_200000.WAV,recover-20250324,UBNA_024,Foliage
LF,18240.0,8.546892453685988,208.8315,208.8484,16875.0,21780.0,Nyctalus noctula,0.172,0.202,-1,Echolocation,192000.0,/mnt/ubna_data_05/recover-20250324/UBNA_024/20250323_203000.WAV,recover-20250324,UBNA_024,Foliage
LF,26880.0,2.989045745900387,97.5985,97.6086,25468.0,31460.0,Nyctalus leisleri,0.165,0.359,-1,Echolocation,192000.0,/mnt/ubna_data_05/recover-20250324/UBNA_024/20250323_204000.WAV,recover-20250324,UBNA_024,Foliage
LF,26880.0,3.5128927808126442,201.3735,201.3818,23750.0,31959.0,Eptesicus serotinus,0.155,0.325,-1,Echolocation,192000.0,/mnt/ubna_data_05/recover-20250324/UBNA_024/20250323_204000.WAV,recover-20250324,UBNA_024,Foliage
LF,22080.0,0.21198379974282633,46.0045,46.0231,22031.0,25441.0,Nyctalus noctula,0.11,0.224,-1,Echolocation,192000.0,/mnt/ubna_data_05/recover-20250324/UBNA_024/20250323_205000.WAV,recover-20250324,UBNA_024,Foliage
LF,29760.0,0.36493934978835413,244.6935,244.6998,30625.0,38478.0,Barbastellus barbastellus,0.122,0.239,-1,Echolocation,192000.0,/mnt/ubna_data_05/recover-20250324/UBNA_024/20250323_213000.WAV,recover-20250324,UBNA_024,Foliage
LF,27840.0,-1.7188937364851573,18.2915,18.2956,24609.0,45727.0,Plecotus auritus,0.167,0.241,-1,Echolocation,192000.0,/mnt/ubna_data_05/recover-20250324/UBNA_024/20250323_214000.WAV,recover-20250324,UBNA_024,Foliage
LF,21120.0,8.005049830534155,58.5445,58.574200000000005,19453.0,22004.0,Nyctalus noctula,0.149,0.203,-1,Echolocation,192000.0,/mnt/ubna_data_05/recover-20250324/UBNA_024/20250323_221000.WAV,recover-20250324,UBNA_024,Foliage
LF,22080.0,8.167102159124562,58.7185,58.7462,21171.0,23700.0,Nyctalus leisleri,0.217,0.233,-1,Echolocation,192000.0,/mnt/ubna_data_05/recover-20250324/UBNA_024/20250323_221000.WAV,recover-20250324,UBNA_024,Foliage
LF,25920.0,0.2101050466673625,115.6465,115.65729999999999,24609.0,29936.0,Eptesicus serotinus,0.136,0.272,-1,Echolocation,192000.0,/mnt/ubna_data_05/recover-20250324/UBNA_024/20250323_224000.WAV,recover-20250324,UBNA_024,Foliage
LF,21120.0,1.5060306303989859,253.0695,253.0902,21171.0,24297.0,Nyctalus leisleri,0.12,0.255,-1,Echolocation,192000.0,/mnt/ubna_data_05/recover-20250324/UBNA_024/20250323_224000.WAV,recover-20250324,UBNA_024,Foliage
LF,25920.0,4.0867420586192695,287.7445,287.7523,23750.0,31806.0,Eptesicus serotinus,0.066,0.205,-1,Echolocation,192000.0,/mnt/ubna_data_05/recover-20250324/UBNA_024/20250323_225000.WAV,recover-20250324,UBNA_024,Foliage
LF,20160.0,13.855122613437592,273.2085,273.2138,15156.0,40987.0,Plecotus auritus,0.198,0.267,-1,Echolocation,192000.0,/mnt/ubna_data_05/recover-20250324/UBNA_024/20250323_230000.WAV,recover-20250324,UBNA_024,Foliage
LF,27840.0,1.147683680259405,24.5495,24.5593,27187.0,34437.0,Eptesicus serotinus,0.127,0.201,-1,Echolocation,192000.0,/mnt/ubna_data_05/recover-20250324/UBNA_024/20250323_232000.WAV,recover-20250324,UBNA_024,Foliage
LF,26880.0,0.9492344825593958,84.8185,84.8315,26328.0,31552.0,Eptesicus serotinus,0.128,0.228,-1,Echolocation,192000.0,/mnt/ubna_data_05/recover-20250324/UBNA_024/20250323_232000.WAV,recover-20250324,UBNA_024,Foliage
LF,22080.0,-0.03267250373394304,147.8155,147.8347,21171.0,24611.0,Nyctalus noctula,0.11,0.226,-1,Echolocation,192000.0,/mnt/ubna_data_05/recover-20250324/UBNA_024/20250323_232000.WAV,recover-20250324,UBNA_024,Foliage
LF,26880.0,0.5602919973637677,8.7455,8.7564,26328.0,34632.0,Eptesicus serotinus,0.108,0.218,-1,Echolocation,192000.0,/mnt/ubna_data_05/recover-20250324/UBNA_024/20250323_233000.WAV,recover-20250324,UBNA_024,Foliage
LF,21120.0,0.9505168621230593,35.5485,35.5689,20312.0,23405.0,Nyctalus noctula,0.108,0.211,-1,Echolocation,192000.0,/mnt/ubna_data_05/recover-20250324/UBNA_024/20250323_234000.WAV,recover-20250324,UBNA_024,Foliage
HF,39360.0,3.0901768210119807,155.9835,155.9865,29765.0,57141.0,Myotis nattereri,0.192,0.251,-1,Echolocation,192000.0,/mnt/ubna_data_05/recover-20250324/UBNA_024/20250323_234000.WAV,recover-20250324,UBNA_024,Foliage
HF,43200.0,1.547677387704636,257.0265,257.0297,28046.0,61204.0,Myotis nattereri,0.213,0.238,-1,Echolocation,192000.0,/mnt/ubna_data_05/recover-20250324/UBNA_024/20250323_234000.WAV,recover-20250324,UBNA_024,Foliage
HF,43200.0,2.212457391475732,257.8165,257.8201,33203.0,58632.0,Myotis nattereri,0.175,0.205,-1,Echolocation,192000.0,/mnt/ubna_data_05/recover-20250324/UBNA_024/20250323_234000.WAV,recover-20250324,UBNA_024,Foliage
HF,43200.0,1.7770058680466652,257.8825,257.886,34062.0,62869.0,Myotis nattereri,0.217,0.247,-1,Echolocation,192000.0,/mnt/ubna_data_05/recover-20250324/UBNA_024/20250323_234000.WAV,recover-20250324,UBNA_024,Foliage
HF,41280.0,6.629387580683778,268.0035,268.0066,33203.0,68975.0,Myotis nattereri,0.23,0.276,-1,Echolocation,192000.0,/mnt/ubna_data_05/recover-20250324/UBNA_024/20250323_234000.WAV,recover-20250324,UBNA_024,Foliage
HF,37440.0,3.4844832071417424,269.0935,269.0972,32343.0,66058.0,Myotis nattereri,0.191,0.221,-1,Echolocation,192000.0,/mnt/ubna_data_05/recover-20250324/UBNA_024/20250323_234000.WAV,recover-20250324,UBNA_024,Foliage
HF,41280.0,1.3510876518358117,269.5255,269.5288,25468.0,70397.0,Myotis nattereri,0.188,0.207,-1,Echolocation,192000.0,/mnt/ubna_data_05/recover-20250324/UBNA_024/20250323_234000.WAV,recover-20250324,UBNA_024,Foliage
HF,42240.0,2.0562906850680243,281.3445,281.3483,32343.0,54642.0,Myotis nattereri,0.169,0.259,-1,Echolocation,192000.0,/mnt/ubna_data_05/recover-20250324/UBNA_024/20250323_234000.WAV,recover-20250324,UBNA_024,Foliage
HF,38400.0,3.545287197534029,283.08050000000003,283.0838,28046.0,60644.0,Myotis nattereri,0.182,0.218,-1,Echolocation,192000.0,/mnt/ubna_data_05/recover-20250324/UBNA_024/20250323_234000.WAV,recover-20250324,UBNA_024,Foliage
HF,43200.0,2.837583541785218,283.6405,283.6438,33203.0,57724.0,Myotis nattereri,0.189,0.258,-1,Echolocation,192000.0,/mnt/ubna_data_05/recover-20250324/UBNA_024/20250323_234000.WAV,recover-20250324,UBNA_024,Foliage
HF,38400.0,2.6978044677542594,294.2675,294.2709,33203.0,60282.0,Myotis nattereri,0.178,0.217,-1,Echolocation,192000.0,/mnt/ubna_data_05/recover-20250324/UBNA_024/20250323_234000.WAV,recover-20250324,UBNA_024,Foliage
HF,42240.0,2.9338272983116793,294.3875,294.3914,24609.0,69820.0,Myotis nattereri,0.249,0.268,-1,Echolocation,192000.0,/mnt/ubna_data_05/recover-20250324/UBNA_024/20250323_234000.WAV,recover-20250324,UBNA_024,Foliage
HF,45120.0,1.6400628727575115,294.52049999999997,294.5237,29765.0,60350.0,Myotis nattereri,0.2,0.243,-1,Echolocation,192000.0,/mnt/ubna_data_05/recover-20250324/UBNA_024/20250323_234000.WAV,recover-20250324,UBNA_024,Foliage
HF,43200.0,2.24642547270299,295.0285,295.0321,33203.0,66115.0,Myotis nattereri,0.186,0.219,-1,Echolocation,192000.0,/mnt/ubna_data_05/recover-20250324/UBNA_024/20250323_234000.WAV,recover-20250324,UBNA_024,Foliage
HF,44160.0,4.349930775629206,297.0085,297.0115,29765.0,60365.0,Myotis nattereri,0.178,0.219,-1,Echolocation,192000.0,/mnt/ubna_data_05/recover-20250324/UBNA_024/20250323_234000.WAV,recover-20250324,UBNA_024,Foliage
HF,42240.0,3.257601757135959,60.1405,60.1445,23750.0,61448.0,Myotis nattereri,0.204,0.218,-1,Echolocation,192000.0,/mnt/ubna_data_05/recover-20250324/UBNA_024/20250323_235000.WAV,recover-20250324,UBNA_024,Foliage
HF,41280.0,2.9673823234788155,63.7995,63.8031,24609.0,63562.0,Myotis nattereri,0.198,0.214,-1,Echolocation,192000.0,/mnt/ubna_data_05/recover-20250324/UBNA_024/20250323_235000.WAV,recover-20250324,UBNA_024,Foliage
LF,27840.0,-0.0461716750224184,67.5325,67.5422,25468.0,33543.0,Eptesicus serotinus,0.105,0.213,-1,Echolocation,192000.0,/mnt/ubna_data_05/recover-20250324/UBNA_024/20250323_235000.WAV,recover-20250324,UBNA_024,Foliage
HF,37440.0,3.03109288486299,75.8465,75.8499,34062.0,52772.0,Myotis nattereri,0.11,0.234,-1,Echolocation,192000.0,/mnt/ubna_data_05/recover-20250324/UBNA_024/20250323_235000.WAV,recover-20250324,UBNA_024,Foliage
HF,43200.0,2.934634107259189,79.3165,79.3204,25468.0,52414.0,Myotis nattereri,0.16,0.207,-1,Echolocation,192000.0,/mnt/ubna_data_05/recover-20250324/UBNA_024/20250323_235000.WAV,recover-20250324,UBNA_024,Foliage
LF,23040.0,2.9290141705414943,79.4805,79.4941,22890.0,27257.0,Nyctalus leisleri,0.09,0.213,-1,Echolocation,192000.0,/mnt/ubna_data_05/recover-20250324/UBNA_024/20250323_235000.WAV,recover-20250324,UBNA_024,Foliage
HF,42240.0,2.970152194225278,117.2975,117.3011,33203.0,62690.0,Myotis nattereri,0.152,0.203,-1,Echolocation,192000.0,/mnt/ubna_data_05/recover-20250324/UBNA_024/20250323_235000.WAV,recover-20250324,UBNA_024,Foliage
HF,41280.0,1.7478249083071815,296.3945,296.3978,33203.0,58622.0,Myotis nattereri,0.168,0.235,-1,Echolocation,192000.0,/mnt/ubna_data_05/recover-20250324/UBNA_024/20250323_235000.WAV,recover-20250324,UBNA_024,Foliage
HF,37440.0,3.5864998247470665,298.5695,298.5733,34062.0,63391.0,Myotis nattereri,0.151,0.214,-1,Echolocation,192000.0,/mnt/ubna_data_05/recover-20250324/UBNA_024/20250323_235000.WAV,recover-20250324,UBNA_024,Foliage
HF,43200.0,0.6405082610424612,71.2165,71.2313,42656.0,46427.0,Pipistrellus pipistrellus,0.212,0.248,-1,Echolocation,192000.0,/mnt/ubna_data_05/recover-20250324/UBNA_024/20250324_000000.WAV,recover-20250324,UBNA_024,Foliage
HF,45120.0,3.621688395352278,72.1045,72.108,33203.0,56654.0,Myotis nattereri,0.173,0.225,-1,Echolocation,192000.0,/mnt/ubna_data_05/recover-20250324/UBNA_024/20250324_000000.WAV,recover-20250324,UBNA_024,Foliage
HF,46080.0,2.813762181981811,72.3935,72.3969,32343.0,58605.0,Myotis nattereri,0.211,0.279,-1,Echolocation,192000.0,/mnt/ubna_data_05/recover-20250324/UBNA_024/20250324_000000.WAV,recover-20250324,UBNA_024,Foliage
HF,42240.0,3.6613424989597587,72.6155,72.6188,27187.0,58356.0,Myotis nattereri,0.231,0.278,-1,Echolocation,192000.0,/mnt/ubna_data_05/recover-20250324/UBNA_024/20250324_000000.WAV,recover-20250324,UBNA_024,Foliage
HF,38400.0,1.6632705188063728,73.9265,73.93,27187.0,56351.0,Myotis nattereri,0.167,0.231,-1,Echolocation,192000.0,/mnt/ubna_data_05/recover-20250324/UBNA_024/20250324_000000.WAV,recover-20250324,UBNA_024,Foliage
HF,45120.0,1.849814092372949,77.6445,77.64789999999999,34062.0,62631.0,Myotis nattereri,0.19,0.222,-1,Echolocation,192000.0,/mnt/ubna_data_05/recover-20250324/UBNA_024/20250324_000000.WAV,recover-20250324,UBNA_024,Foliage
HF,44160.0,4.118454112771338,78.0125,78.0155,34062.0,60521.0,Myotis nattereri,0.259,0.379,-1,Echolocation,192000.0,/mnt/ubna_data_05/recover-20250324/UBNA_024/20250324_000000.WAV,recover-20250324,UBNA_024,Foliage
HF,43200.0,3.881525231737128,78.3185,78.32169999999999,26328.0,62235.0,Myotis nattereri,0.184,0.212,-1,Echolocation,192000.0,/mnt/ubna_data_05/recover-20250324/UBNA_024/20250324_000000.WAV,recover-20250324,UBNA_024,Foliage
LF,28800.0,4.426370833308164,105.9095,105.9143,23750.0,37873.0,Plecotus austriacus,0.169,0.219,-1,Echolocation,192000.0,/mnt/ubna_data_05/recover-20250324/UBNA_024/20250324_000000.WAV,recover-20250324,UBNA_024,Foliage
LF,23040.0,0.6560061131128548,118.7595,118.7632,23750.0,41877.0,Plecotus austriacus,0.112,0.205,-1,Echolocation,192000.0,/mnt/ubna_data_05/recover-20250324/UBNA_024/20250324_000000.WAV,recover-20250324,UBNA_024,Foliage
LF,25920.0,0.5962732272606139,118.9115,118.9149,23750.0,40664.0,Plecotus austriacus,0.14,0.221,-1,Echolocation,192000.0,/mnt/ubna_data_05/recover-20250324/UBNA_024/20250324_000000.WAV,recover-20250324,UBNA_024,Foliage
LF,23040.0,2.6362822410845164,198.3705,198.3825,23750.0,28621.0,Nyctalus leisleri,0.114,0.285,-1,Echolocation,192000.0,/mnt/ubna_data_05/recover-20250324/UBNA_024/20250324_000000.WAV,recover-20250324,UBNA_024,Foliage
LF,28800.0,0.19922884674939997,97.2085,97.2196,27187.0,33379.0,Eptesicus serotinus,0.144,0.25,-1,Echolocation,192000.0,/mnt/ubna_data_05/recover-20250324/UBNA_024/20250324_001000.WAV,recover-20250324,UBNA_024,Foliage
LF,24960.0,5.108501481221844,246.5505,246.5556,22890.0,34678.0,Plecotus austriacus,0.334,0.397,-1,Echolocation,192000.0,/mnt/ubna_data_05/recover-20250324/UBNA_024/20250324_001000.WAV,recover-20250324,UBNA_024,Foliage
LF,29760.0,2.0781628840056583,136.8415,136.8496,27187.0,35214.0,Eptesicus serotinus,0.179,0.34,-1,Echolocation,192000.0,/mnt/ubna_data_05/recover-20250324/UBNA_024/20250324_002000.WAV,recover-20250324,UBNA_024,Foliage
LF,22080.0,1.7871349596841035,187.6285,187.6483,21171.0,24833.0,Nyctalus noctula,0.123,0.224,-1,Echolocation,192000.0,/mnt/ubna_data_05/recover-20250324/UBNA_024/20250324_002000.WAV,recover-20250324,UBNA_024,Foliage
LF,23040.0,1.2621244460138212,246.7925,246.7995,22031.0,33454.0,Plecotus austriacus,0.09,0.2,-1,Echolocation,192000.0,/mnt/ubna_data_05/recover-20250324/UBNA_024/20250324_003000.WAV,recover-20250324,UBNA_024,Foliage
LF,27840.0,-20.243225006273274,70.6345,70.6431,26328.0,37344.0,Eptesicus serotinus,0.178,0.295,-1,Echolocation,192000.0,/mnt/ubna_data_05/recover-20250324/UBNA_024/20250324_004000.WAV,recover-20250324,UBNA_024,Foliage
HF,56640.0,1.3533007314797167,84.6055,84.6157,56406.0,60542.0,Pipistrellus pygmaeus,0.227,0.231,-1,Echolocation,192000.0,/mnt/ubna_data_05/recover-20250324/UBNA_024/20250324_004000.WAV,recover-20250324,UBNA_024,Foliage
LF,20160.0,-0.21430208189034547,199.2925,199.3137,18593.0,21422.0,Nyctalus noctula,0.151,0.22,-1,Echolocation,192000.0,/mnt/ubna_data_05/recover-20250324/UBNA_024/20250324_004000.WAV,recover-20250324,UBNA_024,Foliage
LF,23040.0,-0.010336703319074294,68.0015,68.01859999999999,22890.0,27890.0,Nyctalus leisleri,0.115,0.223,-1,Echolocation,192000.0,/mnt/ubna_data_05/recover-20250324/UBNA_024/20250324_005000.WAV,recover-20250324,UBNA_024,Foliage
LF,16320.0,19.427527382011085,215.3375,215.3465,14296.0,22825.0,Plecotus auritus,0.075,0.207,-1,Echolocation,192000.0,/mnt/ubna_data_05/recover-20250324/UBNA_024/20250324_010000.WAV,recover-20250324,UBNA_024,Foliage
LF,20160.0,4.772748938042685,219.3605,219.3812,19453.0,22876.0,Nyctalus noctula,0.151,0.32,-1,Echolocation,192000.0,/mnt/ubna_data_05/recover-20250324/UBNA_024/20250324_010000.WAV,recover-20250324,UBNA_024,Foliage
LF,21120.0,6.792415544018646,229.3145,229.3374,18593.0,21977.0,Nyctalus noctula,0.213,0.38,-1,Echolocation,192000.0,/mnt/ubna_data_05/recover-20250324/UBNA_024/20250324_010000.WAV,recover-20250324,UBNA_024,Foliage
LF,25920.0,0.021153206402361638,243.9555,243.9592,23750.0,46010.0,Plecotus austriacus,0.114,0.239,-1,Echolocation,192000.0,/mnt/ubna_data_05/recover-20250324/UBNA_024/20250324_012000.WAV,recover-20250324,UBNA_024,Foliage
LF,21120.0,0.3314713445347227,266.6475,266.6685,18593.0,22573.0,Nyctalus noctula,0.182,0.249,-1,Echolocation,192000.0,/mnt/ubna_data_05/recover-20250324/UBNA_024/20250324_012000.WAV,recover-20250324,UBNA_024,Foliage
LF,23040.0,0.9334458446143576,282.0245,282.0398,22890.0,26922.0,Nyctalus leisleri,0.132,0.246,-1,Echolocation,192000.0,/mnt/ubna_data_05/recover-20250324/UBNA_024/20250324_013000.WAV,recover-20250324,UBNA_024,Foliage
LF,29760.0,0.5726355069009683,249.3995,249.4082,28046.0,36538.0,Eptesicus serotinus,0.14,0.209,-1,Echolocation,192000.0,/mnt/ubna_data_05/recover-20250324/UBNA_024/20250324_023000.WAV,recover-20250324,UBNA_024,Foliage
LF,26880.0,0.8231275354718852,207.54149999999998,207.5541,25468.0,30327.0,Eptesicus serotinus,0.096,0.21,-1,Echolocation,192000.0,/mnt/ubna_data_05/recover-20250324/UBNA_024/20250324_024000.WAV,recover-20250324,UBNA_024,Foliage
LF,23040.0,1.0977104273488378,111.7495,111.7632,22890.0,26623.0,Nyctalus leisleri,0.129,0.247,-1,Echolocation,192000.0,/mnt/ubna_data_05/recover-20250324/UBNA_024/20250324_025000.WAV,recover-20250324,UBNA_024,Foliage
HF,48960.0,1.3535071991366379,113.8365,113.84870000000001,47812.0,51820.0,Pipistrellus pipistrellus,0.179,0.211,-1,Echolocation,192000.0,/mnt/ubna_data_05/recover-20250324/UBNA_024/20250324_031000.WAV,recover-20250324,UBNA_024,Foliage
LF,23040.0,3.5674989771553984,223.3165,223.3225,22031.0,36255.0,Plecotus austriacus,0.196,0.245,-1,Echolocation,192000.0,/mnt/ubna_data_05/recover-20250324/UBNA_024/20250324_032000.WAV,recover-20250324,UBNA_024,Foliage
LF,24960.0,0.2131785316287646,257.1775,257.1915,23750.0,28594.0,Nyctalus leisleri,0.113,0.231,-1,Echolocation,192000.0,/mnt/ubna_data_05/recover-20250324/UBNA_024/20250324_032000.WAV,recover-20250324,UBNA_024,Foliage
LF,28800.0,0.9835832722452658,170.1035,170.1154,26328.0,31492.0,Eptesicus serotinus,0.142,0.258,-1,Echolocation,192000.0,/mnt/ubna_data_05/recover-20250324/UBNA_024/20250324_033000.WAV,recover-20250324,UBNA_024,Foliage
LF,25920.0,7.717210645000028,170.64249999999998,170.6533,25468.0,33096.0,Nyctalus leisleri,0.379,0.664,-1,Echolocation,192000.0,/mnt/ubna_data_05/recover-20250324/UBNA_024/20250324_033000.WAV,recover-20250324,UBNA_024,Foliage
LF,25920.0,4.543771456333551,170.9145,170.9251,25468.0,33444.0,Nyctalus leisleri,0.354,0.668,-1,Echolocation,192000.0,/mnt/ubna_data_05/recover-20250324/UBNA_024/20250324_033000.WAV,recover-20250324,UBNA_024,Foliage
LF,25920.0,9.080633630360445,171.3225,171.3329,25468.0,33970.0,Nyctalus leisleri,0.325,0.685,-1,Echolocation,192000.0,/mnt/ubna_data_05/recover-20250324/UBNA_024/20250324_033000.WAV,recover-20250324,UBNA_024,Foliage
LF,25920.0,5.932693692999262,171.5905,171.6016,25468.0,31758.0,Nyctalus leisleri,0.364,0.638,-1,Echolocation,192000.0,/mnt/ubna_data_05/recover-20250324/UBNA_024/20250324_033000.WAV,recover-20250324,UBNA_024,Foliage
LF,24960.0,5.704699582034213,172.0035,172.0173,23750.0,29470.0,Nyctalus leisleri,0.181,0.341,-1,Echolocation,192000.0,/mnt/ubna_data_05/recover-20250324/UBNA_024/20250324_033000.WAV,recover-20250324,UBNA_024,Foliage
LF,26880.0,7.756525696236216,172.2605,172.27100000000002,25468.0,32448.0,Nyctalus leisleri,0.444,0.688,-1,Echolocation,192000.0,/mnt/ubna_data_05/recover-20250324/UBNA_024/20250324_033000.WAV,recover-20250324,UBNA_024,Foliage
LF,27840.0,12.64404313454795,172.6755,172.6878,24609.0,33815.0,Eptesicus serotinus,0.346,0.666,-1,Echolocation,192000.0,/mnt/ubna_data_05/recover-20250324/UBNA_024/20250324_033000.WAV,recover-20250324,UBNA_024,Foliage
LF,25920.0,9.04635929626842,172.9495,172.9605,25468.0,32549.0,Nyctalus leisleri,0.449,0.647,-1,Echolocation,192000.0,/mnt/ubna_data_05/recover-20250324/UBNA_024/20250324_033000.WAV,recover-20250324,UBNA_024,Foliage
LF,25920.0,12.873098292232772,173.2295,173.2409,25468.0,33416.0,Nyctalus leisleri,0.403,0.72,-1,Echolocation,192000.0,/mnt/ubna_data_05/recover-20250324/UBNA_024/20250324_033000.WAV,recover-20250324,UBNA_024,Foliage
LF,24960.0,18.4962706005197,173.5215,173.5345,24609.0,36537.0,Eptesicus serotinus,0.417,0.696,-1,Echolocation,192000.0,/mnt/ubna_data_05/recover-20250324/UBNA_024/20250324_033000.WAV,recover-20250324,UBNA_024,Foliage
LF,26880.0,10.685102876311362,173.8115,173.8229,25468.0,34692.0,Nyctalus leisleri,0.345,0.687,-1,Echolocation,192000.0,/mnt/ubna_data_05/recover-20250324/UBNA_024/20250324_033000.WAV,recover-20250324,UBNA_024,Foliage
LF,25920.0,13.898076374332984,174.0975,174.1095,25468.0,32896.0,Nyctalus leisleri,0.421,0.686,-1,Echolocation,192000.0,/mnt/ubna_data_05/recover-20250324/UBNA_024/20250324_033000.WAV,recover-20250324,UBNA_024,Foliage
LF,27840.0,14.588883585848812,174.3815,174.3933,25468.0,32094.0,Nyctalus leisleri,0.607,0.746,-1,Echolocation,192000.0,/mnt/ubna_data_05/recover-20250324/UBNA_024/20250324_033000.WAV,recover-20250324,UBNA_024,Foliage
LF,26880.0,14.765298691334543,174.6565,174.6689,24609.0,33592.0,Nyctalus leisleri,0.361,0.681,-1,Echolocation,192000.0,/mnt/ubna_data_05/recover-20250324/UBNA_024/20250324_033000.WAV,recover-20250324,UBNA_024,Foliage
LF,24960.0,16.861662516973283,174.9435,174.9571,23750.0,33413.0,Nyctalus leisleri,0.353,0.713,-1,Echolocation,192000.0,/mnt/ubna_data_05/recover-20250324/UBNA_024/20250324_033000.WAV,recover-20250324,UBNA_024,Foliage
LF,25920.0,26.320748785316272,175.3625,175.3766,23750.0,32900.0,Nyctalus leisleri,0.437,0.7,-1,Echolocation,192000.0,/mnt/ubna_data_05/recover-20250324/UBNA_024/20250324_033000.WAV,recover-20250324,UBNA_024,Foliage
LF,26880.0,17.48133835124628,175.6325,175.6453,24609.0,35046.0,Nyctalus leisleri,0.355,0.708,-1,Echolocation,192000.0,/mnt/ubna_data_05/recover-20250324/UBNA_024/20250324_033000.WAV,recover-20250324,UBNA_024,Foliage
LF,26880.0,27.262573412048646,175.9345,175.94729999999998,24609.0,35558.0,Nyctalus leisleri,0.454,0.724,-1,Echolocation,192000.0,/mnt/ubna_data_05/recover-20250324/UBNA_024/20250324_033000.WAV,recover-20250324,UBNA_024,Foliage
LF,25920.0,23.520416589689592,176.2055,176.218,24609.0,32712.0,Nyctalus leisleri,0.542,0.754,-1,Echolocation,192000.0,/mnt/ubna_data_05/recover-20250324/UBNA_024/20250324_033000.WAV,recover-20250324,UBNA_024,Foliage
LF,25920.0,18.150896807856157,176.3775,176.3892,25468.0,34232.0,Nyctalus leisleri,0.383,0.675,-1,Echolocation,192000.0,/mnt/ubna_data_05/recover-20250324/UBNA_024/20250324_033000.WAV,recover-20250324,UBNA_024,Foliage
LF,25920.0,24.853600814243997,176.6485,176.6628,24609.0,34769.0,Eptesicus serotinus,0.348,0.643,-1,Echolocation,192000.0,/mnt/ubna_data_05/recover-20250324/UBNA_024/20250324_033000.WAV,recover-20250324,UBNA_024,Foliage
LF,27840.0,19.027735949607994,176.7745,176.7827,26328.0,40701.0,Nyctalus leisleri,0.402,0.764,-1,Echolocation,192000.0,/mnt/ubna_data_05/recover-20250324/UBNA_024/20250324_033000.WAV,recover-20250324,UBNA_024,Foliage
LF,27840.0,26.038927916189316,176.9295,176.941,25468.0,42321.0,Nyctalus leisleri,0.39,0.741,-1,Echolocation,192000.0,/mnt/ubna_data_05/recover-20250324/UBNA_024/20250324_033000.WAV,recover-20250324,UBNA_024,Foliage
LF,27840.0,26.31259950722324,177.2045,177.2169,25468.0,38860.0,Nyctalus leisleri,0.517,0.74,-1,Echolocation,192000.0,/mnt/ubna_data_05/recover-20250324/UBNA_024/20250324_033000.WAV,recover-20250324,UBNA_024,Foliage
LF,28800.0,18.782982841217148,177.4835,177.4958,25468.0,35255.0,Nyctalus leisleri,0.367,0.65,-1,Echolocation,192000.0,/mnt/ubna_data_05/recover-20250324/UBNA_024/20250324_033000.WAV,recover-20250324,UBNA_024,Foliage
LF,26880.0,23.113557740042324,177.65449999999998,177.66570000000002,25468.0,39279.0,Nyctalus leisleri,0.545,0.777,-1,Echolocation,192000.0,/mnt/ubna_data_05/recover-20250324/UBNA_024/20250324_033000.WAV,recover-20250324,UBNA_024,Foliage
LF,25920.0,24.812900337495755,178.0545,178.0675,24609.0,34222.0,Nyctalus leisleri,0.501,0.75,-1,Echolocation,192000.0,/mnt/ubna_data_05/recover-20250324/UBNA_024/20250324_033000.WAV,recover-20250324,UBNA_024,Foliage
LF,25920.0,30.08590222644809,178.3265,178.3408,24609.0,33416.0,Nyctalus leisleri,0.543,0.773,-1,Echolocation,192000.0,/mnt/ubna_data_05/recover-20250324/UBNA_024/20250324_033000.WAV,recover-20250324,UBNA_024,Foliage
LF,25920.0,21.52895476483325,178.60750000000002,178.6203,24609.0,35040.0,Eptesicus serotinus,0.351,0.722,-1,Echolocation,192000.0,/mnt/ubna_data_05/recover-20250324/UBNA_024/20250324_033000.WAV,recover-20250324,UBNA_024,Foliage
LF,26880.0,20.869521046830016,179.0315,179.0436,24609.0,38248.0,Eptesicus serotinus,0.459,0.706,-1,Echolocation,192000.0,/mnt/ubna_data_05/recover-20250324/UBNA_024/20250324_033000.WAV,recover-20250324,UBNA_024,Foliage
LF,26880.0,18.983826164961656,179.3065,179.3204,24609.0,36884.0,Eptesicus serotinus,0.482,0.667,-1,Echolocation,192000.0,/mnt/ubna_data_05/recover-20250324/UBNA_024/20250324_033000.WAV,recover-20250324,UBNA_024,Foliage
LF,26880.0,14.424743298079157,179.5705,179.5834,25468.0,35694.0,Eptesicus serotinus,0.405,0.595,-1,Echolocation,192000.0,/mnt/ubna_data_05/recover-20250324/UBNA_024/20250324_033000.WAV,recover-20250324,UBNA_024,Foliage
LF,26880.0,18.531661637158276,179.9615,179.9755,24609.0,38323.0,Eptesicus serotinus,0.55,0.668,-1,Echolocation,192000.0,/mnt/ubna_data_05/recover-20250324/UBNA_024/20250324_033000.WAV,recover-20250324,UBNA_024,Foliage
LF,25920.0,27.183352320061402,180.2285,180.239,25468.0,35401.0,Eptesicus serotinus,0.359,0.692,-1,Echolocation,192000.0,/mnt/ubna_data_05/recover-20250324/UBNA_024/20250324_033000.WAV,recover-20250324,UBNA_024,Foliage
LF,25920.0,25.041811200201444,180.4885,180.4997,25468.0,37634.0,Eptesicus serotinus,0.383,0.682,-1,Echolocation,192000.0,/mnt/ubna_data_05/recover-20250324/UBNA_024/20250324_033000.WAV,recover-20250324,UBNA_024,Foliage
LF,25920.0,16.27098783602825,180.7615,180.7736,25468.0,37349.0,Eptesicus serotinus,0.473,0.696,-1,Echolocation,192000.0,/mnt/ubna_data_05/recover-20250324/UBNA_024/20250324_033000.WAV,recover-20250324,UBNA_024,Foliage
LF,25920.0,19.730177031752632,181.0255,181.0386,24609.0,36895.0,Eptesicus serotinus,0.447,0.638,-1,Echolocation,192000.0,/mnt/ubna_data_05/recover-20250324/UBNA_024/20250324_033000.WAV,recover-20250324,UBNA_024,Foliage
LF,26880.0,19.907567744650066,181.2815,181.2924,25468.0,39650.0,Eptesicus serotinus,0.394,0.696,-1,Echolocation,192000.0,/mnt/ubna_data_05/recover-20250324/UBNA_024/20250324_033000.WAV,recover-20250324,UBNA_024,Foliage
LF,28800.0,14.162167048579306,181.3745,181.3816,27187.0,43949.0,Eptesicus serotinus,0.582,0.711,-1,Echolocation,192000.0,/mnt/ubna_data_05/recover-20250324/UBNA_024/20250324_033000.WAV,recover-20250324,UBNA_024,Foliage
LF,27840.0,13.584046324678114,181.4975,181.506,27187.0,46120.0,Eptesicus serotinus,0.537,0.695,-1,Echolocation,192000.0,/mnt/ubna_data_05/recover-20250324/UBNA_024/20250324_033000.WAV,recover-20250324,UBNA_024,Foliage
LF,28800.0,14.29562395039106,181.6565,181.6651,27187.0,38678.0,Eptesicus serotinus,0.45,0.635,-1,Echolocation,192000.0,/mnt/ubna_data_05/recover-20250324/UBNA_024/20250324_033000.WAV,recover-20250324,UBNA_024,Foliage
LF,26880.0,14.77841158798511,181.8055,181.8152,26328.0,43391.0,Eptesicus serotinus,0.614,0.732,-1,Echolocation,192000.0,/mnt/ubna_data_05/recover-20250324/UBNA_024/20250324_033000.WAV,recover-20250324,UBNA_024,Foliage
LF,26880.0,13.379215864248113,181.9405,181.9488,26328.0,37440.0,Eptesicus serotinus,0.454,0.632,-1,Echolocation,192000.0,/mnt/ubna_data_05/recover-20250324/UBNA_024/20250324_033000.WAV,recover-20250324,UBNA_024,Foliage
LF,26880.0,18.305440565614497,182.0855,182.0942,26328.0,39944.0,Eptesicus serotinus,0.439,0.682,-1,Echolocation,192000.0,/mnt/ubna_data_05/recover-20250324/UBNA_024/20250324_033000.WAV,recover-20250324,UBNA_024,Foliage
LF,27840.0,8.957873779526302,182.2315,182.2397,27187.0,41091.0,Eptesicus serotinus,0.619,0.703,-1,Echolocation,192000.0,/mnt/ubna_data_05/recover-20250324/UBNA_024/20250324_033000.WAV,recover-20250324,UBNA_024,Foliage
LF,28800.0,11.93921408184378,182.3835,182.3915,26328.0,42277.0,Eptesicus serotinus,0.565,0.672,-1,Echolocation,192000.0,/mnt/ubna_data_05/recover-20250324/UBNA_024/20250324_033000.WAV,recover-20250324,UBNA_024,Foliage
LF,28800.0,16.592466356532462,182.5075,182.5147,27187.0,45659.0,Eptesicus serotinus,0.611,0.689,-1,Echolocation,192000.0,/mnt/ubna_data_05/recover-20250324/UBNA_024/20250324_033000.WAV,recover-20250324,UBNA_024,Foliage
LF,28800.0,12.673007958900314,182.8095,182.8165,27187.0,39672.0,Eptesicus serotinus,0.51,0.621,-1,Echolocation,192000.0,/mnt/ubna_data_05/recover-20250324/UBNA_024/20250324_033000.WAV,recover-20250324,UBNA_024,Foliage
LF,29760.0,4.062172257036813,182.9025,182.9115,28906.0,37117.0,Eptesicus serotinus,0.293,0.542,-1,Echolocation,192000.0,/mnt/ubna_data_05/recover-20250324/UBNA_024/20250324_033000.WAV,recover-20250324,UBNA_024,Foliage
LF,29760.0,12.243066411195011,182.9825,182.9888,28046.0,44133.0,Eptesicus serotinus,0.604,0.684,-1,Echolocation,192000.0,/mnt/ubna_data_05/recover-20250324/UBNA_024/20250324_033000.WAV,recover-20250324,UBNA_024,Foliage
LF,29760.0,3.836955948248144,183.0935,183.1042,27187.0,36566.0,Eptesicus serotinus,0.255,0.311,-1,Echolocation,192000.0,/mnt/ubna_data_05/recover-20250324/UBNA_024/20250324_033000.WAV,recover-20250324,UBNA_024,Foliage
LF,28800.0,5.149066571669998,183.2185,183.2284,27187.0,34953.0,Eptesicus serotinus,0.285,0.518,-1,Echolocation,192000.0,/mnt/ubna_data_05/recover-20250324/UBNA_024/20250324_033000.WAV,recover-20250324,UBNA_024,Foliage
LF,29760.0,4.556503165390434,183.3465,183.3548,28046.0,37500.0,Eptesicus serotinus,0.358,0.494,-1,Echolocation,192000.0,/mnt/ubna_data_05/recover-20250324/UBNA_024/20250324_033000.WAV,recover-20250324,UBNA_024,Foliage
LF,29760.0,6.693707504312599,183.4665,183.4741,28046.0,38800.0,Eptesicus serotinus,0.51,0.602,-1,Echolocation,192000.0,/mnt/ubna_data_05/recover-20250324/UBNA_024/20250324_033000.WAV,recover-20250324,UBNA_024,Foliage
LF,29760.0,7.384884194344394,183.5915,183.5988,28046.0,37167.0,Eptesicus serotinus,0.423,0.624,-1,Echolocation,192000.0,/mnt/ubna_data_05/recover-20250324/UBNA_024/20250324_033000.WAV,recover-20250324,UBNA_024,Foliage
LF,29760.0,13.332171047510585,183.6745,183.6811,28046.0,39878.0,Eptesicus serotinus,0.474,0.622,-1,Echolocation,192000.0,/mnt/ubna_data_05/recover-20250324/UBNA_024/20250324_033000.WAV,recover-20250324,UBNA_024,Foliage
LF,29760.0,6.338897378665712,183.7935,183.8024,28906.0,38502.0,Eptesicus serotinus,0.384,0.554,-1,Echolocation,192000.0,/mnt/ubna_data_05/recover-20250324/UBNA_024/20250324_033000.WAV,recover-20250324,UBNA_024,Foliage
LF,29760.0,8.51660236965847,184.2855,184.2928,28906.0,37967.0,Eptesicus serotinus,0.383,0.639,-1,Echolocation,192000.0,/mnt/ubna_data_05/recover-20250324/UBNA_024/20250324_033000.WAV,recover-20250324,UBNA_024,Foliage
LF,29760.0,10.692920482726771,184.3515,184.3582,28906.0,39712.0,Eptesicus serotinus,0.404,0.597,-1,Echolocation,192000.0,/mnt/ubna_data_05/recover-20250324/UBNA_024/20250324_033000.WAV,recover-20250324,UBNA_024,Foliage
LF,29760.0,10.563652809514096,184.4365,184.4438,28906.0,39442.0,Eptesicus serotinus,0.334,0.508,-1,Echolocation,192000.0,/mnt/ubna_data_05/recover-20250324/UBNA_024/20250324_033000.WAV,recover-20250324,UBNA_024,Foliage
LF,29760.0,12.00356917218561,184.5655,184.5746,28906.0,36024.0,Nyctalus leisleri,0.344,0.587,-1,Echolocation,192000.0,/mnt/ubna_data_05/recover-20250324/UBNA_024/20250324_033000.WAV,recover-20250324,UBNA_024,Foliage
LF,28800.0,17.52890967005538,184.7025,184.7085,27187.0,39175.0,Eptesicus serotinus,0.425,0.658,-1,Echolocation,192000.0,/mnt/ubna_data_05/recover-20250324/UBNA_024/20250324_033000.WAV,recover-20250324,UBNA_024,Foliage
LF,29760.0,12.4753601959996,184.8335,184.84,28046.0,38153.0,Eptesicus serotinus,0.42,0.646,-1,Echolocation,192000.0,/mnt/ubna_data_05/recover-20250324/UBNA_024/20250324_033000.WAV,recover-20250324,UBNA_024,Foliage
LF,28800.0,13.300229370713678,184.9765,184.9834,27187.0,37206.0,Eptesicus serotinus,0.334,0.641,-1,Echolocation,192000.0,/mnt/ubna_data_05/recover-20250324/UBNA_024/20250324_033000.WAV,recover-20250324,UBNA_024,Foliage
LF,28800.0,12.872082066346053,185.1165,185.1235,27187.0,35587.0,Nyctalus leisleri,0.484,0.734,-1,Echolocation,192000.0,/mnt/ubna_data_05/recover-20250324/UBNA_024/20250324_033000.WAV,recover-20250324,UBNA_024,Foliage
LF,29760.0,8.884783819929428,185.2565,185.2652,27187.0,34850.0,Nyctalus leisleri,0.393,0.647,-1,Echolocation,192000.0,/mnt/ubna_data_05/recover-20250324/UBNA_024/20250324_033000.WAV,recover-20250324,UBNA_024,Foliage
LF,27840.0,8.296188712005721,185.4015,185.4101,27187.0,36493.0,Nyctalus leisleri,0.352,0.688,-1,Echolocation,192000.0,/mnt/ubna_data_05/recover-20250324/UBNA_024/20250324_033000.WAV,recover-20250324,UBNA_024,Foliage
LF,27840.0,14.166246732627009,185.5465,185.5529,26328.0,37772.0,Eptesicus serotinus,0.434,0.631,-1,Echolocation,192000.0,/mnt/ubna_data_05/recover-20250324/UBNA_024/20250324_033000.WAV,recover-20250324,UBNA_024,Foliage
LF,28800.0,2.1673636797964617,185.6395,185.6491,28906.0,37063.0,Eptesicus serotinus,0.315,0.454,-1,Echolocation,192000.0,/mnt/ubna_data_05/recover-20250324/UBNA_024/20250324_033000.WAV,recover-20250324,UBNA_024,Foliage
LF,29760.0,9.676978595026807,185.6975,185.7032,28046.0,40183.0,Eptesicus serotinus,0.462,0.684,-1,Echolocation,192000.0,/mnt/ubna_data_05/recover-20250324/UBNA_024/20250324_033000.WAV,recover-20250324,UBNA_024,Foliage
LF,28800.0,2.3580031285514296,185.9195,185.9283,27187.0,34680.0,Eptesicus serotinus,0.191,0.32,-1,Echolocation,192000.0,/mnt/ubna_data_05/recover-20250324/UBNA_024/20250324_033000.WAV,recover-20250324,UBNA_024,Foliage
LF,29760.0,1.9884353488594373,186.0885,186.0967,28046.0,36280.0,Eptesicus serotinus,0.304,0.388,-1,Echolocation,192000.0,/mnt/ubna_data_05/recover-20250324/UBNA_024/20250324_033000.WAV,recover-20250324,UBNA_024,Foliage
LF,29760.0,3.4909796243001106,186.3775,186.3873,28046.0,33519.0,Eptesicus serotinus,0.158,0.249,-1,Echolocation,192000.0,/mnt/ubna_data_05/recover-20250324/UBNA_024/20250324_033000.WAV,recover-20250324,UBNA_024,Foliage
LF,29760.0,3.8229838654657438,186.4655,186.4724,28046.0,37485.0,Eptesicus serotinus,0.407,0.542,-1,Echolocation,192000.0,/mnt/ubna_data_05/recover-20250324/UBNA_024/20250324_033000.WAV,recover-20250324,UBNA_024,Foliage
LF,29760.0,5.008772811307941,186.5405,186.5485,28046.0,35834.0,Eptesicus serotinus,0.369,0.498,-1,Echolocation,192000.0,/mnt/ubna_data_05/recover-20250324/UBNA_024/20250324_033000.WAV,recover-20250324,UBNA_024,Foliage
LF,28800.0,1.8332785261441171,187.5295,187.5392,27187.0,34194.0,Eptesicus serotinus,0.248,0.359,-1,Echolocation,192000.0,/mnt/ubna_data_05/recover-20250324/UBNA_024/20250324_033000.WAV,recover-20250324,UBNA_024,Foliage
LF,28800.0,1.763039993828519,187.9205,187.9277,27187.0,35340.0,Eptesicus serotinus,0.346,0.511,-1,Echolocation,192000.0,/mnt/ubna_data_05/recover-20250324/UBNA_024/20250324_033000.WAV,recover-20250324,UBNA_024,Foliage
LF,28800.0,1.604822754365517,188.0755,188.086,26328.0,32825.0,Eptesicus serotinus,0.165,0.263,-1,Echolocation,192000.0,/mnt/ubna_data_05/recover-20250324/UBNA_024/20250324_033000.WAV,recover-20250324,UBNA_024,Foliage
LF,26880.0,2.6666190246399872,188.4425,188.4524,25468.0,32941.0,Eptesicus serotinus,0.25,0.399,-1,Echolocation,192000.0,/mnt/ubna_data_05/recover-20250324/UBNA_024/20250324_033000.WAV,recover-20250324,UBNA_024,Foliage
LF,25920.0,4.202455817882861,188.7375,188.7482,25468.0,31127.0,Eptesicus serotinus,0.18,0.34,-1,Echolocation,192000.0,/mnt/ubna_data_05/recover-20250324/UBNA_024/20250324_033000.WAV,recover-20250324,UBNA_024,Foliage
LF,25920.0,2.259026531998453,189.1815,189.1937,25468.0,30137.0,Eptesicus serotinus,0.093,0.213,-1,Echolocation,192000.0,/mnt/ubna_data_05/recover-20250324/UBNA_024/20250324_033000.WAV,recover-20250324,UBNA_024,Foliage
LF,25920.0,2.6002155723186804,189.8135,189.8249,24609.0,29588.0,Eptesicus serotinus,0.116,0.243,-1,Echolocation,192000.0,/mnt/ubna_data_05/recover-20250324/UBNA_024/20250324_033000.WAV,recover-20250324,UBNA_024,Foliage
LF,24960.0,2.693248252769262,190.2505,190.2621,23750.0,29748.0,Nyctalus leisleri,0.236,0.519,-1,Echolocation,192000.0,/mnt/ubna_data_05/recover-20250324/UBNA_024/20250324_033000.WAV,recover-20250324,UBNA_024,Foliage
LF,21120.0,0.1576288234049379,211.9275,211.9488,20312.0,23501.0,Nyctalus noctula,0.116,0.205,-1,Echolocation,192000.0,/mnt/ubna_data_05/recover-20250324/UBNA_024/20250324_033000.WAV,recover-20250324,UBNA_024,Foliage
LF,28800.0,1.3528399964429219,43.1465,43.1552,27187.0,34915.0,Eptesicus serotinus,0.17,0.252,-1,Echolocation,192000.0,/mnt/ubna_data_05/recover-20250324/UBNA_024/20250324_034000.WAV,recover-20250324,UBNA_024,Foliage
LF,23040.0,0.8548469266794836,26.4175,26.4335,23750.0,28033.0,Nyctalus leisleri,0.133,0.22,-1,Echolocation,192000.0,/mnt/ubna_data_05/recover-20250324/UBNA_024/20250324_040000.WAV,recover-20250324,UBNA_024,Foliage
HF,46080.0,1.7498301671698604,77.9375,77.9493,44375.0,48978.0,Pipistrellus pipistrellus,0.213,0.242,-1,Echolocation,192000.0,/mnt/ubna_data_05/recover-20250324/UBNA_024/20250324_040000.WAV,recover-20250324,UBNA_024,Foliage
LF,24960.0,0.6420408609066052,180.6175,180.6304,23750.0,28605.0,Nyctalus leisleri,0.085,0.215,-1,Echolocation,192000.0,/mnt/ubna_data_05/recover-20250324/UBNA_024/20250324_041000.WAV,recover-20250324,UBNA_024,Foliage
HF,50880.0,1.0860465342453283,212.2315,212.2363,50390.0,58021.0,Pipistrellus pipistrellus,0.208,0.252,-1,Echolocation,192000.0,/mnt/ubna_data_05/recover-20250324/UBNA_024/20250324_041000.WAV,recover-20250324,UBNA_024,Foliage
HF,49920.0,2.5441906720638565,212.5095,212.5134,48671.0,61281.0,Pipistrellus pipistrellus,0.376,0.422,-1,Echolocation,192000.0,/mnt/ubna_data_05/recover-20250324/UBNA_024/20250324_041000.WAV,recover-20250324,UBNA_024,Foliage
HF,50880.0,2.433569842654327,212.7735,212.7789,49531.0,61370.0,Pipistrellus pipistrellus,0.298,0.351,-1,Echolocation,192000.0,/mnt/ubna_data_05/recover-20250324/UBNA_024/20250324_041000.WAV,recover-20250324,UBNA_024,Foliage
HF,51840.0,3.467675613545415,212.8435,212.8476,48671.0,66952.0,Myotis alcathoe,0.085,0.204,-1,Echolocation,192000.0,/mnt/ubna_data_05/recover-20250324/UBNA_024/20250324_041000.WAV,recover-20250324,UBNA_024,Foliage
HF,51840.0,5.532716293856592,212.9275,212.931,46953.0,64107.0,Pipistrellus pipistrellus,0.134,0.329,-1,Echolocation,192000.0,/mnt/ubna_data_05/recover-20250324/UBNA_024/20250324_041000.WAV,recover-20250324,UBNA_024,Foliage
HF,50880.0,9.492446695612514,213.0115,213.0146,47812.0,67644.0,Myotis alcathoe,0.174,0.359,-1,Echolocation,192000.0,/mnt/ubna_data_05/recover-20250324/UBNA_024/20250324_041000.WAV,recover-20250324,UBNA_024,Foliage
HF,51840.0,4.518272575176033,213.0865,213.0924,51250.0,56482.0,Pipistrellus pipistrellus,0.261,0.311,-1,Echolocation,192000.0,/mnt/ubna_data_05/recover-20250324/UBNA_024/20250324_041000.WAV,recover-20250324,UBNA_024,Foliage
HF,51840.0,10.406487812362716,213.1745,213.1783,46093.0,67336.0,Myotis alcathoe,0.211,0.43,-1,Echolocation,192000.0,/mnt/ubna_data_05/recover-20250324/UBNA_024/20250324_041000.WAV,recover-20250324,UBNA_024,Foliage
HF,51840.0,14.69770216598744,213.3655,213.3693,44375.0,67247.0,Myotis alcathoe,0.227,0.441,-1,Echolocation,192000.0,/mnt/ubna_data_05/recover-20250324/UBNA_024/20250324_041000.WAV,recover-20250324,UBNA_024,Foliage
HF,50880.0,12.669449451208179,213.4515,213.4553,47812.0,61053.0,Pipistrellus pipistrellus,0.512,0.581,-1,Echolocation,192000.0,/mnt/ubna_data_05/recover-20250324/UBNA_024/20250324_041000.WAV,recover-20250324,UBNA_024,Foliage
HF,52800.0,16.30383578639631,213.5395,213.5436,46093.0,65605.0,Pipistrellus pipistrellus,0.196,0.413,-1,Echolocation,192000.0,/mnt/ubna_data_05/recover-20250324/UBNA_024/20250324_041000.WAV,recover-20250324,UBNA_024,Foliage
HF,51840.0,15.978561118235266,213.6215,213.6255,45234.0,64151.0,Myotis alcathoe,0.157,0.299,-1,Echolocation,192000.0,/mnt/ubna_data_05/recover-20250324/UBNA_024/20250324_041000.WAV,recover-20250324,UBNA_024,Foliage
HF,48960.0,12.829100322204392,213.7155,213.72,45234.0,64268.0,Myotis alcathoe,0.205,0.428,-1,Echolocation,192000.0,/mnt/ubna_data_05/recover-20250324/UBNA_024/20250324_041000.WAV,recover-20250324,UBNA_024,Foliage
HF,51840.0,14.784270062326426,213.7885,213.793,43515.0,73915.0,Myotis alcathoe,0.287,0.458,-1,Echolocation,192000.0,/mnt/ubna_data_05/recover-20250324/UBNA_024/20250324_041000.WAV,recover-20250324,UBNA_024,Foliage
HF,51840.0,14.522425725006652,213.8675,213.871,44375.0,68328.0,Myotis alcathoe,0.223,0.447,-1,Echolocation,192000.0,/mnt/ubna_data_05/recover-20250324/UBNA_024/20250324_041000.WAV,recover-20250324,UBNA_024,Foliage
HF,48960.0,18.65110897598807,213.9455,213.9506,44375.0,69652.0,Myotis alcathoe,0.262,0.464,-1,Echolocation,192000.0,/mnt/ubna_data_05/recover-20250324/UBNA_024/20250324_041000.WAV,recover-20250324,UBNA_024,Foliage
HF,49920.0,20.107806112716283,214.0275,214.0315,44375.0,65812.0,Pipistrellus pipistrellus,0.184,0.465,-1,Echolocation,192000.0,/mnt/ubna_data_05/recover-20250324/UBNA_024/20250324_041000.WAV,recover-20250324,UBNA_024,Foliage
HF,48960.0,19.109888916815507,214.1135,214.1177,44375.0,69215.0,Myotis alcathoe,0.19,0.415,-1,Echolocation,192000.0,/mnt/ubna_data_05/recover-20250324/UBNA_024/20250324_041000.WAV,recover-20250324,UBNA_024,Foliage
HF,48960.0,9.10506442368967,214.1935,214.1983,46953.0,58613.0,Pipistrellus pipistrellus,0.488,0.55,-1,Echolocation,192000.0,/mnt/ubna_data_05/recover-20250324/UBNA_024/20250324_041000.WAV,recover-20250324,UBNA_024,Foliage
HF,48960.0,18.705723689628513,214.2865,214.2911,45234.0,61404.0,Pipistrellus pipistrellus,0.415,0.489,-1,Echolocation,192000.0,/mnt/ubna_data_05/recover-20250324/UBNA_024/20250324_041000.WAV,recover-20250324,UBNA_024,Foliage
HF,51840.0,9.021082771250983,214.3695,214.3743,46953.0,59296.0,Pipistrellus pipistrellus,0.499,0.549,-1,Echolocation,192000.0,/mnt/ubna_data_05/recover-20250324/UBNA_024/20250324_041000.WAV,recover-20250324,UBNA_024,Foliage
HF,51840.0,9.496242739790263,214.4605,214.4652,45234.0,60583.0,Pipistrellus pipistrellus,0.303,0.476,-1,Echolocation,192000.0,/mnt/ubna_data_05/recover-20250324/UBNA_024/20250324_041000.WAV,recover-20250324,UBNA_024,Foliage
HF,50880.0,10.389402193386578,214.6395,214.6438,47812.0,61168.0,Pipistrellus pipistrellus,0.444,0.535,-1,Echolocation,192000.0,/mnt/ubna_data_05/recover-20250324/UBNA_024/20250324_041000.WAV,recover-20250324,UBNA_024,Foliage
HF,52800.0,14.433942493998464,214.7415,214.746,45234.0,61387.0,Pipistrellus pipistrellus,0.279,0.497,-1,Echolocation,192000.0,/mnt/ubna_data_05/recover-20250324/UBNA_024/20250324_041000.WAV,recover-20250324,UBNA_024,Foliage
HF,54720.0,14.906269883952593,214.8515,214.8557,46953.0,64585.0,Pipistrellus pipistrellus,0.313,0.465,-1,Echolocation,192000.0,/mnt/ubna_data_05/recover-20250324/UBNA_024/20250324_041000.WAV,recover-20250324,UBNA_024,Foliage
HF,51840.0,10.555424125211637,214.9395,214.9442,48671.0,58763.0,Pipistrellus pipistrellus,0.458,0.533,-1,Echolocation,192000.0,/mnt/ubna_data_05/recover-20250324/UBNA_024/20250324_041000.WAV,recover-20250324,UBNA_024,Foliage
HF,51840.0,11.60839773289334,215.0265,215.031,48671.0,63222.0,Pipistrellus pipistrellus,0.523,0.595,-1,Echolocation,192000.0,/mnt/ubna_data_05/recover-20250324/UBNA_024/20250324_041000.WAV,recover-20250324,UBNA_024,Foliage
HF,48960.0,9.337788564225683,215.1225,215.1271,46093.0,56654.0,Pipistrellus pipistrellus,0.496,0.532,-1,Echolocation,192000.0,/mnt/ubna_data_05/recover-20250324/UBNA_024/20250324_041000.WAV,recover-20250324,UBNA_024,Foliage
HF,52800.0,10.642041059772948,215.2195,215.224,42656.0,66718.0,Myotis alcathoe,0.161,0.433,-1,Echolocation,192000.0,/mnt/ubna_data_05/recover-20250324/UBNA_024/20250324_041000.WAV,recover-20250324,UBNA_024,Foliage
HF,48960.0,7.123238873490827,215.3105,215.3157,47812.0,57259.0,Pipistrellus pipistrellus,0.55,0.569,-1,Echolocation,192000.0,/mnt/ubna_data_05/recover-20250324/UBNA_024/20250324_041000.WAV,recover-20250324,UBNA_024,Foliage
HF,54720.0,13.674286708268436,215.3975,215.4023,42656.0,61993.0,Pipistrellus pipistrellus,0.189,0.397,-1,Echolocation,192000.0,/mnt/ubna_data_05/recover-20250324/UBNA_024/20250324_041000.WAV,recover-20250324,UBNA_024,Foliage
HF,48960.0,7.444409351847263,215.4925,215.4975,47812.0,57914.0,Pipistrellus pipistrellus,0.474,0.486,-1,Echolocation,192000.0,/mnt/ubna_data_05/recover-20250324/UBNA_024/20250324_041000.WAV,recover-20250324,UBNA_024,Foliage
HF,48000.0,9.498622976271804,215.5835,215.588,46953.0,57779.0,Pipistrellus pipistrellus,0.502,0.539,-1,Echolocation,192000.0,/mnt/ubna_data_05/recover-20250324/UBNA_024/20250324_041000.WAV,recover-20250324,UBNA_024,Foliage
HF,48000.0,6.283582158996265,215.6645,215.6696,47812.0,56359.0,Pipistrellus pipistrellus,0.534,0.565,-1,Echolocation,192000.0,/mnt/ubna_data_05/recover-20250324/UBNA_024/20250324_041000.WAV,recover-20250324,UBNA_024,Foliage
HF,48000.0,16.285593898333097,215.8185,215.8235,46953.0,59215.0,Pipistrellus pipistrellus,0.585,0.615,-1,Echolocation,192000.0,/mnt/ubna_data_05/recover-20250324/UBNA_024/20250324_041000.WAV,recover-20250324,UBNA_024,Foliage
HF,48960.0,5.846165318734792,215.9105,215.9147,47812.0,56550.0,Pipistrellus pipistrellus,0.533,0.55,-1,Echolocation,192000.0,/mnt/ubna_data_05/recover-20250324/UBNA_024/20250324_041000.WAV,recover-20250324,UBNA_024,Foliage
HF,48960.0,2.184409430245895,216.0795,216.0858,46953.0,53340.0,Pipistrellus pipistrellus,0.311,0.322,-1,Echolocation,192000.0,/mnt/ubna_data_05/recover-20250324/UBNA_024/20250324_041000.WAV,recover-20250324,UBNA_024,Foliage
LF,19200.0,1.6121038477162988,233.7225,233.7429,15156.0,18587.0,Nyctalus noctula,0.156,0.203,-1,Echolocation,192000.0,/mnt/ubna_data_05/recover-20250324/UBNA_024/20250324_041000.WAV,recover-20250324,UBNA_024,Foliage
LF,23040.0,-1.0372347453980044,282.8165,282.8353,22031.0,25776.0,Nyctalus leisleri,0.153,0.229,-1,Echolocation,192000.0,/mnt/ubna_data_05/recover-20250324/UBNA_024/20250324_041000.WAV,recover-20250324,UBNA_024,Foliage
LF,23040.0,0.8840613518305811,52.0375,52.053,22890.0,26642.0,Nyctalus leisleri,0.154,0.239,-1,Echolocation,192000.0,/mnt/ubna_data_05/recover-20250324/UBNA_024/20250324_042000.WAV,recover-20250324,UBNA_024,Foliage
LF,24960.0,2.9855460801641747,273.1355,273.14,23750.0,39172.0,Plecotus austriacus,0.164,0.222,-1,Echolocation,192000.0,/mnt/ubna_data_05/recover-20250324/UBNA_024/20250324_043000.WAV,recover-20250324,UBNA_024,Foliage
LF,22080.0,9.443661583148781,139.9205,139.9264,18593.0,29445.0,Plecotus austriacus,0.152,0.206,-1,Echolocation,192000.0,/mnt/ubna_data_05/recover-20250324/UBNA_024/20250324_044000.WAV,recover-20250324,UBNA_024,Foliage
LF,24960.0,2.90638773235838,160.4915,160.4961,23750.0,40592.0,Plecotus austriacus,0.159,0.238,-1,Echolocation,192000.0,/mnt/ubna_data_05/recover-20250324/UBNA_024/20250324_044000.WAV,recover-20250324,UBNA_024,Foliage
LF,22080.0,-0.21315238637904935,186.3005,186.3176,22031.0,25719.0,Nyctalus noctula,0.117,0.255,-1,Echolocation,192000.0,/mnt/ubna_data_05/recover-20250324/UBNA_024/20250324_044000.WAV,recover-20250324,UBNA_024,Foliage
LF,23040.0,1.4149724431971975,272.8715,272.8818,22890.0,29508.0,Nyctalus leisleri,0.066,0.225,-1,Echolocation,192000.0,/mnt/ubna_data_05/recover-20250324/UBNA_024/20250324_044000.WAV,recover-20250324,UBNA_024,Foliage
LF,26880.0,0.3705257481667764,95.7405,95.7523,25468.0,30598.0,Eptesicus serotinus,0.102,0.211,-1,Echolocation,192000.0,/mnt/ubna_data_05/recover-20250324/UBNA_024/20250324_050000.WAV,recover-20250324,UBNA_024,Foliage
LF,25920.0,0.8774481065176236,198.5685,198.5821,25468.0,30951.0,Eptesicus serotinus,0.101,0.208,-1,Echolocation,192000.0,/mnt/ubna_data_05/recover-20250324/UBNA_024/20250324_050000.WAV,recover-20250324,UBNA_024,Foliage
LF,23040.0,1.5301035478160254,229.7295,229.7412,23750.0,29432.0,Nyctalus leisleri,0.182,0.362,-1,Echolocation,192000.0,/mnt/ubna_data_05/recover-20250324/UBNA_024/20250324_051000.WAV,recover-20250324,UBNA_024,Foliage
LF,24000.0,2.2921652121696914,146.1395,146.1439,24609.0,38869.0,Plecotus austriacus,0.225,0.301,-1,Echolocation,192000.0,/mnt/ubna_data_05/recover-20250324/UBNA_024/20250324_052000.WAV,recover-20250324,UBNA_024,Foliage
HF,46080.0,4.427348945066904,173.3145,173.3351,45234.0,47292.0,Pipistrellus pipistrellus,0.196,0.231,-1,Echolocation,192000.0,/mnt/ubna_data_05/recover-20250324/UBNA_024/20250324_052000.WAV,recover-20250324,UBNA_024,Foliage
LF,24000.0,1.3883691071575934,228.6225,228.63569999999999,24609.0,29905.0,Eptesicus serotinus,0.09,0.202,-1,Echolocation,192000.0,/mnt/ubna_data_05/recover-20250324/UBNA_024/20250324_052000.WAV,recover-20250324,UBNA_024,Foliage
HF,44160.0,1.9117369250430614,221.9145,221.9239,41796.0,46468.0,Pipistrellus nathusii,0.236,0.281,-1,Echolocation,192000.0,/mnt/ubna_data_05/recover-20250324/UBNA_024/20250324_053000.WAV,recover-20250324,UBNA_024,Foliage
LF,23040.0,1.323195167278052,218.2425,218.2569,23750.0,29375.0,Nyctalus leisleri,0.082,0.215,-1,Echolocation,192000.0,/mnt/ubna_data_05/recover-20250324/UBNA_024/20250324_063000.WAV,recover-20250324,UBNA_024,Foliage
LF,23040.0,0.710398434024381,194.6395,194.6557,22890.0,27652.0,Nyctalus leisleri,0.085,0.237,-1,Echolocation,192000.0,/mnt/ubna_data_05/recover-20250324/UBNA_024/20250324_064000.WAV,recover-20250324,UBNA_024,Foliage
LF,23040.0,0.5948978737161301,24.5745,24.5871,23750.0,28459.0,Nyctalus leisleri,0.099,0.217,-1,Echolocation,192000.0,/mnt/ubna_data_05/recover-20250324/UBNA_024/20250324_070000.WAV,recover-20250324,UBNA_024,Foliage
HF,47040.0,0.8336456217810616,274.4025,274.4122,46953.0,51019.0,Pipistrellus pipistrellus,0.297,0.332,-1,Echolocation,192000.0,/mnt/ubna_data_05/recover-20250324/UBNA_024/20250324_070000.WAV,recover-20250324,UBNA_024,Foliage
LF,26880.0,0.7349305632649834,213.3065,213.3187,25468.0,29548.0,Nyctalus leisleri,0.162,0.255,-1,Echolocation,192000.0,/mnt/ubna_data_05/recover-20250324/UBNA_024/20250324_071000.WAV,recover-20250324,UBNA_024,Foliage
LF,24000.0,0.564098228493002,4.9275,4.9428,23750.0,28581.0,Nyctalus leisleri,0.102,0.225,-1,Echolocation,192000.0,/mnt/ubna_data_05/recover-20250324/UBNA_024/20250324_073000.WAV,recover-20250324,UBNA_024,Foliage
LF,29760.0,1.4018908506014105,126.8255,126.8375,28906.0,34824.0,Eptesicus serotinus,0.149,0.241,-1,Echolocation,192000.0,/mnt/ubna_data_05/recover-20250324/UBNA_024/20250324_074000.WAV,recover-20250324,UBNA_024,Foliage
LF,24960.0,2.3723538314619255,224.2235,224.2288,25468.0,40400.0,Plecotus austriacus,0.11,0.255,-1,Echolocation,192000.0,/mnt/ubna_data_05/recover-20250324/UBNA_024/20250324_080000.WAV,recover-20250324,UBNA_024,Foliage
LF,20160.0,-0.3752306049012227,129.9255,129.949,16875.0,20337.0,Nyctalus noctula,0.216,0.28,-1,Echolocation,192000.0,/mnt/ubna_data_05/recover-20250324/UBNA_024/20250324_081000.WAV,recover-20250324,UBNA_024,Foliage
LF,26880.0,4.608156593309321,130.0035,130.0118,22890.0,32317.0,Plecotus austriacus,0.103,0.245,-1,Echolocation,192000.0,/mnt/ubna_data_05/recover-20250324/UBNA_024/20250324_082000.WAV,recover-20250324,UBNA_024,Foliage
LF,22080.0,0.1365113777518004,143.1435,143.1633,19453.0,22907.0,Nyctalus noctula,0.135,0.219,-1,Echolocation,192000.0,/mnt/ubna_data_05/recover-20250324/UBNA_024/20250324_084000.WAV,recover-20250324,UBNA_024,Foliage
LF,26880.0,1.6455049427516246,164.0565,164.0643,26328.0,34760.0,Eptesicus serotinus,0.102,0.221,-1,Echolocation,192000.0,/mnt/ubna_data_05/recover-20250324/UBNA_024/20250324_084000.WAV,recover-20250324,UBNA_024,Foliage
LF,23040.0,0.1141871024868414,23.2495,23.2624,23750.0,28415.0,Nyctalus leisleri,0.09,0.222,-1,Echolocation,192000.0,/mnt/ubna_data_05/recover-20250324/UBNA_024/20250324_090000.WAV,recover-20250324,UBNA_024,Foliage
LF,23040.0,0.8822538716039418,222.6175,222.633,22890.0,27445.0,Nyctalus noctula,0.116,0.274,-1,Echolocation,192000.0,/mnt/ubna_data_05/recover-20250324/UBNA_024/20250324_090000.WAV,recover-20250324,UBNA_024,Foliage
LF,24960.0,0.6447970510224689,40.920500000000004,40.9369,25468.0,30197.0,Nyctalus leisleri,0.124,0.236,-1,Echolocation,192000.0,/mnt/ubna_data_05/recover-20250324/UBNA_024/20250324_091000.WAV,recover-20250324,UBNA_024,Foliage
LF,26880.0,0.6435337717944954,139.5725,139.5901,27187.0,31387.0,Nyctalus leisleri,0.104,0.205,-1,Echolocation,192000.0,/mnt/ubna_data_05/recover-20250324/UBNA_024/20250324_091000.WAV,recover-20250324,UBNA_024,Foliage
LF,29760.0,0.8096047908609592,187.1775,187.1898,28906.0,33924.0,Eptesicus serotinus,0.142,0.249,-1,Echolocation,192000.0,/mnt/ubna_data_05/recover-20250324/UBNA_024/20250324_091000.WAV,recover-20250324,UBNA_024,Foliage
LF,26880.0,0.863947422657136,24.4555,24.4675,26328.0,31648.0,Nyctalus leisleri,0.181,0.345,-1,Echolocation,192000.0,/mnt/ubna_data_05/recover-20250324/UBNA_024/20250324_093000.WAV,recover-20250324,UBNA_024,Foliage
LF,23040.0,0.08222027435854196,217.9145,217.9322,22031.0,26259.0,Nyctalus leisleri,0.102,0.21,-1,Echolocation,192000.0,/mnt/ubna_data_05/recover-20250324/UBNA_024/20250324_094000.WAV,recover-20250324,UBNA_024,Foliage
LF,23040.0,0.8750832520220881,9.1065,9.1246,22031.0,25912.0,Nyctalus noctula,0.115,0.225,-1,Echolocation,192000.0,/mnt/ubna_data_05/recover-20250324/UBNA_024/20250324_101000.WAV,recover-20250324,UBNA_024,Foliage
LF,20160.0,0.42116222317586294,186.6105,186.6311,16875.0,20269.0,Nyctalus noctula,0.168,0.216,-1,Echolocation,192000.0,/mnt/ubna_data_05/recover-20250324/UBNA_024/20250324_104000.WAV,recover-20250324,UBNA_024,Foliage
LF,28800.0,0.7497492930831857,13.0815,13.0907,28906.0,36915.0,Eptesicus serotinus,0.171,0.249,-1,Echolocation,192000.0,/mnt/ubna_data_05/recover-20250324/UBNA_024/20250324_111000.WAV,recover-20250324,UBNA_024,Foliage
LF,24000.0,0.34094908097208915,61.9805,61.9981,23750.0,27380.0,Nyctalus leisleri,0.166,0.231,-1,Echolocation,192000.0,/mnt/ubna_data_05/recover-20250324/UBNA_024/20250324_114000.WAV,recover-20250324,UBNA_024,Foliage
LF,23040.0,-0.5549763839502649,113.3875,113.4067,22031.0,26419.0,Nyctalus noctula,0.108,0.22,-1,Echolocation,192000.0,/mnt/ubna_data_05/recover-20250324/UBNA_024/20250324_114000.WAV,recover-20250324,UBNA_024,Foliage
LF,23040.0,1.8570260909658263,123.5605,123.5734,24609.0,31317.0,Eptesicus serotinus,0.075,0.2,-1,Echolocation,192000.0,/mnt/ubna_data_05/recover-20250324/UBNA_024/20250324_115000.WAV,recover-20250324,UBNA_024,Foliage
LF,27840.0,0.11547221549167659,57.9375,57.9477,26328.0,32156.0,Eptesicus serotinus,0.116,0.201,-1,Echolocation,192000.0,/mnt/ubna_data_05/recover-20250324/UBNA_024/20250324_123000.WAV,recover-20250324,UBNA_024,Foliage
LF,23040.0,1.6904777442186292,26.8735,26.8879,22890.0,27940.0,Nyctalus leisleri,0.132,0.345,-1,Echolocation,192000.0,/mnt/ubna_data_05/recover-20250324/UBNA_024/20250324_124000.WAV,recover-20250324,UBNA_024,Foliage
LF,23040.0,1.177406823065405,298.41949999999997,298.4326,22890.0,28763.0,Nyctalus leisleri,0.072,0.215,-1,Echolocation,192000.0,/mnt/ubna_data_05/recover-20250324/UBNA_024/20250324_130000.WAV,recover-20250324,UBNA_024,Foliage
LF,22080.0,0.7018097937104463,169.3365,169.3585,21171.0,24616.0,Nyctalus noctula,0.143,0.261,-1,Echolocation,192000.0,/mnt/ubna_data_05/recover-20250324/UBNA_024/20250324_131000.WAV,recover-20250324,UBNA_024,Foliage
LF,21120.0,0.30285414423606505,232.0035,232.0262,20312.0,24174.0,Nyctalus noctula,0.166,0.218,-1,Echolocation,192000.0,/mnt/ubna_data_05/recover-20250324/UBNA_024/20250324_132000.WAV,recover-20250324,UBNA_024,Foliage
LF,16320.0,10.14652251714407,10.0065,10.0277,16015.0,18718.0,Nyctalus noctula,0.165,0.297,-1,Echolocation,192000.0,/mnt/ubna_data_05/recover-20250324/UBNA_024/20250324_134000.WAV,recover-20250324,UBNA_024,Foliage
LF,21120.0,-0.1135349002154187,24.9455,24.9655,20312.0,23710.0,Nyctalus leisleri,0.201,0.28,-1,Echolocation,192000.0,/mnt/ubna_data_05/recover-20250324/UBNA_024/20250324_134000.WAV,recover-20250324,UBNA_024,Foliage
LF,18240.0,-1.014790546547196,37.9325,37.9542,17734.0,20802.0,Nyctalus noctula,0.19,0.28,-1,Echolocation,192000.0,/mnt/ubna_data_05/recover-20250324/UBNA_024/20250324_134000.WAV,recover-20250324,UBNA_024,Foliage
LF,17280.0,4.876334562383105,38.0435,38.0651,16875.0,19491.0,Nyctalus noctula,0.146,0.23,-1,Echolocation,192000.0,/mnt/ubna_data_05/recover-20250324/UBNA_024/20250324_134000.WAV,recover-20250324,UBNA_024,Foliage
LF,18240.0,0.17276310392857752,38.0875,38.1128,16875.0,20022.0,Nyctalus noctula,0.189,0.274,-1,Echolocation,192000.0,/mnt/ubna_data_05/recover-20250324/UBNA_024/20250324_134000.WAV,recover-20250324,UBNA_024,Foliage
LF,16320.0,6.008401822313198,70.35849999999999,70.3821,15156.0,19532.0,Nyctalus noctula,0.129,0.261,-1,Echolocation,192000.0,/mnt/ubna_data_05/recover-20250324/UBNA_024/20250324_134000.WAV,recover-20250324,UBNA_024,Foliage
LF,16320.0,6.191021242347208,71.7325,71.7564,16015.0,18460.0,Nyctalus noctula,0.161,0.239,-1,Echolocation,192000.0,/mnt/ubna_data_05/recover-20250324/UBNA_024/20250324_134000.WAV,recover-20250324,UBNA_024,Foliage
LF,17280.0,3.5796980017480395,73.8215,73.8464,16015.0,19127.0,Nyctalus noctula,0.111,0.232,-1,Echolocation,192000.0,/mnt/ubna_data_05/recover-20250324/UBNA_024/20250324_134000.WAV,recover-20250324,UBNA_024,Foliage
LF,17280.0,9.523826413827443,88.26050000000001,88.286,16875.0,18979.0,Nyctalus noctula,0.184,0.299,-1,Echolocation,192000.0,/mnt/ubna_data_05/recover-20250324/UBNA_024/20250324_134000.WAV,recover-20250324,UBNA_024,Foliage
LF,26880.0,0.9897461935790918,99.5645,99.5797,27187.0,31328.0,Nyctalus leisleri,0.182,0.309,-1,Echolocation,192000.0,/mnt/ubna_data_05/recover-20250324/UBNA_024/20250324_134000.WAV,recover-20250324,UBNA_024,Foliage
LF,16320.0,7.623536689864531,128.7135,128.74,16015.0,19289.0,Nyctalus noctula,0.145,0.223,-1,Echolocation,192000.0,/mnt/ubna_data_05/recover-20250324/UBNA_024/20250324_134000.WAV,recover-20250324,UBNA_024,Foliage
LF,17280.0,12.096705753677025,205.3505,205.3785,16875.0,20764.0,Nyctalus noctula,0.209,0.261,-1,Echolocation,192000.0,/mnt/ubna_data_05/recover-20250324/UBNA_024/20250324_135000.WAV,recover-20250324,UBNA_024,Foliage
LF,28800.0,0.10015920994506945,152.0015,152.018,28906.0,36049.0,Eptesicus serotinus,0.134,0.213,-1,Echolocation,192000.0,/mnt/ubna_data_05/recover-20250324/UBNA_024/20250324_143000.WAV,recover-20250324,UBNA_024,Foliage
LF,16320.0,2.250646923727901,228.9235,228.943,14296.0,18052.0,Nyctalus noctula,0.188,0.311,-1,Echolocation,192000.0,/mnt/ubna_data_05/recover-20250324/UBNA_024/20250324_143000.WAV,recover-20250324,UBNA_024,Foliage
LF,21120.0,7.297384943818722,25.9105,25.9369,20312.0,23773.0,Nyctalus leisleri,0.263,0.301,-1,Echolocation,192000.0,/mnt/ubna_data_05/recover-20250324/UBNA_024/20250324_151000.WAV,recover-20250324,UBNA_024,Foliage
LF,22080.0,13.776748636404841,139.6745,139.6925,22031.0,26819.0,Nyctalus noctula,0.14,0.234,-1,Echolocation,192000.0,/mnt/ubna_data_05/recover-20250324/UBNA_024/20250324_151000.WAV,recover-20250324,UBNA_024,Foliage
LF,22080.0,12.260470376640384,140.9215,140.9406,21171.0,25763.0,Nyctalus noctula,0.176,0.285,-1,Echolocation,192000.0,/mnt/ubna_data_05/recover-20250324/UBNA_024/20250324_151000.WAV,recover-20250324,UBNA_024,Foliage
LF,22080.0,6.881461176736182,159.0975,159.1264,20312.0,23933.0,Nyctalus noctula,0.118,0.202,-1,Echolocation,192000.0,/mnt/ubna_data_05/recover-20250324/UBNA_024/20250324_151000.WAV,recover-20250324,UBNA_024,Foliage
LF,22080.0,5.853081252398002,161.1075,161.1293,21171.0,25192.0,Nyctalus leisleri,0.13,0.259,-1,Echolocation,192000.0,/mnt/ubna_data_05/recover-20250324/UBNA_024/20250324_151000.WAV,recover-20250324,UBNA_024,Foliage
LF,22080.0,7.726268184405094,198.8855,198.9078,21171.0,23936.0,Nyctalus leisleri,0.252,0.274,-1,Echolocation,192000.0,/mnt/ubna_data_05/recover-20250324/UBNA_024/20250324_151000.WAV,recover-20250324,UBNA_024,Foliage
LF,17280.0,2.7715294504852666,105.4225,105.4494,16875.0,19973.0,Nyctalus noctula,0.22,0.277,-1,Echolocation,192000.0,/mnt/ubna_data_05/recover-20250324/UBNA_024/20250324_152000.WAV,recover-20250324,UBNA_024,Foliage
LF,17280.0,2.310716126798101,117.2755,117.2929,16015.0,19603.0,Nyctalus noctula,0.156,0.319,-1,Echolocation,192000.0,/mnt/ubna_data_05/recover-20250324/UBNA_024/20250324_152000.WAV,recover-20250324,UBNA_024,Foliage
LF,16320.0,2.64085104287267,127.1705,127.1823,15156.0,20243.0,Nyctalus noctula,0.147,0.297,-1,Echolocation,192000.0,/mnt/ubna_data_05/recover-20250324/UBNA_024/20250324_152000.WAV,recover-20250324,UBNA_024,Foliage
LF,16320.0,5.464141790910311,146.0065,146.0224,15156.0,18628.0,Nyctalus leisleri,0.2,0.233,-1,Echolocation,192000.0,/mnt/ubna_data_05/recover-20250324/UBNA_024/20250324_152000.WAV,recover-20250324,UBNA_024,Foliage
LF,16320.0,13.491199357758507,226.9415,226.9629,15156.0,18545.0,Nyctalus leisleri,0.149,0.225,-1,Echolocation,192000.0,/mnt/ubna_data_05/recover-20250324/UBNA_024/20250324_153000.WAV,recover-20250324,UBNA_024,Foliage
LF,16320.0,6.881630844698967,243.8695,243.8909,15156.0,19325.0,Nyctalus leisleri,0.216,0.32,-1,Echolocation,192000.0,/mnt/ubna_data_05/recover-20250324/UBNA_024/20250324_153000.WAV,recover-20250324,UBNA_024,Foliage
LF,21120.0,8.698676373252901,1.2245,1.2466,20312.0,23132.0,Nyctalus leisleri,0.165,0.215,-1,Echolocation,192000.0,/mnt/ubna_data_05/recover-20250324/UBNA_024/20250324_155000.WAV,recover-20250324,UBNA_024,Foliage
LF,21120.0,5.644834636665269,21.2755,21.3016,20312.0,23013.0,Nyctalus leisleri,0.188,0.219,-1,Echolocation,192000.0,/mnt/ubna_data_05/recover-20250324/UBNA_024/20250324_155000.WAV,recover-20250324,UBNA_024,Foliage
LF,21120.0,2.901174561573945,31.9495,31.9735,20312.0,22986.0,Nyctalus leisleri,0.185,0.25,-1,Echolocation,192000.0,/mnt/ubna_data_05/recover-20250324/UBNA_024/20250324_155000.WAV,recover-20250324,UBNA_024,Foliage
LF,27840.0,3.9086735391294254,275.0325,275.0519,27187.0,30916.0,Nyctalus leisleri,0.253,0.37,-1,Echolocation,192000.0,/mnt/ubna_data_05/recover-20250324/UBNA_024/20250324_155000.WAV,recover-20250324,UBNA_024,Foliage
LF,24960.0,4.89054186592547,275.1975,275.2117,24609.0,29185.0,Nyctalus leisleri,0.245,0.426,-1,Echolocation,192000.0,/mnt/ubna_data_05/recover-20250324/UBNA_024/20250324_155000.WAV,recover-20250324,UBNA_024,Foliage
LF,22080.0,6.037634758515614,289.3445,289.37,20312.0,23732.0,Nyctalus leisleri,0.223,0.245,-1,Echolocation,192000.0,/mnt/ubna_data_05/recover-20250324/UBNA_024/20250324_155000.WAV,recover-20250324,UBNA_024,Foliage
LF,22080.0,2.9213354852696782,289.6705,289.6975,20312.0,24480.0,Nyctalus noctula,0.147,0.278,-1,Echolocation,192000.0,/mnt/ubna_data_05/recover-20250324/UBNA_024/20250324_155000.WAV,recover-20250324,UBNA_024,Foliage
LF,16320.0,12.67290090901943,290.4265,290.4517,16875.0,22038.0,Nyctalus noctula,0.28,0.334,-1,Echolocation,192000.0,/mnt/ubna_data_05/recover-20250324/UBNA_024/20250324_155000.WAV,recover-20250324,UBNA_024,Foliage
LF,21120.0,8.881107289233125,294.7205,294.7462,20312.0,23197.0,Nyctalus leisleri,0.198,0.226,-1,Echolocation,192000.0,/mnt/ubna_data_05/recover-20250324/UBNA_024/20250324_155000.WAV,recover-20250324,UBNA_024,Foliage
LF,16320.0,5.8313760881180645,213.2855,213.2969,12578.0,19028.0,Nyctalus leisleri,0.147,0.311,-1,Echolocation,192000.0,/mnt/ubna_data_05/recover-20250324/UBNA_024/20250324_160000.WAV,recover-20250324,UBNA_024,Foliage
LF,17280.0,6.658699579910232,214.9025,214.9127,14296.0,19690.0,Nyctalus noctula,0.078,0.203,-1,Echolocation,192000.0,/mnt/ubna_data_05/recover-20250324/UBNA_024/20250324_160000.WAV,recover-20250324,UBNA_024,Foliage
LF,16320.0,4.666419913230938,220.1325,220.1406,14296.0,22800.0,Plecotus auritus,0.093,0.203,-1,Echolocation,192000.0,/mnt/ubna_data_05/recover-20250324/UBNA_024/20250324_160000.WAV,recover-20250324,UBNA_024,Foliage
LF,16320.0,8.080797264082452,268.9675,268.9928,15156.0,18663.0,Nyctalus leisleri,0.162,0.223,-1,Echolocation,192000.0,/mnt/ubna_data_05/recover-20250324/UBNA_024/20250324_160000.WAV,recover-20250324,UBNA_024,Foliage
LF,22080.0,5.924872426135544,64.9275,64.9434,22031.0,24501.0,Nyctalus leisleri,0.195,0.216,-1,Echolocation,192000.0,/mnt/ubna_data_05/recover-20250324/UBNA_024/20250324_161000.WAV,recover-20250324,UBNA_024,Foliage
LF,22080.0,5.231468460069748,81.87049999999999,81.8873,21171.0,23422.0,Nyctalus leisleri,0.324,0.407,-1,Echolocation,192000.0,/mnt/ubna_data_05/recover-20250324/UBNA_024/20250324_161000.WAV,recover-20250324,UBNA_024,Foliage
LF,28800.0,0.5504880200905176,245.0935,245.104,27187.0,33486.0,Eptesicus serotinus,0.184,0.27,-1,Echolocation,192000.0,/mnt/ubna_data_05/recover-20250324/UBNA_024/20250324_161000.WAV,recover-20250324,UBNA_024,Foliage
LF,17280.0,-0.76840126493115,74.3375,74.3528,16015.0,20269.0,Nyctalus noctula,0.138,0.219,-1,Echolocation,192000.0,/mnt/ubna_data_05/recover-20250324/UBNA_024/20250324_162000.WAV,recover-20250324,UBNA_024,Foliage
LF,27840.0,2.0580561857671964,170.1975,170.206,25468.0,33238.0,Eptesicus serotinus,0.105,0.209,-1,Echolocation,192000.0,/mnt/ubna_data_05/recover-20250324/UBNA_024/20250324_162000.WAV,recover-20250324,UBNA_024,Foliage
LF,25920.0,9.39930686986241,189.3865,189.407,24609.0,27740.0,Nyctalus leisleri,0.145,0.322,-1,Echolocation,192000.0,/mnt/ubna_data_05/recover-20250324/UBNA_024/20250324_162000.WAV,recover-20250324,UBNA_024,Foliage
LF,16320.0,1.1354994951250432,203.1315,203.1519,15156.0,18355.0,Nyctalus noctula,0.14,0.226,-1,Echolocation,192000.0,/mnt/ubna_data_05/recover-20250324/UBNA_024/20250324_162000.WAV,recover-20250324,UBNA_024,Foliage
LF,20160.0,2.854046768637893,253.9725,253.9955,18593.0,21802.0,Nyctalus noctula,0.144,0.206,-1,Echolocation,192000.0,/mnt/ubna_data_05/recover-20250324/UBNA_024/20250324_162000.WAV,recover-20250324,UBNA_024,Foliage
LF,17280.0,2.5774113965987833,255.9625,255.9876,16875.0,19361.0,Nyctalus noctula,0.124,0.201,-1,Echolocation,192000.0,/mnt/ubna_data_05/recover-20250324/UBNA_024/20250324_162000.WAV,recover-20250324,UBNA_024,Foliage
LF,16320.0,9.047681307562726,257.9535,257.9721,15156.0,18161.0,Nyctalus leisleri,0.309,0.416,-1,Echolocation,192000.0,/mnt/ubna_data_05/recover-20250324/UBNA_024/20250324_162000.WAV,recover-20250324,UBNA_024,Foliage
LF,22080.0,4.069096007217338,261.1235,261.1431,21171.0,24840.0,Nyctalus leisleri,0.272,0.314,-1,Echolocation,192000.0,/mnt/ubna_data_05/recover-20250324/UBNA_024/20250324_162000.WAV,recover-20250324,UBNA_024,Foliage
LF,21120.0,0.15783039583098787,276.6225,276.639,22031.0,28091.0,Nyctalus noctula,0.131,0.215,-1,Echolocation,192000.0,/mnt/ubna_data_05/recover-20250324/UBNA_024/20250324_162000.WAV,recover-20250324,UBNA_024,Foliage
LF,23040.0,1.369827342795834,0.7395,0.7495,22031.0,30225.0,Nyctalus noctula,0.081,0.207,-1,Echolocation,192000.0,/mnt/ubna_data_05/recover-20250324/UBNA_024/20250324_163000.WAV,recover-20250324,UBNA_024,Foliage
LF,18240.0,2.5591576443592308,6.4105,6.4282,16015.0,19332.0,Nyctalus leisleri,0.132,0.241,-1,Echolocation,192000.0,/mnt/ubna_data_05/recover-20250324/UBNA_024/20250324_163000.WAV,recover-20250324,UBNA_024,Foliage
LF,17280.0,4.311334600521529,27.1905,27.2056,16015.0,20520.0,Nyctalus noctula,0.186,0.289,-1,Echolocation,192000.0,/mnt/ubna_data_05/recover-20250324/UBNA_024/20250324_163000.WAV,recover-20250324,UBNA_024,Foliage
LF,16320.0,1.8979942161159853,105.0885,105.1109,16015.0,17894.0,Nyctalus noctula,0.158,0.227,-1,Echolocation,192000.0,/mnt/ubna_data_05/recover-20250324/UBNA_024/20250324_163000.WAV,recover-20250324,UBNA_024,Foliage
LF,16320.0,10.199814735064292,179.10750000000002,179.1324,15156.0,18907.0,Nyctalus leisleri,0.238,0.335,-1,Echolocation,192000.0,/mnt/ubna_data_05/recover-20250324/UBNA_024/20250324_163000.WAV,recover-20250324,UBNA_024,Foliage
LF,25920.0,3.0983832947695404,244.3665,244.3718,21171.0,33688.0,Plecotus austriacus,0.139,0.205,-1,Echolocation,192000.0,/mnt/ubna_data_05/recover-20250324/UBNA_024/20250324_163000.WAV,recover-20250324,UBNA_024,Foliage
LF,23040.0,1.8768323691665767,261.0905,261.1015,22890.0,28040.0,Nyctalus leisleri,0.081,0.216,-1,Echolocation,192000.0,/mnt/ubna_data_05/recover-20250324/UBNA_024/20250324_163000.WAV,recover-20250324,UBNA_024,Foliage
LF,24000.0,2.74479745834308,9.4305,9.435,22890.0,38004.0,Plecotus austriacus,0.171,0.208,-1,Echolocation,192000.0,/mnt/ubna_data_05/recover-20250324/UBNA_024/20250324_164000.WAV,recover-20250324,UBNA_024,Foliage
LF,18240.0,5.499993974994815,182.0275,182.0543,17734.0,20732.0,Nyctalus noctula,0.195,0.252,-1,Echolocation,192000.0,/mnt/ubna_data_05/recover-20250324/UBNA_024/20250324_164000.WAV,recover-20250324,UBNA_024,Foliage
LF,24000.0,1.4781712829873819,266.5605,266.5738,23750.0,28897.0,Nyctalus leisleri,0.09,0.226,-1,Echolocation,192000.0,/mnt/ubna_data_05/recover-20250324/UBNA_024/20250324_171000.WAV,recover-20250324,UBNA_024,Foliage
