Time (UTC),01/29/24
17:00,2.0
17:30,2.6666666666666665
18:00,0.6666666666666666
