Time (UTC),01/29/24
17:00,28.0
17:30,6.333333333333333
18:00,0.6666666666666666
