Time (UTC),01/29/24
17:00,0.3333333333333333
17:30,2.666666666666667
18:00,0.6666666666666666
