date_and_time_UTC,num_of_detections,LFnum_of_detections,HFnum_of_detections
2024-11-05 00:20:00+00:00,0.3333333333333333,0.3333333333333333,0.3333333333333333
2024-11-05 00:30:00+00:00,0.3333333333333333,0.3333333333333333,0.3333333333333333
2024-11-05 00:40:00+00:00,0.3333333333333333,0.3333333333333333,0.3333333333333333
2024-11-05 00:50:00+00:00,0.3333333333333333,0.3333333333333333,0.3333333333333333
2024-11-05 01:00:00+00:00,0.3333333333333333,0.3333333333333333,0.3333333333333333
2024-11-05 01:10:00+00:00,0.3333333333333333,0.3333333333333333,0.3333333333333333
2024-11-05 01:20:00+00:00,0.3333333333333333,0.3333333333333333,0.3333333333333333
2024-11-05 01:30:00+00:00,0.3333333333333333,0.3333333333333333,0.3333333333333333
2024-11-05 01:40:00+00:00,0.3333333333333333,0.3333333333333333,0.3333333333333333
2024-11-05 01:50:00+00:00,0.3333333333333333,0.3333333333333333,0.3333333333333333
2024-11-05 02:00:00+00:00,0.3333333333333333,0.3333333333333333,0.3333333333333333
2024-11-05 02:10:00+00:00,24.0,0.3333333333333333,24.0
2024-11-05 02:20:00+00:00,0.3333333333333333,0.3333333333333333,0.3333333333333333
2024-11-05 02:30:00+00:00,0.3333333333333333,0.3333333333333333,0.3333333333333333
2024-11-05 02:40:00+00:00,158.0,0.3333333333333333,158.0
2024-11-05 02:50:00+00:00,0.3333333333333333,0.3333333333333333,0.3333333333333333
2024-11-05 03:00:00+00:00,0.3333333333333333,0.3333333333333333,0.3333333333333333
2024-11-05 03:10:00+00:00,0.3333333333333333,0.3333333333333333,0.3333333333333333
2024-11-05 03:20:00+00:00,56.0,0.3333333333333333,56.0
2024-11-05 03:30:00+00:00,2.0,2.0,0.3333333333333333
2024-11-05 03:40:00+00:00,0.3333333333333333,0.3333333333333333,0.3333333333333333
2024-11-05 03:50:00+00:00,0.3333333333333333,0.3333333333333333,0.3333333333333333
2024-11-05 04:00:00+00:00,0.3333333333333333,0.3333333333333333,0.3333333333333333
2024-11-05 04:10:00+00:00,0.3333333333333333,0.3333333333333333,0.3333333333333333
2024-11-05 04:20:00+00:00,0.3333333333333333,0.3333333333333333,0.3333333333333333
2024-11-05 04:30:00+00:00,0.3333333333333333,0.3333333333333333,0.3333333333333333
2024-11-05 04:40:00+00:00,0.3333333333333333,0.3333333333333333,0.3333333333333333
2024-11-05 04:50:00+00:00,0.3333333333333333,0.3333333333333333,0.3333333333333333
2024-11-05 05:00:00+00:00,0.3333333333333333,0.3333333333333333,0.3333333333333333
2024-11-05 05:10:00+00:00,0.3333333333333333,0.3333333333333333,0.3333333333333333
2024-11-05 05:20:00+00:00,0.3333333333333333,0.3333333333333333,0.3333333333333333
2024-11-05 05:30:00+00:00,0.3333333333333333,0.3333333333333333,0.3333333333333333
2024-11-05 05:40:00+00:00,0.3333333333333333,0.3333333333333333,0.3333333333333333
2024-11-05 05:50:00+00:00,0.3333333333333333,0.3333333333333333,0.3333333333333333
2024-11-05 06:00:00+00:00,0.3333333333333333,0.3333333333333333,0.3333333333333333
2024-11-05 06:10:00+00:00,0.3333333333333333,0.3333333333333333,0.3333333333333333
2024-11-05 06:20:00+00:00,0.3333333333333333,0.3333333333333333,0.3333333333333333
2024-11-05 06:30:00+00:00,0.3333333333333333,0.3333333333333333,0.3333333333333333
2024-11-05 06:40:00+00:00,0.3333333333333333,0.3333333333333333,0.3333333333333333
2024-11-05 06:50:00+00:00,0.3333333333333333,0.3333333333333333,0.3333333333333333
2024-11-05 07:00:00+00:00,0.3333333333333333,0.3333333333333333,0.3333333333333333
2024-11-05 07:10:00+00:00,0.3333333333333333,0.3333333333333333,0.3333333333333333
2024-11-05 07:20:00+00:00,0.3333333333333333,0.3333333333333333,0.3333333333333333
2024-11-05 07:30:00+00:00,0.3333333333333333,0.3333333333333333,0.3333333333333333
2024-11-05 07:40:00+00:00,0.3333333333333333,0.3333333333333333,0.3333333333333333
2024-11-05 07:50:00+00:00,0.3333333333333333,0.3333333333333333,0.3333333333333333
2024-11-05 08:00:00+00:00,0.3333333333333333,0.3333333333333333,0.3333333333333333
2024-11-05 08:10:00+00:00,0.3333333333333333,0.3333333333333333,0.3333333333333333
2024-11-05 08:20:00+00:00,0.3333333333333333,0.3333333333333333,0.3333333333333333
2024-11-05 08:30:00+00:00,0.3333333333333333,0.3333333333333333,0.3333333333333333
2024-11-05 08:40:00+00:00,0.3333333333333333,0.3333333333333333,0.3333333333333333
2024-11-05 08:50:00+00:00,0.3333333333333333,0.3333333333333333,0.3333333333333333
2024-11-05 09:00:00+00:00,0.3333333333333333,0.3333333333333333,0.3333333333333333
2024-11-05 09:10:00+00:00,0.3333333333333333,0.3333333333333333,0.3333333333333333
2024-11-05 09:20:00+00:00,0.3333333333333333,0.3333333333333333,0.3333333333333333
2024-11-05 09:30:00+00:00,0.3333333333333333,0.3333333333333333,0.3333333333333333
2024-11-05 09:40:00+00:00,0.3333333333333333,0.3333333333333333,0.3333333333333333
2024-11-05 09:50:00+00:00,0.3333333333333333,0.3333333333333333,0.3333333333333333
2024-11-05 10:00:00+00:00,0.3333333333333333,0.3333333333333333,0.3333333333333333
2024-11-05 10:10:00+00:00,0.3333333333333333,0.3333333333333333,0.3333333333333333
2024-11-05 10:20:00+00:00,0.3333333333333333,0.3333333333333333,0.3333333333333333
2024-11-05 10:30:00+00:00,0.3333333333333333,0.3333333333333333,0.3333333333333333
2024-11-05 10:40:00+00:00,0.3333333333333333,0.3333333333333333,0.3333333333333333
2024-11-05 10:50:00+00:00,0.3333333333333333,0.3333333333333333,0.3333333333333333
2024-11-05 11:00:00+00:00,0.3333333333333333,0.3333333333333333,0.3333333333333333
2024-11-05 11:10:00+00:00,0.3333333333333333,0.3333333333333333,0.3333333333333333
2024-11-05 11:20:00+00:00,0.3333333333333333,0.3333333333333333,0.3333333333333333
2024-11-05 11:30:00+00:00,0.3333333333333333,0.3333333333333333,0.3333333333333333
2024-11-05 11:40:00+00:00,0.3333333333333333,0.3333333333333333,0.3333333333333333
2024-11-05 11:50:00+00:00,0.3333333333333333,0.3333333333333333,0.3333333333333333
2024-11-05 12:00:00+00:00,0.3333333333333333,0.3333333333333333,0.3333333333333333
2024-11-05 12:10:00+00:00,0.3333333333333333,0.3333333333333333,0.3333333333333333
2024-11-05 12:20:00+00:00,0.3333333333333333,0.3333333333333333,0.3333333333333333
2024-11-05 12:30:00+00:00,0.3333333333333333,0.3333333333333333,0.3333333333333333
2024-11-05 12:40:00+00:00,0.3333333333333333,0.3333333333333333,0.3333333333333333
2024-11-05 12:50:00+00:00,0.3333333333333333,0.3333333333333333,0.3333333333333333
2024-11-05 13:00:00+00:00,0.3333333333333333,0.3333333333333333,0.3333333333333333
2024-11-05 13:10:00+00:00,0.3333333333333333,0.3333333333333333,0.3333333333333333
2024-11-05 13:20:00+00:00,0.3333333333333333,0.3333333333333333,0.3333333333333333
2024-11-05 13:30:00+00:00,0.3333333333333333,0.3333333333333333,0.3333333333333333
2024-11-05 13:40:00+00:00,0.3333333333333333,0.3333333333333333,0.3333333333333333
2024-11-05 13:50:00+00:00,0.3333333333333333,0.3333333333333333,0.3333333333333333
2024-11-05 14:00:00+00:00,0.3333333333333333,0.3333333333333333,0.3333333333333333
2024-11-05 14:10:00+00:00,0.3333333333333333,0.3333333333333333,0.3333333333333333
2024-11-05 14:20:00+00:00,0.3333333333333333,0.3333333333333333,0.3333333333333333
2024-11-05 14:30:00+00:00,0.3333333333333333,0.3333333333333333,0.3333333333333333
2024-11-05 14:40:00+00:00,0.3333333333333333,0.3333333333333333,0.3333333333333333
2024-11-05 14:50:00+00:00,0.3333333333333333,0.3333333333333333,0.3333333333333333
2024-11-05 15:00:00+00:00,0.3333333333333333,0.3333333333333333,0.3333333333333333
2024-11-05 15:10:00+00:00,0.3333333333333333,0.3333333333333333,0.3333333333333333
2024-11-05 15:20:00+00:00,0.3333333333333333,0.3333333333333333,0.3333333333333333
2024-11-05 15:30:00+00:00,0.3333333333333333,0.3333333333333333,0.3333333333333333
2024-11-05 15:40:00+00:00,0.3333333333333333,0.3333333333333333,0.3333333333333333
2024-11-05 15:50:00+00:00,0.3333333333333333,0.3333333333333333,0.3333333333333333
2024-11-05 16:00:00+00:00,0.3333333333333333,0.3333333333333333,0.3333333333333333
2024-11-05 16:10:00+00:00,0.3333333333333333,0.3333333333333333,0.3333333333333333
2024-11-05 16:20:00+00:00,0.3333333333333333,0.3333333333333333,0.3333333333333333
2024-11-05 16:30:00+00:00,0.3333333333333333,0.3333333333333333,0.3333333333333333
2024-11-05 16:40:00+00:00,0.3333333333333333,0.3333333333333333,0.3333333333333333
2024-11-05 16:50:00+00:00,0.3333333333333333,0.3333333333333333,0.3333333333333333
2024-11-05 17:00:00+00:00,0.3333333333333333,0.3333333333333333,0.3333333333333333
2024-11-05 17:10:00+00:00,0.3333333333333333,0.3333333333333333,0.3333333333333333
2024-11-05 17:20:00+00:00,0.3333333333333333,0.3333333333333333,0.3333333333333333
2024-11-05 17:30:00+00:00,0.3333333333333333,0.3333333333333333,0.3333333333333333
2024-11-05 17:40:00+00:00,0.3333333333333333,0.3333333333333333,0.3333333333333333
2024-11-05 17:50:00+00:00,0.3333333333333333,0.3333333333333333,0.3333333333333333
2024-11-05 18:00:00+00:00,0.3333333333333333,0.3333333333333333,0.3333333333333333
2024-11-05 18:10:00+00:00,0.3333333333333333,0.3333333333333333,0.3333333333333333
2024-11-05 18:20:00+00:00,0.3333333333333333,0.3333333333333333,0.3333333333333333
2024-11-05 18:30:00+00:00,0.3333333333333333,0.3333333333333333,0.3333333333333333
2024-11-05 18:40:00+00:00,0.3333333333333333,0.3333333333333333,0.3333333333333333
2024-11-05 18:50:00+00:00,0.3333333333333333,0.3333333333333333,0.3333333333333333
2024-11-05 19:00:00+00:00,0.3333333333333333,0.3333333333333333,0.3333333333333333
2024-11-05 19:10:00+00:00,0.3333333333333333,0.3333333333333333,0.3333333333333333
2024-11-05 19:20:00+00:00,0.3333333333333333,0.3333333333333333,0.3333333333333333
2024-11-05 19:30:00+00:00,0.3333333333333333,0.3333333333333333,0.3333333333333333
2024-11-05 19:40:00+00:00,0.3333333333333333,0.3333333333333333,0.3333333333333333
2024-11-05 19:50:00+00:00,0.3333333333333333,0.3333333333333333,0.3333333333333333
2024-11-05 20:00:00+00:00,0.3333333333333333,0.3333333333333333,0.3333333333333333
2024-11-05 20:10:00+00:00,0.3333333333333333,0.3333333333333333,0.3333333333333333
2024-11-05 20:20:00+00:00,0.3333333333333333,0.3333333333333333,0.3333333333333333
2024-11-05 20:30:00+00:00,0.3333333333333333,0.3333333333333333,0.3333333333333333
2024-11-05 20:40:00+00:00,0.3333333333333333,0.3333333333333333,0.3333333333333333
2024-11-05 20:50:00+00:00,0.3333333333333333,0.3333333333333333,0.3333333333333333
2024-11-05 21:00:00+00:00,0.3333333333333333,0.3333333333333333,0.3333333333333333
2024-11-05 21:10:00+00:00,0.3333333333333333,0.3333333333333333,0.3333333333333333
2024-11-05 21:20:00+00:00,0.3333333333333333,0.3333333333333333,0.3333333333333333
2024-11-05 21:30:00+00:00,0.3333333333333333,0.3333333333333333,0.3333333333333333
2024-11-05 21:40:00+00:00,0.3333333333333333,0.3333333333333333,0.3333333333333333
2024-11-05 21:50:00+00:00,0.3333333333333333,0.3333333333333333,0.3333333333333333
2024-11-05 22:00:00+00:00,0.3333333333333333,0.3333333333333333,0.3333333333333333
2024-11-05 22:10:00+00:00,0.3333333333333333,0.3333333333333333,0.3333333333333333
2024-11-05 22:20:00+00:00,0.3333333333333333,0.3333333333333333,0.3333333333333333
2024-11-05 22:30:00+00:00,0.3333333333333333,0.3333333333333333,0.3333333333333333
2024-11-05 22:40:00+00:00,0.3333333333333333,0.3333333333333333,0.3333333333333333
2024-11-05 22:50:00+00:00,0.3333333333333333,0.3333333333333333,0.3333333333333333
2024-11-05 23:00:00+00:00,0.3333333333333333,0.3333333333333333,0.3333333333333333
2024-11-05 23:10:00+00:00,0.3333333333333333,0.3333333333333333,0.3333333333333333
2024-11-05 23:20:00+00:00,0.3333333333333333,0.3333333333333333,0.3333333333333333
2024-11-05 23:30:00+00:00,0.3333333333333333,0.3333333333333333,0.3333333333333333
2024-11-05 23:40:00+00:00,0.3333333333333333,0.3333333333333333,0.3333333333333333
2024-11-05 23:50:00+00:00,0.3333333333333333,0.3333333333333333,0.3333333333333333
2024-11-06 00:00:00+00:00,0.3333333333333333,0.3333333333333333,0.3333333333333333
2024-11-06 00:10:00+00:00,0.3333333333333333,0.3333333333333333,0.3333333333333333
2024-11-06 00:20:00+00:00,0.3333333333333333,0.3333333333333333,0.3333333333333333
2024-11-06 00:30:00+00:00,0.3333333333333333,0.3333333333333333,0.3333333333333333
2024-11-06 00:40:00+00:00,0.3333333333333333,0.3333333333333333,0.3333333333333333
2024-11-06 00:50:00+00:00,0.3333333333333333,0.3333333333333333,0.3333333333333333
2024-11-06 01:00:00+00:00,0.3333333333333333,0.3333333333333333,0.3333333333333333
2024-11-06 01:10:00+00:00,0.3333333333333333,0.3333333333333333,0.3333333333333333
2024-11-06 01:20:00+00:00,0.3333333333333333,0.3333333333333333,0.3333333333333333
2024-11-06 01:30:00+00:00,0.3333333333333333,0.3333333333333333,0.3333333333333333
2024-11-06 01:40:00+00:00,0.3333333333333333,0.3333333333333333,0.3333333333333333
2024-11-06 01:50:00+00:00,0.3333333333333333,0.3333333333333333,0.3333333333333333
2024-11-06 02:00:00+00:00,0.3333333333333333,0.3333333333333333,0.3333333333333333
2024-11-06 02:10:00+00:00,0.3333333333333333,0.3333333333333333,0.3333333333333333
2024-11-06 02:20:00+00:00,0.3333333333333333,0.3333333333333333,0.3333333333333333
2024-11-06 02:30:00+00:00,0.3333333333333333,0.3333333333333333,0.3333333333333333
2024-11-06 02:40:00+00:00,0.3333333333333333,0.3333333333333333,0.3333333333333333
2024-11-06 02:50:00+00:00,0.3333333333333333,0.3333333333333333,0.3333333333333333
2024-11-06 03:00:00+00:00,0.3333333333333333,0.3333333333333333,0.3333333333333333
2024-11-06 03:10:00+00:00,0.3333333333333333,0.3333333333333333,0.3333333333333333
2024-11-06 03:20:00+00:00,0.3333333333333333,0.3333333333333333,0.3333333333333333
2024-11-06 03:30:00+00:00,0.3333333333333333,0.3333333333333333,0.3333333333333333
2024-11-06 03:40:00+00:00,0.3333333333333333,0.3333333333333333,0.3333333333333333
2024-11-06 03:50:00+00:00,0.3333333333333333,0.3333333333333333,0.3333333333333333
2024-11-06 04:00:00+00:00,0.3333333333333333,0.3333333333333333,0.3333333333333333
2024-11-06 04:10:00+00:00,0.3333333333333333,0.3333333333333333,0.3333333333333333
2024-11-06 04:20:00+00:00,0.3333333333333333,0.3333333333333333,0.3333333333333333
2024-11-06 04:30:00+00:00,0.3333333333333333,0.3333333333333333,0.3333333333333333
2024-11-06 04:40:00+00:00,0.3333333333333333,0.3333333333333333,0.3333333333333333
2024-11-06 04:50:00+00:00,0.3333333333333333,0.3333333333333333,0.3333333333333333
2024-11-06 05:00:00+00:00,0.3333333333333333,0.3333333333333333,0.3333333333333333
2024-11-06 05:10:00+00:00,0.3333333333333333,0.3333333333333333,0.3333333333333333
2024-11-06 05:20:00+00:00,0.3333333333333333,0.3333333333333333,0.3333333333333333
2024-11-06 05:30:00+00:00,0.3333333333333333,0.3333333333333333,0.3333333333333333
2024-11-06 05:40:00+00:00,0.3333333333333333,0.3333333333333333,0.3333333333333333
2024-11-06 05:50:00+00:00,0.3333333333333333,0.3333333333333333,0.3333333333333333
2024-11-06 06:00:00+00:00,0.3333333333333333,0.3333333333333333,0.3333333333333333
2024-11-06 06:10:00+00:00,0.3333333333333333,0.3333333333333333,0.3333333333333333
2024-11-06 06:20:00+00:00,0.3333333333333333,0.3333333333333333,0.3333333333333333
2024-11-06 06:30:00+00:00,0.3333333333333333,0.3333333333333333,0.3333333333333333
2024-11-06 06:40:00+00:00,0.3333333333333333,0.3333333333333333,0.3333333333333333
2024-11-06 06:50:00+00:00,0.3333333333333333,0.3333333333333333,0.3333333333333333
2024-11-06 07:00:00+00:00,0.3333333333333333,0.3333333333333333,0.3333333333333333
2024-11-06 07:10:00+00:00,0.3333333333333333,0.3333333333333333,0.3333333333333333
2024-11-06 07:20:00+00:00,0.3333333333333333,0.3333333333333333,0.3333333333333333
2024-11-06 07:30:00+00:00,0.3333333333333333,0.3333333333333333,0.3333333333333333
2024-11-06 07:40:00+00:00,0.3333333333333333,0.3333333333333333,0.3333333333333333
2024-11-06 07:50:00+00:00,0.3333333333333333,0.3333333333333333,0.3333333333333333
2024-11-06 08:00:00+00:00,0.3333333333333333,0.3333333333333333,0.3333333333333333
2024-11-06 08:10:00+00:00,0.3333333333333333,0.3333333333333333,0.3333333333333333
2024-11-06 08:20:00+00:00,0.3333333333333333,0.3333333333333333,0.3333333333333333
2024-11-06 08:30:00+00:00,0.3333333333333333,0.3333333333333333,0.3333333333333333
2024-11-06 08:40:00+00:00,0.3333333333333333,0.3333333333333333,0.3333333333333333
2024-11-06 08:50:00+00:00,0.3333333333333333,0.3333333333333333,0.3333333333333333
2024-11-06 09:00:00+00:00,0.3333333333333333,0.3333333333333333,0.3333333333333333
2024-11-06 09:10:00+00:00,0.3333333333333333,0.3333333333333333,0.3333333333333333
2024-11-06 09:20:00+00:00,0.3333333333333333,0.3333333333333333,0.3333333333333333
2024-11-06 09:30:00+00:00,0.3333333333333333,0.3333333333333333,0.3333333333333333
2024-11-06 09:40:00+00:00,0.3333333333333333,0.3333333333333333,0.3333333333333333
2024-11-06 09:50:00+00:00,0.3333333333333333,0.3333333333333333,0.3333333333333333
2024-11-06 10:00:00+00:00,0.3333333333333333,0.3333333333333333,0.3333333333333333
2024-11-06 10:10:00+00:00,0.3333333333333333,0.3333333333333333,0.3333333333333333
2024-11-06 10:20:00+00:00,0.3333333333333333,0.3333333333333333,0.3333333333333333
2024-11-06 10:30:00+00:00,0.3333333333333333,0.3333333333333333,0.3333333333333333
2024-11-06 10:40:00+00:00,0.3333333333333333,0.3333333333333333,0.3333333333333333
2024-11-06 10:50:00+00:00,0.3333333333333333,0.3333333333333333,0.3333333333333333
2024-11-06 11:00:00+00:00,0.3333333333333333,0.3333333333333333,0.3333333333333333
2024-11-06 11:10:00+00:00,0.3333333333333333,0.3333333333333333,0.3333333333333333
2024-11-06 11:20:00+00:00,0.3333333333333333,0.3333333333333333,0.3333333333333333
2024-11-06 11:30:00+00:00,0.3333333333333333,0.3333333333333333,0.3333333333333333
2024-11-06 11:40:00+00:00,0.3333333333333333,0.3333333333333333,0.3333333333333333
2024-11-06 11:50:00+00:00,0.3333333333333333,0.3333333333333333,0.3333333333333333
2024-11-06 12:00:00+00:00,0.3333333333333333,0.3333333333333333,0.3333333333333333
2024-11-06 12:10:00+00:00,0.3333333333333333,0.3333333333333333,0.3333333333333333
2024-11-06 12:20:00+00:00,0.3333333333333333,0.3333333333333333,0.3333333333333333
2024-11-06 12:30:00+00:00,0.3333333333333333,0.3333333333333333,0.3333333333333333
2024-11-06 12:40:00+00:00,0.3333333333333333,0.3333333333333333,0.3333333333333333
2024-11-06 12:50:00+00:00,0.3333333333333333,0.3333333333333333,0.3333333333333333
2024-11-06 13:00:00+00:00,0.3333333333333333,0.3333333333333333,0.3333333333333333
2024-11-06 13:10:00+00:00,0.3333333333333333,0.3333333333333333,0.3333333333333333
2024-11-06 13:20:00+00:00,0.3333333333333333,0.3333333333333333,0.3333333333333333
2024-11-06 13:30:00+00:00,0.3333333333333333,0.3333333333333333,0.3333333333333333
2024-11-06 13:40:00+00:00,0.3333333333333333,0.3333333333333333,0.3333333333333333
2024-11-06 13:50:00+00:00,0.3333333333333333,0.3333333333333333,0.3333333333333333
2024-11-06 14:00:00+00:00,0.3333333333333333,0.3333333333333333,0.3333333333333333
2024-11-06 14:10:00+00:00,0.3333333333333333,0.3333333333333333,0.3333333333333333
2024-11-06 14:20:00+00:00,0.3333333333333333,0.3333333333333333,0.3333333333333333
2024-11-06 14:30:00+00:00,0.3333333333333333,0.3333333333333333,0.3333333333333333
2024-11-06 14:40:00+00:00,0.3333333333333333,0.3333333333333333,0.3333333333333333
2024-11-06 14:50:00+00:00,0.3333333333333333,0.3333333333333333,0.3333333333333333
2024-11-06 15:00:00+00:00,0.3333333333333333,0.3333333333333333,0.3333333333333333
2024-11-06 15:10:00+00:00,0.3333333333333333,0.3333333333333333,0.3333333333333333
2024-11-06 15:20:00+00:00,0.3333333333333333,0.3333333333333333,0.3333333333333333
2024-11-06 15:30:00+00:00,0.3333333333333333,0.3333333333333333,0.3333333333333333
2024-11-06 15:40:00+00:00,0.3333333333333333,0.3333333333333333,0.3333333333333333
2024-11-06 15:50:00+00:00,0.3333333333333333,0.3333333333333333,0.3333333333333333
2024-11-06 16:00:00+00:00,0.3333333333333333,0.3333333333333333,0.3333333333333333
2024-11-06 16:10:00+00:00,0.3333333333333333,0.3333333333333333,0.3333333333333333
2024-11-06 16:20:00+00:00,0.3333333333333333,0.3333333333333333,0.3333333333333333
2024-11-06 16:30:00+00:00,0.3333333333333333,0.3333333333333333,0.3333333333333333
2024-11-06 16:40:00+00:00,0.3333333333333333,0.3333333333333333,0.3333333333333333
2024-11-06 16:50:00+00:00,0.3333333333333333,0.3333333333333333,0.3333333333333333
2024-11-06 17:00:00+00:00,0.3333333333333333,0.3333333333333333,0.3333333333333333
2024-11-06 17:10:00+00:00,0.3333333333333333,0.3333333333333333,0.3333333333333333
2024-11-06 17:20:00+00:00,0.3333333333333333,0.3333333333333333,0.3333333333333333
2024-11-06 17:30:00+00:00,0.3333333333333333,0.3333333333333333,0.3333333333333333
2024-11-06 17:40:00+00:00,0.3333333333333333,0.3333333333333333,0.3333333333333333
2024-11-06 17:50:00+00:00,0.3333333333333333,0.3333333333333333,0.3333333333333333
2024-11-06 18:00:00+00:00,0.3333333333333333,0.3333333333333333,0.3333333333333333
2024-11-06 18:10:00+00:00,0.3333333333333333,0.3333333333333333,0.3333333333333333
2024-11-06 18:20:00+00:00,0.3333333333333333,0.3333333333333333,0.3333333333333333
2024-11-06 18:30:00+00:00,0.3333333333333333,0.3333333333333333,0.3333333333333333
2024-11-06 18:40:00+00:00,0.3333333333333333,0.3333333333333333,0.3333333333333333
2024-11-06 18:50:00+00:00,0.3333333333333333,0.3333333333333333,0.3333333333333333
2024-11-06 19:00:00+00:00,0.3333333333333333,0.3333333333333333,0.3333333333333333
2024-11-06 19:10:00+00:00,0.3333333333333333,0.3333333333333333,0.3333333333333333
2024-11-06 19:20:00+00:00,0.3333333333333333,0.3333333333333333,0.3333333333333333
2024-11-06 19:30:00+00:00,0.3333333333333333,0.3333333333333333,0.3333333333333333
2024-11-06 19:40:00+00:00,0.3333333333333333,0.3333333333333333,0.3333333333333333
2024-11-06 19:50:00+00:00,0.3333333333333333,0.3333333333333333,0.3333333333333333
2024-11-06 20:00:00+00:00,0.3333333333333333,0.3333333333333333,0.3333333333333333
2024-11-06 20:10:00+00:00,0.3333333333333333,0.3333333333333333,0.3333333333333333
2024-11-06 20:20:00+00:00,0.3333333333333333,0.3333333333333333,0.3333333333333333
2024-11-06 20:30:00+00:00,0.3333333333333333,0.3333333333333333,0.3333333333333333
2024-11-06 20:40:00+00:00,0.3333333333333333,0.3333333333333333,0.3333333333333333
2024-11-06 20:50:00+00:00,0.3333333333333333,0.3333333333333333,0.3333333333333333
2024-11-06 21:00:00+00:00,0.3333333333333333,0.3333333333333333,0.3333333333333333
2024-11-06 21:10:00+00:00,0.3333333333333333,0.3333333333333333,0.3333333333333333
2024-11-06 21:20:00+00:00,0.3333333333333333,0.3333333333333333,0.3333333333333333
2024-11-06 21:30:00+00:00,0.3333333333333333,0.3333333333333333,0.3333333333333333
2024-11-06 21:40:00+00:00,0.3333333333333333,0.3333333333333333,0.3333333333333333
2024-11-06 21:50:00+00:00,0.3333333333333333,0.3333333333333333,0.3333333333333333
2024-11-06 22:00:00+00:00,0.3333333333333333,0.3333333333333333,0.3333333333333333
2024-11-06 22:10:00+00:00,0.3333333333333333,0.3333333333333333,0.3333333333333333
2024-11-06 22:20:00+00:00,0.3333333333333333,0.3333333333333333,0.3333333333333333
2024-11-06 22:30:00+00:00,0.3333333333333333,0.3333333333333333,0.3333333333333333
2024-11-06 22:40:00+00:00,0.3333333333333333,0.3333333333333333,0.3333333333333333
2024-11-06 22:50:00+00:00,0.3333333333333333,0.3333333333333333,0.3333333333333333
2024-11-06 23:00:00+00:00,0.3333333333333333,0.3333333333333333,0.3333333333333333
2024-11-06 23:10:00+00:00,0.3333333333333333,0.3333333333333333,0.3333333333333333
2024-11-06 23:20:00+00:00,0.3333333333333333,0.3333333333333333,0.3333333333333333
2024-11-06 23:30:00+00:00,0.3333333333333333,0.3333333333333333,0.3333333333333333
2024-11-06 23:40:00+00:00,0.3333333333333333,0.3333333333333333,0.3333333333333333
2024-11-06 23:50:00+00:00,0.3333333333333333,0.3333333333333333,0.3333333333333333
2024-11-07 00:00:00+00:00,0.3333333333333333,0.3333333333333333,0.3333333333333333
2024-11-07 00:10:00+00:00,0.3333333333333333,0.3333333333333333,0.3333333333333333
2024-11-07 00:20:00+00:00,0.3333333333333333,0.3333333333333333,0.3333333333333333
2024-11-07 00:30:00+00:00,0.3333333333333333,0.3333333333333333,0.3333333333333333
2024-11-07 00:40:00+00:00,0.3333333333333333,0.3333333333333333,0.3333333333333333
2024-11-07 00:50:00+00:00,0.3333333333333333,0.3333333333333333,0.3333333333333333
2024-11-07 01:00:00+00:00,0.3333333333333333,0.3333333333333333,0.3333333333333333
2024-11-07 01:10:00+00:00,0.3333333333333333,0.3333333333333333,0.3333333333333333
2024-11-07 01:20:00+00:00,0.3333333333333333,0.3333333333333333,0.3333333333333333
2024-11-07 01:30:00+00:00,0.3333333333333333,0.3333333333333333,0.3333333333333333
2024-11-07 01:40:00+00:00,0.3333333333333333,0.3333333333333333,0.3333333333333333
2024-11-07 01:50:00+00:00,0.3333333333333333,0.3333333333333333,0.3333333333333333
2024-11-07 02:00:00+00:00,0.3333333333333333,0.3333333333333333,0.3333333333333333
2024-11-07 02:10:00+00:00,0.3333333333333333,0.3333333333333333,0.3333333333333333
2024-11-07 02:20:00+00:00,0.3333333333333333,0.3333333333333333,0.3333333333333333
2024-11-07 02:30:00+00:00,0.3333333333333333,0.3333333333333333,0.3333333333333333
2024-11-07 02:40:00+00:00,0.3333333333333333,0.3333333333333333,0.3333333333333333
2024-11-07 02:50:00+00:00,0.3333333333333333,0.3333333333333333,0.3333333333333333
2024-11-07 03:00:00+00:00,0.3333333333333333,0.3333333333333333,0.3333333333333333
2024-11-07 03:10:00+00:00,0.3333333333333333,0.3333333333333333,0.3333333333333333
2024-11-07 03:20:00+00:00,40.0,0.3333333333333333,40.0
2024-11-07 03:30:00+00:00,0.3333333333333333,0.3333333333333333,0.3333333333333333
2024-11-07 03:40:00+00:00,0.3333333333333333,0.3333333333333333,0.3333333333333333
2024-11-07 03:50:00+00:00,0.3333333333333333,0.3333333333333333,0.3333333333333333
2024-11-07 04:00:00+00:00,0.3333333333333333,0.3333333333333333,0.3333333333333333
2024-11-07 04:10:00+00:00,0.3333333333333333,0.3333333333333333,0.3333333333333333
2024-11-07 04:20:00+00:00,0.3333333333333333,0.3333333333333333,0.3333333333333333
2024-11-07 04:30:00+00:00,0.3333333333333333,0.3333333333333333,0.3333333333333333
2024-11-07 04:40:00+00:00,0.3333333333333333,0.3333333333333333,0.3333333333333333
2024-11-07 04:50:00+00:00,0.3333333333333333,0.3333333333333333,0.3333333333333333
2024-11-07 05:00:00+00:00,0.3333333333333333,0.3333333333333333,0.3333333333333333
2024-11-07 05:10:00+00:00,0.3333333333333333,0.3333333333333333,0.3333333333333333
2024-11-07 05:20:00+00:00,0.3333333333333333,0.3333333333333333,0.3333333333333333
2024-11-07 05:30:00+00:00,0.3333333333333333,0.3333333333333333,0.3333333333333333
2024-11-07 05:40:00+00:00,0.3333333333333333,0.3333333333333333,0.3333333333333333
2024-11-07 05:50:00+00:00,0.3333333333333333,0.3333333333333333,0.3333333333333333
2024-11-07 06:00:00+00:00,0.3333333333333333,0.3333333333333333,0.3333333333333333
2024-11-07 06:10:00+00:00,0.3333333333333333,0.3333333333333333,0.3333333333333333
2024-11-07 06:20:00+00:00,0.3333333333333333,0.3333333333333333,0.3333333333333333
2024-11-07 06:30:00+00:00,0.3333333333333333,0.3333333333333333,0.3333333333333333
2024-11-07 06:40:00+00:00,0.3333333333333333,0.3333333333333333,0.3333333333333333
2024-11-07 06:50:00+00:00,0.3333333333333333,0.3333333333333333,0.3333333333333333
2024-11-07 07:00:00+00:00,0.3333333333333333,0.3333333333333333,0.3333333333333333
2024-11-07 07:10:00+00:00,0.3333333333333333,0.3333333333333333,0.3333333333333333
2024-11-07 07:20:00+00:00,0.3333333333333333,0.3333333333333333,0.3333333333333333
2024-11-07 07:30:00+00:00,0.3333333333333333,0.3333333333333333,0.3333333333333333
2024-11-07 07:40:00+00:00,46.0,46.0,0.3333333333333333
2024-11-07 07:50:00+00:00,0.3333333333333333,0.3333333333333333,0.3333333333333333
2024-11-07 08:00:00+00:00,0.3333333333333333,0.3333333333333333,0.3333333333333333
2024-11-07 08:10:00+00:00,0.3333333333333333,0.3333333333333333,0.3333333333333333
2024-11-07 08:20:00+00:00,0.3333333333333333,0.3333333333333333,0.3333333333333333
2024-11-07 08:30:00+00:00,0.3333333333333333,0.3333333333333333,0.3333333333333333
2024-11-07 08:40:00+00:00,0.3333333333333333,0.3333333333333333,0.3333333333333333
2024-11-07 08:50:00+00:00,0.3333333333333333,0.3333333333333333,0.3333333333333333
2024-11-07 09:00:00+00:00,0.3333333333333333,0.3333333333333333,0.3333333333333333
2024-11-07 09:10:00+00:00,0.3333333333333333,0.3333333333333333,0.3333333333333333
2024-11-07 09:20:00+00:00,0.3333333333333333,0.3333333333333333,0.3333333333333333
2024-11-07 09:30:00+00:00,0.3333333333333333,0.3333333333333333,0.3333333333333333
2024-11-07 09:40:00+00:00,0.3333333333333333,0.3333333333333333,0.3333333333333333
2024-11-07 09:50:00+00:00,0.3333333333333333,0.3333333333333333,0.3333333333333333
2024-11-07 10:00:00+00:00,0.3333333333333333,0.3333333333333333,0.3333333333333333
2024-11-07 10:10:00+00:00,0.3333333333333333,0.3333333333333333,0.3333333333333333
2024-11-07 10:20:00+00:00,0.3333333333333333,0.3333333333333333,0.3333333333333333
2024-11-07 10:30:00+00:00,0.3333333333333333,0.3333333333333333,0.3333333333333333
2024-11-07 10:40:00+00:00,0.3333333333333333,0.3333333333333333,0.3333333333333333
2024-11-07 10:50:00+00:00,0.3333333333333333,0.3333333333333333,0.3333333333333333
2024-11-07 11:00:00+00:00,0.3333333333333333,0.3333333333333333,0.3333333333333333
2024-11-07 11:10:00+00:00,0.3333333333333333,0.3333333333333333,0.3333333333333333
2024-11-07 11:20:00+00:00,0.3333333333333333,0.3333333333333333,0.3333333333333333
2024-11-07 11:30:00+00:00,0.3333333333333333,0.3333333333333333,0.3333333333333333
2024-11-07 11:40:00+00:00,0.3333333333333333,0.3333333333333333,0.3333333333333333
2024-11-07 11:50:00+00:00,0.3333333333333333,0.3333333333333333,0.3333333333333333
2024-11-07 12:00:00+00:00,0.3333333333333333,0.3333333333333333,0.3333333333333333
2024-11-07 12:10:00+00:00,0.3333333333333333,0.3333333333333333,0.3333333333333333
2024-11-07 12:20:00+00:00,0.3333333333333333,0.3333333333333333,0.3333333333333333
2024-11-07 12:30:00+00:00,0.3333333333333333,0.3333333333333333,0.3333333333333333
2024-11-07 12:40:00+00:00,0.3333333333333333,0.3333333333333333,0.3333333333333333
2024-11-07 12:50:00+00:00,0.3333333333333333,0.3333333333333333,0.3333333333333333
2024-11-07 13:00:00+00:00,0.3333333333333333,0.3333333333333333,0.3333333333333333
2024-11-07 13:10:00+00:00,0.3333333333333333,0.3333333333333333,0.3333333333333333
2024-11-07 13:20:00+00:00,0.3333333333333333,0.3333333333333333,0.3333333333333333
2024-11-07 13:30:00+00:00,0.3333333333333333,0.3333333333333333,0.3333333333333333
2024-11-07 13:40:00+00:00,0.3333333333333333,0.3333333333333333,0.3333333333333333
2024-11-07 13:50:00+00:00,0.3333333333333333,0.3333333333333333,0.3333333333333333
2024-11-07 14:00:00+00:00,0.3333333333333333,0.3333333333333333,0.3333333333333333
2024-11-07 14:10:00+00:00,0.3333333333333333,0.3333333333333333,0.3333333333333333
2024-11-07 14:20:00+00:00,0.3333333333333333,0.3333333333333333,0.3333333333333333
2024-11-07 14:30:00+00:00,0.3333333333333333,0.3333333333333333,0.3333333333333333
2024-11-07 14:40:00+00:00,0.3333333333333333,0.3333333333333333,0.3333333333333333
2024-11-07 14:50:00+00:00,0.3333333333333333,0.3333333333333333,0.3333333333333333
2024-11-07 15:00:00+00:00,0.3333333333333333,0.3333333333333333,0.3333333333333333
2024-11-07 15:10:00+00:00,0.3333333333333333,0.3333333333333333,0.3333333333333333
2024-11-07 15:20:00+00:00,0.3333333333333333,0.3333333333333333,0.3333333333333333
2024-11-07 15:30:00+00:00,0.3333333333333333,0.3333333333333333,0.3333333333333333
2024-11-07 15:40:00+00:00,0.3333333333333333,0.3333333333333333,0.3333333333333333
2024-11-07 15:50:00+00:00,0.3333333333333333,0.3333333333333333,0.3333333333333333
2024-11-07 16:00:00+00:00,0.3333333333333333,0.3333333333333333,0.3333333333333333
2024-11-07 16:10:00+00:00,0.3333333333333333,0.3333333333333333,0.3333333333333333
2024-11-07 16:20:00+00:00,0.3333333333333333,0.3333333333333333,0.3333333333333333
2024-11-07 16:30:00+00:00,0.3333333333333333,0.3333333333333333,0.3333333333333333
2024-11-07 16:40:00+00:00,0.3333333333333333,0.3333333333333333,0.3333333333333333
2024-11-07 16:50:00+00:00,0.3333333333333333,0.3333333333333333,0.3333333333333333
2024-11-07 17:00:00+00:00,0.3333333333333333,0.3333333333333333,0.3333333333333333
2024-11-07 17:10:00+00:00,0.3333333333333333,0.3333333333333333,0.3333333333333333
2024-11-07 17:20:00+00:00,0.3333333333333333,0.3333333333333333,0.3333333333333333
2024-11-07 17:30:00+00:00,0.3333333333333333,0.3333333333333333,0.3333333333333333
2024-11-07 17:40:00+00:00,0.3333333333333333,0.3333333333333333,0.3333333333333333
2024-11-07 17:50:00+00:00,0.3333333333333333,0.3333333333333333,0.3333333333333333
2024-11-07 18:00:00+00:00,0.3333333333333333,0.3333333333333333,0.3333333333333333
2024-11-07 18:10:00+00:00,0.3333333333333333,0.3333333333333333,0.3333333333333333
2024-11-07 18:20:00+00:00,0.3333333333333333,0.3333333333333333,0.3333333333333333
2024-11-07 18:30:00+00:00,0.3333333333333333,0.3333333333333333,0.3333333333333333
2024-11-07 18:40:00+00:00,0.3333333333333333,0.3333333333333333,0.3333333333333333
2024-11-07 18:50:00+00:00,0.3333333333333333,0.3333333333333333,0.3333333333333333
2024-11-07 19:00:00+00:00,0.3333333333333333,0.3333333333333333,0.3333333333333333
2024-11-07 19:10:00+00:00,0.3333333333333333,0.3333333333333333,0.3333333333333333
2024-11-07 19:20:00+00:00,0.3333333333333333,0.3333333333333333,0.3333333333333333
2024-11-07 19:30:00+00:00,0.3333333333333333,0.3333333333333333,0.3333333333333333
2024-11-07 19:40:00+00:00,0.3333333333333333,0.3333333333333333,0.3333333333333333
2024-11-07 19:50:00+00:00,0.3333333333333333,0.3333333333333333,0.3333333333333333
2024-11-07 20:00:00+00:00,0.3333333333333333,0.3333333333333333,0.3333333333333333
2024-11-07 20:10:00+00:00,0.3333333333333333,0.3333333333333333,0.3333333333333333
2024-11-07 20:20:00+00:00,0.3333333333333333,0.3333333333333333,0.3333333333333333
2024-11-07 20:30:00+00:00,0.3333333333333333,0.3333333333333333,0.3333333333333333
2024-11-07 20:40:00+00:00,0.3333333333333333,0.3333333333333333,0.3333333333333333
2024-11-07 20:50:00+00:00,0.3333333333333333,0.3333333333333333,0.3333333333333333
2024-11-07 21:00:00+00:00,0.3333333333333333,0.3333333333333333,0.3333333333333333
2024-11-07 21:10:00+00:00,2.0,2.0,0.3333333333333333
2024-11-07 21:20:00+00:00,0.3333333333333333,0.3333333333333333,0.3333333333333333
2024-11-07 21:30:00+00:00,0.3333333333333333,0.3333333333333333,0.3333333333333333
2024-11-07 21:40:00+00:00,0.3333333333333333,0.3333333333333333,0.3333333333333333
2024-11-07 21:50:00+00:00,0.3333333333333333,0.3333333333333333,0.3333333333333333
2024-11-07 22:00:00+00:00,0.3333333333333333,0.3333333333333333,0.3333333333333333
2024-11-07 22:10:00+00:00,0.3333333333333333,0.3333333333333333,0.3333333333333333
2024-11-07 22:20:00+00:00,0.3333333333333333,0.3333333333333333,0.3333333333333333
2024-11-07 22:30:00+00:00,0.3333333333333333,0.3333333333333333,0.3333333333333333
2024-11-07 22:40:00+00:00,0.3333333333333333,0.3333333333333333,0.3333333333333333
2024-11-07 22:50:00+00:00,0.3333333333333333,0.3333333333333333,0.3333333333333333
2024-11-07 23:00:00+00:00,0.3333333333333333,0.3333333333333333,0.3333333333333333
2024-11-07 23:10:00+00:00,0.3333333333333333,0.3333333333333333,0.3333333333333333
2024-11-07 23:20:00+00:00,0.3333333333333333,0.3333333333333333,0.3333333333333333
2024-11-07 23:30:00+00:00,0.3333333333333333,0.3333333333333333,0.3333333333333333
2024-11-07 23:40:00+00:00,0.3333333333333333,0.3333333333333333,0.3333333333333333
2024-11-07 23:50:00+00:00,0.3333333333333333,0.3333333333333333,0.3333333333333333
2024-11-08 00:00:00+00:00,0.3333333333333333,0.3333333333333333,0.3333333333333333
2024-11-08 00:10:00+00:00,0.3333333333333333,0.3333333333333333,0.3333333333333333
2024-11-08 00:20:00+00:00,0.3333333333333333,0.3333333333333333,0.3333333333333333
2024-11-08 00:30:00+00:00,0.3333333333333333,0.3333333333333333,0.3333333333333333
2024-11-08 00:40:00+00:00,0.3333333333333333,0.3333333333333333,0.3333333333333333
2024-11-08 00:50:00+00:00,0.3333333333333333,0.3333333333333333,0.3333333333333333
2024-11-08 01:00:00+00:00,0.3333333333333333,0.3333333333333333,0.3333333333333333
2024-11-08 01:10:00+00:00,0.3333333333333333,0.3333333333333333,0.3333333333333333
2024-11-08 01:20:00+00:00,0.3333333333333333,0.3333333333333333,0.3333333333333333
2024-11-08 01:30:00+00:00,112.0,112.0,0.3333333333333333
2024-11-08 01:40:00+00:00,204.0,204.0,0.3333333333333333
2024-11-08 01:50:00+00:00,0.3333333333333333,0.3333333333333333,0.3333333333333333
2024-11-08 02:00:00+00:00,0.3333333333333333,0.3333333333333333,0.3333333333333333
2024-11-08 02:10:00+00:00,26.0,26.0,0.3333333333333333
2024-11-08 02:20:00+00:00,0.3333333333333333,0.3333333333333333,0.3333333333333333
2024-11-08 02:30:00+00:00,20.0,0.3333333333333333,20.0
2024-11-08 02:40:00+00:00,48.0,0.3333333333333333,48.0
2024-11-08 02:50:00+00:00,0.3333333333333333,0.3333333333333333,0.3333333333333333
2024-11-08 03:00:00+00:00,0.3333333333333333,0.3333333333333333,0.3333333333333333
2024-11-08 03:10:00+00:00,0.3333333333333333,0.3333333333333333,0.3333333333333333
2024-11-08 03:20:00+00:00,0.3333333333333333,0.3333333333333333,0.3333333333333333
2024-11-08 03:30:00+00:00,0.3333333333333333,0.3333333333333333,0.3333333333333333
2024-11-08 03:40:00+00:00,0.3333333333333333,0.3333333333333333,0.3333333333333333
2024-11-08 03:50:00+00:00,0.3333333333333333,0.3333333333333333,0.3333333333333333
2024-11-08 04:00:00+00:00,0.3333333333333333,0.3333333333333333,0.3333333333333333
2024-11-08 04:10:00+00:00,0.3333333333333333,0.3333333333333333,0.3333333333333333
2024-11-08 04:20:00+00:00,0.3333333333333333,0.3333333333333333,0.3333333333333333
2024-11-08 04:30:00+00:00,0.3333333333333333,0.3333333333333333,0.3333333333333333
2024-11-08 04:40:00+00:00,0.3333333333333333,0.3333333333333333,0.3333333333333333
2024-11-08 04:50:00+00:00,0.3333333333333333,0.3333333333333333,0.3333333333333333
2024-11-08 05:00:00+00:00,0.3333333333333333,0.3333333333333333,0.3333333333333333
2024-11-08 05:10:00+00:00,0.3333333333333333,0.3333333333333333,0.3333333333333333
2024-11-08 05:20:00+00:00,0.3333333333333333,0.3333333333333333,0.3333333333333333
2024-11-08 05:30:00+00:00,0.3333333333333333,0.3333333333333333,0.3333333333333333
2024-11-08 05:40:00+00:00,0.3333333333333333,0.3333333333333333,0.3333333333333333
2024-11-08 05:50:00+00:00,0.3333333333333333,0.3333333333333333,0.3333333333333333
2024-11-08 06:00:00+00:00,0.3333333333333333,0.3333333333333333,0.3333333333333333
2024-11-08 06:10:00+00:00,0.3333333333333333,0.3333333333333333,0.3333333333333333
2024-11-08 06:20:00+00:00,0.3333333333333333,0.3333333333333333,0.3333333333333333
2024-11-08 06:30:00+00:00,0.3333333333333333,0.3333333333333333,0.3333333333333333
2024-11-08 06:40:00+00:00,0.3333333333333333,0.3333333333333333,0.3333333333333333
2024-11-08 06:50:00+00:00,68.0,68.0,0.3333333333333333
2024-11-08 07:00:00+00:00,0.3333333333333333,0.3333333333333333,0.3333333333333333
2024-11-08 07:10:00+00:00,0.3333333333333333,0.3333333333333333,0.3333333333333333
2024-11-08 07:20:00+00:00,12.0,12.0,0.3333333333333333
2024-11-08 07:30:00+00:00,0.3333333333333333,0.3333333333333333,0.3333333333333333
2024-11-08 07:40:00+00:00,0.3333333333333333,0.3333333333333333,0.3333333333333333
2024-11-08 07:50:00+00:00,0.3333333333333333,0.3333333333333333,0.3333333333333333
2024-11-08 08:00:00+00:00,0.3333333333333333,0.3333333333333333,0.3333333333333333
2024-11-08 08:10:00+00:00,0.3333333333333333,0.3333333333333333,0.3333333333333333
2024-11-08 08:20:00+00:00,0.3333333333333333,0.3333333333333333,0.3333333333333333
2024-11-08 08:30:00+00:00,0.3333333333333333,0.3333333333333333,0.3333333333333333
2024-11-08 08:40:00+00:00,0.3333333333333333,0.3333333333333333,0.3333333333333333
2024-11-08 08:50:00+00:00,0.3333333333333333,0.3333333333333333,0.3333333333333333
2024-11-08 09:00:00+00:00,4.0,0.3333333333333333,4.0
2024-11-08 09:10:00+00:00,0.3333333333333333,0.3333333333333333,0.3333333333333333
2024-11-08 09:20:00+00:00,0.3333333333333333,0.3333333333333333,0.3333333333333333
2024-11-08 09:30:00+00:00,0.3333333333333333,0.3333333333333333,0.3333333333333333
2024-11-08 09:40:00+00:00,0.3333333333333333,0.3333333333333333,0.3333333333333333
2024-11-08 09:50:00+00:00,0.3333333333333333,0.3333333333333333,0.3333333333333333
2024-11-08 10:00:00+00:00,0.3333333333333333,0.3333333333333333,0.3333333333333333
2024-11-08 10:10:00+00:00,0.3333333333333333,0.3333333333333333,0.3333333333333333
2024-11-08 10:20:00+00:00,0.3333333333333333,0.3333333333333333,0.3333333333333333
2024-11-08 10:30:00+00:00,0.3333333333333333,0.3333333333333333,0.3333333333333333
2024-11-08 10:40:00+00:00,0.3333333333333333,0.3333333333333333,0.3333333333333333
2024-11-08 10:50:00+00:00,0.3333333333333333,0.3333333333333333,0.3333333333333333
2024-11-08 11:00:00+00:00,0.3333333333333333,0.3333333333333333,0.3333333333333333
2024-11-08 11:10:00+00:00,0.3333333333333333,0.3333333333333333,0.3333333333333333
2024-11-08 11:20:00+00:00,0.3333333333333333,0.3333333333333333,0.3333333333333333
2024-11-08 11:30:00+00:00,0.3333333333333333,0.3333333333333333,0.3333333333333333
2024-11-08 11:40:00+00:00,0.3333333333333333,0.3333333333333333,0.3333333333333333
2024-11-08 11:50:00+00:00,0.3333333333333333,0.3333333333333333,0.3333333333333333
2024-11-08 12:00:00+00:00,0.3333333333333333,0.3333333333333333,0.3333333333333333
2024-11-08 12:10:00+00:00,0.3333333333333333,0.3333333333333333,0.3333333333333333
2024-11-08 12:20:00+00:00,0.3333333333333333,0.3333333333333333,0.3333333333333333
2024-11-08 12:30:00+00:00,0.3333333333333333,0.3333333333333333,0.3333333333333333
2024-11-08 12:40:00+00:00,0.3333333333333333,0.3333333333333333,0.3333333333333333
2024-11-08 12:50:00+00:00,0.3333333333333333,0.3333333333333333,0.3333333333333333
2024-11-08 13:00:00+00:00,0.3333333333333333,0.3333333333333333,0.3333333333333333
2024-11-08 13:10:00+00:00,0.3333333333333333,0.3333333333333333,0.3333333333333333
2024-11-08 13:20:00+00:00,0.3333333333333333,0.3333333333333333,0.3333333333333333
2024-11-08 13:30:00+00:00,0.3333333333333333,0.3333333333333333,0.3333333333333333
2024-11-08 13:40:00+00:00,0.3333333333333333,0.3333333333333333,0.3333333333333333
2024-11-08 13:50:00+00:00,0.3333333333333333,0.3333333333333333,0.3333333333333333
2024-11-08 14:00:00+00:00,0.3333333333333333,0.3333333333333333,0.3333333333333333
2024-11-08 14:10:00+00:00,0.3333333333333333,0.3333333333333333,0.3333333333333333
2024-11-08 14:20:00+00:00,0.3333333333333333,0.3333333333333333,0.3333333333333333
2024-11-08 14:30:00+00:00,0.3333333333333333,0.3333333333333333,0.3333333333333333
2024-11-08 14:40:00+00:00,0.3333333333333333,0.3333333333333333,0.3333333333333333
2024-11-08 14:50:00+00:00,0.3333333333333333,0.3333333333333333,0.3333333333333333
2024-11-08 15:00:00+00:00,0.3333333333333333,0.3333333333333333,0.3333333333333333
2024-11-08 15:10:00+00:00,0.3333333333333333,0.3333333333333333,0.3333333333333333
2024-11-08 15:20:00+00:00,0.3333333333333333,0.3333333333333333,0.3333333333333333
2024-11-08 15:30:00+00:00,0.3333333333333333,0.3333333333333333,0.3333333333333333
2024-11-08 15:40:00+00:00,0.3333333333333333,0.3333333333333333,0.3333333333333333
2024-11-08 15:50:00+00:00,0.3333333333333333,0.3333333333333333,0.3333333333333333
2024-11-08 16:00:00+00:00,0.3333333333333333,0.3333333333333333,0.3333333333333333
2024-11-08 16:10:00+00:00,0.3333333333333333,0.3333333333333333,0.3333333333333333
2024-11-08 16:20:00+00:00,0.3333333333333333,0.3333333333333333,0.3333333333333333
2024-11-08 16:30:00+00:00,0.3333333333333333,0.3333333333333333,0.3333333333333333
2024-11-08 16:40:00+00:00,0.3333333333333333,0.3333333333333333,0.3333333333333333
2024-11-08 16:50:00+00:00,0.3333333333333333,0.3333333333333333,0.3333333333333333
2024-11-08 17:00:00+00:00,0.3333333333333333,0.3333333333333333,0.3333333333333333
2024-11-08 17:10:00+00:00,0.3333333333333333,0.3333333333333333,0.3333333333333333
2024-11-08 17:20:00+00:00,0.3333333333333333,0.3333333333333333,0.3333333333333333
2024-11-08 17:30:00+00:00,0.3333333333333333,0.3333333333333333,0.3333333333333333
2024-11-08 17:40:00+00:00,0.3333333333333333,0.3333333333333333,0.3333333333333333
2024-11-08 17:50:00+00:00,0.3333333333333333,0.3333333333333333,0.3333333333333333
2024-11-08 18:00:00+00:00,0.3333333333333333,0.3333333333333333,0.3333333333333333
2024-11-08 18:10:00+00:00,0.3333333333333333,0.3333333333333333,0.3333333333333333
2024-11-08 18:20:00+00:00,0.3333333333333333,0.3333333333333333,0.3333333333333333
2024-11-08 18:30:00+00:00,0.3333333333333333,0.3333333333333333,0.3333333333333333
2024-11-08 18:40:00+00:00,0.3333333333333333,0.3333333333333333,0.3333333333333333
2024-11-08 18:50:00+00:00,0.3333333333333333,0.3333333333333333,0.3333333333333333
2024-11-08 19:00:00+00:00,0.3333333333333333,0.3333333333333333,0.3333333333333333
2024-11-08 19:10:00+00:00,0.3333333333333333,0.3333333333333333,0.3333333333333333
2024-11-08 19:20:00+00:00,0.3333333333333333,0.3333333333333333,0.3333333333333333
2024-11-08 19:30:00+00:00,0.3333333333333333,0.3333333333333333,0.3333333333333333
2024-11-08 19:40:00+00:00,0.3333333333333333,0.3333333333333333,0.3333333333333333
2024-11-08 19:50:00+00:00,0.3333333333333333,0.3333333333333333,0.3333333333333333
2024-11-08 20:00:00+00:00,0.3333333333333333,0.3333333333333333,0.3333333333333333
2024-11-08 20:10:00+00:00,0.3333333333333333,0.3333333333333333,0.3333333333333333
2024-11-08 20:20:00+00:00,0.3333333333333333,0.3333333333333333,0.3333333333333333
2024-11-08 20:30:00+00:00,0.3333333333333333,0.3333333333333333,0.3333333333333333
2024-11-08 20:40:00+00:00,0.3333333333333333,0.3333333333333333,0.3333333333333333
2024-11-08 20:50:00+00:00,0.3333333333333333,0.3333333333333333,0.3333333333333333
2024-11-08 21:00:00+00:00,0.3333333333333333,0.3333333333333333,0.3333333333333333
2024-11-08 21:10:00+00:00,0.3333333333333333,0.3333333333333333,0.3333333333333333
2024-11-08 21:20:00+00:00,0.3333333333333333,0.3333333333333333,0.3333333333333333
2024-11-08 21:30:00+00:00,0.3333333333333333,0.3333333333333333,0.3333333333333333
2024-11-08 21:40:00+00:00,0.3333333333333333,0.3333333333333333,0.3333333333333333
2024-11-08 21:50:00+00:00,0.3333333333333333,0.3333333333333333,0.3333333333333333
2024-11-08 22:00:00+00:00,0.3333333333333333,0.3333333333333333,0.3333333333333333
2024-11-08 22:10:00+00:00,0.3333333333333333,0.3333333333333333,0.3333333333333333
2024-11-08 22:20:00+00:00,0.3333333333333333,0.3333333333333333,0.3333333333333333
2024-11-08 22:30:00+00:00,0.3333333333333333,0.3333333333333333,0.3333333333333333
2024-11-08 22:40:00+00:00,0.3333333333333333,0.3333333333333333,0.3333333333333333
2024-11-08 22:50:00+00:00,0.3333333333333333,0.3333333333333333,0.3333333333333333
2024-11-08 23:00:00+00:00,0.3333333333333333,0.3333333333333333,0.3333333333333333
2024-11-08 23:10:00+00:00,0.3333333333333333,0.3333333333333333,0.3333333333333333
2024-11-08 23:20:00+00:00,0.3333333333333333,0.3333333333333333,0.3333333333333333
2024-11-08 23:30:00+00:00,0.3333333333333333,0.3333333333333333,0.3333333333333333
2024-11-08 23:40:00+00:00,0.3333333333333333,0.3333333333333333,0.3333333333333333
2024-11-08 23:50:00+00:00,0.3333333333333333,0.3333333333333333,0.3333333333333333
2024-11-09 00:00:00+00:00,0.3333333333333333,0.3333333333333333,0.3333333333333333
2024-11-09 00:10:00+00:00,0.3333333333333333,0.3333333333333333,0.3333333333333333
2024-11-09 00:20:00+00:00,0.3333333333333333,0.3333333333333333,0.3333333333333333
2024-11-09 00:30:00+00:00,0.3333333333333333,0.3333333333333333,0.3333333333333333
2024-11-09 00:40:00+00:00,2.0,2.0,0.3333333333333333
2024-11-09 00:50:00+00:00,0.3333333333333333,0.3333333333333333,0.3333333333333333
2024-11-09 01:00:00+00:00,6.0,6.0,0.3333333333333333
2024-11-09 01:10:00+00:00,120.0,120.0,0.3333333333333333
2024-11-09 01:20:00+00:00,0.3333333333333333,0.3333333333333333,0.3333333333333333
2024-11-09 01:30:00+00:00,0.3333333333333333,0.3333333333333333,0.3333333333333333
2024-11-09 01:40:00+00:00,0.3333333333333333,0.3333333333333333,0.3333333333333333
2024-11-09 01:50:00+00:00,10.0,0.3333333333333333,10.0
2024-11-09 02:00:00+00:00,20.0,0.3333333333333333,20.0
2024-11-09 02:10:00+00:00,78.0,0.3333333333333333,78.0
2024-11-09 02:20:00+00:00,24.0,24.0,0.3333333333333333
2024-11-09 02:30:00+00:00,28.0,0.3333333333333333,28.0
2024-11-09 02:40:00+00:00,0.3333333333333333,0.3333333333333333,0.3333333333333333
2024-11-09 02:50:00+00:00,0.3333333333333333,0.3333333333333333,0.3333333333333333
2024-11-09 03:00:00+00:00,0.3333333333333333,0.3333333333333333,0.3333333333333333
2024-11-09 03:10:00+00:00,0.3333333333333333,0.3333333333333333,0.3333333333333333
2024-11-09 03:20:00+00:00,0.3333333333333333,0.3333333333333333,0.3333333333333333
2024-11-09 03:30:00+00:00,0.3333333333333333,0.3333333333333333,0.3333333333333333
2024-11-09 03:40:00+00:00,2.0,0.3333333333333333,2.0
2024-11-09 03:50:00+00:00,0.3333333333333333,0.3333333333333333,0.3333333333333333
2024-11-09 04:00:00+00:00,0.3333333333333333,0.3333333333333333,0.3333333333333333
2024-11-09 04:10:00+00:00,0.3333333333333333,0.3333333333333333,0.3333333333333333
2024-11-09 04:20:00+00:00,0.3333333333333333,0.3333333333333333,0.3333333333333333
2024-11-09 04:30:00+00:00,0.3333333333333333,0.3333333333333333,0.3333333333333333
2024-11-09 04:40:00+00:00,0.3333333333333333,0.3333333333333333,0.3333333333333333
2024-11-09 04:50:00+00:00,0.3333333333333333,0.3333333333333333,0.3333333333333333
2024-11-09 05:00:00+00:00,0.3333333333333333,0.3333333333333333,0.3333333333333333
2024-11-09 05:10:00+00:00,0.3333333333333333,0.3333333333333333,0.3333333333333333
2024-11-09 05:20:00+00:00,0.3333333333333333,0.3333333333333333,0.3333333333333333
2024-11-09 05:30:00+00:00,0.3333333333333333,0.3333333333333333,0.3333333333333333
2024-11-09 05:40:00+00:00,0.3333333333333333,0.3333333333333333,0.3333333333333333
2024-11-09 05:50:00+00:00,0.3333333333333333,0.3333333333333333,0.3333333333333333
2024-11-09 06:00:00+00:00,0.3333333333333333,0.3333333333333333,0.3333333333333333
2024-11-09 06:10:00+00:00,0.3333333333333333,0.3333333333333333,0.3333333333333333
2024-11-09 06:20:00+00:00,0.3333333333333333,0.3333333333333333,0.3333333333333333
2024-11-09 06:30:00+00:00,0.3333333333333333,0.3333333333333333,0.3333333333333333
2024-11-09 06:40:00+00:00,0.3333333333333333,0.3333333333333333,0.3333333333333333
2024-11-09 06:50:00+00:00,0.3333333333333333,0.3333333333333333,0.3333333333333333
2024-11-09 07:00:00+00:00,0.3333333333333333,0.3333333333333333,0.3333333333333333
2024-11-09 07:10:00+00:00,0.3333333333333333,0.3333333333333333,0.3333333333333333
2024-11-09 07:20:00+00:00,0.3333333333333333,0.3333333333333333,0.3333333333333333
2024-11-09 07:30:00+00:00,0.3333333333333333,0.3333333333333333,0.3333333333333333
2024-11-09 07:40:00+00:00,0.3333333333333333,0.3333333333333333,0.3333333333333333
2024-11-09 07:50:00+00:00,0.3333333333333333,0.3333333333333333,0.3333333333333333
2024-11-09 08:00:00+00:00,0.3333333333333333,0.3333333333333333,0.3333333333333333
2024-11-09 08:10:00+00:00,0.3333333333333333,0.3333333333333333,0.3333333333333333
2024-11-09 08:20:00+00:00,0.3333333333333333,0.3333333333333333,0.3333333333333333
2024-11-09 08:30:00+00:00,0.3333333333333333,0.3333333333333333,0.3333333333333333
2024-11-09 08:40:00+00:00,24.0,0.3333333333333333,24.0
2024-11-09 08:50:00+00:00,0.3333333333333333,0.3333333333333333,0.3333333333333333
2024-11-09 09:00:00+00:00,0.3333333333333333,0.3333333333333333,0.3333333333333333
2024-11-09 09:10:00+00:00,0.3333333333333333,0.3333333333333333,0.3333333333333333
2024-11-09 09:20:00+00:00,0.3333333333333333,0.3333333333333333,0.3333333333333333
2024-11-09 09:30:00+00:00,0.3333333333333333,0.3333333333333333,0.3333333333333333
2024-11-09 09:40:00+00:00,0.3333333333333333,0.3333333333333333,0.3333333333333333
2024-11-09 09:50:00+00:00,0.3333333333333333,0.3333333333333333,0.3333333333333333
2024-11-09 10:00:00+00:00,0.3333333333333333,0.3333333333333333,0.3333333333333333
2024-11-09 10:10:00+00:00,0.3333333333333333,0.3333333333333333,0.3333333333333333
2024-11-09 10:20:00+00:00,0.3333333333333333,0.3333333333333333,0.3333333333333333
2024-11-09 10:30:00+00:00,0.3333333333333333,0.3333333333333333,0.3333333333333333
2024-11-09 10:40:00+00:00,0.3333333333333333,0.3333333333333333,0.3333333333333333
2024-11-09 10:50:00+00:00,0.3333333333333333,0.3333333333333333,0.3333333333333333
2024-11-09 11:00:00+00:00,0.3333333333333333,0.3333333333333333,0.3333333333333333
2024-11-09 11:10:00+00:00,0.3333333333333333,0.3333333333333333,0.3333333333333333
2024-11-09 11:20:00+00:00,0.3333333333333333,0.3333333333333333,0.3333333333333333
2024-11-09 11:30:00+00:00,0.3333333333333333,0.3333333333333333,0.3333333333333333
2024-11-09 11:40:00+00:00,0.3333333333333333,0.3333333333333333,0.3333333333333333
2024-11-09 11:50:00+00:00,0.3333333333333333,0.3333333333333333,0.3333333333333333
2024-11-09 12:00:00+00:00,0.3333333333333333,0.3333333333333333,0.3333333333333333
2024-11-09 12:10:00+00:00,0.3333333333333333,0.3333333333333333,0.3333333333333333
2024-11-09 12:20:00+00:00,0.3333333333333333,0.3333333333333333,0.3333333333333333
2024-11-09 12:30:00+00:00,0.3333333333333333,0.3333333333333333,0.3333333333333333
2024-11-09 12:40:00+00:00,0.3333333333333333,0.3333333333333333,0.3333333333333333
2024-11-09 12:50:00+00:00,0.3333333333333333,0.3333333333333333,0.3333333333333333
2024-11-09 13:00:00+00:00,0.3333333333333333,0.3333333333333333,0.3333333333333333
2024-11-09 13:10:00+00:00,0.3333333333333333,0.3333333333333333,0.3333333333333333
2024-11-09 13:20:00+00:00,0.3333333333333333,0.3333333333333333,0.3333333333333333
2024-11-09 13:30:00+00:00,0.3333333333333333,0.3333333333333333,0.3333333333333333
2024-11-09 13:40:00+00:00,0.3333333333333333,0.3333333333333333,0.3333333333333333
2024-11-09 13:50:00+00:00,0.3333333333333333,0.3333333333333333,0.3333333333333333
2024-11-09 14:00:00+00:00,0.3333333333333333,0.3333333333333333,0.3333333333333333
2024-11-09 14:10:00+00:00,0.3333333333333333,0.3333333333333333,0.3333333333333333
2024-11-09 14:20:00+00:00,0.3333333333333333,0.3333333333333333,0.3333333333333333
2024-11-09 14:30:00+00:00,0.3333333333333333,0.3333333333333333,0.3333333333333333
2024-11-09 14:40:00+00:00,0.3333333333333333,0.3333333333333333,0.3333333333333333
2024-11-09 14:50:00+00:00,0.3333333333333333,0.3333333333333333,0.3333333333333333
2024-11-09 15:00:00+00:00,0.3333333333333333,0.3333333333333333,0.3333333333333333
2024-11-09 15:10:00+00:00,0.3333333333333333,0.3333333333333333,0.3333333333333333
2024-11-09 15:20:00+00:00,0.3333333333333333,0.3333333333333333,0.3333333333333333
2024-11-09 15:30:00+00:00,0.3333333333333333,0.3333333333333333,0.3333333333333333
2024-11-09 15:40:00+00:00,0.3333333333333333,0.3333333333333333,0.3333333333333333
2024-11-09 15:50:00+00:00,0.3333333333333333,0.3333333333333333,0.3333333333333333
2024-11-09 16:00:00+00:00,0.3333333333333333,0.3333333333333333,0.3333333333333333
2024-11-09 16:10:00+00:00,0.3333333333333333,0.3333333333333333,0.3333333333333333
2024-11-09 16:20:00+00:00,0.3333333333333333,0.3333333333333333,0.3333333333333333
2024-11-09 16:30:00+00:00,0.3333333333333333,0.3333333333333333,0.3333333333333333
2024-11-09 16:40:00+00:00,0.3333333333333333,0.3333333333333333,0.3333333333333333
2024-11-09 16:50:00+00:00,0.3333333333333333,0.3333333333333333,0.3333333333333333
2024-11-09 17:00:00+00:00,0.3333333333333333,0.3333333333333333,0.3333333333333333
2024-11-09 17:10:00+00:00,0.3333333333333333,0.3333333333333333,0.3333333333333333
2024-11-09 17:20:00+00:00,0.3333333333333333,0.3333333333333333,0.3333333333333333
2024-11-09 17:30:00+00:00,0.3333333333333333,0.3333333333333333,0.3333333333333333
2024-11-09 17:40:00+00:00,0.3333333333333333,0.3333333333333333,0.3333333333333333
2024-11-09 17:50:00+00:00,0.3333333333333333,0.3333333333333333,0.3333333333333333
2024-11-09 18:00:00+00:00,0.3333333333333333,0.3333333333333333,0.3333333333333333
2024-11-09 18:10:00+00:00,0.3333333333333333,0.3333333333333333,0.3333333333333333
2024-11-09 18:20:00+00:00,0.3333333333333333,0.3333333333333333,0.3333333333333333
2024-11-09 18:30:00+00:00,0.3333333333333333,0.3333333333333333,0.3333333333333333
2024-11-09 18:40:00+00:00,0.3333333333333333,0.3333333333333333,0.3333333333333333
2024-11-09 18:50:00+00:00,0.3333333333333333,0.3333333333333333,0.3333333333333333
2024-11-09 19:00:00+00:00,0.3333333333333333,0.3333333333333333,0.3333333333333333
2024-11-09 19:10:00+00:00,0.3333333333333333,0.3333333333333333,0.3333333333333333
2024-11-09 19:20:00+00:00,0.3333333333333333,0.3333333333333333,0.3333333333333333
2024-11-09 19:30:00+00:00,0.3333333333333333,0.3333333333333333,0.3333333333333333
2024-11-09 19:40:00+00:00,0.3333333333333333,0.3333333333333333,0.3333333333333333
2024-11-09 19:50:00+00:00,0.3333333333333333,0.3333333333333333,0.3333333333333333
2024-11-09 20:00:00+00:00,0.3333333333333333,0.3333333333333333,0.3333333333333333
2024-11-09 20:10:00+00:00,0.3333333333333333,0.3333333333333333,0.3333333333333333
2024-11-09 20:20:00+00:00,0.3333333333333333,0.3333333333333333,0.3333333333333333
2024-11-09 20:30:00+00:00,0.3333333333333333,0.3333333333333333,0.3333333333333333
2024-11-09 20:40:00+00:00,0.3333333333333333,0.3333333333333333,0.3333333333333333
2024-11-09 20:50:00+00:00,0.3333333333333333,0.3333333333333333,0.3333333333333333
2024-11-09 21:00:00+00:00,0.3333333333333333,0.3333333333333333,0.3333333333333333
2024-11-09 21:10:00+00:00,0.3333333333333333,0.3333333333333333,0.3333333333333333
2024-11-09 21:20:00+00:00,0.3333333333333333,0.3333333333333333,0.3333333333333333
2024-11-09 21:30:00+00:00,0.3333333333333333,0.3333333333333333,0.3333333333333333
2024-11-09 21:40:00+00:00,0.3333333333333333,0.3333333333333333,0.3333333333333333
2024-11-09 21:50:00+00:00,0.3333333333333333,0.3333333333333333,0.3333333333333333
2024-11-09 22:00:00+00:00,0.3333333333333333,0.3333333333333333,0.3333333333333333
2024-11-09 22:10:00+00:00,0.3333333333333333,0.3333333333333333,0.3333333333333333
2024-11-09 22:20:00+00:00,0.3333333333333333,0.3333333333333333,0.3333333333333333
2024-11-09 22:30:00+00:00,0.3333333333333333,0.3333333333333333,0.3333333333333333
2024-11-09 22:40:00+00:00,0.3333333333333333,0.3333333333333333,0.3333333333333333
2024-11-09 22:50:00+00:00,0.3333333333333333,0.3333333333333333,0.3333333333333333
2024-11-09 23:00:00+00:00,0.3333333333333333,0.3333333333333333,0.3333333333333333
2024-11-09 23:10:00+00:00,0.3333333333333333,0.3333333333333333,0.3333333333333333
2024-11-09 23:20:00+00:00,0.3333333333333333,0.3333333333333333,0.3333333333333333
2024-11-09 23:30:00+00:00,0.3333333333333333,0.3333333333333333,0.3333333333333333
2024-11-09 23:40:00+00:00,0.3333333333333333,0.3333333333333333,0.3333333333333333
2024-11-09 23:50:00+00:00,0.3333333333333333,0.3333333333333333,0.3333333333333333
2024-11-10 00:00:00+00:00,0.3333333333333333,0.3333333333333333,0.3333333333333333
2024-11-10 00:10:00+00:00,0.3333333333333333,0.3333333333333333,0.3333333333333333
2024-11-10 00:20:00+00:00,0.3333333333333333,0.3333333333333333,0.3333333333333333
2024-11-10 00:30:00+00:00,0.3333333333333333,0.3333333333333333,0.3333333333333333
2024-11-10 00:40:00+00:00,0.3333333333333333,0.3333333333333333,0.3333333333333333
2024-11-10 00:50:00+00:00,0.3333333333333333,0.3333333333333333,0.3333333333333333
2024-11-10 01:00:00+00:00,0.3333333333333333,0.3333333333333333,0.3333333333333333
2024-11-10 01:10:00+00:00,0.3333333333333333,0.3333333333333333,0.3333333333333333
2024-11-10 01:20:00+00:00,0.3333333333333333,0.3333333333333333,0.3333333333333333
2024-11-10 01:30:00+00:00,24.0,0.3333333333333333,24.0
2024-11-10 01:40:00+00:00,0.3333333333333333,0.3333333333333333,0.3333333333333333
2024-11-10 01:50:00+00:00,0.3333333333333333,0.3333333333333333,0.3333333333333333
2024-11-10 02:00:00+00:00,0.3333333333333333,0.3333333333333333,0.3333333333333333
2024-11-10 02:10:00+00:00,0.3333333333333333,0.3333333333333333,0.3333333333333333
2024-11-10 02:20:00+00:00,34.0,0.3333333333333333,34.0
2024-11-10 02:30:00+00:00,0.3333333333333333,0.3333333333333333,0.3333333333333333
2024-11-10 02:40:00+00:00,0.3333333333333333,0.3333333333333333,0.3333333333333333
2024-11-10 02:50:00+00:00,0.3333333333333333,0.3333333333333333,0.3333333333333333
2024-11-10 03:00:00+00:00,0.3333333333333333,0.3333333333333333,0.3333333333333333
2024-11-10 03:10:00+00:00,0.3333333333333333,0.3333333333333333,0.3333333333333333
2024-11-10 03:20:00+00:00,0.3333333333333333,0.3333333333333333,0.3333333333333333
2024-11-10 03:30:00+00:00,0.3333333333333333,0.3333333333333333,0.3333333333333333
2024-11-10 03:40:00+00:00,0.3333333333333333,0.3333333333333333,0.3333333333333333
2024-11-10 03:50:00+00:00,0.3333333333333333,0.3333333333333333,0.3333333333333333
2024-11-10 04:00:00+00:00,0.3333333333333333,0.3333333333333333,0.3333333333333333
2024-11-10 04:10:00+00:00,0.3333333333333333,0.3333333333333333,0.3333333333333333
2024-11-10 04:20:00+00:00,0.3333333333333333,0.3333333333333333,0.3333333333333333
2024-11-10 04:30:00+00:00,0.3333333333333333,0.3333333333333333,0.3333333333333333
2024-11-10 04:40:00+00:00,0.3333333333333333,0.3333333333333333,0.3333333333333333
2024-11-10 04:50:00+00:00,0.3333333333333333,0.3333333333333333,0.3333333333333333
2024-11-10 05:00:00+00:00,0.3333333333333333,0.3333333333333333,0.3333333333333333
2024-11-10 05:10:00+00:00,0.3333333333333333,0.3333333333333333,0.3333333333333333
2024-11-10 05:20:00+00:00,0.3333333333333333,0.3333333333333333,0.3333333333333333
2024-11-10 05:30:00+00:00,0.3333333333333333,0.3333333333333333,0.3333333333333333
2024-11-10 05:40:00+00:00,0.3333333333333333,0.3333333333333333,0.3333333333333333
2024-11-10 05:50:00+00:00,0.3333333333333333,0.3333333333333333,0.3333333333333333
2024-11-10 06:00:00+00:00,0.3333333333333333,0.3333333333333333,0.3333333333333333
2024-11-10 06:10:00+00:00,0.3333333333333333,0.3333333333333333,0.3333333333333333
2024-11-10 06:20:00+00:00,0.3333333333333333,0.3333333333333333,0.3333333333333333
2024-11-10 06:30:00+00:00,0.3333333333333333,0.3333333333333333,0.3333333333333333
2024-11-10 06:40:00+00:00,0.3333333333333333,0.3333333333333333,0.3333333333333333
2024-11-10 06:50:00+00:00,0.3333333333333333,0.3333333333333333,0.3333333333333333
2024-11-10 07:00:00+00:00,0.3333333333333333,0.3333333333333333,0.3333333333333333
2024-11-10 07:10:00+00:00,0.3333333333333333,0.3333333333333333,0.3333333333333333
2024-11-10 07:20:00+00:00,0.3333333333333333,0.3333333333333333,0.3333333333333333
2024-11-10 07:30:00+00:00,0.3333333333333333,0.3333333333333333,0.3333333333333333
2024-11-10 07:40:00+00:00,0.3333333333333333,0.3333333333333333,0.3333333333333333
2024-11-10 07:50:00+00:00,0.3333333333333333,0.3333333333333333,0.3333333333333333
2024-11-10 08:00:00+00:00,0.3333333333333333,0.3333333333333333,0.3333333333333333
2024-11-10 08:10:00+00:00,0.3333333333333333,0.3333333333333333,0.3333333333333333
2024-11-10 08:20:00+00:00,0.3333333333333333,0.3333333333333333,0.3333333333333333
2024-11-10 08:30:00+00:00,0.3333333333333333,0.3333333333333333,0.3333333333333333
2024-11-10 08:40:00+00:00,0.3333333333333333,0.3333333333333333,0.3333333333333333
2024-11-10 08:50:00+00:00,0.3333333333333333,0.3333333333333333,0.3333333333333333
2024-11-10 09:00:00+00:00,0.3333333333333333,0.3333333333333333,0.3333333333333333
2024-11-10 09:10:00+00:00,0.3333333333333333,0.3333333333333333,0.3333333333333333
2024-11-10 09:20:00+00:00,0.3333333333333333,0.3333333333333333,0.3333333333333333
2024-11-10 09:30:00+00:00,0.3333333333333333,0.3333333333333333,0.3333333333333333
2024-11-10 09:40:00+00:00,0.3333333333333333,0.3333333333333333,0.3333333333333333
2024-11-10 09:50:00+00:00,0.3333333333333333,0.3333333333333333,0.3333333333333333
2024-11-10 10:00:00+00:00,0.3333333333333333,0.3333333333333333,0.3333333333333333
2024-11-10 10:10:00+00:00,0.3333333333333333,0.3333333333333333,0.3333333333333333
2024-11-10 10:20:00+00:00,0.3333333333333333,0.3333333333333333,0.3333333333333333
2024-11-10 10:30:00+00:00,0.3333333333333333,0.3333333333333333,0.3333333333333333
2024-11-10 10:40:00+00:00,0.3333333333333333,0.3333333333333333,0.3333333333333333
2024-11-10 10:50:00+00:00,0.3333333333333333,0.3333333333333333,0.3333333333333333
2024-11-10 11:00:00+00:00,0.3333333333333333,0.3333333333333333,0.3333333333333333
2024-11-10 11:10:00+00:00,0.3333333333333333,0.3333333333333333,0.3333333333333333
2024-11-10 11:20:00+00:00,0.3333333333333333,0.3333333333333333,0.3333333333333333
2024-11-10 11:30:00+00:00,0.3333333333333333,0.3333333333333333,0.3333333333333333
2024-11-10 11:40:00+00:00,0.3333333333333333,0.3333333333333333,0.3333333333333333
2024-11-10 11:50:00+00:00,0.3333333333333333,0.3333333333333333,0.3333333333333333
2024-11-10 12:00:00+00:00,0.3333333333333333,0.3333333333333333,0.3333333333333333
2024-11-10 12:10:00+00:00,0.3333333333333333,0.3333333333333333,0.3333333333333333
2024-11-10 12:20:00+00:00,0.3333333333333333,0.3333333333333333,0.3333333333333333
2024-11-10 12:30:00+00:00,0.3333333333333333,0.3333333333333333,0.3333333333333333
2024-11-10 12:40:00+00:00,0.3333333333333333,0.3333333333333333,0.3333333333333333
2024-11-10 12:50:00+00:00,0.3333333333333333,0.3333333333333333,0.3333333333333333
2024-11-10 13:00:00+00:00,0.3333333333333333,0.3333333333333333,0.3333333333333333
2024-11-10 13:10:00+00:00,0.3333333333333333,0.3333333333333333,0.3333333333333333
2024-11-10 13:20:00+00:00,0.3333333333333333,0.3333333333333333,0.3333333333333333
2024-11-10 13:30:00+00:00,0.3333333333333333,0.3333333333333333,0.3333333333333333
2024-11-10 13:40:00+00:00,0.3333333333333333,0.3333333333333333,0.3333333333333333
2024-11-10 13:50:00+00:00,0.3333333333333333,0.3333333333333333,0.3333333333333333
2024-11-10 14:00:00+00:00,0.3333333333333333,0.3333333333333333,0.3333333333333333
2024-11-10 14:10:00+00:00,0.3333333333333333,0.3333333333333333,0.3333333333333333
2024-11-10 14:20:00+00:00,0.3333333333333333,0.3333333333333333,0.3333333333333333
2024-11-10 14:30:00+00:00,0.3333333333333333,0.3333333333333333,0.3333333333333333
2024-11-10 14:40:00+00:00,0.3333333333333333,0.3333333333333333,0.3333333333333333
2024-11-10 14:50:00+00:00,0.3333333333333333,0.3333333333333333,0.3333333333333333
2024-11-10 15:00:00+00:00,0.3333333333333333,0.3333333333333333,0.3333333333333333
2024-11-10 15:10:00+00:00,0.3333333333333333,0.3333333333333333,0.3333333333333333
2024-11-10 15:20:00+00:00,0.3333333333333333,0.3333333333333333,0.3333333333333333
2024-11-10 15:30:00+00:00,0.3333333333333333,0.3333333333333333,0.3333333333333333
2024-11-10 15:40:00+00:00,0.3333333333333333,0.3333333333333333,0.3333333333333333
2024-11-10 15:50:00+00:00,0.3333333333333333,0.3333333333333333,0.3333333333333333
2024-11-10 16:00:00+00:00,0.3333333333333333,0.3333333333333333,0.3333333333333333
2024-11-10 16:10:00+00:00,0.3333333333333333,0.3333333333333333,0.3333333333333333
2024-11-10 16:20:00+00:00,0.3333333333333333,0.3333333333333333,0.3333333333333333
2024-11-10 16:30:00+00:00,0.3333333333333333,0.3333333333333333,0.3333333333333333
2024-11-10 16:40:00+00:00,0.3333333333333333,0.3333333333333333,0.3333333333333333
2024-11-10 16:50:00+00:00,0.3333333333333333,0.3333333333333333,0.3333333333333333
2024-11-10 17:00:00+00:00,0.3333333333333333,0.3333333333333333,0.3333333333333333
2024-11-10 17:10:00+00:00,0.3333333333333333,0.3333333333333333,0.3333333333333333
2024-11-10 17:20:00+00:00,0.3333333333333333,0.3333333333333333,0.3333333333333333
2024-11-10 17:30:00+00:00,0.3333333333333333,0.3333333333333333,0.3333333333333333
2024-11-10 17:40:00+00:00,0.3333333333333333,0.3333333333333333,0.3333333333333333
2024-11-10 17:50:00+00:00,0.3333333333333333,0.3333333333333333,0.3333333333333333
2024-11-10 18:00:00+00:00,0.3333333333333333,0.3333333333333333,0.3333333333333333
2024-11-10 18:10:00+00:00,0.3333333333333333,0.3333333333333333,0.3333333333333333
2024-11-10 18:20:00+00:00,0.3333333333333333,0.3333333333333333,0.3333333333333333
2024-11-10 18:30:00+00:00,0.3333333333333333,0.3333333333333333,0.3333333333333333
2024-11-10 18:40:00+00:00,0.3333333333333333,0.3333333333333333,0.3333333333333333
2024-11-10 18:50:00+00:00,0.3333333333333333,0.3333333333333333,0.3333333333333333
2024-11-10 19:00:00+00:00,0.3333333333333333,0.3333333333333333,0.3333333333333333
2024-11-10 19:10:00+00:00,0.3333333333333333,0.3333333333333333,0.3333333333333333
2024-11-10 19:20:00+00:00,0.3333333333333333,0.3333333333333333,0.3333333333333333
2024-11-10 19:30:00+00:00,0.3333333333333333,0.3333333333333333,0.3333333333333333
2024-11-10 19:40:00+00:00,0.3333333333333333,0.3333333333333333,0.3333333333333333
2024-11-10 19:50:00+00:00,0.3333333333333333,0.3333333333333333,0.3333333333333333
2024-11-10 20:00:00+00:00,0.3333333333333333,0.3333333333333333,0.3333333333333333
2024-11-10 20:10:00+00:00,0.3333333333333333,0.3333333333333333,0.3333333333333333
2024-11-10 20:20:00+00:00,0.3333333333333333,0.3333333333333333,0.3333333333333333
2024-11-10 20:30:00+00:00,0.3333333333333333,0.3333333333333333,0.3333333333333333
2024-11-10 20:40:00+00:00,0.3333333333333333,0.3333333333333333,0.3333333333333333
2024-11-10 20:50:00+00:00,0.3333333333333333,0.3333333333333333,0.3333333333333333
2024-11-10 21:00:00+00:00,0.3333333333333333,0.3333333333333333,0.3333333333333333
2024-11-10 21:10:00+00:00,0.3333333333333333,0.3333333333333333,0.3333333333333333
2024-11-10 21:20:00+00:00,0.3333333333333333,0.3333333333333333,0.3333333333333333
2024-11-10 21:30:00+00:00,0.3333333333333333,0.3333333333333333,0.3333333333333333
2024-11-10 21:40:00+00:00,0.3333333333333333,0.3333333333333333,0.3333333333333333
2024-11-10 21:50:00+00:00,0.3333333333333333,0.3333333333333333,0.3333333333333333
2024-11-10 22:00:00+00:00,0.3333333333333333,0.3333333333333333,0.3333333333333333
2024-11-10 22:10:00+00:00,0.3333333333333333,0.3333333333333333,0.3333333333333333
2024-11-10 22:20:00+00:00,0.3333333333333333,0.3333333333333333,0.3333333333333333
2024-11-10 22:30:00+00:00,0.3333333333333333,0.3333333333333333,0.3333333333333333
2024-11-10 22:40:00+00:00,0.3333333333333333,0.3333333333333333,0.3333333333333333
2024-11-10 22:50:00+00:00,0.3333333333333333,0.3333333333333333,0.3333333333333333
2024-11-10 23:00:00+00:00,0.3333333333333333,0.3333333333333333,0.3333333333333333
2024-11-10 23:10:00+00:00,0.3333333333333333,0.3333333333333333,0.3333333333333333
2024-11-10 23:20:00+00:00,0.3333333333333333,0.3333333333333333,0.3333333333333333
2024-11-10 23:30:00+00:00,0.3333333333333333,0.3333333333333333,0.3333333333333333
2024-11-10 23:40:00+00:00,0.3333333333333333,0.3333333333333333,0.3333333333333333
2024-11-10 23:50:00+00:00,0.3333333333333333,0.3333333333333333,0.3333333333333333
2024-11-11 00:00:00+00:00,0.3333333333333333,0.3333333333333333,0.3333333333333333
2024-11-11 00:10:00+00:00,0.3333333333333333,0.3333333333333333,0.3333333333333333
2024-11-11 00:20:00+00:00,0.3333333333333333,0.3333333333333333,0.3333333333333333
2024-11-11 00:30:00+00:00,0.3333333333333333,0.3333333333333333,0.3333333333333333
2024-11-11 00:40:00+00:00,0.3333333333333333,0.3333333333333333,0.3333333333333333
2024-11-11 00:50:00+00:00,0.3333333333333333,0.3333333333333333,0.3333333333333333
2024-11-11 01:00:00+00:00,0.3333333333333333,0.3333333333333333,0.3333333333333333
2024-11-11 01:10:00+00:00,0.3333333333333333,0.3333333333333333,0.3333333333333333
2024-11-11 01:20:00+00:00,0.3333333333333333,0.3333333333333333,0.3333333333333333
2024-11-11 01:30:00+00:00,88.0,0.3333333333333333,88.0
2024-11-11 01:40:00+00:00,0.3333333333333333,0.3333333333333333,0.3333333333333333
2024-11-11 01:50:00+00:00,52.0,0.3333333333333333,52.0
2024-11-11 02:00:00+00:00,0.3333333333333333,0.3333333333333333,0.3333333333333333
2024-11-11 02:10:00+00:00,0.3333333333333333,0.3333333333333333,0.3333333333333333
2024-11-11 02:20:00+00:00,0.3333333333333333,0.3333333333333333,0.3333333333333333
2024-11-11 02:30:00+00:00,0.3333333333333333,0.3333333333333333,0.3333333333333333
2024-11-11 02:40:00+00:00,0.3333333333333333,0.3333333333333333,0.3333333333333333
2024-11-11 02:50:00+00:00,0.3333333333333333,0.3333333333333333,0.3333333333333333
2024-11-11 03:00:00+00:00,0.3333333333333333,0.3333333333333333,0.3333333333333333
2024-11-11 03:10:00+00:00,0.3333333333333333,0.3333333333333333,0.3333333333333333
2024-11-11 03:20:00+00:00,0.3333333333333333,0.3333333333333333,0.3333333333333333
2024-11-11 03:30:00+00:00,0.3333333333333333,0.3333333333333333,0.3333333333333333
2024-11-11 03:40:00+00:00,0.3333333333333333,0.3333333333333333,0.3333333333333333
2024-11-11 03:50:00+00:00,0.3333333333333333,0.3333333333333333,0.3333333333333333
2024-11-11 04:00:00+00:00,0.3333333333333333,0.3333333333333333,0.3333333333333333
2024-11-11 04:10:00+00:00,0.3333333333333333,0.3333333333333333,0.3333333333333333
2024-11-11 04:20:00+00:00,0.3333333333333333,0.3333333333333333,0.3333333333333333
2024-11-11 04:30:00+00:00,0.3333333333333333,0.3333333333333333,0.3333333333333333
2024-11-11 04:40:00+00:00,0.3333333333333333,0.3333333333333333,0.3333333333333333
2024-11-11 04:50:00+00:00,0.3333333333333333,0.3333333333333333,0.3333333333333333
2024-11-11 05:00:00+00:00,0.3333333333333333,0.3333333333333333,0.3333333333333333
2024-11-11 05:10:00+00:00,0.3333333333333333,0.3333333333333333,0.3333333333333333
2024-11-11 05:20:00+00:00,0.3333333333333333,0.3333333333333333,0.3333333333333333
2024-11-11 05:30:00+00:00,0.3333333333333333,0.3333333333333333,0.3333333333333333
2024-11-11 05:40:00+00:00,0.3333333333333333,0.3333333333333333,0.3333333333333333
2024-11-11 05:50:00+00:00,0.3333333333333333,0.3333333333333333,0.3333333333333333
2024-11-11 06:00:00+00:00,0.3333333333333333,0.3333333333333333,0.3333333333333333
2024-11-11 06:10:00+00:00,0.3333333333333333,0.3333333333333333,0.3333333333333333
2024-11-11 06:20:00+00:00,0.3333333333333333,0.3333333333333333,0.3333333333333333
2024-11-11 06:30:00+00:00,0.3333333333333333,0.3333333333333333,0.3333333333333333
2024-11-11 06:40:00+00:00,0.3333333333333333,0.3333333333333333,0.3333333333333333
2024-11-11 06:50:00+00:00,0.3333333333333333,0.3333333333333333,0.3333333333333333
2024-11-11 07:00:00+00:00,0.3333333333333333,0.3333333333333333,0.3333333333333333
2024-11-11 07:10:00+00:00,0.3333333333333333,0.3333333333333333,0.3333333333333333
2024-11-11 07:20:00+00:00,0.3333333333333333,0.3333333333333333,0.3333333333333333
2024-11-11 07:30:00+00:00,0.3333333333333333,0.3333333333333333,0.3333333333333333
2024-11-11 07:40:00+00:00,0.3333333333333333,0.3333333333333333,0.3333333333333333
2024-11-11 07:50:00+00:00,0.3333333333333333,0.3333333333333333,0.3333333333333333
2024-11-11 08:00:00+00:00,0.3333333333333333,0.3333333333333333,0.3333333333333333
2024-11-11 08:10:00+00:00,0.3333333333333333,0.3333333333333333,0.3333333333333333
2024-11-11 08:20:00+00:00,0.3333333333333333,0.3333333333333333,0.3333333333333333
2024-11-11 08:30:00+00:00,0.3333333333333333,0.3333333333333333,0.3333333333333333
2024-11-11 08:40:00+00:00,0.3333333333333333,0.3333333333333333,0.3333333333333333
2024-11-11 08:50:00+00:00,0.3333333333333333,0.3333333333333333,0.3333333333333333
2024-11-11 09:00:00+00:00,0.3333333333333333,0.3333333333333333,0.3333333333333333
2024-11-11 09:10:00+00:00,0.3333333333333333,0.3333333333333333,0.3333333333333333
2024-11-11 09:20:00+00:00,0.3333333333333333,0.3333333333333333,0.3333333333333333
2024-11-11 09:30:00+00:00,0.3333333333333333,0.3333333333333333,0.3333333333333333
2024-11-11 09:40:00+00:00,0.3333333333333333,0.3333333333333333,0.3333333333333333
2024-11-11 09:50:00+00:00,0.3333333333333333,0.3333333333333333,0.3333333333333333
2024-11-11 10:00:00+00:00,0.3333333333333333,0.3333333333333333,0.3333333333333333
2024-11-11 10:10:00+00:00,0.3333333333333333,0.3333333333333333,0.3333333333333333
2024-11-11 10:20:00+00:00,0.3333333333333333,0.3333333333333333,0.3333333333333333
2024-11-11 10:30:00+00:00,0.3333333333333333,0.3333333333333333,0.3333333333333333
2024-11-11 10:40:00+00:00,0.3333333333333333,0.3333333333333333,0.3333333333333333
2024-11-11 10:50:00+00:00,0.3333333333333333,0.3333333333333333,0.3333333333333333
2024-11-11 11:00:00+00:00,0.3333333333333333,0.3333333333333333,0.3333333333333333
2024-11-11 11:10:00+00:00,0.3333333333333333,0.3333333333333333,0.3333333333333333
2024-11-11 11:20:00+00:00,0.3333333333333333,0.3333333333333333,0.3333333333333333
2024-11-11 11:30:00+00:00,0.3333333333333333,0.3333333333333333,0.3333333333333333
2024-11-11 11:40:00+00:00,0.3333333333333333,0.3333333333333333,0.3333333333333333
2024-11-11 11:50:00+00:00,0.3333333333333333,0.3333333333333333,0.3333333333333333
2024-11-11 12:00:00+00:00,0.3333333333333333,0.3333333333333333,0.3333333333333333
2024-11-11 12:10:00+00:00,0.3333333333333333,0.3333333333333333,0.3333333333333333
2024-11-11 12:20:00+00:00,0.3333333333333333,0.3333333333333333,0.3333333333333333
2024-11-11 12:30:00+00:00,0.3333333333333333,0.3333333333333333,0.3333333333333333
2024-11-11 12:40:00+00:00,0.3333333333333333,0.3333333333333333,0.3333333333333333
2024-11-11 12:50:00+00:00,0.3333333333333333,0.3333333333333333,0.3333333333333333
2024-11-11 13:00:00+00:00,0.3333333333333333,0.3333333333333333,0.3333333333333333
2024-11-11 13:10:00+00:00,0.3333333333333333,0.3333333333333333,0.3333333333333333
2024-11-11 13:20:00+00:00,0.3333333333333333,0.3333333333333333,0.3333333333333333
2024-11-11 13:30:00+00:00,0.3333333333333333,0.3333333333333333,0.3333333333333333
2024-11-11 13:40:00+00:00,0.3333333333333333,0.3333333333333333,0.3333333333333333
2024-11-11 13:50:00+00:00,0.3333333333333333,0.3333333333333333,0.3333333333333333
2024-11-11 14:00:00+00:00,0.3333333333333333,0.3333333333333333,0.3333333333333333
2024-11-11 14:10:00+00:00,0.3333333333333333,0.3333333333333333,0.3333333333333333
2024-11-11 14:20:00+00:00,0.3333333333333333,0.3333333333333333,0.3333333333333333
2024-11-11 14:30:00+00:00,0.3333333333333333,0.3333333333333333,0.3333333333333333
2024-11-11 14:40:00+00:00,0.3333333333333333,0.3333333333333333,0.3333333333333333
2024-11-11 14:50:00+00:00,0.3333333333333333,0.3333333333333333,0.3333333333333333
2024-11-11 15:00:00+00:00,0.3333333333333333,0.3333333333333333,0.3333333333333333
2024-11-11 15:10:00+00:00,0.3333333333333333,0.3333333333333333,0.3333333333333333
2024-11-11 15:20:00+00:00,0.3333333333333333,0.3333333333333333,0.3333333333333333
2024-11-11 15:30:00+00:00,0.3333333333333333,0.3333333333333333,0.3333333333333333
2024-11-11 15:40:00+00:00,0.3333333333333333,0.3333333333333333,0.3333333333333333
2024-11-11 15:50:00+00:00,0.3333333333333333,0.3333333333333333,0.3333333333333333
2024-11-11 16:00:00+00:00,0.3333333333333333,0.3333333333333333,0.3333333333333333
2024-11-11 16:10:00+00:00,0.3333333333333333,0.3333333333333333,0.3333333333333333
2024-11-11 16:20:00+00:00,0.3333333333333333,0.3333333333333333,0.3333333333333333
2024-11-11 16:30:00+00:00,0.3333333333333333,0.3333333333333333,0.3333333333333333
2024-11-11 16:40:00+00:00,0.3333333333333333,0.3333333333333333,0.3333333333333333
2024-11-11 16:50:00+00:00,0.3333333333333333,0.3333333333333333,0.3333333333333333
2024-11-11 17:00:00+00:00,0.3333333333333333,0.3333333333333333,0.3333333333333333
2024-11-11 17:10:00+00:00,0.3333333333333333,0.3333333333333333,0.3333333333333333
2024-11-11 17:20:00+00:00,0.3333333333333333,0.3333333333333333,0.3333333333333333
2024-11-11 17:30:00+00:00,0.3333333333333333,0.3333333333333333,0.3333333333333333
2024-11-11 17:40:00+00:00,0.3333333333333333,0.3333333333333333,0.3333333333333333
2024-11-11 17:50:00+00:00,0.3333333333333333,0.3333333333333333,0.3333333333333333
2024-11-11 18:00:00+00:00,0.3333333333333333,0.3333333333333333,0.3333333333333333
2024-11-11 18:10:00+00:00,0.3333333333333333,0.3333333333333333,0.3333333333333333
2024-11-11 18:20:00+00:00,0.3333333333333333,0.3333333333333333,0.3333333333333333
2024-11-11 18:30:00+00:00,0.3333333333333333,0.3333333333333333,0.3333333333333333
2024-11-11 18:40:00+00:00,0.3333333333333333,0.3333333333333333,0.3333333333333333
2024-11-11 18:50:00+00:00,0.3333333333333333,0.3333333333333333,0.3333333333333333
2024-11-11 19:00:00+00:00,0.3333333333333333,0.3333333333333333,0.3333333333333333
2024-11-11 19:10:00+00:00,0.3333333333333333,0.3333333333333333,0.3333333333333333
2024-11-11 19:20:00+00:00,0.3333333333333333,0.3333333333333333,0.3333333333333333
2024-11-11 19:30:00+00:00,0.3333333333333333,0.3333333333333333,0.3333333333333333
2024-11-11 19:40:00+00:00,0.3333333333333333,0.3333333333333333,0.3333333333333333
2024-11-11 19:50:00+00:00,0.3333333333333333,0.3333333333333333,0.3333333333333333
2024-11-11 20:00:00+00:00,0.3333333333333333,0.3333333333333333,0.3333333333333333
2024-11-11 20:10:00+00:00,0.3333333333333333,0.3333333333333333,0.3333333333333333
2024-11-11 20:20:00+00:00,2.0,2.0,0.3333333333333333
2024-11-11 20:30:00+00:00,0.3333333333333333,0.3333333333333333,0.3333333333333333
2024-11-11 20:40:00+00:00,0.3333333333333333,0.3333333333333333,0.3333333333333333
2024-11-11 20:50:00+00:00,0.3333333333333333,0.3333333333333333,0.3333333333333333
2024-11-11 21:00:00+00:00,0.3333333333333333,0.3333333333333333,0.3333333333333333
2024-11-11 21:10:00+00:00,0.3333333333333333,0.3333333333333333,0.3333333333333333
2024-11-11 21:20:00+00:00,0.3333333333333333,0.3333333333333333,0.3333333333333333
2024-11-11 21:30:00+00:00,0.3333333333333333,0.3333333333333333,0.3333333333333333
2024-11-11 21:40:00+00:00,0.3333333333333333,0.3333333333333333,0.3333333333333333
2024-11-11 21:50:00+00:00,0.3333333333333333,0.3333333333333333,0.3333333333333333
2024-11-11 22:00:00+00:00,0.3333333333333333,0.3333333333333333,0.3333333333333333
2024-11-11 22:10:00+00:00,0.3333333333333333,0.3333333333333333,0.3333333333333333
2024-11-11 22:20:00+00:00,0.3333333333333333,0.3333333333333333,0.3333333333333333
2024-11-11 22:30:00+00:00,0.3333333333333333,0.3333333333333333,0.3333333333333333
2024-11-11 22:40:00+00:00,0.3333333333333333,0.3333333333333333,0.3333333333333333
2024-11-11 22:50:00+00:00,0.3333333333333333,0.3333333333333333,0.3333333333333333
2024-11-11 23:00:00+00:00,0.3333333333333333,0.3333333333333333,0.3333333333333333
2024-11-11 23:10:00+00:00,0.3333333333333333,0.3333333333333333,0.3333333333333333
2024-11-11 23:20:00+00:00,0.3333333333333333,0.3333333333333333,0.3333333333333333
2024-11-11 23:30:00+00:00,0.3333333333333333,0.3333333333333333,0.3333333333333333
2024-11-11 23:40:00+00:00,0.3333333333333333,0.3333333333333333,0.3333333333333333
2024-11-11 23:50:00+00:00,0.3333333333333333,0.3333333333333333,0.3333333333333333
2024-11-12 00:00:00+00:00,0.3333333333333333,0.3333333333333333,0.3333333333333333
2024-11-12 00:10:00+00:00,0.3333333333333333,0.3333333333333333,0.3333333333333333
2024-11-12 00:20:00+00:00,0.3333333333333333,0.3333333333333333,0.3333333333333333
2024-11-12 00:30:00+00:00,0.3333333333333333,0.3333333333333333,0.3333333333333333
2024-11-12 00:40:00+00:00,0.3333333333333333,0.3333333333333333,0.3333333333333333
2024-11-12 00:50:00+00:00,0.3333333333333333,0.3333333333333333,0.3333333333333333
2024-11-12 01:00:00+00:00,0.3333333333333333,0.3333333333333333,0.3333333333333333
2024-11-12 01:10:00+00:00,0.3333333333333333,0.3333333333333333,0.3333333333333333
2024-11-12 01:20:00+00:00,0.3333333333333333,0.3333333333333333,0.3333333333333333
2024-11-12 01:30:00+00:00,0.3333333333333333,0.3333333333333333,0.3333333333333333
2024-11-12 01:40:00+00:00,0.3333333333333333,0.3333333333333333,0.3333333333333333
2024-11-12 01:50:00+00:00,0.3333333333333333,0.3333333333333333,0.3333333333333333
2024-11-12 02:00:00+00:00,0.3333333333333333,0.3333333333333333,0.3333333333333333
2024-11-12 02:10:00+00:00,0.3333333333333333,0.3333333333333333,0.3333333333333333
2024-11-12 02:20:00+00:00,0.3333333333333333,0.3333333333333333,0.3333333333333333
2024-11-12 02:30:00+00:00,0.3333333333333333,0.3333333333333333,0.3333333333333333
2024-11-12 02:40:00+00:00,0.3333333333333333,0.3333333333333333,0.3333333333333333
2024-11-12 02:50:00+00:00,0.3333333333333333,0.3333333333333333,0.3333333333333333
2024-11-12 03:00:00+00:00,0.3333333333333333,0.3333333333333333,0.3333333333333333
2024-11-12 03:10:00+00:00,0.3333333333333333,0.3333333333333333,0.3333333333333333
2024-11-12 03:20:00+00:00,0.3333333333333333,0.3333333333333333,0.3333333333333333
2024-11-12 03:30:00+00:00,0.3333333333333333,0.3333333333333333,0.3333333333333333
2024-11-12 03:40:00+00:00,0.3333333333333333,0.3333333333333333,0.3333333333333333
2024-11-12 03:50:00+00:00,0.3333333333333333,0.3333333333333333,0.3333333333333333
2024-11-12 04:00:00+00:00,0.3333333333333333,0.3333333333333333,0.3333333333333333
2024-11-12 04:10:00+00:00,0.3333333333333333,0.3333333333333333,0.3333333333333333
2024-11-12 04:20:00+00:00,0.3333333333333333,0.3333333333333333,0.3333333333333333
2024-11-12 04:30:00+00:00,0.3333333333333333,0.3333333333333333,0.3333333333333333
2024-11-12 04:40:00+00:00,0.3333333333333333,0.3333333333333333,0.3333333333333333
2024-11-12 04:50:00+00:00,0.3333333333333333,0.3333333333333333,0.3333333333333333
2024-11-12 05:00:00+00:00,0.3333333333333333,0.3333333333333333,0.3333333333333333
2024-11-12 05:10:00+00:00,0.3333333333333333,0.3333333333333333,0.3333333333333333
2024-11-12 05:20:00+00:00,0.3333333333333333,0.3333333333333333,0.3333333333333333
2024-11-12 05:30:00+00:00,0.3333333333333333,0.3333333333333333,0.3333333333333333
2024-11-12 05:40:00+00:00,0.3333333333333333,0.3333333333333333,0.3333333333333333
2024-11-12 05:50:00+00:00,0.3333333333333333,0.3333333333333333,0.3333333333333333
2024-11-12 06:00:00+00:00,0.3333333333333333,0.3333333333333333,0.3333333333333333
2024-11-12 06:10:00+00:00,0.3333333333333333,0.3333333333333333,0.3333333333333333
2024-11-12 06:20:00+00:00,0.3333333333333333,0.3333333333333333,0.3333333333333333
2024-11-12 06:30:00+00:00,0.3333333333333333,0.3333333333333333,0.3333333333333333
2024-11-12 06:40:00+00:00,0.3333333333333333,0.3333333333333333,0.3333333333333333
2024-11-12 06:50:00+00:00,0.3333333333333333,0.3333333333333333,0.3333333333333333
2024-11-12 07:00:00+00:00,0.3333333333333333,0.3333333333333333,0.3333333333333333
2024-11-12 07:10:00+00:00,0.3333333333333333,0.3333333333333333,0.3333333333333333
2024-11-12 07:20:00+00:00,0.3333333333333333,0.3333333333333333,0.3333333333333333
2024-11-12 07:30:00+00:00,0.3333333333333333,0.3333333333333333,0.3333333333333333
2024-11-12 07:40:00+00:00,0.3333333333333333,0.3333333333333333,0.3333333333333333
2024-11-12 07:50:00+00:00,0.3333333333333333,0.3333333333333333,0.3333333333333333
2024-11-12 08:00:00+00:00,0.3333333333333333,0.3333333333333333,0.3333333333333333
2024-11-12 08:10:00+00:00,0.3333333333333333,0.3333333333333333,0.3333333333333333
2024-11-12 08:20:00+00:00,0.3333333333333333,0.3333333333333333,0.3333333333333333
2024-11-12 08:30:00+00:00,0.3333333333333333,0.3333333333333333,0.3333333333333333
2024-11-12 08:40:00+00:00,0.3333333333333333,0.3333333333333333,0.3333333333333333
2024-11-12 08:50:00+00:00,0.3333333333333333,0.3333333333333333,0.3333333333333333
2024-11-12 09:00:00+00:00,0.3333333333333333,0.3333333333333333,0.3333333333333333
2024-11-12 09:10:00+00:00,0.3333333333333333,0.3333333333333333,0.3333333333333333
2024-11-12 09:20:00+00:00,0.3333333333333333,0.3333333333333333,0.3333333333333333
2024-11-12 09:30:00+00:00,0.3333333333333333,0.3333333333333333,0.3333333333333333
2024-11-12 09:40:00+00:00,0.3333333333333333,0.3333333333333333,0.3333333333333333
2024-11-12 09:50:00+00:00,0.3333333333333333,0.3333333333333333,0.3333333333333333
2024-11-12 10:00:00+00:00,0.3333333333333333,0.3333333333333333,0.3333333333333333
2024-11-12 10:10:00+00:00,0.3333333333333333,0.3333333333333333,0.3333333333333333
2024-11-12 10:20:00+00:00,0.3333333333333333,0.3333333333333333,0.3333333333333333
2024-11-12 10:30:00+00:00,0.3333333333333333,0.3333333333333333,0.3333333333333333
2024-11-12 10:40:00+00:00,0.3333333333333333,0.3333333333333333,0.3333333333333333
2024-11-12 10:50:00+00:00,0.3333333333333333,0.3333333333333333,0.3333333333333333
2024-11-12 11:00:00+00:00,0.3333333333333333,0.3333333333333333,0.3333333333333333
2024-11-12 11:10:00+00:00,0.3333333333333333,0.3333333333333333,0.3333333333333333
2024-11-12 11:20:00+00:00,0.3333333333333333,0.3333333333333333,0.3333333333333333
2024-11-12 11:30:00+00:00,0.3333333333333333,0.3333333333333333,0.3333333333333333
2024-11-12 11:40:00+00:00,0.3333333333333333,0.3333333333333333,0.3333333333333333
2024-11-12 11:50:00+00:00,0.3333333333333333,0.3333333333333333,0.3333333333333333
2024-11-12 12:00:00+00:00,0.3333333333333333,0.3333333333333333,0.3333333333333333
2024-11-12 12:10:00+00:00,0.3333333333333333,0.3333333333333333,0.3333333333333333
2024-11-12 12:20:00+00:00,0.3333333333333333,0.3333333333333333,0.3333333333333333
2024-11-12 12:30:00+00:00,0.3333333333333333,0.3333333333333333,0.3333333333333333
2024-11-12 12:40:00+00:00,0.3333333333333333,0.3333333333333333,0.3333333333333333
2024-11-12 12:50:00+00:00,0.3333333333333333,0.3333333333333333,0.3333333333333333
2024-11-12 13:00:00+00:00,0.3333333333333333,0.3333333333333333,0.3333333333333333
2024-11-12 13:10:00+00:00,0.3333333333333333,0.3333333333333333,0.3333333333333333
2024-11-12 13:20:00+00:00,0.3333333333333333,0.3333333333333333,0.3333333333333333
2024-11-12 13:30:00+00:00,0.3333333333333333,0.3333333333333333,0.3333333333333333
2024-11-12 13:40:00+00:00,0.3333333333333333,0.3333333333333333,0.3333333333333333
2024-11-12 13:50:00+00:00,0.3333333333333333,0.3333333333333333,0.3333333333333333
2024-11-12 14:00:00+00:00,0.3333333333333333,0.3333333333333333,0.3333333333333333
2024-11-12 14:10:00+00:00,0.3333333333333333,0.3333333333333333,0.3333333333333333
2024-11-12 14:20:00+00:00,0.3333333333333333,0.3333333333333333,0.3333333333333333
2024-11-12 14:30:00+00:00,0.3333333333333333,0.3333333333333333,0.3333333333333333
2024-11-12 14:40:00+00:00,0.3333333333333333,0.3333333333333333,0.3333333333333333
2024-11-12 14:50:00+00:00,0.3333333333333333,0.3333333333333333,0.3333333333333333
2024-11-12 15:00:00+00:00,0.3333333333333333,0.3333333333333333,0.3333333333333333
2024-11-12 15:10:00+00:00,0.3333333333333333,0.3333333333333333,0.3333333333333333
2024-11-12 15:20:00+00:00,0.3333333333333333,0.3333333333333333,0.3333333333333333
2024-11-12 15:30:00+00:00,0.3333333333333333,0.3333333333333333,0.3333333333333333
2024-11-12 15:40:00+00:00,0.3333333333333333,0.3333333333333333,0.3333333333333333
2024-11-12 15:50:00+00:00,0.3333333333333333,0.3333333333333333,0.3333333333333333
2024-11-12 16:00:00+00:00,0.3333333333333333,0.3333333333333333,0.3333333333333333
2024-11-12 16:10:00+00:00,0.3333333333333333,0.3333333333333333,0.3333333333333333
2024-11-12 16:20:00+00:00,0.3333333333333333,0.3333333333333333,0.3333333333333333
2024-11-12 16:30:00+00:00,0.3333333333333333,0.3333333333333333,0.3333333333333333
2024-11-12 16:40:00+00:00,0.3333333333333333,0.3333333333333333,0.3333333333333333
2024-11-12 16:50:00+00:00,0.3333333333333333,0.3333333333333333,0.3333333333333333
2024-11-12 17:00:00+00:00,0.3333333333333333,0.3333333333333333,0.3333333333333333
2024-11-12 17:10:00+00:00,0.3333333333333333,0.3333333333333333,0.3333333333333333
2024-11-12 17:20:00+00:00,0.3333333333333333,0.3333333333333333,0.3333333333333333
2024-11-12 17:30:00+00:00,0.3333333333333333,0.3333333333333333,0.3333333333333333
2024-11-12 17:40:00+00:00,0.3333333333333333,0.3333333333333333,0.3333333333333333
2024-11-12 17:50:00+00:00,0.3333333333333333,0.3333333333333333,0.3333333333333333
2024-11-12 18:00:00+00:00,0.3333333333333333,0.3333333333333333,0.3333333333333333
2024-11-12 18:10:00+00:00,0.3333333333333333,0.3333333333333333,0.3333333333333333
2024-11-12 18:20:00+00:00,0.3333333333333333,0.3333333333333333,0.3333333333333333
2024-11-12 18:30:00+00:00,0.3333333333333333,0.3333333333333333,0.3333333333333333
2024-11-12 18:40:00+00:00,0.3333333333333333,0.3333333333333333,0.3333333333333333
2024-11-12 18:50:00+00:00,0.3333333333333333,0.3333333333333333,0.3333333333333333
2024-11-12 19:00:00+00:00,0.3333333333333333,0.3333333333333333,0.3333333333333333
2024-11-12 19:10:00+00:00,0.3333333333333333,0.3333333333333333,0.3333333333333333
2024-11-12 19:20:00+00:00,0.3333333333333333,0.3333333333333333,0.3333333333333333
2024-11-12 19:30:00+00:00,0.3333333333333333,0.3333333333333333,0.3333333333333333
2024-11-12 19:40:00+00:00,0.3333333333333333,0.3333333333333333,0.3333333333333333
2024-11-12 19:50:00+00:00,2.0,2.0,0.3333333333333333
2024-11-12 20:00:00+00:00,0.3333333333333333,0.3333333333333333,0.3333333333333333
2024-11-12 20:10:00+00:00,0.3333333333333333,0.3333333333333333,0.3333333333333333
2024-11-12 20:20:00+00:00,0.3333333333333333,0.3333333333333333,0.3333333333333333
2024-11-12 20:30:00+00:00,0.3333333333333333,0.3333333333333333,0.3333333333333333
2024-11-12 20:40:00+00:00,0.3333333333333333,0.3333333333333333,0.3333333333333333
2024-11-12 20:50:00+00:00,0.3333333333333333,0.3333333333333333,0.3333333333333333
2024-11-12 21:00:00+00:00,0.3333333333333333,0.3333333333333333,0.3333333333333333
2024-11-12 21:10:00+00:00,0.3333333333333333,0.3333333333333333,0.3333333333333333
2024-11-12 21:20:00+00:00,0.3333333333333333,0.3333333333333333,0.3333333333333333
2024-11-12 21:30:00+00:00,0.3333333333333333,0.3333333333333333,0.3333333333333333
2024-11-12 21:40:00+00:00,0.3333333333333333,0.3333333333333333,0.3333333333333333
2024-11-12 21:50:00+00:00,0.3333333333333333,0.3333333333333333,0.3333333333333333
2024-11-12 22:00:00+00:00,0.3333333333333333,0.3333333333333333,0.3333333333333333
2024-11-12 22:10:00+00:00,0.3333333333333333,0.3333333333333333,0.3333333333333333
2024-11-12 22:20:00+00:00,0.3333333333333333,0.3333333333333333,0.3333333333333333
2024-11-12 22:30:00+00:00,0.3333333333333333,0.3333333333333333,0.3333333333333333
2024-11-12 22:40:00+00:00,0.3333333333333333,0.3333333333333333,0.3333333333333333
2024-11-12 22:50:00+00:00,0.3333333333333333,0.3333333333333333,0.3333333333333333
2024-11-12 23:00:00+00:00,0.3333333333333333,0.3333333333333333,0.3333333333333333
2024-11-12 23:10:00+00:00,0.3333333333333333,0.3333333333333333,0.3333333333333333
2024-11-12 23:20:00+00:00,0.3333333333333333,0.3333333333333333,0.3333333333333333
2024-11-12 23:30:00+00:00,0.3333333333333333,0.3333333333333333,0.3333333333333333
2024-11-12 23:40:00+00:00,0.3333333333333333,0.3333333333333333,0.3333333333333333
2024-11-12 23:50:00+00:00,0.3333333333333333,0.3333333333333333,0.3333333333333333
2024-11-13 00:00:00+00:00,0.3333333333333333,0.3333333333333333,0.3333333333333333
2024-11-13 00:10:00+00:00,0.3333333333333333,0.3333333333333333,0.3333333333333333
2024-11-13 00:20:00+00:00,0.3333333333333333,0.3333333333333333,0.3333333333333333
2024-11-13 00:30:00+00:00,0.3333333333333333,0.3333333333333333,0.3333333333333333
2024-11-13 00:40:00+00:00,0.3333333333333333,0.3333333333333333,0.3333333333333333
2024-11-13 00:50:00+00:00,0.3333333333333333,0.3333333333333333,0.3333333333333333
2024-11-13 01:00:00+00:00,0.3333333333333333,0.3333333333333333,0.3333333333333333
2024-11-13 01:10:00+00:00,0.3333333333333333,0.3333333333333333,0.3333333333333333
2024-11-13 01:20:00+00:00,0.3333333333333333,0.3333333333333333,0.3333333333333333
2024-11-13 01:30:00+00:00,0.3333333333333333,0.3333333333333333,0.3333333333333333
2024-11-13 01:40:00+00:00,0.3333333333333333,0.3333333333333333,0.3333333333333333
2024-11-13 01:50:00+00:00,0.3333333333333333,0.3333333333333333,0.3333333333333333
2024-11-13 02:00:00+00:00,0.3333333333333333,0.3333333333333333,0.3333333333333333
2024-11-13 02:10:00+00:00,0.3333333333333333,0.3333333333333333,0.3333333333333333
2024-11-13 02:20:00+00:00,0.3333333333333333,0.3333333333333333,0.3333333333333333
2024-11-13 02:30:00+00:00,0.3333333333333333,0.3333333333333333,0.3333333333333333
2024-11-13 02:40:00+00:00,0.3333333333333333,0.3333333333333333,0.3333333333333333
2024-11-13 02:50:00+00:00,0.3333333333333333,0.3333333333333333,0.3333333333333333
2024-11-13 03:00:00+00:00,0.3333333333333333,0.3333333333333333,0.3333333333333333
2024-11-13 03:10:00+00:00,0.3333333333333333,0.3333333333333333,0.3333333333333333
2024-11-13 03:20:00+00:00,0.3333333333333333,0.3333333333333333,0.3333333333333333
2024-11-13 03:30:00+00:00,0.3333333333333333,0.3333333333333333,0.3333333333333333
2024-11-13 03:40:00+00:00,0.3333333333333333,0.3333333333333333,0.3333333333333333
2024-11-13 03:50:00+00:00,0.3333333333333333,0.3333333333333333,0.3333333333333333
2024-11-13 04:00:00+00:00,0.3333333333333333,0.3333333333333333,0.3333333333333333
2024-11-13 04:10:00+00:00,0.3333333333333333,0.3333333333333333,0.3333333333333333
2024-11-13 04:20:00+00:00,0.3333333333333333,0.3333333333333333,0.3333333333333333
2024-11-13 04:30:00+00:00,0.3333333333333333,0.3333333333333333,0.3333333333333333
2024-11-13 04:40:00+00:00,0.3333333333333333,0.3333333333333333,0.3333333333333333
2024-11-13 04:50:00+00:00,0.3333333333333333,0.3333333333333333,0.3333333333333333
2024-11-13 05:00:00+00:00,0.3333333333333333,0.3333333333333333,0.3333333333333333
2024-11-13 05:10:00+00:00,0.3333333333333333,0.3333333333333333,0.3333333333333333
2024-11-13 05:20:00+00:00,0.3333333333333333,0.3333333333333333,0.3333333333333333
2024-11-13 05:30:00+00:00,0.3333333333333333,0.3333333333333333,0.3333333333333333
2024-11-13 05:40:00+00:00,0.3333333333333333,0.3333333333333333,0.3333333333333333
2024-11-13 05:50:00+00:00,0.3333333333333333,0.3333333333333333,0.3333333333333333
2024-11-13 06:00:00+00:00,0.3333333333333333,0.3333333333333333,0.3333333333333333
2024-11-13 06:10:00+00:00,0.3333333333333333,0.3333333333333333,0.3333333333333333
2024-11-13 06:20:00+00:00,0.3333333333333333,0.3333333333333333,0.3333333333333333
2024-11-13 06:30:00+00:00,0.3333333333333333,0.3333333333333333,0.3333333333333333
2024-11-13 06:40:00+00:00,0.3333333333333333,0.3333333333333333,0.3333333333333333
2024-11-13 06:50:00+00:00,0.3333333333333333,0.3333333333333333,0.3333333333333333
2024-11-13 07:00:00+00:00,0.3333333333333333,0.3333333333333333,0.3333333333333333
2024-11-13 07:10:00+00:00,0.3333333333333333,0.3333333333333333,0.3333333333333333
2024-11-13 07:20:00+00:00,0.3333333333333333,0.3333333333333333,0.3333333333333333
2024-11-13 07:30:00+00:00,0.3333333333333333,0.3333333333333333,0.3333333333333333
2024-11-13 07:40:00+00:00,0.3333333333333333,0.3333333333333333,0.3333333333333333
2024-11-13 07:50:00+00:00,0.3333333333333333,0.3333333333333333,0.3333333333333333
2024-11-13 08:00:00+00:00,0.3333333333333333,0.3333333333333333,0.3333333333333333
2024-11-13 08:10:00+00:00,0.3333333333333333,0.3333333333333333,0.3333333333333333
2024-11-13 08:20:00+00:00,0.3333333333333333,0.3333333333333333,0.3333333333333333
2024-11-13 08:30:00+00:00,0.3333333333333333,0.3333333333333333,0.3333333333333333
2024-11-13 08:40:00+00:00,0.3333333333333333,0.3333333333333333,0.3333333333333333
2024-11-13 08:50:00+00:00,0.3333333333333333,0.3333333333333333,0.3333333333333333
2024-11-13 09:00:00+00:00,0.3333333333333333,0.3333333333333333,0.3333333333333333
2024-11-13 09:10:00+00:00,0.3333333333333333,0.3333333333333333,0.3333333333333333
2024-11-13 09:20:00+00:00,0.3333333333333333,0.3333333333333333,0.3333333333333333
2024-11-13 09:30:00+00:00,0.3333333333333333,0.3333333333333333,0.3333333333333333
2024-11-13 09:40:00+00:00,0.3333333333333333,0.3333333333333333,0.3333333333333333
2024-11-13 09:50:00+00:00,0.3333333333333333,0.3333333333333333,0.3333333333333333
2024-11-13 10:00:00+00:00,0.3333333333333333,0.3333333333333333,0.3333333333333333
2024-11-13 10:10:00+00:00,0.3333333333333333,0.3333333333333333,0.3333333333333333
2024-11-13 10:20:00+00:00,0.3333333333333333,0.3333333333333333,0.3333333333333333
2024-11-13 10:30:00+00:00,0.3333333333333333,0.3333333333333333,0.3333333333333333
2024-11-13 10:40:00+00:00,0.3333333333333333,0.3333333333333333,0.3333333333333333
2024-11-13 10:50:00+00:00,0.3333333333333333,0.3333333333333333,0.3333333333333333
2024-11-13 11:00:00+00:00,0.3333333333333333,0.3333333333333333,0.3333333333333333
2024-11-13 11:10:00+00:00,0.3333333333333333,0.3333333333333333,0.3333333333333333
2024-11-13 11:20:00+00:00,0.3333333333333333,0.3333333333333333,0.3333333333333333
2024-11-13 11:30:00+00:00,0.3333333333333333,0.3333333333333333,0.3333333333333333
2024-11-13 11:40:00+00:00,0.3333333333333333,0.3333333333333333,0.3333333333333333
2024-11-13 11:50:00+00:00,0.3333333333333333,0.3333333333333333,0.3333333333333333
2024-11-13 12:00:00+00:00,0.3333333333333333,0.3333333333333333,0.3333333333333333
2024-11-13 12:10:00+00:00,0.3333333333333333,0.3333333333333333,0.3333333333333333
2024-11-13 12:20:00+00:00,0.3333333333333333,0.3333333333333333,0.3333333333333333
2024-11-13 12:30:00+00:00,0.3333333333333333,0.3333333333333333,0.3333333333333333
2024-11-13 12:40:00+00:00,0.3333333333333333,0.3333333333333333,0.3333333333333333
2024-11-13 12:50:00+00:00,0.3333333333333333,0.3333333333333333,0.3333333333333333
2024-11-13 13:00:00+00:00,0.3333333333333333,0.3333333333333333,0.3333333333333333
2024-11-13 13:10:00+00:00,0.3333333333333333,0.3333333333333333,0.3333333333333333
2024-11-13 13:20:00+00:00,0.3333333333333333,0.3333333333333333,0.3333333333333333
2024-11-13 13:30:00+00:00,0.3333333333333333,0.3333333333333333,0.3333333333333333
2024-11-13 13:40:00+00:00,0.3333333333333333,0.3333333333333333,0.3333333333333333
2024-11-13 13:50:00+00:00,0.3333333333333333,0.3333333333333333,0.3333333333333333
2024-11-13 14:00:00+00:00,0.3333333333333333,0.3333333333333333,0.3333333333333333
2024-11-13 14:10:00+00:00,0.3333333333333333,0.3333333333333333,0.3333333333333333
2024-11-13 14:20:00+00:00,0.3333333333333333,0.3333333333333333,0.3333333333333333
2024-11-13 14:30:00+00:00,0.3333333333333333,0.3333333333333333,0.3333333333333333
2024-11-13 14:40:00+00:00,0.3333333333333333,0.3333333333333333,0.3333333333333333
2024-11-13 14:50:00+00:00,0.3333333333333333,0.3333333333333333,0.3333333333333333
2024-11-13 15:00:00+00:00,0.3333333333333333,0.3333333333333333,0.3333333333333333
2024-11-13 15:10:00+00:00,0.3333333333333333,0.3333333333333333,0.3333333333333333
2024-11-13 15:20:00+00:00,0.3333333333333333,0.3333333333333333,0.3333333333333333
2024-11-13 15:30:00+00:00,0.3333333333333333,0.3333333333333333,0.3333333333333333
2024-11-13 15:40:00+00:00,0.3333333333333333,0.3333333333333333,0.3333333333333333
2024-11-13 15:50:00+00:00,0.3333333333333333,0.3333333333333333,0.3333333333333333
2024-11-13 16:00:00+00:00,0.3333333333333333,0.3333333333333333,0.3333333333333333
2024-11-13 16:10:00+00:00,0.3333333333333333,0.3333333333333333,0.3333333333333333
2024-11-13 16:20:00+00:00,0.3333333333333333,0.3333333333333333,0.3333333333333333
2024-11-13 16:30:00+00:00,0.3333333333333333,0.3333333333333333,0.3333333333333333
2024-11-13 16:40:00+00:00,0.3333333333333333,0.3333333333333333,0.3333333333333333
2024-11-13 16:50:00+00:00,0.3333333333333333,0.3333333333333333,0.3333333333333333
2024-11-13 17:00:00+00:00,0.3333333333333333,0.3333333333333333,0.3333333333333333
2024-11-13 17:10:00+00:00,0.3333333333333333,0.3333333333333333,0.3333333333333333
2024-11-13 17:20:00+00:00,0.3333333333333333,0.3333333333333333,0.3333333333333333
2024-11-13 17:30:00+00:00,0.3333333333333333,0.3333333333333333,0.3333333333333333
2024-11-13 17:40:00+00:00,0.3333333333333333,0.3333333333333333,0.3333333333333333
2024-11-13 17:50:00+00:00,0.3333333333333333,0.3333333333333333,0.3333333333333333
2024-11-13 18:00:00+00:00,0.3333333333333333,0.3333333333333333,0.3333333333333333
2024-11-13 18:10:00+00:00,0.3333333333333333,0.3333333333333333,0.3333333333333333
2024-11-13 18:20:00+00:00,0.3333333333333333,0.3333333333333333,0.3333333333333333
2024-11-13 18:30:00+00:00,0.3333333333333333,0.3333333333333333,0.3333333333333333
2024-11-13 18:40:00+00:00,0.3333333333333333,0.3333333333333333,0.3333333333333333
2024-11-13 18:50:00+00:00,0.3333333333333333,0.3333333333333333,0.3333333333333333
2024-11-13 19:00:00+00:00,0.3333333333333333,0.3333333333333333,0.3333333333333333
2024-11-13 19:10:00+00:00,0.3333333333333333,0.3333333333333333,0.3333333333333333
2024-11-13 19:20:00+00:00,0.3333333333333333,0.3333333333333333,0.3333333333333333
2024-11-13 19:30:00+00:00,0.3333333333333333,0.3333333333333333,0.3333333333333333
2024-11-13 19:40:00+00:00,0.3333333333333333,0.3333333333333333,0.3333333333333333
2024-11-13 19:50:00+00:00,0.3333333333333333,0.3333333333333333,0.3333333333333333
2024-11-13 20:00:00+00:00,0.3333333333333333,0.3333333333333333,0.3333333333333333
2024-11-13 20:10:00+00:00,0.3333333333333333,0.3333333333333333,0.3333333333333333
2024-11-13 20:20:00+00:00,0.3333333333333333,0.3333333333333333,0.3333333333333333
2024-11-13 20:30:00+00:00,0.3333333333333333,0.3333333333333333,0.3333333333333333
2024-11-13 20:40:00+00:00,0.3333333333333333,0.3333333333333333,0.3333333333333333
2024-11-13 20:50:00+00:00,0.3333333333333333,0.3333333333333333,0.3333333333333333
2024-11-13 21:00:00+00:00,0.3333333333333333,0.3333333333333333,0.3333333333333333
2024-11-13 21:10:00+00:00,0.3333333333333333,0.3333333333333333,0.3333333333333333
2024-11-13 21:20:00+00:00,0.3333333333333333,0.3333333333333333,0.3333333333333333
2024-11-13 21:30:00+00:00,0.3333333333333333,0.3333333333333333,0.3333333333333333
2024-11-13 21:40:00+00:00,0.3333333333333333,0.3333333333333333,0.3333333333333333
2024-11-13 21:50:00+00:00,0.3333333333333333,0.3333333333333333,0.3333333333333333
2024-11-13 22:00:00+00:00,0.3333333333333333,0.3333333333333333,0.3333333333333333
2024-11-13 22:10:00+00:00,0.3333333333333333,0.3333333333333333,0.3333333333333333
2024-11-13 22:20:00+00:00,0.3333333333333333,0.3333333333333333,0.3333333333333333
2024-11-13 22:30:00+00:00,0.3333333333333333,0.3333333333333333,0.3333333333333333
2024-11-13 22:40:00+00:00,0.3333333333333333,0.3333333333333333,0.3333333333333333
2024-11-13 22:50:00+00:00,0.3333333333333333,0.3333333333333333,0.3333333333333333
2024-11-13 23:00:00+00:00,0.3333333333333333,0.3333333333333333,0.3333333333333333
2024-11-13 23:10:00+00:00,0.3333333333333333,0.3333333333333333,0.3333333333333333
2024-11-13 23:20:00+00:00,0.3333333333333333,0.3333333333333333,0.3333333333333333
2024-11-13 23:30:00+00:00,0.3333333333333333,0.3333333333333333,0.3333333333333333
2024-11-13 23:40:00+00:00,0.3333333333333333,0.3333333333333333,0.3333333333333333
2024-11-13 23:50:00+00:00,0.3333333333333333,0.3333333333333333,0.3333333333333333
2024-11-14 00:00:00+00:00,0.3333333333333333,0.3333333333333333,0.3333333333333333
2024-11-14 00:10:00+00:00,0.3333333333333333,0.3333333333333333,0.3333333333333333
2024-11-14 00:20:00+00:00,0.3333333333333333,0.3333333333333333,0.3333333333333333
2024-11-14 00:30:00+00:00,0.3333333333333333,0.3333333333333333,0.3333333333333333
2024-11-14 00:40:00+00:00,0.3333333333333333,0.3333333333333333,0.3333333333333333
2024-11-14 00:50:00+00:00,0.3333333333333333,0.3333333333333333,0.3333333333333333
2024-11-14 01:00:00+00:00,0.3333333333333333,0.3333333333333333,0.3333333333333333
2024-11-14 01:10:00+00:00,0.3333333333333333,0.3333333333333333,0.3333333333333333
2024-11-14 01:20:00+00:00,0.3333333333333333,0.3333333333333333,0.3333333333333333
2024-11-14 01:30:00+00:00,0.3333333333333333,0.3333333333333333,0.3333333333333333
2024-11-14 01:40:00+00:00,0.3333333333333333,0.3333333333333333,0.3333333333333333
2024-11-14 01:50:00+00:00,0.3333333333333333,0.3333333333333333,0.3333333333333333
2024-11-14 02:00:00+00:00,0.3333333333333333,0.3333333333333333,0.3333333333333333
2024-11-14 02:10:00+00:00,0.3333333333333333,0.3333333333333333,0.3333333333333333
2024-11-14 02:20:00+00:00,0.3333333333333333,0.3333333333333333,0.3333333333333333
2024-11-14 02:30:00+00:00,0.3333333333333333,0.3333333333333333,0.3333333333333333
2024-11-14 02:40:00+00:00,0.3333333333333333,0.3333333333333333,0.3333333333333333
2024-11-14 02:50:00+00:00,0.3333333333333333,0.3333333333333333,0.3333333333333333
2024-11-14 03:00:00+00:00,0.3333333333333333,0.3333333333333333,0.3333333333333333
2024-11-14 03:10:00+00:00,0.3333333333333333,0.3333333333333333,0.3333333333333333
2024-11-14 03:20:00+00:00,0.3333333333333333,0.3333333333333333,0.3333333333333333
2024-11-14 03:30:00+00:00,0.3333333333333333,0.3333333333333333,0.3333333333333333
2024-11-14 03:40:00+00:00,0.3333333333333333,0.3333333333333333,0.3333333333333333
2024-11-14 03:50:00+00:00,0.3333333333333333,0.3333333333333333,0.3333333333333333
2024-11-14 04:00:00+00:00,0.3333333333333333,0.3333333333333333,0.3333333333333333
2024-11-14 04:10:00+00:00,0.3333333333333333,0.3333333333333333,0.3333333333333333
2024-11-14 04:20:00+00:00,0.3333333333333333,0.3333333333333333,0.3333333333333333
2024-11-14 04:30:00+00:00,0.3333333333333333,0.3333333333333333,0.3333333333333333
2024-11-14 04:40:00+00:00,0.3333333333333333,0.3333333333333333,0.3333333333333333
2024-11-14 04:50:00+00:00,0.3333333333333333,0.3333333333333333,0.3333333333333333
2024-11-14 05:00:00+00:00,0.3333333333333333,0.3333333333333333,0.3333333333333333
2024-11-14 05:10:00+00:00,0.3333333333333333,0.3333333333333333,0.3333333333333333
2024-11-14 05:20:00+00:00,0.3333333333333333,0.3333333333333333,0.3333333333333333
2024-11-14 05:30:00+00:00,0.3333333333333333,0.3333333333333333,0.3333333333333333
2024-11-14 05:40:00+00:00,0.3333333333333333,0.3333333333333333,0.3333333333333333
2024-11-14 05:50:00+00:00,0.3333333333333333,0.3333333333333333,0.3333333333333333
2024-11-14 06:00:00+00:00,0.3333333333333333,0.3333333333333333,0.3333333333333333
2024-11-14 06:10:00+00:00,0.3333333333333333,0.3333333333333333,0.3333333333333333
2024-11-14 06:20:00+00:00,0.3333333333333333,0.3333333333333333,0.3333333333333333
2024-11-14 06:30:00+00:00,0.3333333333333333,0.3333333333333333,0.3333333333333333
2024-11-14 06:40:00+00:00,0.3333333333333333,0.3333333333333333,0.3333333333333333
2024-11-14 06:50:00+00:00,0.3333333333333333,0.3333333333333333,0.3333333333333333
2024-11-14 07:00:00+00:00,0.3333333333333333,0.3333333333333333,0.3333333333333333
2024-11-14 07:10:00+00:00,0.3333333333333333,0.3333333333333333,0.3333333333333333
2024-11-14 07:20:00+00:00,0.3333333333333333,0.3333333333333333,0.3333333333333333
2024-11-14 07:30:00+00:00,0.3333333333333333,0.3333333333333333,0.3333333333333333
2024-11-14 07:40:00+00:00,0.3333333333333333,0.3333333333333333,0.3333333333333333
2024-11-14 07:50:00+00:00,0.3333333333333333,0.3333333333333333,0.3333333333333333
2024-11-14 08:00:00+00:00,0.3333333333333333,0.3333333333333333,0.3333333333333333
2024-11-14 08:10:00+00:00,0.3333333333333333,0.3333333333333333,0.3333333333333333
2024-11-14 08:20:00+00:00,0.3333333333333333,0.3333333333333333,0.3333333333333333
2024-11-14 08:30:00+00:00,0.3333333333333333,0.3333333333333333,0.3333333333333333
2024-11-14 08:40:00+00:00,0.3333333333333333,0.3333333333333333,0.3333333333333333
2024-11-14 08:50:00+00:00,0.3333333333333333,0.3333333333333333,0.3333333333333333
2024-11-14 09:00:00+00:00,0.3333333333333333,0.3333333333333333,0.3333333333333333
2024-11-14 09:10:00+00:00,0.3333333333333333,0.3333333333333333,0.3333333333333333
2024-11-14 09:20:00+00:00,0.3333333333333333,0.3333333333333333,0.3333333333333333
2024-11-14 09:30:00+00:00,0.3333333333333333,0.3333333333333333,0.3333333333333333
2024-11-14 09:40:00+00:00,0.3333333333333333,0.3333333333333333,0.3333333333333333
2024-11-14 09:50:00+00:00,0.3333333333333333,0.3333333333333333,0.3333333333333333
2024-11-14 10:00:00+00:00,0.3333333333333333,0.3333333333333333,0.3333333333333333
2024-11-14 10:10:00+00:00,0.3333333333333333,0.3333333333333333,0.3333333333333333
2024-11-14 10:20:00+00:00,0.3333333333333333,0.3333333333333333,0.3333333333333333
2024-11-14 10:30:00+00:00,0.3333333333333333,0.3333333333333333,0.3333333333333333
2024-11-14 10:40:00+00:00,0.3333333333333333,0.3333333333333333,0.3333333333333333
2024-11-14 10:50:00+00:00,0.3333333333333333,0.3333333333333333,0.3333333333333333
2024-11-14 11:00:00+00:00,0.3333333333333333,0.3333333333333333,0.3333333333333333
2024-11-14 11:10:00+00:00,0.3333333333333333,0.3333333333333333,0.3333333333333333
2024-11-14 11:20:00+00:00,0.3333333333333333,0.3333333333333333,0.3333333333333333
2024-11-14 11:30:00+00:00,0.3333333333333333,0.3333333333333333,0.3333333333333333
2024-11-14 11:40:00+00:00,0.3333333333333333,0.3333333333333333,0.3333333333333333
2024-11-14 11:50:00+00:00,0.3333333333333333,0.3333333333333333,0.3333333333333333
2024-11-14 12:00:00+00:00,0.3333333333333333,0.3333333333333333,0.3333333333333333
2024-11-14 12:10:00+00:00,0.3333333333333333,0.3333333333333333,0.3333333333333333
2024-11-14 12:20:00+00:00,0.3333333333333333,0.3333333333333333,0.3333333333333333
2024-11-14 12:30:00+00:00,0.3333333333333333,0.3333333333333333,0.3333333333333333
2024-11-14 12:40:00+00:00,0.3333333333333333,0.3333333333333333,0.3333333333333333
2024-11-14 12:50:00+00:00,0.3333333333333333,0.3333333333333333,0.3333333333333333
2024-11-14 13:00:00+00:00,0.3333333333333333,0.3333333333333333,0.3333333333333333
2024-11-14 13:10:00+00:00,0.3333333333333333,0.3333333333333333,0.3333333333333333
2024-11-14 13:20:00+00:00,0.3333333333333333,0.3333333333333333,0.3333333333333333
2024-11-14 13:30:00+00:00,0.3333333333333333,0.3333333333333333,0.3333333333333333
2024-11-14 13:40:00+00:00,0.3333333333333333,0.3333333333333333,0.3333333333333333
2024-11-14 13:50:00+00:00,0.3333333333333333,0.3333333333333333,0.3333333333333333
2024-11-14 14:00:00+00:00,0.3333333333333333,0.3333333333333333,0.3333333333333333
2024-11-14 14:10:00+00:00,0.3333333333333333,0.3333333333333333,0.3333333333333333
2024-11-14 14:20:00+00:00,0.3333333333333333,0.3333333333333333,0.3333333333333333
2024-11-14 14:30:00+00:00,0.3333333333333333,0.3333333333333333,0.3333333333333333
2024-11-14 14:40:00+00:00,0.3333333333333333,0.3333333333333333,0.3333333333333333
2024-11-14 14:50:00+00:00,0.3333333333333333,0.3333333333333333,0.3333333333333333
2024-11-14 15:00:00+00:00,0.3333333333333333,0.3333333333333333,0.3333333333333333
2024-11-14 15:10:00+00:00,0.3333333333333333,0.3333333333333333,0.3333333333333333
2024-11-14 15:20:00+00:00,0.3333333333333333,0.3333333333333333,0.3333333333333333
2024-11-14 15:30:00+00:00,0.3333333333333333,0.3333333333333333,0.3333333333333333
2024-11-14 15:40:00+00:00,0.3333333333333333,0.3333333333333333,0.3333333333333333
2024-11-14 15:50:00+00:00,0.3333333333333333,0.3333333333333333,0.3333333333333333
2024-11-14 16:00:00+00:00,0.3333333333333333,0.3333333333333333,0.3333333333333333
2024-11-14 16:10:00+00:00,0.3333333333333333,0.3333333333333333,0.3333333333333333
2024-11-14 16:20:00+00:00,0.3333333333333333,0.3333333333333333,0.3333333333333333
2024-11-14 16:30:00+00:00,0.3333333333333333,0.3333333333333333,0.3333333333333333
2024-11-14 16:40:00+00:00,0.3333333333333333,0.3333333333333333,0.3333333333333333
2024-11-14 16:50:00+00:00,0.3333333333333333,0.3333333333333333,0.3333333333333333
2024-11-14 17:00:00+00:00,0.3333333333333333,0.3333333333333333,0.3333333333333333
2024-11-14 17:10:00+00:00,0.3333333333333333,0.3333333333333333,0.3333333333333333
2024-11-14 17:20:00+00:00,0.3333333333333333,0.3333333333333333,0.3333333333333333
2024-11-14 17:30:00+00:00,0.3333333333333333,0.3333333333333333,0.3333333333333333
2024-11-14 17:40:00+00:00,0.3333333333333333,0.3333333333333333,0.3333333333333333
2024-11-14 17:50:00+00:00,0.3333333333333333,0.3333333333333333,0.3333333333333333
2024-11-14 18:00:00+00:00,0.3333333333333333,0.3333333333333333,0.3333333333333333
2024-11-14 18:10:00+00:00,0.3333333333333333,0.3333333333333333,0.3333333333333333
2024-11-14 18:20:00+00:00,0.3333333333333333,0.3333333333333333,0.3333333333333333
2024-11-14 18:30:00+00:00,0.3333333333333333,0.3333333333333333,0.3333333333333333
2024-11-14 18:40:00+00:00,0.3333333333333333,0.3333333333333333,0.3333333333333333
2024-11-14 18:50:00+00:00,0.3333333333333333,0.3333333333333333,0.3333333333333333
2024-11-14 19:00:00+00:00,0.3333333333333333,0.3333333333333333,0.3333333333333333
2024-11-14 19:10:00+00:00,0.3333333333333333,0.3333333333333333,0.3333333333333333
2024-11-14 19:20:00+00:00,0.3333333333333333,0.3333333333333333,0.3333333333333333
2024-11-14 19:30:00+00:00,0.3333333333333333,0.3333333333333333,0.3333333333333333
2024-11-14 19:40:00+00:00,0.3333333333333333,0.3333333333333333,0.3333333333333333
2024-11-14 19:50:00+00:00,0.3333333333333333,0.3333333333333333,0.3333333333333333
2024-11-14 20:00:00+00:00,0.3333333333333333,0.3333333333333333,0.3333333333333333
2024-11-14 20:10:00+00:00,0.3333333333333333,0.3333333333333333,0.3333333333333333
2024-11-14 20:20:00+00:00,0.3333333333333333,0.3333333333333333,0.3333333333333333
2024-11-14 20:30:00+00:00,0.3333333333333333,0.3333333333333333,0.3333333333333333
2024-11-14 20:40:00+00:00,0.3333333333333333,0.3333333333333333,0.3333333333333333
2024-11-14 20:50:00+00:00,0.3333333333333333,0.3333333333333333,0.3333333333333333
2024-11-14 21:00:00+00:00,0.3333333333333333,0.3333333333333333,0.3333333333333333
2024-11-14 21:10:00+00:00,0.3333333333333333,0.3333333333333333,0.3333333333333333
2024-11-14 21:20:00+00:00,0.3333333333333333,0.3333333333333333,0.3333333333333333
2024-11-14 21:30:00+00:00,0.3333333333333333,0.3333333333333333,0.3333333333333333
2024-11-14 21:40:00+00:00,0.3333333333333333,0.3333333333333333,0.3333333333333333
2024-11-14 21:50:00+00:00,0.3333333333333333,0.3333333333333333,0.3333333333333333
2024-11-14 22:00:00+00:00,0.3333333333333333,0.3333333333333333,0.3333333333333333
2024-11-14 22:10:00+00:00,0.3333333333333333,0.3333333333333333,0.3333333333333333
2024-11-14 22:20:00+00:00,0.3333333333333333,0.3333333333333333,0.3333333333333333
2024-11-14 22:30:00+00:00,0.3333333333333333,0.3333333333333333,0.3333333333333333
2024-11-14 22:40:00+00:00,0.3333333333333333,0.3333333333333333,0.3333333333333333
2024-11-14 22:50:00+00:00,0.3333333333333333,0.3333333333333333,0.3333333333333333
2024-11-14 23:00:00+00:00,0.3333333333333333,0.3333333333333333,0.3333333333333333
2024-11-14 23:10:00+00:00,0.3333333333333333,0.3333333333333333,0.3333333333333333
2024-11-14 23:20:00+00:00,0.3333333333333333,0.3333333333333333,0.3333333333333333
2024-11-14 23:30:00+00:00,0.3333333333333333,0.3333333333333333,0.3333333333333333
2024-11-14 23:40:00+00:00,0.3333333333333333,0.3333333333333333,0.3333333333333333
2024-11-14 23:50:00+00:00,0.3333333333333333,0.3333333333333333,0.3333333333333333
2024-11-15 00:00:00+00:00,0.3333333333333333,0.3333333333333333,0.3333333333333333
2024-11-15 00:10:00+00:00,0.3333333333333333,0.3333333333333333,0.3333333333333333
2024-11-15 00:20:00+00:00,0.3333333333333333,0.3333333333333333,0.3333333333333333
2024-11-15 00:30:00+00:00,0.3333333333333333,0.3333333333333333,0.3333333333333333
2024-11-15 00:40:00+00:00,0.3333333333333333,0.3333333333333333,0.3333333333333333
2024-11-15 00:50:00+00:00,0.3333333333333333,0.3333333333333333,0.3333333333333333
2024-11-15 01:00:00+00:00,0.3333333333333333,0.3333333333333333,0.3333333333333333
2024-11-15 01:10:00+00:00,0.3333333333333333,0.3333333333333333,0.3333333333333333
2024-11-15 01:20:00+00:00,0.3333333333333333,0.3333333333333333,0.3333333333333333
2024-11-15 01:30:00+00:00,0.3333333333333333,0.3333333333333333,0.3333333333333333
2024-11-15 01:40:00+00:00,0.3333333333333333,0.3333333333333333,0.3333333333333333
2024-11-15 01:50:00+00:00,0.3333333333333333,0.3333333333333333,0.3333333333333333
2024-11-15 02:00:00+00:00,0.3333333333333333,0.3333333333333333,0.3333333333333333
2024-11-15 02:10:00+00:00,0.3333333333333333,0.3333333333333333,0.3333333333333333
2024-11-15 02:20:00+00:00,0.3333333333333333,0.3333333333333333,0.3333333333333333
2024-11-15 02:30:00+00:00,0.3333333333333333,0.3333333333333333,0.3333333333333333
2024-11-15 02:40:00+00:00,0.3333333333333333,0.3333333333333333,0.3333333333333333
2024-11-15 02:50:00+00:00,0.3333333333333333,0.3333333333333333,0.3333333333333333
2024-11-15 03:00:00+00:00,0.3333333333333333,0.3333333333333333,0.3333333333333333
2024-11-15 03:10:00+00:00,0.3333333333333333,0.3333333333333333,0.3333333333333333
2024-11-15 03:20:00+00:00,0.3333333333333333,0.3333333333333333,0.3333333333333333
2024-11-15 03:30:00+00:00,0.3333333333333333,0.3333333333333333,0.3333333333333333
2024-11-15 03:40:00+00:00,0.3333333333333333,0.3333333333333333,0.3333333333333333
2024-11-15 03:50:00+00:00,0.3333333333333333,0.3333333333333333,0.3333333333333333
2024-11-15 04:00:00+00:00,0.3333333333333333,0.3333333333333333,0.3333333333333333
2024-11-15 04:10:00+00:00,0.3333333333333333,0.3333333333333333,0.3333333333333333
2024-11-15 04:20:00+00:00,0.3333333333333333,0.3333333333333333,0.3333333333333333
2024-11-15 04:30:00+00:00,0.3333333333333333,0.3333333333333333,0.3333333333333333
2024-11-15 04:40:00+00:00,0.3333333333333333,0.3333333333333333,0.3333333333333333
2024-11-15 04:50:00+00:00,0.3333333333333333,0.3333333333333333,0.3333333333333333
2024-11-15 05:00:00+00:00,0.3333333333333333,0.3333333333333333,0.3333333333333333
2024-11-15 05:10:00+00:00,0.3333333333333333,0.3333333333333333,0.3333333333333333
2024-11-15 05:20:00+00:00,0.3333333333333333,0.3333333333333333,0.3333333333333333
2024-11-15 05:30:00+00:00,0.3333333333333333,0.3333333333333333,0.3333333333333333
2024-11-15 05:40:00+00:00,0.3333333333333333,0.3333333333333333,0.3333333333333333
2024-11-15 05:50:00+00:00,0.3333333333333333,0.3333333333333333,0.3333333333333333
2024-11-15 06:00:00+00:00,0.3333333333333333,0.3333333333333333,0.3333333333333333
2024-11-15 06:10:00+00:00,0.3333333333333333,0.3333333333333333,0.3333333333333333
2024-11-15 06:20:00+00:00,0.3333333333333333,0.3333333333333333,0.3333333333333333
2024-11-15 06:30:00+00:00,0.3333333333333333,0.3333333333333333,0.3333333333333333
2024-11-15 06:40:00+00:00,0.3333333333333333,0.3333333333333333,0.3333333333333333
2024-11-15 06:50:00+00:00,0.3333333333333333,0.3333333333333333,0.3333333333333333
2024-11-15 07:00:00+00:00,0.3333333333333333,0.3333333333333333,0.3333333333333333
2024-11-15 07:10:00+00:00,0.3333333333333333,0.3333333333333333,0.3333333333333333
2024-11-15 07:20:00+00:00,0.3333333333333333,0.3333333333333333,0.3333333333333333
2024-11-15 07:30:00+00:00,0.3333333333333333,0.3333333333333333,0.3333333333333333
2024-11-15 07:40:00+00:00,0.3333333333333333,0.3333333333333333,0.3333333333333333
2024-11-15 07:50:00+00:00,0.3333333333333333,0.3333333333333333,0.3333333333333333
2024-11-15 08:00:00+00:00,0.3333333333333333,0.3333333333333333,0.3333333333333333
2024-11-15 08:10:00+00:00,0.3333333333333333,0.3333333333333333,0.3333333333333333
2024-11-15 08:20:00+00:00,0.3333333333333333,0.3333333333333333,0.3333333333333333
2024-11-15 08:30:00+00:00,0.3333333333333333,0.3333333333333333,0.3333333333333333
2024-11-15 08:40:00+00:00,0.3333333333333333,0.3333333333333333,0.3333333333333333
2024-11-15 08:50:00+00:00,0.3333333333333333,0.3333333333333333,0.3333333333333333
2024-11-15 09:00:00+00:00,0.3333333333333333,0.3333333333333333,0.3333333333333333
2024-11-15 09:10:00+00:00,0.3333333333333333,0.3333333333333333,0.3333333333333333
2024-11-15 09:20:00+00:00,0.3333333333333333,0.3333333333333333,0.3333333333333333
2024-11-15 09:30:00+00:00,0.3333333333333333,0.3333333333333333,0.3333333333333333
2024-11-15 09:40:00+00:00,0.3333333333333333,0.3333333333333333,0.3333333333333333
2024-11-15 09:50:00+00:00,0.3333333333333333,0.3333333333333333,0.3333333333333333
2024-11-15 10:00:00+00:00,0.3333333333333333,0.3333333333333333,0.3333333333333333
2024-11-15 10:10:00+00:00,0.3333333333333333,0.3333333333333333,0.3333333333333333
2024-11-15 10:20:00+00:00,0.3333333333333333,0.3333333333333333,0.3333333333333333
2024-11-15 10:30:00+00:00,0.3333333333333333,0.3333333333333333,0.3333333333333333
2024-11-15 10:40:00+00:00,0.3333333333333333,0.3333333333333333,0.3333333333333333
2024-11-15 10:50:00+00:00,0.3333333333333333,0.3333333333333333,0.3333333333333333
2024-11-15 11:00:00+00:00,0.3333333333333333,0.3333333333333333,0.3333333333333333
2024-11-15 11:10:00+00:00,0.3333333333333333,0.3333333333333333,0.3333333333333333
2024-11-15 11:20:00+00:00,0.3333333333333333,0.3333333333333333,0.3333333333333333
2024-11-15 11:30:00+00:00,0.3333333333333333,0.3333333333333333,0.3333333333333333
2024-11-15 11:40:00+00:00,0.3333333333333333,0.3333333333333333,0.3333333333333333
2024-11-15 11:50:00+00:00,0.3333333333333333,0.3333333333333333,0.3333333333333333
2024-11-15 12:00:00+00:00,0.3333333333333333,0.3333333333333333,0.3333333333333333
2024-11-15 12:10:00+00:00,0.3333333333333333,0.3333333333333333,0.3333333333333333
2024-11-15 12:20:00+00:00,0.3333333333333333,0.3333333333333333,0.3333333333333333
2024-11-15 12:30:00+00:00,0.3333333333333333,0.3333333333333333,0.3333333333333333
2024-11-15 12:40:00+00:00,0.3333333333333333,0.3333333333333333,0.3333333333333333
2024-11-15 12:50:00+00:00,0.3333333333333333,0.3333333333333333,0.3333333333333333
2024-11-15 13:00:00+00:00,0.3333333333333333,0.3333333333333333,0.3333333333333333
2024-11-15 13:10:00+00:00,0.3333333333333333,0.3333333333333333,0.3333333333333333
2024-11-15 13:20:00+00:00,0.3333333333333333,0.3333333333333333,0.3333333333333333
2024-11-15 13:30:00+00:00,0.3333333333333333,0.3333333333333333,0.3333333333333333
2024-11-15 13:40:00+00:00,0.3333333333333333,0.3333333333333333,0.3333333333333333
2024-11-15 13:50:00+00:00,0.3333333333333333,0.3333333333333333,0.3333333333333333
2024-11-15 14:00:00+00:00,0.3333333333333333,0.3333333333333333,0.3333333333333333
2024-11-15 14:10:00+00:00,0.3333333333333333,0.3333333333333333,0.3333333333333333
2024-11-15 14:20:00+00:00,0.3333333333333333,0.3333333333333333,0.3333333333333333
2024-11-15 14:30:00+00:00,0.3333333333333333,0.3333333333333333,0.3333333333333333
2024-11-15 14:40:00+00:00,0.3333333333333333,0.3333333333333333,0.3333333333333333
2024-11-15 14:50:00+00:00,0.3333333333333333,0.3333333333333333,0.3333333333333333
2024-11-15 15:00:00+00:00,0.3333333333333333,0.3333333333333333,0.3333333333333333
2024-11-15 15:10:00+00:00,0.3333333333333333,0.3333333333333333,0.3333333333333333
2024-11-15 15:20:00+00:00,0.3333333333333333,0.3333333333333333,0.3333333333333333
2024-11-15 15:30:00+00:00,0.3333333333333333,0.3333333333333333,0.3333333333333333
2024-11-15 15:40:00+00:00,0.3333333333333333,0.3333333333333333,0.3333333333333333
2024-11-15 15:50:00+00:00,0.3333333333333333,0.3333333333333333,0.3333333333333333
2024-11-15 16:00:00+00:00,0.3333333333333333,0.3333333333333333,0.3333333333333333
2024-11-15 16:10:00+00:00,0.3333333333333333,0.3333333333333333,0.3333333333333333
2024-11-15 16:20:00+00:00,0.3333333333333333,0.3333333333333333,0.3333333333333333
2024-11-15 16:30:00+00:00,0.3333333333333333,0.3333333333333333,0.3333333333333333
2024-11-15 16:40:00+00:00,0.3333333333333333,0.3333333333333333,0.3333333333333333
2024-11-15 16:50:00+00:00,0.3333333333333333,0.3333333333333333,0.3333333333333333
2024-11-15 17:00:00+00:00,0.3333333333333333,0.3333333333333333,0.3333333333333333
2024-11-15 17:10:00+00:00,0.3333333333333333,0.3333333333333333,0.3333333333333333
2024-11-15 17:20:00+00:00,0.3333333333333333,0.3333333333333333,0.3333333333333333
2024-11-15 17:30:00+00:00,0.3333333333333333,0.3333333333333333,0.3333333333333333
2024-11-15 17:40:00+00:00,0.3333333333333333,0.3333333333333333,0.3333333333333333
2024-11-15 17:50:00+00:00,0.3333333333333333,0.3333333333333333,0.3333333333333333
2024-11-15 18:00:00+00:00,0.3333333333333333,0.3333333333333333,0.3333333333333333
2024-11-15 18:10:00+00:00,0.3333333333333333,0.3333333333333333,0.3333333333333333
2024-11-15 18:20:00+00:00,0.3333333333333333,0.3333333333333333,0.3333333333333333
2024-11-15 18:30:00+00:00,0.3333333333333333,0.3333333333333333,0.3333333333333333
2024-11-15 18:40:00+00:00,0.3333333333333333,0.3333333333333333,0.3333333333333333
2024-11-15 18:50:00+00:00,0.3333333333333333,0.3333333333333333,0.3333333333333333
2024-11-15 19:00:00+00:00,0.3333333333333333,0.3333333333333333,0.3333333333333333
2024-11-15 19:10:00+00:00,0.3333333333333333,0.3333333333333333,0.3333333333333333
2024-11-15 19:20:00+00:00,0.3333333333333333,0.3333333333333333,0.3333333333333333
2024-11-15 19:30:00+00:00,0.3333333333333333,0.3333333333333333,0.3333333333333333
2024-11-15 19:40:00+00:00,0.3333333333333333,0.3333333333333333,0.3333333333333333
2024-11-15 19:50:00+00:00,0.3333333333333333,0.3333333333333333,0.3333333333333333
2024-11-15 20:00:00+00:00,0.3333333333333333,0.3333333333333333,0.3333333333333333
2024-11-15 20:10:00+00:00,0.3333333333333333,0.3333333333333333,0.3333333333333333
2024-11-15 20:20:00+00:00,0.3333333333333333,0.3333333333333333,0.3333333333333333
2024-11-15 20:30:00+00:00,0.3333333333333333,0.3333333333333333,0.3333333333333333
2024-11-15 20:40:00+00:00,0.3333333333333333,0.3333333333333333,0.3333333333333333
2024-11-15 20:50:00+00:00,0.3333333333333333,0.3333333333333333,0.3333333333333333
2024-11-15 21:00:00+00:00,0.3333333333333333,0.3333333333333333,0.3333333333333333
2024-11-15 21:10:00+00:00,0.3333333333333333,0.3333333333333333,0.3333333333333333
2024-11-15 21:20:00+00:00,0.3333333333333333,0.3333333333333333,0.3333333333333333
2024-11-15 21:30:00+00:00,0.3333333333333333,0.3333333333333333,0.3333333333333333
2024-11-15 21:40:00+00:00,0.3333333333333333,0.3333333333333333,0.3333333333333333
2024-11-15 21:50:00+00:00,0.3333333333333333,0.3333333333333333,0.3333333333333333
2024-11-15 22:00:00+00:00,0.3333333333333333,0.3333333333333333,0.3333333333333333
2024-11-15 22:10:00+00:00,0.3333333333333333,0.3333333333333333,0.3333333333333333
2024-11-15 22:20:00+00:00,0.3333333333333333,0.3333333333333333,0.3333333333333333
2024-11-15 22:30:00+00:00,0.3333333333333333,0.3333333333333333,0.3333333333333333
2024-11-15 22:40:00+00:00,0.3333333333333333,0.3333333333333333,0.3333333333333333
2024-11-15 22:50:00+00:00,0.3333333333333333,0.3333333333333333,0.3333333333333333
2024-11-15 23:00:00+00:00,0.3333333333333333,0.3333333333333333,0.3333333333333333
2024-11-15 23:10:00+00:00,0.3333333333333333,0.3333333333333333,0.3333333333333333
2024-11-15 23:20:00+00:00,0.3333333333333333,0.3333333333333333,0.3333333333333333
2024-11-15 23:30:00+00:00,0.3333333333333333,0.3333333333333333,0.3333333333333333
2024-11-15 23:40:00+00:00,0.3333333333333333,0.3333333333333333,0.3333333333333333
2024-11-15 23:50:00+00:00,0.3333333333333333,0.3333333333333333,0.3333333333333333
2024-11-16 00:00:00+00:00,0.3333333333333333,0.3333333333333333,0.3333333333333333
2024-11-16 00:10:00+00:00,0.3333333333333333,0.3333333333333333,0.3333333333333333
2024-11-16 00:20:00+00:00,0.3333333333333333,0.3333333333333333,0.3333333333333333
2024-11-16 00:30:00+00:00,0.3333333333333333,0.3333333333333333,0.3333333333333333
2024-11-16 00:40:00+00:00,0.3333333333333333,0.3333333333333333,0.3333333333333333
2024-11-16 00:50:00+00:00,0.3333333333333333,0.3333333333333333,0.3333333333333333
2024-11-16 01:00:00+00:00,0.3333333333333333,0.3333333333333333,0.3333333333333333
2024-11-16 01:10:00+00:00,0.3333333333333333,0.3333333333333333,0.3333333333333333
2024-11-16 01:20:00+00:00,0.3333333333333333,0.3333333333333333,0.3333333333333333
2024-11-16 01:30:00+00:00,2.0,0.3333333333333333,2.0
2024-11-16 01:40:00+00:00,0.3333333333333333,0.3333333333333333,0.3333333333333333
2024-11-16 01:50:00+00:00,0.3333333333333333,0.3333333333333333,0.3333333333333333
2024-11-16 02:00:00+00:00,0.3333333333333333,0.3333333333333333,0.3333333333333333
2024-11-16 02:10:00+00:00,0.3333333333333333,0.3333333333333333,0.3333333333333333
2024-11-16 02:20:00+00:00,0.3333333333333333,0.3333333333333333,0.3333333333333333
2024-11-16 02:30:00+00:00,0.3333333333333333,0.3333333333333333,0.3333333333333333
2024-11-16 02:40:00+00:00,0.3333333333333333,0.3333333333333333,0.3333333333333333
2024-11-16 02:50:00+00:00,0.3333333333333333,0.3333333333333333,0.3333333333333333
2024-11-16 03:00:00+00:00,0.3333333333333333,0.3333333333333333,0.3333333333333333
2024-11-16 03:10:00+00:00,0.3333333333333333,0.3333333333333333,0.3333333333333333
2024-11-16 03:20:00+00:00,0.3333333333333333,0.3333333333333333,0.3333333333333333
2024-11-16 03:30:00+00:00,0.3333333333333333,0.3333333333333333,0.3333333333333333
2024-11-16 03:40:00+00:00,0.3333333333333333,0.3333333333333333,0.3333333333333333
2024-11-16 03:50:00+00:00,0.3333333333333333,0.3333333333333333,0.3333333333333333
2024-11-16 04:00:00+00:00,0.3333333333333333,0.3333333333333333,0.3333333333333333
2024-11-16 04:10:00+00:00,0.3333333333333333,0.3333333333333333,0.3333333333333333
2024-11-16 04:20:00+00:00,0.3333333333333333,0.3333333333333333,0.3333333333333333
2024-11-16 04:30:00+00:00,0.3333333333333333,0.3333333333333333,0.3333333333333333
2024-11-16 04:40:00+00:00,0.3333333333333333,0.3333333333333333,0.3333333333333333
2024-11-16 04:50:00+00:00,0.3333333333333333,0.3333333333333333,0.3333333333333333
2024-11-16 05:00:00+00:00,0.3333333333333333,0.3333333333333333,0.3333333333333333
2024-11-16 05:10:00+00:00,0.3333333333333333,0.3333333333333333,0.3333333333333333
2024-11-16 05:20:00+00:00,0.3333333333333333,0.3333333333333333,0.3333333333333333
2024-11-16 05:30:00+00:00,0.3333333333333333,0.3333333333333333,0.3333333333333333
2024-11-16 05:40:00+00:00,0.3333333333333333,0.3333333333333333,0.3333333333333333
2024-11-16 05:50:00+00:00,0.3333333333333333,0.3333333333333333,0.3333333333333333
2024-11-16 06:00:00+00:00,0.3333333333333333,0.3333333333333333,0.3333333333333333
2024-11-16 06:10:00+00:00,0.3333333333333333,0.3333333333333333,0.3333333333333333
2024-11-16 06:20:00+00:00,0.3333333333333333,0.3333333333333333,0.3333333333333333
2024-11-16 06:30:00+00:00,0.3333333333333333,0.3333333333333333,0.3333333333333333
2024-11-16 06:40:00+00:00,0.3333333333333333,0.3333333333333333,0.3333333333333333
2024-11-16 06:50:00+00:00,0.3333333333333333,0.3333333333333333,0.3333333333333333
2024-11-16 07:00:00+00:00,0.3333333333333333,0.3333333333333333,0.3333333333333333
2024-11-16 07:10:00+00:00,0.3333333333333333,0.3333333333333333,0.3333333333333333
2024-11-16 07:20:00+00:00,0.3333333333333333,0.3333333333333333,0.3333333333333333
2024-11-16 07:30:00+00:00,0.3333333333333333,0.3333333333333333,0.3333333333333333
2024-11-16 07:40:00+00:00,0.3333333333333333,0.3333333333333333,0.3333333333333333
2024-11-16 07:50:00+00:00,0.3333333333333333,0.3333333333333333,0.3333333333333333
2024-11-16 08:00:00+00:00,0.3333333333333333,0.3333333333333333,0.3333333333333333
2024-11-16 08:10:00+00:00,0.3333333333333333,0.3333333333333333,0.3333333333333333
2024-11-16 08:20:00+00:00,0.3333333333333333,0.3333333333333333,0.3333333333333333
2024-11-16 08:30:00+00:00,0.3333333333333333,0.3333333333333333,0.3333333333333333
2024-11-16 08:40:00+00:00,0.3333333333333333,0.3333333333333333,0.3333333333333333
2024-11-16 08:50:00+00:00,0.3333333333333333,0.3333333333333333,0.3333333333333333
2024-11-16 09:00:00+00:00,0.3333333333333333,0.3333333333333333,0.3333333333333333
2024-11-16 09:10:00+00:00,0.3333333333333333,0.3333333333333333,0.3333333333333333
2024-11-16 09:20:00+00:00,0.3333333333333333,0.3333333333333333,0.3333333333333333
2024-11-16 09:30:00+00:00,0.3333333333333333,0.3333333333333333,0.3333333333333333
2024-11-16 09:40:00+00:00,0.3333333333333333,0.3333333333333333,0.3333333333333333
2024-11-16 09:50:00+00:00,0.3333333333333333,0.3333333333333333,0.3333333333333333
2024-11-16 10:00:00+00:00,0.3333333333333333,0.3333333333333333,0.3333333333333333
2024-11-16 10:10:00+00:00,0.3333333333333333,0.3333333333333333,0.3333333333333333
2024-11-16 10:20:00+00:00,0.3333333333333333,0.3333333333333333,0.3333333333333333
2024-11-16 10:30:00+00:00,0.3333333333333333,0.3333333333333333,0.3333333333333333
2024-11-16 10:40:00+00:00,0.3333333333333333,0.3333333333333333,0.3333333333333333
2024-11-16 10:50:00+00:00,0.3333333333333333,0.3333333333333333,0.3333333333333333
2024-11-16 11:00:00+00:00,0.3333333333333333,0.3333333333333333,0.3333333333333333
2024-11-16 11:10:00+00:00,0.3333333333333333,0.3333333333333333,0.3333333333333333
2024-11-16 11:20:00+00:00,0.3333333333333333,0.3333333333333333,0.3333333333333333
2024-11-16 11:30:00+00:00,0.3333333333333333,0.3333333333333333,0.3333333333333333
2024-11-16 11:40:00+00:00,0.3333333333333333,0.3333333333333333,0.3333333333333333
2024-11-16 11:50:00+00:00,0.3333333333333333,0.3333333333333333,0.3333333333333333
2024-11-16 12:00:00+00:00,0.3333333333333333,0.3333333333333333,0.3333333333333333
2024-11-16 12:10:00+00:00,0.3333333333333333,0.3333333333333333,0.3333333333333333
2024-11-16 12:20:00+00:00,0.3333333333333333,0.3333333333333333,0.3333333333333333
2024-11-16 12:30:00+00:00,0.3333333333333333,0.3333333333333333,0.3333333333333333
2024-11-16 12:40:00+00:00,0.3333333333333333,0.3333333333333333,0.3333333333333333
2024-11-16 12:50:00+00:00,0.3333333333333333,0.3333333333333333,0.3333333333333333
2024-11-16 13:00:00+00:00,0.3333333333333333,0.3333333333333333,0.3333333333333333
2024-11-16 13:10:00+00:00,0.3333333333333333,0.3333333333333333,0.3333333333333333
2024-11-16 13:20:00+00:00,0.3333333333333333,0.3333333333333333,0.3333333333333333
2024-11-16 13:30:00+00:00,0.3333333333333333,0.3333333333333333,0.3333333333333333
2024-11-16 13:40:00+00:00,0.3333333333333333,0.3333333333333333,0.3333333333333333
2024-11-16 13:50:00+00:00,0.3333333333333333,0.3333333333333333,0.3333333333333333
2024-11-16 14:00:00+00:00,0.3333333333333333,0.3333333333333333,0.3333333333333333
2024-11-16 14:10:00+00:00,0.3333333333333333,0.3333333333333333,0.3333333333333333
2024-11-16 14:20:00+00:00,0.3333333333333333,0.3333333333333333,0.3333333333333333
2024-11-16 14:30:00+00:00,0.3333333333333333,0.3333333333333333,0.3333333333333333
2024-11-16 14:40:00+00:00,0.3333333333333333,0.3333333333333333,0.3333333333333333
2024-11-16 14:50:00+00:00,0.3333333333333333,0.3333333333333333,0.3333333333333333
2024-11-16 15:00:00+00:00,0.3333333333333333,0.3333333333333333,0.3333333333333333
2024-11-16 15:10:00+00:00,0.3333333333333333,0.3333333333333333,0.3333333333333333
2024-11-16 15:20:00+00:00,0.3333333333333333,0.3333333333333333,0.3333333333333333
2024-11-16 15:30:00+00:00,0.3333333333333333,0.3333333333333333,0.3333333333333333
2024-11-16 15:40:00+00:00,0.3333333333333333,0.3333333333333333,0.3333333333333333
2024-11-16 15:50:00+00:00,0.3333333333333333,0.3333333333333333,0.3333333333333333
2024-11-16 16:00:00+00:00,0.3333333333333333,0.3333333333333333,0.3333333333333333
2024-11-16 16:10:00+00:00,0.3333333333333333,0.3333333333333333,0.3333333333333333
2024-11-16 16:20:00+00:00,0.3333333333333333,0.3333333333333333,0.3333333333333333
2024-11-16 16:30:00+00:00,0.3333333333333333,0.3333333333333333,0.3333333333333333
2024-11-16 16:40:00+00:00,0.3333333333333333,0.3333333333333333,0.3333333333333333
2024-11-16 16:50:00+00:00,0.3333333333333333,0.3333333333333333,0.3333333333333333
2024-11-16 17:00:00+00:00,0.3333333333333333,0.3333333333333333,0.3333333333333333
2024-11-16 17:10:00+00:00,0.3333333333333333,0.3333333333333333,0.3333333333333333
2024-11-16 17:20:00+00:00,0.3333333333333333,0.3333333333333333,0.3333333333333333
2024-11-16 17:30:00+00:00,0.3333333333333333,0.3333333333333333,0.3333333333333333
2024-11-16 17:40:00+00:00,0.3333333333333333,0.3333333333333333,0.3333333333333333
2024-11-16 17:50:00+00:00,0.3333333333333333,0.3333333333333333,0.3333333333333333
2024-11-16 18:00:00+00:00,0.3333333333333333,0.3333333333333333,0.3333333333333333
2024-11-16 18:10:00+00:00,0.3333333333333333,0.3333333333333333,0.3333333333333333
2024-11-16 18:20:00+00:00,0.3333333333333333,0.3333333333333333,0.3333333333333333
2024-11-16 18:30:00+00:00,0.3333333333333333,0.3333333333333333,0.3333333333333333
2024-11-16 18:40:00+00:00,0.3333333333333333,0.3333333333333333,0.3333333333333333
2024-11-16 18:50:00+00:00,0.3333333333333333,0.3333333333333333,0.3333333333333333
2024-11-16 19:00:00+00:00,0.3333333333333333,0.3333333333333333,0.3333333333333333
2024-11-16 19:10:00+00:00,0.3333333333333333,0.3333333333333333,0.3333333333333333
2024-11-16 19:20:00+00:00,0.3333333333333333,0.3333333333333333,0.3333333333333333
2024-11-16 19:30:00+00:00,0.3333333333333333,0.3333333333333333,0.3333333333333333
2024-11-16 19:40:00+00:00,0.3333333333333333,0.3333333333333333,0.3333333333333333
2024-11-16 19:50:00+00:00,0.3333333333333333,0.3333333333333333,0.3333333333333333
2024-11-16 20:00:00+00:00,0.3333333333333333,0.3333333333333333,0.3333333333333333
2024-11-16 20:10:00+00:00,0.3333333333333333,0.3333333333333333,0.3333333333333333
2024-11-16 20:20:00+00:00,0.3333333333333333,0.3333333333333333,0.3333333333333333
2024-11-16 20:30:00+00:00,0.3333333333333333,0.3333333333333333,0.3333333333333333
2024-11-16 20:40:00+00:00,0.3333333333333333,0.3333333333333333,0.3333333333333333
2024-11-16 20:50:00+00:00,0.3333333333333333,0.3333333333333333,0.3333333333333333
2024-11-16 21:00:00+00:00,0.3333333333333333,0.3333333333333333,0.3333333333333333
2024-11-16 21:10:00+00:00,0.3333333333333333,0.3333333333333333,0.3333333333333333
2024-11-16 21:20:00+00:00,0.3333333333333333,0.3333333333333333,0.3333333333333333
2024-11-16 21:30:00+00:00,0.3333333333333333,0.3333333333333333,0.3333333333333333
2024-11-16 21:40:00+00:00,0.3333333333333333,0.3333333333333333,0.3333333333333333
2024-11-16 21:50:00+00:00,0.3333333333333333,0.3333333333333333,0.3333333333333333
2024-11-16 22:00:00+00:00,0.3333333333333333,0.3333333333333333,0.3333333333333333
2024-11-16 22:10:00+00:00,0.3333333333333333,0.3333333333333333,0.3333333333333333
2024-11-16 22:20:00+00:00,0.3333333333333333,0.3333333333333333,0.3333333333333333
2024-11-16 22:30:00+00:00,0.3333333333333333,0.3333333333333333,0.3333333333333333
2024-11-16 22:40:00+00:00,0.3333333333333333,0.3333333333333333,0.3333333333333333
2024-11-16 22:50:00+00:00,0.3333333333333333,0.3333333333333333,0.3333333333333333
2024-11-16 23:00:00+00:00,0.3333333333333333,0.3333333333333333,0.3333333333333333
2024-11-16 23:10:00+00:00,0.3333333333333333,0.3333333333333333,0.3333333333333333
2024-11-16 23:20:00+00:00,0.3333333333333333,0.3333333333333333,0.3333333333333333
2024-11-16 23:30:00+00:00,0.3333333333333333,0.3333333333333333,0.3333333333333333
2024-11-16 23:40:00+00:00,0.3333333333333333,0.3333333333333333,0.3333333333333333
2024-11-16 23:50:00+00:00,0.3333333333333333,0.3333333333333333,0.3333333333333333
2024-11-17 00:00:00+00:00,0.3333333333333333,0.3333333333333333,0.3333333333333333
2024-11-17 00:10:00+00:00,0.3333333333333333,0.3333333333333333,0.3333333333333333
2024-11-17 00:20:00+00:00,0.3333333333333333,0.3333333333333333,0.3333333333333333
2024-11-17 00:30:00+00:00,0.3333333333333333,0.3333333333333333,0.3333333333333333
2024-11-17 00:40:00+00:00,0.3333333333333333,0.3333333333333333,0.3333333333333333
2024-11-17 00:50:00+00:00,0.3333333333333333,0.3333333333333333,0.3333333333333333
2024-11-17 01:00:00+00:00,0.3333333333333333,0.3333333333333333,0.3333333333333333
2024-11-17 01:10:00+00:00,0.3333333333333333,0.3333333333333333,0.3333333333333333
2024-11-17 01:20:00+00:00,0.3333333333333333,0.3333333333333333,0.3333333333333333
2024-11-17 01:30:00+00:00,0.3333333333333333,0.3333333333333333,0.3333333333333333
2024-11-17 01:40:00+00:00,0.3333333333333333,0.3333333333333333,0.3333333333333333
2024-11-17 01:50:00+00:00,0.3333333333333333,0.3333333333333333,0.3333333333333333
2024-11-17 02:00:00+00:00,0.3333333333333333,0.3333333333333333,0.3333333333333333
2024-11-17 02:10:00+00:00,0.3333333333333333,0.3333333333333333,0.3333333333333333
2024-11-17 02:20:00+00:00,0.3333333333333333,0.3333333333333333,0.3333333333333333
2024-11-17 02:30:00+00:00,0.3333333333333333,0.3333333333333333,0.3333333333333333
2024-11-17 02:40:00+00:00,0.3333333333333333,0.3333333333333333,0.3333333333333333
2024-11-17 02:50:00+00:00,0.3333333333333333,0.3333333333333333,0.3333333333333333
2024-11-17 03:00:00+00:00,0.3333333333333333,0.3333333333333333,0.3333333333333333
2024-11-17 03:10:00+00:00,0.3333333333333333,0.3333333333333333,0.3333333333333333
2024-11-17 03:20:00+00:00,0.3333333333333333,0.3333333333333333,0.3333333333333333
2024-11-17 03:30:00+00:00,0.3333333333333333,0.3333333333333333,0.3333333333333333
2024-11-17 03:40:00+00:00,0.3333333333333333,0.3333333333333333,0.3333333333333333
2024-11-17 03:50:00+00:00,0.3333333333333333,0.3333333333333333,0.3333333333333333
2024-11-17 04:00:00+00:00,0.3333333333333333,0.3333333333333333,0.3333333333333333
2024-11-17 04:10:00+00:00,0.3333333333333333,0.3333333333333333,0.3333333333333333
2024-11-17 04:20:00+00:00,0.3333333333333333,0.3333333333333333,0.3333333333333333
2024-11-17 04:30:00+00:00,0.3333333333333333,0.3333333333333333,0.3333333333333333
2024-11-17 04:40:00+00:00,0.3333333333333333,0.3333333333333333,0.3333333333333333
2024-11-17 04:50:00+00:00,0.3333333333333333,0.3333333333333333,0.3333333333333333
2024-11-17 05:00:00+00:00,0.3333333333333333,0.3333333333333333,0.3333333333333333
2024-11-17 05:10:00+00:00,0.3333333333333333,0.3333333333333333,0.3333333333333333
2024-11-17 05:20:00+00:00,0.3333333333333333,0.3333333333333333,0.3333333333333333
2024-11-17 05:30:00+00:00,0.3333333333333333,0.3333333333333333,0.3333333333333333
2024-11-17 05:40:00+00:00,0.3333333333333333,0.3333333333333333,0.3333333333333333
2024-11-17 05:50:00+00:00,0.3333333333333333,0.3333333333333333,0.3333333333333333
2024-11-17 06:00:00+00:00,0.3333333333333333,0.3333333333333333,0.3333333333333333
2024-11-17 06:10:00+00:00,0.3333333333333333,0.3333333333333333,0.3333333333333333
2024-11-17 06:20:00+00:00,0.3333333333333333,0.3333333333333333,0.3333333333333333
2024-11-17 06:30:00+00:00,0.3333333333333333,0.3333333333333333,0.3333333333333333
2024-11-17 06:40:00+00:00,0.3333333333333333,0.3333333333333333,0.3333333333333333
2024-11-17 06:50:00+00:00,0.3333333333333333,0.3333333333333333,0.3333333333333333
2024-11-17 07:00:00+00:00,0.3333333333333333,0.3333333333333333,0.3333333333333333
2024-11-17 07:10:00+00:00,0.3333333333333333,0.3333333333333333,0.3333333333333333
2024-11-17 07:20:00+00:00,0.3333333333333333,0.3333333333333333,0.3333333333333333
2024-11-17 07:30:00+00:00,0.3333333333333333,0.3333333333333333,0.3333333333333333
2024-11-17 07:40:00+00:00,0.3333333333333333,0.3333333333333333,0.3333333333333333
2024-11-17 07:50:00+00:00,0.3333333333333333,0.3333333333333333,0.3333333333333333
2024-11-17 08:00:00+00:00,0.3333333333333333,0.3333333333333333,0.3333333333333333
2024-11-17 08:10:00+00:00,0.3333333333333333,0.3333333333333333,0.3333333333333333
2024-11-17 08:20:00+00:00,0.3333333333333333,0.3333333333333333,0.3333333333333333
2024-11-17 08:30:00+00:00,0.3333333333333333,0.3333333333333333,0.3333333333333333
2024-11-17 08:40:00+00:00,0.3333333333333333,0.3333333333333333,0.3333333333333333
2024-11-17 08:50:00+00:00,0.3333333333333333,0.3333333333333333,0.3333333333333333
2024-11-17 09:00:00+00:00,0.3333333333333333,0.3333333333333333,0.3333333333333333
2024-11-17 09:10:00+00:00,0.3333333333333333,0.3333333333333333,0.3333333333333333
2024-11-17 09:20:00+00:00,0.3333333333333333,0.3333333333333333,0.3333333333333333
2024-11-17 09:30:00+00:00,0.3333333333333333,0.3333333333333333,0.3333333333333333
2024-11-17 09:40:00+00:00,0.3333333333333333,0.3333333333333333,0.3333333333333333
2024-11-17 09:50:00+00:00,0.3333333333333333,0.3333333333333333,0.3333333333333333
2024-11-17 10:00:00+00:00,0.3333333333333333,0.3333333333333333,0.3333333333333333
2024-11-17 10:10:00+00:00,0.3333333333333333,0.3333333333333333,0.3333333333333333
2024-11-17 10:20:00+00:00,0.3333333333333333,0.3333333333333333,0.3333333333333333
2024-11-17 10:30:00+00:00,0.3333333333333333,0.3333333333333333,0.3333333333333333
2024-11-17 10:40:00+00:00,0.3333333333333333,0.3333333333333333,0.3333333333333333
2024-11-17 10:50:00+00:00,0.3333333333333333,0.3333333333333333,0.3333333333333333
2024-11-17 11:00:00+00:00,0.3333333333333333,0.3333333333333333,0.3333333333333333
2024-11-17 11:10:00+00:00,0.3333333333333333,0.3333333333333333,0.3333333333333333
2024-11-17 11:20:00+00:00,0.3333333333333333,0.3333333333333333,0.3333333333333333
2024-11-17 11:30:00+00:00,0.3333333333333333,0.3333333333333333,0.3333333333333333
2024-11-17 11:40:00+00:00,0.3333333333333333,0.3333333333333333,0.3333333333333333
2024-11-17 11:50:00+00:00,0.3333333333333333,0.3333333333333333,0.3333333333333333
2024-11-17 12:00:00+00:00,0.3333333333333333,0.3333333333333333,0.3333333333333333
2024-11-17 12:10:00+00:00,0.3333333333333333,0.3333333333333333,0.3333333333333333
2024-11-17 12:20:00+00:00,0.3333333333333333,0.3333333333333333,0.3333333333333333
2024-11-17 12:30:00+00:00,0.3333333333333333,0.3333333333333333,0.3333333333333333
2024-11-17 12:40:00+00:00,0.3333333333333333,0.3333333333333333,0.3333333333333333
2024-11-17 12:50:00+00:00,0.3333333333333333,0.3333333333333333,0.3333333333333333
2024-11-17 13:00:00+00:00,0.3333333333333333,0.3333333333333333,0.3333333333333333
2024-11-17 13:10:00+00:00,0.3333333333333333,0.3333333333333333,0.3333333333333333
2024-11-17 13:20:00+00:00,0.3333333333333333,0.3333333333333333,0.3333333333333333
2024-11-17 13:30:00+00:00,0.3333333333333333,0.3333333333333333,0.3333333333333333
2024-11-17 13:40:00+00:00,0.3333333333333333,0.3333333333333333,0.3333333333333333
2024-11-17 13:50:00+00:00,0.3333333333333333,0.3333333333333333,0.3333333333333333
2024-11-17 14:00:00+00:00,0.3333333333333333,0.3333333333333333,0.3333333333333333
2024-11-17 14:10:00+00:00,0.3333333333333333,0.3333333333333333,0.3333333333333333
2024-11-17 14:20:00+00:00,0.3333333333333333,0.3333333333333333,0.3333333333333333
2024-11-17 14:30:00+00:00,0.3333333333333333,0.3333333333333333,0.3333333333333333
2024-11-17 14:40:00+00:00,0.3333333333333333,0.3333333333333333,0.3333333333333333
2024-11-17 14:50:00+00:00,0.3333333333333333,0.3333333333333333,0.3333333333333333
2024-11-17 15:00:00+00:00,0.3333333333333333,0.3333333333333333,0.3333333333333333
2024-11-17 15:10:00+00:00,0.3333333333333333,0.3333333333333333,0.3333333333333333
2024-11-17 15:20:00+00:00,0.3333333333333333,0.3333333333333333,0.3333333333333333
2024-11-17 15:30:00+00:00,0.3333333333333333,0.3333333333333333,0.3333333333333333
2024-11-17 15:40:00+00:00,0.3333333333333333,0.3333333333333333,0.3333333333333333
2024-11-17 15:50:00+00:00,0.3333333333333333,0.3333333333333333,0.3333333333333333
2024-11-17 16:00:00+00:00,0.3333333333333333,0.3333333333333333,0.3333333333333333
2024-11-17 16:10:00+00:00,0.3333333333333333,0.3333333333333333,0.3333333333333333
2024-11-17 16:20:00+00:00,0.3333333333333333,0.3333333333333333,0.3333333333333333
2024-11-17 16:30:00+00:00,0.3333333333333333,0.3333333333333333,0.3333333333333333
2024-11-17 16:40:00+00:00,0.3333333333333333,0.3333333333333333,0.3333333333333333
2024-11-17 16:50:00+00:00,0.3333333333333333,0.3333333333333333,0.3333333333333333
2024-11-17 17:00:00+00:00,0.3333333333333333,0.3333333333333333,0.3333333333333333
2024-11-17 17:10:00+00:00,0.3333333333333333,0.3333333333333333,0.3333333333333333
2024-11-17 17:20:00+00:00,0.3333333333333333,0.3333333333333333,0.3333333333333333
2024-11-17 17:30:00+00:00,0.3333333333333333,0.3333333333333333,0.3333333333333333
2024-11-17 17:40:00+00:00,0.3333333333333333,0.3333333333333333,0.3333333333333333
2024-11-17 17:50:00+00:00,0.3333333333333333,0.3333333333333333,0.3333333333333333
2024-11-17 18:00:00+00:00,0.3333333333333333,0.3333333333333333,0.3333333333333333
2024-11-17 18:10:00+00:00,0.3333333333333333,0.3333333333333333,0.3333333333333333
2024-11-17 18:20:00+00:00,0.3333333333333333,0.3333333333333333,0.3333333333333333
2024-11-17 18:30:00+00:00,0.3333333333333333,0.3333333333333333,0.3333333333333333
2024-11-17 18:40:00+00:00,2.0,2.0,0.3333333333333333
2024-11-17 18:50:00+00:00,0.3333333333333333,0.3333333333333333,0.3333333333333333
2024-11-17 19:00:00+00:00,0.3333333333333333,0.3333333333333333,0.3333333333333333
2024-11-17 19:10:00+00:00,0.3333333333333333,0.3333333333333333,0.3333333333333333
2024-11-17 19:20:00+00:00,0.3333333333333333,0.3333333333333333,0.3333333333333333
2024-11-17 19:30:00+00:00,0.3333333333333333,0.3333333333333333,0.3333333333333333
2024-11-17 19:40:00+00:00,0.3333333333333333,0.3333333333333333,0.3333333333333333
2024-11-17 19:50:00+00:00,0.3333333333333333,0.3333333333333333,0.3333333333333333
2024-11-17 20:00:00+00:00,0.3333333333333333,0.3333333333333333,0.3333333333333333
2024-11-17 20:10:00+00:00,0.3333333333333333,0.3333333333333333,0.3333333333333333
2024-11-17 20:20:00+00:00,0.3333333333333333,0.3333333333333333,0.3333333333333333
2024-11-17 20:30:00+00:00,0.3333333333333333,0.3333333333333333,0.3333333333333333
2024-11-17 20:40:00+00:00,0.3333333333333333,0.3333333333333333,0.3333333333333333
2024-11-17 20:50:00+00:00,0.3333333333333333,0.3333333333333333,0.3333333333333333
2024-11-17 21:00:00+00:00,0.3333333333333333,0.3333333333333333,0.3333333333333333
2024-11-17 21:10:00+00:00,0.3333333333333333,0.3333333333333333,0.3333333333333333
2024-11-17 21:20:00+00:00,0.3333333333333333,0.3333333333333333,0.3333333333333333
2024-11-17 21:30:00+00:00,0.3333333333333333,0.3333333333333333,0.3333333333333333
2024-11-17 21:40:00+00:00,0.3333333333333333,0.3333333333333333,0.3333333333333333
2024-11-17 21:50:00+00:00,0.3333333333333333,0.3333333333333333,0.3333333333333333
2024-11-17 22:00:00+00:00,0.3333333333333333,0.3333333333333333,0.3333333333333333
2024-11-17 22:10:00+00:00,0.3333333333333333,0.3333333333333333,0.3333333333333333
2024-11-17 22:20:00+00:00,0.3333333333333333,0.3333333333333333,0.3333333333333333
2024-11-17 22:30:00+00:00,0.3333333333333333,0.3333333333333333,0.3333333333333333
2024-11-17 22:40:00+00:00,0.3333333333333333,0.3333333333333333,0.3333333333333333
2024-11-17 22:50:00+00:00,0.3333333333333333,0.3333333333333333,0.3333333333333333
2024-11-17 23:00:00+00:00,0.3333333333333333,0.3333333333333333,0.3333333333333333
2024-11-17 23:10:00+00:00,0.3333333333333333,0.3333333333333333,0.3333333333333333
2024-11-17 23:20:00+00:00,0.3333333333333333,0.3333333333333333,0.3333333333333333
2024-11-17 23:30:00+00:00,0.3333333333333333,0.3333333333333333,0.3333333333333333
2024-11-17 23:40:00+00:00,0.3333333333333333,0.3333333333333333,0.3333333333333333
2024-11-17 23:50:00+00:00,0.3333333333333333,0.3333333333333333,0.3333333333333333
2024-11-18 00:00:00+00:00,0.3333333333333333,0.3333333333333333,0.3333333333333333
2024-11-18 00:10:00+00:00,0.3333333333333333,0.3333333333333333,0.3333333333333333
2024-11-18 00:20:00+00:00,0.3333333333333333,0.3333333333333333,0.3333333333333333
2024-11-18 00:30:00+00:00,0.3333333333333333,0.3333333333333333,0.3333333333333333
2024-11-18 00:40:00+00:00,0.3333333333333333,0.3333333333333333,0.3333333333333333
2024-11-18 00:50:00+00:00,0.3333333333333333,0.3333333333333333,0.3333333333333333
2024-11-18 01:00:00+00:00,0.3333333333333333,0.3333333333333333,0.3333333333333333
2024-11-18 01:10:00+00:00,0.3333333333333333,0.3333333333333333,0.3333333333333333
2024-11-18 01:20:00+00:00,0.3333333333333333,0.3333333333333333,0.3333333333333333
2024-11-18 01:30:00+00:00,0.3333333333333333,0.3333333333333333,0.3333333333333333
2024-11-18 01:40:00+00:00,0.3333333333333333,0.3333333333333333,0.3333333333333333
2024-11-18 01:50:00+00:00,0.3333333333333333,0.3333333333333333,0.3333333333333333
2024-11-18 02:00:00+00:00,0.3333333333333333,0.3333333333333333,0.3333333333333333
2024-11-18 02:10:00+00:00,0.3333333333333333,0.3333333333333333,0.3333333333333333
2024-11-18 02:20:00+00:00,0.3333333333333333,0.3333333333333333,0.3333333333333333
2024-11-18 02:30:00+00:00,0.3333333333333333,0.3333333333333333,0.3333333333333333
2024-11-18 02:40:00+00:00,0.3333333333333333,0.3333333333333333,0.3333333333333333
2024-11-18 02:50:00+00:00,0.3333333333333333,0.3333333333333333,0.3333333333333333
2024-11-18 03:00:00+00:00,0.3333333333333333,0.3333333333333333,0.3333333333333333
2024-11-18 03:10:00+00:00,0.3333333333333333,0.3333333333333333,0.3333333333333333
2024-11-18 03:20:00+00:00,0.3333333333333333,0.3333333333333333,0.3333333333333333
2024-11-18 03:30:00+00:00,0.3333333333333333,0.3333333333333333,0.3333333333333333
2024-11-18 03:40:00+00:00,0.3333333333333333,0.3333333333333333,0.3333333333333333
2024-11-18 03:50:00+00:00,0.3333333333333333,0.3333333333333333,0.3333333333333333
2024-11-18 04:00:00+00:00,0.3333333333333333,0.3333333333333333,0.3333333333333333
2024-11-18 04:10:00+00:00,0.3333333333333333,0.3333333333333333,0.3333333333333333
2024-11-18 04:20:00+00:00,0.3333333333333333,0.3333333333333333,0.3333333333333333
2024-11-18 04:30:00+00:00,0.3333333333333333,0.3333333333333333,0.3333333333333333
2024-11-18 04:40:00+00:00,0.3333333333333333,0.3333333333333333,0.3333333333333333
2024-11-18 04:50:00+00:00,0.3333333333333333,0.3333333333333333,0.3333333333333333
2024-11-18 05:00:00+00:00,0.3333333333333333,0.3333333333333333,0.3333333333333333
2024-11-18 05:10:00+00:00,0.3333333333333333,0.3333333333333333,0.3333333333333333
2024-11-18 05:20:00+00:00,0.3333333333333333,0.3333333333333333,0.3333333333333333
2024-11-18 05:30:00+00:00,0.3333333333333333,0.3333333333333333,0.3333333333333333
2024-11-18 05:40:00+00:00,0.3333333333333333,0.3333333333333333,0.3333333333333333
2024-11-18 05:50:00+00:00,0.3333333333333333,0.3333333333333333,0.3333333333333333
2024-11-18 06:00:00+00:00,0.3333333333333333,0.3333333333333333,0.3333333333333333
2024-11-18 06:10:00+00:00,0.3333333333333333,0.3333333333333333,0.3333333333333333
2024-11-18 06:20:00+00:00,0.3333333333333333,0.3333333333333333,0.3333333333333333
2024-11-18 06:30:00+00:00,0.3333333333333333,0.3333333333333333,0.3333333333333333
2024-11-18 06:40:00+00:00,0.3333333333333333,0.3333333333333333,0.3333333333333333
2024-11-18 06:50:00+00:00,0.3333333333333333,0.3333333333333333,0.3333333333333333
2024-11-18 07:00:00+00:00,0.3333333333333333,0.3333333333333333,0.3333333333333333
2024-11-18 07:10:00+00:00,0.3333333333333333,0.3333333333333333,0.3333333333333333
2024-11-18 07:20:00+00:00,0.3333333333333333,0.3333333333333333,0.3333333333333333
2024-11-18 07:30:00+00:00,0.3333333333333333,0.3333333333333333,0.3333333333333333
2024-11-18 07:40:00+00:00,0.3333333333333333,0.3333333333333333,0.3333333333333333
2024-11-18 07:50:00+00:00,0.3333333333333333,0.3333333333333333,0.3333333333333333
2024-11-18 08:00:00+00:00,0.3333333333333333,0.3333333333333333,0.3333333333333333
2024-11-18 08:10:00+00:00,0.3333333333333333,0.3333333333333333,0.3333333333333333
2024-11-18 08:20:00+00:00,0.3333333333333333,0.3333333333333333,0.3333333333333333
2024-11-18 08:30:00+00:00,0.3333333333333333,0.3333333333333333,0.3333333333333333
2024-11-18 08:40:00+00:00,0.3333333333333333,0.3333333333333333,0.3333333333333333
2024-11-18 08:50:00+00:00,0.3333333333333333,0.3333333333333333,0.3333333333333333
2024-11-18 09:00:00+00:00,0.3333333333333333,0.3333333333333333,0.3333333333333333
2024-11-18 09:10:00+00:00,0.3333333333333333,0.3333333333333333,0.3333333333333333
2024-11-18 09:20:00+00:00,0.3333333333333333,0.3333333333333333,0.3333333333333333
2024-11-18 09:30:00+00:00,0.3333333333333333,0.3333333333333333,0.3333333333333333
2024-11-18 09:40:00+00:00,0.3333333333333333,0.3333333333333333,0.3333333333333333
2024-11-18 09:50:00+00:00,0.3333333333333333,0.3333333333333333,0.3333333333333333
2024-11-18 10:00:00+00:00,0.3333333333333333,0.3333333333333333,0.3333333333333333
2024-11-18 10:10:00+00:00,0.3333333333333333,0.3333333333333333,0.3333333333333333
2024-11-18 10:20:00+00:00,0.3333333333333333,0.3333333333333333,0.3333333333333333
2024-11-18 10:30:00+00:00,0.3333333333333333,0.3333333333333333,0.3333333333333333
2024-11-18 10:40:00+00:00,0.3333333333333333,0.3333333333333333,0.3333333333333333
2024-11-18 10:50:00+00:00,0.3333333333333333,0.3333333333333333,0.3333333333333333
2024-11-18 11:00:00+00:00,0.3333333333333333,0.3333333333333333,0.3333333333333333
2024-11-18 11:10:00+00:00,0.3333333333333333,0.3333333333333333,0.3333333333333333
2024-11-18 11:20:00+00:00,0.3333333333333333,0.3333333333333333,0.3333333333333333
2024-11-18 11:30:00+00:00,0.3333333333333333,0.3333333333333333,0.3333333333333333
2024-11-18 11:40:00+00:00,0.3333333333333333,0.3333333333333333,0.3333333333333333
2024-11-18 11:50:00+00:00,0.3333333333333333,0.3333333333333333,0.3333333333333333
2024-11-18 12:00:00+00:00,0.3333333333333333,0.3333333333333333,0.3333333333333333
2024-11-18 12:10:00+00:00,0.3333333333333333,0.3333333333333333,0.3333333333333333
2024-11-18 12:20:00+00:00,0.3333333333333333,0.3333333333333333,0.3333333333333333
2024-11-18 12:30:00+00:00,0.3333333333333333,0.3333333333333333,0.3333333333333333
2024-11-18 12:40:00+00:00,0.3333333333333333,0.3333333333333333,0.3333333333333333
2024-11-18 12:50:00+00:00,0.3333333333333333,0.3333333333333333,0.3333333333333333
2024-11-18 13:00:00+00:00,0.3333333333333333,0.3333333333333333,0.3333333333333333
2024-11-18 13:10:00+00:00,0.3333333333333333,0.3333333333333333,0.3333333333333333
2024-11-18 13:20:00+00:00,0.3333333333333333,0.3333333333333333,0.3333333333333333
2024-11-18 13:30:00+00:00,0.3333333333333333,0.3333333333333333,0.3333333333333333
2024-11-18 13:40:00+00:00,0.3333333333333333,0.3333333333333333,0.3333333333333333
2024-11-18 13:50:00+00:00,0.3333333333333333,0.3333333333333333,0.3333333333333333
2024-11-18 14:00:00+00:00,0.3333333333333333,0.3333333333333333,0.3333333333333333
2024-11-18 14:10:00+00:00,0.3333333333333333,0.3333333333333333,0.3333333333333333
2024-11-18 14:20:00+00:00,0.3333333333333333,0.3333333333333333,0.3333333333333333
2024-11-18 14:30:00+00:00,0.3333333333333333,0.3333333333333333,0.3333333333333333
2024-11-18 14:40:00+00:00,0.3333333333333333,0.3333333333333333,0.3333333333333333
2024-11-18 14:50:00+00:00,0.3333333333333333,0.3333333333333333,0.3333333333333333
2024-11-18 15:00:00+00:00,0.3333333333333333,0.3333333333333333,0.3333333333333333
2024-11-18 15:10:00+00:00,0.3333333333333333,0.3333333333333333,0.3333333333333333
2024-11-18 15:20:00+00:00,0.3333333333333333,0.3333333333333333,0.3333333333333333
2024-11-18 15:30:00+00:00,0.3333333333333333,0.3333333333333333,0.3333333333333333
2024-11-18 15:40:00+00:00,0.3333333333333333,0.3333333333333333,0.3333333333333333
2024-11-18 15:50:00+00:00,0.3333333333333333,0.3333333333333333,0.3333333333333333
2024-11-18 16:00:00+00:00,0.3333333333333333,0.3333333333333333,0.3333333333333333
2024-11-18 16:10:00+00:00,0.3333333333333333,0.3333333333333333,0.3333333333333333
2024-11-18 16:20:00+00:00,0.3333333333333333,0.3333333333333333,0.3333333333333333
2024-11-18 16:30:00+00:00,0.3333333333333333,0.3333333333333333,0.3333333333333333
2024-11-18 16:40:00+00:00,0.3333333333333333,0.3333333333333333,0.3333333333333333
2024-11-18 16:50:00+00:00,0.3333333333333333,0.3333333333333333,0.3333333333333333
2024-11-18 17:00:00+00:00,0.3333333333333333,0.3333333333333333,0.3333333333333333
2024-11-18 17:10:00+00:00,0.3333333333333333,0.3333333333333333,0.3333333333333333
2024-11-18 17:20:00+00:00,0.3333333333333333,0.3333333333333333,0.3333333333333333
2024-11-18 17:30:00+00:00,0.3333333333333333,0.3333333333333333,0.3333333333333333
2024-11-18 17:40:00+00:00,0.3333333333333333,0.3333333333333333,0.3333333333333333
2024-11-18 17:50:00+00:00,0.3333333333333333,0.3333333333333333,0.3333333333333333
2024-11-18 18:00:00+00:00,0.3333333333333333,0.3333333333333333,0.3333333333333333
2024-11-18 18:10:00+00:00,0.3333333333333333,0.3333333333333333,0.3333333333333333
2024-11-18 18:20:00+00:00,0.3333333333333333,0.3333333333333333,0.3333333333333333
2024-11-18 18:30:00+00:00,0.3333333333333333,0.3333333333333333,0.3333333333333333
2024-11-18 18:40:00+00:00,0.3333333333333333,0.3333333333333333,0.3333333333333333
2024-11-18 18:50:00+00:00,0.3333333333333333,0.3333333333333333,0.3333333333333333
2024-11-18 19:00:00+00:00,0.3333333333333333,0.3333333333333333,0.3333333333333333
2024-11-18 19:10:00+00:00,0.3333333333333333,0.3333333333333333,0.3333333333333333
2024-11-18 19:20:00+00:00,0.3333333333333333,0.3333333333333333,0.3333333333333333
2024-11-18 19:30:00+00:00,0.3333333333333333,0.3333333333333333,0.3333333333333333
2024-11-18 19:40:00+00:00,0.3333333333333333,0.3333333333333333,0.3333333333333333
2024-11-18 19:50:00+00:00,0.3333333333333333,0.3333333333333333,0.3333333333333333
2024-11-18 20:00:00+00:00,0.3333333333333333,0.3333333333333333,0.3333333333333333
2024-11-18 20:10:00+00:00,0.3333333333333333,0.3333333333333333,0.3333333333333333
2024-11-18 20:20:00+00:00,0.3333333333333333,0.3333333333333333,0.3333333333333333
2024-11-18 20:30:00+00:00,0.3333333333333333,0.3333333333333333,0.3333333333333333
2024-11-18 20:40:00+00:00,0.3333333333333333,0.3333333333333333,0.3333333333333333
2024-11-18 20:50:00+00:00,0.3333333333333333,0.3333333333333333,0.3333333333333333
2024-11-18 21:00:00+00:00,0.3333333333333333,0.3333333333333333,0.3333333333333333
2024-11-18 21:10:00+00:00,0.3333333333333333,0.3333333333333333,0.3333333333333333
2024-11-18 21:20:00+00:00,0.3333333333333333,0.3333333333333333,0.3333333333333333
2024-11-18 21:30:00+00:00,0.3333333333333333,0.3333333333333333,0.3333333333333333
2024-11-18 21:40:00+00:00,0.3333333333333333,0.3333333333333333,0.3333333333333333
2024-11-18 21:50:00+00:00,0.3333333333333333,0.3333333333333333,0.3333333333333333
2024-11-18 22:00:00+00:00,0.3333333333333333,0.3333333333333333,0.3333333333333333
2024-11-18 22:10:00+00:00,0.3333333333333333,0.3333333333333333,0.3333333333333333
2024-11-18 22:20:00+00:00,0.3333333333333333,0.3333333333333333,0.3333333333333333
2024-11-18 22:30:00+00:00,0.3333333333333333,0.3333333333333333,0.3333333333333333
2024-11-18 22:40:00+00:00,0.3333333333333333,0.3333333333333333,0.3333333333333333
2024-11-18 22:50:00+00:00,0.3333333333333333,0.3333333333333333,0.3333333333333333
2024-11-18 23:00:00+00:00,0.3333333333333333,0.3333333333333333,0.3333333333333333
2024-11-18 23:10:00+00:00,0.3333333333333333,0.3333333333333333,0.3333333333333333
2024-11-18 23:20:00+00:00,0.3333333333333333,0.3333333333333333,0.3333333333333333
2024-11-18 23:30:00+00:00,0.3333333333333333,0.3333333333333333,0.3333333333333333
2024-11-18 23:40:00+00:00,0.3333333333333333,0.3333333333333333,0.3333333333333333
2024-11-18 23:50:00+00:00,0.3333333333333333,0.3333333333333333,0.3333333333333333
2024-11-19 00:00:00+00:00,0.3333333333333333,0.3333333333333333,0.3333333333333333
2024-11-19 00:10:00+00:00,0.3333333333333333,0.3333333333333333,0.3333333333333333
2024-11-19 00:20:00+00:00,0.3333333333333333,0.3333333333333333,0.3333333333333333
2024-11-19 00:30:00+00:00,0.3333333333333333,0.3333333333333333,0.3333333333333333
2024-11-19 00:40:00+00:00,0.3333333333333333,0.3333333333333333,0.3333333333333333
