KMEANS_CLASSES,peak_frequency,SNR,start_time,end_time,low_freq,high_freq,event,class,class_prob,det_prob,individual,sampling_rate,input_file,Recover Folder,SD Card,Site name
HF,65280.0,2.6465086820000723,117.3275,117.3347,58984.0,68096.0,Echolocation,Pipistrellus pygmaeus,0.507,0.515,-1,192000.0,/mnt/ubna_data_04/recover-20241018/UBNA_011/20241011_211000.WAV,recover-20241018,UBNA_011,E18 Bridge
HF,47040.0,12.350048271497567,153.9255,153.9352,43515.0,60848.0,Echolocation,Pipistrellus pipistrellus,0.411,0.536,-1,192000.0,/mnt/ubna_data_04/recover-20241018/UBNA_011/20241017_023000.WAV,recover-20241018,UBNA_011,E18 Bridge
HF,48000.0,9.448828443794671,148.9515,148.9624,46093.0,59280.0,Echolocation,Pipistrellus pipistrellus,0.409,0.503,-1,192000.0,/mnt/ubna_data_04/recover-20241018/UBNA_011/20241017_023000.WAV,recover-20241018,UBNA_011,E18 Bridge
HF,48960.0,7.532153288224118,273.9605,273.9714,46953.0,59954.0,Echolocation,Pipistrellus pipistrellus,0.425,0.501,-1,192000.0,/mnt/ubna_data_04/recover-20241018/UBNA_011/20241017_022000.WAV,recover-20241018,UBNA_011,E18 Bridge
HF,45120.0,8.487042534104857,245.6765,245.6881,44375.0,56888.0,Echolocation,Pipistrellus pipistrellus,0.399,0.511,-1,192000.0,/mnt/ubna_data_04/recover-20241018/UBNA_011/20241017_022000.WAV,recover-20241018,UBNA_011,E18 Bridge
HF,46080.0,9.849273704345894,210.1685,210.1787,45234.0,62249.0,Echolocation,Pipistrellus pipistrellus,0.419,0.57,-1,192000.0,/mnt/ubna_data_04/recover-20241018/UBNA_011/20241017_022000.WAV,recover-20241018,UBNA_011,E18 Bridge
HF,47040.0,11.322126430143328,188.2065,188.216,45234.0,64800.0,Echolocation,Pipistrellus pipistrellus,0.502,0.682,-1,192000.0,/mnt/ubna_data_04/recover-20241018/UBNA_011/20241017_022000.WAV,recover-20241018,UBNA_011,E18 Bridge
HF,48960.0,9.238355802050526,156.1395,156.1472,46953.0,62309.0,Echolocation,Pipistrellus pipistrellus,0.515,0.595,-1,192000.0,/mnt/ubna_data_04/recover-20241018/UBNA_011/20241017_022000.WAV,recover-20241018,UBNA_011,E18 Bridge
HF,46080.0,6.029489224012826,121.3905,121.3962,45234.0,56617.0,Echolocation,Pipistrellus pipistrellus,0.528,0.584,-1,192000.0,/mnt/ubna_data_04/recover-20241018/UBNA_011/20241017_022000.WAV,recover-20241018,UBNA_011,E18 Bridge
HF,48000.0,19.431515051129043,90.0435,90.0486,45234.0,64904.0,Echolocation,Pipistrellus pipistrellus,0.639,0.658,-1,192000.0,/mnt/ubna_data_04/recover-20241018/UBNA_011/20241017_022000.WAV,recover-20241018,UBNA_011,E18 Bridge
HF,46080.0,12.637265589286066,61.8955,61.9048,44375.0,63444.0,Echolocation,Pipistrellus pipistrellus,0.506,0.692,-1,192000.0,/mnt/ubna_data_04/recover-20241018/UBNA_011/20241017_022000.WAV,recover-20241018,UBNA_011,E18 Bridge
HF,45120.0,6.495116761026351,33.0485,33.0607,44375.0,59415.0,Echolocation,Pipistrellus pipistrellus,0.39,0.555,-1,192000.0,/mnt/ubna_data_04/recover-20241018/UBNA_011/20241017_022000.WAV,recover-20241018,UBNA_011,E18 Bridge
LF,22080.0,17.394982055342645,91.3435,91.3631,22031.0,23957.0,Echolocation,Nyctalus leisleri,0.524,0.535,-1,192000.0,/mnt/ubna_data_04/recover-20241018/UBNA_011/20241018_004000.WAV,recover-20241018,UBNA_011,E18 Bridge
HF,46080.0,8.026329471361361,0.1185,0.1283,45234.0,58548.0,Echolocation,Pipistrellus pipistrellus,0.505,0.554,-1,192000.0,/mnt/ubna_data_04/recover-20241018/UBNA_011/20241017_022000.WAV,recover-20241018,UBNA_011,E18 Bridge
HF,46080.0,5.22080648418015,2.0275,2.0355,44375.0,61048.0,Echolocation,Pipistrellus pipistrellus,0.298,0.511,-1,192000.0,/mnt/ubna_data_04/recover-20241018/UBNA_011/20241014_042000.WAV,recover-20241018,UBNA_011,E18 Bridge
HF,47040.0,14.17912556938181,270.0355,270.0448,44375.0,64500.0,Echolocation,Pipistrellus pipistrellus,0.506,0.71,-1,192000.0,/mnt/ubna_data_04/recover-20241018/UBNA_011/20241017_021000.WAV,recover-20241018,UBNA_011,E18 Bridge
HF,47040.0,6.085823094140503,246.6025,246.6132,46093.0,57995.0,Echolocation,Pipistrellus pipistrellus,0.379,0.51,-1,192000.0,/mnt/ubna_data_04/recover-20241018/UBNA_011/20241017_021000.WAV,recover-20241018,UBNA_011,E18 Bridge
HF,46080.0,9.976501020898956,210.0825,210.0917,44375.0,56615.0,Echolocation,Pipistrellus pipistrellus,0.532,0.624,-1,192000.0,/mnt/ubna_data_04/recover-20241018/UBNA_011/20241017_021000.WAV,recover-20241018,UBNA_011,E18 Bridge
HF,47040.0,9.349986350750148,210.0155,210.0214,45234.0,54417.0,Echolocation,Pipistrellus pipistrellus,0.541,0.569,-1,192000.0,/mnt/ubna_data_04/recover-20241018/UBNA_011/20241014_041000.WAV,recover-20241018,UBNA_011,E18 Bridge
HF,47040.0,10.016746833524115,206.1035,206.1108,44375.0,61204.0,Echolocation,Pipistrellus pipistrellus,0.513,0.61,-1,192000.0,/mnt/ubna_data_04/recover-20241018/UBNA_011/20241017_023000.WAV,recover-20241018,UBNA_011,E18 Bridge
HF,45120.0,5.661894513962226,210.0765,210.0847,43515.0,64923.0,Echolocation,Pipistrellus pipistrellus,0.371,0.609,-1,192000.0,/mnt/ubna_data_04/recover-20241018/UBNA_011/20241017_023000.WAV,recover-20241018,UBNA_011,E18 Bridge
HF,47040.0,4.948537542473677,209.4525,209.4598,46093.0,52216.0,Echolocation,Pipistrellus pipistrellus,0.514,0.544,-1,192000.0,/mnt/ubna_data_04/recover-20241018/UBNA_011/20241014_041000.WAV,recover-20241018,UBNA_011,E18 Bridge
HF,52800.0,10.976118754952584,115.4685,115.4734,48671.0,64558.0,Echolocation,Pipistrellus pipistrellus,0.473,0.531,-1,192000.0,/mnt/ubna_data_04/recover-20241018/UBNA_011/20241018_020000.WAV,recover-20241018,UBNA_011,E18 Bridge
HF,47040.0,9.631966613230556,6.2185,6.2273,46093.0,63914.0,Echolocation,Pipistrellus pipistrellus,0.363,0.503,-1,192000.0,/mnt/ubna_data_04/recover-20241018/UBNA_011/20241017_053000.WAV,recover-20241018,UBNA_011,E18 Bridge
HF,48000.0,20.971686849873524,270.0505,270.0566,43515.0,68069.0,Echolocation,Pipistrellus pipistrellus,0.61,0.685,-1,192000.0,/mnt/ubna_data_04/recover-20241018/UBNA_011/20241017_052000.WAV,recover-20241018,UBNA_011,E18 Bridge
HF,47040.0,10.912911631743329,51.048500000000004,51.0535,46093.0,60854.0,Echolocation,Pipistrellus pipistrellus,0.606,0.679,-1,192000.0,/mnt/ubna_data_04/recover-20241018/UBNA_011/20241013_084000.WAV,recover-20241018,UBNA_011,E18 Bridge
HF,44160.0,4.688256324262141,268.4175,268.4259,43515.0,50390.0,Echolocation,Pipistrellus pipistrellus,0.428,0.563,-1,192000.0,/mnt/ubna_data_04/recover-20241018/UBNA_011/20241017_052000.WAV,recover-20241018,UBNA_011,E18 Bridge
HF,46080.0,13.948293152156058,210.8095,210.8214,43515.0,62783.0,Echolocation,Pipistrellus pipistrellus,0.364,0.502,-1,192000.0,/mnt/ubna_data_04/recover-20241018/UBNA_011/20241017_034000.WAV,recover-20241018,UBNA_011,E18 Bridge
HF,46080.0,7.068858781181523,170.2515,170.2605,45234.0,58748.0,Echolocation,Pipistrellus pipistrellus,0.472,0.518,-1,192000.0,/mnt/ubna_data_04/recover-20241018/UBNA_011/20241017_033000.WAV,recover-20241018,UBNA_011,E18 Bridge
HF,48000.0,15.573972914849065,90.0625,90.067,41796.0,56499.0,Echolocation,Pipistrellus pipistrellus,0.422,0.536,-1,192000.0,/mnt/ubna_data_04/recover-20241018/UBNA_011/20241017_033000.WAV,recover-20241018,UBNA_011,E18 Bridge
HF,48000.0,9.571840366807113,180.6215,180.6319,46953.0,62342.0,Echolocation,Pipistrellus pipistrellus,0.412,0.54,-1,192000.0,/mnt/ubna_data_04/recover-20241018/UBNA_011/20241017_021000.WAV,recover-20241018,UBNA_011,E18 Bridge
HF,48000.0,11.449276765286438,88.8695,88.8791,47812.0,63489.0,Echolocation,Pipistrellus pipistrellus,0.477,0.543,-1,192000.0,/mnt/ubna_data_04/recover-20241018/UBNA_011/20241017_033000.WAV,recover-20241018,UBNA_011,E18 Bridge
HF,48000.0,9.19922014389272,4.4425,4.4521,46953.0,63852.0,Echolocation,Pipistrellus pipistrellus,0.492,0.544,-1,192000.0,/mnt/ubna_data_04/recover-20241018/UBNA_011/20241017_033000.WAV,recover-20241018,UBNA_011,E18 Bridge
HF,46080.0,10.339842204680354,183.9375,183.946,44375.0,62136.0,Echolocation,Pipistrellus pipistrellus,0.266,0.532,-1,192000.0,/mnt/ubna_data_04/recover-20241018/UBNA_011/20241017_030000.WAV,recover-20241018,UBNA_011,E18 Bridge
HF,46080.0,3.633127892119905,257.4725,257.4779,43515.0,54094.0,Echolocation,Pipistrellus pipistrellus,0.422,0.505,-1,192000.0,/mnt/ubna_data_04/recover-20241018/UBNA_011/20241017_025000.WAV,recover-20241018,UBNA_011,E18 Bridge
HF,51840.0,17.194981491285443,13.6175,13.6216,44375.0,73866.0,Echolocation,Myotis alcathoe,0.349,0.505,-1,192000.0,/mnt/ubna_data_04/recover-20241018/UBNA_011/20241017_025000.WAV,recover-20241018,UBNA_011,E18 Bridge
HF,46080.0,9.547339827958007,192.2065,192.2174,44375.0,62208.0,Echolocation,Pipistrellus pipistrellus,0.402,0.609,-1,192000.0,/mnt/ubna_data_04/recover-20241018/UBNA_011/20241017_024000.WAV,recover-20241018,UBNA_011,E18 Bridge
HF,47040.0,11.572401718753959,93.9175,93.928,45234.0,60821.0,Echolocation,Pipistrellus pipistrellus,0.359,0.523,-1,192000.0,/mnt/ubna_data_04/recover-20241018/UBNA_011/20241017_024000.WAV,recover-20241018,UBNA_011,E18 Bridge
HF,46080.0,10.230776882968621,30.4385,30.4469,43515.0,59619.0,Echolocation,Pipistrellus pipistrellus,0.309,0.51,-1,192000.0,/mnt/ubna_data_04/recover-20241018/UBNA_011/20241017_024000.WAV,recover-20241018,UBNA_011,E18 Bridge
HF,45120.0,11.308058789367106,21.6955,21.705,43515.0,61499.0,Echolocation,Pipistrellus pipistrellus,0.37,0.544,-1,192000.0,/mnt/ubna_data_04/recover-20241018/UBNA_011/20241017_024000.WAV,recover-20241018,UBNA_011,E18 Bridge
HF,48000.0,5.881482850401511,44.0075,44.013999999999996,45234.0,54250.0,Echolocation,Pipistrellus pipistrellus,0.514,0.535,-1,192000.0,/mnt/ubna_data_04/recover-20241018/UBNA_011/20241017_033000.WAV,recover-20241018,UBNA_011,E18 Bridge
HF,45120.0,6.95176080395513,152.2925,152.3072,44375.0,50385.0,Echolocation,Pipistrellus pipistrellus,0.412,0.505,-1,192000.0,/mnt/ubna_data_04/recover-20241018/UBNA_011/20241017_021000.WAV,recover-20241018,UBNA_011,E18 Bridge
HF,58560.0,7.204915146082119,120.2145,120.2218,46953.0,67601.0,Echolocation,Pipistrellus pipistrellus,0.441,0.539,-1,192000.0,/mnt/ubna_data_04/recover-20241018/UBNA_011/20241017_021000.WAV,recover-20241018,UBNA_011,E18 Bridge
HF,46080.0,7.891891428502255,90.0405,90.0498,46093.0,61805.0,Echolocation,Pipistrellus pipistrellus,0.442,0.507,-1,192000.0,/mnt/ubna_data_04/recover-20241018/UBNA_011/20241017_021000.WAV,recover-20241018,UBNA_011,E18 Bridge
HF,49920.0,24.889187723873363,53.7765,53.781099999999995,44375.0,68306.0,Echolocation,Pipistrellus pipistrellus,0.433,0.552,-1,192000.0,/mnt/ubna_data_04/recover-20241018/UBNA_011/20241015_041000.WAV,recover-20241018,UBNA_011,E18 Bridge
HF,48000.0,6.278900271930683,47.1255,47.1309,46953.0,57314.0,Echolocation,Pipistrellus pipistrellus,0.533,0.548,-1,192000.0,/mnt/ubna_data_04/recover-20241018/UBNA_011/20241014_045000.WAV,recover-20241018,UBNA_011,E18 Bridge
HF,47040.0,10.073519041673684,98.9235,98.9331,46953.0,52891.0,Echolocation,Pipistrellus pipistrellus,0.521,0.587,-1,192000.0,/mnt/ubna_data_04/recover-20241018/UBNA_011/20241015_034000.WAV,recover-20241018,UBNA_011,E18 Bridge
HF,46080.0,8.378523515419122,278.1415,278.1473,45234.0,51547.0,Echolocation,Pipistrellus pipistrellus,0.464,0.595,-1,192000.0,/mnt/ubna_data_04/recover-20241018/UBNA_011/20241015_033000.WAV,recover-20241018,UBNA_011,E18 Bridge
HF,47040.0,5.968616564839667,242.7545,242.7613,46093.0,55134.0,Echolocation,Pipistrellus pipistrellus,0.52,0.636,-1,192000.0,/mnt/ubna_data_04/recover-20241018/UBNA_011/20241015_033000.WAV,recover-20241018,UBNA_011,E18 Bridge
HF,47040.0,8.180649333669049,223.2615,223.26839999999999,45234.0,52561.0,Echolocation,Pipistrellus pipistrellus,0.52,0.631,-1,192000.0,/mnt/ubna_data_04/recover-20241018/UBNA_011/20241015_033000.WAV,recover-20241018,UBNA_011,E18 Bridge
HF,46080.0,6.344129930972757,193.2965,193.303,45234.0,55536.0,Echolocation,Pipistrellus pipistrellus,0.521,0.607,-1,192000.0,/mnt/ubna_data_04/recover-20241018/UBNA_011/20241015_033000.WAV,recover-20241018,UBNA_011,E18 Bridge
HF,45120.0,8.894411635549647,150.0485,150.0546,43515.0,50984.0,Echolocation,Pipistrellus pipistrellus,0.455,0.509,-1,192000.0,/mnt/ubna_data_04/recover-20241018/UBNA_011/20241015_033000.WAV,recover-20241018,UBNA_011,E18 Bridge
HF,46080.0,12.079551877984127,66.2405,66.2477,44375.0,61238.0,Echolocation,Pipistrellus pipistrellus,0.535,0.624,-1,192000.0,/mnt/ubna_data_04/recover-20241018/UBNA_011/20241015_041000.WAV,recover-20241018,UBNA_011,E18 Bridge
HF,46080.0,9.785041614125173,122.1615,122.1691,44375.0,57352.0,Echolocation,Pipistrellus pipistrellus,0.496,0.654,-1,192000.0,/mnt/ubna_data_04/recover-20241018/UBNA_011/20241015_033000.WAV,recover-20241018,UBNA_011,E18 Bridge
HF,47040.0,9.058726844405829,75.76650000000001,75.7718,43515.0,56295.0,Echolocation,Pipistrellus pipistrellus,0.38,0.522,-1,192000.0,/mnt/ubna_data_04/recover-20241018/UBNA_011/20241015_033000.WAV,recover-20241018,UBNA_011,E18 Bridge
HF,46080.0,5.047227875687575,32.2975,32.3035,44375.0,55787.0,Echolocation,Pipistrellus pipistrellus,0.546,0.611,-1,192000.0,/mnt/ubna_data_04/recover-20241018/UBNA_011/20241014_084000.WAV,recover-20241018,UBNA_011,E18 Bridge
HF,48000.0,7.240045506743684,98.5945,98.6016,45234.0,59764.0,Echolocation,Pipistrellus pipistrellus,0.499,0.601,-1,192000.0,/mnt/ubna_data_04/recover-20241018/UBNA_011/20241014_102000.WAV,recover-20241018,UBNA_011,E18 Bridge
HF,45120.0,6.0042661359929985,2.6945,2.7065,45234.0,54859.0,Echolocation,Pipistrellus pipistrellus,0.392,0.523,-1,192000.0,/mnt/ubna_data_04/recover-20241018/UBNA_011/20241015_033000.WAV,recover-20241018,UBNA_011,E18 Bridge
HF,45120.0,3.804444560915651,79.3615,79.36789999999999,45234.0,52052.0,Echolocation,Pipistrellus pipistrellus,0.484,0.508,-1,192000.0,/mnt/ubna_data_04/recover-20241018/UBNA_011/20241015_032000.WAV,recover-20241018,UBNA_011,E18 Bridge
HF,47040.0,5.318609159561683,250.4025,250.4108,45234.0,53639.0,Echolocation,Pipistrellus pipistrellus,0.418,0.512,-1,192000.0,/mnt/ubna_data_04/recover-20241018/UBNA_011/20241015_025000.WAV,recover-20241018,UBNA_011,E18 Bridge
HF,46080.0,19.25810666949352,294.1575,294.1615,44375.0,63149.0,Echolocation,Pipistrellus pipistrellus,0.298,0.515,-1,192000.0,/mnt/ubna_data_04/recover-20241018/UBNA_011/20241015_020000.WAV,recover-20241018,UBNA_011,E18 Bridge
HF,45120.0,2.711689907418121,110.0725,110.07849999999999,45234.0,54746.0,Echolocation,Pipistrellus pipistrellus,0.485,0.513,-1,192000.0,/mnt/ubna_data_04/recover-20241018/UBNA_011/20241014_105000.WAV,recover-20241018,UBNA_011,E18 Bridge
HF,46080.0,3.91837334943974,107.3205,107.3281,45234.0,53207.0,Echolocation,Pipistrellus pipistrellus,0.45,0.545,-1,192000.0,/mnt/ubna_data_04/recover-20241018/UBNA_011/20241015_033000.WAV,recover-20241018,UBNA_011,E18 Bridge
HF,48000.0,5.525962555306544,150.6195,150.625,47812.0,62832.0,Echolocation,Pipistrellus pipistrellus,0.455,0.501,-1,192000.0,/mnt/ubna_data_04/recover-20241018/UBNA_011/20241018_020000.WAV,recover-20241018,UBNA_011,E18 Bridge
HF,44160.0,13.866111235493076,273.3305,273.342,43515.0,64996.0,Echolocation,Pipistrellus pipistrellus,0.451,0.604,-1,192000.0,/mnt/ubna_data_04/recover-20241018/UBNA_011/20241015_044000.WAV,recover-20241018,UBNA_011,E18 Bridge
HF,46080.0,5.4651421778298035,26.4975,26.5036,44375.0,55713.0,Echolocation,Pipistrellus pipistrellus,0.489,0.53,-1,192000.0,/mnt/ubna_data_04/recover-20241018/UBNA_011/20241015_052000.WAV,recover-20241018,UBNA_011,E18 Bridge
HF,47040.0,13.440567073766964,64.5555,64.5674,44375.0,64243.0,Echolocation,Pipistrellus pipistrellus,0.412,0.511,-1,192000.0,/mnt/ubna_data_04/recover-20241018/UBNA_011/20241017_021000.WAV,recover-20241018,UBNA_011,E18 Bridge
HF,48960.0,9.494414534075815,30.2595,30.2655,46953.0,60512.0,Echolocation,Pipistrellus pipistrellus,0.554,0.592,-1,192000.0,/mnt/ubna_data_04/recover-20241018/UBNA_011/20241017_021000.WAV,recover-20241018,UBNA_011,E18 Bridge
HF,53760.0,15.36375393455847,1.5255,1.5291,44375.0,71093.0,Echolocation,Myotis alcathoe,0.423,0.55,-1,192000.0,/mnt/ubna_data_04/recover-20241018/UBNA_011/20241017_021000.WAV,recover-20241018,UBNA_011,E18 Bridge
HF,52800.0,14.139437625574327,270.1535,270.1574,42656.0,66394.0,Echolocation,Myotis brandtii,0.333,0.542,-1,192000.0,/mnt/ubna_data_04/recover-20241018/UBNA_011/20241017_020000.WAV,recover-20241018,UBNA_011,E18 Bridge
HF,48000.0,6.5070006775278415,241.0895,241.1001,46953.0,64149.0,Echolocation,Pipistrellus pipistrellus,0.477,0.54,-1,192000.0,/mnt/ubna_data_04/recover-20241018/UBNA_011/20241017_020000.WAV,recover-20241018,UBNA_011,E18 Bridge
HF,45120.0,7.692028272435553,228.4415,228.4509,43515.0,60906.0,Echolocation,Pipistrellus pipistrellus,0.277,0.508,-1,192000.0,/mnt/ubna_data_04/recover-20241018/UBNA_011/20241017_020000.WAV,recover-20241018,UBNA_011,E18 Bridge
HF,44160.0,4.654830122129442,70.3985,70.4059,43515.0,52664.0,Echolocation,Pipistrellus pipistrellus,0.526,0.615,-1,192000.0,/mnt/ubna_data_04/recover-20241018/UBNA_011/20241016_065000.WAV,recover-20241018,UBNA_011,E18 Bridge
HF,48000.0,7.867715729810124,244.4865,244.4941,47812.0,55439.0,Echolocation,Pipistrellus pipistrellus,0.503,0.539,-1,192000.0,/mnt/ubna_data_04/recover-20241018/UBNA_011/20241016_032000.WAV,recover-20241018,UBNA_011,E18 Bridge
HF,48000.0,9.970462877055574,203.4245,203.4294,46093.0,58502.0,Echolocation,Pipistrellus pipistrellus,0.563,0.611,-1,192000.0,/mnt/ubna_data_04/recover-20241018/UBNA_011/20241015_051000.WAV,recover-20241018,UBNA_011,E18 Bridge
HF,52800.0,7.524351792296312,249.0935,249.0965,47812.0,69803.0,Echolocation,Myotis alcathoe,0.407,0.506,-1,192000.0,/mnt/ubna_data_04/recover-20241018/UBNA_011/20241016_025000.WAV,recover-20241018,UBNA_011,E18 Bridge
HF,46080.0,8.645620495373585,150.0415,150.0471,45234.0,54608.0,Echolocation,Pipistrellus pipistrellus,0.612,0.639,-1,192000.0,/mnt/ubna_data_04/recover-20241018/UBNA_011/20241015_091000.WAV,recover-20241018,UBNA_011,E18 Bridge
HF,48960.0,9.145866938143753,42.2005,42.2097,47812.0,63938.0,Echolocation,Pipistrellus pipistrellus,0.433,0.502,-1,192000.0,/mnt/ubna_data_04/recover-20241018/UBNA_011/20241014_043000.WAV,recover-20241018,UBNA_011,E18 Bridge
HF,45120.0,3.7457530551944163,149.4745,149.4813,44375.0,55811.0,Echolocation,Pipistrellus pipistrellus,0.521,0.586,-1,192000.0,/mnt/ubna_data_04/recover-20241018/UBNA_011/20241015_091000.WAV,recover-20241018,UBNA_011,E18 Bridge
HF,52800.0,5.4148100081893,260.4135,260.4184,45234.0,61545.0,Echolocation,Pipistrellus pipistrellus,0.435,0.544,-1,192000.0,/mnt/ubna_data_04/recover-20241018/UBNA_011/20241015_064000.WAV,recover-20241018,UBNA_011,E18 Bridge
HF,46080.0,10.185805307620372,139.0165,139.0258,44375.0,61384.0,Echolocation,Pipistrellus pipistrellus,0.285,0.521,-1,192000.0,/mnt/ubna_data_04/recover-20241018/UBNA_011/20241015_064000.WAV,recover-20241018,UBNA_011,E18 Bridge
HF,48000.0,5.507763279617767,10.5375,10.5428,45234.0,57767.0,Echolocation,Pipistrellus pipistrellus,0.445,0.508,-1,192000.0,/mnt/ubna_data_04/recover-20241018/UBNA_011/20241014_045000.WAV,recover-20241018,UBNA_011,E18 Bridge
HF,45120.0,4.140553397997873,63.2495,63.2581,44375.0,54622.0,Echolocation,Pipistrellus pipistrellus,0.469,0.536,-1,192000.0,/mnt/ubna_data_04/recover-20241018/UBNA_011/20241015_052000.WAV,recover-20241018,UBNA_011,E18 Bridge
HF,48960.0,5.667940227125898,41.5475,41.5535,46093.0,60890.0,Echolocation,Pipistrellus pipistrellus,0.472,0.53,-1,192000.0,/mnt/ubna_data_04/recover-20241018/UBNA_011/20241015_052000.WAV,recover-20241018,UBNA_011,E18 Bridge
HF,45120.0,13.252531453891226,278.1975,278.2062,42656.0,58858.0,Echolocation,Pipistrellus pipistrellus,0.261,0.553,-1,192000.0,/mnt/ubna_data_04/recover-20241018/UBNA_011/20241016_022000.WAV,recover-20241018,UBNA_011,E18 Bridge
HF,47040.0,7.865784866467611,228.72050000000002,228.7273,44375.0,61494.0,Echolocation,Pipistrellus pipistrellus,0.514,0.639,-1,192000.0,/mnt/ubna_data_04/recover-20241018/UBNA_011/20241018_020000.WAV,recover-20241018,UBNA_011,E18 Bridge
HF,48000.0,7.6799540308446055,212.1255,212.1347,47812.0,62279.0,Echolocation,Pipistrellus pipistrellus,0.378,0.502,-1,192000.0,/mnt/ubna_data_04/recover-20241018/UBNA_011/20241014_104000.WAV,recover-20241018,UBNA_011,E18 Bridge
LF,19200.0,8.463806637749652,213.2325,213.2524,16875.0,20840.0,Echolocation,Nyctalus noctula,0.409,0.592,-1,192000.0,/mnt/ubna_data_04/recover-20241018/UBNA_011/20241013_140000.WAV,recover-20241018,UBNA_011,E18 Bridge
LF,25920.0,7.218187155405264,109.4145,109.4273,24609.0,28470.0,Echolocation,Nyctalus leisleri,0.434,0.597,-1,192000.0,/mnt/ubna_data_04/recover-20241018/UBNA_011/20241012_105000.WAV,recover-20241018,UBNA_011,E18 Bridge
LF,28800.0,18.605362452201046,19.4585,19.4797,28046.0,31082.0,Echolocation,Nyctalus leisleri,0.517,0.553,-1,192000.0,/mnt/ubna_data_04/recover-20241018/UBNA_011/20241015_181000.WAV,recover-20241018,UBNA_011,E18 Bridge
LF,22080.0,11.334693822403985,190.7165,190.7353,21171.0,23900.0,Echolocation,Nyctalus leisleri,0.547,0.558,-1,192000.0,/mnt/ubna_data_04/recover-20241018/UBNA_011/20241012_173000.WAV,recover-20241018,UBNA_011,E18 Bridge
LF,23040.0,18.83846251670925,81.2325,81.251,22890.0,25899.0,Echolocation,Nyctalus leisleri,0.475,0.5,-1,192000.0,/mnt/ubna_data_04/recover-20241018/UBNA_011/20241015_135000.WAV,recover-20241018,UBNA_011,E18 Bridge
LF,26880.0,4.892857090103257,135.5385,135.5558,25468.0,28982.0,Echolocation,Nyctalus leisleri,0.454,0.533,-1,192000.0,/mnt/ubna_data_04/recover-20241018/UBNA_011/20241013_024000.WAV,recover-20241018,UBNA_011,E18 Bridge
LF,25920.0,6.880508505897533,150.2095,150.2237,25468.0,29470.0,Echolocation,Nyctalus leisleri,0.526,0.632,-1,192000.0,/mnt/ubna_data_04/recover-20241018/UBNA_011/20241013_024000.WAV,recover-20241018,UBNA_011,E18 Bridge
LF,22080.0,17.98853644628931,1.8085,1.8231,21171.0,23301.0,Echolocation,Nyctalus leisleri,0.503,0.519,-1,192000.0,/mnt/ubna_data_04/recover-20241018/UBNA_011/20241014_232000.WAV,recover-20241018,UBNA_011,E18 Bridge
LF,24000.0,6.088454489505458,255.1725,255.1869,23750.0,28691.0,Echolocation,Nyctalus leisleri,0.378,0.556,-1,192000.0,/mnt/ubna_data_04/recover-20241018/UBNA_011/20241013_024000.WAV,recover-20241018,UBNA_011,E18 Bridge
LF,23040.0,14.512812478454705,247.3445,247.3615,22890.0,25408.0,Echolocation,Nyctalus leisleri,0.498,0.521,-1,192000.0,/mnt/ubna_data_04/recover-20241018/UBNA_011/20241014_142000.WAV,recover-20241018,UBNA_011,E18 Bridge
LF,24000.0,7.507355921820928,17.8435,17.8635,22890.0,26007.0,Echolocation,Nyctalus leisleri,0.5,0.532,-1,192000.0,/mnt/ubna_data_04/recover-20241018/UBNA_011/20241014_130000.WAV,recover-20241018,UBNA_011,E18 Bridge
LF,26880.0,8.583738262362635,84.1565,84.1746,26328.0,28898.0,Echolocation,Nyctalus leisleri,0.447,0.511,-1,192000.0,/mnt/ubna_data_04/recover-20241018/UBNA_011/20241013_035000.WAV,recover-20241018,UBNA_011,E18 Bridge
LF,26880.0,5.235379575229853,288.2025,288.2158,26328.0,29648.0,Echolocation,Nyctalus leisleri,0.432,0.552,-1,192000.0,/mnt/ubna_data_04/recover-20241018/UBNA_011/20241013_083000.WAV,recover-20241018,UBNA_011,E18 Bridge
LF,27840.0,33.9996025289182,62.5275,62.542699999999996,26328.0,30361.0,Echolocation,Nyctalus leisleri,0.573,0.663,-1,192000.0,/mnt/ubna_data_04/recover-20241018/UBNA_011/20241014_105000.WAV,recover-20241018,UBNA_011,E18 Bridge
LF,26880.0,6.372178685206171,174.0265,174.0395,26328.0,29246.0,Echolocation,Nyctalus leisleri,0.469,0.551,-1,192000.0,/mnt/ubna_data_04/recover-20241018/UBNA_011/20241014_071000.WAV,recover-20241018,UBNA_011,E18 Bridge
LF,26880.0,16.93863146688831,99.1815,99.1945,26328.0,31867.0,Echolocation,Nyctalus leisleri,0.368,0.636,-1,192000.0,/mnt/ubna_data_04/recover-20241018/UBNA_011/20241016_015000.WAV,recover-20241018,UBNA_011,E18 Bridge
LF,26880.0,10.988075757518573,1.0365,1.0524,27187.0,30093.0,Echolocation,Nyctalus leisleri,0.457,0.553,-1,192000.0,/mnt/ubna_data_04/recover-20241018/UBNA_011/20241013_092000.WAV,recover-20241018,UBNA_011,E18 Bridge
LF,25920.0,14.559023878061213,242.2135,242.228,24609.0,30194.0,Echolocation,Nyctalus leisleri,0.384,0.558,-1,192000.0,/mnt/ubna_data_04/recover-20241018/UBNA_011/20241014_035000.WAV,recover-20241018,UBNA_011,E18 Bridge
LF,22080.0,10.26378712715042,241.8965,241.9147,21171.0,24308.0,Echolocation,Nyctalus leisleri,0.519,0.551,-1,192000.0,/mnt/ubna_data_04/recover-20241018/UBNA_011/20241013_100000.WAV,recover-20241018,UBNA_011,E18 Bridge
LF,24000.0,6.790113947860529,103.2515,103.267,22890.0,26626.0,Echolocation,Nyctalus leisleri,0.45,0.524,-1,192000.0,/mnt/ubna_data_04/recover-20241018/UBNA_011/20241014_031000.WAV,recover-20241018,UBNA_011,E18 Bridge
LF,27840.0,9.958555705858359,210.6555,210.6732,27187.0,29955.0,Echolocation,Nyctalus leisleri,0.421,0.504,-1,192000.0,/mnt/ubna_data_04/recover-20241018/UBNA_011/20241013_105000.WAV,recover-20241018,UBNA_011,E18 Bridge
LF,19200.0,4.773432241889949,151.0265,151.0476,17734.0,20389.0,Echolocation,Nyctalus noctula,0.35,0.504,-1,192000.0,/mnt/ubna_data_04/recover-20241018/UBNA_011/20241013_140000.WAV,recover-20241018,UBNA_011,E18 Bridge
LF,24000.0,26.492900914989935,217.6635,217.6806,22890.0,27635.0,Echolocation,Nyctalus leisleri,0.283,0.524,-1,192000.0,/mnt/ubna_data_04/recover-20241018/UBNA_011/20241014_025000.WAV,recover-20241018,UBNA_011,E18 Bridge
HF,47040.0,5.969145514979973,59.1515,59.1571,46953.0,61951.0,Echolocation,Pipistrellus pipistrellus,0.503,0.557,-1,192000.0,/mnt/ubna_data_04/recover-20241018/UBNA_011/20241018_022000.WAV,recover-20241018,UBNA_011,E18 Bridge
LF,24000.0,10.010571723524027,193.2695,193.2852,22890.0,27456.0,Echolocation,Nyctalus leisleri,0.357,0.521,-1,192000.0,/mnt/ubna_data_04/recover-20241018/UBNA_011/20241014_022000.WAV,recover-20241018,UBNA_011,E18 Bridge
LF,19200.0,5.742041492651495,240.2025,240.2219,16875.0,21485.0,Echolocation,Nyctalus noctula,0.429,0.559,-1,192000.0,/mnt/ubna_data_04/recover-20241018/UBNA_011/20241013_140000.WAV,recover-20241018,UBNA_011,E18 Bridge
LF,23040.0,3.334455742387921,224.6395,224.6563,22031.0,26371.0,Echolocation,Nyctalus leisleri,0.386,0.53,-1,192000.0,/mnt/ubna_data_04/recover-20241018/UBNA_011/20241014_021000.WAV,recover-20241018,UBNA_011,E18 Bridge
LF,26880.0,14.31820258851011,130.67849999999999,130.6932,25468.0,29382.0,Echolocation,Nyctalus leisleri,0.568,0.609,-1,192000.0,/mnt/ubna_data_04/recover-20241018/UBNA_011/20241013_201000.WAV,recover-20241018,UBNA_011,E18 Bridge
LF,19200.0,14.790522597104436,14.8245,14.8369,18593.0,25433.0,Echolocation,Nyctalus noctula,0.318,0.555,-1,192000.0,/mnt/ubna_data_04/recover-20241018/UBNA_011/20241014_002000.WAV,recover-20241018,UBNA_011,E18 Bridge
HF,47040.0,5.29591876978249,183.9575,183.9657,46953.0,51451.0,Echolocation,Pipistrellus pipistrellus,0.394,0.515,-1,192000.0,/mnt/ubna_data_04/recover-20241018/UBNA_011/20241012_041000.WAV,recover-20241018,UBNA_011,E18 Bridge
LF,23040.0,8.465260354335353,0.2625,0.2781,22890.0,27369.0,Echolocation,Nyctalus leisleri,0.509,0.634,-1,192000.0,/mnt/ubna_data_04/recover-20241018/UBNA_011/20241014_021000.WAV,recover-20241018,UBNA_011,E18 Bridge
LF,27840.0,4.372865405241089,100.9655,100.9791,27187.0,30614.0,Echolocation,Nyctalus leisleri,0.453,0.59,-1,192000.0,/mnt/ubna_data_04/recover-20241018/UBNA_011/20241013_092000.WAV,recover-20241018,UBNA_011,E18 Bridge
LF,27840.0,6.014820610445399,126.3755,126.3888,26328.0,31587.0,Echolocation,Nyctalus leisleri,0.336,0.582,-1,192000.0,/mnt/ubna_data_04/recover-20241018/UBNA_011/20241012_080000.WAV,recover-20241018,UBNA_011,E18 Bridge
LF,24000.0,18.76429308693134,92.4945,92.5138,23750.0,26315.0,Echolocation,Nyctalus leisleri,0.501,0.53,-1,192000.0,/mnt/ubna_data_04/recover-20241018/UBNA_011/20241014_235000.WAV,recover-20241018,UBNA_011,E18 Bridge
LF,23040.0,8.038772692720524,252.2595,252.2721,22031.0,28203.0,Echolocation,Nyctalus noctula,0.239,0.512,-1,192000.0,/mnt/ubna_data_04/recover-20241018/UBNA_011/20241016_221000.WAV,recover-20241018,UBNA_011,E18 Bridge
LF,24000.0,3.5968924674983582,48.5715,48.5857,23750.0,27358.0,Echolocation,Nyctalus leisleri,0.442,0.547,-1,192000.0,/mnt/ubna_data_04/recover-20241018/UBNA_011/20241012_020000.WAV,recover-20241018,UBNA_011,E18 Bridge
LF,24000.0,5.828196059283175,299.8745,299.889,22890.0,26163.0,Echolocation,Nyctalus leisleri,0.448,0.507,-1,192000.0,/mnt/ubna_data_04/recover-20241018/UBNA_011/20241011_215000.WAV,recover-20241018,UBNA_011,E18 Bridge
LF,24000.0,8.141566579575684,68.7785,68.7965,22890.0,25715.0,Echolocation,Nyctalus leisleri,0.512,0.534,-1,192000.0,/mnt/ubna_data_04/recover-20241018/UBNA_011/20241016_131000.WAV,recover-20241018,UBNA_011,E18 Bridge
LF,26880.0,6.351750062751713,154.1285,154.1404,25468.0,32208.0,Echolocation,Eptesicus serotinus,0.253,0.53,-1,192000.0,/mnt/ubna_data_04/recover-20241018/UBNA_011/20241016_050000.WAV,recover-20241018,UBNA_011,E18 Bridge
LF,22080.0,17.38376846881217,137.1015,137.1293,21171.0,23511.0,Echolocation,Nyctalus leisleri,0.505,0.524,-1,192000.0,/mnt/ubna_data_04/recover-20241018/UBNA_011/20241016_223000.WAV,recover-20241018,UBNA_011,E18 Bridge
HF,47040.0,8.507263812656404,198.5075,198.5123,46093.0,62539.0,Echolocation,Pipistrellus pipistrellus,0.5,0.588,-1,192000.0,/mnt/ubna_data_04/recover-20241018/UBNA_011/20241018_071000.WAV,recover-20241018,UBNA_011,E18 Bridge
LF,24000.0,7.21344856703559,87.8065,87.8253,22890.0,26156.0,Echolocation,Nyctalus leisleri,0.46,0.509,-1,192000.0,/mnt/ubna_data_04/recover-20241018/UBNA_011/20241016_054000.WAV,recover-20241018,UBNA_011,E18 Bridge
LF,22080.0,30.22248062276814,182.8555,182.8795,21171.0,23579.0,Echolocation,Nyctalus leisleri,0.605,0.616,-1,192000.0,/mnt/ubna_data_04/recover-20241018/UBNA_011/20241016_230000.WAV,recover-20241018,UBNA_011,E18 Bridge
LF,24000.0,6.512262134667814,208.9155,208.9321,23750.0,27356.0,Echolocation,Nyctalus leisleri,0.43,0.507,-1,192000.0,/mnt/ubna_data_04/recover-20241018/UBNA_011/20241017_153000.WAV,recover-20241018,UBNA_011,E18 Bridge
HF,51840.0,11.08448723103061,292.1185,292.1238,47812.0,61925.0,Echolocation,Pipistrellus pipistrellus,0.466,0.565,-1,192000.0,/mnt/ubna_data_04/recover-20241018/UBNA_011/20241018_034000.WAV,recover-20241018,UBNA_011,E18 Bridge
HF,48000.0,16.065921541203352,102.7825,102.7872,43515.0,75712.0,Echolocation,Myotis alcathoe,0.314,0.552,-1,192000.0,/mnt/ubna_data_04/recover-20241018/UBNA_011/20241012_021000.WAV,recover-20241018,UBNA_011,E18 Bridge
HF,57600.0,12.764783757731612,272.1785,272.1876,58125.0,61862.0,Echolocation,Pipistrellus pygmaeus,0.544,0.547,-1,192000.0,/mnt/ubna_data_04/recover-20241018/UBNA_011/20241011_214000.WAV,recover-20241018,UBNA_011,E18 Bridge
HF,48000.0,9.68350445049776,60.0035,60.008,46953.0,58983.0,Echolocation,Pipistrellus pipistrellus,0.583,0.596,-1,192000.0,/mnt/ubna_data_04/recover-20241018/UBNA_011/20241018_022000.WAV,recover-20241018,UBNA_011,E18 Bridge
LF,22080.0,13.90852795321724,258.5235,258.5436,22031.0,23946.0,Echolocation,Nyctalus leisleri,0.5,0.51,-1,192000.0,/mnt/ubna_data_04/recover-20241018/UBNA_011/20241018_001000.WAV,recover-20241018,UBNA_011,E18 Bridge
HF,52800.0,6.198087509974883,49.188500000000005,49.1931,48671.0,61606.0,Echolocation,Pipistrellus pipistrellus,0.525,0.571,-1,192000.0,/mnt/ubna_data_04/recover-20241018/UBNA_011/20241018_041000.WAV,recover-20241018,UBNA_011,E18 Bridge
HF,48000.0,4.135323403414672,212.4145,212.42079999999999,43515.0,55484.0,Echolocation,Pipistrellus pipistrellus,0.523,0.563,-1,192000.0,/mnt/ubna_data_04/recover-20241018/UBNA_011/20241012_065000.WAV,recover-20241018,UBNA_011,E18 Bridge
LF,23040.0,20.540297560773308,32.6635,32.682,22031.0,26848.0,Echolocation,Nyctalus noctula,0.381,0.593,-1,192000.0,/mnt/ubna_data_04/recover-20241018/UBNA_011/20241014_021000.WAV,recover-20241018,UBNA_011,E18 Bridge
LF,26880.0,5.613686148120454,143.4355,143.4496,26328.0,29443.0,Echolocation,Nyctalus leisleri,0.444,0.548,-1,192000.0,/mnt/ubna_data_04/recover-20241018/UBNA_011/20241012_072000.WAV,recover-20241018,UBNA_011,E18 Bridge
HF,50880.0,3.1982789662602427,209.9035,209.9074,48671.0,61745.0,Echolocation,Pipistrellus pipistrellus,0.493,0.541,-1,192000.0,/mnt/ubna_data_04/recover-20241018/UBNA_011/20241012_030000.WAV,recover-20241018,UBNA_011,E18 Bridge
LF,23040.0,9.521905729243528,286.9345,286.9539,22031.0,26087.0,Echolocation,Nyctalus leisleri,0.548,0.603,-1,192000.0,/mnt/ubna_data_04/recover-20241018/UBNA_011/20241012_020000.WAV,recover-20241018,UBNA_011,E18 Bridge
HF,54720.0,9.656197304246476,210.1575,210.1628,47812.0,65742.0,Echolocation,Pipistrellus pipistrellus,0.298,0.507,-1,192000.0,/mnt/ubna_data_04/recover-20241018/UBNA_011/20241012_030000.WAV,recover-20241018,UBNA_011,E18 Bridge
LF,22080.0,9.321101423550706,89.2765,89.3004,21171.0,24010.0,Echolocation,Nyctalus leisleri,0.56,0.571,-1,192000.0,/mnt/ubna_data_04/recover-20241018/UBNA_011/20241012_032000.WAV,recover-20241018,UBNA_011,E18 Bridge
HF,47040.0,7.987807691589177,281.0845,281.0934,44375.0,55722.0,Echolocation,Pipistrellus pipistrellus,0.484,0.585,-1,192000.0,/mnt/ubna_data_04/recover-20241018/UBNA_011/20241015_033000.WAV,recover-20241018,UBNA_011,E18 Bridge
LF,24000.0,15.07164022705698,195.3695,195.3859,22890.0,26598.0,Echolocation,Nyctalus leisleri,0.616,0.661,-1,192000.0,/mnt/ubna_data_04/recover-20241018/UBNA_011/20241014_022000.WAV,recover-20241018,UBNA_011,E18 Bridge
HF,46080.0,6.512653772156829,150.1365,150.1412,45234.0,61472.0,Echolocation,Pipistrellus pipistrellus,0.591,0.642,-1,192000.0,/mnt/ubna_data_04/recover-20241018/UBNA_011/20241015_091000.WAV,recover-20241018,UBNA_011,E18 Bridge
HF,46080.0,7.728504205749816,250.5945,250.6013,44375.0,55045.0,Echolocation,Pipistrellus pipistrellus,0.486,0.615,-1,192000.0,/mnt/ubna_data_04/recover-20241018/UBNA_011/20241015_025000.WAV,recover-20241018,UBNA_011,E18 Bridge
LF,22080.0,4.1909920153367555,225.8205,225.8388,21171.0,26988.0,Echolocation,Nyctalus leisleri,0.232,0.507,-1,192000.0,/mnt/ubna_data_04/recover-20241018/UBNA_011/20241014_021000.WAV,recover-20241018,UBNA_011,E18 Bridge
HF,52800.0,13.08000199299612,249.19650000000001,249.1994,46953.0,67554.0,Echolocation,Myotis alcathoe,0.427,0.572,-1,192000.0,/mnt/ubna_data_04/recover-20241018/UBNA_011/20241016_025000.WAV,recover-20241018,UBNA_011,E18 Bridge
HF,47040.0,12.041212365339874,66.4325,66.4423,44375.0,62884.0,Echolocation,Pipistrellus pipistrellus,0.326,0.524,-1,192000.0,/mnt/ubna_data_04/recover-20241018/UBNA_011/20241015_041000.WAV,recover-20241018,UBNA_011,E18 Bridge
HF,46080.0,4.143592482245365,242.9965,243.002,44375.0,55717.0,Echolocation,Pipistrellus pipistrellus,0.419,0.502,-1,192000.0,/mnt/ubna_data_04/recover-20241018/UBNA_011/20241015_033000.WAV,recover-20241018,UBNA_011,E18 Bridge
HF,48000.0,15.466980207467467,245.7825,245.78640000000001,40078.0,66944.0,Echolocation,Myotis brandtii,0.247,0.532,-1,192000.0,/mnt/ubna_data_04/recover-20241018/UBNA_011/20241016_032000.WAV,recover-20241018,UBNA_011,E18 Bridge
LF,27840.0,18.441321302380864,99.4135,99.42699999999999,26328.0,34917.0,Echolocation,Eptesicus serotinus,0.382,0.62,-1,192000.0,/mnt/ubna_data_04/recover-20241018/UBNA_011/20241016_015000.WAV,recover-20241018,UBNA_011,E18 Bridge
HF,45120.0,3.3988544787585773,110.2695,110.2765,45234.0,51438.0,Echolocation,Pipistrellus pipistrellus,0.51,0.538,-1,192000.0,/mnt/ubna_data_04/recover-20241018/UBNA_011/20241014_105000.WAV,recover-20241018,UBNA_011,E18 Bridge
HF,46080.0,10.354686365011647,193.4905,193.4973,45234.0,51999.0,Echolocation,Pipistrellus pipistrellus,0.492,0.568,-1,192000.0,/mnt/ubna_data_04/recover-20241018/UBNA_011/20241015_033000.WAV,recover-20241018,UBNA_011,E18 Bridge
HF,45120.0,3.216799091907766,70.5055,70.5116,44375.0,52449.0,Echolocation,Pipistrellus pipistrellus,0.523,0.553,-1,192000.0,/mnt/ubna_data_04/recover-20241018/UBNA_011/20241016_065000.WAV,recover-20241018,UBNA_011,E18 Bridge
LF,23040.0,18.74880512204542,32.9035,32.9212,22031.0,27149.0,Echolocation,Nyctalus noctula,0.37,0.599,-1,192000.0,/mnt/ubna_data_04/recover-20241018/UBNA_011/20241014_021000.WAV,recover-20241018,UBNA_011,E18 Bridge
HF,47040.0,18.376271421253307,294.4065,294.4107,43515.0,65016.0,Echolocation,Myotis mystacinus,0.131,0.533,-1,192000.0,/mnt/ubna_data_04/recover-20241018/UBNA_011/20241015_020000.WAV,recover-20241018,UBNA_011,E18 Bridge
HF,45120.0,6.641398312067375,149.6685,149.6762,44375.0,54087.0,Echolocation,Pipistrellus pipistrellus,0.496,0.599,-1,192000.0,/mnt/ubna_data_04/recover-20241018/UBNA_011/20241015_091000.WAV,recover-20241018,UBNA_011,E18 Bridge
HF,48960.0,11.315961136739997,260.6645,260.6693,46953.0,62805.0,Echolocation,Pipistrellus pipistrellus,0.501,0.602,-1,192000.0,/mnt/ubna_data_04/recover-20241018/UBNA_011/20241015_064000.WAV,recover-20241018,UBNA_011,E18 Bridge
HF,46080.0,11.886263893504408,107.4265,107.4318,44375.0,57752.0,Echolocation,Pipistrellus pipistrellus,0.486,0.585,-1,192000.0,/mnt/ubna_data_04/recover-20241018/UBNA_011/20241015_033000.WAV,recover-20241018,UBNA_011,E18 Bridge
HF,46080.0,6.900935465997437,273.4385,273.4472,44375.0,52958.0,Echolocation,Pipistrellus pipistrellus,0.58,0.668,-1,192000.0,/mnt/ubna_data_04/recover-20241018/UBNA_011/20241015_044000.WAV,recover-20241018,UBNA_011,E18 Bridge
HF,48000.0,26.284562222580057,54.0265,54.0321,41796.0,83031.0,Echolocation,Pipistrellus pipistrellus,0.407,0.513,-1,192000.0,/mnt/ubna_data_04/recover-20241018/UBNA_011/20241015_041000.WAV,recover-20241018,UBNA_011,E18 Bridge
HF,53760.0,12.574322445398211,204.0945,204.0982,44375.0,69700.0,Echolocation,Myotis alcathoe,0.309,0.547,-1,192000.0,/mnt/ubna_data_04/recover-20241018/UBNA_011/20241015_051000.WAV,recover-20241018,UBNA_011,E18 Bridge
LF,26880.0,20.64174247817085,62.7435,62.7571,27187.0,32628.0,Echolocation,Nyctalus leisleri,0.285,0.548,-1,192000.0,/mnt/ubna_data_04/recover-20241018/UBNA_011/20241014_105000.WAV,recover-20241018,UBNA_011,E18 Bridge
HF,44160.0,2.888204288777567,26.5835,26.5897,43515.0,54521.0,Echolocation,Pipistrellus pipistrellus,0.516,0.579,-1,192000.0,/mnt/ubna_data_04/recover-20241018/UBNA_011/20241015_052000.WAV,recover-20241018,UBNA_011,E18 Bridge
HF,46080.0,12.955307523557671,75.9655,75.9719,44375.0,54214.0,Echolocation,Pipistrellus pipistrellus,0.453,0.648,-1,192000.0,/mnt/ubna_data_04/recover-20241018/UBNA_011/20241015_033000.WAV,recover-20241018,UBNA_011,E18 Bridge
HF,46080.0,12.740563662501657,122.3785,122.3856,45234.0,58034.0,Echolocation,Pipistrellus pipistrellus,0.44,0.644,-1,192000.0,/mnt/ubna_data_04/recover-20241018/UBNA_011/20241015_033000.WAV,recover-20241018,UBNA_011,E18 Bridge
HF,46080.0,8.266897456503907,41.7515,41.7569,45234.0,58691.0,Echolocation,Pipistrellus pipistrellus,0.463,0.587,-1,192000.0,/mnt/ubna_data_04/recover-20241018/UBNA_011/20241015_052000.WAV,recover-20241018,UBNA_011,E18 Bridge
HF,48000.0,10.43875970228018,231.10750000000002,231.1133,47812.0,61997.0,Echolocation,Pipistrellus pipistrellus,0.507,0.565,-1,192000.0,/mnt/ubna_data_04/recover-20241018/UBNA_011/20241017_020000.WAV,recover-20241018,UBNA_011,E18 Bridge
HF,46080.0,7.229467548442931,99.1125,99.1198,44375.0,55769.0,Echolocation,Pipistrellus pipistrellus,0.552,0.598,-1,192000.0,/mnt/ubna_data_04/recover-20241018/UBNA_011/20241015_034000.WAV,recover-20241018,UBNA_011,E18 Bridge
LF,26880.0,18.095861403768104,242.7485,242.7638,25468.0,29075.0,Echolocation,Nyctalus leisleri,0.609,0.663,-1,192000.0,/mnt/ubna_data_04/recover-20241018/UBNA_011/20241014_035000.WAV,recover-20241018,UBNA_011,E18 Bridge
HF,45120.0,6.557969661417568,63.4145,63.4213,44375.0,54411.0,Echolocation,Pipistrellus pipistrellus,0.466,0.517,-1,192000.0,/mnt/ubna_data_04/recover-20241018/UBNA_011/20241015_052000.WAV,recover-20241018,UBNA_011,E18 Bridge
LF,28800.0,4.886092474410895,154.2415,154.251,27187.0,34217.0,Echolocation,Nyctalus leisleri,0.324,0.637,-1,192000.0,/mnt/ubna_data_04/recover-20241018/UBNA_011/20241016_050000.WAV,recover-20241018,UBNA_011,E18 Bridge
HF,47040.0,9.639869793016505,139.3385,139.3443,43515.0,63742.0,Echolocation,Pipistrellus pipistrellus,0.3,0.55,-1,192000.0,/mnt/ubna_data_04/recover-20241018/UBNA_011/20241015_064000.WAV,recover-20241018,UBNA_011,E18 Bridge
HF,48000.0,5.859507317796092,2.8795,2.8859,45234.0,60821.0,Echolocation,Pipistrellus pipistrellus,0.53,0.616,-1,192000.0,/mnt/ubna_data_04/recover-20241018/UBNA_011/20241015_033000.WAV,recover-20241018,UBNA_011,E18 Bridge
HF,46080.0,16.110023712469378,150.1435,150.1542,43515.0,64329.0,Echolocation,Pipistrellus pipistrellus,0.47,0.64,-1,192000.0,/mnt/ubna_data_04/recover-20241018/UBNA_011/20241015_033000.WAV,recover-20241018,UBNA_011,E18 Bridge
HF,45120.0,10.528115540868544,79.7595,79.7646,44375.0,57619.0,Echolocation,Pipistrellus pipistrellus,0.607,0.679,-1,192000.0,/mnt/ubna_data_04/recover-20241018/UBNA_011/20241015_032000.WAV,recover-20241018,UBNA_011,E18 Bridge
LF,23040.0,35.932944455294866,218.0585,218.0754,22031.0,26918.0,Echolocation,Nyctalus leisleri,0.295,0.576,-1,192000.0,/mnt/ubna_data_04/recover-20241018/UBNA_011/20241014_025000.WAV,recover-20241018,UBNA_011,E18 Bridge
HF,46080.0,6.076598824082597,224.0255,224.0315,46093.0,54679.0,Echolocation,Pipistrellus pipistrellus,0.583,0.614,-1,192000.0,/mnt/ubna_data_04/recover-20241018/UBNA_011/20241015_033000.WAV,recover-20241018,UBNA_011,E18 Bridge
HF,46080.0,4.826724548181808,228.8105,228.8164,44375.0,58587.0,Echolocation,Pipistrellus pipistrellus,0.491,0.552,-1,192000.0,/mnt/ubna_data_04/recover-20241018/UBNA_011/20241018_020000.WAV,recover-20241018,UBNA_011,E18 Bridge
LF,22080.0,5.410163724892967,0.9195,0.9369,22031.0,26220.0,Echolocation,Nyctalus leisleri,0.423,0.554,-1,192000.0,/mnt/ubna_data_04/recover-20241018/UBNA_011/20241014_021000.WAV,recover-20241018,UBNA_011,E18 Bridge
HF,47040.0,18.25789294466103,206.30349999999999,206.3107,42656.0,64697.0,Echolocation,Pipistrellus pipistrellus,0.475,0.646,-1,192000.0,/mnt/ubna_data_04/recover-20241018/UBNA_011/20241017_023000.WAV,recover-20241018,UBNA_011,E18 Bridge
LF,25920.0,9.18519821461773,109.6065,109.6191,23750.0,28676.0,Echolocation,Nyctalus leisleri,0.477,0.653,-1,192000.0,/mnt/ubna_data_04/recover-20241018/UBNA_011/20241012_105000.WAV,recover-20241018,UBNA_011,E18 Bridge
HF,46080.0,19.67124926121793,210.1755,210.1828,43515.0,71998.0,Echolocation,Pipistrellus pipistrellus,0.544,0.705,-1,192000.0,/mnt/ubna_data_04/recover-20241018/UBNA_011/20241017_023000.WAV,recover-20241018,UBNA_011,E18 Bridge
LF,26880.0,6.414721122844691,126.5895,126.602,26328.0,31016.0,Echolocation,Nyctalus leisleri,0.398,0.542,-1,192000.0,/mnt/ubna_data_04/recover-20241018/UBNA_011/20241012_080000.WAV,recover-20241018,UBNA_011,E18 Bridge
HF,48000.0,12.224391862691483,212.6425,212.65,45234.0,63856.0,Echolocation,Pipistrellus pipistrellus,0.302,0.549,-1,192000.0,/mnt/ubna_data_04/recover-20241018/UBNA_011/20241014_104000.WAV,recover-20241018,UBNA_011,E18 Bridge
HF,46080.0,13.395627569009287,34.2445,34.2526,44375.0,61339.0,Echolocation,Pipistrellus pipistrellus,0.24,0.547,-1,192000.0,/mnt/ubna_data_04/recover-20241018/UBNA_011/20241017_024000.WAV,recover-20241018,UBNA_011,E18 Bridge
LF,26880.0,4.687980330388033,143.6815,143.6967,26328.0,29476.0,Echolocation,Nyctalus leisleri,0.417,0.535,-1,192000.0,/mnt/ubna_data_04/recover-20241018/UBNA_011/20241012_072000.WAV,recover-20241018,UBNA_011,E18 Bridge
HF,47040.0,11.838300764378925,94.0875,94.0977,45234.0,62854.0,Echolocation,Pipistrellus pipistrellus,0.358,0.519,-1,192000.0,/mnt/ubna_data_04/recover-20241018/UBNA_011/20241017_024000.WAV,recover-20241018,UBNA_011,E18 Bridge
HF,47040.0,13.036252033361686,192.4005,192.4078,43515.0,63495.0,Echolocation,Pipistrellus pipistrellus,0.575,0.668,-1,192000.0,/mnt/ubna_data_04/recover-20241018/UBNA_011/20241017_024000.WAV,recover-20241018,UBNA_011,E18 Bridge
HF,48000.0,14.678115200546761,15.1135,15.1251,44375.0,64315.0,Echolocation,Pipistrellus pipistrellus,0.181,0.503,-1,192000.0,/mnt/ubna_data_04/recover-20241018/UBNA_011/20241017_025000.WAV,recover-20241018,UBNA_011,E18 Bridge
LF,23040.0,7.945834058483738,287.9875,288.0028,22890.0,26631.0,Echolocation,Nyctalus leisleri,0.48,0.557,-1,192000.0,/mnt/ubna_data_04/recover-20241018/UBNA_011/20241012_020000.WAV,recover-20241018,UBNA_011,E18 Bridge
HF,46080.0,11.352810752825135,184.1195,184.1282,43515.0,63065.0,Echolocation,Pipistrellus pipistrellus,0.406,0.586,-1,192000.0,/mnt/ubna_data_04/recover-20241018/UBNA_011/20241017_030000.WAV,recover-20241018,UBNA_011,E18 Bridge
LF,24000.0,5.291401599327166,49.6555,49.6691,22890.0,28116.0,Echolocation,Nyctalus leisleri,0.377,0.648,-1,192000.0,/mnt/ubna_data_04/recover-20241018/UBNA_011/20241012_020000.WAV,recover-20241018,UBNA_011,E18 Bridge
HF,47040.0,10.544423309779523,5.1715,5.1811,46093.0,63554.0,Echolocation,Pipistrellus pipistrellus,0.462,0.556,-1,192000.0,/mnt/ubna_data_04/recover-20241018/UBNA_011/20241017_033000.WAV,recover-20241018,UBNA_011,E18 Bridge
HF,48000.0,6.010591418978624,44.7415,44.7475,45234.0,54546.0,Echolocation,Pipistrellus pipistrellus,0.541,0.6,-1,192000.0,/mnt/ubna_data_04/recover-20241018/UBNA_011/20241017_033000.WAV,recover-20241018,UBNA_011,E18 Bridge
HF,48000.0,13.730196985977248,89.23349999999999,89.2411,46953.0,64557.0,Echolocation,Pipistrellus pipistrellus,0.557,0.629,-1,192000.0,/mnt/ubna_data_04/recover-20241018/UBNA_011/20241017_033000.WAV,recover-20241018,UBNA_011,E18 Bridge
HF,46080.0,17.208116225493868,90.7975,90.803,42656.0,59391.0,Echolocation,Pipistrellus pipistrellus,0.436,0.647,-1,192000.0,/mnt/ubna_data_04/recover-20241018/UBNA_011/20241017_033000.WAV,recover-20241018,UBNA_011,E18 Bridge
HF,47040.0,5.372301279112918,198.7535,198.7586,46953.0,59953.0,Echolocation,Pipistrellus pipistrellus,0.498,0.547,-1,192000.0,/mnt/ubna_data_04/recover-20241018/UBNA_011/20241018_071000.WAV,recover-20241018,UBNA_011,E18 Bridge
HF,46080.0,15.797283925068426,170.7175,170.7269,46093.0,62399.0,Echolocation,Pipistrellus pipistrellus,0.494,0.606,-1,192000.0,/mnt/ubna_data_04/recover-20241018/UBNA_011/20241017_033000.WAV,recover-20241018,UBNA_011,E18 Bridge
HF,47040.0,16.780887633042,211.3385,211.351,44375.0,66247.0,Echolocation,Pipistrellus pipistrellus,0.293,0.536,-1,192000.0,/mnt/ubna_data_04/recover-20241018/UBNA_011/20241017_034000.WAV,recover-20241018,UBNA_011,E18 Bridge
HF,48960.0,10.888930300462276,49.6785,49.682900000000004,46953.0,60550.0,Echolocation,Pipistrellus pipistrellus,0.541,0.576,-1,192000.0,/mnt/ubna_data_04/recover-20241018/UBNA_011/20241018_041000.WAV,recover-20241018,UBNA_011,E18 Bridge
HF,46080.0,7.89460087940644,268.5105,268.5178,44375.0,60989.0,Echolocation,Pipistrellus pipistrellus,0.509,0.644,-1,192000.0,/mnt/ubna_data_04/recover-20241018/UBNA_011/20241017_052000.WAV,recover-20241018,UBNA_011,E18 Bridge
HF,51840.0,18.064374943081724,292.20550000000003,292.2105,46093.0,61924.0,Echolocation,Pipistrellus pipistrellus,0.422,0.506,-1,192000.0,/mnt/ubna_data_04/recover-20241018/UBNA_011/20241018_034000.WAV,recover-20241018,UBNA_011,E18 Bridge
HF,45120.0,20.91120602068509,270.1425,270.1482,41796.0,65470.0,Echolocation,Pipistrellus pipistrellus,0.487,0.577,-1,192000.0,/mnt/ubna_data_04/recover-20241018/UBNA_011/20241017_052000.WAV,recover-20241018,UBNA_011,E18 Bridge
HF,46080.0,16.85468297685286,6.7785,6.7883,44375.0,63585.0,Echolocation,Pipistrellus pipistrellus,0.318,0.504,-1,192000.0,/mnt/ubna_data_04/recover-20241018/UBNA_011/20241017_053000.WAV,recover-20241018,UBNA_011,E18 Bridge
HF,53760.0,11.333498469278656,60.0835,60.0897,48671.0,66228.0,Echolocation,Pipistrellus pipistrellus,0.615,0.657,-1,192000.0,/mnt/ubna_data_04/recover-20241018/UBNA_011/20241018_022000.WAV,recover-20241018,UBNA_011,E18 Bridge
HF,48960.0,10.12341804740199,115.5545,115.5599,47812.0,57305.0,Echolocation,Pipistrellus pipistrellus,0.566,0.586,-1,192000.0,/mnt/ubna_data_04/recover-20241018/UBNA_011/20241018_020000.WAV,recover-20241018,UBNA_011,E18 Bridge
HF,48000.0,4.449757140534148,150.7895,150.7954,47812.0,62302.0,Echolocation,Pipistrellus pipistrellus,0.548,0.601,-1,192000.0,/mnt/ubna_data_04/recover-20241018/UBNA_011/20241018_020000.WAV,recover-20241018,UBNA_011,E18 Bridge
HF,47040.0,9.988574392259945,59.3335,59.338499999999996,46953.0,60036.0,Echolocation,Pipistrellus pipistrellus,0.602,0.637,-1,192000.0,/mnt/ubna_data_04/recover-20241018/UBNA_011/20241018_022000.WAV,recover-20241018,UBNA_011,E18 Bridge
HF,48000.0,12.961528947885146,155.4965,155.507,46953.0,64564.0,Echolocation,Pipistrellus pipistrellus,0.39,0.509,-1,192000.0,/mnt/ubna_data_04/recover-20241018/UBNA_011/20241017_023000.WAV,recover-20241018,UBNA_011,E18 Bridge
HF,47040.0,10.113187885546251,241.1725,241.1812,46953.0,64531.0,Echolocation,Pipistrellus pipistrellus,0.519,0.613,-1,192000.0,/mnt/ubna_data_04/recover-20241018/UBNA_011/20241017_020000.WAV,recover-20241018,UBNA_011,E18 Bridge
LF,24960.0,13.021938366014096,137.2055,137.2244,24609.0,27924.0,Echolocation,Nyctalus leisleri,0.446,0.512,-1,192000.0,/mnt/ubna_data_04/recover-20241018/UBNA_011/20241013_024000.WAV,recover-20241018,UBNA_011,E18 Bridge
HF,46080.0,9.456599157562763,274.1595,274.1713,45234.0,57555.0,Echolocation,Pipistrellus pipistrellus,0.375,0.509,-1,192000.0,/mnt/ubna_data_04/recover-20241018/UBNA_011/20241017_022000.WAV,recover-20241018,UBNA_011,E18 Bridge
HF,46080.0,10.868299456770137,271.0855,271.0907,41796.0,61234.0,Echolocation,Myotis brandtii,0.341,0.576,-1,192000.0,/mnt/ubna_data_04/recover-20241018/UBNA_011/20241017_020000.WAV,recover-20241018,UBNA_011,E18 Bridge
HF,46080.0,22.61571860546217,2.2135,2.2185,44375.0,68685.0,Echolocation,Pipistrellus pipistrellus,0.521,0.568,-1,192000.0,/mnt/ubna_data_04/recover-20241018/UBNA_011/20241017_021000.WAV,recover-20241018,UBNA_011,E18 Bridge
HF,46080.0,8.195989163695792,31.0985,31.1068,45234.0,58463.0,Echolocation,Pipistrellus pipistrellus,0.464,0.525,-1,192000.0,/mnt/ubna_data_04/recover-20241018/UBNA_011/20241017_021000.WAV,recover-20241018,UBNA_011,E18 Bridge
HF,46080.0,13.265492261005164,64.7465,64.7555,44375.0,61045.0,Echolocation,Pipistrellus pipistrellus,0.465,0.552,-1,192000.0,/mnt/ubna_data_04/recover-20241018/UBNA_011/20241017_021000.WAV,recover-20241018,UBNA_011,E18 Bridge
HF,48000.0,11.463755793981413,90.5995,90.608,45234.0,62136.0,Echolocation,Pipistrellus pipistrellus,0.466,0.55,-1,192000.0,/mnt/ubna_data_04/recover-20241018/UBNA_011/20241017_021000.WAV,recover-20241018,UBNA_011,E18 Bridge
LF,19200.0,3.6506551601309885,229.7355,229.7502,16875.0,22111.0,Echolocation,Nyctalus noctula,0.353,0.534,-1,192000.0,/mnt/ubna_data_04/recover-20241018/UBNA_011/20241013_140000.WAV,recover-20241018,UBNA_011,E18 Bridge
HF,48960.0,15.12251788419784,120.3035,120.3099,45234.0,65859.0,Echolocation,Pipistrellus pipistrellus,0.581,0.698,-1,192000.0,/mnt/ubna_data_04/recover-20241018/UBNA_011/20241017_021000.WAV,recover-20241018,UBNA_011,E18 Bridge
HF,45120.0,7.667302672480732,153.2705,153.2796,43515.0,57200.0,Echolocation,Pipistrellus pipistrellus,0.447,0.52,-1,192000.0,/mnt/ubna_data_04/recover-20241018/UBNA_011/20241017_021000.WAV,recover-20241018,UBNA_011,E18 Bridge
LF,19200.0,6.998551543128356,152.4145,152.4322,17734.0,21358.0,Echolocation,Nyctalus noctula,0.422,0.571,-1,192000.0,/mnt/ubna_data_04/recover-20241018/UBNA_011/20241013_140000.WAV,recover-20241018,UBNA_011,E18 Bridge
HF,52800.0,11.289591251184286,180.8075,180.8135,45234.0,66360.0,Echolocation,Pipistrellus pipistrellus,0.539,0.64,-1,192000.0,/mnt/ubna_data_04/recover-20241018/UBNA_011/20241017_021000.WAV,recover-20241018,UBNA_011,E18 Bridge
HF,46080.0,10.345636364476727,210.2515,210.2646,45234.0,62761.0,Echolocation,Pipistrellus pipistrellus,0.412,0.558,-1,192000.0,/mnt/ubna_data_04/recover-20241018/UBNA_011/20241017_021000.WAV,recover-20241018,UBNA_011,E18 Bridge
LF,27840.0,16.223399220087604,211.3025,211.321,26328.0,29525.0,Echolocation,Nyctalus leisleri,0.476,0.558,-1,192000.0,/mnt/ubna_data_04/recover-20241018/UBNA_011/20241013_105000.WAV,recover-20241018,UBNA_011,E18 Bridge
HF,47040.0,8.151668285270027,255.3155,255.3233,46093.0,60295.0,Echolocation,Pipistrellus pipistrellus,0.536,0.67,-1,192000.0,/mnt/ubna_data_04/recover-20241018/UBNA_011/20241017_021000.WAV,recover-20241018,UBNA_011,E18 Bridge
HF,46080.0,11.497826046955858,270.1175,270.128,45234.0,63540.0,Echolocation,Pipistrellus pipistrellus,0.326,0.52,-1,192000.0,/mnt/ubna_data_04/recover-20241018/UBNA_011/20241017_021000.WAV,recover-20241018,UBNA_011,E18 Bridge
LF,26880.0,6.292641303185471,101.8825,101.8937,27187.0,32253.0,Echolocation,Nyctalus leisleri,0.287,0.511,-1,192000.0,/mnt/ubna_data_04/recover-20241018/UBNA_011/20241013_092000.WAV,recover-20241018,UBNA_011,E18 Bridge
HF,48000.0,7.694128439231055,0.3005,0.311,46953.0,63453.0,Echolocation,Pipistrellus pipistrellus,0.47,0.55,-1,192000.0,/mnt/ubna_data_04/recover-20241018/UBNA_011/20241017_022000.WAV,recover-20241018,UBNA_011,E18 Bridge
LF,27840.0,16.028267609990973,4.7135,4.7282,26328.0,30379.0,Echolocation,Nyctalus leisleri,0.571,0.672,-1,192000.0,/mnt/ubna_data_04/recover-20241018/UBNA_011/20241013_092000.WAV,recover-20241018,UBNA_011,E18 Bridge
HF,46080.0,8.750362778639348,33.1555,33.1644,44375.0,50169.0,Echolocation,Pipistrellus pipistrellus,0.567,0.59,-1,192000.0,/mnt/ubna_data_04/recover-20241018/UBNA_011/20241017_022000.WAV,recover-20241018,UBNA_011,E18 Bridge
HF,45120.0,20.405064110425634,62.1145,62.1224,42656.0,64666.0,Echolocation,Pipistrellus pipistrellus,0.564,0.62,-1,192000.0,/mnt/ubna_data_04/recover-20241018/UBNA_011/20241017_022000.WAV,recover-20241018,UBNA_011,E18 Bridge
LF,26880.0,8.912044574368124,288.4365,288.4509,26328.0,30254.0,Echolocation,Nyctalus leisleri,0.448,0.587,-1,192000.0,/mnt/ubna_data_04/recover-20241018/UBNA_011/20241013_083000.WAV,recover-20241018,UBNA_011,E18 Bridge
HF,52800.0,11.823627150521594,90.1235,90.1306,47812.0,63243.0,Echolocation,Pipistrellus pipistrellus,0.476,0.516,-1,192000.0,/mnt/ubna_data_04/recover-20241018/UBNA_011/20241017_022000.WAV,recover-20241018,UBNA_011,E18 Bridge
HF,48000.0,5.307293307801514,121.4595,121.4653,46953.0,59814.0,Echolocation,Pipistrellus pipistrellus,0.561,0.604,-1,192000.0,/mnt/ubna_data_04/recover-20241018/UBNA_011/20241017_022000.WAV,recover-20241018,UBNA_011,E18 Bridge
LF,26880.0,16.736222654980654,86.7565,86.7724,25468.0,29296.0,Echolocation,Nyctalus leisleri,0.542,0.63,-1,192000.0,/mnt/ubna_data_04/recover-20241018/UBNA_011/20241013_035000.WAV,recover-20241018,UBNA_011,E18 Bridge
HF,48000.0,6.587732658931786,156.2345,156.2418,46953.0,61596.0,Echolocation,Pipistrellus pipistrellus,0.46,0.543,-1,192000.0,/mnt/ubna_data_04/recover-20241018/UBNA_011/20241017_022000.WAV,recover-20241018,UBNA_011,E18 Bridge
HF,47040.0,14.6046551981966,188.3115,188.3206,45234.0,59911.0,Echolocation,Pipistrellus pipistrellus,0.407,0.614,-1,192000.0,/mnt/ubna_data_04/recover-20241018/UBNA_011/20241017_022000.WAV,recover-20241018,UBNA_011,E18 Bridge
LF,24000.0,6.05194673471594,255.6625,255.6764,23750.0,28867.0,Echolocation,Nyctalus leisleri,0.335,0.558,-1,192000.0,/mnt/ubna_data_04/recover-20241018/UBNA_011/20241013_024000.WAV,recover-20241018,UBNA_011,E18 Bridge
HF,46080.0,9.291461371601441,229.8985,229.9092,45234.0,60802.0,Echolocation,Pipistrellus pipistrellus,0.434,0.597,-1,192000.0,/mnt/ubna_data_04/recover-20241018/UBNA_011/20241017_022000.WAV,recover-20241018,UBNA_011,E18 Bridge
HF,48000.0,8.295548564780574,246.1385,246.1482,46093.0,61322.0,Echolocation,Pipistrellus pipistrellus,0.444,0.537,-1,192000.0,/mnt/ubna_data_04/recover-20241018/UBNA_011/20241017_022000.WAV,recover-20241018,UBNA_011,E18 Bridge
LF,24960.0,14.54406465450913,150.4445,150.4596,24609.0,27674.0,Echolocation,Nyctalus leisleri,0.462,0.619,-1,192000.0,/mnt/ubna_data_04/recover-20241018/UBNA_011/20241013_024000.WAV,recover-20241018,UBNA_011,E18 Bridge
HF,45120.0,13.29725972852101,149.2625,149.27100000000002,42656.0,60644.0,Echolocation,Pipistrellus pipistrellus,0.346,0.503,-1,192000.0,/mnt/ubna_data_04/recover-20241018/UBNA_011/20241017_023000.WAV,recover-20241018,UBNA_011,E18 Bridge
HF,48000.0,26.647251453744772,23.2585,23.2635,38359.0,75418.0,Echolocation,Myotis brandtii,0.362,0.533,-1,192000.0,/mnt/ubna_data_04/recover-20241018/UBNA_011/20241017_024000.WAV,recover-20241018,UBNA_011,E18 Bridge
LF,22080.0,10.502966778118402,94.0775,94.0951,22031.0,24524.0,Echolocation,Nyctalus leisleri,0.495,0.51,-1,192000.0,/mnt/ubna_data_04/recover-20241018/UBNA_011/20241018_004000.WAV,recover-20241018,UBNA_011,E18 Bridge
HF,47040.0,16.524476684626134,102.9435,102.9493,43515.0,63422.0,Echolocation,Pipistrellus pipistrellus,0.161,0.516,-1,192000.0,/mnt/ubna_data_04/recover-20241018/UBNA_011/20241012_021000.WAV,recover-20241018,UBNA_011,E18 Bridge
HF,43200.0,9.157106710573576,7.4945,7.5032,41796.0,55601.0,Echolocation,Pipistrellus nathusii,0.237,0.509,-1,192000.0,/mnt/ubna_data_04/recover-20241018/UBNA_011/20241014_042000.WAV,recover-20241018,UBNA_011,E18 Bridge
HF,46080.0,9.198037255828526,209.5545,209.5606,45234.0,52636.0,Echolocation,Pipistrellus pipistrellus,0.571,0.603,-1,192000.0,/mnt/ubna_data_04/recover-20241018/UBNA_011/20241014_041000.WAV,recover-20241018,UBNA_011,E18 Bridge
HF,48960.0,16.034152372263986,210.4015,210.4062,46093.0,66282.0,Echolocation,Pipistrellus pipistrellus,0.548,0.631,-1,192000.0,/mnt/ubna_data_04/recover-20241018/UBNA_011/20241012_030000.WAV,recover-20241018,UBNA_011,E18 Bridge
HF,46080.0,5.091332400164687,212.7655,212.7737,45234.0,51341.0,Echolocation,Pipistrellus pipistrellus,0.502,0.52,-1,192000.0,/mnt/ubna_data_04/recover-20241018/UBNA_011/20241012_065000.WAV,recover-20241018,UBNA_011,E18 Bridge
HF,48960.0,6.427857139793296,12.6485,12.6551,47812.0,59824.0,Echolocation,Pipistrellus pipistrellus,0.452,0.511,-1,192000.0,/mnt/ubna_data_04/recover-20241018/UBNA_011/20241014_045000.WAV,recover-20241018,UBNA_011,E18 Bridge
HF,48000.0,8.182506488330985,42.301500000000004,42.3089,46953.0,61504.0,Echolocation,Pipistrellus pipistrellus,0.459,0.513,-1,192000.0,/mnt/ubna_data_04/recover-20241018/UBNA_011/20241014_043000.WAV,recover-20241018,UBNA_011,E18 Bridge
HF,50880.0,8.370736859834905,209.9875,209.9916,47812.0,62033.0,Echolocation,Pipistrellus pipistrellus,0.364,0.508,-1,192000.0,/mnt/ubna_data_04/recover-20241018/UBNA_011/20241012_030000.WAV,recover-20241018,UBNA_011,E18 Bridge
HF,51840.0,4.6262966471741445,47.4065,47.4118,48671.0,61394.0,Echolocation,Pipistrellus pipistrellus,0.492,0.522,-1,192000.0,/mnt/ubna_data_04/recover-20241018/UBNA_011/20241014_045000.WAV,recover-20241018,UBNA_011,E18 Bridge
HF,46080.0,2.972241363853813,189.9155,189.9228,46953.0,53876.0,Echolocation,Pipistrellus pipistrellus,0.465,0.556,-1,192000.0,/mnt/ubna_data_04/recover-20241018/UBNA_011/20241012_041000.WAV,recover-20241018,UBNA_011,E18 Bridge
HF,46080.0,7.352276536095273,98.6915,98.7004,45234.0,51272.0,Echolocation,Pipistrellus pipistrellus,0.514,0.541,-1,192000.0,/mnt/ubna_data_04/recover-20241018/UBNA_011/20241014_102000.WAV,recover-20241018,UBNA_011,E18 Bridge
HF,47040.0,5.116117629257555,51.2275,51.2327,46953.0,57383.0,Echolocation,Pipistrellus pipistrellus,0.583,0.608,-1,192000.0,/mnt/ubna_data_04/recover-20241018/UBNA_011/20241013_084000.WAV,recover-20241018,UBNA_011,E18 Bridge
HF,65280.0,5.774179587636111,118.8935,118.9071,57265.0,64478.0,Echolocation,Pipistrellus pygmaeus,0.298,0.532,-1,192000.0,/mnt/ubna_data_04/recover-20241018/UBNA_011/20241011_211000.WAV,recover-20241018,UBNA_011,E18 Bridge
HF,46080.0,7.924441150187023,210.2325,210.2388,45234.0,51432.0,Echolocation,Pipistrellus pipistrellus,0.494,0.507,-1,192000.0,/mnt/ubna_data_04/recover-20241018/UBNA_011/20241014_041000.WAV,recover-20241018,UBNA_011,E18 Bridge
HF,47040.0,9.136080587392005,228.8995,228.9046,45234.0,60511.0,Echolocation,Pipistrellus pipistrellus,0.571,0.622,-1,192000.0,/mnt/ubna_data_04/recover-20241018/UBNA_011/20241018_020000.WAV,recover-20241018,UBNA_011,E18 Bridge
HF,46080.0,8.015624872622944,212.9385,212.9481,45234.0,55643.0,Echolocation,Pipistrellus pipistrellus,0.456,0.505,-1,192000.0,/mnt/ubna_data_04/recover-20241018/UBNA_011/20241012_065000.WAV,recover-20241018,UBNA_011,E18 Bridge
HF,47040.0,8.515003067788543,33.2575,33.268,44375.0,60055.0,Echolocation,Pipistrellus pipistrellus,0.558,0.658,-1,192000.0,/mnt/ubna_data_04/recover-20241018/UBNA_011/20241017_022000.WAV,recover-20241018,UBNA_011,E18 Bridge
HF,46080.0,4.901318549652426,246.7205,246.7278,45234.0,50606.0,Echolocation,Pipistrellus pipistrellus,0.445,0.519,-1,192000.0,/mnt/ubna_data_04/recover-20241018/UBNA_011/20241015_033000.WAV,recover-20241018,UBNA_011,E18 Bridge
LF,28800.0,5.550417648557422,126.7185,126.7281,27187.0,35265.0,Echolocation,Nyctalus leisleri,0.301,0.624,-1,192000.0,/mnt/ubna_data_04/recover-20241018/UBNA_011/20241012_080000.WAV,recover-20241018,UBNA_011,E18 Bridge
LF,24000.0,5.871312915587884,195.8755,195.8911,22890.0,27292.0,Echolocation,Nyctalus leisleri,0.362,0.504,-1,192000.0,/mnt/ubna_data_04/recover-20241018/UBNA_011/20241014_022000.WAV,recover-20241018,UBNA_011,E18 Bridge
HF,46080.0,3.6153850695365346,224.8025,224.8104,45234.0,53615.0,Echolocation,Pipistrellus pipistrellus,0.493,0.515,-1,192000.0,/mnt/ubna_data_04/recover-20241018/UBNA_011/20241015_033000.WAV,recover-20241018,UBNA_011,E18 Bridge
HF,49920.0,3.7484807557830506,47.5165,47.5214,48671.0,62594.0,Echolocation,Pipistrellus pipistrellus,0.52,0.553,-1,192000.0,/mnt/ubna_data_04/recover-20241018/UBNA_011/20241014_045000.WAV,recover-20241018,UBNA_011,E18 Bridge
HF,47040.0,10.615253004104106,268.7885,268.7953,46093.0,58491.0,Echolocation,Pipistrellus pipistrellus,0.529,0.633,-1,192000.0,/mnt/ubna_data_04/recover-20241018/UBNA_011/20241017_052000.WAV,recover-20241018,UBNA_011,E18 Bridge
LF,24000.0,9.294639001721889,255.9085,255.9225,23750.0,29522.0,Echolocation,Nyctalus leisleri,0.289,0.576,-1,192000.0,/mnt/ubna_data_04/recover-20241018/UBNA_011/20241013_024000.WAV,recover-20241018,UBNA_011,E18 Bridge
HF,48000.0,9.50875563619147,192.6035,192.612,44375.0,63063.0,Echolocation,Pipistrellus pipistrellus,0.444,0.637,-1,192000.0,/mnt/ubna_data_04/recover-20241018/UBNA_011/20241017_024000.WAV,recover-20241018,UBNA_011,E18 Bridge
HF,48000.0,10.791071000392511,23.4945,23.4985,41796.0,59765.0,Echolocation,Myotis daubentonii,0.167,0.565,-1,192000.0,/mnt/ubna_data_04/recover-20241018/UBNA_011/20241017_024000.WAV,recover-20241018,UBNA_011,E18 Bridge
HF,48000.0,11.261986494541391,292.2935,292.2987,46953.0,59063.0,Echolocation,Pipistrellus pipistrellus,0.565,0.648,-1,192000.0,/mnt/ubna_data_04/recover-20241018/UBNA_011/20241018_034000.WAV,recover-20241018,UBNA_011,E18 Bridge
HF,45120.0,3.719948268926573,70.6725,70.6786,44375.0,55196.0,Echolocation,Pipistrellus pipistrellus,0.598,0.653,-1,192000.0,/mnt/ubna_data_04/recover-20241018/UBNA_011/20241016_065000.WAV,recover-20241018,UBNA_011,E18 Bridge
HF,51840.0,7.3785342931918585,150.8725,150.8773,50390.0,63785.0,Echolocation,Pipistrellus pipistrellus,0.524,0.555,-1,192000.0,/mnt/ubna_data_04/recover-20241018/UBNA_011/20241018_020000.WAV,recover-20241018,UBNA_011,E18 Bridge
HF,45120.0,15.857023963871137,188.5085,188.5169,43515.0,64155.0,Echolocation,Pipistrellus pipistrellus,0.529,0.637,-1,192000.0,/mnt/ubna_data_04/recover-20241018/UBNA_011/20241017_022000.WAV,recover-20241018,UBNA_011,E18 Bridge
HF,50880.0,20.456765664633465,54.1095,54.1148,43515.0,71903.0,Echolocation,Pipistrellus pipistrellus,0.576,0.64,-1,192000.0,/mnt/ubna_data_04/recover-20241018/UBNA_011/20241015_041000.WAV,recover-20241018,UBNA_011,E18 Bridge
HF,45120.0,8.970251832866118,250.8635,250.8719,44375.0,53923.0,Echolocation,Pipistrellus pipistrellus,0.437,0.615,-1,192000.0,/mnt/ubna_data_04/recover-20241018/UBNA_011/20241015_025000.WAV,recover-20241018,UBNA_011,E18 Bridge
HF,46080.0,18.993223004620084,171.0985,171.108,42656.0,68176.0,Echolocation,Pipistrellus pipistrellus,0.479,0.598,-1,192000.0,/mnt/ubna_data_04/recover-20241018/UBNA_011/20241017_033000.WAV,recover-20241018,UBNA_011,E18 Bridge
LF,23040.0,25.64767256867732,33.1175,33.1363,22031.0,27618.0,Echolocation,Nyctalus noctula,0.44,0.657,-1,192000.0,/mnt/ubna_data_04/recover-20241018/UBNA_011/20241014_021000.WAV,recover-20241018,UBNA_011,E18 Bridge
HF,48000.0,15.348316762272294,242.0075,242.0166,46093.0,61393.0,Echolocation,Pipistrellus pipistrellus,0.539,0.573,-1,192000.0,/mnt/ubna_data_04/recover-20241018/UBNA_011/20241017_020000.WAV,recover-20241018,UBNA_011,E18 Bridge
HF,45120.0,5.172504004861194,79.8605,79.86670000000001,44375.0,52198.0,Echolocation,Pipistrellus pipistrellus,0.551,0.57,-1,192000.0,/mnt/ubna_data_04/recover-20241018/UBNA_011/20241015_032000.WAV,recover-20241018,UBNA_011,E18 Bridge
HF,47040.0,6.270344899784264,99.2965,99.3057,45234.0,54653.0,Echolocation,Pipistrellus pipistrellus,0.511,0.557,-1,192000.0,/mnt/ubna_data_04/recover-20241018/UBNA_011/20241015_034000.WAV,recover-20241018,UBNA_011,E18 Bridge
HF,52800.0,8.301050421996392,89.4045,89.4164,46953.0,59291.0,Echolocation,Pipistrellus pipistrellus,0.431,0.501,-1,192000.0,/mnt/ubna_data_04/recover-20241018/UBNA_011/20241017_033000.WAV,recover-20241018,UBNA_011,E18 Bridge
LF,26880.0,7.142742847141436,143.9105,143.926,25468.0,30977.0,Echolocation,Nyctalus leisleri,0.327,0.588,-1,192000.0,/mnt/ubna_data_04/recover-20241018/UBNA_011/20241012_072000.WAV,recover-20241018,UBNA_011,E18 Bridge
HF,52800.0,11.31084313672612,51.4125,51.4172,46093.0,60921.0,Echolocation,Pipistrellus pipistrellus,0.551,0.593,-1,192000.0,/mnt/ubna_data_04/recover-20241018/UBNA_011/20241013_084000.WAV,recover-20241018,UBNA_011,E18 Bridge
HF,47040.0,10.966507188163199,281.16949999999997,281.1769,45234.0,58483.0,Echolocation,Pipistrellus pipistrellus,0.459,0.601,-1,192000.0,/mnt/ubna_data_04/recover-20241018/UBNA_011/20241015_033000.WAV,recover-20241018,UBNA_011,E18 Bridge
LF,25920.0,11.96136834935845,150.7375,150.7521,24609.0,29717.0,Echolocation,Nyctalus leisleri,0.443,0.63,-1,192000.0,/mnt/ubna_data_04/recover-20241018/UBNA_011/20241013_024000.WAV,recover-20241018,UBNA_011,E18 Bridge
LF,26880.0,18.470670087515483,137.4655,137.4815,25468.0,29028.0,Echolocation,Nyctalus leisleri,0.364,0.529,-1,192000.0,/mnt/ubna_data_04/recover-20241018/UBNA_011/20241013_024000.WAV,recover-20241018,UBNA_011,E18 Bridge
LF,26880.0,32.29581257086704,62.9535,62.9671,26328.0,31691.0,Echolocation,Nyctalus leisleri,0.498,0.656,-1,192000.0,/mnt/ubna_data_04/recover-20241018/UBNA_011/20241014_105000.WAV,recover-20241018,UBNA_011,E18 Bridge
HF,48960.0,7.963608456997472,34.3675,34.3747,45234.0,64707.0,Echolocation,Pipistrellus pipistrellus,0.275,0.509,-1,192000.0,/mnt/ubna_data_04/recover-20241018/UBNA_011/20241017_024000.WAV,recover-20241018,UBNA_011,E18 Bridge
LF,23040.0,23.301736650779965,218.3275,218.3445,22890.0,27198.0,Echolocation,Nyctalus leisleri,0.54,0.649,-1,192000.0,/mnt/ubna_data_04/recover-20241018/UBNA_011/20241014_025000.WAV,recover-20241018,UBNA_011,E18 Bridge
HF,46080.0,9.507265369574506,230.0965,230.10829999999999,45234.0,59748.0,Echolocation,Pipistrellus pipistrellus,0.413,0.52,-1,192000.0,/mnt/ubna_data_04/recover-20241018/UBNA_011/20241017_022000.WAV,recover-20241018,UBNA_011,E18 Bridge
HF,48000.0,20.735917343437855,155.9435,155.9504,46093.0,68657.0,Echolocation,Pipistrellus pipistrellus,0.543,0.657,-1,192000.0,/mnt/ubna_data_04/recover-20241018/UBNA_011/20241017_023000.WAV,recover-20241018,UBNA_011,E18 Bridge
HF,47040.0,8.474893538754637,60.1685,60.1748,46953.0,65655.0,Echolocation,Pipistrellus pipistrellus,0.515,0.555,-1,192000.0,/mnt/ubna_data_04/recover-20241018/UBNA_011/20241018_022000.WAV,recover-20241018,UBNA_011,E18 Bridge
HF,46080.0,8.496906986257638,255.5985,255.6079,45234.0,63703.0,Echolocation,Pipistrellus pipistrellus,0.499,0.612,-1,192000.0,/mnt/ubna_data_04/recover-20241018/UBNA_011/20241017_021000.WAV,recover-20241018,UBNA_011,E18 Bridge
HF,48960.0,12.958102359982206,247.2215,247.2288,46093.0,61686.0,Echolocation,Pipistrellus pipistrellus,0.442,0.561,-1,192000.0,/mnt/ubna_data_04/recover-20241018/UBNA_011/20241017_022000.WAV,recover-20241018,UBNA_011,E18 Bridge
HF,46080.0,16.16312250341314,65.1215,65.1313,45234.0,60190.0,Echolocation,Pipistrellus pipistrellus,0.574,0.669,-1,192000.0,/mnt/ubna_data_04/recover-20241018/UBNA_011/20241017_021000.WAV,recover-20241018,UBNA_011,E18 Bridge
HF,47040.0,13.182737813639108,94.2185,94.228,45234.0,57852.0,Echolocation,Pipistrellus pipistrellus,0.462,0.571,-1,192000.0,/mnt/ubna_data_04/recover-20241018/UBNA_011/20241017_024000.WAV,recover-20241018,UBNA_011,E18 Bridge
HF,46080.0,4.100619625050841,44.8395,44.8449,45234.0,57979.0,Echolocation,Pipistrellus pipistrellus,0.496,0.548,-1,192000.0,/mnt/ubna_data_04/recover-20241018/UBNA_011/20241017_033000.WAV,recover-20241018,UBNA_011,E18 Bridge
HF,45120.0,6.186458208782797,122.7735,122.7831,44375.0,56494.0,Echolocation,Pipistrellus pipistrellus,0.469,0.559,-1,192000.0,/mnt/ubna_data_04/recover-20241018/UBNA_011/20241015_033000.WAV,recover-20241018,UBNA_011,E18 Bridge
HF,45120.0,9.112380990951564,153.6375,153.6469,45234.0,59786.0,Echolocation,Pipistrellus pipistrellus,0.445,0.508,-1,192000.0,/mnt/ubna_data_04/recover-20241018/UBNA_011/20241017_021000.WAV,recover-20241018,UBNA_011,E18 Bridge
HF,45120.0,8.3521915635098,62.2205,62.2279,44375.0,52792.0,Echolocation,Pipistrellus pipistrellus,0.637,0.67,-1,192000.0,/mnt/ubna_data_04/recover-20241018/UBNA_011/20241017_022000.WAV,recover-20241018,UBNA_011,E18 Bridge
HF,46080.0,5.197297999324023,107.6395,107.6457,45234.0,54880.0,Echolocation,Pipistrellus pipistrellus,0.502,0.552,-1,192000.0,/mnt/ubna_data_04/recover-20241018/UBNA_011/20241015_033000.WAV,recover-20241018,UBNA_011,E18 Bridge
HF,45120.0,13.738185915796816,193.5875,193.5939,44375.0,51476.0,Echolocation,Pipistrellus pipistrellus,0.569,0.593,-1,192000.0,/mnt/ubna_data_04/recover-20241018/UBNA_011/20241015_033000.WAV,recover-20241018,UBNA_011,E18 Bridge
HF,48960.0,10.752762226739335,59.5095,59.5148,46093.0,60286.0,Echolocation,Pipistrellus pipistrellus,0.554,0.629,-1,192000.0,/mnt/ubna_data_04/recover-20241018/UBNA_011/20241018_022000.WAV,recover-20241018,UBNA_011,E18 Bridge
HF,52800.0,15.948548020056828,210.5585,210.5635,46093.0,64549.0,Echolocation,Pipistrellus pipistrellus,0.404,0.531,-1,192000.0,/mnt/ubna_data_04/recover-20241018/UBNA_011/20241012_030000.WAV,recover-20241018,UBNA_011,E18 Bridge
HF,46080.0,11.676960736250726,76.0705,76.0766,45234.0,52333.0,Echolocation,Pipistrellus pipistrellus,0.549,0.586,-1,192000.0,/mnt/ubna_data_04/recover-20241018/UBNA_011/20241015_033000.WAV,recover-20241018,UBNA_011,E18 Bridge
HF,48960.0,15.893697100145088,90.2045,90.2107,45234.0,64593.0,Echolocation,Pipistrellus pipistrellus,0.482,0.618,-1,192000.0,/mnt/ubna_data_04/recover-20241018/UBNA_011/20241017_022000.WAV,recover-20241018,UBNA_011,E18 Bridge
HF,48000.0,14.437212133961296,2.3815,2.3868,42656.0,64111.0,Echolocation,Pipistrellus pipistrellus,0.4,0.578,-1,192000.0,/mnt/ubna_data_04/recover-20241018/UBNA_011/20241017_021000.WAV,recover-20241018,UBNA_011,E18 Bridge
HF,45120.0,12.637384788004937,150.7205,150.7328,44375.0,57513.0,Echolocation,Pipistrellus pipistrellus,0.396,0.514,-1,192000.0,/mnt/ubna_data_04/recover-20241018/UBNA_011/20241015_033000.WAV,recover-20241018,UBNA_011,E18 Bridge
HF,45120.0,10.711431990785066,7.9165,7.9233,43515.0,55328.0,Echolocation,Pipistrellus pipistrellus,0.304,0.606,-1,192000.0,/mnt/ubna_data_04/recover-20241018/UBNA_011/20241014_042000.WAV,recover-20241018,UBNA_011,E18 Bridge
HF,46080.0,9.251279404573644,277.3675,277.3802,44375.0,62224.0,Echolocation,Pipistrellus pipistrellus,0.371,0.504,-1,192000.0,/mnt/ubna_data_04/recover-20241018/UBNA_011/20241017_021000.WAV,recover-20241018,UBNA_011,E18 Bridge
HF,45120.0,11.100118568614636,271.3135,271.318,43515.0,61278.0,Echolocation,Myotis brandtii,0.231,0.53,-1,192000.0,/mnt/ubna_data_04/recover-20241018/UBNA_011/20241017_020000.WAV,recover-20241018,UBNA_011,E18 Bridge
HF,45120.0,10.043173839207903,3.0725,3.0797,43515.0,59559.0,Echolocation,Pipistrellus pipistrellus,0.582,0.645,-1,192000.0,/mnt/ubna_data_04/recover-20241018/UBNA_011/20241015_033000.WAV,recover-20241018,UBNA_011,E18 Bridge
HF,46080.0,8.676727386456413,98.7825,98.7891,44375.0,57674.0,Echolocation,Pipistrellus pipistrellus,0.551,0.65,-1,192000.0,/mnt/ubna_data_04/recover-20241018/UBNA_011/20241014_102000.WAV,recover-20241018,UBNA_011,E18 Bridge
LF,27840.0,5.557243933030678,154.3825,154.3936,26328.0,31861.0,Echolocation,Nyctalus leisleri,0.292,0.555,-1,192000.0,/mnt/ubna_data_04/recover-20241018/UBNA_011/20241016_050000.WAV,recover-20241018,UBNA_011,E18 Bridge
HF,54720.0,6.7373295402209665,210.5025,210.5093,51250.0,64464.0,Echolocation,Pipistrellus pipistrellus,0.477,0.522,-1,192000.0,/mnt/ubna_data_04/recover-20241018/UBNA_011/20241017_021000.WAV,recover-20241018,UBNA_011,E18 Bridge
LF,26880.0,12.898609767251623,243.1215,243.1389,26328.0,29418.0,Echolocation,Nyctalus leisleri,0.487,0.575,-1,192000.0,/mnt/ubna_data_04/recover-20241018/UBNA_011/20241014_035000.WAV,recover-20241018,UBNA_011,E18 Bridge
LF,26880.0,6.460219175661425,109.7435,109.7555,25468.0,29221.0,Echolocation,Nyctalus leisleri,0.357,0.51,-1,192000.0,/mnt/ubna_data_04/recover-20241018/UBNA_011/20241012_105000.WAV,recover-20241018,UBNA_011,E18 Bridge
LF,26880.0,20.909264333291997,99.6425,99.6546,26328.0,33593.0,Echolocation,Nyctalus leisleri,0.368,0.696,-1,192000.0,/mnt/ubna_data_04/recover-20241018/UBNA_011/20241016_015000.WAV,recover-20241018,UBNA_011,E18 Bridge
LF,25920.0,26.87465254037752,87.0005,87.01820000000001,25468.0,28523.0,Echolocation,Nyctalus leisleri,0.582,0.633,-1,192000.0,/mnt/ubna_data_04/recover-20241018/UBNA_011/20241013_035000.WAV,recover-20241018,UBNA_011,E18 Bridge
HF,46080.0,3.7648302268487885,190.0845,190.092,46093.0,52615.0,Echolocation,Pipistrellus pipistrellus,0.521,0.535,-1,192000.0,/mnt/ubna_data_04/recover-20241018/UBNA_011/20241012_041000.WAV,recover-20241018,UBNA_011,E18 Bridge
HF,46080.0,10.304957963745203,156.3105,156.32,45234.0,64480.0,Echolocation,Pipistrellus pipistrellus,0.318,0.525,-1,192000.0,/mnt/ubna_data_04/recover-20241018/UBNA_011/20241017_022000.WAV,recover-20241018,UBNA_011,E18 Bridge
HF,46080.0,8.720358662467493,150.3285,150.3343,44375.0,56707.0,Echolocation,Pipistrellus pipistrellus,0.464,0.536,-1,192000.0,/mnt/ubna_data_04/recover-20241018/UBNA_011/20241015_091000.WAV,recover-20241018,UBNA_011,E18 Bridge
HF,46080.0,11.652633665704677,184.2075,184.2144,44375.0,61091.0,Echolocation,Pipistrellus pipistrellus,0.456,0.542,-1,192000.0,/mnt/ubna_data_04/recover-20241018/UBNA_011/20241017_030000.WAV,recover-20241018,UBNA_011,E18 Bridge
HF,45120.0,4.778316073271262,149.7615,149.7691,44375.0,50519.0,Echolocation,Pipistrellus pipistrellus,0.49,0.53,-1,192000.0,/mnt/ubna_data_04/recover-20241018/UBNA_011/20241015_091000.WAV,recover-20241018,UBNA_011,E18 Bridge
HF,52800.0,12.711752554272666,42.4835,42.4929,47812.0,64719.0,Echolocation,Pipistrellus pipistrellus,0.456,0.552,-1,192000.0,/mnt/ubna_data_04/recover-20241018/UBNA_011/20241014_043000.WAV,recover-20241018,UBNA_011,E18 Bridge
HF,49920.0,11.027413028063236,49.7645,49.7692,46953.0,62762.0,Echolocation,Pipistrellus pipistrellus,0.501,0.569,-1,192000.0,/mnt/ubna_data_04/recover-20241018/UBNA_011/20241018_041000.WAV,recover-20241018,UBNA_011,E18 Bridge
HF,53760.0,9.0696747238953,205.0165,205.0199,45234.0,75142.0,Echolocation,Myotis alcathoe,0.278,0.542,-1,192000.0,/mnt/ubna_data_04/recover-20241018/UBNA_011/20241015_051000.WAV,recover-20241018,UBNA_011,E18 Bridge
HF,46080.0,3.3404399348214646,110.3745,110.3796,45234.0,55859.0,Echolocation,Pipistrellus pipistrellus,0.527,0.554,-1,192000.0,/mnt/ubna_data_04/recover-20241018/UBNA_011/20241014_105000.WAV,recover-20241018,UBNA_011,E18 Bridge
HF,48960.0,11.468400392584288,260.8405,260.8457,46093.0,64843.0,Echolocation,Pipistrellus pipistrellus,0.555,0.63,-1,192000.0,/mnt/ubna_data_04/recover-20241018/UBNA_011/20241015_064000.WAV,recover-20241018,UBNA_011,E18 Bridge
HF,47040.0,17.484002696454578,5.3395,5.3466,46093.0,65396.0,Echolocation,Pipistrellus pipistrellus,0.508,0.629,-1,192000.0,/mnt/ubna_data_04/recover-20241018/UBNA_011/20241017_033000.WAV,recover-20241018,UBNA_011,E18 Bridge
HF,48000.0,10.582655740913268,139.8625,139.8697,44375.0,61441.0,Echolocation,Pipistrellus pipistrellus,0.32,0.588,-1,192000.0,/mnt/ubna_data_04/recover-20241018/UBNA_011/20241015_064000.WAV,recover-20241018,UBNA_011,E18 Bridge
HF,53760.0,15.068241775514043,103.2715,103.2764,43515.0,72101.0,Echolocation,Myotis alcathoe,0.31,0.501,-1,192000.0,/mnt/ubna_data_04/recover-20241018/UBNA_011/20241012_021000.WAV,recover-20241018,UBNA_011,E18 Bridge
HF,47040.0,16.117116973801224,6.8635,6.8747,45234.0,65500.0,Echolocation,Pipistrellus pipistrellus,0.305,0.54,-1,192000.0,/mnt/ubna_data_04/recover-20241018/UBNA_011/20241017_053000.WAV,recover-20241018,UBNA_011,E18 Bridge
HF,48000.0,9.137624821472755,0.3835,0.3935,46953.0,62036.0,Echolocation,Pipistrellus pipistrellus,0.462,0.504,-1,192000.0,/mnt/ubna_data_04/recover-20241018/UBNA_011/20241017_022000.WAV,recover-20241018,UBNA_011,E18 Bridge
HF,48000.0,16.971454303013594,149.7845,149.7948,45234.0,66433.0,Echolocation,Pipistrellus pipistrellus,0.414,0.564,-1,192000.0,/mnt/ubna_data_04/recover-20241018/UBNA_011/20241017_023000.WAV,recover-20241018,UBNA_011,E18 Bridge
LF,28800.0,11.946120936802238,211.9565,211.9685,27187.0,35315.0,Echolocation,Eptesicus serotinus,0.393,0.655,-1,192000.0,/mnt/ubna_data_04/recover-20241018/UBNA_011/20241013_105000.WAV,recover-20241018,UBNA_011,E18 Bridge
HF,48960.0,10.68771858124078,26.6715,26.6783,41796.0,58245.0,Echolocation,Pipistrellus pipistrellus,0.51,0.601,-1,192000.0,/mnt/ubna_data_04/recover-20241018/UBNA_011/20241015_052000.WAV,recover-20241018,UBNA_011,E18 Bridge
LF,27840.0,23.84774305073881,4.9745,4.9879,26328.0,29806.0,Echolocation,Nyctalus leisleri,0.666,0.748,-1,192000.0,/mnt/ubna_data_04/recover-20241018/UBNA_011/20241013_092000.WAV,recover-20241018,UBNA_011,E18 Bridge
LF,24000.0,9.46748880152765,50.191500000000005,50.2067,22890.0,26390.0,Echolocation,Nyctalus leisleri,0.701,0.749,-1,192000.0,/mnt/ubna_data_04/recover-20241018/UBNA_011/20241012_020000.WAV,recover-20241018,UBNA_011,E18 Bridge
HF,47040.0,3.44389308889674,198.8325,198.8372,46093.0,58747.0,Echolocation,Pipistrellus pipistrellus,0.488,0.537,-1,192000.0,/mnt/ubna_data_04/recover-20241018/UBNA_011/20241018_071000.WAV,recover-20241018,UBNA_011,E18 Bridge
HF,48000.0,15.131736898717008,270.2415,270.2475,44375.0,60624.0,Echolocation,Pipistrellus pipistrellus,0.537,0.61,-1,192000.0,/mnt/ubna_data_04/recover-20241018/UBNA_011/20241017_052000.WAV,recover-20241018,UBNA_011,E18 Bridge
HF,48000.0,9.159395370209063,12.7325,12.74,47812.0,61299.0,Echolocation,Pipistrellus pipistrellus,0.484,0.533,-1,192000.0,/mnt/ubna_data_04/recover-20241018/UBNA_011/20241014_045000.WAV,recover-20241018,UBNA_011,E18 Bridge
HF,46080.0,9.051441228612568,41.8515,41.8575,44375.0,57940.0,Echolocation,Pipistrellus pipistrellus,0.516,0.594,-1,192000.0,/mnt/ubna_data_04/recover-20241018/UBNA_011/20241015_052000.WAV,recover-20241018,UBNA_011,E18 Bridge
LF,26880.0,9.227990649542674,102.4615,102.47540000000001,26328.0,30503.0,Echolocation,Nyctalus leisleri,0.439,0.658,-1,192000.0,/mnt/ubna_data_04/recover-20241018/UBNA_011/20241013_092000.WAV,recover-20241018,UBNA_011,E18 Bridge
HF,45120.0,13.027381669296714,206.4155,206.4211,43515.0,55325.0,Echolocation,Pipistrellus pipistrellus,0.515,0.619,-1,192000.0,/mnt/ubna_data_04/recover-20241018/UBNA_011/20241017_023000.WAV,recover-20241018,UBNA_011,E18 Bridge
HF,52800.0,8.714161317852138,212.7315,212.7396,47812.0,63481.0,Echolocation,Pipistrellus pipistrellus,0.409,0.517,-1,192000.0,/mnt/ubna_data_04/recover-20241018/UBNA_011/20241014_104000.WAV,recover-20241018,UBNA_011,E18 Bridge
HF,47040.0,18.548250255226513,180.9885,180.9944,45234.0,63867.0,Echolocation,Pipistrellus pipistrellus,0.555,0.642,-1,192000.0,/mnt/ubna_data_04/recover-20241018/UBNA_011/20241017_021000.WAV,recover-20241018,UBNA_011,E18 Bridge
HF,46080.0,8.523745671434872,31.8925,31.8993,44375.0,54141.0,Echolocation,Pipistrellus pipistrellus,0.545,0.622,-1,192000.0,/mnt/ubna_data_04/recover-20241018/UBNA_011/20241017_021000.WAV,recover-20241018,UBNA_011,E18 Bridge
HF,46080.0,6.646247542187451,209.7445,209.7528,45234.0,51166.0,Echolocation,Pipistrellus pipistrellus,0.446,0.533,-1,192000.0,/mnt/ubna_data_04/recover-20241018/UBNA_011/20241014_041000.WAV,recover-20241018,UBNA_011,E18 Bridge
HF,50880.0,7.130604726862055,121.6175,121.6241,46953.0,60931.0,Echolocation,Pipistrellus pipistrellus,0.473,0.572,-1,192000.0,/mnt/ubna_data_04/recover-20241018/UBNA_011/20241017_022000.WAV,recover-20241018,UBNA_011,E18 Bridge
LF,19200.0,7.068341566614245,118.4585,118.4711,16875.0,22851.0,Echolocation,Nyctalus noctula,0.286,0.502,-1,192000.0,/mnt/ubna_data_04/recover-20241018/UBNA_011/20241013_140000.WAV,recover-20241018,UBNA_011,E18 Bridge
LF,19200.0,6.158679684405914,128.1835,128.2018,17734.0,21280.0,Echolocation,Nyctalus noctula,0.381,0.519,-1,192000.0,/mnt/ubna_data_04/recover-20241018/UBNA_011/20241013_140000.WAV,recover-20241018,UBNA_011,E18 Bridge
HF,46080.0,16.17255842613234,211.6185,211.6294,42656.0,66692.0,Echolocation,Pipistrellus pipistrellus,0.408,0.557,-1,192000.0,/mnt/ubna_data_04/recover-20241018/UBNA_011/20241017_034000.WAV,recover-20241018,UBNA_011,E18 Bridge
HF,52800.0,12.016957509534388,115.6405,115.6452,48671.0,65870.0,Echolocation,Pipistrellus pipistrellus,0.513,0.597,-1,192000.0,/mnt/ubna_data_04/recover-20241018/UBNA_011/20241018_020000.WAV,recover-20241018,UBNA_011,E18 Bridge
HF,46080.0,21.80318278603928,210.3805,210.3873,42656.0,70689.0,Echolocation,Pipistrellus pipistrellus,0.487,0.663,-1,192000.0,/mnt/ubna_data_04/recover-20241018/UBNA_011/20241017_023000.WAV,recover-20241018,UBNA_011,E18 Bridge
LF,26880.0,7.520287218195671,288.6785,288.6924,26328.0,30344.0,Echolocation,Nyctalus leisleri,0.415,0.578,-1,192000.0,/mnt/ubna_data_04/recover-20241018/UBNA_011/20241013_083000.WAV,recover-20241018,UBNA_011,E18 Bridge
HF,46080.0,14.942018816383955,120.3905,120.3966,45234.0,66591.0,Echolocation,Pipistrellus pipistrellus,0.566,0.724,-1,192000.0,/mnt/ubna_data_04/recover-20241018/UBNA_011/20241017_021000.WAV,recover-20241018,UBNA_011,E18 Bridge
HF,46080.0,17.827647795744465,66.7005,66.7099,44375.0,64547.0,Echolocation,Pipistrellus pipistrellus,0.46,0.54,-1,192000.0,/mnt/ubna_data_04/recover-20241018/UBNA_011/20241015_041000.WAV,recover-20241018,UBNA_011,E18 Bridge
HF,48000.0,7.273366104153306,249.2535,249.2565,47812.0,71268.0,Echolocation,Myotis alcathoe,0.408,0.567,-1,192000.0,/mnt/ubna_data_04/recover-20241018/UBNA_011/20241016_025000.WAV,recover-20241018,UBNA_011,E18 Bridge
HF,47040.0,20.47811933445546,294.4955,294.5002,42656.0,72334.0,Echolocation,Myotis brandtii,0.18,0.592,-1,192000.0,/mnt/ubna_data_04/recover-20241018/UBNA_011/20241015_020000.WAV,recover-20241018,UBNA_011,E18 Bridge
HF,45120.0,4.4758957417409135,273.7215,273.7302,44375.0,50931.0,Echolocation,Pipistrellus pipistrellus,0.506,0.534,-1,192000.0,/mnt/ubna_data_04/recover-20241018/UBNA_011/20241015_044000.WAV,recover-20241018,UBNA_011,E18 Bridge
LF,23040.0,3.8471699033257267,1.3275,1.3437,22031.0,25903.0,Echolocation,Nyctalus leisleri,0.391,0.514,-1,192000.0,/mnt/ubna_data_04/recover-20241018/UBNA_011/20241014_021000.WAV,recover-20241018,UBNA_011,E18 Bridge
HF,46080.0,10.103874843391136,210.3185,210.3245,45234.0,54320.0,Echolocation,Pipistrellus pipistrellus,0.571,0.618,-1,192000.0,/mnt/ubna_data_04/recover-20241018/UBNA_011/20241014_041000.WAV,recover-20241018,UBNA_011,E18 Bridge
HF,46080.0,8.629238734354711,90.8895,90.8945,45234.0,57248.0,Echolocation,Pipistrellus pipistrellus,0.59,0.629,-1,192000.0,/mnt/ubna_data_04/recover-20241018/UBNA_011/20241017_033000.WAV,recover-20241018,UBNA_011,E18 Bridge
HF,47040.0,13.053387861500365,91.0625,91.0741,45234.0,61195.0,Echolocation,Pipistrellus pipistrellus,0.448,0.546,-1,192000.0,/mnt/ubna_data_04/recover-20241018/UBNA_011/20241017_021000.WAV,recover-20241018,UBNA_011,E18 Bridge
HF,46080.0,10.891470820565303,281.3455,281.3549,43515.0,61779.0,Echolocation,Pipistrellus pipistrellus,0.541,0.716,-1,192000.0,/mnt/ubna_data_04/recover-20241018/UBNA_011/20241015_033000.WAV,recover-20241018,UBNA_011,E18 Bridge
HF,48960.0,7.445990990767644,12.8175,12.8249,46093.0,62844.0,Echolocation,Pipistrellus pipistrellus,0.499,0.642,-1,192000.0,/mnt/ubna_data_04/recover-20241018/UBNA_011/20241014_045000.WAV,recover-20241018,UBNA_011,E18 Bridge
HF,44160.0,21.77006736630453,62.3355,62.3417,42656.0,61847.0,Echolocation,Pipistrellus pipistrellus,0.646,0.696,-1,192000.0,/mnt/ubna_data_04/recover-20241018/UBNA_011/20241017_022000.WAV,recover-20241018,UBNA_011,E18 Bridge
HF,48000.0,7.417104992907064,51.5055,51.5112,46093.0,58872.0,Echolocation,Pipistrellus pipistrellus,0.466,0.533,-1,192000.0,/mnt/ubna_data_04/recover-20241018/UBNA_011/20241013_084000.WAV,recover-20241018,UBNA_011,E18 Bridge
HF,48960.0,8.493602452389197,198.9265,198.9309,46953.0,61375.0,Echolocation,Pipistrellus pipistrellus,0.461,0.523,-1,192000.0,/mnt/ubna_data_04/recover-20241018/UBNA_011/20241018_071000.WAV,recover-20241018,UBNA_011,E18 Bridge
HF,46080.0,5.22530469688696,213.1055,213.1152,45234.0,59619.0,Echolocation,Pipistrellus pipistrellus,0.503,0.553,-1,192000.0,/mnt/ubna_data_04/recover-20241018/UBNA_011/20241012_065000.WAV,recover-20241018,UBNA_011,E18 Bridge
HF,46080.0,13.68040767712843,91.2585,91.2702,44375.0,66261.0,Echolocation,Pipistrellus pipistrellus,0.548,0.67,-1,192000.0,/mnt/ubna_data_04/recover-20241018/UBNA_011/20241017_021000.WAV,recover-20241018,UBNA_011,E18 Bridge
LF,27840.0,17.783144470716454,99.7785,99.78999999999999,26328.0,38571.0,Echolocation,Eptesicus serotinus,0.373,0.695,-1,192000.0,/mnt/ubna_data_04/recover-20241018/UBNA_011/20241016_015000.WAV,recover-20241018,UBNA_011,E18 Bridge
HF,48000.0,22.152428403627383,54.1755,54.1816,43515.0,76041.0,Echolocation,Pipistrellus pipistrellus,0.599,0.693,-1,192000.0,/mnt/ubna_data_04/recover-20241018/UBNA_011/20241015_041000.WAV,recover-20241018,UBNA_011,E18 Bridge
HF,46080.0,15.172635749648498,90.9755,90.981,43515.0,57431.0,Echolocation,Pipistrellus pipistrellus,0.552,0.7,-1,192000.0,/mnt/ubna_data_04/recover-20241018/UBNA_011/20241017_033000.WAV,recover-20241018,UBNA_011,E18 Bridge
HF,47040.0,7.526397584134926,44.9325,44.939,46093.0,56324.0,Echolocation,Pipistrellus pipistrellus,0.501,0.571,-1,192000.0,/mnt/ubna_data_04/recover-20241018/UBNA_011/20241017_033000.WAV,recover-20241018,UBNA_011,E18 Bridge
HF,47040.0,5.704472453468829,41.963499999999996,41.9708,46953.0,56268.0,Echolocation,Pipistrellus pipistrellus,0.582,0.664,-1,192000.0,/mnt/ubna_data_04/recover-20241018/UBNA_011/20241015_052000.WAV,recover-20241018,UBNA_011,E18 Bridge
HF,47040.0,11.495653864458614,120.4815,120.4876,46093.0,64155.0,Echolocation,Pipistrellus pipistrellus,0.557,0.685,-1,192000.0,/mnt/ubna_data_04/recover-20241018/UBNA_011/20241017_021000.WAV,recover-20241018,UBNA_011,E18 Bridge
HF,43200.0,4.868481977022022,8.1865,8.1948,41796.0,47771.0,Echolocation,Pipistrellus nathusii,0.362,0.541,-1,192000.0,/mnt/ubna_data_04/recover-20241018/UBNA_011/20241014_042000.WAV,recover-20241018,UBNA_011,E18 Bridge
HF,46080.0,17.38554133484473,247.3985,247.4068,42656.0,65702.0,Echolocation,Pipistrellus pipistrellus,0.523,0.679,-1,192000.0,/mnt/ubna_data_04/recover-20241018/UBNA_011/20241017_022000.WAV,recover-20241018,UBNA_011,E18 Bridge
HF,46080.0,15.48379696882093,206.5135,206.5207,43515.0,63561.0,Echolocation,Pipistrellus pipistrellus,0.667,0.727,-1,192000.0,/mnt/ubna_data_04/recover-20241018/UBNA_011/20241017_023000.WAV,recover-20241018,UBNA_011,E18 Bridge
HF,46080.0,6.66439868917335,70.7775,70.785,45234.0,53206.0,Echolocation,Pipistrellus pipistrellus,0.501,0.596,-1,192000.0,/mnt/ubna_data_04/recover-20241018/UBNA_011/20241016_065000.WAV,recover-20241018,UBNA_011,E18 Bridge
HF,47040.0,10.00134268444385,255.6895,255.6998,46093.0,59463.0,Echolocation,Pipistrellus pipistrellus,0.5,0.577,-1,192000.0,/mnt/ubna_data_04/recover-20241018/UBNA_011/20241017_021000.WAV,recover-20241018,UBNA_011,E18 Bridge
HF,47040.0,9.30455969591741,66.9685,66.9781,46093.0,56635.0,Echolocation,Pipistrellus pipistrellus,0.579,0.629,-1,192000.0,/mnt/ubna_data_04/recover-20241018/UBNA_011/20241015_041000.WAV,recover-20241018,UBNA_011,E18 Bridge
LF,23040.0,22.45740478605658,218.8705,218.8864,22890.0,27595.0,Echolocation,Nyctalus leisleri,0.427,0.592,-1,192000.0,/mnt/ubna_data_04/recover-20241018/UBNA_011/20241014_025000.WAV,recover-20241018,UBNA_011,E18 Bridge
HF,48000.0,7.308593018902147,209.8405,209.8467,46953.0,53607.0,Echolocation,Pipistrellus pipistrellus,0.561,0.607,-1,192000.0,/mnt/ubna_data_04/recover-20241018/UBNA_011/20241014_041000.WAV,recover-20241018,UBNA_011,E18 Bridge
HF,48000.0,20.065561888144344,156.5595,156.5652,40078.0,83827.0,Echolocation,Myotis brandtii,0.424,0.519,-1,192000.0,/mnt/ubna_data_04/recover-20241018/UBNA_011/20241017_023000.WAV,recover-20241018,UBNA_011,E18 Bridge
HF,48960.0,5.472755068858147,153.8555,153.8647,46093.0,63068.0,Echolocation,Pipistrellus pipistrellus,0.497,0.637,-1,192000.0,/mnt/ubna_data_04/recover-20241018/UBNA_011/20241017_021000.WAV,recover-20241018,UBNA_011,E18 Bridge
HF,51840.0,16.248309039036673,210.6425,210.6479,45234.0,65937.0,Echolocation,Pipistrellus pipistrellus,0.398,0.592,-1,192000.0,/mnt/ubna_data_04/recover-20241018/UBNA_011/20241012_030000.WAV,recover-20241018,UBNA_011,E18 Bridge
HF,45120.0,11.79764094043487,271.5585,271.5634,42656.0,63252.0,Echolocation,Myotis brandtii,0.248,0.537,-1,192000.0,/mnt/ubna_data_04/recover-20241018/UBNA_011/20241017_020000.WAV,recover-20241018,UBNA_011,E18 Bridge
HF,46080.0,9.247977798294627,26.7545,26.7612,44375.0,57141.0,Echolocation,Pipistrellus pipistrellus,0.536,0.624,-1,192000.0,/mnt/ubna_data_04/recover-20241018/UBNA_011/20241015_052000.WAV,recover-20241018,UBNA_011,E18 Bridge
HF,46080.0,8.606798366376799,149.8565,149.8642,44375.0,55077.0,Echolocation,Pipistrellus pipistrellus,0.512,0.609,-1,192000.0,/mnt/ubna_data_04/recover-20241018/UBNA_011/20241015_091000.WAV,recover-20241018,UBNA_011,E18 Bridge
HF,51840.0,5.576086794574922,47.5875,47.5928,48671.0,62546.0,Echolocation,Pipistrellus pipistrellus,0.581,0.638,-1,192000.0,/mnt/ubna_data_04/recover-20241018/UBNA_011/20241014_045000.WAV,recover-20241018,UBNA_011,E18 Bridge
HF,46080.0,6.187198777627273,260.1915,260.1982,44375.0,50735.0,Echolocation,Pipistrellus pipistrellus,0.435,0.502,-1,192000.0,/mnt/ubna_data_04/recover-20241018/UBNA_011/20241015_033000.WAV,recover-20241018,UBNA_011,E18 Bridge
HF,46080.0,12.303338305996704,150.5225,150.5274,46093.0,57934.0,Echolocation,Pipistrellus pipistrellus,0.548,0.559,-1,192000.0,/mnt/ubna_data_04/recover-20241018/UBNA_011/20241015_091000.WAV,recover-20241018,UBNA_011,E18 Bridge
LF,27840.0,4.259359195960862,144.1485,144.1629,26328.0,30526.0,Echolocation,Nyctalus leisleri,0.409,0.55,-1,192000.0,/mnt/ubna_data_04/recover-20241018/UBNA_011/20241012_072000.WAV,recover-20241018,UBNA_011,E18 Bridge
HF,46080.0,20.090309695575428,273.8215,273.8281,42656.0,59353.0,Echolocation,Pipistrellus pipistrellus,0.518,0.646,-1,192000.0,/mnt/ubna_data_04/recover-20241018/UBNA_011/20241015_044000.WAV,recover-20241018,UBNA_011,E18 Bridge
LF,26880.0,11.43628742575482,126.9065,126.917,26328.0,32724.0,Echolocation,Nyctalus leisleri,0.44,0.636,-1,192000.0,/mnt/ubna_data_04/recover-20241018/UBNA_011/20241012_080000.WAV,recover-20241018,UBNA_011,E18 Bridge
HF,46080.0,4.271722009495921,224.9665,224.9738,45234.0,52490.0,Echolocation,Pipistrellus pipistrellus,0.547,0.576,-1,192000.0,/mnt/ubna_data_04/recover-20241018/UBNA_011/20241015_033000.WAV,recover-20241018,UBNA_011,E18 Bridge
LF,27840.0,18.9922852392952,63.1775,63.1915,27187.0,31524.0,Echolocation,Nyctalus leisleri,0.511,0.634,-1,192000.0,/mnt/ubna_data_04/recover-20241018/UBNA_011/20241014_105000.WAV,recover-20241018,UBNA_011,E18 Bridge
HF,47040.0,7.018553056265445,198.7045,198.7119,45234.0,56575.0,Echolocation,Pipistrellus pipistrellus,0.378,0.6,-1,192000.0,/mnt/ubna_data_04/recover-20241018/UBNA_011/20241015_033000.WAV,recover-20241018,UBNA_011,E18 Bridge
HF,46080.0,9.564128786347705,210.4155,210.4211,45234.0,57104.0,Echolocation,Pipistrellus pipistrellus,0.592,0.659,-1,192000.0,/mnt/ubna_data_04/recover-20241018/UBNA_011/20241014_041000.WAV,recover-20241018,UBNA_011,E18 Bridge
HF,53760.0,23.816976109144083,205.1945,205.1984,48671.0,64883.0,Echolocation,Pipistrellus pipistrellus,0.298,0.508,-1,192000.0,/mnt/ubna_data_04/recover-20241018/UBNA_011/20241015_051000.WAV,recover-20241018,UBNA_011,E18 Bridge
HF,48960.0,9.291597934500924,260.9245,260.9294,45234.0,65407.0,Echolocation,Pipistrellus pipistrellus,0.408,0.551,-1,192000.0,/mnt/ubna_data_04/recover-20241018/UBNA_011/20241015_064000.WAV,recover-20241018,UBNA_011,E18 Bridge
LF,24000.0,4.325079022838527,50.7315,50.7469,22890.0,26420.0,Echolocation,Nyctalus leisleri,0.63,0.673,-1,192000.0,/mnt/ubna_data_04/recover-20241018/UBNA_011/20241012_020000.WAV,recover-20241018,UBNA_011,E18 Bridge
HF,45120.0,18.559865745929258,210.5885,210.5958,42656.0,68126.0,Echolocation,Pipistrellus pipistrellus,0.492,0.63,-1,192000.0,/mnt/ubna_data_04/recover-20241018/UBNA_011/20241017_023000.WAV,recover-20241018,UBNA_011,E18 Bridge
LF,26880.0,10.639465542926843,109.8505,109.8615,25468.0,31126.0,Echolocation,Nyctalus leisleri,0.532,0.7,-1,192000.0,/mnt/ubna_data_04/recover-20241018/UBNA_011/20241012_105000.WAV,recover-20241018,UBNA_011,E18 Bridge
LF,26880.0,18.63959060148732,243.3865,243.4016,25468.0,29460.0,Echolocation,Nyctalus leisleri,0.528,0.644,-1,192000.0,/mnt/ubna_data_04/recover-20241018/UBNA_011/20241014_035000.WAV,recover-20241018,UBNA_011,E18 Bridge
HF,52800.0,13.719072678101355,49.8545,49.8584,47812.0,63020.0,Echolocation,Pipistrellus pipistrellus,0.58,0.604,-1,192000.0,/mnt/ubna_data_04/recover-20241018/UBNA_011/20241018_041000.WAV,recover-20241018,UBNA_011,E18 Bridge
HF,47040.0,13.74197661131392,89.4915,89.4996,46093.0,63735.0,Echolocation,Pipistrellus pipistrellus,0.514,0.603,-1,192000.0,/mnt/ubna_data_04/recover-20241018/UBNA_011/20241017_033000.WAV,recover-20241018,UBNA_011,E18 Bridge
HF,48960.0,8.201470085478466,42.5725,42.5835,47812.0,59471.0,Echolocation,Pipistrellus pipistrellus,0.513,0.56,-1,192000.0,/mnt/ubna_data_04/recover-20241018/UBNA_011/20241014_043000.WAV,recover-20241018,UBNA_011,E18 Bridge
HF,46080.0,16.378573268353094,242.2185,242.2271,45234.0,59132.0,Echolocation,Pipistrellus pipistrellus,0.577,0.659,-1,192000.0,/mnt/ubna_data_04/recover-20241018/UBNA_011/20241017_020000.WAV,recover-20241018,UBNA_011,E18 Bridge
HF,51840.0,5.662314562660539,249.2905,249.2927,48671.0,67883.0,Echolocation,Myotis alcathoe,0.357,0.503,-1,192000.0,/mnt/ubna_data_04/recover-20241018/UBNA_011/20241016_025000.WAV,recover-20241018,UBNA_011,E18 Bridge
HF,46080.0,16.87213933122806,171.1905,171.19650000000001,40937.0,69992.0,Echolocation,Pipistrellus pipistrellus,0.159,0.52,-1,192000.0,/mnt/ubna_data_04/recover-20241018/UBNA_011/20241017_033000.WAV,recover-20241018,UBNA_011,E18 Bridge
LF,26880.0,18.593662383114566,137.6885,137.7077,24609.0,28735.0,Echolocation,Nyctalus leisleri,0.408,0.564,-1,192000.0,/mnt/ubna_data_04/recover-20241018/UBNA_011/20241013_024000.WAV,recover-20241018,UBNA_011,E18 Bridge
HF,51840.0,11.626583496752382,292.4765,292.481,46953.0,63808.0,Echolocation,Pipistrellus pipistrellus,0.447,0.503,-1,192000.0,/mnt/ubna_data_04/recover-20241018/UBNA_011/20241018_034000.WAV,recover-20241018,UBNA_011,E18 Bridge
HF,47040.0,7.906288794601868,149.9675,149.9767,46093.0,63100.0,Echolocation,Pipistrellus pipistrellus,0.487,0.622,-1,192000.0,/mnt/ubna_data_04/recover-20241018/UBNA_011/20241017_023000.WAV,recover-20241018,UBNA_011,E18 Bridge
HF,45120.0,20.31885342068766,24.0075,24.0137,40937.0,63677.0,Echolocation,Myotis daubentonii,0.275,0.547,-1,192000.0,/mnt/ubna_data_04/recover-20241018/UBNA_011/20241017_024000.WAV,recover-20241018,UBNA_011,E18 Bridge
HF,45120.0,10.131176053276302,170.3945,170.4019,44375.0,62841.0,Echolocation,Pipistrellus pipistrellus,0.577,0.721,-1,192000.0,/mnt/ubna_data_04/recover-20241018/UBNA_011/20241015_033000.WAV,recover-20241018,UBNA_011,E18 Bridge
HF,46080.0,10.006110732614399,99.3755,99.3832,45234.0,62604.0,Echolocation,Pipistrellus pipistrellus,0.609,0.689,-1,192000.0,/mnt/ubna_data_04/recover-20241018/UBNA_011/20241015_034000.WAV,recover-20241018,UBNA_011,E18 Bridge
HF,46080.0,8.972144495761015,211.0715,211.0802,44375.0,61371.0,Echolocation,Pipistrellus pipistrellus,0.384,0.553,-1,192000.0,/mnt/ubna_data_04/recover-20241018/UBNA_011/20241017_021000.WAV,recover-20241018,UBNA_011,E18 Bridge
HF,46080.0,8.050086032884902,230.8665,230.8775,45234.0,58566.0,Echolocation,Pipistrellus pipistrellus,0.421,0.505,-1,192000.0,/mnt/ubna_data_04/recover-20241018/UBNA_011/20241017_022000.WAV,recover-20241018,UBNA_011,E18 Bridge
HF,46080.0,16.762051741756462,211.8715,211.879,44375.0,68118.0,Echolocation,Pipistrellus pipistrellus,0.471,0.628,-1,192000.0,/mnt/ubna_data_04/recover-20241018/UBNA_011/20241017_034000.WAV,recover-20241018,UBNA_011,E18 Bridge
HF,47040.0,18.784660583394217,90.2855,90.2913,46093.0,64303.0,Echolocation,Pipistrellus pipistrellus,0.651,0.709,-1,192000.0,/mnt/ubna_data_04/recover-20241018/UBNA_011/20241017_022000.WAV,recover-20241018,UBNA_011,E18 Bridge
HF,47040.0,11.267883258491892,0.8565,0.8665,46953.0,62926.0,Echolocation,Pipistrellus pipistrellus,0.481,0.584,-1,192000.0,/mnt/ubna_data_04/recover-20241018/UBNA_011/20241017_022000.WAV,recover-20241018,UBNA_011,E18 Bridge
LF,19200.0,7.501379907175988,187.1055,187.1242,16875.0,21689.0,Echolocation,Nyctalus noctula,0.358,0.519,-1,192000.0,/mnt/ubna_data_04/recover-20241018/UBNA_011/20241013_140000.WAV,recover-20241018,UBNA_011,E18 Bridge
LF,28800.0,6.430417020586106,212.1725,212.1867,27187.0,30913.0,Echolocation,Nyctalus leisleri,0.356,0.504,-1,192000.0,/mnt/ubna_data_04/recover-20241018/UBNA_011/20241013_105000.WAV,recover-20241018,UBNA_011,E18 Bridge
HF,46080.0,25.018019235103594,294.8055,294.8105,41796.0,77880.0,Echolocation,Myotis brandtii,0.153,0.58,-1,192000.0,/mnt/ubna_data_04/recover-20241018/UBNA_011/20241015_020000.WAV,recover-20241018,UBNA_011,E18 Bridge
HF,53760.0,14.615476735998364,103.3445,103.3484,42656.0,75654.0,Echolocation,Myotis alcathoe,0.278,0.564,-1,192000.0,/mnt/ubna_data_04/recover-20241018/UBNA_011/20241012_021000.WAV,recover-20241018,UBNA_011,E18 Bridge
HF,48960.0,10.295560251483518,3.8005,3.811,46093.0,66285.0,Echolocation,Pipistrellus pipistrellus,0.371,0.536,-1,192000.0,/mnt/ubna_data_04/recover-20241018/UBNA_011/20241017_021000.WAV,recover-20241018,UBNA_011,E18 Bridge
LF,24000.0,3.806354374694485,6.8175,6.8327,22890.0,26101.0,Echolocation,Nyctalus leisleri,0.477,0.571,-1,192000.0,/mnt/ubna_data_04/recover-20241018/UBNA_011/20241014_021000.WAV,recover-20241018,UBNA_011,E18 Bridge
HF,47040.0,9.659137754192466,5.4255,5.4327,46953.0,58602.0,Echolocation,Pipistrellus pipistrellus,0.551,0.575,-1,192000.0,/mnt/ubna_data_04/recover-20241018/UBNA_011/20241017_033000.WAV,recover-20241018,UBNA_011,E18 Bridge
HF,46080.0,14.035804620901764,6.9495,6.9605,45234.0,65754.0,Echolocation,Pipistrellus pipistrellus,0.316,0.51,-1,192000.0,/mnt/ubna_data_04/recover-20241018/UBNA_011/20241017_053000.WAV,recover-20241018,UBNA_011,E18 Bridge
HF,47040.0,12.92928138002496,3.2665,3.2721,45234.0,62101.0,Echolocation,Pipistrellus pipistrellus,0.614,0.693,-1,192000.0,/mnt/ubna_data_04/recover-20241018/UBNA_011/20241015_033000.WAV,recover-20241018,UBNA_011,E18 Bridge
LF,28800.0,7.070252161249034,155.0255,155.0359,27187.0,34467.0,Echolocation,Nyctalus leisleri,0.316,0.652,-1,192000.0,/mnt/ubna_data_04/recover-20241018/UBNA_011/20241016_050000.WAV,recover-20241018,UBNA_011,E18 Bridge
HF,48960.0,5.3467352981692295,190.2805,190.2867,47812.0,56964.0,Echolocation,Pipistrellus pipistrellus,0.591,0.613,-1,192000.0,/mnt/ubna_data_04/recover-20241018/UBNA_011/20241012_041000.WAV,recover-20241018,UBNA_011,E18 Bridge
LF,24960.0,5.742493026980986,256.1365,256.1492,23750.0,29475.0,Echolocation,Nyctalus leisleri,0.318,0.604,-1,192000.0,/mnt/ubna_data_04/recover-20241018/UBNA_011/20241013_024000.WAV,recover-20241018,UBNA_011,E18 Bridge
HF,46080.0,3.5640322721053552,110.5645,110.5699,45234.0,54852.0,Echolocation,Pipistrellus pipistrellus,0.573,0.61,-1,192000.0,/mnt/ubna_data_04/recover-20241018/UBNA_011/20241014_105000.WAV,recover-20241018,UBNA_011,E18 Bridge
HF,50880.0,8.346660392122162,151.0415,151.0474,48671.0,63983.0,Echolocation,Pipistrellus pipistrellus,0.476,0.536,-1,192000.0,/mnt/ubna_data_04/recover-20241018/UBNA_011/20241018_020000.WAV,recover-20241018,UBNA_011,E18 Bridge
LF,19200.0,4.984968073023687,239.3055,239.3249,16875.0,21134.0,Echolocation,Nyctalus noctula,0.368,0.52,-1,192000.0,/mnt/ubna_data_04/recover-20241018/UBNA_011/20241013_140000.WAV,recover-20241018,UBNA_011,E18 Bridge
HF,45120.0,14.196572637655997,277.5665,277.5768,43515.0,63376.0,Echolocation,Pipistrellus pipistrellus,0.455,0.626,-1,192000.0,/mnt/ubna_data_04/recover-20241018/UBNA_011/20241017_021000.WAV,recover-20241018,UBNA_011,E18 Bridge
HF,46080.0,17.271794366736408,184.9585,184.969,43515.0,65514.0,Echolocation,Pipistrellus pipistrellus,0.334,0.527,-1,192000.0,/mnt/ubna_data_04/recover-20241018/UBNA_011/20241017_030000.WAV,recover-20241018,UBNA_011,E18 Bridge
LF,26880.0,10.234254855862119,288.9135,288.9273,25468.0,30283.0,Echolocation,Nyctalus leisleri,0.409,0.576,-1,192000.0,/mnt/ubna_data_04/recover-20241018/UBNA_011/20241013_083000.WAV,recover-20241018,UBNA_011,E18 Bridge
HF,47040.0,9.727807738221818,156.3745,156.38400000000001,45234.0,66053.0,Echolocation,Pipistrellus pipistrellus,0.346,0.53,-1,192000.0,/mnt/ubna_data_04/recover-20241018/UBNA_011/20241017_022000.WAV,recover-20241018,UBNA_011,E18 Bridge
HF,46080.0,7.455983744044996,229.1675,229.1743,45234.0,62068.0,Echolocation,Pipistrellus pipistrellus,0.476,0.585,-1,192000.0,/mnt/ubna_data_04/recover-20241018/UBNA_011/20241018_020000.WAV,recover-20241018,UBNA_011,E18 Bridge
LF,27840.0,11.586317108492835,150.9245,150.9382,25468.0,31018.0,Echolocation,Nyctalus leisleri,0.461,0.65,-1,192000.0,/mnt/ubna_data_04/recover-20241018/UBNA_011/20241013_024000.WAV,recover-20241018,UBNA_011,E18 Bridge
LF,24000.0,8.564355123664845,196.1415,196.1579,23750.0,28667.0,Echolocation,Nyctalus leisleri,0.338,0.506,-1,192000.0,/mnt/ubna_data_04/recover-20241018/UBNA_011/20241014_022000.WAV,recover-20241018,UBNA_011,E18 Bridge
HF,46080.0,10.752290064009138,41.7065,41.719300000000004,44375.0,54806.0,Echolocation,Pipistrellus pipistrellus,0.424,0.566,-1,192000.0,/mnt/ubna_data_04/recover-20241018/UBNA_011/20241017_022000.WAV,recover-20241018,UBNA_011,E18 Bridge
HF,46080.0,3.8946687412683567,76.2645,76.2719,45234.0,52899.0,Echolocation,Pipistrellus pipistrellus,0.498,0.562,-1,192000.0,/mnt/ubna_data_04/recover-20241018/UBNA_011/20241015_033000.WAV,recover-20241018,UBNA_011,E18 Bridge
HF,46080.0,16.241319225325068,188.7165,188.7254,43515.0,64333.0,Echolocation,Pipistrellus pipistrellus,0.543,0.665,-1,192000.0,/mnt/ubna_data_04/recover-20241018/UBNA_011/20241017_022000.WAV,recover-20241018,UBNA_011,E18 Bridge
HF,45120.0,10.378906900995837,80.0485,80.0544,45234.0,55986.0,Echolocation,Pipistrellus pipistrellus,0.565,0.625,-1,192000.0,/mnt/ubna_data_04/recover-20241018/UBNA_011/20241015_032000.WAV,recover-20241018,UBNA_011,E18 Bridge
HF,46080.0,6.1843043519157685,192.7075,192.7166,45234.0,57184.0,Echolocation,Pipistrellus pipistrellus,0.517,0.61,-1,192000.0,/mnt/ubna_data_04/recover-20241018/UBNA_011/20241017_024000.WAV,recover-20241018,UBNA_011,E18 Bridge
HF,47040.0,7.789061088146223,121.7525,121.7572,45234.0,60722.0,Echolocation,Pipistrellus pipistrellus,0.569,0.637,-1,192000.0,/mnt/ubna_data_04/recover-20241018/UBNA_011/20241017_022000.WAV,recover-20241018,UBNA_011,E18 Bridge
HF,48000.0,19.863274056759234,34.5315,34.537,41796.0,69384.0,Echolocation,Pipistrellus pipistrellus,0.187,0.506,-1,192000.0,/mnt/ubna_data_04/recover-20241018/UBNA_011/20241017_024000.WAV,recover-20241018,UBNA_011,E18 Bridge
HF,46080.0,9.130785338696485,268.8825,268.8894,43515.0,62771.0,Echolocation,Pipistrellus pipistrellus,0.523,0.654,-1,192000.0,/mnt/ubna_data_04/recover-20241018/UBNA_011/20241017_052000.WAV,recover-20241018,UBNA_011,E18 Bridge
HF,46080.0,6.36907905803679,32.0805,32.0874,45234.0,55423.0,Echolocation,Pipistrellus pipistrellus,0.543,0.578,-1,192000.0,/mnt/ubna_data_04/recover-20241018/UBNA_011/20241017_021000.WAV,recover-20241018,UBNA_011,E18 Bridge
HF,53760.0,13.812694613143329,212.8195,212.8257,45234.0,68678.0,Echolocation,Pipistrellus pipistrellus,0.26,0.563,-1,192000.0,/mnt/ubna_data_04/recover-20241018/UBNA_011/20241014_104000.WAV,recover-20241018,UBNA_011,E18 Bridge
HF,51840.0,15.122219906247231,60.2535,60.26,47812.0,65306.0,Echolocation,Pipistrellus pipistrellus,0.608,0.682,-1,192000.0,/mnt/ubna_data_04/recover-20241018/UBNA_011/20241018_022000.WAV,recover-20241018,UBNA_011,E18 Bridge
HF,45120.0,8.0585536524322,251.0505,251.0608,44375.0,61162.0,Echolocation,Pipistrellus pipistrellus,0.385,0.555,-1,192000.0,/mnt/ubna_data_04/recover-20241018/UBNA_011/20241015_025000.WAV,recover-20241018,UBNA_011,E18 Bridge
LF,27840.0,9.130160346160281,102.7985,102.8136,27187.0,30597.0,Echolocation,Nyctalus leisleri,0.391,0.564,-1,192000.0,/mnt/ubna_data_04/recover-20241018/UBNA_011/20241013_092000.WAV,recover-20241018,UBNA_011,E18 Bridge
HF,45120.0,15.598701246573548,65.3245,65.33539999999999,43515.0,60965.0,Echolocation,Pipistrellus pipistrellus,0.57,0.663,-1,192000.0,/mnt/ubna_data_04/recover-20241018/UBNA_011/20241017_021000.WAV,recover-20241018,UBNA_011,E18 Bridge
HF,48000.0,3.401696704310588,107.7425,107.7509,44375.0,52795.0,Echolocation,Pipistrellus pipistrellus,0.436,0.543,-1,192000.0,/mnt/ubna_data_04/recover-20241018/UBNA_011/20241015_033000.WAV,recover-20241018,UBNA_011,E18 Bridge
HF,47040.0,8.706998657013132,181.0785,181.0876,46093.0,66599.0,Echolocation,Pipistrellus pipistrellus,0.42,0.523,-1,192000.0,/mnt/ubna_data_04/recover-20241018/UBNA_011/20241017_021000.WAV,recover-20241018,UBNA_011,E18 Bridge
LF,25920.0,20.39549384834541,87.5645,87.5827,25468.0,27472.0,Echolocation,Nyctalus leisleri,0.556,0.602,-1,192000.0,/mnt/ubna_data_04/recover-20241018/UBNA_011/20241013_035000.WAV,recover-20241018,UBNA_011,E18 Bridge
HF,48960.0,10.50390743879034,115.7235,115.72970000000001,47812.0,60819.0,Echolocation,Pipistrellus pipistrellus,0.497,0.544,-1,192000.0,/mnt/ubna_data_04/recover-20241018/UBNA_011/20241018_020000.WAV,recover-20241018,UBNA_011,E18 Bridge
HF,46080.0,16.05847391824247,270.3345,270.3411,43515.0,64842.0,Echolocation,Pipistrellus pipistrellus,0.534,0.594,-1,192000.0,/mnt/ubna_data_04/recover-20241018/UBNA_011/20241017_052000.WAV,recover-20241018,UBNA_011,E18 Bridge
LF,23040.0,22.967841830869556,33.3405,33.3563,22031.0,26742.0,Echolocation,Nyctalus leisleri,0.401,0.634,-1,192000.0,/mnt/ubna_data_04/recover-20241018/UBNA_011/20241014_021000.WAV,recover-20241018,UBNA_011,E18 Bridge
LF,26880.0,26.946592251028726,5.2075,5.2245,26328.0,29974.0,Echolocation,Nyctalus leisleri,0.387,0.59,-1,192000.0,/mnt/ubna_data_04/recover-20241018/UBNA_011/20241013_092000.WAV,recover-20241018,UBNA_011,E18 Bridge
HF,45120.0,5.11316012078833,123.8455,123.8585,44375.0,48563.0,Echolocation,Pipistrellus pipistrellus,0.368,0.503,-1,192000.0,/mnt/ubna_data_04/recover-20241018/UBNA_011/20241015_033000.WAV,recover-20241018,UBNA_011,E18 Bridge
HF,48960.0,11.004124638830922,59.5905,59.5958,47812.0,61527.0,Echolocation,Pipistrellus pipistrellus,0.598,0.649,-1,192000.0,/mnt/ubna_data_04/recover-20241018/UBNA_011/20241018_022000.WAV,recover-20241018,UBNA_011,E18 Bridge
HF,47040.0,16.301296653260813,94.3835,94.3922,44375.0,65536.0,Echolocation,Pipistrellus pipistrellus,0.453,0.625,-1,192000.0,/mnt/ubna_data_04/recover-20241018/UBNA_011/20241017_024000.WAV,recover-20241018,UBNA_011,E18 Bridge
HF,45120.0,11.397491965767973,98.9695,98.9759,44375.0,59849.0,Echolocation,Pipistrellus pipistrellus,0.533,0.593,-1,192000.0,/mnt/ubna_data_04/recover-20241018/UBNA_011/20241014_102000.WAV,recover-20241018,UBNA_011,E18 Bridge
HF,53760.0,11.97973638842704,249.3265,249.3296,47812.0,72061.0,Echolocation,Myotis alcathoe,0.456,0.571,-1,192000.0,/mnt/ubna_data_04/recover-20241018/UBNA_011/20241016_025000.WAV,recover-20241018,UBNA_011,E18 Bridge
LF,25920.0,17.39003246605359,88.1305,88.1478,25468.0,28278.0,Echolocation,Nyctalus leisleri,0.535,0.601,-1,192000.0,/mnt/ubna_data_04/recover-20241018/UBNA_011/20241013_035000.WAV,recover-20241018,UBNA_011,E18 Bridge
HF,49920.0,12.485830955079573,292.6605,292.6656,45234.0,62733.0,Echolocation,Pipistrellus pipistrellus,0.43,0.564,-1,192000.0,/mnt/ubna_data_04/recover-20241018/UBNA_011/20241018_034000.WAV,recover-20241018,UBNA_011,E18 Bridge
HF,47040.0,9.11752535979485,269.0375,269.044,42656.0,58561.0,Echolocation,Pipistrellus pipistrellus,0.502,0.683,-1,192000.0,/mnt/ubna_data_04/recover-20241018/UBNA_011/20241017_052000.WAV,recover-20241018,UBNA_011,E18 Bridge
HF,45120.0,20.098567950912674,67.0495,67.056,42656.0,67043.0,Echolocation,Pipistrellus pipistrellus,0.424,0.564,-1,192000.0,/mnt/ubna_data_04/recover-20241018/UBNA_011/20241015_041000.WAV,recover-20241018,UBNA_011,E18 Bridge
HF,48000.0,18.975687252151925,89.6605,89.6668,44375.0,67069.0,Echolocation,Pipistrellus pipistrellus,0.425,0.545,-1,192000.0,/mnt/ubna_data_04/recover-20241018/UBNA_011/20241017_033000.WAV,recover-20241018,UBNA_011,E18 Bridge
HF,46080.0,9.209897115212431,210.8805,210.8898,44375.0,62856.0,Echolocation,Pipistrellus pipistrellus,0.413,0.571,-1,192000.0,/mnt/ubna_data_04/recover-20241018/UBNA_011/20241017_023000.WAV,recover-20241018,UBNA_011,E18 Bridge
HF,46080.0,6.465967654900272,211.2275,211.237,46093.0,57010.0,Echolocation,Pipistrellus pipistrellus,0.501,0.539,-1,192000.0,/mnt/ubna_data_04/recover-20241018/UBNA_011/20241017_021000.WAV,recover-20241018,UBNA_011,E18 Bridge
HF,47040.0,6.448128820302104,120.5825,120.5898,46953.0,60393.0,Echolocation,Pipistrellus pipistrellus,0.478,0.562,-1,192000.0,/mnt/ubna_data_04/recover-20241018/UBNA_011/20241017_021000.WAV,recover-20241018,UBNA_011,E18 Bridge
LF,23040.0,2.818132774818758,7.5225,7.538,22031.0,25997.0,Echolocation,Nyctalus leisleri,0.412,0.551,-1,192000.0,/mnt/ubna_data_04/recover-20241018/UBNA_011/20241014_021000.WAV,recover-20241018,UBNA_011,E18 Bridge
HF,47040.0,6.446459131365571,190.3705,190.3758,46953.0,56030.0,Echolocation,Pipistrellus pipistrellus,0.577,0.588,-1,192000.0,/mnt/ubna_data_04/recover-20241018/UBNA_011/20241012_041000.WAV,recover-20241018,UBNA_011,E18 Bridge
HF,46080.0,12.682276891549645,91.0635,91.0689,43515.0,57030.0,Echolocation,Pipistrellus pipistrellus,0.573,0.655,-1,192000.0,/mnt/ubna_data_04/recover-20241018/UBNA_011/20241017_033000.WAV,recover-20241018,UBNA_011,E18 Bridge
HF,48000.0,8.963192288512927,192.9085,192.9144,43515.0,59677.0,Echolocation,Pipistrellus pipistrellus,0.573,0.655,-1,192000.0,/mnt/ubna_data_04/recover-20241018/UBNA_011/20241017_024000.WAV,recover-20241018,UBNA_011,E18 Bridge
HF,51840.0,12.704259859630906,115.8085,115.8133,49531.0,65670.0,Echolocation,Pipistrellus pipistrellus,0.565,0.645,-1,192000.0,/mnt/ubna_data_04/recover-20241018/UBNA_011/20241018_020000.WAV,recover-20241018,UBNA_011,E18 Bridge
HF,50880.0,28.87910707134499,294.9615,294.96569999999997,40937.0,74677.0,Echolocation,Myotis brandtii,0.135,0.507,-1,192000.0,/mnt/ubna_data_04/recover-20241018/UBNA_011/20241015_020000.WAV,recover-20241018,UBNA_011,E18 Bridge
HF,48000.0,10.2161130857643,211.9625,211.9749,45234.0,55055.0,Echolocation,Pipistrellus pipistrellus,0.428,0.581,-1,192000.0,/mnt/ubna_data_04/recover-20241018/UBNA_011/20241017_034000.WAV,recover-20241018,UBNA_011,E18 Bridge
LF,19200.0,3.144433512269329,188.6855,188.7043,17734.0,20413.0,Echolocation,Nyctalus noctula,0.397,0.52,-1,192000.0,/mnt/ubna_data_04/recover-20241018/UBNA_011/20241013_140000.WAV,recover-20241018,UBNA_011,E18 Bridge
HF,52800.0,19.816103446678873,156.6295,156.6353,40937.0,91446.0,Echolocation,Myotis brandtii,0.386,0.511,-1,192000.0,/mnt/ubna_data_04/recover-20241018/UBNA_011/20241017_023000.WAV,recover-20241018,UBNA_011,E18 Bridge
HF,47040.0,8.293105010614259,122.4385,122.4452,46093.0,55756.0,Echolocation,Pipistrellus pipistrellus,0.566,0.611,-1,192000.0,/mnt/ubna_data_04/recover-20241018/UBNA_011/20241017_022000.WAV,recover-20241018,UBNA_011,E18 Bridge
HF,47040.0,18.621167565790515,213.0005,213.0069,44375.0,66434.0,Echolocation,Pipistrellus pipistrellus,0.203,0.54,-1,192000.0,/mnt/ubna_data_04/recover-20241018/UBNA_011/20241014_104000.WAV,recover-20241018,UBNA_011,E18 Bridge
HF,45120.0,7.149158974073757,32.3335,32.3411,44375.0,53942.0,Echolocation,Pipistrellus pipistrellus,0.536,0.626,-1,192000.0,/mnt/ubna_data_04/recover-20241018/UBNA_011/20241017_021000.WAV,recover-20241018,UBNA_011,E18 Bridge
LF,28800.0,10.76428262429381,103.4745,103.4881,27187.0,31205.0,Echolocation,Nyctalus leisleri,0.419,0.571,-1,192000.0,/mnt/ubna_data_04/recover-20241018/UBNA_011/20241013_092000.WAV,recover-20241018,UBNA_011,E18 Bridge
HF,47040.0,6.249982054100021,209.9305,209.9373,46953.0,54937.0,Echolocation,Pipistrellus pipistrellus,0.55,0.614,-1,192000.0,/mnt/ubna_data_04/recover-20241018/UBNA_011/20241014_041000.WAV,recover-20241018,UBNA_011,E18 Bridge
HF,48960.0,4.6829206576953455,199.2545,199.2596,46953.0,60648.0,Echolocation,Pipistrellus pipistrellus,0.461,0.532,-1,192000.0,/mnt/ubna_data_04/recover-20241018/UBNA_011/20241018_071000.WAV,recover-20241018,UBNA_011,E18 Bridge
HF,48960.0,19.476290362861906,270.4245,270.4297,46093.0,65517.0,Echolocation,Pipistrellus pipistrellus,0.598,0.649,-1,192000.0,/mnt/ubna_data_04/recover-20241018/UBNA_011/20241017_052000.WAV,recover-20241018,UBNA_011,E18 Bridge
HF,45120.0,7.719464100382045,213.1915,213.198,44375.0,53404.0,Echolocation,Pipistrellus pipistrellus,0.48,0.504,-1,192000.0,/mnt/ubna_data_04/recover-20241018/UBNA_011/20241012_065000.WAV,recover-20241018,UBNA_011,E18 Bridge
HF,46080.0,12.738796422674758,206.7165,206.7241,43515.0,63119.0,Echolocation,Pipistrellus pipistrellus,0.652,0.739,-1,192000.0,/mnt/ubna_data_04/recover-20241018/UBNA_011/20241017_023000.WAV,recover-20241018,UBNA_011,E18 Bridge
LF,27840.0,28.819860234219732,5.4355,5.4512,26328.0,30783.0,Echolocation,Nyctalus leisleri,0.463,0.633,-1,192000.0,/mnt/ubna_data_04/recover-20241018/UBNA_011/20241013_092000.WAV,recover-20241018,UBNA_011,E18 Bridge
HF,47040.0,9.15745802771944,26.9955,27.0026,45234.0,55027.0,Echolocation,Pipistrellus pipistrellus,0.554,0.585,-1,192000.0,/mnt/ubna_data_04/recover-20241018/UBNA_011/20241015_052000.WAV,recover-20241018,UBNA_011,E18 Bridge
HF,47040.0,11.305058784108368,0.9555,0.9654,46953.0,62784.0,Echolocation,Pipistrellus pipistrellus,0.463,0.526,-1,192000.0,/mnt/ubna_data_04/recover-20241018/UBNA_011/20241017_022000.WAV,recover-20241018,UBNA_011,E18 Bridge
HF,52800.0,10.527200964171488,12.9065,12.9134,46953.0,63824.0,Echolocation,Pipistrellus pipistrellus,0.494,0.642,-1,192000.0,/mnt/ubna_data_04/recover-20241018/UBNA_011/20241014_045000.WAV,recover-20241018,UBNA_011,E18 Bridge
HF,46080.0,11.092645425167461,210.5055,210.5117,45234.0,52300.0,Echolocation,Pipistrellus pipistrellus,0.564,0.579,-1,192000.0,/mnt/ubna_data_04/recover-20241018/UBNA_011/20241014_041000.WAV,recover-20241018,UBNA_011,E18 Bridge
HF,47040.0,17.417956140896035,181.2015,181.2086,45234.0,70192.0,Echolocation,Pipistrellus pipistrellus,0.646,0.747,-1,192000.0,/mnt/ubna_data_04/recover-20241018/UBNA_011/20241017_021000.WAV,recover-20241018,UBNA_011,E18 Bridge
HF,52800.0,14.249992285781365,42.9005,42.906,46953.0,67436.0,Echolocation,Pipistrellus pipistrellus,0.414,0.552,-1,192000.0,/mnt/ubna_data_04/recover-20241018/UBNA_011/20241014_043000.WAV,recover-20241018,UBNA_011,E18 Bridge
HF,48960.0,16.913740589973003,103.7905,103.7946,41796.0,72908.0,Echolocation,Myotis alcathoe,0.283,0.517,-1,192000.0,/mnt/ubna_data_04/recover-20241018/UBNA_011/20241012_021000.WAV,recover-20241018,UBNA_011,E18 Bridge
HF,48960.0,18.723833102787182,49.926500000000004,49.9314,45234.0,64022.0,Echolocation,Pipistrellus pipistrellus,0.562,0.665,-1,192000.0,/mnt/ubna_data_04/recover-20241018/UBNA_011/20241018_041000.WAV,recover-20241018,UBNA_011,E18 Bridge
HF,46080.0,16.008312469797016,7.1205,7.13,45234.0,67611.0,Echolocation,Pipistrellus pipistrellus,0.36,0.502,-1,192000.0,/mnt/ubna_data_04/recover-20241018/UBNA_011/20241017_053000.WAV,recover-20241018,UBNA_011,E18 Bridge
HF,48960.0,13.789282316612928,261.0125,261.0167,46093.0,62488.0,Echolocation,Pipistrellus pipistrellus,0.531,0.587,-1,192000.0,/mnt/ubna_data_04/recover-20241018/UBNA_011/20241015_064000.WAV,recover-20241018,UBNA_011,E18 Bridge
HF,51840.0,22.418235583684414,205.3855,205.3894,46953.0,64506.0,Echolocation,Pipistrellus pipistrellus,0.557,0.629,-1,192000.0,/mnt/ubna_data_04/recover-20241018/UBNA_011/20241015_051000.WAV,recover-20241018,UBNA_011,E18 Bridge
HF,46080.0,5.031827344379859,110.6695,110.6742,46093.0,54472.0,Echolocation,Pipistrellus pipistrellus,0.486,0.501,-1,192000.0,/mnt/ubna_data_04/recover-20241018/UBNA_011/20241014_105000.WAV,recover-20241018,UBNA_011,E18 Bridge
HF,47040.0,19.6296420226451,185.1395,185.1467,40937.0,66879.0,Echolocation,Pipistrellus pipistrellus,0.314,0.503,-1,192000.0,/mnt/ubna_data_04/recover-20241018/UBNA_011/20241017_030000.WAV,recover-20241018,UBNA_011,E18 Bridge
LF,27840.0,5.842615451832316,289.1415,289.1545,27187.0,31246.0,Echolocation,Nyctalus leisleri,0.472,0.64,-1,192000.0,/mnt/ubna_data_04/recover-20241018/UBNA_011/20241013_083000.WAV,recover-20241018,UBNA_011,E18 Bridge
HF,48000.0,12.566753887039724,150.6155,150.6203,46953.0,57731.0,Echolocation,Pipistrellus pipistrellus,0.616,0.634,-1,192000.0,/mnt/ubna_data_04/recover-20241018/UBNA_011/20241015_091000.WAV,recover-20241018,UBNA_011,E18 Bridge
HF,46080.0,14.88223025674429,274.0305,274.0362,42656.0,62015.0,Echolocation,Pipistrellus pipistrellus,0.596,0.668,-1,192000.0,/mnt/ubna_data_04/recover-20241018/UBNA_011/20241015_044000.WAV,recover-20241018,UBNA_011,E18 Bridge
HF,48000.0,9.22772030390356,156.4545,156.4637,46093.0,65407.0,Echolocation,Pipistrellus pipistrellus,0.404,0.534,-1,192000.0,/mnt/ubna_data_04/recover-20241018/UBNA_011/20241017_022000.WAV,recover-20241018,UBNA_011,E18 Bridge
HF,48000.0,8.331216181711609,5.6715,5.6781,45234.0,59119.0,Echolocation,Pipistrellus pipistrellus,0.465,0.503,-1,192000.0,/mnt/ubna_data_04/recover-20241018/UBNA_011/20241017_033000.WAV,recover-20241018,UBNA_011,E18 Bridge
HF,47040.0,17.98374019407792,91.4545,91.463,43515.0,65645.0,Echolocation,Pipistrellus pipistrellus,0.616,0.69,-1,192000.0,/mnt/ubna_data_04/recover-20241018/UBNA_011/20241017_021000.WAV,recover-20241018,UBNA_011,E18 Bridge
LF,28800.0,11.255113735386828,212.3855,212.3982,28046.0,33311.0,Echolocation,Nyctalus leisleri,0.283,0.552,-1,192000.0,/mnt/ubna_data_04/recover-20241018/UBNA_011/20241013_105000.WAV,recover-20241018,UBNA_011,E18 Bridge
LF,24000.0,9.623942015899502,51.0065,51.0227,22890.0,26475.0,Echolocation,Nyctalus leisleri,0.666,0.706,-1,192000.0,/mnt/ubna_data_04/recover-20241018/UBNA_011/20241012_020000.WAV,recover-20241018,UBNA_011,E18 Bridge
HF,48000.0,24.49754182399976,54.2655,54.2712,44375.0,69398.0,Echolocation,Pipistrellus pipistrellus,0.53,0.618,-1,192000.0,/mnt/ubna_data_04/recover-20241018/UBNA_011/20241015_041000.WAV,recover-20241018,UBNA_011,E18 Bridge
HF,51840.0,8.206121868290726,151.1225,151.1287,48671.0,65017.0,Echolocation,Pipistrellus pipistrellus,0.556,0.67,-1,192000.0,/mnt/ubna_data_04/recover-20241018/UBNA_011/20241018_020000.WAV,recover-20241018,UBNA_011,E18 Bridge
LF,27840.0,35.052440494265205,63.5075,63.5232,25468.0,30101.0,Echolocation,Nyctalus leisleri,0.572,0.677,-1,192000.0,/mnt/ubna_data_04/recover-20241018/UBNA_011/20241014_105000.WAV,recover-20241018,UBNA_011,E18 Bridge
LF,24000.0,16.826557764984983,196.6935,196.70929999999998,22890.0,27779.0,Echolocation,Nyctalus leisleri,0.288,0.524,-1,192000.0,/mnt/ubna_data_04/recover-20241018/UBNA_011/20241014_022000.WAV,recover-20241018,UBNA_011,E18 Bridge
HF,45120.0,9.74332826265921,198.9065,198.9139,44375.0,50744.0,Echolocation,Pipistrellus pipistrellus,0.547,0.586,-1,192000.0,/mnt/ubna_data_04/recover-20241018/UBNA_011/20241015_033000.WAV,recover-20241018,UBNA_011,E18 Bridge
HF,46080.0,9.008680582522405,277.8475,277.858,46953.0,64427.0,Echolocation,Pipistrellus pipistrellus,0.429,0.546,-1,192000.0,/mnt/ubna_data_04/recover-20241018/UBNA_011/20241017_021000.WAV,recover-20241018,UBNA_011,E18 Bridge
HF,45120.0,8.564766161632607,70.8755,70.8811,43515.0,55640.0,Echolocation,Pipistrellus pipistrellus,0.54,0.587,-1,192000.0,/mnt/ubna_data_04/recover-20241018/UBNA_011/20241016_065000.WAV,recover-20241018,UBNA_011,E18 Bridge
LF,26880.0,12.612575601086222,243.7735,243.7899,26328.0,28973.0,Echolocation,Nyctalus leisleri,0.41,0.534,-1,192000.0,/mnt/ubna_data_04/recover-20241018/UBNA_011/20241014_035000.WAV,recover-20241018,UBNA_011,E18 Bridge
HF,48960.0,14.441541257014222,94.6385,94.6468,45234.0,64894.0,Echolocation,Pipistrellus pipistrellus,0.321,0.54,-1,192000.0,/mnt/ubna_data_04/recover-20241018/UBNA_011/20241017_024000.WAV,recover-20241018,UBNA_011,E18 Bridge
LF,26880.0,10.796789333770345,155.4145,155.4259,26328.0,33469.0,Echolocation,Nyctalus leisleri,0.322,0.651,-1,192000.0,/mnt/ubna_data_04/recover-20241018/UBNA_011/20241016_050000.WAV,recover-20241018,UBNA_011,E18 Bridge
LF,25920.0,11.242402091509156,110.0455,110.0583,25468.0,29953.0,Echolocation,Nyctalus leisleri,0.457,0.633,-1,192000.0,/mnt/ubna_data_04/recover-20241018/UBNA_011/20241012_105000.WAV,recover-20241018,UBNA_011,E18 Bridge
HF,48000.0,9.085456707715956,3.4015,3.409,45234.0,60656.0,Echolocation,Pipistrellus pipistrellus,0.518,0.644,-1,192000.0,/mnt/ubna_data_04/recover-20241018/UBNA_011/20241015_033000.WAV,recover-20241018,UBNA_011,E18 Bridge
HF,45120.0,18.34711263771587,170.5845,170.5909,43515.0,57487.0,Echolocation,Pipistrellus pipistrellus,0.355,0.549,-1,192000.0,/mnt/ubna_data_04/recover-20241018/UBNA_011/20241015_033000.WAV,recover-20241018,UBNA_011,E18 Bridge
HF,52800.0,7.612962873073771,3.8685,3.8754,47812.0,64070.0,Echolocation,Pipistrellus pipistrellus,0.499,0.526,-1,192000.0,/mnt/ubna_data_04/recover-20241018/UBNA_011/20241017_021000.WAV,recover-20241018,UBNA_011,E18 Bridge
HF,48000.0,5.9614669692283675,271.6305,271.6344,44375.0,57759.0,Echolocation,Myotis brandtii,0.236,0.526,-1,192000.0,/mnt/ubna_data_04/recover-20241018/UBNA_011/20241017_020000.WAV,recover-20241018,UBNA_011,E18 Bridge
HF,47040.0,12.933199537097341,60.3375,60.3443,46953.0,67149.0,Echolocation,Pipistrellus pipistrellus,0.481,0.577,-1,192000.0,/mnt/ubna_data_04/recover-20241018/UBNA_011/20241018_022000.WAV,recover-20241018,UBNA_011,E18 Bridge
LF,26880.0,12.557276987419526,137.9575,137.9779,24609.0,27623.0,Echolocation,Nyctalus leisleri,0.577,0.633,-1,192000.0,/mnt/ubna_data_04/recover-20241018/UBNA_011/20241013_024000.WAV,recover-20241018,UBNA_011,E18 Bridge
HF,51840.0,13.377799371093207,210.7295,210.7345,46953.0,63087.0,Echolocation,Pipistrellus pipistrellus,0.487,0.55,-1,192000.0,/mnt/ubna_data_04/recover-20241018/UBNA_011/20241012_030000.WAV,recover-20241018,UBNA_011,E18 Bridge
LF,27840.0,22.288619914733864,99.9125,99.9239,26328.0,35792.0,Echolocation,Eptesicus serotinus,0.334,0.642,-1,192000.0,/mnt/ubna_data_04/recover-20241018/UBNA_011/20241016_015000.WAV,recover-20241018,UBNA_011,E18 Bridge
HF,48000.0,7.6607344936226704,51.5945,51.599599999999995,46093.0,58394.0,Echolocation,Pipistrellus pipistrellus,0.545,0.579,-1,192000.0,/mnt/ubna_data_04/recover-20241018/UBNA_011/20241013_084000.WAV,recover-20241018,UBNA_011,E18 Bridge
HF,51840.0,10.50752210928794,34.6095,34.6158,47812.0,62738.0,Echolocation,Pipistrellus pipistrellus,0.454,0.579,-1,192000.0,/mnt/ubna_data_04/recover-20241018/UBNA_011/20241017_024000.WAV,recover-20241018,UBNA_011,E18 Bridge
LF,23040.0,32.34527080239752,219.1335,219.1509,22031.0,25850.0,Echolocation,Nyctalus leisleri,0.551,0.625,-1,192000.0,/mnt/ubna_data_04/recover-20241018/UBNA_011/20241014_025000.WAV,recover-20241018,UBNA_011,E18 Bridge
HF,46080.0,14.599869729139122,188.9245,188.9337,45234.0,63265.0,Echolocation,Pipistrellus pipistrellus,0.506,0.664,-1,192000.0,/mnt/ubna_data_04/recover-20241018/UBNA_011/20241017_022000.WAV,recover-20241018,UBNA_011,E18 Bridge
HF,45120.0,20.10883406306151,65.5195,65.5303,43515.0,66520.0,Echolocation,Pipistrellus pipistrellus,0.502,0.657,-1,192000.0,/mnt/ubna_data_04/recover-20241018/UBNA_011/20241017_021000.WAV,recover-20241018,UBNA_011,E18 Bridge
HF,48000.0,10.635408228069876,255.7745,255.7843,46093.0,61722.0,Echolocation,Pipistrellus pipistrellus,0.405,0.524,-1,192000.0,/mnt/ubna_data_04/recover-20241018/UBNA_011/20241017_021000.WAV,recover-20241018,UBNA_011,E18 Bridge
HF,46080.0,16.006408296579984,90.4575,90.4638,45234.0,67214.0,Echolocation,Pipistrellus pipistrellus,0.699,0.751,-1,192000.0,/mnt/ubna_data_04/recover-20241018/UBNA_011/20241017_022000.WAV,recover-20241018,UBNA_011,E18 Bridge
HF,46080.0,19.51227711714981,247.5895,247.5967,44375.0,62505.0,Echolocation,Pipistrellus pipistrellus,0.59,0.71,-1,192000.0,/mnt/ubna_data_04/recover-20241018/UBNA_011/20241017_022000.WAV,recover-20241018,UBNA_011,E18 Bridge
HF,46080.0,7.889507753173915,124.2805,124.2869,42656.0,54954.0,Echolocation,Pipistrellus pipistrellus,0.337,0.541,-1,192000.0,/mnt/ubna_data_04/recover-20241018/UBNA_011/20241015_033000.WAV,recover-20241018,UBNA_011,E18 Bridge
HF,45120.0,6.247633313346928,154.0965,154.1064,44375.0,60568.0,Echolocation,Pipistrellus pipistrellus,0.402,0.543,-1,192000.0,/mnt/ubna_data_04/recover-20241018/UBNA_011/20241017_021000.WAV,recover-20241018,UBNA_011,E18 Bridge
HF,47040.0,5.1799608038881715,59.670500000000004,59.6762,46953.0,57108.0,Echolocation,Pipistrellus pipistrellus,0.5,0.508,-1,192000.0,/mnt/ubna_data_04/recover-20241018/UBNA_011/20241018_022000.WAV,recover-20241018,UBNA_011,E18 Bridge
HF,48000.0,10.00657742434514,45.0295,45.036,45234.0,58409.0,Echolocation,Pipistrellus pipistrellus,0.427,0.562,-1,192000.0,/mnt/ubna_data_04/recover-20241018/UBNA_011/20241017_033000.WAV,recover-20241018,UBNA_011,E18 Bridge
HF,47040.0,4.2900609104941685,108.0825,108.08930000000001,45234.0,56145.0,Echolocation,Pipistrellus pipistrellus,0.449,0.563,-1,192000.0,/mnt/ubna_data_04/recover-20241018/UBNA_011/20241015_033000.WAV,recover-20241018,UBNA_011,E18 Bridge
HF,45120.0,22.185489293673328,62.4295,62.4373,42656.0,65187.0,Echolocation,Pipistrellus pipistrellus,0.64,0.706,-1,192000.0,/mnt/ubna_data_04/recover-20241018/UBNA_011/20241017_022000.WAV,recover-20241018,UBNA_011,E18 Bridge
HF,45120.0,7.201688036505246,9.6875,9.694,43515.0,50969.0,Echolocation,Pipistrellus pipistrellus,0.519,0.662,-1,192000.0,/mnt/ubna_data_04/recover-20241018/UBNA_011/20241014_042000.WAV,recover-20241018,UBNA_011,E18 Bridge
HF,47040.0,7.343453412087322,225.3985,225.4044,45234.0,51667.0,Echolocation,Pipistrellus pipistrellus,0.495,0.513,-1,192000.0,/mnt/ubna_data_04/recover-20241018/UBNA_011/20241015_033000.WAV,recover-20241018,UBNA_011,E18 Bridge
HF,46080.0,8.130836932693004,42.1245,42.1315,45234.0,59011.0,Echolocation,Pipistrellus pipistrellus,0.505,0.578,-1,192000.0,/mnt/ubna_data_04/recover-20241018/UBNA_011/20241015_052000.WAV,recover-20241018,UBNA_011,E18 Bridge
HF,45120.0,6.674364680831426,80.1425,80.1482,44375.0,57320.0,Echolocation,Pipistrellus pipistrellus,0.552,0.619,-1,192000.0,/mnt/ubna_data_04/recover-20241018/UBNA_011/20241015_032000.WAV,recover-20241018,UBNA_011,E18 Bridge
HF,46080.0,12.86178573874418,99.0645,99.0726,45234.0,52811.0,Echolocation,Pipistrellus pipistrellus,0.549,0.603,-1,192000.0,/mnt/ubna_data_04/recover-20241018/UBNA_011/20241014_102000.WAV,recover-20241018,UBNA_011,E18 Bridge
HF,46080.0,13.377936937258237,171.3705,171.3772,45234.0,60929.0,Echolocation,Pipistrellus pipistrellus,0.495,0.537,-1,192000.0,/mnt/ubna_data_04/recover-20241018/UBNA_011/20241017_033000.WAV,recover-20241018,UBNA_011,E18 Bridge
HF,47040.0,8.505546334330358,281.4425,281.4493,44375.0,54337.0,Echolocation,Pipistrellus pipistrellus,0.605,0.667,-1,192000.0,/mnt/ubna_data_04/recover-20241018/UBNA_011/20241015_033000.WAV,recover-20241018,UBNA_011,E18 Bridge
HF,46080.0,10.822523549463615,99.5565,99.5651,46093.0,53395.0,Echolocation,Pipistrellus pipistrellus,0.541,0.576,-1,192000.0,/mnt/ubna_data_04/recover-20241018/UBNA_011/20241015_034000.WAV,recover-20241018,UBNA_011,E18 Bridge
HF,45120.0,4.240291906772351,251.2325,251.2429,43515.0,57592.0,Echolocation,Pipistrellus pipistrellus,0.368,0.581,-1,192000.0,/mnt/ubna_data_04/recover-20241018/UBNA_011/20241015_025000.WAV,recover-20241018,UBNA_011,E18 Bridge
LF,24960.0,5.253705167912804,256.3725,256.3863,24609.0,28372.0,Echolocation,Nyctalus leisleri,0.354,0.538,-1,192000.0,/mnt/ubna_data_04/recover-20241018/UBNA_011/20241013_024000.WAV,recover-20241018,UBNA_011,E18 Bridge
LF,25920.0,15.756186937747561,151.1395,151.152,25468.0,30818.0,Echolocation,Nyctalus leisleri,0.54,0.682,-1,192000.0,/mnt/ubna_data_04/recover-20241018/UBNA_011/20241013_024000.WAV,recover-20241018,UBNA_011,E18 Bridge
HF,52800.0,16.072251453214783,242.2945,242.2998,45234.0,64178.0,Echolocation,Pipistrellus pipistrellus,0.416,0.584,-1,192000.0,/mnt/ubna_data_04/recover-20241018/UBNA_011/20241017_020000.WAV,recover-20241018,UBNA_011,E18 Bridge
HF,47040.0,6.930121128190039,229.4035,229.4095,45234.0,57369.0,Echolocation,Pipistrellus pipistrellus,0.483,0.51,-1,192000.0,/mnt/ubna_data_04/recover-20241018/UBNA_011/20241018_020000.WAV,recover-20241018,UBNA_011,E18 Bridge
LF,26880.0,6.451069656055063,146.5725,146.5909,25468.0,28723.0,Echolocation,Nyctalus leisleri,0.43,0.522,-1,192000.0,/mnt/ubna_data_04/recover-20241018/UBNA_011/20241012_072000.WAV,recover-20241018,UBNA_011,E18 Bridge
HF,49920.0,4.1763521608995005,47.6685,47.6734,48671.0,60192.0,Echolocation,Pipistrellus pipistrellus,0.502,0.519,-1,192000.0,/mnt/ubna_data_04/recover-20241018/UBNA_011/20241014_045000.WAV,recover-20241018,UBNA_011,E18 Bridge
HF,45120.0,11.02197058166241,25.2255,25.2315,42656.0,61495.0,Echolocation,Pipistrellus nathusii,0.182,0.519,-1,192000.0,/mnt/ubna_data_04/recover-20241018/UBNA_011/20241017_024000.WAV,recover-20241018,UBNA_011,E18 Bridge
LF,29760.0,8.457330277705351,127.0335,127.0421,28046.0,35743.0,Echolocation,Nyctalus leisleri,0.308,0.546,-1,192000.0,/mnt/ubna_data_04/recover-20241018/UBNA_011/20241012_080000.WAV,recover-20241018,UBNA_011,E18 Bridge
LF,23040.0,26.312985883317154,33.5645,33.5801,22031.0,27177.0,Echolocation,Nyctalus noctula,0.491,0.715,-1,192000.0,/mnt/ubna_data_04/recover-20241018/UBNA_011/20241014_021000.WAV,recover-20241018,UBNA_011,E18 Bridge
HF,48000.0,7.789662182646669,42.1265,42.132999999999996,46953.0,61247.0,Echolocation,Pipistrellus pipistrellus,0.48,0.525,-1,192000.0,/mnt/ubna_data_04/recover-20241018/UBNA_011/20241017_022000.WAV,recover-20241018,UBNA_011,E18 Bridge
HF,46080.0,4.771633450152387,45.1265,45.1326,45234.0,58723.0,Echolocation,Pipistrellus pipistrellus,0.501,0.594,-1,192000.0,/mnt/ubna_data_04/recover-20241018/UBNA_011/20241017_033000.WAV,recover-20241018,UBNA_011,E18 Bridge
LF,25920.0,9.066731821754004,89.8765,89.8939,25468.0,28003.0,Echolocation,Nyctalus leisleri,0.475,0.549,-1,192000.0,/mnt/ubna_data_04/recover-20241018/UBNA_011/20241013_035000.WAV,recover-20241018,UBNA_011,E18 Bridge
LF,27840.0,22.525073566739383,5.6865,5.6995,27187.0,33775.0,Echolocation,Nyctalus leisleri,0.333,0.675,-1,192000.0,/mnt/ubna_data_04/recover-20241018/UBNA_011/20241013_092000.WAV,recover-20241018,UBNA_011,E18 Bridge
HF,46080.0,21.357293092301294,242.3785,242.3843,43515.0,66061.0,Echolocation,Pipistrellus pipistrellus,0.381,0.514,-1,192000.0,/mnt/ubna_data_04/recover-20241018/UBNA_011/20241017_020000.WAV,recover-20241018,UBNA_011,E18 Bridge
HF,47040.0,11.322314783024892,1.0455,1.0543,46953.0,58214.0,Echolocation,Pipistrellus pipistrellus,0.502,0.523,-1,192000.0,/mnt/ubna_data_04/recover-20241018/UBNA_011/20241017_022000.WAV,recover-20241018,UBNA_011,E18 Bridge
HF,46080.0,10.186907948451145,206.82150000000001,206.8295,44375.0,59161.0,Echolocation,Pipistrellus pipistrellus,0.482,0.67,-1,192000.0,/mnt/ubna_data_04/recover-20241018/UBNA_011/20241017_023000.WAV,recover-20241018,UBNA_011,E18 Bridge
LF,24000.0,3.1970421013327774,7.7995,7.8135,22890.0,26666.0,Echolocation,Nyctalus leisleri,0.54,0.623,-1,192000.0,/mnt/ubna_data_04/recover-20241018/UBNA_011/20241014_021000.WAV,recover-20241018,UBNA_011,E18 Bridge
HF,47040.0,7.467439518842958,42.1885,42.1951,45234.0,61413.0,Echolocation,Pipistrellus pipistrellus,0.43,0.555,-1,192000.0,/mnt/ubna_data_04/recover-20241018/UBNA_011/20241017_022000.WAV,recover-20241018,UBNA_011,E18 Bridge
HF,47040.0,8.078534401288634,193.1105,193.1165,43515.0,59312.0,Echolocation,Pipistrellus pipistrellus,0.337,0.505,-1,192000.0,/mnt/ubna_data_04/recover-20241018/UBNA_011/20241017_024000.WAV,recover-20241018,UBNA_011,E18 Bridge
HF,47040.0,4.426317155635574,211.6925,211.704,43515.0,55907.0,Echolocation,Pipistrellus pipistrellus,0.332,0.503,-1,192000.0,/mnt/ubna_data_04/recover-20241018/UBNA_011/20241017_023000.WAV,recover-20241018,UBNA_011,E18 Bridge
HF,45120.0,19.223794999033778,65.7175,65.7255,42656.0,63936.0,Echolocation,Pipistrellus pipistrellus,0.613,0.675,-1,192000.0,/mnt/ubna_data_04/recover-20241018/UBNA_011/20241017_021000.WAV,recover-20241018,UBNA_011,E18 Bridge
HF,45120.0,6.3807418590374265,25.8155,25.8215,42656.0,57422.0,Echolocation,Myotis daubentonii,0.202,0.501,-1,192000.0,/mnt/ubna_data_04/recover-20241018/UBNA_011/20241017_024000.WAV,recover-20241018,UBNA_011,E18 Bridge
LF,23040.0,28.838685457413238,219.4185,219.4358,22031.0,26328.0,Echolocation,Nyctalus leisleri,0.568,0.634,-1,192000.0,/mnt/ubna_data_04/recover-20241018/UBNA_011/20241014_025000.WAV,recover-20241018,UBNA_011,E18 Bridge
HF,46080.0,11.334587562141573,35.3185,35.3229,44375.0,60880.0,Echolocation,Pipistrellus pipistrellus,0.242,0.591,-1,192000.0,/mnt/ubna_data_04/recover-20241018/UBNA_011/20241017_024000.WAV,recover-20241018,UBNA_011,E18 Bridge
HF,58560.0,21.07712770993271,156.69650000000001,156.7009,44375.0,89205.0,Echolocation,Myotis brandtii,0.331,0.524,-1,192000.0,/mnt/ubna_data_04/recover-20241018/UBNA_011/20241017_023000.WAV,recover-20241018,UBNA_011,E18 Bridge
LF,27840.0,20.236251865101718,63.7425,63.7571,26328.0,30451.0,Echolocation,Nyctalus leisleri,0.455,0.657,-1,192000.0,/mnt/ubna_data_04/recover-20241018/UBNA_011/20241014_105000.WAV,recover-20241018,UBNA_011,E18 Bridge
HF,46080.0,11.053558431912297,71.0685,71.0735,44375.0,56722.0,Echolocation,Pipistrellus pipistrellus,0.622,0.653,-1,192000.0,/mnt/ubna_data_04/recover-20241018/UBNA_011/20241016_065000.WAV,recover-20241018,UBNA_011,E18 Bridge
LF,26880.0,13.267751343823742,103.8225,103.8379,26328.0,29675.0,Echolocation,Nyctalus leisleri,0.47,0.57,-1,192000.0,/mnt/ubna_data_04/recover-20241018/UBNA_011/20241013_092000.WAV,recover-20241018,UBNA_011,E18 Bridge
HF,46080.0,13.754483631659165,255.8615,255.871,44375.0,61612.0,Echolocation,Pipistrellus pipistrellus,0.584,0.662,-1,192000.0,/mnt/ubna_data_04/recover-20241018/UBNA_011/20241017_021000.WAV,recover-20241018,UBNA_011,E18 Bridge
HF,52800.0,16.025655572257836,271.8465,271.8517,41796.0,73079.0,Echolocation,Myotis brandtii,0.442,0.561,-1,192000.0,/mnt/ubna_data_04/recover-20241018/UBNA_011/20241017_020000.WAV,recover-20241018,UBNA_011,E18 Bridge
HF,45120.0,21.035570217949008,62.5205,62.5282,43515.0,65706.0,Echolocation,Pipistrellus pipistrellus,0.562,0.605,-1,192000.0,/mnt/ubna_data_04/recover-20241018/UBNA_011/20241017_022000.WAV,recover-20241018,UBNA_011,E18 Bridge
HF,45120.0,22.248416186103253,91.6435,91.6518,41796.0,69793.0,Echolocation,Pipistrellus pipistrellus,0.568,0.67,-1,192000.0,/mnt/ubna_data_04/recover-20241018/UBNA_011/20241017_021000.WAV,recover-20241018,UBNA_011,E18 Bridge
LF,26880.0,15.157672260397558,127.3575,127.3726,26328.0,31347.0,Echolocation,Nyctalus leisleri,0.3,0.551,-1,192000.0,/mnt/ubna_data_04/recover-20241018/UBNA_011/20241012_080000.WAV,recover-20241018,UBNA_011,E18 Bridge
HF,48000.0,13.22016151680864,5.7445,5.7511,44375.0,63120.0,Echolocation,Pipistrellus pipistrellus,0.432,0.587,-1,192000.0,/mnt/ubna_data_04/recover-20241018/UBNA_011/20241017_033000.WAV,recover-20241018,UBNA_011,E18 Bridge
HF,48000.0,11.870950151892547,150.7125,150.7167,45234.0,61823.0,Echolocation,Pipistrellus pipistrellus,0.631,0.655,-1,192000.0,/mnt/ubna_data_04/recover-20241018/UBNA_011/20241015_091000.WAV,recover-20241018,UBNA_011,E18 Bridge
LF,25920.0,6.61396562386251,146.9345,146.953,25468.0,28887.0,Echolocation,Nyctalus leisleri,0.384,0.5,-1,192000.0,/mnt/ubna_data_04/recover-20241018/UBNA_011/20241012_072000.WAV,recover-20241018,UBNA_011,E18 Bridge
LF,24000.0,14.054522760867375,197.9605,197.97820000000002,22890.0,28240.0,Echolocation,Nyctalus leisleri,0.348,0.528,-1,192000.0,/mnt/ubna_data_04/recover-20241018/UBNA_011/20241014_022000.WAV,recover-20241018,UBNA_011,E18 Bridge
HF,45120.0,17.21652590656052,277.9395,277.9515,44375.0,63517.0,Echolocation,Pipistrellus pipistrellus,0.413,0.535,-1,192000.0,/mnt/ubna_data_04/recover-20241018/UBNA_011/20241017_021000.WAV,recover-20241018,UBNA_011,E18 Bridge
HF,46080.0,16.703764738063295,94.7255,94.7326,41796.0,66535.0,Echolocation,Pipistrellus pipistrellus,0.32,0.586,-1,192000.0,/mnt/ubna_data_04/recover-20241018/UBNA_011/20241017_024000.WAV,recover-20241018,UBNA_011,E18 Bridge
HF,45120.0,17.20292402301547,185.2275,185.2337,43515.0,64626.0,Echolocation,Pipistrellus pipistrellus,0.576,0.651,-1,192000.0,/mnt/ubna_data_04/recover-20241018/UBNA_011/20241017_030000.WAV,recover-20241018,UBNA_011,E18 Bridge
LF,24000.0,5.166157891199089,51.2795,51.296099999999996,22890.0,26931.0,Echolocation,Nyctalus leisleri,0.582,0.65,-1,192000.0,/mnt/ubna_data_04/recover-20241018/UBNA_011/20241012_020000.WAV,recover-20241018,UBNA_011,E18 Bridge
LF,26880.0,12.248813527616221,151.3565,151.3719,24609.0,29860.0,Echolocation,Nyctalus leisleri,0.491,0.625,-1,192000.0,/mnt/ubna_data_04/recover-20241018/UBNA_011/20241013_024000.WAV,recover-20241018,UBNA_011,E18 Bridge
HF,48000.0,6.192537891980602,190.7105,190.7172,47812.0,60425.0,Echolocation,Pipistrellus pipistrellus,0.484,0.525,-1,192000.0,/mnt/ubna_data_04/recover-20241018/UBNA_011/20241012_041000.WAV,recover-20241018,UBNA_011,E18 Bridge
LF,26880.0,6.059822743916936,289.3675,289.3795,27187.0,31750.0,Echolocation,Nyctalus leisleri,0.38,0.557,-1,192000.0,/mnt/ubna_data_04/recover-20241018/UBNA_011/20241013_083000.WAV,recover-20241018,UBNA_011,E18 Bridge
HF,47040.0,11.922842011068793,261.0975,261.1022,46093.0,63469.0,Echolocation,Pipistrellus pipistrellus,0.457,0.547,-1,192000.0,/mnt/ubna_data_04/recover-20241018/UBNA_011/20241015_064000.WAV,recover-20241018,UBNA_011,E18 Bridge
HF,51840.0,9.972909995947518,249.3775,249.3802,46953.0,69314.0,Echolocation,Myotis alcathoe,0.423,0.56,-1,192000.0,/mnt/ubna_data_04/recover-20241018/UBNA_011/20241016_025000.WAV,recover-20241018,UBNA_011,E18 Bridge
LF,25920.0,15.329745605149316,110.3335,110.3455,23750.0,29084.0,Echolocation,Nyctalus leisleri,0.449,0.684,-1,192000.0,/mnt/ubna_data_04/recover-20241018/UBNA_011/20241012_105000.WAV,recover-20241018,UBNA_011,E18 Bridge
HF,47040.0,11.20082918473004,4.0355,4.0474,46953.0,59532.0,Echolocation,Pipistrellus pipistrellus,0.455,0.501,-1,192000.0,/mnt/ubna_data_04/recover-20241018/UBNA_011/20241017_021000.WAV,recover-20241018,UBNA_011,E18 Bridge
HF,46080.0,4.120121227211493,91.1515,91.1567,44375.0,56280.0,Echolocation,Pipistrellus pipistrellus,0.605,0.631,-1,192000.0,/mnt/ubna_data_04/recover-20241018/UBNA_011/20241017_033000.WAV,recover-20241018,UBNA_011,E18 Bridge
LF,24000.0,7.711021091434463,256.6725,256.6866,23750.0,28288.0,Echolocation,Nyctalus leisleri,0.379,0.574,-1,192000.0,/mnt/ubna_data_04/recover-20241018/UBNA_011/20241013_024000.WAV,recover-20241018,UBNA_011,E18 Bridge
LF,23040.0,24.221403946781564,33.7805,33.7999,22031.0,27705.0,Echolocation,Nyctalus noctula,0.29,0.579,-1,192000.0,/mnt/ubna_data_04/recover-20241018/UBNA_011/20241014_021000.WAV,recover-20241018,UBNA_011,E18 Bridge
HF,51840.0,22.409004624038424,43.2065,43.212,42656.0,87652.0,Echolocation,Myotis alcathoe,0.402,0.525,-1,192000.0,/mnt/ubna_data_04/recover-20241018/UBNA_011/20241014_043000.WAV,recover-20241018,UBNA_011,E18 Bridge
LF,28800.0,16.301848856885524,212.5985,212.6124,27187.0,32413.0,Echolocation,Nyctalus leisleri,0.249,0.564,-1,192000.0,/mnt/ubna_data_04/recover-20241018/UBNA_011/20241013_105000.WAV,recover-20241018,UBNA_011,E18 Bridge
LF,26880.0,17.036487390454468,138.2115,138.2292,24609.0,28105.0,Echolocation,Nyctalus leisleri,0.574,0.63,-1,192000.0,/mnt/ubna_data_04/recover-20241018/UBNA_011/20241013_024000.WAV,recover-20241018,UBNA_011,E18 Bridge
HF,48000.0,15.871079446007652,89.9765,89.9824,41796.0,64656.0,Echolocation,Pipistrellus pipistrellus,0.342,0.623,-1,192000.0,/mnt/ubna_data_04/recover-20241018/UBNA_011/20241017_033000.WAV,recover-20241018,UBNA_011,E18 Bridge
LF,27840.0,6.137880586989935,243.9045,243.9166,26328.0,30356.0,Echolocation,Nyctalus leisleri,0.428,0.579,-1,192000.0,/mnt/ubna_data_04/recover-20241018/UBNA_011/20241014_035000.WAV,recover-20241018,UBNA_011,E18 Bridge
HF,46080.0,8.302830395132473,32.4265,32.4341,45234.0,55123.0,Echolocation,Pipistrellus pipistrellus,0.534,0.565,-1,192000.0,/mnt/ubna_data_04/recover-20241018/UBNA_011/20241017_021000.WAV,recover-20241018,UBNA_011,E18 Bridge
HF,48960.0,16.14923042537208,54.326499999999996,54.331900000000005,45234.0,65116.0,Echolocation,Pipistrellus pipistrellus,0.505,0.639,-1,192000.0,/mnt/ubna_data_04/recover-20241018/UBNA_011/20241015_041000.WAV,recover-20241018,UBNA_011,E18 Bridge
HF,48000.0,14.946092289858175,60.4225,60.4295,47812.0,65314.0,Echolocation,Pipistrellus pipistrellus,0.677,0.726,-1,192000.0,/mnt/ubna_data_04/recover-20241018/UBNA_011/20241018_022000.WAV,recover-20241018,UBNA_011,E18 Bridge
HF,48000.0,8.633615474546087,172.1915,172.1959,45234.0,58825.0,Echolocation,Pipistrellus pipistrellus,0.48,0.55,-1,192000.0,/mnt/ubna_data_04/recover-20241018/UBNA_011/20241015_033000.WAV,recover-20241018,UBNA_011,E18 Bridge
HF,47040.0,9.615471172705107,229.5625,229.5682,45234.0,57494.0,Echolocation,Pipistrellus pipistrellus,0.478,0.512,-1,192000.0,/mnt/ubna_data_04/recover-20241018/UBNA_011/20241018_020000.WAV,recover-20241018,UBNA_011,E18 Bridge
HF,51840.0,4.922090376804934,59.7515,59.7579,48671.0,64488.0,Echolocation,Pipistrellus pipistrellus,0.459,0.514,-1,192000.0,/mnt/ubna_data_04/recover-20241018/UBNA_011/20241018_022000.WAV,recover-20241018,UBNA_011,E18 Bridge
HF,52800.0,6.762816733107585,51.6875,51.6918,46093.0,58629.0,Echolocation,Pipistrellus pipistrellus,0.501,0.558,-1,192000.0,/mnt/ubna_data_04/recover-20241018/UBNA_011/20241013_084000.WAV,recover-20241018,UBNA_011,E18 Bridge
HF,46080.0,7.043400663178084,110.7735,110.7779,45234.0,57691.0,Echolocation,Pipistrellus pipistrellus,0.589,0.62,-1,192000.0,/mnt/ubna_data_04/recover-20241018/UBNA_011/20241014_105000.WAV,recover-20241018,UBNA_011,E18 Bridge
HF,47040.0,17.19363710072704,270.5115,270.5185,44375.0,63827.0,Echolocation,Pipistrellus pipistrellus,0.483,0.557,-1,192000.0,/mnt/ubna_data_04/recover-20241018/UBNA_011/20241017_052000.WAV,recover-20241018,UBNA_011,E18 Bridge
HF,45120.0,12.535727803424395,99.1545,99.1603,43515.0,57186.0,Echolocation,Pipistrellus pipistrellus,0.539,0.589,-1,192000.0,/mnt/ubna_data_04/recover-20241018/UBNA_011/20241014_102000.WAV,recover-20241018,UBNA_011,E18 Bridge
HF,46080.0,11.94574061764005,124.3545,124.3598,41796.0,57392.0,Echolocation,Pipistrellus pipistrellus,0.427,0.567,-1,192000.0,/mnt/ubna_data_04/recover-20241018/UBNA_011/20241015_033000.WAV,recover-20241018,UBNA_011,E18 Bridge
HF,48000.0,10.667204402207652,7.1895,7.196,46093.0,60900.0,Echolocation,Pipistrellus pipistrellus,0.462,0.554,-1,192000.0,/mnt/ubna_data_04/recover-20241018/UBNA_011/20241017_053000.WAV,recover-20241018,UBNA_011,E18 Bridge
HF,46080.0,11.291441221434763,210.6075,210.6127,46093.0,57624.0,Echolocation,Pipistrellus pipistrellus,0.571,0.6,-1,192000.0,/mnt/ubna_data_04/recover-20241018/UBNA_011/20241014_041000.WAV,recover-20241018,UBNA_011,E18 Bridge
HF,48960.0,14.755210592749602,292.8885,292.8944,46953.0,61926.0,Echolocation,Pipistrellus pipistrellus,0.452,0.575,-1,192000.0,/mnt/ubna_data_04/recover-20241018/UBNA_011/20241018_034000.WAV,recover-20241018,UBNA_011,E18 Bridge
HF,46080.0,14.03153462763389,120.6855,120.6945,44375.0,64925.0,Echolocation,Pipistrellus pipistrellus,0.406,0.569,-1,192000.0,/mnt/ubna_data_04/recover-20241018/UBNA_011/20241017_021000.WAV,recover-20241018,UBNA_011,E18 Bridge
HF,45120.0,15.99134851061537,212.0505,212.0581,43515.0,63417.0,Echolocation,Pipistrellus pipistrellus,0.501,0.592,-1,192000.0,/mnt/ubna_data_04/recover-20241018/UBNA_011/20241017_034000.WAV,recover-20241018,UBNA_011,E18 Bridge
HF,46080.0,20.62529820851431,90.6395,90.6467,45234.0,70846.0,Echolocation,Pipistrellus pipistrellus,0.594,0.729,-1,192000.0,/mnt/ubna_data_04/recover-20241018/UBNA_011/20241017_022000.WAV,recover-20241018,UBNA_011,E18 Bridge
HF,46080.0,5.387343948657563,204.7245,204.7302,44375.0,50255.0,Echolocation,Pipistrellus pipistrellus,0.443,0.524,-1,192000.0,/mnt/ubna_data_04/recover-20241018/UBNA_011/20241015_033000.WAV,recover-20241018,UBNA_011,E18 Bridge
HF,45120.0,8.157327614613498,225.5985,225.605,43515.0,56571.0,Echolocation,Pipistrellus pipistrellus,0.566,0.646,-1,192000.0,/mnt/ubna_data_04/recover-20241018/UBNA_011/20241015_033000.WAV,recover-20241018,UBNA_011,E18 Bridge
HF,53760.0,9.998503171331004,181.2915,181.2998,45234.0,64407.0,Echolocation,Pipistrellus pipistrellus,0.477,0.59,-1,192000.0,/mnt/ubna_data_04/recover-20241018/UBNA_011/20241017_021000.WAV,recover-20241018,UBNA_011,E18 Bridge
HF,46080.0,17.051467176298104,104.0185,104.0299,43515.0,66864.0,Echolocation,Pipistrellus pipistrellus,0.286,0.545,-1,192000.0,/mnt/ubna_data_04/recover-20241018/UBNA_011/20241012_021000.WAV,recover-20241018,UBNA_011,E18 Bridge
HF,45120.0,24.9952288202436,67.2315,67.239,44375.0,66162.0,Echolocation,Pipistrellus pipistrellus,0.499,0.578,-1,192000.0,/mnt/ubna_data_04/recover-20241018/UBNA_011/20241015_041000.WAV,recover-20241018,UBNA_011,E18 Bridge
HF,48960.0,10.681911664861776,47.7495,47.754599999999996,46953.0,63290.0,Echolocation,Pipistrellus pipistrellus,0.545,0.649,-1,192000.0,/mnt/ubna_data_04/recover-20241018/UBNA_011/20241014_045000.WAV,recover-20241018,UBNA_011,E18 Bridge
HF,45120.0,10.463481681661284,211.3985,211.4059,44375.0,58768.0,Echolocation,Pipistrellus pipistrellus,0.566,0.629,-1,192000.0,/mnt/ubna_data_04/recover-20241018/UBNA_011/20241017_021000.WAV,recover-20241018,UBNA_011,E18 Bridge
HF,47040.0,7.294710242641951,9.7965,9.8033,42656.0,53351.0,Echolocation,Pipistrellus pipistrellus,0.22,0.517,-1,192000.0,/mnt/ubna_data_04/recover-20241018/UBNA_011/20241014_042000.WAV,recover-20241018,UBNA_011,E18 Bridge
HF,47040.0,12.053295102137522,281.5305,281.5373,43515.0,58721.0,Echolocation,Pipistrellus pipistrellus,0.485,0.62,-1,192000.0,/mnt/ubna_data_04/recover-20241018/UBNA_011/20241015_033000.WAV,recover-20241018,UBNA_011,E18 Bridge
HF,46080.0,24.805985262214136,295.0275,295.0315,40078.0,71109.0,Echolocation,Myotis mystacinus,0.198,0.524,-1,192000.0,/mnt/ubna_data_04/recover-20241018/UBNA_011/20241015_020000.WAV,recover-20241018,UBNA_011,E18 Bridge
HF,46080.0,13.787615916991617,99.64150000000001,99.652,44375.0,66145.0,Echolocation,Pipistrellus pipistrellus,0.519,0.664,-1,192000.0,/mnt/ubna_data_04/recover-20241018/UBNA_011/20241015_034000.WAV,recover-20241018,UBNA_011,E18 Bridge
LF,26880.0,10.831838350526112,155.6595,155.6713,26328.0,32101.0,Echolocation,Nyctalus leisleri,0.386,0.681,-1,192000.0,/mnt/ubna_data_04/recover-20241018/UBNA_011/20241016_050000.WAV,recover-20241018,UBNA_011,E18 Bridge
HF,47040.0,13.86328447536627,171.5465,171.5516,45234.0,57519.0,Echolocation,Pipistrellus pipistrellus,0.525,0.543,-1,192000.0,/mnt/ubna_data_04/recover-20241018/UBNA_011/20241017_033000.WAV,recover-20241018,UBNA_011,E18 Bridge
HF,45120.0,5.142583694550823,3.4675,3.4754,44375.0,59918.0,Echolocation,Pipistrellus pipistrellus,0.477,0.56,-1,192000.0,/mnt/ubna_data_04/recover-20241018/UBNA_011/20241015_033000.WAV,recover-20241018,UBNA_011,E18 Bridge
HF,46080.0,11.420973515124784,213.2765,213.2832,45234.0,54466.0,Echolocation,Pipistrellus pipistrellus,0.613,0.642,-1,192000.0,/mnt/ubna_data_04/recover-20241018/UBNA_011/20241012_065000.WAV,recover-20241018,UBNA_011,E18 Bridge
HF,53760.0,26.987623022836218,213.1705,213.1772,46953.0,69018.0,Echolocation,Pipistrellus pipistrellus,0.398,0.515,-1,192000.0,/mnt/ubna_data_04/recover-20241018/UBNA_011/20241014_104000.WAV,recover-20241018,UBNA_011,E18 Bridge
HF,45120.0,17.10991889811612,274.2305,274.2373,42656.0,62321.0,Echolocation,Pipistrellus pipistrellus,0.609,0.742,-1,192000.0,/mnt/ubna_data_04/recover-20241018/UBNA_011/20241015_044000.WAV,recover-20241018,UBNA_011,E18 Bridge
HF,51840.0,11.665030415826042,13.0625,13.0677,47812.0,62594.0,Echolocation,Pipistrellus pipistrellus,0.435,0.515,-1,192000.0,/mnt/ubna_data_04/recover-20241018/UBNA_011/20241014_045000.WAV,recover-20241018,UBNA_011,E18 Bridge
HF,45120.0,16.508665367869913,27.1775,27.184,43515.0,55997.0,Echolocation,Pipistrellus pipistrellus,0.613,0.686,-1,192000.0,/mnt/ubna_data_04/recover-20241018/UBNA_011/20241015_052000.WAV,recover-20241018,UBNA_011,E18 Bridge
HF,46080.0,7.542840815173112,269.1275,269.1347,44375.0,61260.0,Echolocation,Pipistrellus pipistrellus,0.51,0.715,-1,192000.0,/mnt/ubna_data_04/recover-20241018/UBNA_011/20241017_052000.WAV,recover-20241018,UBNA_011,E18 Bridge
HF,46080.0,12.810773101035306,154.2635,154.2705,44375.0,66633.0,Echolocation,Pipistrellus pipistrellus,0.564,0.729,-1,192000.0,/mnt/ubna_data_04/recover-20241018/UBNA_011/20241017_021000.WAV,recover-20241018,UBNA_011,E18 Bridge
LF,26880.0,18.767843018889245,100.0545,100.0678,26328.0,38201.0,Echolocation,Eptesicus serotinus,0.524,0.67,-1,192000.0,/mnt/ubna_data_04/recover-20241018/UBNA_011/20241016_015000.WAV,recover-20241018,UBNA_011,E18 Bridge
HF,50880.0,15.41135926118817,50.0255,50.0292,47812.0,68448.0,Echolocation,Pipistrellus pipistrellus,0.491,0.564,-1,192000.0,/mnt/ubna_data_04/recover-20241018/UBNA_011/20241018_041000.WAV,recover-20241018,UBNA_011,E18 Bridge
HF,48000.0,7.906725269650253,151.2075,151.2169,46953.0,63814.0,Echolocation,Pipistrellus pipistrellus,0.39,0.546,-1,192000.0,/mnt/ubna_data_04/recover-20241018/UBNA_011/20241018_020000.WAV,recover-20241018,UBNA_011,E18 Bridge
HF,46080.0,11.97465724501565,80.2365,80.2422,45234.0,60134.0,Echolocation,Pipistrellus pipistrellus,0.608,0.667,-1,192000.0,/mnt/ubna_data_04/recover-20241018/UBNA_011/20241015_032000.WAV,recover-20241018,UBNA_011,E18 Bridge
HF,47040.0,15.44628796295467,189.1355,189.1445,44375.0,64462.0,Echolocation,Pipistrellus pipistrellus,0.488,0.679,-1,192000.0,/mnt/ubna_data_04/recover-20241018/UBNA_011/20241017_022000.WAV,recover-20241018,UBNA_011,E18 Bridge
HF,52800.0,21.29068095276468,210.8125,210.818,45234.0,69135.0,Echolocation,Pipistrellus pipistrellus,0.261,0.549,-1,192000.0,/mnt/ubna_data_04/recover-20241018/UBNA_011/20241012_030000.WAV,recover-20241018,UBNA_011,E18 Bridge
HF,46080.0,11.449982805104018,42.2235,42.2306,45234.0,59356.0,Echolocation,Pipistrellus pipistrellus,0.554,0.625,-1,192000.0,/mnt/ubna_data_04/recover-20241018/UBNA_011/20241015_052000.WAV,recover-20241018,UBNA_011,E18 Bridge
HF,48000.0,19.197584148952267,205.7395,205.7442,47812.0,59543.0,Echolocation,Pipistrellus pipistrellus,0.452,0.53,-1,192000.0,/mnt/ubna_data_04/recover-20241018/UBNA_011/20241015_051000.WAV,recover-20241018,UBNA_011,E18 Bridge
HF,46080.0,15.447198937587219,247.7795,247.7878,44375.0,60275.0,Echolocation,Pipistrellus pipistrellus,0.522,0.607,-1,192000.0,/mnt/ubna_data_04/recover-20241018/UBNA_011/20241017_022000.WAV,recover-20241018,UBNA_011,E18 Bridge
HF,45120.0,10.203714028765276,251.4895,251.4981,44375.0,59535.0,Echolocation,Pipistrellus pipistrellus,0.477,0.686,-1,192000.0,/mnt/ubna_data_04/recover-20241018/UBNA_011/20241015_025000.WAV,recover-20241018,UBNA_011,E18 Bridge
HF,47040.0,9.8480641361977,122.6535,122.6601,44375.0,59795.0,Echolocation,Pipistrellus pipistrellus,0.514,0.601,-1,192000.0,/mnt/ubna_data_04/recover-20241018/UBNA_011/20241017_022000.WAV,recover-20241018,UBNA_011,E18 Bridge
HF,48000.0,6.5862504999784575,115.9615,115.96770000000001,46953.0,61990.0,Echolocation,Pipistrellus pipistrellus,0.504,0.576,-1,192000.0,/mnt/ubna_data_04/recover-20241018/UBNA_011/20241018_020000.WAV,recover-20241018,UBNA_011,E18 Bridge
HF,52800.0,11.07740275804411,156.5695,156.577,45234.0,66806.0,Echolocation,Pipistrellus pipistrellus,0.314,0.514,-1,192000.0,/mnt/ubna_data_04/recover-20241018/UBNA_011/20241017_022000.WAV,recover-20241018,UBNA_011,E18 Bridge
HF,48000.0,16.56148356567915,199.6765,199.6815,45234.0,63277.0,Echolocation,Pipistrellus pipistrellus,0.384,0.504,-1,192000.0,/mnt/ubna_data_04/recover-20241018/UBNA_011/20241018_071000.WAV,recover-20241018,UBNA_011,E18 Bridge
HF,47040.0,11.96988361624664,210.6975,210.7039,45234.0,52327.0,Echolocation,Pipistrellus pipistrellus,0.523,0.59,-1,192000.0,/mnt/ubna_data_04/recover-20241018/UBNA_011/20241014_041000.WAV,recover-20241018,UBNA_011,E18 Bridge
HF,48960.0,7.225184713611786,47.8305,47.8354,46093.0,62481.0,Echolocation,Pipistrellus pipistrellus,0.536,0.59,-1,192000.0,/mnt/ubna_data_04/recover-20241018/UBNA_011/20241014_045000.WAV,recover-20241018,UBNA_011,E18 Bridge
LF,19200.0,6.130511099837047,192.2325,192.2521,17734.0,20921.0,Echolocation,Nyctalus noctula,0.368,0.526,-1,192000.0,/mnt/ubna_data_04/recover-20241018/UBNA_011/20241013_140000.WAV,recover-20241018,UBNA_011,E18 Bridge
HF,48000.0,8.350001042438752,225.8015,225.8078,45234.0,59268.0,Echolocation,Pipistrellus pipistrellus,0.568,0.608,-1,192000.0,/mnt/ubna_data_04/recover-20241018/UBNA_011/20241015_033000.WAV,recover-20241018,UBNA_011,E18 Bridge
HF,48000.0,10.29822224223695,4.1695,4.1797,46093.0,64711.0,Echolocation,Pipistrellus pipistrellus,0.489,0.615,-1,192000.0,/mnt/ubna_data_04/recover-20241018/UBNA_011/20241017_021000.WAV,recover-20241018,UBNA_011,E18 Bridge
LF,25920.0,8.73318329170533,147.4275,147.443,25468.0,28219.0,Echolocation,Nyctalus leisleri,0.545,0.614,-1,192000.0,/mnt/ubna_data_04/recover-20241018/UBNA_011/20241012_072000.WAV,recover-20241018,UBNA_011,E18 Bridge
HF,48960.0,14.886267229339484,99.7265,99.7322,46953.0,63987.0,Echolocation,Pipistrellus pipistrellus,0.585,0.645,-1,192000.0,/mnt/ubna_data_04/recover-20241018/UBNA_011/20241015_034000.WAV,recover-20241018,UBNA_011,E18 Bridge
HF,46080.0,9.557093097530077,154.3385,154.3471,45234.0,65651.0,Echolocation,Pipistrellus pipistrellus,0.36,0.617,-1,192000.0,/mnt/ubna_data_04/recover-20241018/UBNA_011/20241017_021000.WAV,recover-20241018,UBNA_011,E18 Bridge
HF,46080.0,13.125925615672339,247.9845,247.9924,44375.0,58608.0,Echolocation,Pipistrellus pipistrellus,0.45,0.537,-1,192000.0,/mnt/ubna_data_04/recover-20241018/UBNA_011/20241017_022000.WAV,recover-20241018,UBNA_011,E18 Bridge
HF,45120.0,9.398062379686227,243.4425,243.4479,44375.0,59282.0,Echolocation,Pipistrellus pipistrellus,0.524,0.588,-1,192000.0,/mnt/ubna_data_04/recover-20241018/UBNA_011/20241017_020000.WAV,recover-20241018,UBNA_011,E18 Bridge
HF,45120.0,7.483468652057778,25.9925,25.9978,43515.0,59213.0,Echolocation,Pipistrellus nathusii,0.226,0.543,-1,192000.0,/mnt/ubna_data_04/recover-20241018/UBNA_011/20241017_024000.WAV,recover-20241018,UBNA_011,E18 Bridge
LF,24000.0,3.5829638048531853,8.0675,8.084,22890.0,26243.0,Echolocation,Nyctalus leisleri,0.488,0.556,-1,192000.0,/mnt/ubna_data_04/recover-20241018/UBNA_011/20241014_021000.WAV,recover-20241018,UBNA_011,E18 Bridge
HF,48000.0,14.621876559647939,171.8645,171.8703,44375.0,61125.0,Echolocation,Pipistrellus pipistrellus,0.432,0.57,-1,192000.0,/mnt/ubna_data_04/recover-20241018/UBNA_011/20241017_033000.WAV,recover-20241018,UBNA_011,E18 Bridge
HF,45120.0,16.269034077042285,189.2365,189.2448,43515.0,54335.0,Echolocation,Pipistrellus pipistrellus,0.523,0.611,-1,192000.0,/mnt/ubna_data_04/recover-20241018/UBNA_011/20241017_022000.WAV,recover-20241018,UBNA_011,E18 Bridge
HF,45120.0,8.781640040355834,281.6205,281.6266,43515.0,53261.0,Echolocation,Pipistrellus pipistrellus,0.557,0.591,-1,192000.0,/mnt/ubna_data_04/recover-20241018/UBNA_011/20241015_033000.WAV,recover-20241018,UBNA_011,E18 Bridge
LF,26880.0,14.646141213362585,127.5785,127.5891,26328.0,38169.0,Echolocation,Nyctalus leisleri,0.343,0.648,-1,192000.0,/mnt/ubna_data_04/recover-20241018/UBNA_011/20241012_080000.WAV,recover-20241018,UBNA_011,E18 Bridge
HF,46080.0,23.650455386482893,65.8145,65.82,42656.0,66368.0,Echolocation,Pipistrellus pipistrellus,0.631,0.679,-1,192000.0,/mnt/ubna_data_04/recover-20241018/UBNA_011/20241017_021000.WAV,recover-20241018,UBNA_011,E18 Bridge
HF,47040.0,11.743388335872604,212.3485,212.355,42656.0,56249.0,Echolocation,Pipistrellus pipistrellus,0.503,0.583,-1,192000.0,/mnt/ubna_data_04/recover-20241018/UBNA_011/20241017_034000.WAV,recover-20241018,UBNA_011,E18 Bridge
HF,48960.0,10.918611697923058,210.8975,210.9023,47812.0,63144.0,Echolocation,Pipistrellus pipistrellus,0.521,0.585,-1,192000.0,/mnt/ubna_data_04/recover-20241018/UBNA_011/20241012_030000.WAV,recover-20241018,UBNA_011,E18 Bridge
HF,52800.0,15.597658490866506,272.0675,272.0716,43515.0,75144.0,Echolocation,Myotis brandtii,0.214,0.525,-1,192000.0,/mnt/ubna_data_04/recover-20241018/UBNA_011/20241017_020000.WAV,recover-20241018,UBNA_011,E18 Bridge
HF,48000.0,19.488394884124585,7.3505,7.3584,43515.0,74014.0,Echolocation,Pipistrellus pipistrellus,0.289,0.567,-1,192000.0,/mnt/ubna_data_04/recover-20241018/UBNA_011/20241017_053000.WAV,recover-20241018,UBNA_011,E18 Bridge
LF,26880.0,11.11783860262572,138.4895,138.5051,24609.0,28600.0,Echolocation,Nyctalus leisleri,0.591,0.67,-1,192000.0,/mnt/ubna_data_04/recover-20241018/UBNA_011/20241013_024000.WAV,recover-20241018,UBNA_011,E18 Bridge
HF,48960.0,7.0007139085834105,190.8025,190.8111,46953.0,54223.0,Echolocation,Pipistrellus pipistrellus,0.497,0.59,-1,192000.0,/mnt/ubna_data_04/recover-20241018/UBNA_011/20241012_041000.WAV,recover-20241018,UBNA_011,E18 Bridge
HF,46080.0,6.473263833980756,172.5255,172.5315,44375.0,61141.0,Echolocation,Pipistrellus pipistrellus,0.411,0.585,-1,192000.0,/mnt/ubna_data_04/recover-20241018/UBNA_011/20241015_033000.WAV,recover-20241018,UBNA_011,E18 Bridge
HF,48000.0,2.5330881188834358,59.838499999999996,59.8465,46953.0,58676.0,Echolocation,Pipistrellus pipistrellus,0.48,0.511,-1,192000.0,/mnt/ubna_data_04/recover-20241018/UBNA_011/20241018_022000.WAV,recover-20241018,UBNA_011,E18 Bridge
LF,27840.0,6.808103294658699,110.4585,110.4662,27187.0,34938.0,Echolocation,Nyctalus leisleri,0.353,0.658,-1,192000.0,/mnt/ubna_data_04/recover-20241018/UBNA_011/20241012_105000.WAV,recover-20241018,UBNA_011,E18 Bridge
HF,47040.0,16.558231189203674,60.5055,60.512,45234.0,69629.0,Echolocation,Pipistrellus pipistrellus,0.54,0.615,-1,192000.0,/mnt/ubna_data_04/recover-20241018/UBNA_011/20241018_022000.WAV,recover-20241018,UBNA_011,E18 Bridge
HF,52800.0,9.598408698040359,156.6365,156.6459,47812.0,67051.0,Echolocation,Pipistrellus pipistrellus,0.474,0.591,-1,192000.0,/mnt/ubna_data_04/recover-20241018/UBNA_011/20241017_022000.WAV,recover-20241018,UBNA_011,E18 Bridge
HF,47040.0,10.862633265613349,104.4285,104.44030000000001,44375.0,60297.0,Echolocation,Pipistrellus pipistrellus,0.277,0.532,-1,192000.0,/mnt/ubna_data_04/recover-20241018/UBNA_011/20241012_021000.WAV,recover-20241018,UBNA_011,E18 Bridge
HF,46080.0,3.757800122020231,62.6035,62.6131,46093.0,56098.0,Echolocation,Pipistrellus pipistrellus,0.508,0.552,-1,192000.0,/mnt/ubna_data_04/recover-20241018/UBNA_011/20241017_022000.WAV,recover-20241018,UBNA_011,E18 Bridge
HF,48000.0,13.587970183111167,185.3135,185.321,41796.0,64681.0,Echolocation,Pipistrellus pipistrellus,0.314,0.542,-1,192000.0,/mnt/ubna_data_04/recover-20241018/UBNA_011/20241017_030000.WAV,recover-20241018,UBNA_011,E18 Bridge
LF,27840.0,8.193355809472923,244.2005,244.2123,27187.0,32417.0,Echolocation,Nyctalus leisleri,0.433,0.638,-1,192000.0,/mnt/ubna_data_04/recover-20241018/UBNA_011/20241014_035000.WAV,recover-20241018,UBNA_011,E18 Bridge
HF,48000.0,7.626543023017263,255.9495,255.9607,45234.0,61386.0,Echolocation,Pipistrellus pipistrellus,0.423,0.57,-1,192000.0,/mnt/ubna_data_04/recover-20241018/UBNA_011/20241017_021000.WAV,recover-20241018,UBNA_011,E18 Bridge
LF,24000.0,12.020140235731791,198.2395,198.2555,22890.0,28260.0,Echolocation,Nyctalus leisleri,0.292,0.549,-1,192000.0,/mnt/ubna_data_04/recover-20241018/UBNA_011/20241014_022000.WAV,recover-20241018,UBNA_011,E18 Bridge
HF,46080.0,13.415586135919767,124.4235,124.4279,43515.0,58086.0,Echolocation,Pipistrellus pipistrellus,0.566,0.634,-1,192000.0,/mnt/ubna_data_04/recover-20241018/UBNA_011/20241015_033000.WAV,recover-20241018,UBNA_011,E18 Bridge
LF,27840.0,3.31479691004966,100.0895,100.0995,27187.0,34774.0,Echolocation,Nyctalus leisleri,0.304,0.642,-1,192000.0,/mnt/ubna_data_04/recover-20241018/UBNA_011/20241016_015000.WAV,recover-20241018,UBNA_011,E18 Bridge
HF,47040.0,20.060598653074877,35.7045,35.7097,42656.0,77736.0,Echolocation,Myotis alcathoe,0.277,0.55,-1,192000.0,/mnt/ubna_data_04/recover-20241018/UBNA_011/20241017_024000.WAV,recover-20241018,UBNA_011,E18 Bridge
LF,26880.0,8.938596585095704,289.7335,289.7468,26328.0,30215.0,Echolocation,Nyctalus leisleri,0.447,0.56,-1,192000.0,/mnt/ubna_data_04/recover-20241018/UBNA_011/20241013_083000.WAV,recover-20241018,UBNA_011,E18 Bridge
HF,47040.0,8.04885032338581,45.2575,45.2638,44375.0,55349.0,Echolocation,Pipistrellus pipistrellus,0.548,0.595,-1,192000.0,/mnt/ubna_data_04/recover-20241018/UBNA_011/20241017_033000.WAV,recover-20241018,UBNA_011,E18 Bridge
HF,50880.0,11.209082207213257,116.04650000000001,116.0509,48671.0,65336.0,Echolocation,Pipistrellus pipistrellus,0.603,0.672,-1,192000.0,/mnt/ubna_data_04/recover-20241018/UBNA_011/20241018_020000.WAV,recover-20241018,UBNA_011,E18 Bridge
HF,48960.0,6.786538796881876,110.8805,110.8853,47812.0,58814.0,Echolocation,Pipistrellus pipistrellus,0.489,0.508,-1,192000.0,/mnt/ubna_data_04/recover-20241018/UBNA_011/20241014_105000.WAV,recover-20241018,UBNA_011,E18 Bridge
HF,47040.0,9.799039207132319,51.8725,51.8779,46093.0,59770.0,Echolocation,Pipistrellus pipistrellus,0.509,0.568,-1,192000.0,/mnt/ubna_data_04/recover-20241018/UBNA_011/20241013_084000.WAV,recover-20241018,UBNA_011,E18 Bridge
HF,47040.0,12.678201168098475,99.2535,99.2603,45234.0,53341.0,Echolocation,Pipistrellus pipistrellus,0.477,0.508,-1,192000.0,/mnt/ubna_data_04/recover-20241018/UBNA_011/20241014_102000.WAV,recover-20241018,UBNA_011,E18 Bridge
LF,27840.0,16.51338172455572,212.8195,212.8335,27187.0,33042.0,Echolocation,Nyctalus leisleri,0.281,0.624,-1,192000.0,/mnt/ubna_data_04/recover-20241018/UBNA_011/20241013_105000.WAV,recover-20241018,UBNA_011,E18 Bridge
HF,48000.0,10.170431994351718,270.5995,270.605,46953.0,58954.0,Echolocation,Pipistrellus pipistrellus,0.524,0.545,-1,192000.0,/mnt/ubna_data_04/recover-20241018/UBNA_011/20241017_052000.WAV,recover-20241018,UBNA_011,E18 Bridge
HF,46080.0,25.65464743552365,90.7275,90.7348,42656.0,69163.0,Echolocation,Pipistrellus pipistrellus,0.506,0.604,-1,192000.0,/mnt/ubna_data_04/recover-20241018/UBNA_011/20241017_022000.WAV,recover-20241018,UBNA_011,E18 Bridge
LF,27840.0,16.347922846295383,5.9235,5.9372,27187.0,31014.0,Echolocation,Nyctalus leisleri,0.483,0.662,-1,192000.0,/mnt/ubna_data_04/recover-20241018/UBNA_011/20241013_092000.WAV,recover-20241018,UBNA_011,E18 Bridge
HF,48960.0,9.649340770186281,229.6435,229.6484,46093.0,61280.0,Echolocation,Pipistrellus pipistrellus,0.462,0.503,-1,192000.0,/mnt/ubna_data_04/recover-20241018/UBNA_011/20241018_020000.WAV,recover-20241018,UBNA_011,E18 Bridge
HF,47040.0,4.256099916603575,3.5325,3.5416,46953.0,61397.0,Echolocation,Pipistrellus pipistrellus,0.439,0.503,-1,192000.0,/mnt/ubna_data_04/recover-20241018/UBNA_011/20241015_033000.WAV,recover-20241018,UBNA_011,E18 Bridge
HF,44160.0,16.894434931906027,274.4425,274.451,42656.0,58567.0,Echolocation,Pipistrellus pipistrellus,0.464,0.62,-1,192000.0,/mnt/ubna_data_04/recover-20241018/UBNA_011/20241015_044000.WAV,recover-20241018,UBNA_011,E18 Bridge
LF,24000.0,12.242014789834021,256.8855,256.9001,22890.0,27566.0,Echolocation,Nyctalus leisleri,0.578,0.683,-1,192000.0,/mnt/ubna_data_04/recover-20241018/UBNA_011/20241013_024000.WAV,recover-20241018,UBNA_011,E18 Bridge
LF,27840.0,10.877780927575023,151.5865,151.5976,26328.0,33540.0,Echolocation,Nyctalus leisleri,0.38,0.685,-1,192000.0,/mnt/ubna_data_04/recover-20241018/UBNA_011/20241013_024000.WAV,recover-20241018,UBNA_011,E18 Bridge
LF,26880.0,16.35582482496567,104.1715,104.1878,27187.0,30210.0,Echolocation,Nyctalus leisleri,0.471,0.566,-1,192000.0,/mnt/ubna_data_04/recover-20241018/UBNA_011/20241013_092000.WAV,recover-20241018,UBNA_011,E18 Bridge
HF,45120.0,10.72389045638381,213.3615,213.3676,43515.0,57889.0,Echolocation,Pipistrellus pipistrellus,0.558,0.574,-1,192000.0,/mnt/ubna_data_04/recover-20241018/UBNA_011/20241012_065000.WAV,recover-20241018,UBNA_011,E18 Bridge
HF,45120.0,24.538519137012177,213.4895,213.4955,36640.0,80142.0,Echolocation,Myotis brandtii,0.379,0.517,-1,192000.0,/mnt/ubna_data_04/recover-20241018/UBNA_011/20241014_104000.WAV,recover-20241018,UBNA_011,E18 Bridge
LF,23040.0,8.879597512170704,51.554500000000004,51.5707,22890.0,25670.0,Echolocation,Nyctalus leisleri,0.642,0.662,-1,192000.0,/mnt/ubna_data_04/recover-20241018/UBNA_011/20241012_020000.WAV,recover-20241018,UBNA_011,E18 Bridge
HF,48000.0,10.247356746815463,194.3985,194.4035,45234.0,56348.0,Echolocation,Pipistrellus pipistrellus,0.567,0.615,-1,192000.0,/mnt/ubna_data_04/recover-20241018/UBNA_011/20241017_024000.WAV,recover-20241018,UBNA_011,E18 Bridge
HF,47040.0,14.30901162365998,13.3465,13.3532,45234.0,65071.0,Echolocation,Pipistrellus pipistrellus,0.546,0.626,-1,192000.0,/mnt/ubna_data_04/recover-20241018/UBNA_011/20241014_045000.WAV,recover-20241018,UBNA_011,E18 Bridge
HF,46080.0,15.47689720169622,1.1355,1.1453,45234.0,66992.0,Echolocation,Pipistrellus pipistrellus,0.509,0.64,-1,192000.0,/mnt/ubna_data_04/recover-20241018/UBNA_011/20241017_022000.WAV,recover-20241018,UBNA_011,E18 Bridge
HF,52800.0,11.13612499708271,261.1865,261.1917,46953.0,64174.0,Echolocation,Pipistrellus pipistrellus,0.346,0.518,-1,192000.0,/mnt/ubna_data_04/recover-20241018/UBNA_011/20241015_064000.WAV,recover-20241018,UBNA_011,E18 Bridge
HF,48000.0,14.588174772765077,205.9355,205.9392,46953.0,61268.0,Echolocation,Pipistrellus pipistrellus,0.462,0.525,-1,192000.0,/mnt/ubna_data_04/recover-20241018/UBNA_011/20241015_051000.WAV,recover-20241018,UBNA_011,E18 Bridge
HF,52800.0,11.172000970198672,151.2945,151.3023,48671.0,64457.0,Echolocation,Pipistrellus pipistrellus,0.559,0.677,-1,192000.0,/mnt/ubna_data_04/recover-20241018/UBNA_011/20241018_020000.WAV,recover-20241018,UBNA_011,E18 Bridge
HF,50880.0,18.405268544696497,50.4535,50.4581,45234.0,70170.0,Echolocation,Pipistrellus pipistrellus,0.3,0.502,-1,192000.0,/mnt/ubna_data_04/recover-20241018/UBNA_011/20241018_041000.WAV,recover-20241018,UBNA_011,E18 Bridge
HF,45120.0,14.17524735143347,269.3095,269.3157,42656.0,62842.0,Echolocation,Pipistrellus pipistrellus,0.556,0.668,-1,192000.0,/mnt/ubna_data_04/recover-20241018/UBNA_011/20241017_052000.WAV,recover-20241018,UBNA_011,E18 Bridge
HF,51840.0,19.61907592969718,43.4835,43.4881,42656.0,82122.0,Echolocation,Myotis alcathoe,0.387,0.527,-1,192000.0,/mnt/ubna_data_04/recover-20241018/UBNA_011/20241014_043000.WAV,recover-20241018,UBNA_011,E18 Bridge
HF,47040.0,17.29571382768563,27.2635,27.2695,43515.0,58627.0,Echolocation,Pipistrellus pipistrellus,0.648,0.713,-1,192000.0,/mnt/ubna_data_04/recover-20241018/UBNA_011/20241015_052000.WAV,recover-20241018,UBNA_011,E18 Bridge
LF,23040.0,32.76612247195972,34.1365,34.1544,22031.0,28251.0,Echolocation,Nyctalus noctula,0.474,0.641,-1,192000.0,/mnt/ubna_data_04/recover-20241018/UBNA_011/20241014_021000.WAV,recover-20241018,UBNA_011,E18 Bridge
HF,45120.0,3.489014726022224,80.3325,80.34,43515.0,52542.0,Echolocation,Pipistrellus pipistrellus,0.49,0.513,-1,192000.0,/mnt/ubna_data_04/recover-20241018/UBNA_011/20241015_032000.WAV,recover-20241018,UBNA_011,E18 Bridge
HF,46080.0,9.200429662077482,207.3915,207.3981,44375.0,56873.0,Echolocation,Pipistrellus pipistrellus,0.489,0.584,-1,192000.0,/mnt/ubna_data_04/recover-20241018/UBNA_011/20241017_023000.WAV,recover-20241018,UBNA_011,E18 Bridge
HF,45120.0,5.5048644027274385,32.5275,32.5341,44375.0,58515.0,Echolocation,Pipistrellus pipistrellus,0.532,0.63,-1,192000.0,/mnt/ubna_data_04/recover-20241018/UBNA_011/20241017_021000.WAV,recover-20241018,UBNA_011,E18 Bridge
HF,47040.0,14.478565011272511,42.3435,42.3502,44375.0,60552.0,Echolocation,Pipistrellus pipistrellus,0.567,0.657,-1,192000.0,/mnt/ubna_data_04/recover-20241018/UBNA_011/20241015_052000.WAV,recover-20241018,UBNA_011,E18 Bridge
HF,45120.0,4.57868762940206,251.6705,251.6819,44375.0,55734.0,Echolocation,Pipistrellus pipistrellus,0.423,0.546,-1,192000.0,/mnt/ubna_data_04/recover-20241018/UBNA_011/20241015_025000.WAV,recover-20241018,UBNA_011,E18 Bridge
HF,48000.0,14.53938677465204,199.7615,199.7662,44375.0,67233.0,Echolocation,Pipistrellus pipistrellus,0.426,0.511,-1,192000.0,/mnt/ubna_data_04/recover-20241018/UBNA_011/20241018_071000.WAV,recover-20241018,UBNA_011,E18 Bridge
HF,47040.0,8.746559186268772,42.2575,42.2646,46093.0,65453.0,Echolocation,Pipistrellus pipistrellus,0.425,0.554,-1,192000.0,/mnt/ubna_data_04/recover-20241018/UBNA_011/20241017_022000.WAV,recover-20241018,UBNA_011,E18 Bridge
HF,45120.0,4.914028504234501,91.7405,91.7481,44375.0,51889.0,Echolocation,Pipistrellus pipistrellus,0.522,0.531,-1,192000.0,/mnt/ubna_data_04/recover-20241018/UBNA_011/20241017_021000.WAV,recover-20241018,UBNA_011,E18 Bridge
HF,47040.0,19.08923944234028,150.8115,150.8167,46093.0,58244.0,Echolocation,Pipistrellus pipistrellus,0.605,0.627,-1,192000.0,/mnt/ubna_data_04/recover-20241018/UBNA_011/20241015_091000.WAV,recover-20241018,UBNA_011,E18 Bridge
HF,54720.0,31.312128558885036,295.2775,295.2832,39218.0,82256.0,Echolocation,Myotis brandtii,0.194,0.54,-1,192000.0,/mnt/ubna_data_04/recover-20241018/UBNA_011/20241015_020000.WAV,recover-20241018,UBNA_011,E18 Bridge
HF,48000.0,4.845254712739909,5.8145,5.8246,47812.0,54897.0,Echolocation,Pipistrellus pipistrellus,0.485,0.513,-1,192000.0,/mnt/ubna_data_04/recover-20241018/UBNA_011/20241017_033000.WAV,recover-20241018,UBNA_011,E18 Bridge
LF,27840.0,16.446667359365804,63.9325,63.9451,27187.0,32587.0,Echolocation,Nyctalus leisleri,0.534,0.704,-1,192000.0,/mnt/ubna_data_04/recover-20241018/UBNA_011/20241014_105000.WAV,recover-20241018,UBNA_011,E18 Bridge
HF,46080.0,14.67328983818822,10.0065,10.0127,40937.0,61168.0,Echolocation,Pipistrellus pipistrellus,0.485,0.641,-1,192000.0,/mnt/ubna_data_04/recover-20241018/UBNA_011/20241014_042000.WAV,recover-20241018,UBNA_011,E18 Bridge
HF,46080.0,10.736517181456602,91.2365,91.2419,44375.0,54367.0,Echolocation,Pipistrellus pipistrellus,0.606,0.624,-1,192000.0,/mnt/ubna_data_04/recover-20241018/UBNA_011/20241017_033000.WAV,recover-20241018,UBNA_011,E18 Bridge
HF,45120.0,4.538365204605893,211.5755,211.5875,45234.0,52869.0,Echolocation,Pipistrellus pipistrellus,0.416,0.501,-1,192000.0,/mnt/ubna_data_04/recover-20241018/UBNA_011/20241017_021000.WAV,recover-20241018,UBNA_011,E18 Bridge
LF,27840.0,11.320186854745998,155.9045,155.9161,26328.0,32212.0,Echolocation,Nyctalus leisleri,0.403,0.603,-1,192000.0,/mnt/ubna_data_04/recover-20241018/UBNA_011/20241016_050000.WAV,recover-20241018,UBNA_011,E18 Bridge
HF,51840.0,23.664711681691966,54.3915,54.397,44375.0,73165.0,Echolocation,Pipistrellus pipistrellus,0.551,0.623,-1,192000.0,/mnt/ubna_data_04/recover-20241018/UBNA_011/20241015_041000.WAV,recover-20241018,UBNA_011,E18 Bridge
LF,24000.0,20.310193611025174,219.6885,219.70589999999999,22890.0,26598.0,Echolocation,Nyctalus leisleri,0.392,0.514,-1,192000.0,/mnt/ubna_data_04/recover-20241018/UBNA_011/20241014_025000.WAV,recover-20241018,UBNA_011,E18 Bridge
HF,47040.0,12.422909658750807,278.0295,278.0398,45234.0,60881.0,Echolocation,Pipistrellus pipistrellus,0.416,0.549,-1,192000.0,/mnt/ubna_data_04/recover-20241018/UBNA_011/20241017_021000.WAV,recover-20241018,UBNA_011,E18 Bridge
HF,46080.0,6.940508117476657,134.6295,134.6413,46953.0,53605.0,Echolocation,Pipistrellus pipistrellus,0.48,0.512,-1,192000.0,/mnt/ubna_data_04/recover-20241018/UBNA_011/20241017_021000.WAV,recover-20241018,UBNA_011,E18 Bridge
HF,47040.0,11.901142328441864,122.7395,122.7456,42656.0,64109.0,Echolocation,Pipistrellus pipistrellus,0.505,0.568,-1,192000.0,/mnt/ubna_data_04/recover-20241018/UBNA_011/20241017_022000.WAV,recover-20241018,UBNA_011,E18 Bridge
HF,47040.0,9.241022704648623,67.3055,67.3125,46093.0,56956.0,Echolocation,Pipistrellus pipistrellus,0.573,0.59,-1,192000.0,/mnt/ubna_data_04/recover-20241018/UBNA_011/20241015_041000.WAV,recover-20241018,UBNA_011,E18 Bridge
HF,52800.0,10.221611840977111,249.4395,249.4423,48671.0,71996.0,Echolocation,Myotis alcathoe,0.445,0.599,-1,192000.0,/mnt/ubna_data_04/recover-20241018/UBNA_011/20241016_025000.WAV,recover-20241018,UBNA_011,E18 Bridge
HF,48000.0,15.8606715158116,293.1635,293.16949999999997,46093.0,66324.0,Echolocation,Pipistrellus pipistrellus,0.376,0.503,-1,192000.0,/mnt/ubna_data_04/recover-20241018/UBNA_011/20241018_034000.WAV,recover-20241018,UBNA_011,E18 Bridge
HF,46080.0,5.940080822153964,71.2615,71.2674,45234.0,55984.0,Echolocation,Pipistrellus pipistrellus,0.646,0.671,-1,192000.0,/mnt/ubna_data_04/recover-20241018/UBNA_011/20241016_065000.WAV,recover-20241018,UBNA_011,E18 Bridge
HF,46080.0,14.390063018306215,94.8085,94.8146,42656.0,62969.0,Echolocation,Pipistrellus pipistrellus,0.187,0.578,-1,192000.0,/mnt/ubna_data_04/recover-20241018/UBNA_011/20241017_024000.WAV,recover-20241018,UBNA_011,E18 Bridge
HF,48000.0,18.78809621194354,181.3845,181.3916,42656.0,72048.0,Echolocation,Pipistrellus pipistrellus,0.576,0.703,-1,192000.0,/mnt/ubna_data_04/recover-20241018/UBNA_011/20241017_021000.WAV,recover-20241018,UBNA_011,E18 Bridge
LF,23040.0,30.788073479462845,34.4625,34.4821,22031.0,28891.0,Echolocation,Nyctalus noctula,0.383,0.644,-1,192000.0,/mnt/ubna_data_04/recover-20241018/UBNA_011/20241014_021000.WAV,recover-20241018,UBNA_011,E18 Bridge
HF,46080.0,10.768436437407443,80.4225,80.4276,45234.0,56852.0,Echolocation,Pipistrellus pipistrellus,0.556,0.585,-1,192000.0,/mnt/ubna_data_04/recover-20241018/UBNA_011/20241015_032000.WAV,recover-20241018,UBNA_011,E18 Bridge
HF,53760.0,12.352981537976248,35.8015,35.8061,41796.0,73253.0,Echolocation,Myotis mystacinus,0.292,0.63,-1,192000.0,/mnt/ubna_data_04/recover-20241018/UBNA_011/20241017_024000.WAV,recover-20241018,UBNA_011,E18 Bridge
HF,46080.0,14.410327364516263,256.0385,256.0479,44375.0,65126.0,Echolocation,Pipistrellus pipistrellus,0.46,0.659,-1,192000.0,/mnt/ubna_data_04/recover-20241018/UBNA_011/20241017_021000.WAV,recover-20241018,UBNA_011,E18 Bridge
LF,24000.0,8.6543826357229,8.5325,8.5481,22031.0,26087.0,Echolocation,Nyctalus leisleri,0.579,0.632,-1,192000.0,/mnt/ubna_data_04/recover-20241018/UBNA_011/20241014_021000.WAV,recover-20241018,UBNA_011,E18 Bridge
HF,46080.0,5.428131644962298,16.3535,16.3626,44375.0,53744.0,Echolocation,Pipistrellus pipistrellus,0.517,0.584,-1,192000.0,/mnt/ubna_data_04/recover-20241018/UBNA_011/20241015_033000.WAV,recover-20241018,UBNA_011,E18 Bridge
HF,45120.0,14.887322178315328,189.5945,189.6021,43515.0,59566.0,Echolocation,Pipistrellus pipistrellus,0.545,0.607,-1,192000.0,/mnt/ubna_data_04/recover-20241018/UBNA_011/20241017_022000.WAV,recover-20241018,UBNA_011,E18 Bridge
HF,53760.0,15.313962984321376,95.0575,95.0625,47812.0,65423.0,Echolocation,Pipistrellus pipistrellus,0.454,0.548,-1,192000.0,/mnt/ubna_data_04/recover-20241018/UBNA_011/20241017_024000.WAV,recover-20241018,UBNA_011,E18 Bridge
LF,26880.0,7.138953677161359,156.5495,156.562,25468.0,32723.0,Echolocation,Eptesicus serotinus,0.257,0.546,-1,192000.0,/mnt/ubna_data_04/recover-20241018/UBNA_011/20241016_050000.WAV,recover-20241018,UBNA_011,E18 Bridge
HF,48000.0,8.695103552503571,42.3495,42.3564,45234.0,59411.0,Echolocation,Pipistrellus pipistrellus,0.549,0.602,-1,192000.0,/mnt/ubna_data_04/recover-20241018/UBNA_011/20241017_022000.WAV,recover-20241018,UBNA_011,E18 Bridge
HF,48000.0,11.393520824195225,190.8825,190.8892,47812.0,56643.0,Echolocation,Pipistrellus pipistrellus,0.517,0.557,-1,192000.0,/mnt/ubna_data_04/recover-20241018/UBNA_011/20241012_041000.WAV,recover-20241018,UBNA_011,E18 Bridge
LF,24000.0,12.832692002359291,198.5215,198.53719999999998,22890.0,29211.0,Echolocation,Nyctalus leisleri,0.302,0.571,-1,192000.0,/mnt/ubna_data_04/recover-20241018/UBNA_011/20241014_022000.WAV,recover-20241018,UBNA_011,E18 Bridge
HF,48000.0,11.262261865721879,5.8925,5.8989,43515.0,63202.0,Echolocation,Pipistrellus pipistrellus,0.371,0.608,-1,192000.0,/mnt/ubna_data_04/recover-20241018/UBNA_011/20241017_033000.WAV,recover-20241018,UBNA_011,E18 Bridge
HF,47040.0,12.403876019003997,90.8185,90.8248,45234.0,57170.0,Echolocation,Pipistrellus pipistrellus,0.537,0.591,-1,192000.0,/mnt/ubna_data_04/recover-20241018/UBNA_011/20241017_022000.WAV,recover-20241018,UBNA_011,E18 Bridge
HF,47040.0,12.908572076404326,212.4295,212.4362,44375.0,60426.0,Echolocation,Pipistrellus pipistrellus,0.553,0.624,-1,192000.0,/mnt/ubna_data_04/recover-20241018/UBNA_011/20241017_034000.WAV,recover-20241018,UBNA_011,E18 Bridge
HF,53760.0,4.1850797927176595,124.7225,124.7269,48671.0,60577.0,Echolocation,Pipistrellus pipistrellus,0.477,0.512,-1,192000.0,/mnt/ubna_data_04/recover-20241018/UBNA_011/20241015_033000.WAV,recover-20241018,UBNA_011,E18 Bridge
HF,46080.0,9.85452787727185,229.7235,229.7288,45234.0,60214.0,Echolocation,Pipistrellus pipistrellus,0.527,0.575,-1,192000.0,/mnt/ubna_data_04/recover-20241018/UBNA_011/20241018_020000.WAV,recover-20241018,UBNA_011,E18 Bridge
LF,24000.0,11.008443760030907,257.10450000000003,257.12,23750.0,27588.0,Echolocation,Nyctalus leisleri,0.417,0.544,-1,192000.0,/mnt/ubna_data_04/recover-20241018/UBNA_011/20241013_024000.WAV,recover-20241018,UBNA_011,E18 Bridge
HF,45120.0,12.625154931278948,99.3555,99.361,43515.0,57834.0,Echolocation,Pipistrellus pipistrellus,0.595,0.629,-1,192000.0,/mnt/ubna_data_04/recover-20241018/UBNA_011/20241014_102000.WAV,recover-20241018,UBNA_011,E18 Bridge
HF,48960.0,8.252475655559525,59.917500000000004,59.9249,46953.0,63041.0,Echolocation,Pipistrellus pipistrellus,0.431,0.52,-1,192000.0,/mnt/ubna_data_04/recover-20241018/UBNA_011/20241018_022000.WAV,recover-20241018,UBNA_011,E18 Bridge
HF,48960.0,12.623005916798046,116.1285,116.1332,47812.0,66431.0,Echolocation,Pipistrellus pipistrellus,0.652,0.674,-1,192000.0,/mnt/ubna_data_04/recover-20241018/UBNA_011/20241018_020000.WAV,recover-20241018,UBNA_011,E18 Bridge
LF,25920.0,15.07880829852056,151.7685,151.7829,24609.0,31063.0,Echolocation,Nyctalus leisleri,0.444,0.674,-1,192000.0,/mnt/ubna_data_04/recover-20241018/UBNA_011/20241013_024000.WAV,recover-20241018,UBNA_011,E18 Bridge
HF,48000.0,33.460103596704,295.3595,295.3655,39218.0,81247.0,Echolocation,Myotis brandtii,0.235,0.515,-1,192000.0,/mnt/ubna_data_04/recover-20241018/UBNA_011/20241015_020000.WAV,recover-20241018,UBNA_011,E18 Bridge
HF,46080.0,9.197465198873818,195.6245,195.631,45234.0,62306.0,Echolocation,Pipistrellus pipistrellus,0.562,0.669,-1,192000.0,/mnt/ubna_data_04/recover-20241018/UBNA_011/20241017_024000.WAV,recover-20241018,UBNA_011,E18 Bridge
HF,46080.0,16.638725024067536,278.1175,278.1266,43515.0,66473.0,Echolocation,Pipistrellus pipistrellus,0.505,0.637,-1,192000.0,/mnt/ubna_data_04/recover-20241018/UBNA_011/20241017_021000.WAV,recover-20241018,UBNA_011,E18 Bridge
HF,48000.0,9.718285123023012,151.3805,151.3903,44375.0,64125.0,Echolocation,Pipistrellus pipistrellus,0.333,0.509,-1,192000.0,/mnt/ubna_data_04/recover-20241018/UBNA_011/20241018_020000.WAV,recover-20241018,UBNA_011,E18 Bridge
HF,46080.0,5.2048793019454695,65.9125,65.9224,45234.0,59400.0,Echolocation,Pipistrellus pipistrellus,0.547,0.607,-1,192000.0,/mnt/ubna_data_04/recover-20241018/UBNA_011/20241017_021000.WAV,recover-20241018,UBNA_011,E18 Bridge
HF,47040.0,15.231767734412184,4.2575,4.2669,45234.0,67071.0,Echolocation,Pipistrellus pipistrellus,0.594,0.702,-1,192000.0,/mnt/ubna_data_04/recover-20241018/UBNA_011/20241017_021000.WAV,recover-20241018,UBNA_011,E18 Bridge
HF,48000.0,15.040744431071506,269.4805,269.4863,45234.0,59514.0,Echolocation,Pipistrellus pipistrellus,0.558,0.64,-1,192000.0,/mnt/ubna_data_04/recover-20241018/UBNA_011/20241017_052000.WAV,recover-20241018,UBNA_011,E18 Bridge
HF,46080.0,8.266243541239785,154.4205,154.4309,44375.0,62177.0,Echolocation,Pipistrellus pipistrellus,0.421,0.598,-1,192000.0,/mnt/ubna_data_04/recover-20241018/UBNA_011/20241017_021000.WAV,recover-20241018,UBNA_011,E18 Bridge
HF,46080.0,13.266937296167763,10.0935,10.0987,41796.0,57528.0,Echolocation,Pipistrellus pipistrellus,0.468,0.541,-1,192000.0,/mnt/ubna_data_04/recover-20241018/UBNA_011/20241014_042000.WAV,recover-20241018,UBNA_011,E18 Bridge
HF,48000.0,8.961756188268915,181.4805,181.4872,46953.0,64730.0,Echolocation,Pipistrellus pipistrellus,0.592,0.709,-1,192000.0,/mnt/ubna_data_04/recover-20241018/UBNA_011/20241017_021000.WAV,recover-20241018,UBNA_011,E18 Bridge
HF,48960.0,7.808301089331278,71.3445,71.3493,46953.0,57337.0,Echolocation,Pipistrellus pipistrellus,0.511,0.532,-1,192000.0,/mnt/ubna_data_04/recover-20241018/UBNA_011/20241016_065000.WAV,recover-20241018,UBNA_011,E18 Bridge
HF,45120.0,13.491458924810102,213.4495,213.4551,44375.0,55225.0,Echolocation,Pipistrellus pipistrellus,0.637,0.66,-1,192000.0,/mnt/ubna_data_04/recover-20241018/UBNA_011/20241012_065000.WAV,recover-20241018,UBNA_011,E18 Bridge
HF,54720.0,22.791338009014726,54.460499999999996,54.4674,45234.0,71845.0,Echolocation,Pipistrellus pipistrellus,0.511,0.638,-1,192000.0,/mnt/ubna_data_04/recover-20241018/UBNA_011/20241015_041000.WAV,recover-20241018,UBNA_011,E18 Bridge
LF,27840.0,23.824779196750075,64.1555,64.1707,26328.0,31210.0,Echolocation,Nyctalus leisleri,0.341,0.602,-1,192000.0,/mnt/ubna_data_04/recover-20241018/UBNA_011/20241014_105000.WAV,recover-20241018,UBNA_011,E18 Bridge
HF,48000.0,5.90868853679447,211.6655,211.6763,45234.0,59650.0,Echolocation,Pipistrellus pipistrellus,0.448,0.593,-1,192000.0,/mnt/ubna_data_04/recover-20241018/UBNA_011/20241017_021000.WAV,recover-20241018,UBNA_011,E18 Bridge
HF,47040.0,14.267713872011091,51.9655,51.9704,45234.0,59028.0,Echolocation,Pipistrellus pipistrellus,0.573,0.614,-1,192000.0,/mnt/ubna_data_04/recover-20241018/UBNA_011/20241013_084000.WAV,recover-20241018,UBNA_011,E18 Bridge
HF,45120.0,25.002220598850954,67.3885,67.3937,42656.0,65918.0,Echolocation,Pipistrellus pipistrellus,0.507,0.565,-1,192000.0,/mnt/ubna_data_04/recover-20241018/UBNA_011/20241015_041000.WAV,recover-20241018,UBNA_011,E18 Bridge
HF,48000.0,15.52358881256226,270.6885,270.6958,45234.0,63173.0,Echolocation,Pipistrellus pipistrellus,0.42,0.515,-1,192000.0,/mnt/ubna_data_04/recover-20241018/UBNA_011/20241017_052000.WAV,recover-20241018,UBNA_011,E18 Bridge
HF,46080.0,7.638484977595961,135.1595,135.1687,45234.0,64113.0,Echolocation,Pipistrellus pipistrellus,0.514,0.616,-1,192000.0,/mnt/ubna_data_04/recover-20241018/UBNA_011/20241017_021000.WAV,recover-20241018,UBNA_011,E18 Bridge
HF,48000.0,11.61368744063385,122.7985,122.8056,45234.0,64859.0,Echolocation,Pipistrellus pipistrellus,0.495,0.629,-1,192000.0,/mnt/ubna_data_04/recover-20241018/UBNA_011/20241017_022000.WAV,recover-20241018,UBNA_011,E18 Bridge
HF,53760.0,11.342263631092106,249.4945,249.4976,46953.0,69274.0,Echolocation,Myotis alcathoe,0.379,0.567,-1,192000.0,/mnt/ubna_data_04/recover-20241018/UBNA_011/20241016_025000.WAV,recover-20241018,UBNA_011,E18 Bridge
HF,51840.0,15.93513077631782,293.3365,293.3414,48671.0,66851.0,Echolocation,Pipistrellus pipistrellus,0.45,0.58,-1,192000.0,/mnt/ubna_data_04/recover-20241018/UBNA_011/20241018_034000.WAV,recover-20241018,UBNA_011,E18 Bridge
HF,46080.0,20.97505347537844,91.8335,91.8402,42656.0,65596.0,Echolocation,Pipistrellus pipistrellus,0.59,0.662,-1,192000.0,/mnt/ubna_data_04/recover-20241018/UBNA_011/20241017_021000.WAV,recover-20241018,UBNA_011,E18 Bridge
HF,46080.0,5.600888466977102,91.3235,91.3284,44375.0,57423.0,Echolocation,Pipistrellus pipistrellus,0.495,0.514,-1,192000.0,/mnt/ubna_data_04/recover-20241018/UBNA_011/20241017_033000.WAV,recover-20241018,UBNA_011,E18 Bridge
LF,26880.0,24.288780462796225,6.1685,6.1885,26328.0,30244.0,Echolocation,Nyctalus leisleri,0.439,0.513,-1,192000.0,/mnt/ubna_data_04/recover-20241018/UBNA_011/20241013_092000.WAV,recover-20241018,UBNA_011,E18 Bridge
HF,46080.0,15.36115591741057,150.9075,150.9121,45234.0,61640.0,Echolocation,Pipistrellus pipistrellus,0.596,0.623,-1,192000.0,/mnt/ubna_data_04/recover-20241018/UBNA_011/20241015_091000.WAV,recover-20241018,UBNA_011,E18 Bridge
HF,45120.0,16.864348036725858,274.6635,274.6701,42656.0,60200.0,Echolocation,Pipistrellus pipistrellus,0.482,0.703,-1,192000.0,/mnt/ubna_data_04/recover-20241018/UBNA_011/20241015_044000.WAV,recover-20241018,UBNA_011,E18 Bridge
HF,50880.0,28.47636541097983,200.5205,200.5254,40937.0,86680.0,Echolocation,Myotis alcathoe,0.275,0.544,-1,192000.0,/mnt/ubna_data_04/recover-20241018/UBNA_011/20241018_071000.WAV,recover-20241018,UBNA_011,E18 Bridge
HF,47040.0,10.060766350422048,42.4445,42.4514,46093.0,60906.0,Echolocation,Pipistrellus pipistrellus,0.607,0.714,-1,192000.0,/mnt/ubna_data_04/recover-20241018/UBNA_011/20241015_052000.WAV,recover-20241018,UBNA_011,E18 Bridge
HF,46080.0,10.651427859363306,32.6245,32.6315,46093.0,60469.0,Echolocation,Pipistrellus pipistrellus,0.576,0.706,-1,192000.0,/mnt/ubna_data_04/recover-20241018/UBNA_011/20241017_021000.WAV,recover-20241018,UBNA_011,E18 Bridge
HF,46080.0,7.752358677491403,27.3325,27.3381,45234.0,55719.0,Echolocation,Pipistrellus pipistrellus,0.518,0.535,-1,192000.0,/mnt/ubna_data_04/recover-20241018/UBNA_011/20241015_052000.WAV,recover-20241018,UBNA_011,E18 Bridge
HF,46080.0,12.647586159672022,207.8465,207.8516,44375.0,56548.0,Echolocation,Pipistrellus pipistrellus,0.61,0.653,-1,192000.0,/mnt/ubna_data_04/recover-20241018/UBNA_011/20241017_023000.WAV,recover-20241018,UBNA_011,E18 Bridge
HF,48000.0,20.501393578191752,43.7545,43.7595,41796.0,86147.0,Echolocation,Myotis alcathoe,0.365,0.561,-1,192000.0,/mnt/ubna_data_04/recover-20241018/UBNA_011/20241014_043000.WAV,recover-20241018,UBNA_011,E18 Bridge
LF,28800.0,16.377983989866337,213.2575,213.2731,27187.0,31605.0,Echolocation,Nyctalus leisleri,0.306,0.521,-1,192000.0,/mnt/ubna_data_04/recover-20241018/UBNA_011/20241013_105000.WAV,recover-20241018,UBNA_011,E18 Bridge
HF,48960.0,17.38819651271178,50.8785,50.8826,46953.0,67337.0,Echolocation,Pipistrellus pipistrellus,0.457,0.524,-1,192000.0,/mnt/ubna_data_04/recover-20241018/UBNA_011/20241018_041000.WAV,recover-20241018,UBNA_011,E18 Bridge
HF,46080.0,9.484295076960013,206.1245,206.1302,44375.0,57562.0,Echolocation,Pipistrellus pipistrellus,0.571,0.608,-1,192000.0,/mnt/ubna_data_04/recover-20241018/UBNA_011/20241015_051000.WAV,recover-20241018,UBNA_011,E18 Bridge
HF,48960.0,12.514613490022635,261.6105,261.616,46953.0,62130.0,Echolocation,Pipistrellus pipistrellus,0.49,0.589,-1,192000.0,/mnt/ubna_data_04/recover-20241018/UBNA_011/20241015_064000.WAV,recover-20241018,UBNA_011,E18 Bridge
HF,48000.0,6.015150008276946,13.4405,13.4476,47812.0,60844.0,Echolocation,Pipistrellus pipistrellus,0.456,0.521,-1,192000.0,/mnt/ubna_data_04/recover-20241018/UBNA_011/20241014_045000.WAV,recover-20241018,UBNA_011,E18 Bridge
LF,24000.0,7.937470064389619,51.7345,51.7515,22890.0,26548.0,Echolocation,Nyctalus leisleri,0.608,0.659,-1,192000.0,/mnt/ubna_data_04/recover-20241018/UBNA_011/20241012_020000.WAV,recover-20241018,UBNA_011,E18 Bridge
HF,53760.0,22.062148687014783,213.8375,213.8427,40078.0,79154.0,Echolocation,Myotis brandtii,0.234,0.539,-1,192000.0,/mnt/ubna_data_04/recover-20241018/UBNA_011/20241014_104000.WAV,recover-20241018,UBNA_011,E18 Bridge
LF,26880.0,11.599433526878531,104.6245,104.6429,26328.0,29745.0,Echolocation,Nyctalus leisleri,0.42,0.539,-1,192000.0,/mnt/ubna_data_04/recover-20241018/UBNA_011/20241013_092000.WAV,recover-20241018,UBNA_011,E18 Bridge
HF,47040.0,9.254617855246325,1.2265,1.2346,45234.0,61363.0,Echolocation,Pipistrellus pipistrellus,0.547,0.626,-1,192000.0,/mnt/ubna_data_04/recover-20241018/UBNA_011/20241017_022000.WAV,recover-20241018,UBNA_011,E18 Bridge
HF,47040.0,16.029393433570657,99.8255,99.8341,46093.0,64886.0,Echolocation,Pipistrellus pipistrellus,0.475,0.646,-1,192000.0,/mnt/ubna_data_04/recover-20241018/UBNA_011/20241015_034000.WAV,recover-20241018,UBNA_011,E18 Bridge
HF,45120.0,17.588421713900214,185.4005,185.4079,41796.0,65884.0,Echolocation,Pipistrellus pipistrellus,0.428,0.595,-1,192000.0,/mnt/ubna_data_04/recover-20241018/UBNA_011/20241017_030000.WAV,recover-20241018,UBNA_011,E18 Bridge
HF,48000.0,18.11757938914575,60.5945,60.6018,46953.0,67607.0,Echolocation,Pipistrellus pipistrellus,0.564,0.705,-1,192000.0,/mnt/ubna_data_04/recover-20241018/UBNA_011/20241018_022000.WAV,recover-20241018,UBNA_011,E18 Bridge
LF,26880.0,13.649149599331004,139.0245,139.041,25468.0,27540.0,Echolocation,Nyctalus leisleri,0.566,0.671,-1,192000.0,/mnt/ubna_data_04/recover-20241018/UBNA_011/20241013_024000.WAV,recover-20241018,UBNA_011,E18 Bridge
HF,45120.0,9.119403930418134,110.98349999999999,110.9876,44375.0,58838.0,Echolocation,Pipistrellus pipistrellus,0.54,0.574,-1,192000.0,/mnt/ubna_data_04/recover-20241018/UBNA_011/20241014_105000.WAV,recover-20241018,UBNA_011,E18 Bridge
LF,26880.0,18.47408771883421,244.4655,244.4861,26328.0,28857.0,Echolocation,Nyctalus leisleri,0.512,0.558,-1,192000.0,/mnt/ubna_data_04/recover-20241018/UBNA_011/20241014_035000.WAV,recover-20241018,UBNA_011,E18 Bridge
HF,46080.0,20.727914567343618,7.5205,7.5271,44375.0,66113.0,Echolocation,Pipistrellus pipistrellus,0.398,0.581,-1,192000.0,/mnt/ubna_data_04/recover-20241018/UBNA_011/20241017_053000.WAV,recover-20241018,UBNA_011,E18 Bridge
HF,45120.0,17.292682025083476,248.0825,248.0917,43515.0,62527.0,Echolocation,Pipistrellus pipistrellus,0.497,0.57,-1,192000.0,/mnt/ubna_data_04/recover-20241018/UBNA_011/20241017_022000.WAV,recover-20241018,UBNA_011,E18 Bridge
HF,46080.0,12.022441053727428,171.9525,171.9588,43515.0,57519.0,Echolocation,Pipistrellus pipistrellus,0.514,0.584,-1,192000.0,/mnt/ubna_data_04/recover-20241018/UBNA_011/20241017_033000.WAV,recover-20241018,UBNA_011,E18 Bridge
HF,47040.0,7.714883586936965,45.3625,45.3674,45234.0,57343.0,Echolocation,Pipistrellus pipistrellus,0.555,0.59,-1,192000.0,/mnt/ubna_data_04/recover-20241018/UBNA_011/20241017_033000.WAV,recover-20241018,UBNA_011,E18 Bridge
HF,47040.0,22.645523669780907,62.6925,62.7013,43515.0,65445.0,Echolocation,Pipistrellus pipistrellus,0.629,0.698,-1,192000.0,/mnt/ubna_data_04/recover-20241018/UBNA_011/20241017_022000.WAV,recover-20241018,UBNA_011,E18 Bridge
HF,45120.0,8.786356456476769,174.4415,174.4492,43515.0,51963.0,Echolocation,Pipistrellus pipistrellus,0.521,0.59,-1,192000.0,/mnt/ubna_data_04/recover-20241018/UBNA_011/20241015_033000.WAV,recover-20241018,UBNA_011,E18 Bridge
LF,26880.0,18.38160467419976,100.2775,100.2904,26328.0,37113.0,Echolocation,Eptesicus serotinus,0.352,0.639,-1,192000.0,/mnt/ubna_data_04/recover-20241018/UBNA_011/20241016_015000.WAV,recover-20241018,UBNA_011,E18 Bridge
HF,51840.0,12.96350311610702,210.9755,210.9804,46953.0,63710.0,Echolocation,Pipistrellus pipistrellus,0.466,0.566,-1,192000.0,/mnt/ubna_data_04/recover-20241018/UBNA_011/20241012_030000.WAV,recover-20241018,UBNA_011,E18 Bridge
LF,24960.0,6.443891509300094,111.3115,111.32130000000001,24609.0,31340.0,Echolocation,Nyctalus leisleri,0.321,0.617,-1,192000.0,/mnt/ubna_data_04/recover-20241018/UBNA_011/20241012_105000.WAV,recover-20241018,UBNA_011,E18 Bridge
LF,26880.0,11.60940261264939,289.9725,289.9862,26328.0,30825.0,Echolocation,Nyctalus leisleri,0.435,0.585,-1,192000.0,/mnt/ubna_data_04/recover-20241018/UBNA_011/20241013_083000.WAV,recover-20241018,UBNA_011,E18 Bridge
HF,46080.0,11.500991229039757,210.7985,210.805,45234.0,56629.0,Echolocation,Pipistrellus pipistrellus,0.568,0.674,-1,192000.0,/mnt/ubna_data_04/recover-20241018/UBNA_011/20241014_041000.WAV,recover-20241018,UBNA_011,E18 Bridge
LF,19200.0,6.986116859592703,197.7315,197.7489,16875.0,21700.0,Echolocation,Nyctalus noctula,0.473,0.606,-1,192000.0,/mnt/ubna_data_04/recover-20241018/UBNA_011/20241013_140000.WAV,recover-20241018,UBNA_011,E18 Bridge
HF,49920.0,13.458431664081125,47.9105,47.9146,47812.0,64945.0,Echolocation,Pipistrellus pipistrellus,0.569,0.596,-1,192000.0,/mnt/ubna_data_04/recover-20241018/UBNA_011/20241014_045000.WAV,recover-20241018,UBNA_011,E18 Bridge
LF,23040.0,23.020533075280557,220.6705,220.686,22890.0,26806.0,Echolocation,Nyctalus leisleri,0.323,0.5,-1,192000.0,/mnt/ubna_data_04/recover-20241018/UBNA_011/20241014_025000.WAV,recover-20241018,UBNA_011,E18 Bridge
LF,26880.0,22.165140207515957,127.8005,127.8162,25468.0,29681.0,Echolocation,Nyctalus leisleri,0.497,0.579,-1,192000.0,/mnt/ubna_data_04/recover-20241018/UBNA_011/20241012_080000.WAV,recover-20241018,UBNA_011,E18 Bridge
HF,48000.0,6.4564818528830745,225.9065,225.9123,46953.0,59491.0,Echolocation,Pipistrellus pipistrellus,0.617,0.643,-1,192000.0,/mnt/ubna_data_04/recover-20241018/UBNA_011/20241015_033000.WAV,recover-20241018,UBNA_011,E18 Bridge
HF,51840.0,11.84792462331934,27.3475,27.3506,47812.0,65156.0,Echolocation,Myotis alcathoe,0.28,0.513,-1,192000.0,/mnt/ubna_data_04/recover-20241018/UBNA_011/20241017_024000.WAV,recover-20241018,UBNA_011,E18 Bridge
HF,44160.0,7.918422565576819,281.8075,281.8164,42656.0,57714.0,Echolocation,Pipistrellus pipistrellus,0.408,0.59,-1,192000.0,/mnt/ubna_data_04/recover-20241018/UBNA_011/20241015_033000.WAV,recover-20241018,UBNA_011,E18 Bridge
HF,54720.0,16.105086272699896,272.1275,272.1314,42656.0,78881.0,Echolocation,Myotis alcathoe,0.221,0.548,-1,192000.0,/mnt/ubna_data_04/recover-20241018/UBNA_011/20241017_020000.WAV,recover-20241018,UBNA_011,E18 Bridge
HF,50880.0,10.598727907407543,156.7005,156.7065,48671.0,69183.0,Echolocation,Pipistrellus pipistrellus,0.531,0.622,-1,192000.0,/mnt/ubna_data_04/recover-20241018/UBNA_011/20241017_022000.WAV,recover-20241018,UBNA_011,E18 Bridge
HF,46080.0,17.403120702622314,243.5165,243.5251,41796.0,66040.0,Echolocation,Pipistrellus pipistrellus,0.268,0.553,-1,192000.0,/mnt/ubna_data_04/recover-20241018/UBNA_011/20241017_020000.WAV,recover-20241018,UBNA_011,E18 Bridge
HF,46080.0,19.51267199731163,1.3865,1.3968,44375.0,67376.0,Echolocation,Pipistrellus pipistrellus,0.503,0.645,-1,192000.0,/mnt/ubna_data_04/recover-20241018/UBNA_011/20241017_022000.WAV,recover-20241018,UBNA_011,E18 Bridge
HF,45120.0,14.047116592575877,32.7225,32.729,45234.0,55463.0,Echolocation,Pipistrellus pipistrellus,0.526,0.569,-1,192000.0,/mnt/ubna_data_04/recover-20241018/UBNA_011/20241017_021000.WAV,recover-20241018,UBNA_011,E18 Bridge
HF,48000.0,14.600294121362303,190.9705,190.9775,46953.0,55378.0,Echolocation,Pipistrellus pipistrellus,0.563,0.641,-1,192000.0,/mnt/ubna_data_04/recover-20241018/UBNA_011/20241012_041000.WAV,recover-20241018,UBNA_011,E18 Bridge
HF,48000.0,8.147038489432346,8.1255,8.1304,45234.0,59289.0,Echolocation,Pipistrellus pipistrellus,0.484,0.654,-1,192000.0,/mnt/ubna_data_04/recover-20241018/UBNA_011/20241017_053000.WAV,recover-20241018,UBNA_011,E18 Bridge
HF,47040.0,15.72017788032164,195.7035,195.7089,45234.0,61072.0,Echolocation,Pipistrellus pipistrellus,0.566,0.647,-1,192000.0,/mnt/ubna_data_04/recover-20241018/UBNA_011/20241017_024000.WAV,recover-20241018,UBNA_011,E18 Bridge
LF,28800.0,16.969752927007967,213.7065,213.7208,27187.0,31570.0,Echolocation,Nyctalus leisleri,0.296,0.556,-1,192000.0,/mnt/ubna_data_04/recover-20241018/UBNA_011/20241013_105000.WAV,recover-20241018,UBNA_011,E18 Bridge
HF,48960.0,8.556617859941152,111.0745,111.0788,46953.0,59511.0,Echolocation,Pipistrellus pipistrellus,0.494,0.508,-1,192000.0,/mnt/ubna_data_04/recover-20241018/UBNA_011/20241014_105000.WAV,recover-20241018,UBNA_011,E18 Bridge
HF,46080.0,15.55678727258842,181.5785,181.5854,44375.0,64606.0,Echolocation,Pipistrellus pipistrellus,0.541,0.693,-1,192000.0,/mnt/ubna_data_04/recover-20241018/UBNA_011/20241017_021000.WAV,recover-20241018,UBNA_011,E18 Bridge
LF,19200.0,5.322146020083506,198.2505,198.2663,17734.0,20994.0,Echolocation,Nyctalus noctula,0.356,0.52,-1,192000.0,/mnt/ubna_data_04/recover-20241018/UBNA_011/20241013_140000.WAV,recover-20241018,UBNA_011,E18 Bridge
LF,24000.0,6.162138099551841,8.8255,8.8408,22890.0,26706.0,Echolocation,Nyctalus leisleri,0.514,0.566,-1,192000.0,/mnt/ubna_data_04/recover-20241018/UBNA_011/20241014_021000.WAV,recover-20241018,UBNA_011,E18 Bridge
LF,26880.0,17.653931290980054,290.4505,290.4652,25468.0,28607.0,Echolocation,Nyctalus leisleri,0.546,0.634,-1,192000.0,/mnt/ubna_data_04/recover-20241018/UBNA_011/20241013_083000.WAV,recover-20241018,UBNA_011,E18 Bridge
HF,51840.0,12.361515236179857,270.8605,270.8673,41796.0,60888.0,Echolocation,Pipistrellus pipistrellus,0.284,0.539,-1,192000.0,/mnt/ubna_data_04/recover-20241018/UBNA_011/20241017_052000.WAV,recover-20241018,UBNA_011,E18 Bridge
HF,46080.0,16.945359397616865,185.5695,185.5756,42656.0,62935.0,Echolocation,Pipistrellus pipistrellus,0.437,0.606,-1,192000.0,/mnt/ubna_data_04/recover-20241018/UBNA_011/20241017_030000.WAV,recover-20241018,UBNA_011,E18 Bridge
HF,55680.0,33.78149765207866,295.4215,295.4276,40937.0,89643.0,Echolocation,Myotis brandtii,0.252,0.657,-1,192000.0,/mnt/ubna_data_04/recover-20241018/UBNA_011/20241015_020000.WAV,recover-20241018,UBNA_011,E18 Bridge
HF,47040.0,12.992552264783352,269.5725,269.5795,45234.0,59537.0,Echolocation,Pipistrellus pipistrellus,0.482,0.582,-1,192000.0,/mnt/ubna_data_04/recover-20241018/UBNA_011/20241017_052000.WAV,recover-20241018,UBNA_011,E18 Bridge
HF,48000.0,15.983111802565722,122.9195,122.9263,44375.0,63031.0,Echolocation,Pipistrellus pipistrellus,0.541,0.692,-1,192000.0,/mnt/ubna_data_04/recover-20241018/UBNA_011/20241017_022000.WAV,recover-20241018,UBNA_011,E18 Bridge
HF,46080.0,15.135341064909007,99.5615,99.5673,45234.0,57507.0,Echolocation,Pipistrellus pipistrellus,0.515,0.592,-1,192000.0,/mnt/ubna_data_04/recover-20241018/UBNA_011/20241014_102000.WAV,recover-20241018,UBNA_011,E18 Bridge
HF,51840.0,20.579109814528955,116.2125,116.2164,48671.0,67183.0,Echolocation,Pipistrellus pipistrellus,0.58,0.616,-1,192000.0,/mnt/ubna_data_04/recover-20241018/UBNA_011/20241018_020000.WAV,recover-20241018,UBNA_011,E18 Bridge
HF,47040.0,12.812117283405884,6.0575,6.0637,43515.0,61913.0,Echolocation,Pipistrellus pipistrellus,0.341,0.534,-1,192000.0,/mnt/ubna_data_04/recover-20241018/UBNA_011/20241017_033000.WAV,recover-20241018,UBNA_011,E18 Bridge
LF,24000.0,7.829118455833468,257.5455,257.5598,23750.0,29135.0,Echolocation,Nyctalus leisleri,0.366,0.635,-1,192000.0,/mnt/ubna_data_04/recover-20241018/UBNA_011/20241013_024000.WAV,recover-20241018,UBNA_011,E18 Bridge
LF,27840.0,13.579287154135304,6.4145,6.428,26328.0,30808.0,Echolocation,Nyctalus leisleri,0.511,0.666,-1,192000.0,/mnt/ubna_data_04/recover-20241018/UBNA_011/20241013_092000.WAV,recover-20241018,UBNA_011,E18 Bridge
LF,26880.0,24.46165326333178,104.9665,104.985,26328.0,29131.0,Echolocation,Nyctalus leisleri,0.488,0.543,-1,192000.0,/mnt/ubna_data_04/recover-20241018/UBNA_011/20241013_092000.WAV,recover-20241018,UBNA_011,E18 Bridge
HF,48960.0,20.113310559705173,214.0705,214.0753,39218.0,79752.0,Echolocation,Myotis alcathoe,0.33,0.519,-1,192000.0,/mnt/ubna_data_04/recover-20241018/UBNA_011/20241014_104000.WAV,recover-20241018,UBNA_011,E18 Bridge
HF,53760.0,11.450231566978022,156.7765,156.7811,49531.0,66289.0,Echolocation,Pipistrellus pipistrellus,0.566,0.617,-1,192000.0,/mnt/ubna_data_04/recover-20241018/UBNA_011/20241017_022000.WAV,recover-20241018,UBNA_011,E18 Bridge
HF,48000.0,25.30049173441811,200.5905,200.5957,39218.0,83907.0,Echolocation,Myotis alcathoe,0.297,0.536,-1,192000.0,/mnt/ubna_data_04/recover-20241018/UBNA_011/20241018_071000.WAV,recover-20241018,UBNA_011,E18 Bridge
HF,45120.0,6.7854531806623255,80.5125,80.51859999999999,45234.0,58392.0,Echolocation,Pipistrellus pipistrellus,0.536,0.565,-1,192000.0,/mnt/ubna_data_04/recover-20241018/UBNA_011/20241015_032000.WAV,recover-20241018,UBNA_011,E18 Bridge
LF,26880.0,12.514384012545701,64.3835,64.3977,26328.0,30061.0,Echolocation,Nyctalus leisleri,0.528,0.685,-1,192000.0,/mnt/ubna_data_04/recover-20241018/UBNA_011/20241014_105000.WAV,recover-20241018,UBNA_011,E18 Bridge
HF,45120.0,13.906089398805504,213.5365,213.5426,43515.0,59214.0,Echolocation,Pipistrellus pipistrellus,0.592,0.628,-1,192000.0,/mnt/ubna_data_04/recover-20241018/UBNA_011/20241012_065000.WAV,recover-20241018,UBNA_011,E18 Bridge
HF,45120.0,14.581286265934141,248.2745,248.2836,45234.0,60476.0,Echolocation,Pipistrellus pipistrellus,0.558,0.611,-1,192000.0,/mnt/ubna_data_04/recover-20241018/UBNA_011/20241017_022000.WAV,recover-20241018,UBNA_011,E18 Bridge
HF,47040.0,6.927231918449921,99.9195,99.9297,46093.0,61046.0,Echolocation,Pipistrellus pipistrellus,0.495,0.568,-1,192000.0,/mnt/ubna_data_04/recover-20241018/UBNA_011/20241015_034000.WAV,recover-20241018,UBNA_011,E18 Bridge
HF,45120.0,20.271746094498695,243.5945,243.6003,42656.0,62421.0,Echolocation,Pipistrellus pipistrellus,0.497,0.597,-1,192000.0,/mnt/ubna_data_04/recover-20241018/UBNA_011/20241017_020000.WAV,recover-20241018,UBNA_011,E18 Bridge
HF,48960.0,11.870882340353734,27.4215,27.4249,44375.0,69718.0,Echolocation,Myotis alcathoe,0.359,0.551,-1,192000.0,/mnt/ubna_data_04/recover-20241018/UBNA_011/20241017_024000.WAV,recover-20241018,UBNA_011,E18 Bridge
HF,49920.0,17.1997398230545,54.5435,54.5483,48671.0,58734.0,Echolocation,Pipistrellus pipistrellus,0.578,0.587,-1,192000.0,/mnt/ubna_data_04/recover-20241018/UBNA_011/20241015_041000.WAV,recover-20241018,UBNA_011,E18 Bridge
LF,25920.0,25.786156043553383,128.0265,128.0405,25468.0,30223.0,Echolocation,Nyctalus leisleri,0.601,0.718,-1,192000.0,/mnt/ubna_data_04/recover-20241018/UBNA_011/20241012_080000.WAV,recover-20241018,UBNA_011,E18 Bridge
HF,47040.0,6.687216350933738,45.4445,45.451499999999996,44375.0,60813.0,Echolocation,Pipistrellus pipistrellus,0.51,0.656,-1,192000.0,/mnt/ubna_data_04/recover-20241018/UBNA_011/20241017_033000.WAV,recover-20241018,UBNA_011,E18 Bridge
LF,26880.0,13.821110575695513,245.1345,245.1489,25468.0,30062.0,Echolocation,Nyctalus leisleri,0.585,0.644,-1,192000.0,/mnt/ubna_data_04/recover-20241018/UBNA_011/20241014_035000.WAV,recover-20241018,UBNA_011,E18 Bridge
LF,22080.0,29.100573663944445,34.8495,34.8672,22031.0,27224.0,Echolocation,Nyctalus noctula,0.255,0.551,-1,192000.0,/mnt/ubna_data_04/recover-20241018/UBNA_011/20241014_021000.WAV,recover-20241018,UBNA_011,E18 Bridge
HF,47040.0,16.474507265977103,60.7505,60.7561,45234.0,68560.0,Echolocation,Pipistrellus pipistrellus,0.621,0.662,-1,192000.0,/mnt/ubna_data_04/recover-20241018/UBNA_011/20241018_022000.WAV,recover-20241018,UBNA_011,E18 Bridge
HF,46080.0,7.385459847485336,174.7655,174.7719,45234.0,52537.0,Echolocation,Pipistrellus pipistrellus,0.587,0.607,-1,192000.0,/mnt/ubna_data_04/recover-20241018/UBNA_011/20241015_033000.WAV,recover-20241018,UBNA_011,E18 Bridge
HF,48960.0,15.095966306783172,211.0645,211.0696,46953.0,66674.0,Echolocation,Pipistrellus pipistrellus,0.557,0.671,-1,192000.0,/mnt/ubna_data_04/recover-20241018/UBNA_011/20241012_030000.WAV,recover-20241018,UBNA_011,E18 Bridge
HF,48960.0,10.581252415885519,47.9965,48.0012,47812.0,64506.0,Echolocation,Pipistrellus pipistrellus,0.522,0.56,-1,192000.0,/mnt/ubna_data_04/recover-20241018/UBNA_011/20241014_045000.WAV,recover-20241018,UBNA_011,E18 Bridge
HF,46080.0,9.157392979459365,52.1365,52.141999999999996,46093.0,58600.0,Echolocation,Pipistrellus pipistrellus,0.552,0.587,-1,192000.0,/mnt/ubna_data_04/recover-20241018/UBNA_011/20241013_084000.WAV,recover-20241018,UBNA_011,E18 Bridge
HF,48000.0,9.5240888846429,67.4575,67.465,46953.0,59359.0,Echolocation,Pipistrellus pipistrellus,0.61,0.624,-1,192000.0,/mnt/ubna_data_04/recover-20241018/UBNA_011/20241015_041000.WAV,recover-20241018,UBNA_011,E18 Bridge
HF,47040.0,5.661156726855139,135.6175,135.6271,46093.0,56537.0,Echolocation,Pipistrellus pipistrellus,0.563,0.597,-1,192000.0,/mnt/ubna_data_04/recover-20241018/UBNA_011/20241017_021000.WAV,recover-20241018,UBNA_011,E18 Bridge
HF,52800.0,8.061327561696965,42.661500000000004,42.6693,46093.0,63816.0,Echolocation,Pipistrellus pipistrellus,0.49,0.578,-1,192000.0,/mnt/ubna_data_04/recover-20241018/UBNA_011/20241015_052000.WAV,recover-20241018,UBNA_011,E18 Bridge
HF,47040.0,9.583973509198218,27.3925,27.3997,45234.0,55728.0,Echolocation,Pipistrellus pipistrellus,0.528,0.609,-1,192000.0,/mnt/ubna_data_04/recover-20241018/UBNA_011/20241015_052000.WAV,recover-20241018,UBNA_011,E18 Bridge
HF,46080.0,5.410499088942097,207.9315,207.937,44375.0,53854.0,Echolocation,Pipistrellus pipistrellus,0.491,0.508,-1,192000.0,/mnt/ubna_data_04/recover-20241018/UBNA_011/20241017_023000.WAV,recover-20241018,UBNA_011,E18 Bridge
HF,54720.0,24.992803786671544,50.963499999999996,50.9678,45234.0,69930.0,Echolocation,Pipistrellus pipistrellus,0.465,0.543,-1,192000.0,/mnt/ubna_data_04/recover-20241018/UBNA_011/20241018_041000.WAV,recover-20241018,UBNA_011,E18 Bridge
HF,48000.0,17.779112499500997,206.3005,206.3074,43515.0,64745.0,Echolocation,Pipistrellus pipistrellus,0.447,0.531,-1,192000.0,/mnt/ubna_data_04/recover-20241018/UBNA_011/20241015_051000.WAV,recover-20241018,UBNA_011,E18 Bridge
HF,47040.0,17.008482861351617,261.6945,261.7002,45234.0,69212.0,Echolocation,Pipistrellus pipistrellus,0.34,0.521,-1,192000.0,/mnt/ubna_data_04/recover-20241018/UBNA_011/20241015_064000.WAV,recover-20241018,UBNA_011,E18 Bridge
LF,24000.0,13.114709677326033,52.2525,52.268100000000004,22890.0,27322.0,Echolocation,Nyctalus leisleri,0.584,0.667,-1,192000.0,/mnt/ubna_data_04/recover-20241018/UBNA_011/20241012_020000.WAV,recover-20241018,UBNA_011,E18 Bridge
HF,45120.0,14.041868439672289,211.8555,211.8645,43515.0,59019.0,Echolocation,Pipistrellus pipistrellus,0.574,0.67,-1,192000.0,/mnt/ubna_data_04/recover-20241018/UBNA_011/20241017_021000.WAV,recover-20241018,UBNA_011,E18 Bridge
HF,50880.0,11.817367206150216,293.52049999999997,293.5263,46953.0,65094.0,Echolocation,Pipistrellus pipistrellus,0.384,0.566,-1,192000.0,/mnt/ubna_data_04/recover-20241018/UBNA_011/20241018_034000.WAV,recover-20241018,UBNA_011,E18 Bridge
HF,44160.0,12.49897269713789,274.8745,274.8843,42656.0,59857.0,Echolocation,Pipistrellus pipistrellus,0.471,0.657,-1,192000.0,/mnt/ubna_data_04/recover-20241018/UBNA_011/20241015_044000.WAV,recover-20241018,UBNA_011,E18 Bridge
HF,47040.0,23.066995943634545,150.9965,151.0019,45234.0,64845.0,Echolocation,Pipistrellus pipistrellus,0.539,0.581,-1,192000.0,/mnt/ubna_data_04/recover-20241018/UBNA_011/20241015_091000.WAV,recover-20241018,UBNA_011,E18 Bridge
HF,46080.0,7.334344659815213,91.4015,91.4063,44375.0,55817.0,Echolocation,Pipistrellus pipistrellus,0.627,0.65,-1,192000.0,/mnt/ubna_data_04/recover-20241018/UBNA_011/20241017_033000.WAV,recover-20241018,UBNA_011,E18 Bridge
HF,46080.0,22.977572763357486,92.0335,92.042,43515.0,67999.0,Echolocation,Pipistrellus pipistrellus,0.583,0.688,-1,192000.0,/mnt/ubna_data_04/recover-20241018/UBNA_011/20241017_021000.WAV,recover-20241018,UBNA_011,E18 Bridge
HF,46080.0,17.64890393591585,13.5345,13.5404,43515.0,61675.0,Echolocation,Pipistrellus pipistrellus,0.502,0.615,-1,192000.0,/mnt/ubna_data_04/recover-20241018/UBNA_011/20241014_045000.WAV,recover-20241018,UBNA_011,E18 Bridge
HF,52800.0,13.984920986233004,249.5475,249.5508,47812.0,71661.0,Echolocation,Myotis alcathoe,0.456,0.607,-1,192000.0,/mnt/ubna_data_04/recover-20241018/UBNA_011/20241016_025000.WAV,recover-20241018,UBNA_011,E18 Bridge
HF,54720.0,14.410149318607084,272.1835,272.1867,44375.0,76132.0,Echolocation,Myotis alcathoe,0.292,0.548,-1,192000.0,/mnt/ubna_data_04/recover-20241018/UBNA_011/20241017_020000.WAV,recover-20241018,UBNA_011,E18 Bridge
LF,26880.0,16.179093442969656,139.3005,139.3161,24609.0,28496.0,Echolocation,Nyctalus leisleri,0.663,0.709,-1,192000.0,/mnt/ubna_data_04/recover-20241018/UBNA_011/20241013_024000.WAV,recover-20241018,UBNA_011,E18 Bridge
HF,46080.0,5.627289844094356,172.0435,172.0498,44375.0,52704.0,Echolocation,Pipistrellus pipistrellus,0.518,0.532,-1,192000.0,/mnt/ubna_data_04/recover-20241018/UBNA_011/20241017_033000.WAV,recover-20241018,UBNA_011,E18 Bridge
LF,26880.0,7.913591768442583,157.3175,157.3303,26328.0,31314.0,Echolocation,Nyctalus leisleri,0.332,0.554,-1,192000.0,/mnt/ubna_data_04/recover-20241018/UBNA_011/20241016_050000.WAV,recover-20241018,UBNA_011,E18 Bridge
HF,46080.0,22.006728835853103,90.9135,90.9211,43515.0,66811.0,Echolocation,Pipistrellus pipistrellus,0.576,0.628,-1,192000.0,/mnt/ubna_data_04/recover-20241018/UBNA_011/20241017_022000.WAV,recover-20241018,UBNA_011,E18 Bridge
HF,47040.0,16.485450006974446,10.1905,10.1965,40937.0,63395.0,Echolocation,Pipistrellus pipistrellus,0.479,0.617,-1,192000.0,/mnt/ubna_data_04/recover-20241018/UBNA_011/20241014_042000.WAV,recover-20241018,UBNA_011,E18 Bridge
HF,45120.0,14.11580676132645,212.6155,212.6219,42656.0,61940.0,Echolocation,Pipistrellus pipistrellus,0.475,0.642,-1,192000.0,/mnt/ubna_data_04/recover-20241018/UBNA_011/20241017_034000.WAV,recover-20241018,UBNA_011,E18 Bridge
HF,45120.0,6.15074527966736,62.8075,62.8143,44375.0,53632.0,Echolocation,Pipistrellus pipistrellus,0.553,0.563,-1,192000.0,/mnt/ubna_data_04/recover-20241018/UBNA_011/20241017_022000.WAV,recover-20241018,UBNA_011,E18 Bridge
HF,45120.0,12.844184861641876,256.1225,256.1338,44375.0,64270.0,Echolocation,Pipistrellus pipistrellus,0.427,0.583,-1,192000.0,/mnt/ubna_data_04/recover-20241018/UBNA_011/20241017_021000.WAV,recover-20241018,UBNA_011,E18 Bridge
HF,47040.0,13.483205968665803,4.4485,4.4557,45234.0,64205.0,Echolocation,Pipistrellus pipistrellus,0.525,0.576,-1,192000.0,/mnt/ubna_data_04/recover-20241018/UBNA_011/20241017_021000.WAV,recover-20241018,UBNA_011,E18 Bridge
HF,46080.0,8.415045953474118,16.6375,16.6438,44375.0,51212.0,Echolocation,Pipistrellus pipistrellus,0.516,0.6,-1,192000.0,/mnt/ubna_data_04/recover-20241018/UBNA_011/20241015_033000.WAV,recover-20241018,UBNA_011,E18 Bridge
LF,24960.0,17.51234474529758,199.2285,199.2447,22890.0,28170.0,Echolocation,Nyctalus leisleri,0.378,0.575,-1,192000.0,/mnt/ubna_data_04/recover-20241018/UBNA_011/20241014_022000.WAV,recover-20241018,UBNA_011,E18 Bridge
HF,46080.0,5.354536917917335,125.73949999999999,125.7485,45234.0,58009.0,Echolocation,Pipistrellus pipistrellus,0.484,0.661,-1,192000.0,/mnt/ubna_data_04/recover-20241018/UBNA_011/20241015_033000.WAV,recover-20241018,UBNA_011,E18 Bridge
HF,47040.0,11.518679765531697,229.8085,229.814,45234.0,63764.0,Echolocation,Pipistrellus pipistrellus,0.576,0.679,-1,192000.0,/mnt/ubna_data_04/recover-20241018/UBNA_011/20241018_020000.WAV,recover-20241018,UBNA_011,E18 Bridge
HF,48000.0,23.226624409699333,95.2135,95.2188,46093.0,66645.0,Echolocation,Pipistrellus pipistrellus,0.468,0.544,-1,192000.0,/mnt/ubna_data_04/recover-20241018/UBNA_011/20241017_024000.WAV,recover-20241018,UBNA_011,E18 Bridge
HF,49920.0,13.864676881305456,151.4685,151.4755,47812.0,65588.0,Echolocation,Pipistrellus pipistrellus,0.49,0.672,-1,192000.0,/mnt/ubna_data_04/recover-20241018/UBNA_011/20241018_020000.WAV,recover-20241018,UBNA_011,E18 Bridge
LF,25920.0,17.505719754808503,151.9745,151.9873,24609.0,32922.0,Echolocation,Eptesicus serotinus,0.362,0.624,-1,192000.0,/mnt/ubna_data_04/recover-20241018/UBNA_011/20241013_024000.WAV,recover-20241018,UBNA_011,E18 Bridge
HF,45120.0,13.785582087546452,66.0075,66.0174,43515.0,59169.0,Echolocation,Pipistrellus pipistrellus,0.511,0.649,-1,192000.0,/mnt/ubna_data_04/recover-20241018/UBNA_011/20241017_021000.WAV,recover-20241018,UBNA_011,E18 Bridge
HF,53760.0,14.25540313701273,35.8745,35.8785,42656.0,73608.0,Echolocation,Myotis mystacinus,0.213,0.632,-1,192000.0,/mnt/ubna_data_04/recover-20241018/UBNA_011/20241017_024000.WAV,recover-20241018,UBNA_011,E18 Bridge
LF,27840.0,4.885628144018638,100.3115,100.322,27187.0,33695.0,Echolocation,Nyctalus leisleri,0.446,0.669,-1,192000.0,/mnt/ubna_data_04/recover-20241018/UBNA_011/20241016_015000.WAV,recover-20241018,UBNA_011,E18 Bridge
HF,46080.0,11.800144242413538,210.8935,210.8998,45234.0,52682.0,Echolocation,Pipistrellus pipistrellus,0.583,0.603,-1,192000.0,/mnt/ubna_data_04/recover-20241018/UBNA_011/20241014_041000.WAV,recover-20241018,UBNA_011,E18 Bridge
HF,46080.0,6.687893533012729,154.5035,154.5135,44375.0,58760.0,Echolocation,Pipistrellus pipistrellus,0.444,0.568,-1,192000.0,/mnt/ubna_data_04/recover-20241018/UBNA_011/20241017_021000.WAV,recover-20241018,UBNA_011,E18 Bridge
HF,46080.0,18.886523512593318,278.4355,278.4451,44375.0,66711.0,Echolocation,Pipistrellus pipistrellus,0.469,0.595,-1,192000.0,/mnt/ubna_data_04/recover-20241018/UBNA_011/20241017_021000.WAV,recover-20241018,UBNA_011,E18 Bridge
LF,23040.0,29.927159334784264,221.0605,221.0774,22031.0,26735.0,Echolocation,Nyctalus leisleri,0.417,0.562,-1,192000.0,/mnt/ubna_data_04/recover-20241018/UBNA_011/20241014_025000.WAV,recover-20241018,UBNA_011,E18 Bridge
HF,46080.0,6.8999594138089755,190.6575,190.664,46093.0,65448.0,Echolocation,Pipistrellus pipistrellus,0.499,0.623,-1,192000.0,/mnt/ubna_data_04/recover-20241018/UBNA_011/20241017_022000.WAV,recover-20241018,UBNA_011,E18 Bridge
HF,47040.0,12.590606137247217,42.4315,42.4392,44375.0,64134.0,Echolocation,Pipistrellus pipistrellus,0.535,0.684,-1,192000.0,/mnt/ubna_data_04/recover-20241018/UBNA_011/20241017_022000.WAV,recover-20241018,UBNA_011,E18 Bridge
LF,24000.0,14.59167849164995,257.7765,257.7923,22890.0,27798.0,Echolocation,Nyctalus leisleri,0.431,0.604,-1,192000.0,/mnt/ubna_data_04/recover-20241018/UBNA_011/20241013_024000.WAV,recover-20241018,UBNA_011,E18 Bridge
LF,24000.0,7.064331685829667,52.414500000000004,52.4293,22890.0,27412.0,Echolocation,Nyctalus leisleri,0.619,0.689,-1,192000.0,/mnt/ubna_data_04/recover-20241018/UBNA_011/20241012_020000.WAV,recover-20241018,UBNA_011,E18 Bridge
HF,45120.0,9.770443124461334,32.8145,32.8205,44375.0,55819.0,Echolocation,Pipistrellus pipistrellus,0.536,0.607,-1,192000.0,/mnt/ubna_data_04/recover-20241018/UBNA_011/20241017_021000.WAV,recover-20241018,UBNA_011,E18 Bridge
HF,45120.0,7.234625081163662,1.4815,1.4928,44375.0,58732.0,Echolocation,Pipistrellus pipistrellus,0.446,0.574,-1,192000.0,/mnt/ubna_data_04/recover-20241018/UBNA_011/20241017_022000.WAV,recover-20241018,UBNA_011,E18 Bridge
HF,51840.0,10.738069456415422,293.7795,293.7846,50390.0,63401.0,Echolocation,Pipistrellus pipistrellus,0.494,0.565,-1,192000.0,/mnt/ubna_data_04/recover-20241018/UBNA_011/20241018_034000.WAV,recover-20241018,UBNA_011,E18 Bridge
HF,46080.0,7.337678509746867,6.3195,6.3249,46093.0,58056.0,Echolocation,Pipistrellus pipistrellus,0.596,0.619,-1,192000.0,/mnt/ubna_data_04/recover-20241018/UBNA_011/20241017_033000.WAV,recover-20241018,UBNA_011,E18 Bridge
HF,48000.0,21.439213810815957,51.0595,51.0642,46093.0,70191.0,Echolocation,Pipistrellus pipistrellus,0.549,0.636,-1,192000.0,/mnt/ubna_data_04/recover-20241018/UBNA_011/20241018_041000.WAV,recover-20241018,UBNA_011,E18 Bridge
HF,44160.0,7.566676247971942,211.9435,211.9512,43515.0,53438.0,Echolocation,Pipistrellus pipistrellus,0.574,0.669,-1,192000.0,/mnt/ubna_data_04/recover-20241018/UBNA_011/20241017_021000.WAV,recover-20241018,UBNA_011,E18 Bridge
HF,46080.0,12.566682453824106,151.5535,151.5649,44375.0,67438.0,Echolocation,Pipistrellus pipistrellus,0.352,0.522,-1,192000.0,/mnt/ubna_data_04/recover-20241018/UBNA_011/20241018_020000.WAV,recover-20241018,UBNA_011,E18 Bridge
HF,47040.0,5.289215346260763,91.5365,91.5419,46093.0,57749.0,Echolocation,Pipistrellus pipistrellus,0.557,0.592,-1,192000.0,/mnt/ubna_data_04/recover-20241018/UBNA_011/20241017_033000.WAV,recover-20241018,UBNA_011,E18 Bridge
HF,45120.0,13.907720778301563,269.6635,269.6703,43515.0,61583.0,Echolocation,Pipistrellus pipistrellus,0.529,0.589,-1,192000.0,/mnt/ubna_data_04/recover-20241018/UBNA_011/20241017_052000.WAV,recover-20241018,UBNA_011,E18 Bridge
LF,27840.0,30.98908322676372,6.6485,6.664,26328.0,32136.0,Echolocation,Nyctalus leisleri,0.375,0.668,-1,192000.0,/mnt/ubna_data_04/recover-20241018/UBNA_011/20241013_092000.WAV,recover-20241018,UBNA_011,E18 Bridge
HF,47040.0,10.746320363071703,278.5985,278.6062,46093.0,58555.0,Echolocation,Pipistrellus pipistrellus,0.531,0.598,-1,192000.0,/mnt/ubna_data_04/recover-20241018/UBNA_011/20241017_021000.WAV,recover-20241018,UBNA_011,E18 Bridge
LF,24960.0,21.240444562814,152.2065,152.222,23750.0,29650.0,Echolocation,Nyctalus leisleri,0.375,0.597,-1,192000.0,/mnt/ubna_data_04/recover-20241018/UBNA_011/20241013_024000.WAV,recover-20241018,UBNA_011,E18 Bridge
LF,26880.0,15.95161568610962,139.5745,139.5892,24609.0,29401.0,Echolocation,Nyctalus leisleri,0.533,0.653,-1,192000.0,/mnt/ubna_data_04/recover-20241018/UBNA_011/20241013_024000.WAV,recover-20241018,UBNA_011,E18 Bridge
HF,46080.0,11.996781339795007,229.9105,229.9155,43515.0,60069.0,Echolocation,Pipistrellus pipistrellus,0.631,0.689,-1,192000.0,/mnt/ubna_data_04/recover-20241018/UBNA_011/20241018_020000.WAV,recover-20241018,UBNA_011,E18 Bridge
HF,46080.0,9.789561766705894,181.8175,181.827,46093.0,61909.0,Echolocation,Pipistrellus pipistrellus,0.449,0.555,-1,192000.0,/mnt/ubna_data_04/recover-20241018/UBNA_011/20241017_021000.WAV,recover-20241018,UBNA_011,E18 Bridge
HF,46080.0,24.61833183703543,8.2115,8.2162,40078.0,76173.0,Echolocation,Myotis alcathoe,0.217,0.5,-1,192000.0,/mnt/ubna_data_04/recover-20241018/UBNA_011/20241017_053000.WAV,recover-20241018,UBNA_011,E18 Bridge
HF,45120.0,15.93973413199907,10.2945,10.3005,42656.0,62297.0,Echolocation,Pipistrellus pipistrellus,0.487,0.607,-1,192000.0,/mnt/ubna_data_04/recover-20241018/UBNA_011/20241014_042000.WAV,recover-20241018,UBNA_011,E18 Bridge
HF,46080.0,21.64043623210312,60.8185,60.8253,45234.0,75965.0,Echolocation,Pipistrellus pipistrellus,0.492,0.559,-1,192000.0,/mnt/ubna_data_04/recover-20241018/UBNA_011/20241018_022000.WAV,recover-20241018,UBNA_011,E18 Bridge
HF,46080.0,18.308309857648286,172.1295,172.1349,42656.0,55401.0,Echolocation,Pipistrellus pipistrellus,0.556,0.597,-1,192000.0,/mnt/ubna_data_04/recover-20241018/UBNA_011/20241017_033000.WAV,recover-20241018,UBNA_011,E18 Bridge
HF,50880.0,25.382385500656607,200.6645,200.6679,41796.0,74549.0,Echolocation,Myotis alcathoe,0.272,0.595,-1,192000.0,/mnt/ubna_data_04/recover-20241018/UBNA_011/20241018_071000.WAV,recover-20241018,UBNA_011,E18 Bridge
HF,46080.0,4.884137973881507,45.5225,45.5282,44375.0,55348.0,Echolocation,Pipistrellus pipistrellus,0.476,0.514,-1,192000.0,/mnt/ubna_data_04/recover-20241018/UBNA_011/20241017_033000.WAV,recover-20241018,UBNA_011,E18 Bridge
HF,48000.0,16.955635872301006,52.2225,52.2282,45234.0,66034.0,Echolocation,Pipistrellus pipistrellus,0.601,0.669,-1,192000.0,/mnt/ubna_data_04/recover-20241018/UBNA_011/20241013_084000.WAV,recover-20241018,UBNA_011,E18 Bridge
LF,25920.0,26.68885292975925,128.2595,128.2766,25468.0,28930.0,Echolocation,Nyctalus leisleri,0.468,0.537,-1,192000.0,/mnt/ubna_data_04/recover-20241018/UBNA_011/20241012_080000.WAV,recover-20241018,UBNA_011,E18 Bridge
HF,47040.0,15.226795496042303,66.2025,66.2103,44375.0,59927.0,Echolocation,Pipistrellus pipistrellus,0.576,0.656,-1,192000.0,/mnt/ubna_data_04/recover-20241018/UBNA_011/20241017_021000.WAV,recover-20241018,UBNA_011,E18 Bridge
LF,26880.0,19.362268330112833,290.6965,290.7117,26328.0,28612.0,Echolocation,Nyctalus leisleri,0.48,0.533,-1,192000.0,/mnt/ubna_data_04/recover-20241018/UBNA_011/20241013_083000.WAV,recover-20241018,UBNA_011,E18 Bridge
HF,45120.0,12.710927746387078,213.6225,213.6296,44375.0,52690.0,Echolocation,Pipistrellus pipistrellus,0.562,0.599,-1,192000.0,/mnt/ubna_data_04/recover-20241018/UBNA_011/20241012_065000.WAV,recover-20241018,UBNA_011,E18 Bridge
HF,48960.0,20.350292228320694,116.29050000000001,116.2949,46953.0,69041.0,Echolocation,Pipistrellus pipistrellus,0.471,0.5,-1,192000.0,/mnt/ubna_data_04/recover-20241018/UBNA_011/20241018_020000.WAV,recover-20241018,UBNA_011,E18 Bridge
HF,46080.0,9.83289558040386,257.9185,257.929,43515.0,62741.0,Echolocation,Pipistrellus pipistrellus,0.343,0.537,-1,192000.0,/mnt/ubna_data_04/recover-20241018/UBNA_011/20241017_021000.WAV,recover-20241018,UBNA_011,E18 Bridge
HF,51840.0,18.755942766171557,270.9485,270.9552,46093.0,64378.0,Echolocation,Pipistrellus pipistrellus,0.51,0.621,-1,192000.0,/mnt/ubna_data_04/recover-20241018/UBNA_011/20241017_052000.WAV,recover-20241018,UBNA_011,E18 Bridge
HF,49920.0,10.033231059724567,136.4785,136.4846,48671.0,63359.0,Echolocation,Pipistrellus pipistrellus,0.513,0.555,-1,192000.0,/mnt/ubna_data_04/recover-20241018/UBNA_011/20241017_021000.WAV,recover-20241018,UBNA_011,E18 Bridge
HF,45120.0,15.507255071383963,212.8135,212.821,43515.0,60553.0,Echolocation,Pipistrellus pipistrellus,0.477,0.579,-1,192000.0,/mnt/ubna_data_04/recover-20241018/UBNA_011/20241017_034000.WAV,recover-20241018,UBNA_011,E18 Bridge
HF,46080.0,17.90117324771019,92.2305,92.2385,44375.0,62291.0,Echolocation,Pipistrellus pipistrellus,0.533,0.684,-1,192000.0,/mnt/ubna_data_04/recover-20241018/UBNA_011/20241017_021000.WAV,recover-20241018,UBNA_011,E18 Bridge
HF,44160.0,10.466916117639471,155.4755,155.4828,43515.0,56628.0,Echolocation,Pipistrellus pipistrellus,0.423,0.556,-1,192000.0,/mnt/ubna_data_04/recover-20241018/UBNA_011/20241017_021000.WAV,recover-20241018,UBNA_011,E18 Bridge
HF,47040.0,6.306407648316484,42.5935,42.5991,46093.0,58426.0,Echolocation,Pipistrellus pipistrellus,0.587,0.621,-1,192000.0,/mnt/ubna_data_04/recover-20241018/UBNA_011/20241017_022000.WAV,recover-20241018,UBNA_011,E18 Bridge
HF,47040.0,21.31491913267289,262.08050000000003,262.0873,44375.0,72113.0,Echolocation,Pipistrellus pipistrellus,0.305,0.608,-1,192000.0,/mnt/ubna_data_04/recover-20241018/UBNA_011/20241015_064000.WAV,recover-20241018,UBNA_011,E18 Bridge
HF,45120.0,20.375155928856515,243.6725,243.6792,44375.0,63246.0,Echolocation,Pipistrellus pipistrellus,0.409,0.663,-1,192000.0,/mnt/ubna_data_04/recover-20241018/UBNA_011/20241017_020000.WAV,recover-20241018,UBNA_011,E18 Bridge
HF,51840.0,14.181676676806024,27.5085,27.5124,44375.0,70729.0,Echolocation,Myotis alcathoe,0.359,0.522,-1,192000.0,/mnt/ubna_data_04/recover-20241018/UBNA_011/20241017_024000.WAV,recover-20241018,UBNA_011,E18 Bridge
HF,47040.0,13.43577983146319,125.9335,125.9405,45234.0,62050.0,Echolocation,Pipistrellus pipistrellus,0.49,0.659,-1,192000.0,/mnt/ubna_data_04/recover-20241018/UBNA_011/20241015_033000.WAV,recover-20241018,UBNA_011,E18 Bridge
HF,43200.0,16.882466811936826,185.6565,185.6644,41796.0,63353.0,Echolocation,Pipistrellus pipistrellus,0.244,0.54,-1,192000.0,/mnt/ubna_data_04/recover-20241018/UBNA_011/20241017_030000.WAV,recover-20241018,UBNA_011,E18 Bridge
HF,48000.0,23.236177685366947,67.5225,67.5295,46093.0,59972.0,Echolocation,Pipistrellus pipistrellus,0.628,0.683,-1,192000.0,/mnt/ubna_data_04/recover-20241018/UBNA_011/20241015_041000.WAV,recover-20241018,UBNA_011,E18 Bridge
HF,48000.0,11.356702224321907,191.0485,191.055,47812.0,58786.0,Echolocation,Pipistrellus pipistrellus,0.571,0.611,-1,192000.0,/mnt/ubna_data_04/recover-20241018/UBNA_011/20241012_041000.WAV,recover-20241018,UBNA_011,E18 Bridge
LF,24000.0,10.413038976055018,9.1085,9.1237,22890.0,25991.0,Echolocation,Nyctalus leisleri,0.628,0.68,-1,192000.0,/mnt/ubna_data_04/recover-20241018/UBNA_011/20241014_021000.WAV,recover-20241018,UBNA_011,E18 Bridge
HF,51840.0,10.086802937793596,156.8535,156.8605,48671.0,67665.0,Echolocation,Pipistrellus pipistrellus,0.458,0.614,-1,192000.0,/mnt/ubna_data_04/recover-20241018/UBNA_011/20241017_022000.WAV,recover-20241018,UBNA_011,E18 Bridge
HF,47040.0,19.814643108586594,123.0125,123.019,44375.0,64130.0,Echolocation,Pipistrellus pipistrellus,0.583,0.662,-1,192000.0,/mnt/ubna_data_04/recover-20241018/UBNA_011/20241017_022000.WAV,recover-20241018,UBNA_011,E18 Bridge
HF,46080.0,12.413387008080576,80.6075,80.6135,45234.0,59361.0,Echolocation,Pipistrellus pipistrellus,0.534,0.6,-1,192000.0,/mnt/ubna_data_04/recover-20241018/UBNA_011/20241015_032000.WAV,recover-20241018,UBNA_011,E18 Bridge
HF,46080.0,8.706351853783996,190.7445,190.754,44375.0,64508.0,Echolocation,Pipistrellus pipistrellus,0.423,0.574,-1,192000.0,/mnt/ubna_data_04/recover-20241018/UBNA_011/20241017_022000.WAV,recover-20241018,UBNA_011,E18 Bridge
LF,28800.0,8.29967106474982,245.2485,245.258,27187.0,34092.0,Echolocation,Nyctalus leisleri,0.287,0.574,-1,192000.0,/mnt/ubna_data_04/recover-20241018/UBNA_011/20241014_035000.WAV,recover-20241018,UBNA_011,E18 Bridge
HF,45120.0,11.864123837402305,248.3705,248.3779,44375.0,54371.0,Echolocation,Pipistrellus pipistrellus,0.616,0.654,-1,192000.0,/mnt/ubna_data_04/recover-20241018/UBNA_011/20241017_022000.WAV,recover-20241018,UBNA_011,E18 Bridge
HF,46080.0,18.290821489660754,62.911500000000004,62.9184,43515.0,64153.0,Echolocation,Pipistrellus pipistrellus,0.613,0.655,-1,192000.0,/mnt/ubna_data_04/recover-20241018/UBNA_011/20241017_022000.WAV,recover-20241018,UBNA_011,E18 Bridge
HF,53760.0,9.235082605336268,272.4565,272.4592,51250.0,68664.0,Echolocation,Myotis alcathoe,0.422,0.576,-1,192000.0,/mnt/ubna_data_04/recover-20241018/UBNA_011/20241017_020000.WAV,recover-20241018,UBNA_011,E18 Bridge
HF,48960.0,16.567335341588883,54.674499999999995,54.680099999999996,46953.0,63458.0,Echolocation,Pipistrellus pipistrellus,0.659,0.698,-1,192000.0,/mnt/ubna_data_04/recover-20241018/UBNA_011/20241015_041000.WAV,recover-20241018,UBNA_011,E18 Bridge
LF,24000.0,13.030761021956716,221.3325,221.3492,22890.0,26779.0,Echolocation,Nyctalus leisleri,0.474,0.601,-1,192000.0,/mnt/ubna_data_04/recover-20241018/UBNA_011/20241014_025000.WAV,recover-20241018,UBNA_011,E18 Bridge
HF,48960.0,5.103591382959355,111.23349999999999,111.2378,48671.0,61922.0,Echolocation,Pipistrellus pipistrellus,0.488,0.506,-1,192000.0,/mnt/ubna_data_04/recover-20241018/UBNA_011/20241014_105000.WAV,recover-20241018,UBNA_011,E18 Bridge
HF,46080.0,7.230721959517746,195.7895,195.7955,45234.0,56834.0,Echolocation,Pipistrellus pipistrellus,0.46,0.545,-1,192000.0,/mnt/ubna_data_04/recover-20241018/UBNA_011/20241017_024000.WAV,recover-20241018,UBNA_011,E18 Bridge
LF,22080.0,26.741665295732375,35.1105,35.1295,21171.0,27386.0,Echolocation,Nyctalus noctula,0.429,0.644,-1,192000.0,/mnt/ubna_data_04/recover-20241018/UBNA_011/20241014_021000.WAV,recover-20241018,UBNA_011,E18 Bridge
HF,53760.0,15.944485997688014,35.9415,35.9456,42656.0,80551.0,Echolocation,Myotis mystacinus,0.231,0.636,-1,192000.0,/mnt/ubna_data_04/recover-20241018/UBNA_011/20241017_024000.WAV,recover-20241018,UBNA_011,E18 Bridge
HF,46080.0,14.700071971214985,210.9945,211.001,44375.0,59323.0,Echolocation,Pipistrellus pipistrellus,0.581,0.615,-1,192000.0,/mnt/ubna_data_04/recover-20241018/UBNA_011/20241014_041000.WAV,recover-20241018,UBNA_011,E18 Bridge
HF,46080.0,22.027412300744935,99.6605,99.6658,44375.0,60173.0,Echolocation,Pipistrellus pipistrellus,0.58,0.627,-1,192000.0,/mnt/ubna_data_04/recover-20241018/UBNA_011/20241014_102000.WAV,recover-20241018,UBNA_011,E18 Bridge
HF,46080.0,19.089766572350214,100.0145,100.02250000000001,43515.0,66561.0,Echolocation,Pipistrellus pipistrellus,0.327,0.564,-1,192000.0,/mnt/ubna_data_04/recover-20241018/UBNA_011/20241015_034000.WAV,recover-20241018,UBNA_011,E18 Bridge
LF,26880.0,27.541844284351264,100.5115,100.526,25468.0,37282.0,Echolocation,Eptesicus serotinus,0.323,0.624,-1,192000.0,/mnt/ubna_data_04/recover-20241018/UBNA_011/20241016_015000.WAV,recover-20241018,UBNA_011,E18 Bridge
HF,48960.0,17.302640120530825,48.4155,48.4204,45234.0,67858.0,Echolocation,Pipistrellus pipistrellus,0.398,0.513,-1,192000.0,/mnt/ubna_data_04/recover-20241018/UBNA_011/20241014_045000.WAV,recover-20241018,UBNA_011,E18 Bridge
LF,24000.0,10.771588380917743,199.8175,199.8366,22890.0,26903.0,Echolocation,Nyctalus leisleri,0.425,0.513,-1,192000.0,/mnt/ubna_data_04/recover-20241018/UBNA_011/20241014_022000.WAV,recover-20241018,UBNA_011,E18 Bridge
HF,47040.0,11.173940414356306,4.6135,4.6213,44375.0,63088.0,Echolocation,Pipistrellus pipistrellus,0.527,0.607,-1,192000.0,/mnt/ubna_data_04/recover-20241018/UBNA_011/20241017_021000.WAV,recover-20241018,UBNA_011,E18 Bridge
HF,46080.0,6.312782053141365,174.8435,174.8495,45234.0,52350.0,Echolocation,Pipistrellus pipistrellus,0.524,0.539,-1,192000.0,/mnt/ubna_data_04/recover-20241018/UBNA_011/20241015_033000.WAV,recover-20241018,UBNA_011,E18 Bridge
LF,26880.0,29.24831284522633,64.7175,64.7335,26328.0,29154.0,Echolocation,Nyctalus leisleri,0.532,0.641,-1,192000.0,/mnt/ubna_data_04/recover-20241018/UBNA_011/20241014_105000.WAV,recover-20241018,UBNA_011,E18 Bridge
HF,46080.0,7.658282203218353,13.6275,13.6355,44375.0,57731.0,Echolocation,Pipistrellus pipistrellus,0.474,0.523,-1,192000.0,/mnt/ubna_data_04/recover-20241018/UBNA_011/20241014_045000.WAV,recover-20241018,UBNA_011,E18 Bridge
HF,51840.0,15.032536349461068,95.2955,95.3013,45234.0,67676.0,Echolocation,Pipistrellus pipistrellus,0.31,0.522,-1,192000.0,/mnt/ubna_data_04/recover-20241018/UBNA_011/20241017_024000.WAV,recover-20241018,UBNA_011,E18 Bridge
HF,46080.0,5.448218362297508,27.4825,27.489,44375.0,53838.0,Echolocation,Pipistrellus pipistrellus,0.563,0.598,-1,192000.0,/mnt/ubna_data_04/recover-20241018/UBNA_011/20241015_052000.WAV,recover-20241018,UBNA_011,E18 Bridge
HF,46080.0,18.95819369824753,91.1075,91.1136,41796.0,64912.0,Echolocation,Pipistrellus pipistrellus,0.563,0.627,-1,192000.0,/mnt/ubna_data_04/recover-20241018/UBNA_011/20241017_022000.WAV,recover-20241018,UBNA_011,E18 Bridge
LF,26880.0,19.61081457540071,105.4195,105.4356,26328.0,28740.0,Echolocation,Nyctalus leisleri,0.672,0.719,-1,192000.0,/mnt/ubna_data_04/recover-20241018/UBNA_011/20241013_092000.WAV,recover-20241018,UBNA_011,E18 Bridge
HF,52800.0,19.323701511474948,249.6175,249.621,44375.0,75258.0,Echolocation,Myotis alcathoe,0.541,0.647,-1,192000.0,/mnt/ubna_data_04/recover-20241018/UBNA_011/20241016_025000.WAV,recover-20241018,UBNA_011,E18 Bridge
LF,26880.0,4.450270121218408,157.6275,157.6389,26328.0,31305.0,Echolocation,Nyctalus leisleri,0.32,0.513,-1,192000.0,/mnt/ubna_data_04/recover-20241018/UBNA_011/20241016_050000.WAV,recover-20241018,UBNA_011,E18 Bridge
HF,51840.0,36.737485015675006,295.4815,295.4874,39218.0,89054.0,Echolocation,Myotis brandtii,0.252,0.55,-1,192000.0,/mnt/ubna_data_04/recover-20241018/UBNA_011/20241015_020000.WAV,recover-20241018,UBNA_011,E18 Bridge
HF,47040.0,16.09877614185303,214.2445,214.2488,43515.0,69248.0,Echolocation,Myotis alcathoe,0.308,0.527,-1,192000.0,/mnt/ubna_data_04/recover-20241018/UBNA_011/20241014_104000.WAV,recover-20241018,UBNA_011,E18 Bridge
HF,45120.0,5.496900065730406,42.8535,42.8621,43515.0,58830.0,Echolocation,Pipistrellus pipistrellus,0.466,0.566,-1,192000.0,/mnt/ubna_data_04/recover-20241018/UBNA_011/20241015_052000.WAV,recover-20241018,UBNA_011,E18 Bridge
HF,46080.0,11.54072477852094,17.8495,17.8562,44375.0,56599.0,Echolocation,Pipistrellus pipistrellus,0.546,0.621,-1,192000.0,/mnt/ubna_data_04/recover-20241018/UBNA_011/20241015_033000.WAV,recover-20241018,UBNA_011,E18 Bridge
HF,46080.0,11.14757770558814,208.0215,208.0268,44375.0,56866.0,Echolocation,Pipistrellus pipistrellus,0.575,0.6,-1,192000.0,/mnt/ubna_data_04/recover-20241018/UBNA_011/20241017_023000.WAV,recover-20241018,UBNA_011,E18 Bridge
HF,46080.0,15.662087423972066,151.0965,151.1016,44375.0,63981.0,Echolocation,Pipistrellus pipistrellus,0.616,0.686,-1,192000.0,/mnt/ubna_data_04/recover-20241018/UBNA_011/20241015_091000.WAV,recover-20241018,UBNA_011,E18 Bridge
HF,48000.0,18.998200997215623,211.1545,211.1594,46093.0,66451.0,Echolocation,Pipistrellus pipistrellus,0.539,0.633,-1,192000.0,/mnt/ubna_data_04/recover-20241018/UBNA_011/20241012_030000.WAV,recover-20241018,UBNA_011,E18 Bridge
LF,27840.0,11.421153933005993,213.9295,213.9423,27187.0,31972.0,Echolocation,Nyctalus leisleri,0.365,0.581,-1,192000.0,/mnt/ubna_data_04/recover-20241018/UBNA_011/20241013_105000.WAV,recover-20241018,UBNA_011,E18 Bridge
HF,45120.0,13.368193230676969,274.9945,275.0032,42656.0,54908.0,Echolocation,Pipistrellus pipistrellus,0.428,0.626,-1,192000.0,/mnt/ubna_data_04/recover-20241018/UBNA_011/20241015_044000.WAV,recover-20241018,UBNA_011,E18 Bridge
HF,46080.0,14.183518875844943,206.5095,206.5174,44375.0,62040.0,Echolocation,Pipistrellus pipistrellus,0.577,0.714,-1,192000.0,/mnt/ubna_data_04/recover-20241018/UBNA_011/20241015_051000.WAV,recover-20241018,UBNA_011,E18 Bridge
HF,47040.0,8.08585895942374,66.3035,66.313,46093.0,54748.0,Echolocation,Pipistrellus pipistrellus,0.546,0.582,-1,192000.0,/mnt/ubna_data_04/recover-20241018/UBNA_011/20241017_021000.WAV,recover-20241018,UBNA_011,E18 Bridge
HF,49920.0,20.65310963455253,51.1445,51.1494,45234.0,70597.0,Echolocation,Pipistrellus pipistrellus,0.421,0.541,-1,192000.0,/mnt/ubna_data_04/recover-20241018/UBNA_011/20241018_041000.WAV,recover-20241018,UBNA_011,E18 Bridge
HF,44160.0,8.93714886954834,27.7825,27.7904,43515.0,55318.0,Echolocation,Pipistrellus pipistrellus,0.572,0.668,-1,192000.0,/mnt/ubna_data_04/recover-20241018/UBNA_011/20241015_052000.WAV,recover-20241018,UBNA_011,E18 Bridge
LF,24000.0,6.8910670689743565,52.572500000000005,52.5878,23750.0,27562.0,Echolocation,Nyctalus leisleri,0.521,0.622,-1,192000.0,/mnt/ubna_data_04/recover-20241018/UBNA_011/20241012_020000.WAV,recover-20241018,UBNA_011,E18 Bridge
HF,47040.0,19.184555298299383,36.5505,36.556,42656.0,71161.0,Echolocation,Myotis daubentonii,0.183,0.506,-1,192000.0,/mnt/ubna_data_04/recover-20241018/UBNA_011/20241017_024000.WAV,recover-20241018,UBNA_011,E18 Bridge
LF,23040.0,27.930393246595454,221.6025,221.6191,22031.0,26286.0,Echolocation,Nyctalus leisleri,0.478,0.596,-1,192000.0,/mnt/ubna_data_04/recover-20241018/UBNA_011/20241014_025000.WAV,recover-20241018,UBNA_011,E18 Bridge
HF,45120.0,12.729179377762234,212.0345,212.0423,43515.0,60360.0,Echolocation,Pipistrellus pipistrellus,0.565,0.674,-1,192000.0,/mnt/ubna_data_04/recover-20241018/UBNA_011/20241017_021000.WAV,recover-20241018,UBNA_011,E18 Bridge
HF,48000.0,10.230954692826625,42.954499999999996,42.962199999999996,42656.0,63062.0,Echolocation,Pipistrellus pipistrellus,0.308,0.502,-1,192000.0,/mnt/ubna_data_04/recover-20241018/UBNA_011/20241015_052000.WAV,recover-20241018,UBNA_011,E18 Bridge
HF,46080.0,11.016979360779107,91.7285,91.7339,45234.0,57139.0,Echolocation,Pipistrellus pipistrellus,0.516,0.553,-1,192000.0,/mnt/ubna_data_04/recover-20241018/UBNA_011/20241017_033000.WAV,recover-20241018,UBNA_011,E18 Bridge
LF,24000.0,8.361313301990025,200.3825,200.398,22890.0,27191.0,Echolocation,Nyctalus leisleri,0.461,0.61,-1,192000.0,/mnt/ubna_data_04/recover-20241018/UBNA_011/20241014_022000.WAV,recover-20241018,UBNA_011,E18 Bridge
HF,51840.0,18.487922533988293,151.6305,151.63569999999999,48671.0,65221.0,Echolocation,Pipistrellus pipistrellus,0.59,0.642,-1,192000.0,/mnt/ubna_data_04/recover-20241018/UBNA_011/20241018_020000.WAV,recover-20241018,UBNA_011,E18 Bridge
HF,48960.0,14.023977946466557,262.2565,262.26279999999997,45234.0,67202.0,Echolocation,Pipistrellus pipistrellus,0.521,0.699,-1,192000.0,/mnt/ubna_data_04/recover-20241018/UBNA_011/20241015_064000.WAV,recover-20241018,UBNA_011,E18 Bridge
HF,52800.0,21.584871601989114,295.6225,295.6267,40937.0,76590.0,Echolocation,Myotis mystacinus,0.253,0.636,-1,192000.0,/mnt/ubna_data_04/recover-20241018/UBNA_011/20241015_020000.WAV,recover-20241018,UBNA_011,E18 Bridge
HF,46080.0,13.384338188655017,99.7515,99.7569,43515.0,59050.0,Echolocation,Pipistrellus pipistrellus,0.542,0.587,-1,192000.0,/mnt/ubna_data_04/recover-20241018/UBNA_011/20241014_102000.WAV,recover-20241018,UBNA_011,E18 Bridge
HF,45120.0,11.461702098587557,208.1025,208.1081,44375.0,58992.0,Echolocation,Pipistrellus pipistrellus,0.585,0.659,-1,192000.0,/mnt/ubna_data_04/recover-20241018/UBNA_011/20241017_023000.WAV,recover-20241018,UBNA_011,E18 Bridge
HF,46080.0,11.310061654772072,4.6975,4.7075,44375.0,58624.0,Echolocation,Pipistrellus pipistrellus,0.492,0.58,-1,192000.0,/mnt/ubna_data_04/recover-20241018/UBNA_011/20241017_021000.WAV,recover-20241018,UBNA_011,E18 Bridge
HF,46080.0,5.448104758439042,262.2465,262.2584,44375.0,59080.0,Echolocation,Pipistrellus pipistrellus,0.395,0.516,-1,192000.0,/mnt/ubna_data_04/recover-20241018/UBNA_011/20241017_021000.WAV,recover-20241018,UBNA_011,E18 Bridge
HF,47040.0,21.341870639563894,60.9025,60.9089,45234.0,68963.0,Echolocation,Pipistrellus pipistrellus,0.591,0.683,-1,192000.0,/mnt/ubna_data_04/recover-20241018/UBNA_011/20241018_022000.WAV,recover-20241018,UBNA_011,E18 Bridge
HF,47040.0,9.919694193537445,100.1225,100.1323,45234.0,55287.0,Echolocation,Pipistrellus pipistrellus,0.487,0.538,-1,192000.0,/mnt/ubna_data_04/recover-20241018/UBNA_011/20241015_034000.WAV,recover-20241018,UBNA_011,E18 Bridge
HF,48960.0,6.892292670282769,111.3925,111.3972,45234.0,61089.0,Echolocation,Pipistrellus pipistrellus,0.532,0.624,-1,192000.0,/mnt/ubna_data_04/recover-20241018/UBNA_011/20241014_105000.WAV,recover-20241018,UBNA_011,E18 Bridge
HF,55680.0,18.795126725295507,116.3695,116.3733,48671.0,68336.0,Echolocation,Pipistrellus pipistrellus,0.66,0.711,-1,192000.0,/mnt/ubna_data_04/recover-20241018/UBNA_011/20241018_020000.WAV,recover-20241018,UBNA_011,E18 Bridge
LF,25920.0,18.58886795957084,139.8485,139.8629,25468.0,28690.0,Echolocation,Nyctalus leisleri,0.639,0.718,-1,192000.0,/mnt/ubna_data_04/recover-20241018/UBNA_011/20241013_024000.WAV,recover-20241018,UBNA_011,E18 Bridge
HF,45120.0,6.2359071774090395,275.0695,275.0759,43515.0,49564.0,Echolocation,Pipistrellus pipistrellus,0.573,0.614,-1,192000.0,/mnt/ubna_data_04/recover-20241018/UBNA_011/20241015_044000.WAV,recover-20241018,UBNA_011,E18 Bridge
HF,45120.0,19.18697180299517,243.7535,243.759,43515.0,58645.0,Echolocation,Pipistrellus pipistrellus,0.576,0.624,-1,192000.0,/mnt/ubna_data_04/recover-20241018/UBNA_011/20241017_020000.WAV,recover-20241018,UBNA_011,E18 Bridge
HF,51840.0,13.357307082157043,293.8645,293.8712,46093.0,67244.0,Echolocation,Pipistrellus pipistrellus,0.368,0.508,-1,192000.0,/mnt/ubna_data_04/recover-20241018/UBNA_011/20241018_034000.WAV,recover-20241018,UBNA_011,E18 Bridge
HF,53760.0,19.922798210921286,27.6695,27.6731,43515.0,71979.0,Echolocation,Myotis alcathoe,0.38,0.537,-1,192000.0,/mnt/ubna_data_04/recover-20241018/UBNA_011/20241017_024000.WAV,recover-20241018,UBNA_011,E18 Bridge
HF,45120.0,7.785726836317747,248.4715,248.4813,44375.0,54848.0,Echolocation,Pipistrellus pipistrellus,0.475,0.513,-1,192000.0,/mnt/ubna_data_04/recover-20241018/UBNA_011/20241017_022000.WAV,recover-20241018,UBNA_011,E18 Bridge
HF,46080.0,14.527513687922157,211.0895,211.0955,45234.0,53013.0,Echolocation,Pipistrellus pipistrellus,0.595,0.622,-1,192000.0,/mnt/ubna_data_04/recover-20241018/UBNA_011/20241014_041000.WAV,recover-20241018,UBNA_011,E18 Bridge
HF,52800.0,19.772193863421798,249.6725,249.6753,42656.0,70641.0,Echolocation,Myotis alcathoe,0.453,0.645,-1,192000.0,/mnt/ubna_data_04/recover-20241018/UBNA_011/20241016_025000.WAV,recover-20241018,UBNA_011,E18 Bridge
HF,48000.0,17.595313959969147,211.2455,211.2503,46093.0,64105.0,Echolocation,Pipistrellus pipistrellus,0.543,0.636,-1,192000.0,/mnt/ubna_data_04/recover-20241018/UBNA_011/20241012_030000.WAV,recover-20241018,UBNA_011,E18 Bridge
LF,25920.0,20.725340649373265,128.4875,128.502,25468.0,29783.0,Echolocation,Nyctalus leisleri,0.578,0.68,-1,192000.0,/mnt/ubna_data_04/recover-20241018/UBNA_011/20241012_080000.WAV,recover-20241018,UBNA_011,E18 Bridge
HF,48000.0,11.768986014727162,67.6155,67.6225,45234.0,60038.0,Echolocation,Pipistrellus pipistrellus,0.454,0.512,-1,192000.0,/mnt/ubna_data_04/recover-20241018/UBNA_011/20241015_041000.WAV,recover-20241018,UBNA_011,E18 Bridge
HF,46080.0,8.982841663942263,42.7745,42.781,44375.0,56613.0,Echolocation,Pipistrellus pipistrellus,0.485,0.547,-1,192000.0,/mnt/ubna_data_04/recover-20241018/UBNA_011/20241017_022000.WAV,recover-20241018,UBNA_011,E18 Bridge
HF,48000.0,12.603785561881436,54.7595,54.766999999999996,46953.0,60500.0,Echolocation,Pipistrellus pipistrellus,0.572,0.639,-1,192000.0,/mnt/ubna_data_04/recover-20241018/UBNA_011/20241015_041000.WAV,recover-20241018,UBNA_011,E18 Bridge
HF,47040.0,5.542466346565367,160.5385,160.5508,45234.0,60027.0,Echolocation,Pipistrellus pipistrellus,0.428,0.526,-1,192000.0,/mnt/ubna_data_04/recover-20241018/UBNA_011/20241017_022000.WAV,recover-20241018,UBNA_011,E18 Bridge
HF,48000.0,12.732219126831492,136.5495,136.5566,46953.0,63177.0,Echolocation,Pipistrellus pipistrellus,0.502,0.578,-1,192000.0,/mnt/ubna_data_04/recover-20241018/UBNA_011/20241017_021000.WAV,recover-20241018,UBNA_011,E18 Bridge
HF,46080.0,7.904497718719822,46.191500000000005,46.197199999999995,45234.0,60020.0,Echolocation,Pipistrellus pipistrellus,0.526,0.601,-1,192000.0,/mnt/ubna_data_04/recover-20241018/UBNA_011/20241017_033000.WAV,recover-20241018,UBNA_011,E18 Bridge
HF,46080.0,20.39173804063153,92.4245,92.4324,44375.0,65483.0,Echolocation,Pipistrellus pipistrellus,0.586,0.666,-1,192000.0,/mnt/ubna_data_04/recover-20241018/UBNA_011/20241017_021000.WAV,recover-20241018,UBNA_011,E18 Bridge
HF,48960.0,12.42248507041544,13.7215,13.7288,44375.0,62750.0,Echolocation,Pipistrellus pipistrellus,0.578,0.651,-1,192000.0,/mnt/ubna_data_04/recover-20241018/UBNA_011/20241014_045000.WAV,recover-20241018,UBNA_011,E18 Bridge
LF,26880.0,9.33741414180388,245.5135,245.5312,26328.0,29239.0,Echolocation,Nyctalus leisleri,0.453,0.521,-1,192000.0,/mnt/ubna_data_04/recover-20241018/UBNA_011/20241014_035000.WAV,recover-20241018,UBNA_011,E18 Bridge
HF,47040.0,12.733728718910113,206.6475,206.6532,44375.0,60169.0,Echolocation,Pipistrellus pipistrellus,0.507,0.577,-1,192000.0,/mnt/ubna_data_04/recover-20241018/UBNA_011/20241015_051000.WAV,recover-20241018,UBNA_011,E18 Bridge
HF,45120.0,11.390350426801245,184.2985,184.3077,44375.0,64435.0,Echolocation,Pipistrellus pipistrellus,0.409,0.587,-1,192000.0,/mnt/ubna_data_04/recover-20241018/UBNA_011/20241017_021000.WAV,recover-20241018,UBNA_011,E18 Bridge
HF,48000.0,23.64374622522631,151.1975,151.2025,45234.0,65148.0,Echolocation,Pipistrellus pipistrellus,0.502,0.529,-1,192000.0,/mnt/ubna_data_04/recover-20241018/UBNA_011/20241015_091000.WAV,recover-20241018,UBNA_011,E18 Bridge
HF,46080.0,19.245355954480484,63.1975,63.2041,44375.0,64700.0,Echolocation,Pipistrellus pipistrellus,0.621,0.661,-1,192000.0,/mnt/ubna_data_04/recover-20241018/UBNA_011/20241017_022000.WAV,recover-20241018,UBNA_011,E18 Bridge
HF,52800.0,17.198533422082853,272.5225,272.5254,46093.0,72171.0,Echolocation,Myotis alcathoe,0.268,0.511,-1,192000.0,/mnt/ubna_data_04/recover-20241018/UBNA_011/20241017_020000.WAV,recover-20241018,UBNA_011,E18 Bridge
HF,45120.0,10.041229361834795,80.6995,80.7054,44375.0,61367.0,Echolocation,Pipistrellus pipistrellus,0.594,0.7,-1,192000.0,/mnt/ubna_data_04/recover-20241018/UBNA_011/20241015_032000.WAV,recover-20241018,UBNA_011,E18 Bridge
LF,27840.0,30.68144372118194,64.9495,64.9648,26328.0,30933.0,Echolocation,Nyctalus leisleri,0.484,0.682,-1,192000.0,/mnt/ubna_data_04/recover-20241018/UBNA_011/20241014_105000.WAV,recover-20241018,UBNA_011,E18 Bridge
HF,48960.0,14.786465491896873,52.314499999999995,52.3193,46093.0,62740.0,Echolocation,Pipistrellus pipistrellus,0.51,0.533,-1,192000.0,/mnt/ubna_data_04/recover-20241018/UBNA_011/20241013_084000.WAV,recover-20241018,UBNA_011,E18 Bridge
HF,49920.0,27.407730814465516,200.8165,200.8205,41796.0,76666.0,Echolocation,Myotis alcathoe,0.317,0.613,-1,192000.0,/mnt/ubna_data_04/recover-20241018/UBNA_011/20241018_071000.WAV,recover-20241018,UBNA_011,E18 Bridge
HF,46080.0,5.1423225276105535,126.0405,126.0473,45234.0,51723.0,Echolocation,Pipistrellus pipistrellus,0.443,0.505,-1,192000.0,/mnt/ubna_data_04/recover-20241018/UBNA_011/20241015_033000.WAV,recover-20241018,UBNA_011,E18 Bridge
HF,47040.0,19.88550149426551,123.1055,123.1135,44375.0,64229.0,Echolocation,Pipistrellus pipistrellus,0.586,0.682,-1,192000.0,/mnt/ubna_data_04/recover-20241018/UBNA_011/20241017_022000.WAV,recover-20241018,UBNA_011,E18 Bridge
HF,47040.0,19.215563791852613,91.3185,91.3259,46093.0,62280.0,Echolocation,Pipistrellus pipistrellus,0.647,0.79,-1,192000.0,/mnt/ubna_data_04/recover-20241018/UBNA_011/20241017_022000.WAV,recover-20241018,UBNA_011,E18 Bridge
HF,45120.0,17.269629722278545,278.7615,278.7693,43515.0,63267.0,Echolocation,Pipistrellus pipistrellus,0.574,0.694,-1,192000.0,/mnt/ubna_data_04/recover-20241018/UBNA_011/20241017_021000.WAV,recover-20241018,UBNA_011,E18 Bridge
HF,46080.0,16.624296644240598,6.5005,6.5058,43515.0,61695.0,Echolocation,Pipistrellus pipistrellus,0.581,0.676,-1,192000.0,/mnt/ubna_data_04/recover-20241018/UBNA_011/20241017_033000.WAV,recover-20241018,UBNA_011,E18 Bridge
HF,51840.0,29.48480123360985,220.3135,220.3184,43515.0,83943.0,Echolocation,Myotis alcathoe,0.38,0.6,-1,192000.0,/mnt/ubna_data_04/recover-20241018/UBNA_011/20241014_104000.WAV,recover-20241018,UBNA_011,E18 Bridge
LF,26880.0,31.423832298484427,105.7695,105.7865,26328.0,28291.0,Echolocation,Nyctalus leisleri,0.698,0.719,-1,192000.0,/mnt/ubna_data_04/recover-20241018/UBNA_011/20241013_092000.WAV,recover-20241018,UBNA_011,E18 Bridge
LF,28800.0,18.634987071582184,214.1445,214.1594,27187.0,31599.0,Echolocation,Nyctalus leisleri,0.354,0.559,-1,192000.0,/mnt/ubna_data_04/recover-20241018/UBNA_011/20241013_105000.WAV,recover-20241018,UBNA_011,E18 Bridge
HF,46080.0,8.619502145818156,190.8295,190.837,44375.0,65276.0,Echolocation,Pipistrellus pipistrellus,0.43,0.64,-1,192000.0,/mnt/ubna_data_04/recover-20241018/UBNA_011/20241017_022000.WAV,recover-20241018,UBNA_011,E18 Bridge
LF,23040.0,23.96270911554798,35.3425,35.36,22031.0,27183.0,Echolocation,Nyctalus leisleri,0.26,0.55,-1,192000.0,/mnt/ubna_data_04/recover-20241018/UBNA_011/20241014_021000.WAV,recover-20241018,UBNA_011,E18 Bridge
HF,47040.0,18.65206325004365,195.8785,195.8844,45234.0,61804.0,Echolocation,Pipistrellus pipistrellus,0.56,0.729,-1,192000.0,/mnt/ubna_data_04/recover-20241018/UBNA_011/20241017_024000.WAV,recover-20241018,UBNA_011,E18 Bridge
HF,44160.0,18.37394468580837,1.5805,1.5881,42656.0,61115.0,Echolocation,Pipistrellus pipistrellus,0.573,0.66,-1,192000.0,/mnt/ubna_data_04/recover-20241018/UBNA_011/20241017_022000.WAV,recover-20241018,UBNA_011,E18 Bridge
LF,26880.0,16.285718226970026,6.8965,6.9108,26328.0,32701.0,Echolocation,Eptesicus serotinus,0.28,0.633,-1,192000.0,/mnt/ubna_data_04/recover-20241018/UBNA_011/20241013_092000.WAV,recover-20241018,UBNA_011,E18 Bridge
HF,48000.0,15.524336250255262,95.4575,95.4629,43515.0,64351.0,Echolocation,Pipistrellus pipistrellus,0.22,0.556,-1,192000.0,/mnt/ubna_data_04/recover-20241018/UBNA_011/20241017_024000.WAV,recover-20241018,UBNA_011,E18 Bridge
HF,46080.0,11.339003151751745,212.9085,212.9158,44375.0,55451.0,Echolocation,Pipistrellus pipistrellus,0.54,0.615,-1,192000.0,/mnt/ubna_data_04/recover-20241018/UBNA_011/20241017_034000.WAV,recover-20241018,UBNA_011,E18 Bridge
HF,47040.0,10.538445149582031,271.0345,271.0426,46093.0,59528.0,Echolocation,Pipistrellus pipistrellus,0.582,0.63,-1,192000.0,/mnt/ubna_data_04/recover-20241018/UBNA_011/20241017_052000.WAV,recover-20241018,UBNA_011,E18 Bridge
HF,47040.0,5.737942406341664,157.4745,157.4825,45234.0,61170.0,Echolocation,Pipistrellus pipistrellus,0.455,0.566,-1,192000.0,/mnt/ubna_data_04/recover-20241018/UBNA_011/20241017_021000.WAV,recover-20241018,UBNA_011,E18 Bridge
LF,24000.0,14.559829908297363,258.0015,258.0155,23750.0,29288.0,Echolocation,Nyctalus leisleri,0.357,0.551,-1,192000.0,/mnt/ubna_data_04/recover-20241018/UBNA_011/20241013_024000.WAV,recover-20241018,UBNA_011,E18 Bridge
HF,47040.0,19.606692755245362,10.3855,10.3915,42656.0,70115.0,Echolocation,Pipistrellus pipistrellus,0.394,0.532,-1,192000.0,/mnt/ubna_data_04/recover-20241018/UBNA_011/20241014_042000.WAV,recover-20241018,UBNA_011,E18 Bridge
HF,44160.0,13.53402224752867,185.8305,185.8376,41796.0,63444.0,Echolocation,Pipistrellus pipistrellus,0.389,0.582,-1,192000.0,/mnt/ubna_data_04/recover-20241018/UBNA_011/20241017_030000.WAV,recover-20241018,UBNA_011,E18 Bridge
HF,45120.0,21.351474492816955,172.2225,172.228,41796.0,62577.0,Echolocation,Pipistrellus pipistrellus,0.586,0.667,-1,192000.0,/mnt/ubna_data_04/recover-20241018/UBNA_011/20241017_033000.WAV,recover-20241018,UBNA_011,E18 Bridge
HF,48000.0,14.046289240509092,191.1355,191.1419,46953.0,54711.0,Echolocation,Pipistrellus pipistrellus,0.556,0.6,-1,192000.0,/mnt/ubna_data_04/recover-20241018/UBNA_011/20241012_041000.WAV,recover-20241018,UBNA_011,E18 Bridge
HF,46080.0,14.335547798603352,230.08350000000002,230.089,41796.0,61788.0,Echolocation,Pipistrellus pipistrellus,0.38,0.538,-1,192000.0,/mnt/ubna_data_04/recover-20241018/UBNA_011/20241018_020000.WAV,recover-20241018,UBNA_011,E18 Bridge
HF,46080.0,13.815621501617134,32.9065,32.9141,44375.0,59842.0,Echolocation,Pipistrellus pipistrellus,0.514,0.623,-1,192000.0,/mnt/ubna_data_04/recover-20241018/UBNA_011/20241017_021000.WAV,recover-20241018,UBNA_011,E18 Bridge
LF,24000.0,9.41891234014433,9.3865,9.4035,22890.0,27042.0,Echolocation,Nyctalus leisleri,0.392,0.508,-1,192000.0,/mnt/ubna_data_04/recover-20241018/UBNA_011/20241014_021000.WAV,recover-20241018,UBNA_011,E18 Bridge
LF,28800.0,21.196867904650674,100.6565,100.6682,26328.0,39068.0,Echolocation,Nyctalus leisleri,0.347,0.716,-1,192000.0,/mnt/ubna_data_04/recover-20241018/UBNA_011/20241016_015000.WAV,recover-20241018,UBNA_011,E18 Bridge
LF,27840.0,2.819657978370238,158.1715,158.183,26328.0,33236.0,Echolocation,Eptesicus serotinus,0.267,0.518,-1,192000.0,/mnt/ubna_data_04/recover-20241018/UBNA_011/20241016_050000.WAV,recover-20241018,UBNA_011,E18 Bridge
HF,46080.0,6.9963473390009785,175.0725,175.0787,45234.0,52180.0,Echolocation,Pipistrellus pipistrellus,0.525,0.573,-1,192000.0,/mnt/ubna_data_04/recover-20241018/UBNA_011/20241015_033000.WAV,recover-20241018,UBNA_011,E18 Bridge
HF,46080.0,9.415727209394323,18.0145,18.0209,43515.0,53724.0,Echolocation,Pipistrellus pipistrellus,0.359,0.611,-1,192000.0,/mnt/ubna_data_04/recover-20241018/UBNA_011/20241015_033000.WAV,recover-20241018,UBNA_011,E18 Bridge
HF,55680.0,22.826080451080113,49.0225,49.0274,45234.0,73876.0,Echolocation,Pipistrellus pipistrellus,0.438,0.567,-1,192000.0,/mnt/ubna_data_04/recover-20241018/UBNA_011/20241014_045000.WAV,recover-20241018,UBNA_011,E18 Bridge
HF,48000.0,16.479928470680647,269.7595,269.766,43515.0,61282.0,Echolocation,Pipistrellus pipistrellus,0.564,0.665,-1,192000.0,/mnt/ubna_data_04/recover-20241018/UBNA_011/20241017_052000.WAV,recover-20241018,UBNA_011,E18 Bridge
LF,24960.0,18.097812800049674,152.4475,152.4619,24609.0,30043.0,Echolocation,Nyctalus leisleri,0.41,0.615,-1,192000.0,/mnt/ubna_data_04/recover-20241018/UBNA_011/20241013_024000.WAV,recover-20241018,UBNA_011,E18 Bridge
LF,26880.0,17.22792435737375,290.9485,290.9633,25468.0,28337.0,Echolocation,Nyctalus leisleri,0.635,0.676,-1,192000.0,/mnt/ubna_data_04/recover-20241018/UBNA_011/20241013_083000.WAV,recover-20241018,UBNA_011,E18 Bridge
HF,45120.0,14.044812328510703,213.7085,213.7145,43515.0,59299.0,Echolocation,Pipistrellus pipistrellus,0.608,0.656,-1,192000.0,/mnt/ubna_data_04/recover-20241018/UBNA_011/20241012_065000.WAV,recover-20241018,UBNA_011,E18 Bridge
HF,45120.0,4.68379247531774,18.1955,18.2046,44375.0,51405.0,Echolocation,Pipistrellus pipistrellus,0.4,0.549,-1,192000.0,/mnt/ubna_data_04/recover-20241018/UBNA_011/20241015_033000.WAV,recover-20241018,UBNA_011,E18 Bridge
HF,46080.0,15.89457024800824,243.9665,243.9762,44375.0,65330.0,Echolocation,Pipistrellus pipistrellus,0.449,0.587,-1,192000.0,/mnt/ubna_data_04/recover-20241018/UBNA_011/20241017_020000.WAV,recover-20241018,UBNA_011,E18 Bridge
HF,54720.0,20.88800918652446,116.4485,116.453,47812.0,67936.0,Echolocation,Pipistrellus pipistrellus,0.554,0.573,-1,192000.0,/mnt/ubna_data_04/recover-20241018/UBNA_011/20241018_020000.WAV,recover-20241018,UBNA_011,E18 Bridge
LF,27840.0,11.000297779147076,214.3635,214.3781,27187.0,32012.0,Echolocation,Nyctalus leisleri,0.376,0.584,-1,192000.0,/mnt/ubna_data_04/recover-20241018/UBNA_011/20241013_105000.WAV,recover-20241018,UBNA_011,E18 Bridge
HF,54720.0,21.80361516971628,220.4635,220.4664,44375.0,72767.0,Echolocation,Myotis alcathoe,0.309,0.505,-1,192000.0,/mnt/ubna_data_04/recover-20241018/UBNA_011/20241014_104000.WAV,recover-20241018,UBNA_011,E18 Bridge
HF,45120.0,11.241216893651075,213.8885,213.894,44375.0,60548.0,Echolocation,Pipistrellus pipistrellus,0.623,0.648,-1,192000.0,/mnt/ubna_data_04/recover-20241018/UBNA_011/20241012_065000.WAV,recover-20241018,UBNA_011,E18 Bridge
HF,46080.0,18.673332610137653,10.4605,10.4669,40078.0,76088.0,Echolocation,Pipistrellus pipistrellus,0.388,0.646,-1,192000.0,/mnt/ubna_data_04/recover-20241018/UBNA_011/20241014_042000.WAV,recover-20241018,UBNA_011,E18 Bridge
LF,26880.0,19.62996663945915,291.1935,291.2099,26328.0,28529.0,Echolocation,Nyctalus leisleri,0.605,0.659,-1,192000.0,/mnt/ubna_data_04/recover-20241018/UBNA_011/20241013_083000.WAV,recover-20241018,UBNA_011,E18 Bridge
HF,53760.0,13.98601289598693,27.7265,27.7293,44375.0,71795.0,Echolocation,Myotis alcathoe,0.351,0.543,-1,192000.0,/mnt/ubna_data_04/recover-20241018/UBNA_011/20241017_024000.WAV,recover-20241018,UBNA_011,E18 Bridge
HF,48000.0,14.456870561619631,248.5625,248.5706,44375.0,59011.0,Echolocation,Pipistrellus pipistrellus,0.526,0.627,-1,192000.0,/mnt/ubna_data_04/recover-20241018/UBNA_011/20241017_022000.WAV,recover-20241018,UBNA_011,E18 Bridge
HF,46080.0,27.74900024275782,67.7005,67.7059,40937.0,65395.0,Echolocation,Pipistrellus pipistrellus,0.514,0.604,-1,192000.0,/mnt/ubna_data_04/recover-20241018/UBNA_011/20241015_041000.WAV,recover-20241018,UBNA_011,E18 Bridge
HF,47040.0,13.666012026515153,211.1905,211.1962,46093.0,58663.0,Echolocation,Pipistrellus pipistrellus,0.624,0.656,-1,192000.0,/mnt/ubna_data_04/recover-20241018/UBNA_011/20241014_041000.WAV,recover-20241018,UBNA_011,E18 Bridge
HF,52800.0,17.280247254289534,249.7245,249.7278,44375.0,73234.0,Echolocation,Myotis alcathoe,0.42,0.566,-1,192000.0,/mnt/ubna_data_04/recover-20241018/UBNA_011/20241016_025000.WAV,recover-20241018,UBNA_011,E18 Bridge
HF,45120.0,9.116840300403775,43.1215,43.1339,44375.0,56064.0,Echolocation,Pipistrellus pipistrellus,0.485,0.545,-1,192000.0,/mnt/ubna_data_04/recover-20241018/UBNA_011/20241017_022000.WAV,recover-20241018,UBNA_011,E18 Bridge
HF,44160.0,10.218914386679252,186.0085,186.0161,44375.0,58973.0,Echolocation,Pipistrellus pipistrellus,0.485,0.563,-1,192000.0,/mnt/ubna_data_04/recover-20241018/UBNA_011/20241017_030000.WAV,recover-20241018,UBNA_011,E18 Bridge
HF,47040.0,11.411235264770841,43.042500000000004,43.0488,43515.0,62562.0,Echolocation,Pipistrellus pipistrellus,0.528,0.612,-1,192000.0,/mnt/ubna_data_04/recover-20241018/UBNA_011/20241015_052000.WAV,recover-20241018,UBNA_011,E18 Bridge
HF,53760.0,34.06179077138371,295.6845,295.69,41796.0,84942.0,Echolocation,Myotis brandtii,0.158,0.514,-1,192000.0,/mnt/ubna_data_04/recover-20241018/UBNA_011/20241015_020000.WAV,recover-20241018,UBNA_011,E18 Bridge
LF,26880.0,28.551371425451457,7.1455,7.1609,26328.0,30987.0,Echolocation,Nyctalus leisleri,0.4,0.655,-1,192000.0,/mnt/ubna_data_04/recover-20241018/UBNA_011/20241013_092000.WAV,recover-20241018,UBNA_011,E18 Bridge
HF,46080.0,15.893652205406978,32.9985,33.0047,44375.0,62331.0,Echolocation,Pipistrellus pipistrellus,0.584,0.723,-1,192000.0,/mnt/ubna_data_04/recover-20241018/UBNA_011/20241017_021000.WAV,recover-20241018,UBNA_011,E18 Bridge
HF,47040.0,18.45006377298683,230.1715,230.1773,43515.0,65634.0,Echolocation,Pipistrellus pipistrellus,0.578,0.673,-1,192000.0,/mnt/ubna_data_04/recover-20241018/UBNA_011/20241018_020000.WAV,recover-20241018,UBNA_011,E18 Bridge
HF,48960.0,10.218156142629889,262.3165,262.3217,47812.0,63660.0,Echolocation,Pipistrellus pipistrellus,0.481,0.546,-1,192000.0,/mnt/ubna_data_04/recover-20241018/UBNA_011/20241015_064000.WAV,recover-20241018,UBNA_011,E18 Bridge
LF,27840.0,6.939687823609776,158.4325,158.4432,27187.0,32120.0,Echolocation,Nyctalus leisleri,0.343,0.509,-1,192000.0,/mnt/ubna_data_04/recover-20241018/UBNA_011/20241016_050000.WAV,recover-20241018,UBNA_011,E18 Bridge
HF,48000.0,18.95680553320299,269.8585,269.8652,42656.0,66764.0,Echolocation,Pipistrellus pipistrellus,0.541,0.66,-1,192000.0,/mnt/ubna_data_04/recover-20241018/UBNA_011/20241017_052000.WAV,recover-20241018,UBNA_011,E18 Bridge
LF,24000.0,9.176815600453757,52.8185,52.832,23750.0,28424.0,Echolocation,Nyctalus leisleri,0.36,0.523,-1,192000.0,/mnt/ubna_data_04/recover-20241018/UBNA_011/20241012_020000.WAV,recover-20241018,UBNA_011,E18 Bridge
HF,45120.0,9.65327123498696,27.9745,27.983,43515.0,51455.0,Echolocation,Pipistrellus pipistrellus,0.477,0.529,-1,192000.0,/mnt/ubna_data_04/recover-20241018/UBNA_011/20241015_052000.WAV,recover-20241018,UBNA_011,E18 Bridge
HF,45120.0,3.817940537233137,208.2865,208.294,43515.0,54942.0,Echolocation,Pipistrellus pipistrellus,0.458,0.504,-1,192000.0,/mnt/ubna_data_04/recover-20241018/UBNA_011/20241017_023000.WAV,recover-20241018,UBNA_011,E18 Bridge
HF,46080.0,9.046448052445973,91.7415,91.7552,45234.0,57430.0,Echolocation,Pipistrellus pipistrellus,0.444,0.536,-1,192000.0,/mnt/ubna_data_04/recover-20241018/UBNA_011/20241017_022000.WAV,recover-20241018,UBNA_011,E18 Bridge
HF,46080.0,12.388976280211567,212.1175,212.1239,44375.0,60784.0,Echolocation,Pipistrellus pipistrellus,0.581,0.682,-1,192000.0,/mnt/ubna_data_04/recover-20241018/UBNA_011/20241017_021000.WAV,recover-20241018,UBNA_011,E18 Bridge
HF,48960.0,13.760852636858159,52.1505,52.160399999999996,46093.0,65687.0,Echolocation,Pipistrellus pipistrellus,0.371,0.552,-1,192000.0,/mnt/ubna_data_04/recover-20241018/UBNA_011/20241018_041000.WAV,recover-20241018,UBNA_011,E18 Bridge
HF,52800.0,8.646212924583063,1.6725,1.6798,46953.0,66107.0,Echolocation,Pipistrellus pipistrellus,0.547,0.622,-1,192000.0,/mnt/ubna_data_04/recover-20241018/UBNA_011/20241017_022000.WAV,recover-20241018,UBNA_011,E18 Bridge
HF,45120.0,9.21071609576106,184.5965,184.6038,44375.0,52451.0,Echolocation,Pipistrellus pipistrellus,0.513,0.569,-1,192000.0,/mnt/ubna_data_04/recover-20241018/UBNA_011/20241017_021000.WAV,recover-20241018,UBNA_011,E18 Bridge
HF,48000.0,6.49285511403591,213.0045,213.011,44375.0,54883.0,Echolocation,Pipistrellus pipistrellus,0.57,0.6,-1,192000.0,/mnt/ubna_data_04/recover-20241018/UBNA_011/20241017_034000.WAV,recover-20241018,UBNA_011,E18 Bridge
HF,46080.0,24.30864355656069,99.8485,99.8559,43515.0,65116.0,Echolocation,Pipistrellus pipistrellus,0.609,0.66,-1,192000.0,/mnt/ubna_data_04/recover-20241018/UBNA_011/20241014_102000.WAV,recover-20241018,UBNA_011,E18 Bridge
HF,47040.0,4.546896662107935,206.7195,206.7254,45234.0,55102.0,Echolocation,Pipistrellus pipistrellus,0.557,0.582,-1,192000.0,/mnt/ubna_data_04/recover-20241018/UBNA_011/20241015_051000.WAV,recover-20241018,UBNA_011,E18 Bridge
HF,46080.0,18.458446570709764,151.2875,151.2929,44375.0,67771.0,Echolocation,Pipistrellus pipistrellus,0.48,0.539,-1,192000.0,/mnt/ubna_data_04/recover-20241018/UBNA_011/20241015_091000.WAV,recover-20241018,UBNA_011,E18 Bridge
HF,44160.0,13.997219426341784,275.1755,275.1818,42656.0,53194.0,Echolocation,Pipistrellus pipistrellus,0.497,0.623,-1,192000.0,/mnt/ubna_data_04/recover-20241018/UBNA_011/20241015_044000.WAV,recover-20241018,UBNA_011,E18 Bridge
LF,27840.0,15.861267297910096,65.1685,65.1826,26328.0,30433.0,Echolocation,Nyctalus leisleri,0.517,0.667,-1,192000.0,/mnt/ubna_data_04/recover-20241018/UBNA_011/20241014_105000.WAV,recover-20241018,UBNA_011,E18 Bridge
LF,26880.0,23.422539882576384,106.1165,106.134,26328.0,28367.0,Echolocation,Nyctalus leisleri,0.63,0.671,-1,192000.0,/mnt/ubna_data_04/recover-20241018/UBNA_011/20241013_092000.WAV,recover-20241018,UBNA_011,E18 Bridge
HF,51840.0,12.899893162071631,294.0755,294.0836,45234.0,69578.0,Echolocation,Pipistrellus pipistrellus,0.433,0.611,-1,192000.0,/mnt/ubna_data_04/recover-20241018/UBNA_011/20241018_034000.WAV,recover-20241018,UBNA_011,E18 Bridge
HF,46080.0,6.226463294685042,92.5285,92.5371,45234.0,56476.0,Echolocation,Pipistrellus pipistrellus,0.578,0.622,-1,192000.0,/mnt/ubna_data_04/recover-20241018/UBNA_011/20241017_021000.WAV,recover-20241018,UBNA_011,E18 Bridge
HF,48960.0,14.20907903510562,191.2045,191.2113,47812.0,56683.0,Echolocation,Pipistrellus pipistrellus,0.547,0.618,-1,192000.0,/mnt/ubna_data_04/recover-20241018/UBNA_011/20241012_041000.WAV,recover-20241018,UBNA_011,E18 Bridge
HF,47040.0,20.954714869707548,126.1385,126.1453,44375.0,63952.0,Echolocation,Pipistrellus pipistrellus,0.577,0.686,-1,192000.0,/mnt/ubna_data_04/recover-20241018/UBNA_011/20241015_033000.WAV,recover-20241018,UBNA_011,E18 Bridge
HF,48960.0,11.786927029540951,111.4675,111.4725,47812.0,57704.0,Echolocation,Pipistrellus pipistrellus,0.541,0.554,-1,192000.0,/mnt/ubna_data_04/recover-20241018/UBNA_011/20241014_105000.WAV,recover-20241018,UBNA_011,E18 Bridge
HF,46080.0,12.569069035692767,157.5625,157.5682,45234.0,61558.0,Echolocation,Pipistrellus pipistrellus,0.603,0.696,-1,192000.0,/mnt/ubna_data_04/recover-20241018/UBNA_011/20241017_021000.WAV,recover-20241018,UBNA_011,E18 Bridge
HF,48960.0,16.149233804838108,52.4105,52.4159,45234.0,65276.0,Echolocation,Pipistrellus pipistrellus,0.502,0.574,-1,192000.0,/mnt/ubna_data_04/recover-20241018/UBNA_011/20241013_084000.WAV,recover-20241018,UBNA_011,E18 Bridge
LF,25920.0,29.315313151283902,128.8245,128.8408,25468.0,27128.0,Echolocation,Nyctalus leisleri,0.567,0.654,-1,192000.0,/mnt/ubna_data_04/recover-20241018/UBNA_011/20241012_080000.WAV,recover-20241018,UBNA_011,E18 Bridge
LF,24960.0,11.589386168799205,221.8825,221.8991,23750.0,27093.0,Echolocation,Nyctalus leisleri,0.522,0.58,-1,192000.0,/mnt/ubna_data_04/recover-20241018/UBNA_011/20241014_025000.WAV,recover-20241018,UBNA_011,E18 Bridge
HF,47040.0,10.41734213227059,196.0475,196.0528,41796.0,60868.0,Echolocation,Pipistrellus pipistrellus,0.461,0.61,-1,192000.0,/mnt/ubna_data_04/recover-20241018/UBNA_011/20241017_024000.WAV,recover-20241018,UBNA_011,E18 Bridge
HF,46080.0,13.824795019221305,80.7945,80.8,45234.0,60459.0,Echolocation,Pipistrellus pipistrellus,0.645,0.712,-1,192000.0,/mnt/ubna_data_04/recover-20241018/UBNA_011/20241015_032000.WAV,recover-20241018,UBNA_011,E18 Bridge
HF,45120.0,17.935470744483446,66.3965,66.4047,43515.0,61216.0,Echolocation,Pipistrellus pipistrellus,0.619,0.718,-1,192000.0,/mnt/ubna_data_04/recover-20241018/UBNA_011/20241017_021000.WAV,recover-20241018,UBNA_011,E18 Bridge
LF,22080.0,25.171173876951755,35.9795,36.0003,21171.0,27328.0,Echolocation,Nyctalus noctula,0.436,0.61,-1,192000.0,/mnt/ubna_data_04/recover-20241018/UBNA_011/20241014_021000.WAV,recover-20241018,UBNA_011,E18 Bridge
HF,47040.0,24.48112864620554,36.6345,36.640299999999996,40937.0,77541.0,Echolocation,Myotis daubentonii,0.223,0.524,-1,192000.0,/mnt/ubna_data_04/recover-20241018/UBNA_011/20241017_024000.WAV,recover-20241018,UBNA_011,E18 Bridge
HF,45120.0,6.377096757376504,204.3425,204.34969999999998,43515.0,56353.0,Echolocation,Pipistrellus pipistrellus,0.187,0.515,-1,192000.0,/mnt/ubna_data_04/recover-20241018/UBNA_011/20241018_071000.WAV,recover-20241018,UBNA_011,E18 Bridge
HF,47040.0,10.031523774311113,91.9125,91.918,44375.0,56680.0,Echolocation,Pipistrellus pipistrellus,0.558,0.602,-1,192000.0,/mnt/ubna_data_04/recover-20241018/UBNA_011/20241017_033000.WAV,recover-20241018,UBNA_011,E18 Bridge
HF,47040.0,18.026123568374697,100.2185,100.2293,44375.0,70707.0,Echolocation,Pipistrellus pipistrellus,0.408,0.573,-1,192000.0,/mnt/ubna_data_04/recover-20241018/UBNA_011/20241015_034000.WAV,recover-20241018,UBNA_011,E18 Bridge
LF,24000.0,8.63697133824094,201.0855,201.1019,22890.0,26843.0,Echolocation,Nyctalus leisleri,0.468,0.568,-1,192000.0,/mnt/ubna_data_04/recover-20241018/UBNA_011/20241014_022000.WAV,recover-20241018,UBNA_011,E18 Bridge
LF,26880.0,25.56234834037611,100.7985,100.8105,26328.0,35539.0,Echolocation,Nyctalus leisleri,0.32,0.661,-1,192000.0,/mnt/ubna_data_04/recover-20241018/UBNA_011/20241016_015000.WAV,recover-20241018,UBNA_011,E18 Bridge
LF,25920.0,19.380471987725826,140.1165,140.1311,24609.0,31307.0,Echolocation,Nyctalus leisleri,0.277,0.584,-1,192000.0,/mnt/ubna_data_04/recover-20241018/UBNA_011/20241013_024000.WAV,recover-20241018,UBNA_011,E18 Bridge
LF,25920.0,13.182772538769875,152.6895,152.705,24609.0,27641.0,Echolocation,Nyctalus leisleri,0.478,0.577,-1,192000.0,/mnt/ubna_data_04/recover-20241018/UBNA_011/20241013_024000.WAV,recover-20241018,UBNA_011,E18 Bridge
HF,53760.0,18.803925246809413,49.0965,49.1018,45234.0,70192.0,Echolocation,Myotis alcathoe,0.35,0.516,-1,192000.0,/mnt/ubna_data_04/recover-20241018/UBNA_011/20241014_045000.WAV,recover-20241018,UBNA_011,E18 Bridge
HF,46080.0,13.02194397329296,4.8865,4.8937,45234.0,64954.0,Echolocation,Pipistrellus pipistrellus,0.644,0.707,-1,192000.0,/mnt/ubna_data_04/recover-20241018/UBNA_011/20241017_021000.WAV,recover-20241018,UBNA_011,E18 Bridge
HF,46080.0,10.286795858300582,269.9455,269.957,43515.0,62787.0,Echolocation,Pipistrellus pipistrellus,0.354,0.528,-1,192000.0,/mnt/ubna_data_04/recover-20241018/UBNA_011/20241017_021000.WAV,recover-20241018,UBNA_011,E18 Bridge
HF,52800.0,20.35472265582034,151.7095,151.7155,46953.0,64711.0,Echolocation,Pipistrellus pipistrellus,0.551,0.667,-1,192000.0,/mnt/ubna_data_04/recover-20241018/UBNA_011/20241018_020000.WAV,recover-20241018,UBNA_011,E18 Bridge
HF,49920.0,22.956578435254762,60.9785,60.9839,46953.0,67722.0,Echolocation,Pipistrellus pipistrellus,0.533,0.576,-1,192000.0,/mnt/ubna_data_04/recover-20241018/UBNA_011/20241018_022000.WAV,recover-20241018,UBNA_011,E18 Bridge
HF,46080.0,21.733709834275444,95.5795,95.5859,40078.0,77557.0,Echolocation,Pipistrellus pipistrellus,0.167,0.535,-1,192000.0,/mnt/ubna_data_04/recover-20241018/UBNA_011/20241017_024000.WAV,recover-20241018,UBNA_011,E18 Bridge
HF,47040.0,6.5219346588085685,175.2245,175.2313,46093.0,51847.0,Echolocation,Pipistrellus pipistrellus,0.483,0.501,-1,192000.0,/mnt/ubna_data_04/recover-20241018/UBNA_011/20241015_033000.WAV,recover-20241018,UBNA_011,E18 Bridge
HF,47040.0,13.13314929381451,278.8345,278.84590000000003,45234.0,62911.0,Echolocation,Pipistrellus pipistrellus,0.44,0.567,-1,192000.0,/mnt/ubna_data_04/recover-20241018/UBNA_011/20241017_021000.WAV,recover-20241018,UBNA_011,E18 Bridge
HF,48000.0,15.268438989969413,54.826499999999996,54.8341,46093.0,63643.0,Echolocation,Pipistrellus pipistrellus,0.453,0.586,-1,192000.0,/mnt/ubna_data_04/recover-20241018/UBNA_011/20241015_041000.WAV,recover-20241018,UBNA_011,E18 Bridge
LF,24000.0,8.5905866383426,259.1645,259.1776,23750.0,28222.0,Echolocation,Nyctalus leisleri,0.448,0.581,-1,192000.0,/mnt/ubna_data_04/recover-20241018/UBNA_011/20241013_024000.WAV,recover-20241018,UBNA_011,E18 Bridge
HF,45120.0,15.407652209103109,63.3805,63.3893,43515.0,59276.0,Echolocation,Pipistrellus pipistrellus,0.564,0.691,-1,192000.0,/mnt/ubna_data_04/recover-20241018/UBNA_011/20241017_022000.WAV,recover-20241018,UBNA_011,E18 Bridge
HF,46080.0,17.479688856595835,46.2695,46.275,45234.0,60608.0,Echolocation,Pipistrellus pipistrellus,0.543,0.67,-1,192000.0,/mnt/ubna_data_04/recover-20241018/UBNA_011/20241017_033000.WAV,recover-20241018,UBNA_011,E18 Bridge
HF,45120.0,7.686026724961059,172.3185,172.3243,44375.0,54171.0,Echolocation,Pipistrellus pipistrellus,0.607,0.632,-1,192000.0,/mnt/ubna_data_04/recover-20241018/UBNA_011/20241017_033000.WAV,recover-20241018,UBNA_011,E18 Bridge
HF,53760.0,11.915083556022172,272.5865,272.5898,48671.0,69502.0,Echolocation,Myotis alcathoe,0.311,0.612,-1,192000.0,/mnt/ubna_data_04/recover-20241018/UBNA_011/20241017_020000.WAV,recover-20241018,UBNA_011,E18 Bridge
HF,46080.0,6.434221152299926,160.8285,160.84,45234.0,58577.0,Echolocation,Pipistrellus pipistrellus,0.412,0.506,-1,192000.0,/mnt/ubna_data_04/recover-20241018/UBNA_011/20241017_022000.WAV,recover-20241018,UBNA_011,E18 Bridge
HF,47040.0,12.948202517350374,136.6265,136.6353,46093.0,65182.0,Echolocation,Pipistrellus pipistrellus,0.518,0.682,-1,192000.0,/mnt/ubna_data_04/recover-20241018/UBNA_011/20241017_021000.WAV,recover-20241018,UBNA_011,E18 Bridge
HF,48960.0,15.657642039041592,211.3365,211.3418,46093.0,64989.0,Echolocation,Pipistrellus pipistrellus,0.352,0.549,-1,192000.0,/mnt/ubna_data_04/recover-20241018/UBNA_011/20241012_030000.WAV,recover-20241018,UBNA_011,E18 Bridge
LF,26880.0,14.435019037274175,245.7595,245.7749,25468.0,31331.0,Echolocation,Eptesicus serotinus,0.243,0.541,-1,192000.0,/mnt/ubna_data_04/recover-20241018/UBNA_011/20241014_035000.WAV,recover-20241018,UBNA_011,E18 Bridge
LF,23040.0,11.383140375726322,9.6795,9.6955,22031.0,26406.0,Echolocation,Nyctalus leisleri,0.438,0.576,-1,192000.0,/mnt/ubna_data_04/recover-20241018/UBNA_011/20241014_021000.WAV,recover-20241018,UBNA_011,E18 Bridge
HF,46080.0,24.548963730882075,271.1225,271.1292,44375.0,67125.0,Echolocation,Pipistrellus pipistrellus,0.515,0.586,-1,192000.0,/mnt/ubna_data_04/recover-20241018/UBNA_011/20241017_052000.WAV,recover-20241018,UBNA_011,E18 Bridge
HF,45120.0,21.46908982492951,123.1995,123.2056,42656.0,67572.0,Echolocation,Pipistrellus pipistrellus,0.649,0.682,-1,192000.0,/mnt/ubna_data_04/recover-20241018/UBNA_011/20241017_022000.WAV,recover-20241018,UBNA_011,E18 Bridge
HF,45120.0,13.131059472334403,6.5875,6.5922,43515.0,57832.0,Echolocation,Pipistrellus pipistrellus,0.487,0.536,-1,192000.0,/mnt/ubna_data_04/recover-20241018/UBNA_011/20241017_033000.WAV,recover-20241018,UBNA_011,E18 Bridge
HF,47040.0,8.877948695570426,13.8185,13.8248,45234.0,54807.0,Echolocation,Pipistrellus pipistrellus,0.508,0.551,-1,192000.0,/mnt/ubna_data_04/recover-20241018/UBNA_011/20241014_045000.WAV,recover-20241018,UBNA_011,E18 Bridge
HF,46080.0,9.232530939670823,190.9025,190.91,45234.0,64665.0,Echolocation,Pipistrellus pipistrellus,0.425,0.606,-1,192000.0,/mnt/ubna_data_04/recover-20241018/UBNA_011/20241017_022000.WAV,recover-20241018,UBNA_011,E18 Bridge
HF,47040.0,17.593677688986634,230.3075,230.313,43515.0,60301.0,Echolocation,Pipistrellus pipistrellus,0.515,0.591,-1,192000.0,/mnt/ubna_data_04/recover-20241018/UBNA_011/20241018_020000.WAV,recover-20241018,UBNA_011,E18 Bridge
HF,47040.0,13.585707279742616,157.6485,157.6546,45234.0,59726.0,Echolocation,Pipistrellus pipistrellus,0.544,0.627,-1,192000.0,/mnt/ubna_data_04/recover-20241018/UBNA_011/20241017_021000.WAV,recover-20241018,UBNA_011,E18 Bridge
HF,51840.0,19.37798254696289,49.448499999999996,49.4534,45234.0,69089.0,Echolocation,Pipistrellus pipistrellus,0.26,0.511,-1,192000.0,/mnt/ubna_data_04/recover-20241018/UBNA_011/20241014_045000.WAV,recover-20241018,UBNA_011,E18 Bridge
HF,45120.0,11.23281741937873,126.3485,126.3578,44375.0,61069.0,Echolocation,Pipistrellus pipistrellus,0.348,0.595,-1,192000.0,/mnt/ubna_data_04/recover-20241018/UBNA_011/20241015_033000.WAV,recover-20241018,UBNA_011,E18 Bridge
HF,48000.0,14.668552150411491,151.8015,151.8106,46093.0,66087.0,Echolocation,Pipistrellus pipistrellus,0.441,0.623,-1,192000.0,/mnt/ubna_data_04/recover-20241018/UBNA_011/20241018_020000.WAV,recover-20241018,UBNA_011,E18 Bridge
HF,46080.0,21.501285812910833,61.0555,61.0617,46093.0,70105.0,Echolocation,Pipistrellus pipistrellus,0.528,0.566,-1,192000.0,/mnt/ubna_data_04/recover-20241018/UBNA_011/20241018_022000.WAV,recover-20241018,UBNA_011,E18 Bridge
HF,48000.0,7.414611400123661,67.9335,67.9381,42656.0,59226.0,Echolocation,Pipistrellus pipistrellus,0.481,0.601,-1,192000.0,/mnt/ubna_data_04/recover-20241018/UBNA_011/20241015_041000.WAV,recover-20241018,UBNA_011,E18 Bridge
HF,46080.0,6.405026343624275,175.3055,175.3113,45234.0,56038.0,Echolocation,Pipistrellus pipistrellus,0.524,0.549,-1,192000.0,/mnt/ubna_data_04/recover-20241018/UBNA_011/20241015_033000.WAV,recover-20241018,UBNA_011,E18 Bridge
HF,47040.0,13.446332235621723,43.1315,43.1398,45234.0,63451.0,Echolocation,Pipistrellus pipistrellus,0.518,0.674,-1,192000.0,/mnt/ubna_data_04/recover-20241018/UBNA_011/20241015_052000.WAV,recover-20241018,UBNA_011,E18 Bridge
HF,46080.0,8.59419064665699,100.8555,100.8666,45234.0,59537.0,Echolocation,Pipistrellus pipistrellus,0.432,0.516,-1,192000.0,/mnt/ubna_data_04/recover-20241018/UBNA_011/20241017_022000.WAV,recover-20241018,UBNA_011,E18 Bridge
HF,53760.0,24.6432564955876,295.9205,295.9255,41796.0,81057.0,Echolocation,Myotis brandtii,0.259,0.715,-1,192000.0,/mnt/ubna_data_04/recover-20241018/UBNA_011/20241015_020000.WAV,recover-20241018,UBNA_011,E18 Bridge
HF,45120.0,16.918783495832674,248.7555,248.7642,44375.0,54594.0,Echolocation,Pipistrellus pipistrellus,0.475,0.578,-1,192000.0,/mnt/ubna_data_04/recover-20241018/UBNA_011/20241017_022000.WAV,recover-20241018,UBNA_011,E18 Bridge
HF,52800.0,9.345342460677104,136.7035,136.7109,47812.0,66691.0,Echolocation,Pipistrellus pipistrellus,0.537,0.658,-1,192000.0,/mnt/ubna_data_04/recover-20241018/UBNA_011/20241017_021000.WAV,recover-20241018,UBNA_011,E18 Bridge
HF,48000.0,12.54943589663654,55.0745,55.0827,46953.0,65004.0,Echolocation,Pipistrellus pipistrellus,0.476,0.62,-1,192000.0,/mnt/ubna_data_04/recover-20241018/UBNA_011/20241015_041000.WAV,recover-20241018,UBNA_011,E18 Bridge
HF,44160.0,12.200826701879384,275.3705,275.378,42656.0,55096.0,Echolocation,Pipistrellus pipistrellus,0.31,0.604,-1,192000.0,/mnt/ubna_data_04/recover-20241018/UBNA_011/20241015_044000.WAV,recover-20241018,UBNA_011,E18 Bridge
HF,45120.0,9.513953550692815,92.2955,92.302,44375.0,52852.0,Echolocation,Pipistrellus pipistrellus,0.531,0.605,-1,192000.0,/mnt/ubna_data_04/recover-20241018/UBNA_011/20241017_033000.WAV,recover-20241018,UBNA_011,E18 Bridge
HF,45120.0,17.532182276525738,172.40449999999998,172.409,41796.0,57758.0,Echolocation,Pipistrellus pipistrellus,0.586,0.624,-1,192000.0,/mnt/ubna_data_04/recover-20241018/UBNA_011/20241017_033000.WAV,recover-20241018,UBNA_011,E18 Bridge
HF,46080.0,12.926400270387507,190.9815,190.9869,45234.0,63416.0,Echolocation,Pipistrellus pipistrellus,0.557,0.69,-1,192000.0,/mnt/ubna_data_04/recover-20241018/UBNA_011/20241017_022000.WAV,recover-20241018,UBNA_011,E18 Bridge
HF,47040.0,14.739733796980586,13.9135,13.9186,46093.0,62065.0,Echolocation,Pipistrellus pipistrellus,0.567,0.64,-1,192000.0,/mnt/ubna_data_04/recover-20241018/UBNA_011/20241014_045000.WAV,recover-20241018,UBNA_011,E18 Bridge
HF,45120.0,7.3602737180639775,28.0655,28.0762,44375.0,53522.0,Echolocation,Pipistrellus pipistrellus,0.444,0.55,-1,192000.0,/mnt/ubna_data_04/recover-20241018/UBNA_011/20241015_052000.WAV,recover-20241018,UBNA_011,E18 Bridge
HF,48000.0,14.255624735271814,206.8075,206.8128,43515.0,59618.0,Echolocation,Pipistrellus pipistrellus,0.57,0.623,-1,192000.0,/mnt/ubna_data_04/recover-20241018/UBNA_011/20241015_051000.WAV,recover-20241018,UBNA_011,E18 Bridge
HF,47040.0,21.306218029517034,213.0985,213.1045,41796.0,61096.0,Echolocation,Pipistrellus pipistrellus,0.567,0.618,-1,192000.0,/mnt/ubna_data_04/recover-20241018/UBNA_011/20241017_034000.WAV,recover-20241018,UBNA_011,E18 Bridge
HF,46080.0,13.25214525041516,213.9725,213.9783,45234.0,57445.0,Echolocation,Pipistrellus pipistrellus,0.619,0.641,-1,192000.0,/mnt/ubna_data_04/recover-20241018/UBNA_011/20241012_065000.WAV,recover-20241018,UBNA_011,E18 Bridge
HF,50880.0,12.77848020458425,52.2355,52.2422,46953.0,64698.0,Echolocation,Pipistrellus pipistrellus,0.482,0.589,-1,192000.0,/mnt/ubna_data_04/recover-20241018/UBNA_011/20241018_041000.WAV,recover-20241018,UBNA_011,E18 Bridge
HF,52800.0,16.194483953069543,294.2495,294.2563,46953.0,66738.0,Echolocation,Pipistrellus pipistrellus,0.466,0.609,-1,192000.0,/mnt/ubna_data_04/recover-20241018/UBNA_011/20241018_034000.WAV,recover-20241018,UBNA_011,E18 Bridge
LF,26880.0,28.287118267219448,101.0275,101.0402,26328.0,36793.0,Echolocation,Eptesicus serotinus,0.367,0.613,-1,192000.0,/mnt/ubna_data_04/recover-20241018/UBNA_011/20241016_015000.WAV,recover-20241018,UBNA_011,E18 Bridge
HF,46080.0,19.693689339631042,10.5485,10.5543,40078.0,67795.0,Echolocation,Pipistrellus pipistrellus,0.571,0.646,-1,192000.0,/mnt/ubna_data_04/recover-20241018/UBNA_011/20241014_042000.WAV,recover-20241018,UBNA_011,E18 Bridge
HF,45120.0,11.330927578031499,80.8865,80.8925,44375.0,62387.0,Echolocation,Pipistrellus pipistrellus,0.55,0.68,-1,192000.0,/mnt/ubna_data_04/recover-20241018/UBNA_011/20241015_032000.WAV,recover-20241018,UBNA_011,E18 Bridge
HF,46080.0,14.777011786453716,100.3115,100.3211,45234.0,67977.0,Echolocation,Pipistrellus pipistrellus,0.511,0.66,-1,192000.0,/mnt/ubna_data_04/recover-20241018/UBNA_011/20241015_034000.WAV,recover-20241018,UBNA_011,E18 Bridge
HF,46080.0,4.602782267302274,208.7925,208.7998,45234.0,55036.0,Echolocation,Pipistrellus pipistrellus,0.47,0.561,-1,192000.0,/mnt/ubna_data_04/recover-20241018/UBNA_011/20241017_023000.WAV,recover-20241018,UBNA_011,E18 Bridge
HF,45120.0,6.08369902699235,204.5275,204.53640000000001,43515.0,60665.0,Echolocation,Pipistrellus pipistrellus,0.345,0.534,-1,192000.0,/mnt/ubna_data_04/recover-20241018/UBNA_011/20241018_071000.WAV,recover-20241018,UBNA_011,E18 Bridge
HF,48000.0,16.05659386531006,95.6535,95.6588,40937.0,70866.0,Echolocation,Myotis mystacinus,0.147,0.509,-1,192000.0,/mnt/ubna_data_04/recover-20241018/UBNA_011/20241017_024000.WAV,recover-20241018,UBNA_011,E18 Bridge
HF,45120.0,8.646677001252577,43.3155,43.3285,44375.0,51424.0,Echolocation,Pipistrellus pipistrellus,0.446,0.546,-1,192000.0,/mnt/ubna_data_04/recover-20241018/UBNA_011/20241017_022000.WAV,recover-20241018,UBNA_011,E18 Bridge
HF,46080.0,10.088195776782275,211.2835,211.2901,45234.0,52030.0,Echolocation,Pipistrellus pipistrellus,0.611,0.623,-1,192000.0,/mnt/ubna_data_04/recover-20241018/UBNA_011/20241014_041000.WAV,recover-20241018,UBNA_011,E18 Bridge
HF,46080.0,17.98188382504215,4.9825,4.9884,45234.0,64338.0,Echolocation,Pipistrellus pipistrellus,0.637,0.737,-1,192000.0,/mnt/ubna_data_04/recover-20241018/UBNA_011/20241017_021000.WAV,recover-20241018,UBNA_011,E18 Bridge
LF,24000.0,9.59357803158188,201.8015,201.819,22890.0,25969.0,Echolocation,Nyctalus leisleri,0.516,0.581,-1,192000.0,/mnt/ubna_data_04/recover-20241018/UBNA_011/20241014_022000.WAV,recover-20241018,UBNA_011,E18 Bridge
HF,48000.0,12.110270417522134,37.2885,37.2945,46093.0,66456.0,Echolocation,Pipistrellus pipistrellus,0.231,0.556,-1,192000.0,/mnt/ubna_data_04/recover-20241018/UBNA_011/20241017_024000.WAV,recover-20241018,UBNA_011,E18 Bridge
HF,48000.0,7.676905087202911,66.4945,66.5021,46093.0,52687.0,Echolocation,Pipistrellus pipistrellus,0.522,0.532,-1,192000.0,/mnt/ubna_data_04/recover-20241018/UBNA_011/20241017_021000.WAV,recover-20241018,UBNA_011,E18 Bridge
LF,23040.0,18.97275254051201,222.17849999999999,222.1963,22031.0,26112.0,Echolocation,Nyctalus leisleri,0.554,0.615,-1,192000.0,/mnt/ubna_data_04/recover-20241018/UBNA_011/20241014_025000.WAV,recover-20241018,UBNA_011,E18 Bridge
HF,47040.0,17.349999685609433,52.5065,52.5119,46093.0,63255.0,Echolocation,Pipistrellus pipistrellus,0.621,0.691,-1,192000.0,/mnt/ubna_data_04/recover-20241018/UBNA_011/20241013_084000.WAV,recover-20241018,UBNA_011,E18 Bridge
HF,53760.0,19.162331441142403,27.7845,27.788,44375.0,77330.0,Echolocation,Myotis alcathoe,0.448,0.592,-1,192000.0,/mnt/ubna_data_04/recover-20241018/UBNA_011/20241017_024000.WAV,recover-20241018,UBNA_011,E18 Bridge
HF,48000.0,10.607452671803493,111.5515,111.55539999999999,45234.0,60237.0,Echolocation,Pipistrellus pipistrellus,0.596,0.619,-1,192000.0,/mnt/ubna_data_04/recover-20241018/UBNA_011/20241014_105000.WAV,recover-20241018,UBNA_011,E18 Bridge
HF,52800.0,16.273327246268273,272.6525,272.6565,44375.0,77038.0,Echolocation,Myotis alcathoe,0.235,0.583,-1,192000.0,/mnt/ubna_data_04/recover-20241018/UBNA_011/20241017_020000.WAV,recover-20241018,UBNA_011,E18 Bridge
LF,26880.0,12.712030565348279,246.4185,246.4361,26328.0,29329.0,Echolocation,Nyctalus leisleri,0.478,0.568,-1,192000.0,/mnt/ubna_data_04/recover-20241018/UBNA_011/20241014_035000.WAV,recover-20241018,UBNA_011,E18 Bridge
HF,49920.0,16.566267946363432,211.4075,211.4123,47812.0,67087.0,Echolocation,Pipistrellus pipistrellus,0.555,0.615,-1,192000.0,/mnt/ubna_data_04/recover-20241018/UBNA_011/20241012_030000.WAV,recover-20241018,UBNA_011,E18 Bridge
HF,46080.0,8.910103007161144,46.3595,46.3648,45234.0,58674.0,Echolocation,Pipistrellus pipistrellus,0.586,0.676,-1,192000.0,/mnt/ubna_data_04/recover-20241018/UBNA_011/20241017_033000.WAV,recover-20241018,UBNA_011,E18 Bridge
LF,25920.0,16.888733061555513,153.4165,153.4312,24609.0,28782.0,Echolocation,Nyctalus leisleri,0.368,0.553,-1,192000.0,/mnt/ubna_data_04/recover-20241018/UBNA_011/20241013_024000.WAV,recover-20241018,UBNA_011,E18 Bridge
HF,47040.0,20.510491200530648,123.2905,123.2981,43515.0,67630.0,Echolocation,Pipistrellus pipistrellus,0.575,0.656,-1,192000.0,/mnt/ubna_data_04/recover-20241018/UBNA_011/20241017_022000.WAV,recover-20241018,UBNA_011,E18 Bridge
LF,22080.0,31.006954554945292,36.3465,36.3638,21171.0,28294.0,Echolocation,Nyctalus noctula,0.38,0.62,-1,192000.0,/mnt/ubna_data_04/recover-20241018/UBNA_011/20241014_021000.WAV,recover-20241018,UBNA_011,E18 Bridge
HF,52800.0,11.612738774281222,196.1385,196.1455,45234.0,63948.0,Echolocation,Pipistrellus pipistrellus,0.444,0.61,-1,192000.0,/mnt/ubna_data_04/recover-20241018/UBNA_011/20241017_024000.WAV,recover-20241018,UBNA_011,E18 Bridge
LF,26880.0,19.63130113796629,7.3785,7.3937,26328.0,32045.0,Echolocation,Nyctalus leisleri,0.27,0.58,-1,192000.0,/mnt/ubna_data_04/recover-20241018/UBNA_011/20241013_092000.WAV,recover-20241018,UBNA_011,E18 Bridge
HF,46080.0,17.886882303176225,33.088499999999996,33.0947,44375.0,59950.0,Echolocation,Pipistrellus pipistrellus,0.592,0.655,-1,192000.0,/mnt/ubna_data_04/recover-20241018/UBNA_011/20241017_021000.WAV,recover-20241018,UBNA_011,E18 Bridge
HF,45120.0,18.749095799494025,99.9385,99.9441,43515.0,61819.0,Echolocation,Pipistrellus pipistrellus,0.528,0.554,-1,192000.0,/mnt/ubna_data_04/recover-20241018/UBNA_011/20241014_102000.WAV,recover-20241018,UBNA_011,E18 Bridge
HF,46080.0,18.405070720061637,1.7715,1.7768,43515.0,61438.0,Echolocation,Pipistrellus pipistrellus,0.55,0.573,-1,192000.0,/mnt/ubna_data_04/recover-20241018/UBNA_011/20241017_022000.WAV,recover-20241018,UBNA_011,E18 Bridge
HF,48000.0,17.64225951508027,269.9585,269.9659,43515.0,66560.0,Echolocation,Pipistrellus pipistrellus,0.532,0.7,-1,192000.0,/mnt/ubna_data_04/recover-20241018/UBNA_011/20241017_052000.WAV,recover-20241018,UBNA_011,E18 Bridge
LF,26880.0,34.472644372396594,106.4605,106.4788,26328.0,28176.0,Echolocation,Nyctalus leisleri,0.613,0.667,-1,192000.0,/mnt/ubna_data_04/recover-20241018/UBNA_011/20241013_092000.WAV,recover-20241018,UBNA_011,E18 Bridge
HF,46080.0,6.957752327085521,186.2735,186.2799,45234.0,57519.0,Echolocation,Pipistrellus pipistrellus,0.463,0.57,-1,192000.0,/mnt/ubna_data_04/recover-20241018/UBNA_011/20241017_030000.WAV,recover-20241018,UBNA_011,E18 Bridge
LF,26880.0,35.84086463306289,129.0515,129.0665,25468.0,28214.0,Echolocation,Nyctalus leisleri,0.692,0.76,-1,192000.0,/mnt/ubna_data_04/recover-20241018/UBNA_011/20241012_080000.WAV,recover-20241018,UBNA_011,E18 Bridge
HF,48960.0,14.427730967001589,191.2705,191.2769,46953.0,57603.0,Echolocation,Pipistrellus pipistrellus,0.605,0.63,-1,192000.0,/mnt/ubna_data_04/recover-20241018/UBNA_011/20241012_041000.WAV,recover-20241018,UBNA_011,E18 Bridge
LF,27840.0,19.186240568759487,214.6855,214.7004,27187.0,31119.0,Echolocation,Nyctalus leisleri,0.618,0.701,-1,192000.0,/mnt/ubna_data_04/recover-20241018/UBNA_011/20241013_105000.WAV,recover-20241018,UBNA_011,E18 Bridge
HF,51840.0,18.290462742672155,220.6185,220.6217,42656.0,75576.0,Echolocation,Myotis mystacinus,0.247,0.589,-1,192000.0,/mnt/ubna_data_04/recover-20241018/UBNA_011/20241014_104000.WAV,recover-20241018,UBNA_011,E18 Bridge
LF,23040.0,9.762771296736881,9.9595,9.9758,22031.0,27018.0,Echolocation,Nyctalus leisleri,0.398,0.563,-1,192000.0,/mnt/ubna_data_04/recover-20241018/UBNA_011/20241014_021000.WAV,recover-20241018,UBNA_011,E18 Bridge
HF,45120.0,8.213821331696025,6.6695,6.6742,44375.0,55084.0,Echolocation,Pipistrellus pipistrellus,0.619,0.646,-1,192000.0,/mnt/ubna_data_04/recover-20241018/UBNA_011/20241017_033000.WAV,recover-20241018,UBNA_011,E18 Bridge
HF,45120.0,19.15569445159896,271.2155,271.2233,43515.0,67670.0,Echolocation,Pipistrellus pipistrellus,0.547,0.692,-1,192000.0,/mnt/ubna_data_04/recover-20241018/UBNA_011/20241017_052000.WAV,recover-20241018,UBNA_011,E18 Bridge
HF,46080.0,13.529552837986243,279.0255,279.0377,44375.0,59085.0,Echolocation,Pipistrellus pipistrellus,0.434,0.539,-1,192000.0,/mnt/ubna_data_04/recover-20241018/UBNA_011/20241017_021000.WAV,recover-20241018,UBNA_011,E18 Bridge
LF,24960.0,4.5697425020731615,259.8085,259.8225,23750.0,29262.0,Echolocation,Nyctalus leisleri,0.382,0.61,-1,192000.0,/mnt/ubna_data_04/recover-20241018/UBNA_011/20241013_024000.WAV,recover-20241018,UBNA_011,E18 Bridge
LF,26880.0,15.993732730897218,291.4315,291.4485,25468.0,28986.0,Echolocation,Nyctalus leisleri,0.521,0.622,-1,192000.0,/mnt/ubna_data_04/recover-20241018/UBNA_011/20241013_083000.WAV,recover-20241018,UBNA_011,E18 Bridge
HF,46080.0,10.704519933972652,63.5855,63.5973,43515.0,61113.0,Echolocation,Pipistrellus pipistrellus,0.4,0.544,-1,192000.0,/mnt/ubna_data_04/recover-20241018/UBNA_011/20241017_022000.WAV,recover-20241018,UBNA_011,E18 Bridge
LF,25920.0,21.21907196859471,140.3775,140.3919,24609.0,30649.0,Echolocation,Nyctalus leisleri,0.321,0.549,-1,192000.0,/mnt/ubna_data_04/recover-20241018/UBNA_011/20241013_024000.WAV,recover-20241018,UBNA_011,E18 Bridge
HF,51840.0,17.400046462821898,116.6795,116.6834,49531.0,68590.0,Echolocation,Pipistrellus pipistrellus,0.419,0.511,-1,192000.0,/mnt/ubna_data_04/recover-20241018/UBNA_011/20241018_020000.WAV,recover-20241018,UBNA_011,E18 Bridge
HF,47040.0,8.648203260993625,212.1945,212.2007,45234.0,62938.0,Echolocation,Pipistrellus pipistrellus,0.492,0.564,-1,192000.0,/mnt/ubna_data_04/recover-20241018/UBNA_011/20241017_021000.WAV,recover-20241018,UBNA_011,E18 Bridge
HF,46080.0,17.418100758447697,184.6935,184.7018,43515.0,64685.0,Echolocation,Pipistrellus pipistrellus,0.535,0.711,-1,192000.0,/mnt/ubna_data_04/recover-20241018/UBNA_011/20241017_021000.WAV,recover-20241018,UBNA_011,E18 Bridge
HF,46080.0,19.78910319777186,244.0455,244.0527,43515.0,62107.0,Echolocation,Pipistrellus pipistrellus,0.294,0.501,-1,192000.0,/mnt/ubna_data_04/recover-20241018/UBNA_011/20241017_020000.WAV,recover-20241018,UBNA_011,E18 Bridge
LF,27840.0,6.088842283520482,158.5755,158.5864,27187.0,32694.0,Echolocation,Nyctalus leisleri,0.351,0.583,-1,192000.0,/mnt/ubna_data_04/recover-20241018/UBNA_011/20241016_050000.WAV,recover-20241018,UBNA_011,E18 Bridge
LF,24960.0,11.987119771193289,52.9715,52.9837,23750.0,28794.0,Echolocation,Nyctalus leisleri,0.614,0.697,-1,192000.0,/mnt/ubna_data_04/recover-20241018/UBNA_011/20241012_020000.WAV,recover-20241018,UBNA_011,E18 Bridge
LF,26880.0,26.014576969862002,65.4005,65.4151,26328.0,30273.0,Echolocation,Nyctalus leisleri,0.404,0.614,-1,192000.0,/mnt/ubna_data_04/recover-20241018/UBNA_011/20241014_105000.WAV,recover-20241018,UBNA_011,E18 Bridge
HF,46080.0,19.975689526654637,92.6225,92.6292,44375.0,61741.0,Echolocation,Pipistrellus pipistrellus,0.657,0.711,-1,192000.0,/mnt/ubna_data_04/recover-20241018/UBNA_011/20241017_021000.WAV,recover-20241018,UBNA_011,E18 Bridge
HF,48960.0,14.546707610274902,262.5795,262.5852,46953.0,68642.0,Echolocation,Pipistrellus pipistrellus,0.476,0.582,-1,192000.0,/mnt/ubna_data_04/recover-20241018/UBNA_011/20241015_064000.WAV,recover-20241018,UBNA_011,E18 Bridge
HF,47040.0,19.244226856271236,151.3655,151.3698,44375.0,64270.0,Echolocation,Pipistrellus pipistrellus,0.583,0.605,-1,192000.0,/mnt/ubna_data_04/recover-20241018/UBNA_011/20241015_091000.WAV,recover-20241018,UBNA_011,E18 Bridge
HF,46080.0,7.8943401298027815,161.2265,161.2366,46093.0,60449.0,Echolocation,Pipistrellus pipistrellus,0.424,0.545,-1,192000.0,/mnt/ubna_data_04/recover-20241018/UBNA_011/20241017_022000.WAV,recover-20241018,UBNA_011,E18 Bridge
HF,52800.0,18.365029850872364,249.79149999999998,249.79410000000001,43515.0,70688.0,Echolocation,Myotis alcathoe,0.448,0.62,-1,192000.0,/mnt/ubna_data_04/recover-20241018/UBNA_011/20241016_025000.WAV,recover-20241018,UBNA_011,E18 Bridge
HF,46080.0,7.6622317338446235,139.9175,139.92340000000002,44375.0,56392.0,Echolocation,Pipistrellus pipistrellus,0.595,0.658,-1,192000.0,/mnt/ubna_data_04/recover-20241018/UBNA_011/20241015_033000.WAV,recover-20241018,UBNA_011,E18 Bridge
HF,46080.0,15.19605490162197,196.2295,196.237,44375.0,66234.0,Echolocation,Pipistrellus pipistrellus,0.536,0.653,-1,192000.0,/mnt/ubna_data_04/recover-20241018/UBNA_011/20241017_024000.WAV,recover-20241018,UBNA_011,E18 Bridge
LF,23040.0,13.479077463697916,10.2535,10.2706,22031.0,26648.0,Echolocation,Nyctalus leisleri,0.368,0.587,-1,192000.0,/mnt/ubna_data_04/recover-20241018/UBNA_011/20241014_021000.WAV,recover-20241018,UBNA_011,E18 Bridge
HF,46080.0,13.934283081711197,101.3015,101.3115,45234.0,56815.0,Echolocation,Pipistrellus pipistrellus,0.538,0.65,-1,192000.0,/mnt/ubna_data_04/recover-20241018/UBNA_011/20241017_022000.WAV,recover-20241018,UBNA_011,E18 Bridge
HF,53760.0,15.267390520826414,295.9785,295.983,43515.0,74802.0,Echolocation,Myotis mystacinus,0.226,0.565,-1,192000.0,/mnt/ubna_data_04/recover-20241018/UBNA_011/20241015_020000.WAV,recover-20241018,UBNA_011,E18 Bridge
HF,46080.0,17.01743260141913,172.4915,172.4972,42656.0,57301.0,Echolocation,Pipistrellus pipistrellus,0.562,0.613,-1,192000.0,/mnt/ubna_data_04/recover-20241018/UBNA_011/20241017_033000.WAV,recover-20241018,UBNA_011,E18 Bridge
HF,46080.0,12.013187245966215,206.8875,206.8943,44375.0,57222.0,Echolocation,Pipistrellus pipistrellus,0.587,0.631,-1,192000.0,/mnt/ubna_data_04/recover-20241018/UBNA_011/20241015_051000.WAV,recover-20241018,UBNA_011,E18 Bridge
HF,46080.0,13.10155433573537,191.6745,191.6803,45234.0,59070.0,Echolocation,Pipistrellus pipistrellus,0.561,0.637,-1,192000.0,/mnt/ubna_data_04/recover-20241018/UBNA_011/20241017_022000.WAV,recover-20241018,UBNA_011,E18 Bridge
HF,48000.0,8.592869016728693,214.1475,214.1531,46093.0,55628.0,Echolocation,Pipistrellus pipistrellus,0.516,0.541,-1,192000.0,/mnt/ubna_data_04/recover-20241018/UBNA_011/20241012_065000.WAV,recover-20241018,UBNA_011,E18 Bridge
HF,46080.0,10.281996960390405,279.4835,279.4949,44375.0,52445.0,Echolocation,Pipistrellus pipistrellus,0.441,0.502,-1,192000.0,/mnt/ubna_data_04/recover-20241018/UBNA_011/20241017_021000.WAV,recover-20241018,UBNA_011,E18 Bridge
HF,46080.0,13.470041261072561,271.3945,271.4034,44375.0,63580.0,Echolocation,Pipistrellus pipistrellus,0.447,0.606,-1,192000.0,/mnt/ubna_data_04/recover-20241018/UBNA_011/20241017_052000.WAV,recover-20241018,UBNA_011,E18 Bridge
HF,46080.0,11.63160249999908,157.7335,157.7398,45234.0,57018.0,Echolocation,Pipistrellus pipistrellus,0.554,0.67,-1,192000.0,/mnt/ubna_data_04/recover-20241018/UBNA_011/20241017_021000.WAV,recover-20241018,UBNA_011,E18 Bridge
LF,24960.0,7.728261756328011,260.7955,260.8079,23750.0,29428.0,Echolocation,Nyctalus leisleri,0.358,0.567,-1,192000.0,/mnt/ubna_data_04/recover-20241018/UBNA_011/20241013_024000.WAV,recover-20241018,UBNA_011,E18 Bridge
HF,45120.0,15.705002429357053,92.8145,92.82169999999999,44375.0,63661.0,Echolocation,Pipistrellus pipistrellus,0.65,0.705,-1,192000.0,/mnt/ubna_data_04/recover-20241018/UBNA_011/20241017_021000.WAV,recover-20241018,UBNA_011,E18 Bridge
HF,48000.0,12.343176950369859,6.7525,6.7573,43515.0,58491.0,Echolocation,Pipistrellus pipistrellus,0.49,0.561,-1,192000.0,/mnt/ubna_data_04/recover-20241018/UBNA_011/20241017_033000.WAV,recover-20241018,UBNA_011,E18 Bridge
LF,26880.0,20.377270780544308,65.7235,65.7371,26328.0,30646.0,Echolocation,Nyctalus leisleri,0.455,0.653,-1,192000.0,/mnt/ubna_data_04/recover-20241018/UBNA_011/20241014_105000.WAV,recover-20241018,UBNA_011,E18 Bridge
HF,45120.0,9.398642949594802,63.7845,63.7978,43515.0,57926.0,Echolocation,Pipistrellus pipistrellus,0.398,0.564,-1,192000.0,/mnt/ubna_data_04/recover-20241018/UBNA_011/20241017_022000.WAV,recover-20241018,UBNA_011,E18 Bridge
LF,27840.0,9.505971349922193,214.9115,214.9257,27187.0,30463.0,Echolocation,Nyctalus leisleri,0.472,0.582,-1,192000.0,/mnt/ubna_data_04/recover-20241018/UBNA_011/20241013_105000.WAV,recover-20241018,UBNA_011,E18 Bridge
HF,45120.0,5.053060355584314,204.9605,204.9666,44375.0,54819.0,Echolocation,Pipistrellus pipistrellus,0.538,0.598,-1,192000.0,/mnt/ubna_data_04/recover-20241018/UBNA_011/20241018_071000.WAV,recover-20241018,UBNA_011,E18 Bridge
HF,47040.0,10.245404124298837,33.1755,33.1821,45234.0,58956.0,Echolocation,Pipistrellus pipistrellus,0.507,0.626,-1,192000.0,/mnt/ubna_data_04/recover-20241018/UBNA_011/20241017_021000.WAV,recover-20241018,UBNA_011,E18 Bridge
HF,47040.0,12.941313051492449,230.3995,230.4051,43515.0,60569.0,Echolocation,Pipistrellus pipistrellus,0.535,0.626,-1,192000.0,/mnt/ubna_data_04/recover-20241018/UBNA_011/20241018_020000.WAV,recover-20241018,UBNA_011,E18 Bridge
HF,54720.0,17.802025012211487,262.7375,262.7446,46953.0,68959.0,Echolocation,Pipistrellus pipistrellus,0.439,0.512,-1,192000.0,/mnt/ubna_data_04/recover-20241018/UBNA_011/20241015_064000.WAV,recover-20241018,UBNA_011,E18 Bridge
HF,48000.0,17.81819537288664,52.695499999999996,52.7014,46093.0,65912.0,Echolocation,Pipistrellus pipistrellus,0.467,0.538,-1,192000.0,/mnt/ubna_data_04/recover-20241018/UBNA_011/20241013_084000.WAV,recover-20241018,UBNA_011,E18 Bridge
HF,54720.0,5.9079057623740985,1.9435,1.9521,45234.0,62055.0,Echolocation,Pipistrellus pipistrellus,0.437,0.551,-1,192000.0,/mnt/ubna_data_04/recover-20241018/UBNA_011/20241017_022000.WAV,recover-20241018,UBNA_011,E18 Bridge
HF,47040.0,19.52874688544015,213.1935,213.1997,42656.0,57643.0,Echolocation,Pipistrellus pipistrellus,0.575,0.629,-1,192000.0,/mnt/ubna_data_04/recover-20241018/UBNA_011/20241017_034000.WAV,recover-20241018,UBNA_011,E18 Bridge
LF,26880.0,17.092763270389874,7.6255,7.6424,26328.0,30441.0,Echolocation,Nyctalus leisleri,0.274,0.547,-1,192000.0,/mnt/ubna_data_04/recover-20241018/UBNA_011/20241013_092000.WAV,recover-20241018,UBNA_011,E18 Bridge
HF,51840.0,11.537899992168263,220.9455,220.9492,43515.0,75696.0,Echolocation,Myotis mystacinus,0.253,0.515,-1,192000.0,/mnt/ubna_data_04/recover-20241018/UBNA_011/20241014_104000.WAV,recover-20241018,UBNA_011,E18 Bridge
HF,46080.0,8.834324918679593,28.2465,28.2531,44375.0,56727.0,Echolocation,Pipistrellus pipistrellus,0.574,0.687,-1,192000.0,/mnt/ubna_data_04/recover-20241018/UBNA_011/20241015_052000.WAV,recover-20241018,UBNA_011,E18 Bridge
LF,24000.0,11.245917963646361,53.1265,53.1413,23750.0,28777.0,Echolocation,Nyctalus leisleri,0.436,0.572,-1,192000.0,/mnt/ubna_data_04/recover-20241018/UBNA_011/20241012_020000.WAV,recover-20241018,UBNA_011,E18 Bridge
LF,26880.0,34.77434355175437,106.9125,106.9307,26328.0,28079.0,Echolocation,Nyctalus leisleri,0.644,0.691,-1,192000.0,/mnt/ubna_data_04/recover-20241018/UBNA_011/20241013_092000.WAV,recover-20241018,UBNA_011,E18 Bridge
HF,48960.0,13.371953934530069,191.3375,191.3452,46953.0,55429.0,Echolocation,Pipistrellus pipistrellus,0.564,0.615,-1,192000.0,/mnt/ubna_data_04/recover-20241018/UBNA_011/20241012_041000.WAV,recover-20241018,UBNA_011,E18 Bridge
HF,46080.0,23.620496175534853,184.7815,184.7905,41796.0,66908.0,Echolocation,Pipistrellus pipistrellus,0.465,0.631,-1,192000.0,/mnt/ubna_data_04/recover-20241018/UBNA_011/20241017_021000.WAV,recover-20241018,UBNA_011,E18 Bridge
LF,26880.0,14.749765469443046,291.6725,291.6883,25468.0,28887.0,Echolocation,Nyctalus leisleri,0.568,0.661,-1,192000.0,/mnt/ubna_data_04/recover-20241018/UBNA_011/20241013_083000.WAV,recover-20241018,UBNA_011,E18 Bridge
HF,46080.0,5.902008275264025,212.2695,212.2742,45234.0,62703.0,Echolocation,Pipistrellus pipistrellus,0.432,0.526,-1,192000.0,/mnt/ubna_data_04/recover-20241018/UBNA_011/20241017_021000.WAV,recover-20241018,UBNA_011,E18 Bridge
HF,48000.0,15.376187614443886,49.686499999999995,49.692099999999996,46093.0,68626.0,Echolocation,Pipistrellus pipistrellus,0.295,0.536,-1,192000.0,/mnt/ubna_data_04/recover-20241018/UBNA_011/20241014_045000.WAV,recover-20241018,UBNA_011,E18 Bridge
HF,46080.0,22.636669995786768,151.8895,151.8968,45234.0,63983.0,Echolocation,Pipistrellus pipistrellus,0.452,0.517,-1,192000.0,/mnt/ubna_data_04/recover-20241018/UBNA_011/20241018_020000.WAV,recover-20241018,UBNA_011,E18 Bridge
HF,45120.0,7.894751431644934,186.3575,186.3636,44375.0,51917.0,Echolocation,Pipistrellus pipistrellus,0.518,0.61,-1,192000.0,/mnt/ubna_data_04/recover-20241018/UBNA_011/20241017_030000.WAV,recover-20241018,UBNA_011,E18 Bridge
HF,46080.0,18.80867849338359,68.1455,68.1511,41796.0,61921.0,Echolocation,Pipistrellus pipistrellus,0.268,0.534,-1,192000.0,/mnt/ubna_data_04/recover-20241018/UBNA_011/20241015_041000.WAV,recover-20241018,UBNA_011,E18 Bridge
LF,27840.0,30.147411318809723,101.2685,101.2822,26328.0,35260.0,Echolocation,Nyctalus leisleri,0.494,0.716,-1,192000.0,/mnt/ubna_data_04/recover-20241018/UBNA_011/20241016_015000.WAV,recover-20241018,UBNA_011,E18 Bridge
LF,27840.0,8.784653044676906,158.6895,158.7014,27187.0,33107.0,Echolocation,Nyctalus leisleri,0.288,0.509,-1,192000.0,/mnt/ubna_data_04/recover-20241018/UBNA_011/20241016_050000.WAV,recover-20241018,UBNA_011,E18 Bridge
HF,47040.0,14.627390864452533,43.201499999999996,43.2087,45234.0,63176.0,Echolocation,Pipistrellus pipistrellus,0.555,0.657,-1,192000.0,/mnt/ubna_data_04/recover-20241018/UBNA_011/20241015_052000.WAV,recover-20241018,UBNA_011,E18 Bridge
LF,24000.0,16.617434717366745,202.08350000000002,202.102,22031.0,27937.0,Echolocation,Nyctalus leisleri,0.201,0.528,-1,192000.0,/mnt/ubna_data_04/recover-20241018/UBNA_011/20241014_022000.WAV,recover-20241018,UBNA_011,E18 Bridge
HF,48000.0,14.089118512482749,37.6065,37.612899999999996,45234.0,64777.0,Echolocation,Pipistrellus pipistrellus,0.253,0.518,-1,192000.0,/mnt/ubna_data_04/recover-20241018/UBNA_011/20241017_024000.WAV,recover-20241018,UBNA_011,E18 Bridge
LF,22080.0,25.357662832234954,36.5715,36.5906,21171.0,27034.0,Echolocation,Nyctalus noctula,0.479,0.623,-1,192000.0,/mnt/ubna_data_04/recover-20241018/UBNA_011/20241014_021000.WAV,recover-20241018,UBNA_011,E18 Bridge
HF,52800.0,20.9904681437904,249.8495,249.8527,45234.0,78489.0,Echolocation,Myotis alcathoe,0.482,0.566,-1,192000.0,/mnt/ubna_data_04/recover-20241018/UBNA_011/20241016_025000.WAV,recover-20241018,UBNA_011,E18 Bridge
HF,46080.0,9.93672637476802,100.4105,100.4198,45234.0,55501.0,Echolocation,Pipistrellus pipistrellus,0.473,0.521,-1,192000.0,/mnt/ubna_data_04/recover-20241018/UBNA_011/20241015_034000.WAV,recover-20241018,UBNA_011,E18 Bridge
HF,46080.0,17.71298623609543,80.97749999999999,80.9844,45234.0,60008.0,Echolocation,Pipistrellus pipistrellus,0.526,0.609,-1,192000.0,/mnt/ubna_data_04/recover-20241018/UBNA_011/20241015_032000.WAV,recover-20241018,UBNA_011,E18 Bridge
HF,45120.0,12.491860403646209,66.5905,66.6,42656.0,59949.0,Echolocation,Pipistrellus pipistrellus,0.505,0.643,-1,192000.0,/mnt/ubna_data_04/recover-20241018/UBNA_011/20241017_021000.WAV,recover-20241018,UBNA_011,E18 Bridge
HF,48960.0,11.430513070008177,14.4725,14.4777,46093.0,56865.0,Echolocation,Pipistrellus pipistrellus,0.489,0.545,-1,192000.0,/mnt/ubna_data_04/recover-20241018/UBNA_011/20241014_045000.WAV,recover-20241018,UBNA_011,E18 Bridge
HF,45120.0,17.227138834462238,244.1225,244.1331,43515.0,67640.0,Echolocation,Pipistrellus pipistrellus,0.296,0.512,-1,192000.0,/mnt/ubna_data_04/recover-20241018/UBNA_011/20241017_020000.WAV,recover-20241018,UBNA_011,E18 Bridge
HF,45120.0,12.147904332394639,92.3885,92.3945,44375.0,58254.0,Echolocation,Pipistrellus pipistrellus,0.593,0.706,-1,192000.0,/mnt/ubna_data_04/recover-20241018/UBNA_011/20241017_033000.WAV,recover-20241018,UBNA_011,E18 Bridge
LF,24000.0,3.7067668101025406,222.4525,222.4696,22890.0,27656.0,Echolocation,Nyctalus leisleri,0.365,0.529,-1,192000.0,/mnt/ubna_data_04/recover-20241018/UBNA_011/20241014_025000.WAV,recover-20241018,UBNA_011,E18 Bridge
HF,52800.0,21.26831088396651,28.0755,28.0795,42656.0,76982.0,Echolocation,Myotis alcathoe,0.27,0.533,-1,192000.0,/mnt/ubna_data_04/recover-20241018/UBNA_011/20241017_024000.WAV,recover-20241018,UBNA_011,E18 Bridge
HF,51840.0,15.670895745137202,212.0065,212.0113,45234.0,61141.0,Echolocation,Pipistrellus pipistrellus,0.499,0.632,-1,192000.0,/mnt/ubna_data_04/recover-20241018/UBNA_011/20241012_030000.WAV,recover-20241018,UBNA_011,E18 Bridge
HF,48960.0,3.7716539939803253,209.0145,209.0222,45234.0,57687.0,Echolocation,Pipistrellus pipistrellus,0.464,0.536,-1,192000.0,/mnt/ubna_data_04/recover-20241018/UBNA_011/20241017_023000.WAV,recover-20241018,UBNA_011,E18 Bridge
HF,45120.0,16.276929744860862,248.95850000000002,248.9659,43515.0,60791.0,Echolocation,Pipistrellus pipistrellus,0.571,0.644,-1,192000.0,/mnt/ubna_data_04/recover-20241018/UBNA_011/20241017_022000.WAV,recover-20241018,UBNA_011,E18 Bridge
HF,53760.0,22.749890542076592,272.7975,272.8017,43515.0,81749.0,Echolocation,Myotis alcathoe,0.308,0.538,-1,192000.0,/mnt/ubna_data_04/recover-20241018/UBNA_011/20241017_020000.WAV,recover-20241018,UBNA_011,E18 Bridge
LF,25920.0,15.731292300288214,140.6445,140.6594,25468.0,30055.0,Echolocation,Nyctalus leisleri,0.404,0.58,-1,192000.0,/mnt/ubna_data_04/recover-20241018/UBNA_011/20241013_024000.WAV,recover-20241018,UBNA_011,E18 Bridge
HF,47040.0,7.315574510883682,55.1625,55.1733,46093.0,55060.0,Echolocation,Pipistrellus pipistrellus,0.471,0.513,-1,192000.0,/mnt/ubna_data_04/recover-20241018/UBNA_011/20241015_041000.WAV,recover-20241018,UBNA_011,E18 Bridge
HF,51840.0,24.246654753667983,116.8485,116.85300000000001,39218.0,89061.0,Echolocation,Myotis alcathoe,0.269,0.508,-1,192000.0,/mnt/ubna_data_04/recover-20241018/UBNA_011/20241018_020000.WAV,recover-20241018,UBNA_011,E18 Bridge
HF,47040.0,5.3270126597430085,5.0695,5.0773,45234.0,52995.0,Echolocation,Pipistrellus pipistrellus,0.486,0.508,-1,192000.0,/mnt/ubna_data_04/recover-20241018/UBNA_011/20241017_021000.WAV,recover-20241018,UBNA_011,E18 Bridge
HF,44160.0,6.861050783843118,275.6005,275.6072,43515.0,51195.0,Echolocation,Pipistrellus pipistrellus,0.548,0.613,-1,192000.0,/mnt/ubna_data_04/recover-20241018/UBNA_011/20241015_044000.WAV,recover-20241018,UBNA_011,E18 Bridge
LF,25920.0,18.4447577181363,153.6415,153.66,24609.0,27820.0,Echolocation,Nyctalus leisleri,0.446,0.558,-1,192000.0,/mnt/ubna_data_04/recover-20241018/UBNA_011/20241013_024000.WAV,recover-20241018,UBNA_011,E18 Bridge
HF,46080.0,8.014293457847542,161.3185,161.3269,45234.0,62503.0,Echolocation,Pipistrellus pipistrellus,0.491,0.664,-1,192000.0,/mnt/ubna_data_04/recover-20241018/UBNA_011/20241017_022000.WAV,recover-20241018,UBNA_011,E18 Bridge
LF,25920.0,26.241853333161416,129.2865,129.3012,24609.0,28517.0,Echolocation,Nyctalus leisleri,0.626,0.687,-1,192000.0,/mnt/ubna_data_04/recover-20241018/UBNA_011/20241012_080000.WAV,recover-20241018,UBNA_011,E18 Bridge
HF,48960.0,23.460543163810858,152.3205,152.3248,36640.0,80629.0,Echolocation,Myotis brandtii,0.4,0.508,-1,192000.0,/mnt/ubna_data_04/recover-20241018/UBNA_011/20241015_091000.WAV,recover-20241018,UBNA_011,E18 Bridge
HF,46080.0,12.386593951650365,123.3945,123.4033,44375.0,61126.0,Echolocation,Pipistrellus pipistrellus,0.456,0.558,-1,192000.0,/mnt/ubna_data_04/recover-20241018/UBNA_011/20241017_022000.WAV,recover-20241018,UBNA_011,E18 Bridge
HF,48000.0,20.706890718326207,47.2885,47.2935,43515.0,68194.0,Echolocation,Pipistrellus pipistrellus,0.495,0.588,-1,192000.0,/mnt/ubna_data_04/recover-20241018/UBNA_011/20241017_033000.WAV,recover-20241018,UBNA_011,E18 Bridge
HF,47040.0,19.10154514933111,95.7245,95.7302,41796.0,69110.0,Echolocation,Myotis daubentonii,0.178,0.627,-1,192000.0,/mnt/ubna_data_04/recover-20241018/UBNA_011/20241017_024000.WAV,recover-20241018,UBNA_011,E18 Bridge
HF,47040.0,24.122097023889747,100.0335,100.0393,41796.0,79439.0,Echolocation,Pipistrellus pipistrellus,0.233,0.515,-1,192000.0,/mnt/ubna_data_04/recover-20241018/UBNA_011/20241014_102000.WAV,recover-20241018,UBNA_011,E18 Bridge
HF,48000.0,10.962709262870508,294.4285,294.4365,47812.0,65536.0,Echolocation,Pipistrellus pipistrellus,0.504,0.597,-1,192000.0,/mnt/ubna_data_04/recover-20241018/UBNA_011/20241018_034000.WAV,recover-20241018,UBNA_011,E18 Bridge
HF,45120.0,7.029321695652482,43.4035,43.4159,45234.0,51545.0,Echolocation,Pipistrellus pipistrellus,0.384,0.502,-1,192000.0,/mnt/ubna_data_04/recover-20241018/UBNA_011/20241017_022000.WAV,recover-20241018,UBNA_011,E18 Bridge
HF,47040.0,7.719978915825143,211.3825,211.3896,46093.0,57226.0,Echolocation,Pipistrellus pipistrellus,0.536,0.563,-1,192000.0,/mnt/ubna_data_04/recover-20241018/UBNA_011/20241014_041000.WAV,recover-20241018,UBNA_011,E18 Bridge
HF,48000.0,11.652588756492062,137.2465,137.253,46953.0,61976.0,Echolocation,Pipistrellus pipistrellus,0.554,0.641,-1,192000.0,/mnt/ubna_data_04/recover-20241018/UBNA_011/20241017_021000.WAV,recover-20241018,UBNA_011,E18 Bridge
HF,48000.0,20.060933090163733,10.6235,10.6305,41796.0,71669.0,Echolocation,Pipistrellus pipistrellus,0.412,0.58,-1,192000.0,/mnt/ubna_data_04/recover-20241018/UBNA_011/20241014_042000.WAV,recover-20241018,UBNA_011,E18 Bridge
HF,47040.0,23.925488487490885,61.1325,61.1382,45234.0,72849.0,Echolocation,Pipistrellus pipistrellus,0.555,0.578,-1,192000.0,/mnt/ubna_data_04/recover-20241018/UBNA_011/20241018_022000.WAV,recover-20241018,UBNA_011,E18 Bridge
HF,47040.0,4.957912647057622,176.6085,176.6189,46093.0,58577.0,Echolocation,Pipistrellus pipistrellus,0.435,0.501,-1,192000.0,/mnt/ubna_data_04/recover-20241018/UBNA_011/20241015_033000.WAV,recover-20241018,UBNA_011,E18 Bridge
HF,52800.0,13.831636228432709,111.6685,111.67269999999999,46953.0,63501.0,Echolocation,Pipistrellus pipistrellus,0.493,0.536,-1,192000.0,/mnt/ubna_data_04/recover-20241018/UBNA_011/20241014_105000.WAV,recover-20241018,UBNA_011,E18 Bridge
HF,46080.0,10.566454557111129,161.4985,161.5099,46093.0,62906.0,Echolocation,Pipistrellus pipistrellus,0.375,0.521,-1,192000.0,/mnt/ubna_data_04/recover-20241018/UBNA_011/20241017_022000.WAV,recover-20241018,UBNA_011,E18 Bridge
HF,51840.0,12.645517527300242,112.1885,112.1913,47812.0,68125.0,Echolocation,Myotis alcathoe,0.311,0.538,-1,192000.0,/mnt/ubna_data_04/recover-20241018/UBNA_011/20241014_105000.WAV,recover-20241018,UBNA_011,E18 Bridge
HF,47040.0,11.264491942647785,271.4665,271.4764,44375.0,63914.0,Echolocation,Pipistrellus pipistrellus,0.377,0.541,-1,192000.0,/mnt/ubna_data_04/recover-20241018/UBNA_011/20241017_052000.WAV,recover-20241018,UBNA_011,E18 Bridge
HF,47040.0,21.12433127412828,296.0355,296.0393,40937.0,82074.0,Echolocation,Myotis mystacinus,0.24,0.563,-1,192000.0,/mnt/ubna_data_04/recover-20241018/UBNA_011/20241015_020000.WAV,recover-20241018,UBNA_011,E18 Bridge
LF,24000.0,7.3129264713997975,54.7965,54.8146,22890.0,26833.0,Echolocation,Nyctalus leisleri,0.507,0.555,-1,192000.0,/mnt/ubna_data_04/recover-20241018/UBNA_011/20241017_024000.WAV,recover-20241018,UBNA_011,E18 Bridge
HF,46080.0,9.917036714567825,214.2325,214.2387,44375.0,57171.0,Echolocation,Pipistrellus pipistrellus,0.468,0.604,-1,192000.0,/mnt/ubna_data_04/recover-20241018/UBNA_011/20241012_065000.WAV,recover-20241018,UBNA_011,E18 Bridge
HF,53760.0,16.900494196640558,117.1835,117.1884,46953.0,68746.0,Echolocation,Pipistrellus pipistrellus,0.555,0.598,-1,192000.0,/mnt/ubna_data_04/recover-20241018/UBNA_011/20241018_020000.WAV,recover-20241018,UBNA_011,E18 Bridge
HF,45120.0,10.636533125030397,102.6095,102.6212,44375.0,63091.0,Echolocation,Pipistrellus pipistrellus,0.263,0.503,-1,192000.0,/mnt/ubna_data_04/recover-20241018/UBNA_011/20241017_022000.WAV,recover-20241018,UBNA_011,E18 Bridge
HF,45120.0,19.02086531968583,123.5015,123.5094,43515.0,64204.0,Echolocation,Pipistrellus pipistrellus,0.55,0.64,-1,192000.0,/mnt/ubna_data_04/recover-20241018/UBNA_011/20241017_022000.WAV,recover-20241018,UBNA_011,E18 Bridge
HF,45120.0,14.074707584895553,81.0665,81.0724,43515.0,62937.0,Echolocation,Pipistrellus pipistrellus,0.59,0.622,-1,192000.0,/mnt/ubna_data_04/recover-20241018/UBNA_011/20241015_032000.WAV,recover-20241018,UBNA_011,E18 Bridge
HF,52800.0,20.003006500284194,151.9775,151.9841,44375.0,65551.0,Echolocation,Pipistrellus pipistrellus,0.443,0.556,-1,192000.0,/mnt/ubna_data_04/recover-20241018/UBNA_011/20241018_020000.WAV,recover-20241018,UBNA_011,E18 Bridge
HF,45120.0,20.396311667796517,184.8755,184.8845,42656.0,62789.0,Echolocation,Pipistrellus pipistrellus,0.54,0.689,-1,192000.0,/mnt/ubna_data_04/recover-20241018/UBNA_011/20241017_021000.WAV,recover-20241018,UBNA_011,E18 Bridge
HF,52800.0,17.43678931884283,221.0675,221.0709,42656.0,75047.0,Echolocation,Myotis alcathoe,0.27,0.607,-1,192000.0,/mnt/ubna_data_04/recover-20241018/UBNA_011/20241014_104000.WAV,recover-20241018,UBNA_011,E18 Bridge
HF,46080.0,20.340939893589333,100.1195,100.1247,43515.0,65887.0,Echolocation,Pipistrellus pipistrellus,0.485,0.667,-1,192000.0,/mnt/ubna_data_04/recover-20241018/UBNA_011/20241014_102000.WAV,recover-20241018,UBNA_011,E18 Bridge
HF,48960.0,11.82522705551345,230.4855,230.4914,43515.0,59243.0,Echolocation,Pipistrellus pipistrellus,0.487,0.574,-1,192000.0,/mnt/ubna_data_04/recover-20241018/UBNA_011/20241018_020000.WAV,recover-20241018,UBNA_011,E18 Bridge
LF,25920.0,10.492158896436429,292.0285,292.0491,24609.0,28025.0,Echolocation,Nyctalus leisleri,0.45,0.532,-1,192000.0,/mnt/ubna_data_04/recover-20241018/UBNA_011/20241013_083000.WAV,recover-20241018,UBNA_011,E18 Bridge
HF,46080.0,11.35655268022668,93.0875,93.099,45234.0,65254.0,Echolocation,Pipistrellus pipistrellus,0.382,0.531,-1,192000.0,/mnt/ubna_data_04/recover-20241018/UBNA_011/20241017_021000.WAV,recover-20241018,UBNA_011,E18 Bridge
HF,46080.0,20.0732092541719,10.7105,10.717,40937.0,68893.0,Echolocation,Pipistrellus pipistrellus,0.545,0.634,-1,192000.0,/mnt/ubna_data_04/recover-20241018/UBNA_011/20241014_042000.WAV,recover-20241018,UBNA_011,E18 Bridge
HF,52800.0,15.811764850403595,249.9635,249.96620000000001,47812.0,68693.0,Echolocation,Myotis alcathoe,0.436,0.57,-1,192000.0,/mnt/ubna_data_04/recover-20241018/UBNA_011/20241016_025000.WAV,recover-20241018,UBNA_011,E18 Bridge
HF,45120.0,10.24841311958496,209.1265,209.1341,43515.0,61597.0,Echolocation,Pipistrellus pipistrellus,0.551,0.66,-1,192000.0,/mnt/ubna_data_04/recover-20241018/UBNA_011/20241017_023000.WAV,recover-20241018,UBNA_011,E18 Bridge
LF,27840.0,20.750003623455378,215.2285,215.2449,27187.0,29945.0,Echolocation,Nyctalus leisleri,0.608,0.66,-1,192000.0,/mnt/ubna_data_04/recover-20241018/UBNA_011/20241013_105000.WAV,recover-20241018,UBNA_011,E18 Bridge
HF,48000.0,12.123410211497026,244.2025,244.2129,44375.0,62751.0,Echolocation,Pipistrellus pipistrellus,0.372,0.54,-1,192000.0,/mnt/ubna_data_04/recover-20241018/UBNA_011/20241017_020000.WAV,recover-20241018,UBNA_011,E18 Bridge
LF,27840.0,9.249210402222499,158.8115,158.8225,26328.0,32132.0,Echolocation,Nyctalus leisleri,0.423,0.641,-1,192000.0,/mnt/ubna_data_04/recover-20241018/UBNA_011/20241016_050000.WAV,recover-20241018,UBNA_011,E18 Bridge
HF,44160.0,9.589181693193535,64.2025,64.2116,44375.0,55657.0,Echolocation,Pipistrellus pipistrellus,0.539,0.679,-1,192000.0,/mnt/ubna_data_04/recover-20241018/UBNA_011/20241017_022000.WAV,recover-20241018,UBNA_011,E18 Bridge
LF,25920.0,33.99751653492488,129.5235,129.5384,24609.0,27940.0,Echolocation,Nyctalus leisleri,0.727,0.766,-1,192000.0,/mnt/ubna_data_04/recover-20241018/UBNA_011/20241012_080000.WAV,recover-20241018,UBNA_011,E18 Bridge
HF,47040.0,19.103395936567903,47.5625,47.568200000000004,44375.0,66563.0,Echolocation,Pipistrellus pipistrellus,0.547,0.623,-1,192000.0,/mnt/ubna_data_04/recover-20241018/UBNA_011/20241017_033000.WAV,recover-20241018,UBNA_011,E18 Bridge
HF,48000.0,8.839914369188575,211.4655,211.4733,47812.0,59889.0,Echolocation,Pipistrellus pipistrellus,0.526,0.595,-1,192000.0,/mnt/ubna_data_04/recover-20241018/UBNA_011/20241014_041000.WAV,recover-20241018,UBNA_011,E18 Bridge
HF,48960.0,21.044373928206817,212.0885,212.094,41796.0,80810.0,Echolocation,Myotis alcathoe,0.135,0.507,-1,192000.0,/mnt/ubna_data_04/recover-20241018/UBNA_011/20241012_030000.WAV,recover-20241018,UBNA_011,E18 Bridge
LF,23040.0,12.91185688014076,222.7205,222.7379,22031.0,26106.0,Echolocation,Nyctalus leisleri,0.448,0.546,-1,192000.0,/mnt/ubna_data_04/recover-20241018/UBNA_011/20241014_025000.WAV,recover-20241018,UBNA_011,E18 Bridge
HF,53760.0,21.572819285165362,272.8745,272.8777,44375.0,72355.0,Echolocation,Myotis alcathoe,0.268,0.597,-1,192000.0,/mnt/ubna_data_04/recover-20241018/UBNA_011/20241017_020000.WAV,recover-20241018,UBNA_011,E18 Bridge
HF,48960.0,23.385315902551515,28.2515,28.2562,40937.0,77979.0,Echolocation,Myotis alcathoe,0.305,0.513,-1,192000.0,/mnt/ubna_data_04/recover-20241018/UBNA_011/20241017_024000.WAV,recover-20241018,UBNA_011,E18 Bridge
LF,23040.0,12.993630698438782,10.5405,10.5551,22890.0,26663.0,Echolocation,Nyctalus leisleri,0.528,0.622,-1,192000.0,/mnt/ubna_data_04/recover-20241018/UBNA_011/20241014_021000.WAV,recover-20241018,UBNA_011,E18 Bridge
HF,45120.0,11.302939869697695,66.6885,66.6956,44375.0,53074.0,Echolocation,Pipistrellus pipistrellus,0.611,0.644,-1,192000.0,/mnt/ubna_data_04/recover-20241018/UBNA_011/20241017_021000.WAV,recover-20241018,UBNA_011,E18 Bridge
LF,24000.0,9.586058449363932,202.5285,202.54410000000001,22890.0,26677.0,Echolocation,Nyctalus leisleri,0.623,0.677,-1,192000.0,/mnt/ubna_data_04/recover-20241018/UBNA_011/20241014_022000.WAV,recover-20241018,UBNA_011,E18 Bridge
LF,26880.0,12.99214418207628,141.1925,141.2113,25468.0,29137.0,Echolocation,Nyctalus leisleri,0.449,0.572,-1,192000.0,/mnt/ubna_data_04/recover-20241018/UBNA_011/20241013_024000.WAV,recover-20241018,UBNA_011,E18 Bridge
HF,48960.0,17.11348381367122,5.1585,5.1658,46093.0,66948.0,Echolocation,Pipistrellus pipistrellus,0.62,0.718,-1,192000.0,/mnt/ubna_data_04/recover-20241018/UBNA_011/20241017_021000.WAV,recover-20241018,UBNA_011,E18 Bridge
HF,46080.0,11.702689571994505,196.3285,196.3344,44375.0,56910.0,Echolocation,Pipistrellus pipistrellus,0.652,0.68,-1,192000.0,/mnt/ubna_data_04/recover-20241018/UBNA_011/20241017_024000.WAV,recover-20241018,UBNA_011,E18 Bridge
HF,45120.0,7.812598865929178,43.9495,43.9572,45234.0,53185.0,Echolocation,Pipistrellus pipistrellus,0.585,0.618,-1,192000.0,/mnt/ubna_data_04/recover-20241018/UBNA_011/20241017_022000.WAV,recover-20241018,UBNA_011,E18 Bridge
HF,46080.0,3.859287950921151,6.8495,6.855,45234.0,57164.0,Echolocation,Pipistrellus pipistrellus,0.505,0.525,-1,192000.0,/mnt/ubna_data_04/recover-20241018/UBNA_011/20241017_033000.WAV,recover-20241018,UBNA_011,E18 Bridge
HF,45120.0,5.105672655098902,95.8025,95.8069,44375.0,60128.0,Echolocation,Pipistrellus pipistrellus,0.5,0.615,-1,192000.0,/mnt/ubna_data_04/recover-20241018/UBNA_011/20241017_024000.WAV,recover-20241018,UBNA_011,E18 Bridge
LF,25920.0,17.649949714906324,154.3535,154.3743,24609.0,27520.0,Echolocation,Nyctalus leisleri,0.409,0.511,-1,192000.0,/mnt/ubna_data_04/recover-20241018/UBNA_011/20241013_024000.WAV,recover-20241018,UBNA_011,E18 Bridge
LF,23040.0,23.542679121646195,36.9035,36.9236,22031.0,27112.0,Echolocation,Nyctalus noctula,0.219,0.524,-1,192000.0,/mnt/ubna_data_04/recover-20241018/UBNA_011/20241014_021000.WAV,recover-20241018,UBNA_011,E18 Bridge
LF,24960.0,10.684823467699287,260.9975,261.0099,24609.0,30605.0,Echolocation,Nyctalus leisleri,0.349,0.676,-1,192000.0,/mnt/ubna_data_04/recover-20241018/UBNA_011/20241013_024000.WAV,recover-20241018,UBNA_011,E18 Bridge
LF,27840.0,18.652767309800527,65.9345,65.9472,26328.0,31720.0,Echolocation,Nyctalus leisleri,0.401,0.634,-1,192000.0,/mnt/ubna_data_04/recover-20241018/UBNA_011/20241014_105000.WAV,recover-20241018,UBNA_011,E18 Bridge
HF,47040.0,19.776119426360744,212.9005,212.907,45234.0,63918.0,Echolocation,Pipistrellus pipistrellus,0.433,0.575,-1,192000.0,/mnt/ubna_data_04/recover-20241018/UBNA_011/20241017_021000.WAV,recover-20241018,UBNA_011,E18 Bridge
HF,48960.0,13.205810579359072,191.4095,191.4166,46953.0,56188.0,Echolocation,Pipistrellus pipistrellus,0.591,0.605,-1,192000.0,/mnt/ubna_data_04/recover-20241018/UBNA_011/20241012_041000.WAV,recover-20241018,UBNA_011,E18 Bridge
HF,47040.0,19.72533354936996,33.2615,33.2671,44375.0,60468.0,Echolocation,Pipistrellus pipistrellus,0.543,0.596,-1,192000.0,/mnt/ubna_data_04/recover-20241018/UBNA_011/20241017_021000.WAV,recover-20241018,UBNA_011,E18 Bridge
HF,46080.0,18.424474973586896,213.2845,213.2897,42656.0,60477.0,Echolocation,Pipistrellus pipistrellus,0.587,0.63,-1,192000.0,/mnt/ubna_data_04/recover-20241018/UBNA_011/20241017_034000.WAV,recover-20241018,UBNA_011,E18 Bridge
HF,48000.0,11.436767223822631,49.9215,49.9283,46953.0,59702.0,Echolocation,Pipistrellus pipistrellus,0.474,0.542,-1,192000.0,/mnt/ubna_data_04/recover-20241018/UBNA_011/20241014_045000.WAV,recover-20241018,UBNA_011,E18 Bridge
HF,48000.0,12.295228130083624,140.1725,140.1794,45234.0,57283.0,Echolocation,Pipistrellus pipistrellus,0.527,0.689,-1,192000.0,/mnt/ubna_data_04/recover-20241018/UBNA_011/20241015_033000.WAV,recover-20241018,UBNA_011,E18 Bridge
HF,46080.0,5.2396182269275835,172.6645,172.6695,44375.0,57015.0,Echolocation,Pipistrellus pipistrellus,0.528,0.569,-1,192000.0,/mnt/ubna_data_04/recover-20241018/UBNA_011/20241017_033000.WAV,recover-20241018,UBNA_011,E18 Bridge
HF,47040.0,13.311978781045372,157.8145,157.8206,46093.0,59779.0,Echolocation,Pipistrellus pipistrellus,0.507,0.664,-1,192000.0,/mnt/ubna_data_04/recover-20241018/UBNA_011/20241017_021000.WAV,recover-20241018,UBNA_011,E18 Bridge
HF,48000.0,11.993196364264094,192.1035,192.1101,45234.0,60530.0,Echolocation,Pipistrellus pipistrellus,0.571,0.638,-1,192000.0,/mnt/ubna_data_04/recover-20241018/UBNA_011/20241017_022000.WAV,recover-20241018,UBNA_011,E18 Bridge
HF,45120.0,20.715967638232407,2.0335,2.0405,43515.0,62907.0,Echolocation,Pipistrellus pipistrellus,0.553,0.629,-1,192000.0,/mnt/ubna_data_04/recover-20241018/UBNA_011/20241017_022000.WAV,recover-20241018,UBNA_011,E18 Bridge
LF,27840.0,31.61412550737024,101.4195,101.4324,25468.0,35478.0,Echolocation,Nyctalus leisleri,0.398,0.682,-1,192000.0,/mnt/ubna_data_04/recover-20241018/UBNA_011/20241016_015000.WAV,recover-20241018,UBNA_011,E18 Bridge
HF,51840.0,27.219242872336732,61.2175,61.2232,46953.0,66698.0,Echolocation,Pipistrellus pipistrellus,0.574,0.626,-1,192000.0,/mnt/ubna_data_04/recover-20241018/UBNA_011/20241018_022000.WAV,recover-20241018,UBNA_011,E18 Bridge
HF,47040.0,11.26703584496176,176.7965,176.80270000000002,45234.0,61391.0,Echolocation,Pipistrellus pipistrellus,0.538,0.706,-1,192000.0,/mnt/ubna_data_04/recover-20241018/UBNA_011/20241015_033000.WAV,recover-20241018,UBNA_011,E18 Bridge
HF,47040.0,5.285922832035956,14.6615,14.6677,46093.0,57043.0,Echolocation,Pipistrellus pipistrellus,0.494,0.545,-1,192000.0,/mnt/ubna_data_04/recover-20241018/UBNA_011/20241014_045000.WAV,recover-20241018,UBNA_011,E18 Bridge
LF,24960.0,8.925468756082065,53.3725,53.388400000000004,23750.0,28879.0,Echolocation,Nyctalus leisleri,0.483,0.605,-1,192000.0,/mnt/ubna_data_04/recover-20241018/UBNA_011/20241012_020000.WAV,recover-20241018,UBNA_011,E18 Bridge
LF,26880.0,9.507050147879353,10.1675,10.1837,26328.0,29428.0,Echolocation,Nyctalus leisleri,0.438,0.536,-1,192000.0,/mnt/ubna_data_04/recover-20241018/UBNA_011/20241013_092000.WAV,recover-20241018,UBNA_011,E18 Bridge
HF,46080.0,16.99439544695748,100.5025,100.5118,44375.0,67171.0,Echolocation,Pipistrellus pipistrellus,0.438,0.585,-1,192000.0,/mnt/ubna_data_04/recover-20241018/UBNA_011/20241015_034000.WAV,recover-20241018,UBNA_011,E18 Bridge
HF,47040.0,11.380881179015788,55.3305,55.3407,45234.0,63192.0,Echolocation,Pipistrellus pipistrellus,0.426,0.55,-1,192000.0,/mnt/ubna_data_04/recover-20241018/UBNA_011/20241015_041000.WAV,recover-20241018,UBNA_011,E18 Bridge
HF,54720.0,19.581981620500482,262.8175,262.825,46093.0,72462.0,Echolocation,Pipistrellus pipistrellus,0.367,0.539,-1,192000.0,/mnt/ubna_data_04/recover-20241018/UBNA_011/20241015_064000.WAV,recover-20241018,UBNA_011,E18 Bridge
HF,48960.0,20.566362520935,52.7915,52.7967,45234.0,66654.0,Echolocation,Pipistrellus pipistrellus,0.596,0.64,-1,192000.0,/mnt/ubna_data_04/recover-20241018/UBNA_011/20241013_084000.WAV,recover-20241018,UBNA_011,E18 Bridge
HF,54720.0,12.771365347392702,43.2675,43.274100000000004,45234.0,65289.0,Echolocation,Pipistrellus pipistrellus,0.496,0.58,-1,192000.0,/mnt/ubna_data_04/recover-20241018/UBNA_011/20241015_052000.WAV,recover-20241018,UBNA_011,E18 Bridge
HF,44160.0,4.228354411292589,28.3355,28.3453,43515.0,51729.0,Echolocation,Pipistrellus pipistrellus,0.394,0.507,-1,192000.0,/mnt/ubna_data_04/recover-20241018/UBNA_011/20241015_052000.WAV,recover-20241018,UBNA_011,E18 Bridge
HF,45120.0,5.956558279200539,92.4875,92.4925,44375.0,52835.0,Echolocation,Pipistrellus pipistrellus,0.533,0.565,-1,192000.0,/mnt/ubna_data_04/recover-20241018/UBNA_011/20241017_033000.WAV,recover-20241018,UBNA_011,E18 Bridge
LF,26880.0,21.152419599402226,107.1565,107.1709,26328.0,32009.0,Echolocation,Nyctalus leisleri,0.335,0.554,-1,192000.0,/mnt/ubna_data_04/recover-20241018/UBNA_011/20241013_092000.WAV,recover-20241018,UBNA_011,E18 Bridge
HF,47040.0,9.9758108424302,206.9695,206.9783,44375.0,58717.0,Echolocation,Pipistrellus pipistrellus,0.501,0.613,-1,192000.0,/mnt/ubna_data_04/recover-20241018/UBNA_011/20241015_051000.WAV,recover-20241018,UBNA_011,E18 Bridge
HF,45120.0,3.091277808722846,249.0615,249.0716,43515.0,51979.0,Echolocation,Pipistrellus pipistrellus,0.493,0.558,-1,192000.0,/mnt/ubna_data_04/recover-20241018/UBNA_011/20241017_022000.WAV,recover-20241018,UBNA_011,E18 Bridge
HF,45120.0,21.560961090699955,68.3115,68.3169,41796.0,60741.0,Echolocation,Pipistrellus pipistrellus,0.276,0.533,-1,192000.0,/mnt/ubna_data_04/recover-20241018/UBNA_011/20241015_041000.WAV,recover-20241018,UBNA_011,E18 Bridge
HF,47040.0,12.780187856617825,186.4445,186.4515,42656.0,55063.0,Echolocation,Pipistrellus pipistrellus,0.281,0.555,-1,192000.0,/mnt/ubna_data_04/recover-20241018/UBNA_011/20241017_030000.WAV,recover-20241018,UBNA_011,E18 Bridge
HF,47040.0,12.947967972740573,137.3265,137.3319,41796.0,66867.0,Echolocation,Pipistrellus pipistrellus,0.339,0.53,-1,192000.0,/mnt/ubna_data_04/recover-20241018/UBNA_011/20241017_021000.WAV,recover-20241018,UBNA_011,E18 Bridge
HF,46080.0,10.07398833002976,279.6675,279.6819,44375.0,53830.0,Echolocation,Pipistrellus pipistrellus,0.394,0.503,-1,192000.0,/mnt/ubna_data_04/recover-20241018/UBNA_011/20241017_021000.WAV,recover-20241018,UBNA_011,E18 Bridge
HF,46080.0,14.693478616123144,2.2315,2.2378,44375.0,63015.0,Echolocation,Pipistrellus pipistrellus,0.579,0.65,-1,192000.0,/mnt/ubna_data_04/recover-20241018/UBNA_011/20241017_022000.WAV,recover-20241018,UBNA_011,E18 Bridge
HF,47040.0,13.239577642773776,7.0325,7.0379,44375.0,59475.0,Echolocation,Pipistrellus pipistrellus,0.48,0.526,-1,192000.0,/mnt/ubna_data_04/recover-20241018/UBNA_011/20241017_033000.WAV,recover-20241018,UBNA_011,E18 Bridge
HF,47040.0,10.585994947214834,196.4205,196.4258,44375.0,56709.0,Echolocation,Pipistrellus pipistrellus,0.567,0.632,-1,192000.0,/mnt/ubna_data_04/recover-20241018/UBNA_011/20241017_024000.WAV,recover-20241018,UBNA_011,E18 Bridge
HF,47040.0,12.126582777392922,52.8835,52.8896,46093.0,60616.0,Echolocation,Pipistrellus pipistrellus,0.587,0.647,-1,192000.0,/mnt/ubna_data_04/recover-20241018/UBNA_011/20241013_084000.WAV,recover-20241018,UBNA_011,E18 Bridge
HF,45120.0,18.938348908341208,64.4005,64.4064,44375.0,56651.0,Echolocation,Pipistrellus pipistrellus,0.652,0.697,-1,192000.0,/mnt/ubna_data_04/recover-20241018/UBNA_011/20241017_022000.WAV,recover-20241018,UBNA_011,E18 Bridge
HF,45120.0,13.489964909596921,96.0465,96.05199999999999,43515.0,64405.0,Echolocation,Pipistrellus pipistrellus,0.295,0.578,-1,192000.0,/mnt/ubna_data_04/recover-20241018/UBNA_011/20241017_024000.WAV,recover-20241018,UBNA_011,E18 Bridge
HF,46080.0,12.639401355716542,213.3725,213.3779,43515.0,56965.0,Echolocation,Pipistrellus pipistrellus,0.592,0.641,-1,192000.0,/mnt/ubna_data_04/recover-20241018/UBNA_011/20241017_034000.WAV,recover-20241018,UBNA_011,E18 Bridge
HF,46080.0,5.014283772349849,172.7565,172.7615,44375.0,55561.0,Echolocation,Pipistrellus pipistrellus,0.493,0.525,-1,192000.0,/mnt/ubna_data_04/recover-20241018/UBNA_011/20241017_033000.WAV,recover-20241018,UBNA_011,E18 Bridge
HF,45120.0,8.274044447667134,192.4565,192.466,44375.0,54626.0,Echolocation,Pipistrellus pipistrellus,0.439,0.528,-1,192000.0,/mnt/ubna_data_04/recover-20241018/UBNA_011/20241017_022000.WAV,recover-20241018,UBNA_011,E18 Bridge
HF,46080.0,4.425523527404295,92.6785,92.6843,44375.0,53198.0,Echolocation,Pipistrellus pipistrellus,0.505,0.528,-1,192000.0,/mnt/ubna_data_04/recover-20241018/UBNA_011/20241017_033000.WAV,recover-20241018,UBNA_011,E18 Bridge
HF,46080.0,7.003669981004191,105.9045,105.9155,45234.0,56525.0,Echolocation,Pipistrellus pipistrellus,0.457,0.539,-1,192000.0,/mnt/ubna_data_04/recover-20241018/UBNA_011/20241017_022000.WAV,recover-20241018,UBNA_011,E18 Bridge
HF,45120.0,17.092567373229258,249.1565,249.1637,44375.0,57591.0,Echolocation,Pipistrellus pipistrellus,0.603,0.657,-1,192000.0,/mnt/ubna_data_04/recover-20241018/UBNA_011/20241017_022000.WAV,recover-20241018,UBNA_011,E18 Bridge
HF,45120.0,9.26766711352689,286.1645,286.176,44375.0,59469.0,Echolocation,Pipistrellus pipistrellus,0.509,0.648,-1,192000.0,/mnt/ubna_data_04/recover-20241018/UBNA_011/20241017_021000.WAV,recover-20241018,UBNA_011,E18 Bridge
HF,48960.0,6.512774607685719,186.1855,186.1924,47812.0,65115.0,Echolocation,Pipistrellus pipistrellus,0.584,0.629,-1,192000.0,/mnt/ubna_data_04/recover-20241018/UBNA_011/20241017_021000.WAV,recover-20241018,UBNA_011,E18 Bridge
HF,48000.0,7.717362803669544,209.2375,209.244,44375.0,54001.0,Echolocation,Pipistrellus pipistrellus,0.501,0.527,-1,192000.0,/mnt/ubna_data_04/recover-20241018/UBNA_011/20241017_023000.WAV,recover-20241018,UBNA_011,E18 Bridge
HF,47040.0,9.714727060176514,161.6675,161.679,46093.0,64596.0,Echolocation,Pipistrellus pipistrellus,0.397,0.548,-1,192000.0,/mnt/ubna_data_04/recover-20241018/UBNA_011/20241017_022000.WAV,recover-20241018,UBNA_011,E18 Bridge
HF,46080.0,21.440733283154778,47.792500000000004,47.798100000000005,44375.0,64517.0,Echolocation,Pipistrellus pipistrellus,0.423,0.59,-1,192000.0,/mnt/ubna_data_04/recover-20241018/UBNA_011/20241017_033000.WAV,recover-20241018,UBNA_011,E18 Bridge
HF,46080.0,26.7442951363831,28.3385,28.3442,41796.0,77979.0,Echolocation,Myotis alcathoe,0.262,0.591,-1,192000.0,/mnt/ubna_data_04/recover-20241018/UBNA_011/20241017_024000.WAV,recover-20241018,UBNA_011,E18 Bridge
HF,45120.0,7.559165329187092,44.0525,44.0593,44375.0,55478.0,Echolocation,Pipistrellus pipistrellus,0.624,0.643,-1,192000.0,/mnt/ubna_data_04/recover-20241018/UBNA_011/20241017_022000.WAV,recover-20241018,UBNA_011,E18 Bridge
HF,46080.0,11.69072252856254,123.6025,123.6087,45234.0,59461.0,Echolocation,Pipistrellus pipistrellus,0.612,0.657,-1,192000.0,/mnt/ubna_data_04/recover-20241018/UBNA_011/20241017_022000.WAV,recover-20241018,UBNA_011,E18 Bridge
HF,46080.0,16.98805408430887,212.9865,212.9929,45234.0,67833.0,Echolocation,Pipistrellus pipistrellus,0.507,0.651,-1,192000.0,/mnt/ubna_data_04/recover-20241018/UBNA_011/20241017_021000.WAV,recover-20241018,UBNA_011,E18 Bridge
HF,46080.0,10.086831578815579,186.6575,186.664,44375.0,58138.0,Echolocation,Pipistrellus pipistrellus,0.505,0.678,-1,192000.0,/mnt/ubna_data_04/recover-20241018/UBNA_011/20241017_030000.WAV,recover-20241018,UBNA_011,E18 Bridge
HF,46080.0,11.142820658398076,211.6545,211.6635,45234.0,59280.0,Echolocation,Pipistrellus pipistrellus,0.483,0.539,-1,192000.0,/mnt/ubna_data_04/recover-20241018/UBNA_011/20241014_041000.WAV,recover-20241018,UBNA_011,E18 Bridge
LF,22080.0,27.542980597075314,37.2755,37.2948,21171.0,26937.0,Echolocation,Nyctalus noctula,0.485,0.655,-1,192000.0,/mnt/ubna_data_04/recover-20241018/UBNA_011/20241014_021000.WAV,recover-20241018,UBNA_011,E18 Bridge
HF,45120.0,7.507979015126556,176.9875,176.9977,44375.0,61213.0,Echolocation,Pipistrellus pipistrellus,0.493,0.632,-1,192000.0,/mnt/ubna_data_04/recover-20241018/UBNA_011/20241015_033000.WAV,recover-20241018,UBNA_011,E18 Bridge
HF,45120.0,11.910317834392924,230.6565,230.6638,43515.0,62406.0,Echolocation,Pipistrellus pipistrellus,0.485,0.692,-1,192000.0,/mnt/ubna_data_04/recover-20241018/UBNA_011/20241018_020000.WAV,recover-20241018,UBNA_011,E18 Bridge
HF,47040.0,16.047893870630134,244.2855,244.2932,41796.0,65415.0,Echolocation,Pipistrellus pipistrellus,0.294,0.582,-1,192000.0,/mnt/ubna_data_04/recover-20241018/UBNA_011/20241017_020000.WAV,recover-20241018,UBNA_011,E18 Bridge
LF,25920.0,26.38387746126662,129.7475,129.7614,25468.0,29625.0,Echolocation,Nyctalus leisleri,0.5,0.665,-1,192000.0,/mnt/ubna_data_04/recover-20241018/UBNA_011/20241012_080000.WAV,recover-20241018,UBNA_011,E18 Bridge
HF,46080.0,13.871009100228587,100.9535,100.9633,46093.0,62766.0,Echolocation,Pipistrellus pipistrellus,0.444,0.581,-1,192000.0,/mnt/ubna_data_04/recover-20241018/UBNA_011/20241015_034000.WAV,recover-20241018,UBNA_011,E18 Bridge
LF,27840.0,6.346451875924329,158.9355,158.9458,27187.0,32721.0,Echolocation,Nyctalus leisleri,0.309,0.536,-1,192000.0,/mnt/ubna_data_04/recover-20241018/UBNA_011/20241016_050000.WAV,recover-20241018,UBNA_011,E18 Bridge
HF,48000.0,10.68315421179922,55.5035,55.5119,46953.0,62977.0,Echolocation,Pipistrellus pipistrellus,0.465,0.543,-1,192000.0,/mnt/ubna_data_04/recover-20241018/UBNA_011/20241015_041000.WAV,recover-20241018,UBNA_011,E18 Bridge
HF,54720.0,21.097543524843402,212.1725,212.1785,41796.0,84705.0,Echolocation,Myotis alcathoe,0.191,0.529,-1,192000.0,/mnt/ubna_data_04/recover-20241018/UBNA_011/20241012_030000.WAV,recover-20241018,UBNA_011,E18 Bridge
HF,53760.0,24.44113922844794,272.9455,272.9493,41796.0,79023.0,Echolocation,Myotis brandtii,0.279,0.582,-1,192000.0,/mnt/ubna_data_04/recover-20241018/UBNA_011/20241017_020000.WAV,recover-20241018,UBNA_011,E18 Bridge
HF,46080.0,12.038947563412133,93.4965,93.5018,45234.0,58743.0,Echolocation,Pipistrellus pipistrellus,0.638,0.693,-1,192000.0,/mnt/ubna_data_04/recover-20241018/UBNA_011/20241017_021000.WAV,recover-20241018,UBNA_011,E18 Bridge
HF,47040.0,7.53408953260712,68.5735,68.5789,45234.0,61300.0,Echolocation,Pipistrellus pipistrellus,0.46,0.54,-1,192000.0,/mnt/ubna_data_04/recover-20241018/UBNA_011/20241015_041000.WAV,recover-20241018,UBNA_011,E18 Bridge
HF,52800.0,17.05114355595151,221.2145,221.2174,42656.0,75983.0,Echolocation,Myotis alcathoe,0.345,0.58,-1,192000.0,/mnt/ubna_data_04/recover-20241018/UBNA_011/20241014_104000.WAV,recover-20241018,UBNA_011,E18 Bridge
HF,47040.0,19.093065523146063,33.3425,33.3479,45234.0,63599.0,Echolocation,Pipistrellus pipistrellus,0.598,0.658,-1,192000.0,/mnt/ubna_data_04/recover-20241018/UBNA_011/20241017_021000.WAV,recover-20241018,UBNA_011,E18 Bridge
HF,46080.0,9.750012000443585,81.1275,81.1328,45234.0,60293.0,Echolocation,Pipistrellus pipistrellus,0.53,0.578,-1,192000.0,/mnt/ubna_data_04/recover-20241018/UBNA_011/20241015_032000.WAV,recover-20241018,UBNA_011,E18 Bridge
LF,24000.0,16.430548036211604,202.8195,202.8368,22031.0,27869.0,Echolocation,Nyctalus leisleri,0.316,0.529,-1,192000.0,/mnt/ubna_data_04/recover-20241018/UBNA_011/20241014_022000.WAV,recover-20241018,UBNA_011,E18 Bridge
HF,45120.0,18.318666725021902,5.3585,5.3647,43515.0,63904.0,Echolocation,Pipistrellus pipistrellus,0.626,0.661,-1,192000.0,/mnt/ubna_data_04/recover-20241018/UBNA_011/20241017_021000.WAV,recover-20241018,UBNA_011,E18 Bridge
HF,48000.0,16.692209520928692,191.4985,191.5047,46953.0,56225.0,Echolocation,Pipistrellus pipistrellus,0.604,0.642,-1,192000.0,/mnt/ubna_data_04/recover-20241018/UBNA_011/20241012_041000.WAV,recover-20241018,UBNA_011,E18 Bridge
LF,26880.0,34.33552215011937,107.5125,107.5293,26328.0,29484.0,Echolocation,Nyctalus leisleri,0.549,0.592,-1,192000.0,/mnt/ubna_data_04/recover-20241018/UBNA_011/20241013_092000.WAV,recover-20241018,UBNA_011,E18 Bridge
LF,27840.0,22.971341618961215,215.6805,215.6963,26328.0,29590.0,Echolocation,Nyctalus leisleri,0.612,0.671,-1,192000.0,/mnt/ubna_data_04/recover-20241018/UBNA_011/20241013_105000.WAV,recover-20241018,UBNA_011,E18 Bridge
LF,25920.0,7.5167660119180635,53.5265,53.538799999999995,23750.0,31079.0,Echolocation,Nyctalus leisleri,0.373,0.594,-1,192000.0,/mnt/ubna_data_04/recover-20241018/UBNA_011/20241012_020000.WAV,recover-20241018,UBNA_011,E18 Bridge
HF,52800.0,9.081085058937504,137.5445,137.5521,46953.0,67514.0,Echolocation,Pipistrellus pipistrellus,0.421,0.533,-1,192000.0,/mnt/ubna_data_04/recover-20241018/UBNA_011/20241017_021000.WAV,recover-20241018,UBNA_011,E18 Bridge
HF,47040.0,18.127141722094628,157.8955,157.9013,44375.0,61259.0,Echolocation,Pipistrellus pipistrellus,0.583,0.663,-1,192000.0,/mnt/ubna_data_04/recover-20241018/UBNA_011/20241017_021000.WAV,recover-20241018,UBNA_011,E18 Bridge
HF,47040.0,26.481816377876246,61.3015,61.3069,44375.0,70577.0,Echolocation,Pipistrellus pipistrellus,0.53,0.546,-1,192000.0,/mnt/ubna_data_04/recover-20241018/UBNA_011/20241018_022000.WAV,recover-20241018,UBNA_011,E18 Bridge
HF,48960.0,25.11335917017486,296.1805,296.185,40078.0,82371.0,Echolocation,Myotis brandtii,0.329,0.67,-1,192000.0,/mnt/ubna_data_04/recover-20241018/UBNA_011/20241015_020000.WAV,recover-20241018,UBNA_011,E18 Bridge
LF,23040.0,13.590031405456651,10.9435,10.9592,22031.0,26892.0,Echolocation,Nyctalus leisleri,0.277,0.59,-1,192000.0,/mnt/ubna_data_04/recover-20241018/UBNA_011/20241014_021000.WAV,recover-20241018,UBNA_011,E18 Bridge
HF,51840.0,22.08956725915251,152.5305,152.535,46093.0,65337.0,Echolocation,Pipistrellus pipistrellus,0.432,0.5,-1,192000.0,/mnt/ubna_data_04/recover-20241018/UBNA_011/20241018_020000.WAV,recover-20241018,UBNA_011,E18 Bridge
HF,47040.0,12.476060500296098,214.3175,214.323,46093.0,55853.0,Echolocation,Pipistrellus pipistrellus,0.521,0.552,-1,192000.0,/mnt/ubna_data_04/recover-20241018/UBNA_011/20241012_065000.WAV,recover-20241018,UBNA_011,E18 Bridge
LF,28800.0,7.6748135207729415,292.3505,292.3591,27187.0,35513.0,Echolocation,Eptesicus serotinus,0.379,0.614,-1,192000.0,/mnt/ubna_data_04/recover-20241018/UBNA_011/20241013_083000.WAV,recover-20241018,UBNA_011,E18 Bridge
LF,27840.0,29.12127854304156,101.6645,101.67869999999999,25468.0,31429.0,Echolocation,Nyctalus leisleri,0.369,0.537,-1,192000.0,/mnt/ubna_data_04/recover-20241018/UBNA_011/20241016_015000.WAV,recover-20241018,UBNA_011,E18 Bridge
LF,25920.0,18.446968866911742,154.57150000000001,154.5882,25468.0,29060.0,Echolocation,Nyctalus leisleri,0.48,0.571,-1,192000.0,/mnt/ubna_data_04/recover-20241018/UBNA_011/20241013_024000.WAV,recover-20241018,UBNA_011,E18 Bridge
HF,52800.0,27.932916515007335,117.7645,117.7694,49531.0,63716.0,Echolocation,Pipistrellus pipistrellus,0.506,0.525,-1,192000.0,/mnt/ubna_data_04/recover-20241018/UBNA_011/20241018_020000.WAV,recover-20241018,UBNA_011,E18 Bridge
LF,27840.0,14.884161593766379,66.1465,66.1583,26328.0,31943.0,Echolocation,Nyctalus leisleri,0.467,0.673,-1,192000.0,/mnt/ubna_data_04/recover-20241018/UBNA_011/20241014_105000.WAV,recover-20241018,UBNA_011,E18 Bridge
HF,48960.0,5.477711469358965,207.0335,207.0401,46953.0,56430.0,Echolocation,Pipistrellus pipistrellus,0.496,0.516,-1,192000.0,/mnt/ubna_data_04/recover-20241018/UBNA_011/20241015_051000.WAV,recover-20241018,UBNA_011,E18 Bridge
HF,52800.0,12.21655069136322,263.1705,263.1774,46093.0,64849.0,Echolocation,Pipistrellus pipistrellus,0.307,0.532,-1,192000.0,/mnt/ubna_data_04/recover-20241018/UBNA_011/20241015_064000.WAV,recover-20241018,UBNA_011,E18 Bridge
HF,46080.0,21.511070702472995,10.7915,10.7987,39218.0,74953.0,Echolocation,Pipistrellus pipistrellus,0.388,0.634,-1,192000.0,/mnt/ubna_data_04/recover-20241018/UBNA_011/20241014_042000.WAV,recover-20241018,UBNA_011,E18 Bridge
HF,53760.0,15.589942296987878,250.0355,250.0392,45234.0,74967.0,Echolocation,Myotis alcathoe,0.227,0.518,-1,192000.0,/mnt/ubna_data_04/recover-20241018/UBNA_011/20241016_025000.WAV,recover-20241018,UBNA_011,E18 Bridge
HF,48000.0,18.355476511129794,50.0035,50.0112,46953.0,67723.0,Echolocation,Pipistrellus pipistrellus,0.619,0.653,-1,192000.0,/mnt/ubna_data_04/recover-20241018/UBNA_011/20241014_045000.WAV,recover-20241018,UBNA_011,E18 Bridge
HF,48000.0,14.790039744902208,43.3335,43.3405,46093.0,66087.0,Echolocation,Pipistrellus pipistrellus,0.582,0.706,-1,192000.0,/mnt/ubna_data_04/recover-20241018/UBNA_011/20241015_052000.WAV,recover-20241018,UBNA_011,E18 Bridge
HF,46080.0,6.7359435553807305,28.5075,28.5164,44375.0,54619.0,Echolocation,Pipistrellus pipistrellus,0.547,0.61,-1,192000.0,/mnt/ubna_data_04/recover-20241018/UBNA_011/20241015_052000.WAV,recover-20241018,UBNA_011,E18 Bridge
HF,52800.0,18.373373412854527,112.2485,112.2516,43515.0,73385.0,Echolocation,Myotis alcathoe,0.363,0.59,-1,192000.0,/mnt/ubna_data_04/recover-20241018/UBNA_011/20241014_105000.WAV,recover-20241018,UBNA_011,E18 Bridge
LF,25920.0,12.054914675919598,261.2065,261.2188,24609.0,30392.0,Echolocation,Nyctalus leisleri,0.357,0.62,-1,192000.0,/mnt/ubna_data_04/recover-20241018/UBNA_011/20241013_024000.WAV,recover-20241018,UBNA_011,E18 Bridge
HF,47040.0,22.652438912812805,100.2995,100.3038,45234.0,67612.0,Echolocation,Pipistrellus pipistrellus,0.522,0.565,-1,192000.0,/mnt/ubna_data_04/recover-20241018/UBNA_011/20241014_102000.WAV,recover-20241018,UBNA_011,E18 Bridge
HF,48000.0,21.809739789814337,66.7855,66.7931,44375.0,59374.0,Echolocation,Pipistrellus pipistrellus,0.522,0.658,-1,192000.0,/mnt/ubna_data_04/recover-20241018/UBNA_011/20241017_021000.WAV,recover-20241018,UBNA_011,E18 Bridge
HF,46080.0,18.278281413578057,271.6185,271.6275,44375.0,61245.0,Echolocation,Pipistrellus pipistrellus,0.433,0.531,-1,192000.0,/mnt/ubna_data_04/recover-20241018/UBNA_011/20241017_052000.WAV,recover-20241018,UBNA_011,E18 Bridge
HF,47040.0,9.98703190278777,140.2505,140.2558,43515.0,56249.0,Echolocation,Pipistrellus pipistrellus,0.386,0.517,-1,192000.0,/mnt/ubna_data_04/recover-20241018/UBNA_011/20241015_033000.WAV,recover-20241018,UBNA_011,E18 Bridge
LF,25920.0,14.862234161210768,141.3285,141.3417,25468.0,32399.0,Echolocation,Eptesicus serotinus,0.263,0.509,-1,192000.0,/mnt/ubna_data_04/recover-20241018/UBNA_011/20241013_024000.WAV,recover-20241018,UBNA_011,E18 Bridge
LF,27840.0,21.69705442503227,216.2385,216.2545,27187.0,30677.0,Echolocation,Nyctalus leisleri,0.432,0.544,-1,192000.0,/mnt/ubna_data_04/recover-20241018/UBNA_011/20241013_105000.WAV,recover-20241018,UBNA_011,E18 Bridge
HF,47040.0,21.71431088703196,52.9785,52.9839,45234.0,65823.0,Echolocation,Pipistrellus pipistrellus,0.655,0.711,-1,192000.0,/mnt/ubna_data_04/recover-20241018/UBNA_011/20241013_084000.WAV,recover-20241018,UBNA_011,E18 Bridge
HF,47040.0,11.844807252471682,196.5025,196.5081,45234.0,63721.0,Echolocation,Pipistrellus pipistrellus,0.531,0.647,-1,192000.0,/mnt/ubna_data_04/recover-20241018/UBNA_011/20241017_024000.WAV,recover-20241018,UBNA_011,E18 Bridge
LF,26880.0,19.008011274640925,108.9125,108.9293,26328.0,29509.0,Echolocation,Nyctalus leisleri,0.489,0.545,-1,192000.0,/mnt/ubna_data_04/recover-20241018/UBNA_011/20241013_092000.WAV,recover-20241018,UBNA_011,E18 Bridge
LF,24000.0,11.05862465782679,11.2335,11.2484,22031.0,26732.0,Echolocation,Nyctalus leisleri,0.341,0.555,-1,192000.0,/mnt/ubna_data_04/recover-20241018/UBNA_011/20241014_021000.WAV,recover-20241018,UBNA_011,E18 Bridge
HF,46080.0,20.153703270937715,10.8835,10.8898,41796.0,67211.0,Echolocation,Pipistrellus pipistrellus,0.514,0.596,-1,192000.0,/mnt/ubna_data_04/recover-20241018/UBNA_011/20241014_042000.WAV,recover-20241018,UBNA_011,E18 Bridge
HF,48000.0,13.947020045067786,191.5755,191.5843,46953.0,58063.0,Echolocation,Pipistrellus pipistrellus,0.532,0.616,-1,192000.0,/mnt/ubna_data_04/recover-20241018/UBNA_011/20241012_041000.WAV,recover-20241018,UBNA_011,E18 Bridge
HF,44160.0,20.17788719724964,186.7425,186.7486,42656.0,61523.0,Echolocation,Pipistrellus pipistrellus,0.402,0.684,-1,192000.0,/mnt/ubna_data_04/recover-20241018/UBNA_011/20241017_030000.WAV,recover-20241018,UBNA_011,E18 Bridge
HF,54720.0,12.889802789913274,137.6245,137.6323,46953.0,71338.0,Echolocation,Pipistrellus pipistrellus,0.483,0.586,-1,192000.0,/mnt/ubna_data_04/recover-20241018/UBNA_011/20241017_021000.WAV,recover-20241018,UBNA_011,E18 Bridge
HF,52800.0,16.67721439843082,112.3785,112.3817,43515.0,72191.0,Echolocation,Myotis alcathoe,0.354,0.51,-1,192000.0,/mnt/ubna_data_04/recover-20241018/UBNA_011/20241014_105000.WAV,recover-20241018,UBNA_011,E18 Bridge
HF,45120.0,11.539422519197696,192.6455,192.6533,43515.0,56876.0,Echolocation,Pipistrellus pipistrellus,0.488,0.587,-1,192000.0,/mnt/ubna_data_04/recover-20241018/UBNA_011/20241017_022000.WAV,recover-20241018,UBNA_011,E18 Bridge
LF,25920.0,26.192967042166984,102.1635,102.17699999999999,23750.0,32843.0,Echolocation,Eptesicus serotinus,0.279,0.607,-1,192000.0,/mnt/ubna_data_04/recover-20241018/UBNA_011/20241016_015000.WAV,recover-20241018,UBNA_011,E18 Bridge
LF,25920.0,33.25956631749794,129.9715,129.9863,25468.0,29094.0,Echolocation,Nyctalus leisleri,0.713,0.777,-1,192000.0,/mnt/ubna_data_04/recover-20241018/UBNA_011/20241012_080000.WAV,recover-20241018,UBNA_011,E18 Bridge
HF,47040.0,10.62886946389811,286.3595,286.3717,45234.0,63259.0,Echolocation,Pipistrellus pipistrellus,0.407,0.524,-1,192000.0,/mnt/ubna_data_04/recover-20241018/UBNA_011/20241017_021000.WAV,recover-20241018,UBNA_011,E18 Bridge
LF,26880.0,9.81594219855579,261.3975,261.4102,24609.0,30978.0,Echolocation,Nyctalus leisleri,0.371,0.658,-1,192000.0,/mnt/ubna_data_04/recover-20241018/UBNA_011/20241013_024000.WAV,recover-20241018,UBNA_011,E18 Bridge
LF,27840.0,12.579076035526334,159.0585,159.068,27187.0,35003.0,Echolocation,Nyctalus leisleri,0.414,0.652,-1,192000.0,/mnt/ubna_data_04/recover-20241018/UBNA_011/20241016_050000.WAV,recover-20241018,UBNA_011,E18 Bridge
HF,47040.0,7.168464600865578,296.2355,296.2385,44375.0,66289.0,Echolocation,Myotis mystacinus,0.284,0.553,-1,192000.0,/mnt/ubna_data_04/recover-20241018/UBNA_011/20241015_020000.WAV,recover-20241018,UBNA_011,E18 Bridge
LF,28800.0,15.429166900113113,292.5435,292.5557,27187.0,31574.0,Echolocation,Nyctalus leisleri,0.548,0.71,-1,192000.0,/mnt/ubna_data_04/recover-20241018/UBNA_011/20241013_083000.WAV,recover-20241018,UBNA_011,E18 Bridge
HF,46080.0,13.746119124772992,161.8405,161.8485,45234.0,66366.0,Echolocation,Pipistrellus pipistrellus,0.528,0.709,-1,192000.0,/mnt/ubna_data_04/recover-20241018/UBNA_011/20241017_022000.WAV,recover-20241018,UBNA_011,E18 Bridge
HF,48000.0,14.352440590202796,213.0735,213.0848,43515.0,68634.0,Echolocation,Pipistrellus pipistrellus,0.439,0.57,-1,192000.0,/mnt/ubna_data_04/recover-20241018/UBNA_011/20241017_021000.WAV,recover-20241018,UBNA_011,E18 Bridge
HF,47040.0,20.193670059218295,47.9745,47.980199999999996,43515.0,66382.0,Echolocation,Pipistrellus pipistrellus,0.341,0.525,-1,192000.0,/mnt/ubna_data_04/recover-20241018/UBNA_011/20241017_033000.WAV,recover-20241018,UBNA_011,E18 Bridge
LF,24960.0,7.060381690447506,53.8395,53.8525,23750.0,30250.0,Echolocation,Nyctalus leisleri,0.355,0.625,-1,192000.0,/mnt/ubna_data_04/recover-20241018/UBNA_011/20241012_020000.WAV,recover-20241018,UBNA_011,E18 Bridge
HF,46080.0,9.169117141221632,93.6765,93.6874,45234.0,54887.0,Echolocation,Pipistrellus pipistrellus,0.436,0.546,-1,192000.0,/mnt/ubna_data_04/recover-20241018/UBNA_011/20241017_021000.WAV,recover-20241018,UBNA_011,E18 Bridge
HF,47040.0,16.481608215452702,33.4175,33.4236,45234.0,67438.0,Echolocation,Pipistrellus pipistrellus,0.477,0.554,-1,192000.0,/mnt/ubna_data_04/recover-20241018/UBNA_011/20241017_021000.WAV,recover-20241018,UBNA_011,E18 Bridge
HF,48000.0,15.774282710796484,123.6985,123.7075,43515.0,64205.0,Echolocation,Pipistrellus pipistrellus,0.523,0.607,-1,192000.0,/mnt/ubna_data_04/recover-20241018/UBNA_011/20241017_022000.WAV,recover-20241018,UBNA_011,E18 Bridge
HF,48000.0,10.23590451604302,2.4385,2.4472,46093.0,62451.0,Echolocation,Pipistrellus pipistrellus,0.461,0.666,-1,192000.0,/mnt/ubna_data_04/recover-20241018/UBNA_011/20241017_022000.WAV,recover-20241018,UBNA_011,E18 Bridge
HF,46080.0,14.733140969321354,68.6585,68.6636,43515.0,60048.0,Echolocation,Pipistrellus pipistrellus,0.428,0.559,-1,192000.0,/mnt/ubna_data_04/recover-20241018/UBNA_011/20241015_041000.WAV,recover-20241018,UBNA_011,E18 Bridge
HF,45120.0,10.071205536451268,7.6385,7.644,44375.0,55388.0,Echolocation,Pipistrellus pipistrellus,0.595,0.629,-1,192000.0,/mnt/ubna_data_04/recover-20241018/UBNA_011/20241017_033000.WAV,recover-20241018,UBNA_011,E18 Bridge
LF,24960.0,17.603558481134318,141.4345,141.4523,24609.0,33439.0,Echolocation,Eptesicus serotinus,0.337,0.517,-1,192000.0,/mnt/ubna_data_04/recover-20241018/UBNA_011/20241013_024000.WAV,recover-20241018,UBNA_011,E18 Bridge
LF,25920.0,24.420361481070234,154.8155,154.8356,24609.0,26431.0,Echolocation,Nyctalus leisleri,0.535,0.589,-1,192000.0,/mnt/ubna_data_04/recover-20241018/UBNA_011/20241013_024000.WAV,recover-20241018,UBNA_011,E18 Bridge
HF,46080.0,3.7225936608176142,93.0655,93.0712,44375.0,51485.0,Echolocation,Pipistrellus pipistrellus,0.469,0.501,-1,192000.0,/mnt/ubna_data_04/recover-20241018/UBNA_011/20241017_033000.WAV,recover-20241018,UBNA_011,E18 Bridge
HF,46080.0,10.897908686304238,207.10750000000002,207.1141,44375.0,59708.0,Echolocation,Pipistrellus pipistrellus,0.558,0.636,-1,192000.0,/mnt/ubna_data_04/recover-20241018/UBNA_011/20241015_051000.WAV,recover-20241018,UBNA_011,E18 Bridge
HF,45120.0,3.7760921491839445,249.2555,249.2622,44375.0,52880.0,Echolocation,Pipistrellus pipistrellus,0.534,0.555,-1,192000.0,/mnt/ubna_data_04/recover-20241018/UBNA_011/20241017_022000.WAV,recover-20241018,UBNA_011,E18 Bridge
LF,24000.0,17.65642677310535,203.09550000000002,203.113,22890.0,29627.0,Echolocation,Eptesicus serotinus,0.201,0.521,-1,192000.0,/mnt/ubna_data_04/recover-20241018/UBNA_011/20241014_022000.WAV,recover-20241018,UBNA_011,E18 Bridge
HF,48000.0,10.740809746085437,244.7825,244.7913,45234.0,57076.0,Echolocation,Pipistrellus pipistrellus,0.438,0.525,-1,192000.0,/mnt/ubna_data_04/recover-20241018/UBNA_011/20241017_020000.WAV,recover-20241018,UBNA_011,E18 Bridge
HF,48000.0,12.185924749738177,209.3485,209.356,45234.0,55145.0,Echolocation,Pipistrellus pipistrellus,0.513,0.644,-1,192000.0,/mnt/ubna_data_04/recover-20241018/UBNA_011/20241017_023000.WAV,recover-20241018,UBNA_011,E18 Bridge
HF,48960.0,23.469599005097255,100.3845,100.3893,42656.0,76511.0,Echolocation,Myotis alcathoe,0.244,0.5,-1,192000.0,/mnt/ubna_data_04/recover-20241018/UBNA_011/20241014_102000.WAV,recover-20241018,UBNA_011,E18 Bridge
HF,48000.0,5.191540822355004,212.4085,212.4155,46093.0,63724.0,Echolocation,Pipistrellus pipistrellus,0.556,0.61,-1,192000.0,/mnt/ubna_data_04/recover-20241018/UBNA_011/20241012_030000.WAV,recover-20241018,UBNA_011,E18 Bridge
HF,52800.0,12.893358695555868,221.3875,221.3903,44375.0,67800.0,Echolocation,Myotis alcathoe,0.323,0.562,-1,192000.0,/mnt/ubna_data_04/recover-20241018/UBNA_011/20241014_104000.WAV,recover-20241018,UBNA_011,E18 Bridge
HF,46080.0,14.92547759024915,81.1925,81.1979,45234.0,60980.0,Echolocation,Pipistrellus pipistrellus,0.642,0.69,-1,192000.0,/mnt/ubna_data_04/recover-20241018/UBNA_011/20241015_032000.WAV,recover-20241018,UBNA_011,E18 Bridge
HF,53760.0,18.250446004982685,250.0855,250.0894,45234.0,77563.0,Echolocation,Myotis alcathoe,0.314,0.526,-1,192000.0,/mnt/ubna_data_04/recover-20241018/UBNA_011/20241016_025000.WAV,recover-20241018,UBNA_011,E18 Bridge
HF,46080.0,14.755221793785696,211.8565,211.86430000000001,46093.0,61721.0,Echolocation,Pipistrellus pipistrellus,0.638,0.678,-1,192000.0,/mnt/ubna_data_04/recover-20241018/UBNA_011/20241014_041000.WAV,recover-20241018,UBNA_011,E18 Bridge
HF,48000.0,11.266271947138176,50.442499999999995,50.453199999999995,46953.0,65414.0,Echolocation,Pipistrellus pipistrellus,0.455,0.597,-1,192000.0,/mnt/ubna_data_04/recover-20241018/UBNA_011/20241014_045000.WAV,recover-20241018,UBNA_011,E18 Bridge
HF,46080.0,27.869719788859562,273.0955,273.0994,40078.0,82238.0,Echolocation,Myotis brandtii,0.2,0.505,-1,192000.0,/mnt/ubna_data_04/recover-20241018/UBNA_011/20241017_020000.WAV,recover-20241018,UBNA_011,E18 Bridge
HF,46080.0,16.315542382295153,214.4025,214.4084,44375.0,60784.0,Echolocation,Pipistrellus pipistrellus,0.494,0.575,-1,192000.0,/mnt/ubna_data_04/recover-20241018/UBNA_011/20241012_065000.WAV,recover-20241018,UBNA_011,E18 Bridge
HF,52800.0,29.13854300304971,152.8555,152.8611,45234.0,76525.0,Echolocation,Pipistrellus pipistrellus,0.409,0.57,-1,192000.0,/mnt/ubna_data_04/recover-20241018/UBNA_011/20241018_020000.WAV,recover-20241018,UBNA_011,E18 Bridge
HF,45120.0,10.29381272446555,230.8325,230.8405,44375.0,59473.0,Echolocation,Pipistrellus pipistrellus,0.483,0.61,-1,192000.0,/mnt/ubna_data_04/recover-20241018/UBNA_011/20241018_020000.WAV,recover-20241018,UBNA_011,E18 Bridge
HF,46080.0,14.254467032432792,213.5515,213.5569,42656.0,59617.0,Echolocation,Pipistrellus pipistrellus,0.599,0.655,-1,192000.0,/mnt/ubna_data_04/recover-20241018/UBNA_011/20241017_034000.WAV,recover-20241018,UBNA_011,E18 Bridge
HF,45120.0,14.703733016885312,64.6035,64.6095,44375.0,54771.0,Echolocation,Pipistrellus pipistrellus,0.597,0.656,-1,192000.0,/mnt/ubna_data_04/recover-20241018/UBNA_011/20241017_022000.WAV,recover-20241018,UBNA_011,E18 Bridge
HF,46080.0,19.54109830628014,28.4335,28.4384,41796.0,71740.0,Echolocation,Pipistrellus pipistrellus,0.213,0.618,-1,192000.0,/mnt/ubna_data_04/recover-20241018/UBNA_011/20241017_024000.WAV,recover-20241018,UBNA_011,E18 Bridge
HF,46080.0,6.916033232171577,5.5435,5.5546,45234.0,57120.0,Echolocation,Pipistrellus pipistrellus,0.44,0.542,-1,192000.0,/mnt/ubna_data_04/recover-20241018/UBNA_011/20241017_021000.WAV,recover-20241018,UBNA_011,E18 Bridge
HF,46080.0,13.61880804920149,140.3975,140.4041,43515.0,60089.0,Echolocation,Pipistrellus pipistrellus,0.371,0.634,-1,192000.0,/mnt/ubna_data_04/recover-20241018/UBNA_011/20241015_033000.WAV,recover-20241018,UBNA_011,E18 Bridge
HF,47040.0,12.037066662551918,173.0825,173.088,44375.0,58077.0,Echolocation,Pipistrellus pipistrellus,0.621,0.67,-1,192000.0,/mnt/ubna_data_04/recover-20241018/UBNA_011/20241017_033000.WAV,recover-20241018,UBNA_011,E18 Bridge
HF,46080.0,9.655496466760546,106.1545,106.16460000000001,45234.0,54702.0,Echolocation,Pipistrellus pipistrellus,0.509,0.554,-1,192000.0,/mnt/ubna_data_04/recover-20241018/UBNA_011/20241017_022000.WAV,recover-20241018,UBNA_011,E18 Bridge
HF,45120.0,16.958155697018555,271.8015,271.8109,42656.0,62808.0,Echolocation,Pipistrellus pipistrellus,0.372,0.548,-1,192000.0,/mnt/ubna_data_04/recover-20241018/UBNA_011/20241017_052000.WAV,recover-20241018,UBNA_011,E18 Bridge
HF,46080.0,8.099705188220046,66.8895,66.8993,44375.0,52819.0,Echolocation,Pipistrellus pipistrellus,0.501,0.528,-1,192000.0,/mnt/ubna_data_04/recover-20241018/UBNA_011/20241017_021000.WAV,recover-20241018,UBNA_011,E18 Bridge
HF,46080.0,6.942576622737909,44.2395,44.2462,45234.0,54108.0,Echolocation,Pipistrellus pipistrellus,0.568,0.638,-1,192000.0,/mnt/ubna_data_04/recover-20241018/UBNA_011/20241017_022000.WAV,recover-20241018,UBNA_011,E18 Bridge
HF,46080.0,9.061840707773765,186.3405,186.3507,44375.0,57153.0,Echolocation,Pipistrellus pipistrellus,0.452,0.571,-1,192000.0,/mnt/ubna_data_04/recover-20241018/UBNA_011/20241017_021000.WAV,recover-20241018,UBNA_011,E18 Bridge
HF,46080.0,9.436722267804639,157.9705,157.9789,43515.0,61638.0,Echolocation,Pipistrellus pipistrellus,0.335,0.516,-1,192000.0,/mnt/ubna_data_04/recover-20241018/UBNA_011/20241017_021000.WAV,recover-20241018,UBNA_011,E18 Bridge
HF,47040.0,13.526935626277565,43.3995,43.4076,46953.0,67226.0,Echolocation,Pipistrellus pipistrellus,0.564,0.641,-1,192000.0,/mnt/ubna_data_04/recover-20241018/UBNA_011/20241015_052000.WAV,recover-20241018,UBNA_011,E18 Bridge
HF,49920.0,23.31545322324788,61.3845,61.3897,46953.0,68661.0,Echolocation,Pipistrellus pipistrellus,0.626,0.667,-1,192000.0,/mnt/ubna_data_04/recover-20241018/UBNA_011/20241018_022000.WAV,recover-20241018,UBNA_011,E18 Bridge
HF,45120.0,23.413242227648947,96.1275,96.133,39218.0,66302.0,Echolocation,Pipistrellus pipistrellus,0.24,0.504,-1,192000.0,/mnt/ubna_data_04/recover-20241018/UBNA_011/20241017_024000.WAV,recover-20241018,UBNA_011,E18 Bridge
LF,26880.0,26.248431504394553,66.3845,66.3969,26328.0,31554.0,Echolocation,Nyctalus leisleri,0.402,0.627,-1,192000.0,/mnt/ubna_data_04/recover-20241018/UBNA_011/20241014_105000.WAV,recover-20241018,UBNA_011,E18 Bridge
LF,22080.0,35.1665508945611,37.6795,37.6989,21171.0,27454.0,Echolocation,Nyctalus noctula,0.382,0.636,-1,192000.0,/mnt/ubna_data_04/recover-20241018/UBNA_011/20241014_021000.WAV,recover-20241018,UBNA_011,E18 Bridge
HF,51840.0,14.605555135905636,118.2855,118.2898,48671.0,61075.0,Echolocation,Pipistrellus pipistrellus,0.503,0.519,-1,192000.0,/mnt/ubna_data_04/recover-20241018/UBNA_011/20241018_020000.WAV,recover-20241018,UBNA_011,E18 Bridge
HF,48000.0,15.067972197653924,50.5265,50.536,46953.0,67642.0,Echolocation,Pipistrellus pipistrellus,0.481,0.633,-1,192000.0,/mnt/ubna_data_04/recover-20241018/UBNA_011/20241014_045000.WAV,recover-20241018,UBNA_011,E18 Bridge
HF,48000.0,3.7211237383679583,43.4875,43.4969,46953.0,64209.0,Echolocation,Pipistrellus pipistrellus,0.471,0.546,-1,192000.0,/mnt/ubna_data_04/recover-20241018/UBNA_011/20241015_052000.WAV,recover-20241018,UBNA_011,E18 Bridge
HF,45120.0,11.82978065354327,7.7285,7.7337,44375.0,57923.0,Echolocation,Pipistrellus pipistrellus,0.553,0.597,-1,192000.0,/mnt/ubna_data_04/recover-20241018/UBNA_011/20241017_033000.WAV,recover-20241018,UBNA_011,E18 Bridge
LF,26880.0,11.918979596311337,66.6165,66.6299,26328.0,29771.0,Echolocation,Nyctalus leisleri,0.583,0.695,-1,192000.0,/mnt/ubna_data_04/recover-20241018/UBNA_011/20241014_105000.WAV,recover-20241018,UBNA_011,E18 Bridge
HF,46080.0,11.83396520440426,286.5425,286.553,45234.0,61651.0,Echolocation,Pipistrellus pipistrellus,0.433,0.538,-1,192000.0,/mnt/ubna_data_04/recover-20241018/UBNA_011/20241017_021000.WAV,recover-20241018,UBNA_011,E18 Bridge
HF,48000.0,13.49773681294252,209.4765,209.4861,44375.0,62006.0,Echolocation,Pipistrellus pipistrellus,0.459,0.602,-1,192000.0,/mnt/ubna_data_04/recover-20241018/UBNA_011/20241017_023000.WAV,recover-20241018,UBNA_011,E18 Bridge
LF,26880.0,17.363853956932992,141.7445,141.761,25468.0,33937.0,Echolocation,Eptesicus serotinus,0.262,0.504,-1,192000.0,/mnt/ubna_data_04/recover-20241018/UBNA_011/20241013_024000.WAV,recover-20241018,UBNA_011,E18 Bridge
LF,25920.0,11.51413147365821,261.5705,261.5837,24609.0,31014.0,Echolocation,Nyctalus leisleri,0.334,0.661,-1,192000.0,/mnt/ubna_data_04/recover-20241018/UBNA_011/20241013_024000.WAV,recover-20241018,UBNA_011,E18 Bridge
HF,53760.0,20.60593862103504,250.1385,250.142,45234.0,77704.0,Echolocation,Myotis alcathoe,0.33,0.581,-1,192000.0,/mnt/ubna_data_04/recover-20241018/UBNA_011/20241016_025000.WAV,recover-20241018,UBNA_011,E18 Bridge
HF,52800.0,21.238795280706167,112.4375,112.4412,45234.0,74977.0,Echolocation,Myotis alcathoe,0.441,0.543,-1,192000.0,/mnt/ubna_data_04/recover-20241018/UBNA_011/20241014_105000.WAV,recover-20241018,UBNA_011,E18 Bridge
HF,46080.0,16.349603828684728,212.0585,212.0659,45234.0,63878.0,Echolocation,Pipistrellus pipistrellus,0.601,0.704,-1,192000.0,/mnt/ubna_data_04/recover-20241018/UBNA_011/20241014_041000.WAV,recover-20241018,UBNA_011,E18 Bridge
LF,26880.0,30.516281828758764,102.3145,102.3283,24609.0,35750.0,Echolocation,Eptesicus serotinus,0.291,0.6,-1,192000.0,/mnt/ubna_data_04/recover-20241018/UBNA_011/20241016_015000.WAV,recover-20241018,UBNA_011,E18 Bridge
HF,45120.0,9.83656037163538,207.2865,207.2929,44375.0,57943.0,Echolocation,Pipistrellus pipistrellus,0.539,0.626,-1,192000.0,/mnt/ubna_data_04/recover-20241018/UBNA_011/20241015_051000.WAV,recover-20241018,UBNA_011,E18 Bridge
HF,45120.0,13.985238403582205,64.8165,64.8224,44375.0,57051.0,Echolocation,Pipistrellus pipistrellus,0.627,0.667,-1,192000.0,/mnt/ubna_data_04/recover-20241018/UBNA_011/20241017_022000.WAV,recover-20241018,UBNA_011,E18 Bridge
LF,23040.0,10.506687810482628,11.5045,11.5201,22890.0,26579.0,Echolocation,Nyctalus leisleri,0.402,0.515,-1,192000.0,/mnt/ubna_data_04/recover-20241018/UBNA_011/20241014_021000.WAV,recover-20241018,UBNA_011,E18 Bridge
HF,45120.0,14.604531342768611,249.3515,249.3576,44375.0,58475.0,Echolocation,Pipistrellus pipistrellus,0.642,0.686,-1,192000.0,/mnt/ubna_data_04/recover-20241018/UBNA_011/20241017_022000.WAV,recover-20241018,UBNA_011,E18 Bridge
HF,47040.0,7.113876253885155,96.2125,96.2172,46093.0,59189.0,Echolocation,Pipistrellus pipistrellus,0.522,0.564,-1,192000.0,/mnt/ubna_data_04/recover-20241018/UBNA_011/20241017_024000.WAV,recover-20241018,UBNA_011,E18 Bridge
HF,47040.0,11.107807855176226,196.6655,196.6778,44375.0,65947.0,Echolocation,Pipistrellus pipistrellus,0.453,0.644,-1,192000.0,/mnt/ubna_data_04/recover-20241018/UBNA_011/20241017_024000.WAV,recover-20241018,UBNA_011,E18 Bridge
HF,47040.0,10.455867599864341,53.0785,53.0848,46093.0,58364.0,Echolocation,Pipistrellus pipistrellus,0.531,0.568,-1,192000.0,/mnt/ubna_data_04/recover-20241018/UBNA_011/20241013_084000.WAV,recover-20241018,UBNA_011,E18 Bridge
LF,27840.0,21.9081583642326,216.7975,216.8134,27187.0,30749.0,Echolocation,Nyctalus leisleri,0.477,0.589,-1,192000.0,/mnt/ubna_data_04/recover-20241018/UBNA_011/20241013_105000.WAV,recover-20241018,UBNA_011,E18 Bridge
LF,24960.0,25.907680716148242,38.042500000000004,38.0578,23750.0,31865.0,Echolocation,Nyctalus leisleri,0.282,0.651,-1,192000.0,/mnt/ubna_data_04/recover-20241018/UBNA_011/20241014_021000.WAV,recover-20241018,UBNA_011,E18 Bridge
HF,47040.0,9.632046037089232,106.3415,106.35249999999999,43515.0,60095.0,Echolocation,Pipistrellus pipistrellus,0.399,0.512,-1,192000.0,/mnt/ubna_data_04/recover-20241018/UBNA_011/20241017_022000.WAV,recover-20241018,UBNA_011,E18 Bridge
HF,45120.0,7.276925031963625,44.4135,44.4196,45234.0,54026.0,Echolocation,Pipistrellus pipistrellus,0.656,0.668,-1,192000.0,/mnt/ubna_data_04/recover-20241018/UBNA_011/20241017_022000.WAV,recover-20241018,UBNA_011,E18 Bridge
HF,52800.0,13.084162269338393,5.7775,5.7866,46953.0,64467.0,Echolocation,Pipistrellus pipistrellus,0.408,0.505,-1,192000.0,/mnt/ubna_data_04/recover-20241018/UBNA_011/20241017_021000.WAV,recover-20241018,UBNA_011,E18 Bridge
HF,45120.0,12.47644146290215,186.8335,186.8391,43515.0,56006.0,Echolocation,Pipistrellus pipistrellus,0.578,0.667,-1,192000.0,/mnt/ubna_data_04/recover-20241018/UBNA_011/20241017_030000.WAV,recover-20241018,UBNA_011,E18 Bridge
HF,47040.0,8.650911092892553,247.5865,247.5983,45234.0,58031.0,Echolocation,Pipistrellus pipistrellus,0.37,0.518,-1,192000.0,/mnt/ubna_data_04/recover-20241018/UBNA_011/20241017_020000.WAV,recover-20241018,UBNA_011,E18 Bridge
HF,46080.0,12.430186859249787,68.8395,68.844,43515.0,59356.0,Echolocation,Pipistrellus pipistrellus,0.497,0.573,-1,192000.0,/mnt/ubna_data_04/recover-20241018/UBNA_011/20241015_041000.WAV,recover-20241018,UBNA_011,E18 Bridge
HF,46080.0,20.38472315982338,10.9625,10.9686,41796.0,71187.0,Echolocation,Pipistrellus pipistrellus,0.51,0.615,-1,192000.0,/mnt/ubna_data_04/recover-20241018/UBNA_011/20241014_042000.WAV,recover-20241018,UBNA_011,E18 Bridge
HF,48000.0,10.272196422478025,212.5805,212.5911,46953.0,60062.0,Echolocation,Pipistrellus pipistrellus,0.427,0.513,-1,192000.0,/mnt/ubna_data_04/recover-20241018/UBNA_011/20241012_030000.WAV,recover-20241018,UBNA_011,E18 Bridge
HF,46080.0,11.6104157239308,2.7205,2.7289,43515.0,61784.0,Echolocation,Pipistrellus pipistrellus,0.601,0.705,-1,192000.0,/mnt/ubna_data_04/recover-20241018/UBNA_011/20241017_022000.WAV,recover-20241018,UBNA_011,E18 Bridge
HF,46080.0,16.444174069101475,81.2825,81.2889,44375.0,64293.0,Echolocation,Pipistrellus pipistrellus,0.588,0.663,-1,192000.0,/mnt/ubna_data_04/recover-20241018/UBNA_011/20241015_032000.WAV,recover-20241018,UBNA_011,E18 Bridge
HF,47040.0,11.924443739909893,33.5035,33.5106,46093.0,62790.0,Echolocation,Pipistrellus pipistrellus,0.557,0.724,-1,192000.0,/mnt/ubna_data_04/recover-20241018/UBNA_011/20241017_021000.WAV,recover-20241018,UBNA_011,E18 Bridge
HF,51840.0,22.918820696580884,28.6105,28.6157,42656.0,85190.0,Echolocation,Myotis alcathoe,0.282,0.509,-1,192000.0,/mnt/ubna_data_04/recover-20241018/UBNA_011/20241017_024000.WAV,recover-20241018,UBNA_011,E18 Bridge
HF,51840.0,21.21865490974429,273.1725,273.1767,41796.0,77723.0,Echolocation,Myotis alcathoe,0.204,0.518,-1,192000.0,/mnt/ubna_data_04/recover-20241018/UBNA_011/20241017_020000.WAV,recover-20241018,UBNA_011,E18 Bridge
HF,48000.0,21.76124539934239,296.3415,296.3467,41796.0,80238.0,Echolocation,Myotis mystacinus,0.234,0.624,-1,192000.0,/mnt/ubna_data_04/recover-20241018/UBNA_011/20241015_020000.WAV,recover-20241018,UBNA_011,E18 Bridge
HF,48000.0,18.241393115507528,191.6715,191.6799,46953.0,56689.0,Echolocation,Pipistrellus pipistrellus,0.57,0.706,-1,192000.0,/mnt/ubna_data_04/recover-20241018/UBNA_011/20241012_041000.WAV,recover-20241018,UBNA_011,E18 Bridge
LF,28800.0,5.274251140786278,292.7825,292.7924,28046.0,34119.0,Echolocation,Nyctalus leisleri,0.267,0.543,-1,192000.0,/mnt/ubna_data_04/recover-20241018/UBNA_011/20241013_083000.WAV,recover-20241018,UBNA_011,E18 Bridge
HF,44160.0,4.63152518046107,140.4775,140.484,43515.0,50713.0,Echolocation,Pipistrellus pipistrellus,0.498,0.541,-1,192000.0,/mnt/ubna_data_04/recover-20241018/UBNA_011/20241015_033000.WAV,recover-20241018,UBNA_011,E18 Bridge
LF,24000.0,9.356951655152114,203.3705,203.3849,23750.0,27993.0,Echolocation,Nyctalus leisleri,0.499,0.601,-1,192000.0,/mnt/ubna_data_04/recover-20241018/UBNA_011/20241014_022000.WAV,recover-20241018,UBNA_011,E18 Bridge
HF,45120.0,22.4813997598058,67.1695,67.17699999999999,42656.0,61398.0,Echolocation,Pipistrellus pipistrellus,0.579,0.656,-1,192000.0,/mnt/ubna_data_04/recover-20241018/UBNA_011/20241017_021000.WAV,recover-20241018,UBNA_011,E18 Bridge
HF,46080.0,16.29818897697573,162.6835,162.6895,44375.0,60803.0,Echolocation,Pipistrellus pipistrellus,0.532,0.626,-1,192000.0,/mnt/ubna_data_04/recover-20241018/UBNA_011/20241017_022000.WAV,recover-20241018,UBNA_011,E18 Bridge
HF,46080.0,16.319731314507884,213.1595,213.1675,45234.0,65281.0,Echolocation,Pipistrellus pipistrellus,0.471,0.682,-1,192000.0,/mnt/ubna_data_04/recover-20241018/UBNA_011/20241017_021000.WAV,recover-20241018,UBNA_011,E18 Bridge
LF,25920.0,25.271623307464424,130.1975,130.2103,25468.0,30366.0,Echolocation,Nyctalus leisleri,0.681,0.752,-1,192000.0,/mnt/ubna_data_04/recover-20241018/UBNA_011/20241012_080000.WAV,recover-20241018,UBNA_011,E18 Bridge
HF,46080.0,7.442089916196943,186.5115,186.5228,43515.0,59521.0,Echolocation,Pipistrellus pipistrellus,0.437,0.5,-1,192000.0,/mnt/ubna_data_04/recover-20241018/UBNA_011/20241017_021000.WAV,recover-20241018,UBNA_011,E18 Bridge
HF,46080.0,9.26643611675718,173.26749999999998,173.2731,44375.0,55637.0,Echolocation,Pipistrellus pipistrellus,0.571,0.592,-1,192000.0,/mnt/ubna_data_04/recover-20241018/UBNA_011/20241017_033000.WAV,recover-20241018,UBNA_011,E18 Bridge
HF,54720.0,13.696152698655338,227.7175,227.7206,48671.0,70207.0,Echolocation,Myotis alcathoe,0.374,0.512,-1,192000.0,/mnt/ubna_data_04/recover-20241018/UBNA_011/20241014_104000.WAV,recover-20241018,UBNA_011,E18 Bridge
HF,47040.0,7.465982684697657,158.0425,158.0487,45234.0,54526.0,Echolocation,Pipistrellus pipistrellus,0.553,0.581,-1,192000.0,/mnt/ubna_data_04/recover-20241018/UBNA_011/20241017_021000.WAV,recover-20241018,UBNA_011,E18 Bridge
HF,45120.0,11.107965684211166,192.7445,192.752,43515.0,52874.0,Echolocation,Pipistrellus pipistrellus,0.545,0.644,-1,192000.0,/mnt/ubna_data_04/recover-20241018/UBNA_011/20241017_022000.WAV,recover-20241018,UBNA_011,E18 Bridge
HF,47040.0,7.16330589538919,118.4615,118.4667,46953.0,57287.0,Echolocation,Pipistrellus pipistrellus,0.522,0.534,-1,192000.0,/mnt/ubna_data_04/recover-20241018/UBNA_011/20241018_020000.WAV,recover-20241018,UBNA_011,E18 Bridge
HF,47040.0,9.717011583429759,214.4815,214.4867,46093.0,56009.0,Echolocation,Pipistrellus pipistrellus,0.583,0.598,-1,192000.0,/mnt/ubna_data_04/recover-20241018/UBNA_011/20241012_065000.WAV,recover-20241018,UBNA_011,E18 Bridge
HF,46080.0,14.175314311595686,48.1575,48.164500000000004,43515.0,62795.0,Echolocation,Pipistrellus pipistrellus,0.482,0.648,-1,192000.0,/mnt/ubna_data_04/recover-20241018/UBNA_011/20241017_033000.WAV,recover-20241018,UBNA_011,E18 Bridge
HF,48960.0,16.813611199063743,100.77250000000001,100.7778,47812.0,59846.0,Echolocation,Pipistrellus pipistrellus,0.496,0.528,-1,192000.0,/mnt/ubna_data_04/recover-20241018/UBNA_011/20241014_102000.WAV,recover-20241018,UBNA_011,E18 Bridge
LF,24000.0,12.078164525798517,54.2465,54.2615,22890.0,28900.0,Echolocation,Nyctalus leisleri,0.341,0.539,-1,192000.0,/mnt/ubna_data_04/recover-20241018/UBNA_011/20241012_020000.WAV,recover-20241018,UBNA_011,E18 Bridge
HF,46080.0,7.727820439584583,213.7335,213.7395,44375.0,57828.0,Echolocation,Pipistrellus pipistrellus,0.511,0.584,-1,192000.0,/mnt/ubna_data_04/recover-20241018/UBNA_011/20241017_034000.WAV,recover-20241018,UBNA_011,E18 Bridge
HF,47040.0,10.85269950380318,230.9205,230.9307,45234.0,59561.0,Echolocation,Pipistrellus pipistrellus,0.496,0.637,-1,192000.0,/mnt/ubna_data_04/recover-20241018/UBNA_011/20241018_020000.WAV,recover-20241018,UBNA_011,E18 Bridge
LF,27840.0,5.435068714187189,159.1935,159.2036,26328.0,32101.0,Echolocation,Nyctalus leisleri,0.288,0.503,-1,192000.0,/mnt/ubna_data_04/recover-20241018/UBNA_011/20241016_050000.WAV,recover-20241018,UBNA_011,E18 Bridge
HF,47040.0,21.8234419642788,61.4645,61.4717,45234.0,67701.0,Echolocation,Pipistrellus pipistrellus,0.513,0.636,-1,192000.0,/mnt/ubna_data_04/recover-20241018/UBNA_011/20241018_022000.WAV,recover-20241018,UBNA_011,E18 Bridge
HF,46080.0,16.019947263175922,123.8865,123.8941,45234.0,63739.0,Echolocation,Pipistrellus pipistrellus,0.577,0.696,-1,192000.0,/mnt/ubna_data_04/recover-20241018/UBNA_011/20241017_022000.WAV,recover-20241018,UBNA_011,E18 Bridge
HF,45120.0,13.380344642150458,271.9065,271.9164,42656.0,60900.0,Echolocation,Pipistrellus pipistrellus,0.398,0.538,-1,192000.0,/mnt/ubna_data_04/recover-20241018/UBNA_011/20241017_052000.WAV,recover-20241018,UBNA_011,E18 Bridge
HF,45120.0,9.945433591657938,93.8365,93.8471,43515.0,60769.0,Echolocation,Pipistrellus pipistrellus,0.474,0.56,-1,192000.0,/mnt/ubna_data_04/recover-20241018/UBNA_011/20241017_021000.WAV,recover-20241018,UBNA_011,E18 Bridge
HF,54720.0,12.097477139246802,137.7545,137.7617,46093.0,72880.0,Echolocation,Pipistrellus pipistrellus,0.45,0.6,-1,192000.0,/mnt/ubna_data_04/recover-20241018/UBNA_011/20241017_021000.WAV,recover-20241018,UBNA_011,E18 Bridge
HF,47040.0,14.10326563487018,248.3635,248.3708,46093.0,64833.0,Echolocation,Pipistrellus pipistrellus,0.389,0.506,-1,192000.0,/mnt/ubna_data_04/recover-20241018/UBNA_011/20241017_020000.WAV,recover-20241018,UBNA_011,E18 Bridge
LF,23040.0,11.625776689534035,11.9155,11.9333,22031.0,27261.0,Echolocation,Nyctalus noctula,0.312,0.554,-1,192000.0,/mnt/ubna_data_04/recover-20241018/UBNA_011/20241014_021000.WAV,recover-20241018,UBNA_011,E18 Bridge
HF,48000.0,12.501520005494257,296.9775,296.9843,46093.0,58834.0,Echolocation,Pipistrellus pipistrellus,0.377,0.553,-1,192000.0,/mnt/ubna_data_04/recover-20241018/UBNA_011/20241015_020000.WAV,recover-20241018,UBNA_011,E18 Bridge
HF,52800.0,10.711998999064994,5.8355,5.8407,50390.0,62936.0,Echolocation,Pipistrellus pipistrellus,0.52,0.533,-1,192000.0,/mnt/ubna_data_04/recover-20241018/UBNA_011/20241017_021000.WAV,recover-20241018,UBNA_011,E18 Bridge
HF,48000.0,10.355389947108469,123.9805,123.9891,46093.0,59982.0,Echolocation,Pipistrellus pipistrellus,0.569,0.659,-1,192000.0,/mnt/ubna_data_04/recover-20241018/UBNA_011/20241017_022000.WAV,recover-20241018,UBNA_011,E18 Bridge
HF,46080.0,16.4857062221994,212.1575,212.1646,45234.0,52538.0,Echolocation,Pipistrellus pipistrellus,0.62,0.636,-1,192000.0,/mnt/ubna_data_04/recover-20241018/UBNA_011/20241014_041000.WAV,recover-20241018,UBNA_011,E18 Bridge
HF,45120.0,14.606229890805935,173.3545,173.3596,42656.0,58354.0,Echolocation,Pipistrellus pipistrellus,0.472,0.537,-1,192000.0,/mnt/ubna_data_04/recover-20241018/UBNA_011/20241017_033000.WAV,recover-20241018,UBNA_011,E18 Bridge
HF,45120.0,13.157298111600674,192.8405,192.8487,44375.0,56678.0,Echolocation,Pipistrellus pipistrellus,0.459,0.64,-1,192000.0,/mnt/ubna_data_04/recover-20241018/UBNA_011/20241017_022000.WAV,recover-20241018,UBNA_011,E18 Bridge
HF,44160.0,19.13239868942474,187.0115,187.0163,40078.0,62210.0,Echolocation,Pipistrellus pipistrellus,0.416,0.568,-1,192000.0,/mnt/ubna_data_04/recover-20241018/UBNA_011/20241017_030000.WAV,recover-20241018,UBNA_011,E18 Bridge
HF,47040.0,18.412510107244334,53.180499999999995,53.186800000000005,46093.0,64568.0,Echolocation,Pipistrellus pipistrellus,0.496,0.627,-1,192000.0,/mnt/ubna_data_04/recover-20241018/UBNA_011/20241013_084000.WAV,recover-20241018,UBNA_011,E18 Bridge
LF,27840.0,13.956229130345053,217.1335,217.1487,27187.0,30032.0,Echolocation,Nyctalus leisleri,0.465,0.573,-1,192000.0,/mnt/ubna_data_04/recover-20241018/UBNA_011/20241013_105000.WAV,recover-20241018,UBNA_011,E18 Bridge
HF,46080.0,9.440195655041528,64.9265,64.9322,44375.0,56458.0,Echolocation,Pipistrellus pipistrellus,0.618,0.667,-1,192000.0,/mnt/ubna_data_04/recover-20241018/UBNA_011/20241017_022000.WAV,recover-20241018,UBNA_011,E18 Bridge
HF,46080.0,7.032436196004178,213.9265,213.9328,44375.0,57262.0,Echolocation,Pipistrellus pipistrellus,0.625,0.676,-1,192000.0,/mnt/ubna_data_04/recover-20241018/UBNA_011/20241017_034000.WAV,recover-20241018,UBNA_011,E18 Bridge
HF,46080.0,24.65678856309793,273.3355,273.3385,41796.0,69666.0,Echolocation,Myotis brandtii,0.218,0.576,-1,192000.0,/mnt/ubna_data_04/recover-20241018/UBNA_011/20241017_020000.WAV,recover-20241018,UBNA_011,E18 Bridge
LF,26880.0,14.744134275903393,293.6195,293.6349,25468.0,29131.0,Echolocation,Nyctalus leisleri,0.422,0.559,-1,192000.0,/mnt/ubna_data_04/recover-20241018/UBNA_011/20241013_083000.WAV,recover-20241018,UBNA_011,E18 Bridge
HF,47040.0,13.521388264303555,191.7555,191.7636,46093.0,56183.0,Echolocation,Pipistrellus pipistrellus,0.503,0.567,-1,192000.0,/mnt/ubna_data_04/recover-20241018/UBNA_011/20241012_041000.WAV,recover-20241018,UBNA_011,E18 Bridge
LF,24000.0,13.900052741460874,54.4985,54.5168,22890.0,27079.0,Echolocation,Nyctalus leisleri,0.431,0.501,-1,192000.0,/mnt/ubna_data_04/recover-20241018/UBNA_011/20241012_020000.WAV,recover-20241018,UBNA_011,E18 Bridge
HF,48000.0,7.930704030892507,162.7635,162.7722,45234.0,65051.0,Echolocation,Pipistrellus pipistrellus,0.513,0.615,-1,192000.0,/mnt/ubna_data_04/recover-20241018/UBNA_011/20241017_022000.WAV,recover-20241018,UBNA_011,E18 Bridge
HF,45120.0,13.119398420073274,69.01650000000001,69.0216,43515.0,58363.0,Echolocation,Pipistrellus pipistrellus,0.497,0.695,-1,192000.0,/mnt/ubna_data_04/recover-20241018/UBNA_011/20241015_041000.WAV,recover-20241018,UBNA_011,E18 Bridge
HF,47040.0,19.94097724419174,33.5955,33.6007,44375.0,65941.0,Echolocation,Pipistrellus pipistrellus,0.444,0.526,-1,192000.0,/mnt/ubna_data_04/recover-20241018/UBNA_011/20241017_021000.WAV,recover-20241018,UBNA_011,E18 Bridge
HF,48000.0,7.779762928024594,93.9185,93.9234,45234.0,58830.0,Echolocation,Pipistrellus pipistrellus,0.522,0.553,-1,192000.0,/mnt/ubna_data_04/recover-20241018/UBNA_011/20241017_021000.WAV,recover-20241018,UBNA_011,E18 Bridge
HF,45120.0,5.520501448978932,231.0085,231.017,44375.0,58815.0,Echolocation,Pipistrellus pipistrellus,0.497,0.59,-1,192000.0,/mnt/ubna_data_04/recover-20241018/UBNA_011/20241018_020000.WAV,recover-20241018,UBNA_011,E18 Bridge
HF,53760.0,10.880644321486452,137.8385,137.8452,44375.0,77686.0,Echolocation,Pipistrellus pipistrellus,0.354,0.605,-1,192000.0,/mnt/ubna_data_04/recover-20241018/UBNA_011/20241017_021000.WAV,recover-20241018,UBNA_011,E18 Bridge
HF,46080.0,11.697378798706751,44.5835,44.5895,44375.0,52588.0,Echolocation,Pipistrellus pipistrellus,0.59,0.627,-1,192000.0,/mnt/ubna_data_04/recover-20241018/UBNA_011/20241017_022000.WAV,recover-20241018,UBNA_011,E18 Bridge
HF,47040.0,15.241161177131161,209.5945,209.6022,42656.0,65666.0,Echolocation,Pipistrellus pipistrellus,0.58,0.673,-1,192000.0,/mnt/ubna_data_04/recover-20241018/UBNA_011/20241017_023000.WAV,recover-20241018,UBNA_011,E18 Bridge
HF,45120.0,4.892596558154494,7.8155,7.8216,44375.0,55156.0,Echolocation,Pipistrellus pipistrellus,0.472,0.502,-1,192000.0,/mnt/ubna_data_04/recover-20241018/UBNA_011/20241017_033000.WAV,recover-20241018,UBNA_011,E18 Bridge
HF,45120.0,14.320736162880968,67.2555,67.2618,43515.0,55487.0,Echolocation,Pipistrellus pipistrellus,0.662,0.696,-1,192000.0,/mnt/ubna_data_04/recover-20241018/UBNA_011/20241017_021000.WAV,recover-20241018,UBNA_011,E18 Bridge
HF,46080.0,21.152962532274763,28.7055,28.7101,42656.0,72227.0,Echolocation,Myotis alcathoe,0.207,0.51,-1,192000.0,/mnt/ubna_data_04/recover-20241018/UBNA_011/20241017_024000.WAV,recover-20241018,UBNA_011,E18 Bridge
LF,23040.0,32.67986047554681,38.2575,38.274,21171.0,28510.0,Echolocation,Nyctalus noctula,0.276,0.642,-1,192000.0,/mnt/ubna_data_04/recover-20241018/UBNA_011/20241014_021000.WAV,recover-20241018,UBNA_011,E18 Bridge
LF,28800.0,7.608806734062295,159.4435,159.4539,27187.0,33405.0,Echolocation,Nyctalus leisleri,0.415,0.646,-1,192000.0,/mnt/ubna_data_04/recover-20241018/UBNA_011/20241016_050000.WAV,recover-20241018,UBNA_011,E18 Bridge
HF,45120.0,10.097206661858632,214.7295,214.7365,43515.0,57680.0,Echolocation,Pipistrellus pipistrellus,0.478,0.553,-1,192000.0,/mnt/ubna_data_04/recover-20241018/UBNA_011/20241012_065000.WAV,recover-20241018,UBNA_011,E18 Bridge
HF,48960.0,11.81244102636009,43.6465,43.6544,46093.0,65211.0,Echolocation,Pipistrellus pipistrellus,0.369,0.548,-1,192000.0,/mnt/ubna_data_04/recover-20241018/UBNA_011/20241015_052000.WAV,recover-20241018,UBNA_011,E18 Bridge
HF,51840.0,24.129003798260925,61.5515,61.5587,46953.0,71508.0,Echolocation,Pipistrellus pipistrellus,0.528,0.583,-1,192000.0,/mnt/ubna_data_04/recover-20241018/UBNA_011/20241018_022000.WAV,recover-20241018,UBNA_011,E18 Bridge
LF,26880.0,12.139300213542196,141.8405,141.8533,26328.0,35785.0,Echolocation,Eptesicus serotinus,0.315,0.619,-1,192000.0,/mnt/ubna_data_04/recover-20241018/UBNA_011/20241013_024000.WAV,recover-20241018,UBNA_011,E18 Bridge
HF,45120.0,19.398102798415046,11.1275,11.1334,40078.0,64843.0,Echolocation,Pipistrellus pipistrellus,0.431,0.567,-1,192000.0,/mnt/ubna_data_04/recover-20241018/UBNA_011/20241014_042000.WAV,recover-20241018,UBNA_011,E18 Bridge
HF,46080.0,19.7145857096783,96.2925,96.2974,42656.0,57250.0,Echolocation,Pipistrellus pipistrellus,0.583,0.632,-1,192000.0,/mnt/ubna_data_04/recover-20241018/UBNA_011/20241017_024000.WAV,recover-20241018,UBNA_011,E18 Bridge
LF,26880.0,32.368845029687996,102.5605,102.5759,23750.0,32266.0,Echolocation,Nyctalus leisleri,0.317,0.605,-1,192000.0,/mnt/ubna_data_04/recover-20241018/UBNA_011/20241016_015000.WAV,recover-20241018,UBNA_011,E18 Bridge
HF,48000.0,20.09534611658888,118.5395,118.5444,44375.0,59816.0,Echolocation,Pipistrellus pipistrellus,0.584,0.616,-1,192000.0,/mnt/ubna_data_04/recover-20241018/UBNA_011/20241018_020000.WAV,recover-20241018,UBNA_011,E18 Bridge
LF,27840.0,23.388731680137347,66.9475,66.9591,26328.0,31738.0,Echolocation,Nyctalus leisleri,0.601,0.733,-1,192000.0,/mnt/ubna_data_04/recover-20241018/UBNA_011/20241014_105000.WAV,recover-20241018,UBNA_011,E18 Bridge
HF,48000.0,21.305396115900884,101.6655,101.6713,41796.0,77321.0,Echolocation,Myotis alcathoe,0.207,0.543,-1,192000.0,/mnt/ubna_data_04/recover-20241018/UBNA_011/20241014_102000.WAV,recover-20241018,UBNA_011,E18 Bridge
HF,52800.0,21.161437397850058,112.4995,112.5033,45234.0,74975.0,Echolocation,Myotis alcathoe,0.374,0.537,-1,192000.0,/mnt/ubna_data_04/recover-20241018/UBNA_011/20241014_105000.WAV,recover-20241018,UBNA_011,E18 Bridge
HF,47040.0,10.468039789305141,213.2495,213.2583,46093.0,66429.0,Echolocation,Pipistrellus pipistrellus,0.381,0.519,-1,192000.0,/mnt/ubna_data_04/recover-20241018/UBNA_011/20241017_021000.WAV,recover-20241018,UBNA_011,E18 Bridge
HF,47040.0,9.7970436007101,140.5555,140.5631,43515.0,61044.0,Echolocation,Pipistrellus pipistrellus,0.455,0.658,-1,192000.0,/mnt/ubna_data_04/recover-20241018/UBNA_011/20241015_033000.WAV,recover-20241018,UBNA_011,E18 Bridge
HF,54720.0,16.8447989818609,228.0085,228.0113,48671.0,78796.0,Echolocation,Myotis alcathoe,0.499,0.565,-1,192000.0,/mnt/ubna_data_04/recover-20241018/UBNA_011/20241014_104000.WAV,recover-20241018,UBNA_011,E18 Bridge
HF,46080.0,15.692053230115949,158.1155,158.1223,44375.0,62441.0,Echolocation,Pipistrellus pipistrellus,0.587,0.675,-1,192000.0,/mnt/ubna_data_04/recover-20241018/UBNA_011/20241017_021000.WAV,recover-20241018,UBNA_011,E18 Bridge
LF,24000.0,11.38154451505072,203.6675,203.6822,22890.0,26827.0,Echolocation,Nyctalus leisleri,0.447,0.624,-1,192000.0,/mnt/ubna_data_04/recover-20241018/UBNA_011/20241014_022000.WAV,recover-20241018,UBNA_011,E18 Bridge
HF,53760.0,21.292986263878966,250.2055,250.2084,45234.0,71074.0,Echolocation,Myotis alcathoe,0.209,0.506,-1,192000.0,/mnt/ubna_data_04/recover-20241018/UBNA_011/20241016_025000.WAV,recover-20241018,UBNA_011,E18 Bridge
HF,46080.0,14.03834288994484,81.37950000000001,81.3856,45234.0,59761.0,Echolocation,Pipistrellus pipistrellus,0.556,0.585,-1,192000.0,/mnt/ubna_data_04/recover-20241018/UBNA_011/20241015_032000.WAV,recover-20241018,UBNA_011,E18 Bridge
HF,46080.0,13.33840286704313,106.5315,106.54339999999999,44375.0,60902.0,Echolocation,Pipistrellus pipistrellus,0.474,0.548,-1,192000.0,/mnt/ubna_data_04/recover-20241018/UBNA_011/20241017_022000.WAV,recover-20241018,UBNA_011,E18 Bridge
HF,49920.0,10.900309204864772,212.6645,212.6743,47812.0,65503.0,Echolocation,Pipistrellus pipistrellus,0.531,0.609,-1,192000.0,/mnt/ubna_data_04/recover-20241018/UBNA_011/20241012_030000.WAV,recover-20241018,UBNA_011,E18 Bridge
HF,47040.0,10.4415895443731,186.6045,186.6168,43515.0,62800.0,Echolocation,Pipistrellus pipistrellus,0.438,0.559,-1,192000.0,/mnt/ubna_data_04/recover-20241018/UBNA_011/20241017_021000.WAV,recover-20241018,UBNA_011,E18 Bridge
LF,24000.0,13.341788073338012,261.7845,261.8014,23750.0,29286.0,Echolocation,Nyctalus leisleri,0.276,0.56,-1,192000.0,/mnt/ubna_data_04/recover-20241018/UBNA_011/20241013_024000.WAV,recover-20241018,UBNA_011,E18 Bridge
HF,45120.0,3.738795645335578,249.44650000000001,249.4539,44375.0,53496.0,Echolocation,Pipistrellus pipistrellus,0.494,0.544,-1,192000.0,/mnt/ubna_data_04/recover-20241018/UBNA_011/20241017_022000.WAV,recover-20241018,UBNA_011,E18 Bridge
HF,48000.0,11.49088507281032,48.2465,48.2519,46953.0,59413.0,Echolocation,Pipistrellus pipistrellus,0.576,0.597,-1,192000.0,/mnt/ubna_data_04/recover-20241018/UBNA_011/20241017_033000.WAV,recover-20241018,UBNA_011,E18 Bridge
LF,26880.0,30.723365382244914,130.42849999999999,130.4448,25468.0,28955.0,Echolocation,Nyctalus leisleri,0.759,0.79,-1,192000.0,/mnt/ubna_data_04/recover-20241018/UBNA_011/20241012_080000.WAV,recover-20241018,UBNA_011,E18 Bridge
HF,48000.0,14.496260970437081,286.7265,286.7368,44375.0,65549.0,Echolocation,Pipistrellus pipistrellus,0.472,0.579,-1,192000.0,/mnt/ubna_data_04/recover-20241018/UBNA_011/20241017_021000.WAV,recover-20241018,UBNA_011,E18 Bridge
HF,45120.0,11.716458504189195,2.8205,2.828,45234.0,58187.0,Echolocation,Pipistrellus pipistrellus,0.597,0.689,-1,192000.0,/mnt/ubna_data_04/recover-20241018/UBNA_011/20241017_022000.WAV,recover-20241018,UBNA_011,E18 Bridge
LF,27840.0,25.233226334046613,217.4585,217.4754,27187.0,30834.0,Echolocation,Nyctalus leisleri,0.457,0.547,-1,192000.0,/mnt/ubna_data_04/recover-20241018/UBNA_011/20241013_105000.WAV,recover-20241018,UBNA_011,E18 Bridge
HF,48000.0,10.522867824111827,67.3405,67.3465,44375.0,56744.0,Echolocation,Pipistrellus pipistrellus,0.478,0.502,-1,192000.0,/mnt/ubna_data_04/recover-20241018/UBNA_011/20241017_021000.WAV,recover-20241018,UBNA_011,E18 Bridge
HF,45120.0,10.719371764338234,69.1965,69.203,42656.0,55346.0,Echolocation,Pipistrellus pipistrellus,0.353,0.59,-1,192000.0,/mnt/ubna_data_04/recover-20241018/UBNA_011/20241015_041000.WAV,recover-20241018,UBNA_011,E18 Bridge
LF,22080.0,27.02656292929738,38.6355,38.6562,21171.0,28456.0,Echolocation,Nyctalus noctula,0.508,0.676,-1,192000.0,/mnt/ubna_data_04/recover-20241018/UBNA_011/20241014_021000.WAV,recover-20241018,UBNA_011,E18 Bridge
HF,52800.0,29.498009154865656,61.7005,61.7075,42656.0,89942.0,Echolocation,Pipistrellus pipistrellus,0.433,0.515,-1,192000.0,/mnt/ubna_data_04/recover-20241018/UBNA_011/20241018_022000.WAV,recover-20241018,UBNA_011,E18 Bridge
HF,45120.0,18.285008612146378,96.4585,96.4638,41796.0,64095.0,Echolocation,Pipistrellus pipistrellus,0.458,0.552,-1,192000.0,/mnt/ubna_data_04/recover-20241018/UBNA_011/20241017_024000.WAV,recover-20241018,UBNA_011,E18 Bridge
HF,45120.0,11.662193877550484,106.7265,106.7351,44375.0,56577.0,Echolocation,Pipistrellus pipistrellus,0.517,0.562,-1,192000.0,/mnt/ubna_data_04/recover-20241018/UBNA_011/20241017_022000.WAV,recover-20241018,UBNA_011,E18 Bridge
HF,47040.0,8.901386493943624,213.0175,213.0285,46953.0,61440.0,Echolocation,Pipistrellus pipistrellus,0.478,0.565,-1,192000.0,/mnt/ubna_data_04/recover-20241018/UBNA_011/20241012_030000.WAV,recover-20241018,UBNA_011,E18 Bridge
HF,46080.0,12.21055627246937,5.8635,5.8699,44375.0,53972.0,Echolocation,Pipistrellus pipistrellus,0.539,0.573,-1,192000.0,/mnt/ubna_data_04/recover-20241018/UBNA_011/20241017_021000.WAV,recover-20241018,UBNA_011,E18 Bridge
LF,23040.0,12.927998697947897,204.0915,204.10739999999998,22031.0,26823.0,Echolocation,Nyctalus leisleri,0.335,0.539,-1,192000.0,/mnt/ubna_data_04/recover-20241018/UBNA_011/20241014_022000.WAV,recover-20241018,UBNA_011,E18 Bridge
HF,52800.0,18.980172171600998,228.1385,228.1412,49531.0,72759.0,Echolocation,Myotis alcathoe,0.483,0.549,-1,192000.0,/mnt/ubna_data_04/recover-20241018/UBNA_011/20241014_104000.WAV,recover-20241018,UBNA_011,E18 Bridge
HF,46080.0,4.306987264033124,44.8625,44.8679,45234.0,52935.0,Echolocation,Pipistrellus pipistrellus,0.561,0.579,-1,192000.0,/mnt/ubna_data_04/recover-20241018/UBNA_011/20241017_022000.WAV,recover-20241018,UBNA_011,E18 Bridge
HF,47040.0,16.218291261390746,29.6265,29.6356,42656.0,67516.0,Echolocation,Pipistrellus pipistrellus,0.257,0.521,-1,192000.0,/mnt/ubna_data_04/recover-20241018/UBNA_011/20241017_024000.WAV,recover-20241018,UBNA_011,E18 Bridge
HF,45120.0,10.135431567681275,173.5405,173.546,43515.0,55357.0,Echolocation,Pipistrellus pipistrellus,0.629,0.654,-1,192000.0,/mnt/ubna_data_04/recover-20241018/UBNA_011/20241017_033000.WAV,recover-20241018,UBNA_011,E18 Bridge
HF,48000.0,17.666129404303707,53.2735,53.279399999999995,45234.0,63587.0,Echolocation,Pipistrellus pipistrellus,0.394,0.515,-1,192000.0,/mnt/ubna_data_04/recover-20241018/UBNA_011/20241013_084000.WAV,recover-20241018,UBNA_011,E18 Bridge
HF,48960.0,12.720157568675665,11.2145,11.2196,42656.0,60501.0,Echolocation,Pipistrellus pipistrellus,0.537,0.601,-1,192000.0,/mnt/ubna_data_04/recover-20241018/UBNA_011/20241014_042000.WAV,recover-20241018,UBNA_011,E18 Bridge
HF,48000.0,20.62789733246855,138.3415,138.3477,43515.0,67551.0,Echolocation,Pipistrellus pipistrellus,0.673,0.743,-1,192000.0,/mnt/ubna_data_04/recover-20241018/UBNA_011/20241017_021000.WAV,recover-20241018,UBNA_011,E18 Bridge
HF,46080.0,13.652402943361789,158.1905,158.1971,44375.0,61007.0,Echolocation,Pipistrellus pipistrellus,0.548,0.686,-1,192000.0,/mnt/ubna_data_04/recover-20241018/UBNA_011/20241017_021000.WAV,recover-20241018,UBNA_011,E18 Bridge
LF,23040.0,14.432749186645193,12.1945,12.2125,22031.0,26790.0,Echolocation,Nyctalus leisleri,0.275,0.545,-1,192000.0,/mnt/ubna_data_04/recover-20241018/UBNA_011/20241014_021000.WAV,recover-20241018,UBNA_011,E18 Bridge
HF,48000.0,8.557822951337164,231.09550000000002,231.1029,43515.0,59908.0,Echolocation,Pipistrellus pipistrellus,0.448,0.552,-1,192000.0,/mnt/ubna_data_04/recover-20241018/UBNA_011/20241018_020000.WAV,recover-20241018,UBNA_011,E18 Bridge
HF,47040.0,15.346911414291302,187.1015,187.1075,41796.0,57457.0,Echolocation,Pipistrellus pipistrellus,0.567,0.686,-1,192000.0,/mnt/ubna_data_04/recover-20241018/UBNA_011/20241017_030000.WAV,recover-20241018,UBNA_011,E18 Bridge
HF,48000.0,12.45348756813028,248.5285,248.5363,45234.0,67116.0,Echolocation,Pipistrellus pipistrellus,0.315,0.564,-1,192000.0,/mnt/ubna_data_04/recover-20241018/UBNA_011/20241017_020000.WAV,recover-20241018,UBNA_011,E18 Bridge
HF,51840.0,12.07216363424685,94.2235,94.2277,46093.0,73450.0,Echolocation,Myotis alcathoe,0.419,0.523,-1,192000.0,/mnt/ubna_data_04/recover-20241018/UBNA_011/20241017_021000.WAV,recover-20241018,UBNA_011,E18 Bridge
HF,44160.0,15.517833876865637,192.9375,192.946,43515.0,54682.0,Echolocation,Pipistrellus pipistrellus,0.477,0.633,-1,192000.0,/mnt/ubna_data_04/recover-20241018/UBNA_011/20241017_022000.WAV,recover-20241018,UBNA_011,E18 Bridge
LF,26880.0,9.787078764815924,261.9895,262.0015,25468.0,30309.0,Echolocation,Nyctalus leisleri,0.514,0.67,-1,192000.0,/mnt/ubna_data_04/recover-20241018/UBNA_011/20241013_024000.WAV,recover-20241018,UBNA_011,E18 Bridge
HF,53760.0,20.107088096890777,250.2885,250.2916,47812.0,73556.0,Echolocation,Myotis alcathoe,0.348,0.582,-1,192000.0,/mnt/ubna_data_04/recover-20241018/UBNA_011/20241016_025000.WAV,recover-20241018,UBNA_011,E18 Bridge
HF,45120.0,5.337310562826097,7.9025,7.9085,44375.0,50703.0,Echolocation,Pipistrellus pipistrellus,0.515,0.538,-1,192000.0,/mnt/ubna_data_04/recover-20241018/UBNA_011/20241017_033000.WAV,recover-20241018,UBNA_011,E18 Bridge
HF,48960.0,7.773526643820517,209.7125,209.7195,46093.0,56389.0,Echolocation,Pipistrellus pipistrellus,0.526,0.557,-1,192000.0,/mnt/ubna_data_04/recover-20241018/UBNA_011/20241017_023000.WAV,recover-20241018,UBNA_011,E18 Bridge
HF,47040.0,17.837276970677586,286.9285,286.9393,44375.0,63777.0,Echolocation,Pipistrellus pipistrellus,0.491,0.66,-1,192000.0,/mnt/ubna_data_04/recover-20241018/UBNA_011/20241017_021000.WAV,recover-20241018,UBNA_011,E18 Bridge
HF,46080.0,10.208151091187048,186.7885,186.8007,45234.0,61091.0,Echolocation,Pipistrellus pipistrellus,0.389,0.501,-1,192000.0,/mnt/ubna_data_04/recover-20241018/UBNA_011/20241017_021000.WAV,recover-20241018,UBNA_011,E18 Bridge
HF,47040.0,17.620846863037364,48.3315,48.3381,43515.0,66552.0,Echolocation,Pipistrellus pipistrellus,0.407,0.544,-1,192000.0,/mnt/ubna_data_04/recover-20241018/UBNA_011/20241017_033000.WAV,recover-20241018,UBNA_011,E18 Bridge
LF,28800.0,15.043975323224652,130.6435,130.6541,25468.0,32741.0,Echolocation,Nyctalus leisleri,0.473,0.629,-1,192000.0,/mnt/ubna_data_04/recover-20241018/UBNA_011/20241012_080000.WAV,recover-20241018,UBNA_011,E18 Bridge
HF,46080.0,15.764572037788136,118.7145,118.7202,42656.0,65273.0,Echolocation,Pipistrellus pipistrellus,0.376,0.561,-1,192000.0,/mnt/ubna_data_04/recover-20241018/UBNA_011/20241018_020000.WAV,recover-20241018,UBNA_011,E18 Bridge
HF,48000.0,5.275981872814577,114.14750000000001,114.1543,46953.0,57057.0,Echolocation,Pipistrellus pipistrellus,0.583,0.608,-1,192000.0,/mnt/ubna_data_04/recover-20241018/UBNA_011/20241014_105000.WAV,recover-20241018,UBNA_011,E18 Bridge
LF,27840.0,13.813711241354508,141.9495,141.9618,26328.0,34369.0,Echolocation,Nyctalus leisleri,0.335,0.649,-1,192000.0,/mnt/ubna_data_04/recover-20241018/UBNA_011/20241013_024000.WAV,recover-20241018,UBNA_011,E18 Bridge
HF,46080.0,12.426846118991604,43.7345,43.7422,43515.0,61050.0,Echolocation,Pipistrellus pipistrellus,0.405,0.563,-1,192000.0,/mnt/ubna_data_04/recover-20241018/UBNA_011/20241015_052000.WAV,recover-20241018,UBNA_011,E18 Bridge
LF,25920.0,27.52599424855761,102.8075,102.8216,23750.0,34467.0,Echolocation,Nyctalus leisleri,0.352,0.639,-1,192000.0,/mnt/ubna_data_04/recover-20241018/UBNA_011/20241016_015000.WAV,recover-20241018,UBNA_011,E18 Bridge
HF,45120.0,6.941030277247075,214.8945,214.9029,43515.0,56474.0,Echolocation,Pipistrellus pipistrellus,0.457,0.541,-1,192000.0,/mnt/ubna_data_04/recover-20241018/UBNA_011/20241012_065000.WAV,recover-20241018,UBNA_011,E18 Bridge
HF,46080.0,12.751521062535744,124.0775,124.0841,43515.0,62169.0,Echolocation,Pipistrellus pipistrellus,0.421,0.624,-1,192000.0,/mnt/ubna_data_04/recover-20241018/UBNA_011/20241017_022000.WAV,recover-20241018,UBNA_011,E18 Bridge
HF,45120.0,11.279223805261891,214.1205,214.126,44375.0,57035.0,Echolocation,Pipistrellus pipistrellus,0.559,0.674,-1,192000.0,/mnt/ubna_data_04/recover-20241018/UBNA_011/20241017_034000.WAV,recover-20241018,UBNA_011,E18 Bridge
HF,44160.0,14.792248400946196,249.5425,249.5501,43515.0,58085.0,Echolocation,Pipistrellus pipistrellus,0.559,0.681,-1,192000.0,/mnt/ubna_data_04/recover-20241018/UBNA_011/20241017_022000.WAV,recover-20241018,UBNA_011,E18 Bridge
HF,56640.0,9.663963338354774,33.7215,33.7261,45234.0,64550.0,Echolocation,Pipistrellus pipistrellus,0.431,0.529,-1,192000.0,/mnt/ubna_data_04/recover-20241018/UBNA_011/20241017_021000.WAV,recover-20241018,UBNA_011,E18 Bridge
HF,47040.0,19.696085450246336,191.8535,191.8614,46093.0,55485.0,Echolocation,Pipistrellus pipistrellus,0.564,0.678,-1,192000.0,/mnt/ubna_data_04/recover-20241018/UBNA_011/20241012_041000.WAV,recover-20241018,UBNA_011,E18 Bridge
HF,48000.0,12.824874179011445,162.8595,162.8713,43515.0,64337.0,Echolocation,Pipistrellus pipistrellus,0.486,0.63,-1,192000.0,/mnt/ubna_data_04/recover-20241018/UBNA_011/20241017_022000.WAV,recover-20241018,UBNA_011,E18 Bridge
HF,48000.0,7.499321853015858,3.0105,3.0168,46093.0,59869.0,Echolocation,Pipistrellus pipistrellus,0.552,0.595,-1,192000.0,/mnt/ubna_data_04/recover-20241018/UBNA_011/20241017_022000.WAV,recover-20241018,UBNA_011,E18 Bridge
HF,46080.0,18.684924472446017,212.2545,212.2622,45234.0,67022.0,Echolocation,Pipistrellus pipistrellus,0.645,0.721,-1,192000.0,/mnt/ubna_data_04/recover-20241018/UBNA_011/20241014_041000.WAV,recover-20241018,UBNA_011,E18 Bridge
HF,48000.0,7.065562686320702,213.3435,213.3524,46953.0,62130.0,Echolocation,Pipistrellus pipistrellus,0.402,0.516,-1,192000.0,/mnt/ubna_data_04/recover-20241018/UBNA_011/20241017_021000.WAV,recover-20241018,UBNA_011,E18 Bridge
HF,46080.0,16.902084726663894,81.45949999999999,81.465,43515.0,64636.0,Echolocation,Pipistrellus pipistrellus,0.67,0.697,-1,192000.0,/mnt/ubna_data_04/recover-20241018/UBNA_011/20241015_032000.WAV,recover-20241018,UBNA_011,E18 Bridge
HF,47040.0,25.260934753939107,273.4965,273.4999,41796.0,74761.0,Echolocation,Myotis alcathoe,0.248,0.558,-1,192000.0,/mnt/ubna_data_04/recover-20241018/UBNA_011/20241017_020000.WAV,recover-20241018,UBNA_011,E18 Bridge
HF,46080.0,6.476001366284091,65.2055,65.2115,45234.0,53014.0,Echolocation,Pipistrellus pipistrellus,0.586,0.6,-1,192000.0,/mnt/ubna_data_04/recover-20241018/UBNA_011/20241017_022000.WAV,recover-20241018,UBNA_011,E18 Bridge
HF,43200.0,8.920585680755016,140.64249999999998,140.6494,42656.0,53808.0,Echolocation,Pipistrellus pipistrellus,0.372,0.616,-1,192000.0,/mnt/ubna_data_04/recover-20241018/UBNA_011/20241015_033000.WAV,recover-20241018,UBNA_011,E18 Bridge
LF,23040.0,11.41070009273596,54.7745,54.7915,22890.0,26986.0,Echolocation,Nyctalus leisleri,0.52,0.602,-1,192000.0,/mnt/ubna_data_04/recover-20241018/UBNA_011/20241012_020000.WAV,recover-20241018,UBNA_011,E18 Bridge
HF,48000.0,11.455357179284594,29.7115,29.7183,45234.0,63048.0,Echolocation,Pipistrellus pipistrellus,0.272,0.533,-1,192000.0,/mnt/ubna_data_04/recover-20241018/UBNA_011/20241017_024000.WAV,recover-20241018,UBNA_011,E18 Bridge
HF,53760.0,22.75226250559247,273.8275,273.8323,41796.0,77690.0,Echolocation,Myotis brandtii,0.311,0.5,-1,192000.0,/mnt/ubna_data_04/recover-20241018/UBNA_011/20241017_020000.WAV,recover-20241018,UBNA_011,E18 Bridge
HF,46080.0,12.137714966843177,106.9205,106.934,44375.0,59939.0,Echolocation,Pipistrellus pipistrellus,0.421,0.503,-1,192000.0,/mnt/ubna_data_04/recover-20241018/UBNA_011/20241017_022000.WAV,recover-20241018,UBNA_011,E18 Bridge
HF,47040.0,10.602416779587289,43.8835,43.891400000000004,46093.0,62580.0,Echolocation,Pipistrellus pipistrellus,0.509,0.568,-1,192000.0,/mnt/ubna_data_04/recover-20241018/UBNA_011/20241015_052000.WAV,recover-20241018,UBNA_011,E18 Bridge
HF,44160.0,12.95316148278596,193.1305,193.1376,43515.0,56757.0,Echolocation,Pipistrellus pipistrellus,0.532,0.659,-1,192000.0,/mnt/ubna_data_04/recover-20241018/UBNA_011/20241017_022000.WAV,recover-20241018,UBNA_011,E18 Bridge
LF,23040.0,6.108708010004252,204.3795,204.3982,22031.0,25823.0,Echolocation,Nyctalus leisleri,0.459,0.514,-1,192000.0,/mnt/ubna_data_04/recover-20241018/UBNA_011/20241014_022000.WAV,recover-20241018,UBNA_011,E18 Bridge
HF,47040.0,8.35719122349274,213.2905,213.3009,46093.0,59040.0,Echolocation,Pipistrellus pipistrellus,0.472,0.523,-1,192000.0,/mnt/ubna_data_04/recover-20241018/UBNA_011/20241012_030000.WAV,recover-20241018,UBNA_011,E18 Bridge
HF,44160.0,13.095045894151378,214.9775,214.983,42656.0,56117.0,Echolocation,Pipistrellus pipistrellus,0.467,0.543,-1,192000.0,/mnt/ubna_data_04/recover-20241018/UBNA_011/20241012_065000.WAV,recover-20241018,UBNA_011,E18 Bridge
HF,46080.0,8.247016668441269,65.2795,65.2848,46093.0,57082.0,Echolocation,Pipistrellus pipistrellus,0.559,0.575,-1,192000.0,/mnt/ubna_data_04/recover-20241018/UBNA_011/20241017_022000.WAV,recover-20241018,UBNA_011,E18 Bridge
HF,46080.0,7.354702994062271,249.6405,249.6475,44375.0,55857.0,Echolocation,Pipistrellus pipistrellus,0.59,0.638,-1,192000.0,/mnt/ubna_data_04/recover-20241018/UBNA_011/20241017_022000.WAV,recover-20241018,UBNA_011,E18 Bridge
HF,45120.0,11.41427164264165,186.8795,186.89,44375.0,63238.0,Echolocation,Pipistrellus pipistrellus,0.507,0.585,-1,192000.0,/mnt/ubna_data_04/recover-20241018/UBNA_011/20241017_021000.WAV,recover-20241018,UBNA_011,E18 Bridge
HF,46080.0,5.315548238887617,5.9505,5.9607,45234.0,50876.0,Echolocation,Pipistrellus pipistrellus,0.493,0.534,-1,192000.0,/mnt/ubna_data_04/recover-20241018/UBNA_011/20241017_021000.WAV,recover-20241018,UBNA_011,E18 Bridge
HF,46080.0,14.191977738150644,118.79650000000001,118.8027,45234.0,58746.0,Echolocation,Pipistrellus pipistrellus,0.496,0.547,-1,192000.0,/mnt/ubna_data_04/recover-20241018/UBNA_011/20241018_020000.WAV,recover-20241018,UBNA_011,E18 Bridge
HF,47040.0,19.04531820805479,209.8155,209.8221,43515.0,65870.0,Echolocation,Pipistrellus pipistrellus,0.663,0.709,-1,192000.0,/mnt/ubna_data_04/recover-20241018/UBNA_011/20241017_023000.WAV,recover-20241018,UBNA_011,E18 Bridge
HF,46080.0,7.812165786382223,212.3555,212.3621,45234.0,58195.0,Echolocation,Pipistrellus pipistrellus,0.583,0.643,-1,192000.0,/mnt/ubna_data_04/recover-20241018/UBNA_011/20241014_041000.WAV,recover-20241018,UBNA_011,E18 Bridge
HF,45120.0,8.794143656063033,173.6315,173.6376,44375.0,57386.0,Echolocation,Pipistrellus pipistrellus,0.64,0.68,-1,192000.0,/mnt/ubna_data_04/recover-20241018/UBNA_011/20241017_033000.WAV,recover-20241018,UBNA_011,E18 Bridge
HF,53760.0,23.826137863410743,250.3385,250.3426,41796.0,78371.0,Echolocation,Myotis brandtii,0.224,0.531,-1,192000.0,/mnt/ubna_data_04/recover-20241018/UBNA_011/20241016_025000.WAV,recover-20241018,UBNA_011,E18 Bridge
HF,46080.0,5.7554964030597,45.320499999999996,45.3257,46093.0,57447.0,Echolocation,Pipistrellus pipistrellus,0.625,0.638,-1,192000.0,/mnt/ubna_data_04/recover-20241018/UBNA_011/20241017_022000.WAV,recover-20241018,UBNA_011,E18 Bridge
HF,46080.0,15.158480025138289,81.5485,81.5541,45234.0,60403.0,Echolocation,Pipistrellus pipistrellus,0.574,0.657,-1,192000.0,/mnt/ubna_data_04/recover-20241018/UBNA_011/20241015_032000.WAV,recover-20241018,UBNA_011,E18 Bridge
HF,47040.0,14.023528713155926,158.2725,158.2782,46093.0,61171.0,Echolocation,Pipistrellus pipistrellus,0.569,0.61,-1,192000.0,/mnt/ubna_data_04/recover-20241018/UBNA_011/20241017_021000.WAV,recover-20241018,UBNA_011,E18 Bridge
HF,48000.0,16.275403433649938,11.2955,11.3013,44375.0,64553.0,Echolocation,Pipistrellus pipistrellus,0.55,0.616,-1,192000.0,/mnt/ubna_data_04/recover-20241018/UBNA_011/20241014_042000.WAV,recover-20241018,UBNA_011,E18 Bridge
HF,52800.0,11.382524433251415,248.6795,248.6867,45234.0,69293.0,Echolocation,Pipistrellus pipistrellus,0.278,0.525,-1,192000.0,/mnt/ubna_data_04/recover-20241018/UBNA_011/20241017_020000.WAV,recover-20241018,UBNA_011,E18 Bridge
HF,48000.0,12.260347454308944,231.1815,231.1897,44375.0,58036.0,Echolocation,Pipistrellus pipistrellus,0.472,0.615,-1,192000.0,/mnt/ubna_data_04/recover-20241018/UBNA_011/20241018_020000.WAV,recover-20241018,UBNA_011,E18 Bridge
HF,46080.0,9.067127036988422,214.3205,214.3265,44375.0,56045.0,Echolocation,Pipistrellus pipistrellus,0.499,0.622,-1,192000.0,/mnt/ubna_data_04/recover-20241018/UBNA_011/20241017_034000.WAV,recover-20241018,UBNA_011,E18 Bridge
HF,45120.0,15.660828216986644,96.6275,96.6319,43515.0,57792.0,Echolocation,Pipistrellus pipistrellus,0.603,0.637,-1,192000.0,/mnt/ubna_data_04/recover-20241018/UBNA_011/20241017_024000.WAV,recover-20241018,UBNA_011,E18 Bridge
HF,47040.0,8.804022315443108,3.0875,3.0939,46093.0,57164.0,Echolocation,Pipistrellus pipistrellus,0.644,0.673,-1,192000.0,/mnt/ubna_data_04/recover-20241018/UBNA_011/20241017_022000.WAV,recover-20241018,UBNA_011,E18 Bridge
LF,24000.0,16.9805393672951,55.049499999999995,55.067099999999996,22890.0,27048.0,Echolocation,Nyctalus leisleri,0.423,0.535,-1,192000.0,/mnt/ubna_data_04/recover-20241018/UBNA_011/20241012_020000.WAV,recover-20241018,UBNA_011,E18 Bridge
HF,52800.0,22.13839051015945,228.1945,228.1972,46093.0,76426.0,Echolocation,Myotis alcathoe,0.475,0.525,-1,192000.0,/mnt/ubna_data_04/recover-20241018/UBNA_011/20241014_104000.WAV,recover-20241018,UBNA_011,E18 Bridge
HF,45120.0,2.3624169321132085,8.3455,8.3519,44375.0,50471.0,Echolocation,Pipistrellus pipistrellus,0.516,0.563,-1,192000.0,/mnt/ubna_data_04/recover-20241018/UBNA_011/20241017_033000.WAV,recover-20241018,UBNA_011,E18 Bridge
HF,47040.0,18.625136743736814,33.9785,33.984,45234.0,64811.0,Echolocation,Pipistrellus pipistrellus,0.462,0.523,-1,192000.0,/mnt/ubna_data_04/recover-20241018/UBNA_011/20241017_021000.WAV,recover-20241018,UBNA_011,E18 Bridge
LF,23040.0,10.733009818534576,12.4795,12.4962,22031.0,27151.0,Echolocation,Nyctalus leisleri,0.287,0.541,-1,192000.0,/mnt/ubna_data_04/recover-20241018/UBNA_011/20241014_021000.WAV,recover-20241018,UBNA_011,E18 Bridge
HF,46080.0,8.93027175502941,143.94650000000001,143.953,45234.0,51693.0,Echolocation,Pipistrellus pipistrellus,0.452,0.546,-1,192000.0,/mnt/ubna_data_04/recover-20241018/UBNA_011/20241015_033000.WAV,recover-20241018,UBNA_011,E18 Bridge
HF,46080.0,17.769354422864716,287.0215,287.0311,43515.0,64340.0,Echolocation,Pipistrellus pipistrellus,0.58,0.671,-1,192000.0,/mnt/ubna_data_04/recover-20241018/UBNA_011/20241017_021000.WAV,recover-20241018,UBNA_011,E18 Bridge
HF,45120.0,8.921106412388129,69.3765,69.3821,42656.0,56330.0,Echolocation,Pipistrellus pipistrellus,0.441,0.671,-1,192000.0,/mnt/ubna_data_04/recover-20241018/UBNA_011/20241015_041000.WAV,recover-20241018,UBNA_011,E18 Bridge
HF,48000.0,11.818607489933864,191.92849999999999,191.9361,46093.0,55201.0,Echolocation,Pipistrellus pipistrellus,0.527,0.614,-1,192000.0,/mnt/ubna_data_04/recover-20241018/UBNA_011/20241012_041000.WAV,recover-20241018,UBNA_011,E18 Bridge
HF,48000.0,9.635070795824557,48.4985,48.5056,45234.0,61625.0,Echolocation,Pipistrellus pipistrellus,0.434,0.565,-1,192000.0,/mnt/ubna_data_04/recover-20241018/UBNA_011/20241017_033000.WAV,recover-20241018,UBNA_011,E18 Bridge
HF,48000.0,12.757059609248632,53.3705,53.3755,46953.0,60796.0,Echolocation,Pipistrellus pipistrellus,0.604,0.651,-1,192000.0,/mnt/ubna_data_04/recover-20241018/UBNA_011/20241013_084000.WAV,recover-20241018,UBNA_011,E18 Bridge
HF,48960.0,10.92020210170988,231.57150000000001,231.5827,44375.0,61897.0,Echolocation,Pipistrellus pipistrellus,0.405,0.532,-1,192000.0,/mnt/ubna_data_04/recover-20241018/UBNA_011/20241017_021000.WAV,recover-20241018,UBNA_011,E18 Bridge
LF,26880.0,10.379672927430468,262.1785,262.1941,24609.0,28372.0,Echolocation,Nyctalus leisleri,0.545,0.665,-1,192000.0,/mnt/ubna_data_04/recover-20241018/UBNA_011/20241013_024000.WAV,recover-20241018,UBNA_011,E18 Bridge
LF,27840.0,21.719641298641896,130.8625,130.8735,25468.0,34360.0,Echolocation,Nyctalus leisleri,0.763,0.832,-1,192000.0,/mnt/ubna_data_04/recover-20241018/UBNA_011/20241012_080000.WAV,recover-20241018,UBNA_011,E18 Bridge
LF,26880.0,15.958494802718182,217.6935,217.7094,26328.0,29702.0,Echolocation,Nyctalus leisleri,0.472,0.622,-1,192000.0,/mnt/ubna_data_04/recover-20241018/UBNA_011/20241013_105000.WAV,recover-20241018,UBNA_011,E18 Bridge
HF,46080.0,19.32004456000125,138.4145,138.4197,44375.0,64270.0,Echolocation,Pipistrellus pipistrellus,0.639,0.682,-1,192000.0,/mnt/ubna_data_04/recover-20241018/UBNA_011/20241017_021000.WAV,recover-20241018,UBNA_011,E18 Bridge
HF,46080.0,8.665009790159807,124.1755,124.182,46953.0,59514.0,Echolocation,Pipistrellus pipistrellus,0.487,0.568,-1,192000.0,/mnt/ubna_data_04/recover-20241018/UBNA_011/20241017_022000.WAV,recover-20241018,UBNA_011,E18 Bridge
LF,26880.0,12.539464119881202,142.0565,142.0687,25468.0,35997.0,Echolocation,Eptesicus serotinus,0.437,0.683,-1,192000.0,/mnt/ubna_data_04/recover-20241018/UBNA_011/20241013_024000.WAV,recover-20241018,UBNA_011,E18 Bridge
HF,52800.0,14.92004911941679,94.2825,94.2864,45234.0,71899.0,Echolocation,Myotis alcathoe,0.397,0.515,-1,192000.0,/mnt/ubna_data_04/recover-20241018/UBNA_011/20241017_021000.WAV,recover-20241018,UBNA_011,E18 Bridge
LF,26880.0,33.67189388952166,103.0485,103.0629,23750.0,31603.0,Echolocation,Nyctalus leisleri,0.421,0.658,-1,192000.0,/mnt/ubna_data_04/recover-20241018/UBNA_011/20241016_015000.WAV,recover-20241018,UBNA_011,E18 Bridge
HF,47040.0,12.611165474854648,67.4185,67.4237,44375.0,57263.0,Echolocation,Pipistrellus pipistrellus,0.546,0.567,-1,192000.0,/mnt/ubna_data_04/recover-20241018/UBNA_011/20241017_021000.WAV,recover-20241018,UBNA_011,E18 Bridge
HF,55680.0,23.12478524285283,61.7485,61.7553,43515.0,91715.0,Echolocation,Pipistrellus pipistrellus,0.368,0.56,-1,192000.0,/mnt/ubna_data_04/recover-20241018/UBNA_011/20241018_022000.WAV,recover-20241018,UBNA_011,E18 Bridge
HF,45120.0,10.790207611652722,187.2865,187.2937,42656.0,58212.0,Echolocation,Pipistrellus pipistrellus,0.241,0.557,-1,192000.0,/mnt/ubna_data_04/recover-20241018/UBNA_011/20241017_030000.WAV,recover-20241018,UBNA_011,E18 Bridge
LF,22080.0,20.203238971922094,38.9555,38.9756,21171.0,27038.0,Echolocation,Nyctalus noctula,0.415,0.602,-1,192000.0,/mnt/ubna_data_04/recover-20241018/UBNA_011/20241014_021000.WAV,recover-20241018,UBNA_011,E18 Bridge
HF,48000.0,9.585950126262805,162.94650000000001,162.9539,46093.0,59370.0,Echolocation,Pipistrellus pipistrellus,0.444,0.55,-1,192000.0,/mnt/ubna_data_04/recover-20241018/UBNA_011/20241017_022000.WAV,recover-20241018,UBNA_011,E18 Bridge
HF,46080.0,6.346752225471067,114.3235,114.3298,46093.0,59186.0,Echolocation,Pipistrellus pipistrellus,0.511,0.592,-1,192000.0,/mnt/ubna_data_04/recover-20241018/UBNA_011/20241014_105000.WAV,recover-20241018,UBNA_011,E18 Bridge
LF,24000.0,12.79572912847706,55.320499999999996,55.339600000000004,22890.0,27170.0,Echolocation,Nyctalus leisleri,0.51,0.591,-1,192000.0,/mnt/ubna_data_04/recover-20241018/UBNA_011/20241012_020000.WAV,recover-20241018,UBNA_011,E18 Bridge
LF,22080.0,19.805942136034286,39.3305,39.3489,21171.0,26532.0,Echolocation,Nyctalus noctula,0.517,0.662,-1,192000.0,/mnt/ubna_data_04/recover-20241018/UBNA_011/20241014_021000.WAV,recover-20241018,UBNA_011,E18 Bridge
HF,48000.0,9.74080214405123,11.3745,11.3816,45234.0,61256.0,Echolocation,Pipistrellus pipistrellus,0.45,0.571,-1,192000.0,/mnt/ubna_data_04/recover-20241018/UBNA_011/20241014_042000.WAV,recover-20241018,UBNA_011,E18 Bridge
HF,45120.0,20.736530770575715,81.6425,81.648,43515.0,62472.0,Echolocation,Pipistrellus pipistrellus,0.61,0.667,-1,192000.0,/mnt/ubna_data_04/recover-20241018/UBNA_011/20241015_032000.WAV,recover-20241018,UBNA_011,E18 Bridge
HF,48000.0,7.074275951691254,3.1675,3.1736,46953.0,59281.0,Echolocation,Pipistrellus pipistrellus,0.529,0.563,-1,192000.0,/mnt/ubna_data_04/recover-20241018/UBNA_011/20241017_022000.WAV,recover-20241018,UBNA_011,E18 Bridge
HF,47040.0,12.262839965261897,231.7555,231.7657,45234.0,59859.0,Echolocation,Pipistrellus pipistrellus,0.448,0.556,-1,192000.0,/mnt/ubna_data_04/recover-20241018/UBNA_011/20241017_021000.WAV,recover-20241018,UBNA_011,E18 Bridge
HF,46080.0,15.579588844473912,274.2955,274.3042,44375.0,63928.0,Echolocation,Pipistrellus pipistrellus,0.25,0.501,-1,192000.0,/mnt/ubna_data_04/recover-20241018/UBNA_011/20241017_020000.WAV,recover-20241018,UBNA_011,E18 Bridge
HF,52800.0,13.580957906006706,34.1685,34.1734,44375.0,69544.0,Echolocation,Pipistrellus pipistrellus,0.446,0.564,-1,192000.0,/mnt/ubna_data_04/recover-20241018/UBNA_011/20241017_021000.WAV,recover-20241018,UBNA_011,E18 Bridge
HF,48000.0,10.561070116221074,65.5005,65.5051,46093.0,60493.0,Echolocation,Pipistrellus pipistrellus,0.51,0.541,-1,192000.0,/mnt/ubna_data_04/recover-20241018/UBNA_011/20241017_022000.WAV,recover-20241018,UBNA_011,E18 Bridge
HF,46080.0,15.219726163292558,118.9745,118.9808,44375.0,60174.0,Echolocation,Pipistrellus pipistrellus,0.518,0.63,-1,192000.0,/mnt/ubna_data_04/recover-20241018/UBNA_011/20241018_020000.WAV,recover-20241018,UBNA_011,E18 Bridge
HF,44160.0,10.40753773361307,69.5685,69.5739,43515.0,56852.0,Echolocation,Pipistrellus pipistrellus,0.608,0.685,-1,192000.0,/mnt/ubna_data_04/recover-20241018/UBNA_011/20241015_041000.WAV,recover-20241018,UBNA_011,E18 Bridge
HF,45120.0,4.196508889737719,9.3475,9.3531,44375.0,55025.0,Echolocation,Pipistrellus pipistrellus,0.415,0.505,-1,192000.0,/mnt/ubna_data_04/recover-20241018/UBNA_011/20241017_033000.WAV,recover-20241018,UBNA_011,E18 Bridge
HF,47040.0,13.310866502943462,67.5595,67.5652,43515.0,60216.0,Echolocation,Pipistrellus pipistrellus,0.578,0.662,-1,192000.0,/mnt/ubna_data_04/recover-20241018/UBNA_011/20241017_021000.WAV,recover-20241018,UBNA_011,E18 Bridge
LF,26880.0,32.40647302565796,103.1885,103.2021,24609.0,38746.0,Echolocation,Eptesicus serotinus,0.292,0.631,-1,192000.0,/mnt/ubna_data_04/recover-20241018/UBNA_011/20241016_015000.WAV,recover-20241018,UBNA_011,E18 Bridge
HF,47040.0,4.59542793318609,43.9615,43.9708,44375.0,52745.0,Echolocation,Pipistrellus pipistrellus,0.42,0.528,-1,192000.0,/mnt/ubna_data_04/recover-20241018/UBNA_011/20241015_052000.WAV,recover-20241018,UBNA_011,E18 Bridge
LF,27840.0,12.35688792348672,142.1635,142.1749,26328.0,36070.0,Echolocation,Eptesicus serotinus,0.429,0.602,-1,192000.0,/mnt/ubna_data_04/recover-20241018/UBNA_011/20241013_024000.WAV,recover-20241018,UBNA_011,E18 Bridge
LF,27840.0,17.504325273331027,131.0695,131.0807,25468.0,33270.0,Echolocation,Nyctalus leisleri,0.679,0.76,-1,192000.0,/mnt/ubna_data_04/recover-20241018/UBNA_011/20241012_080000.WAV,recover-20241018,UBNA_011,E18 Bridge
HF,47040.0,10.108289596164292,114.4365,114.4436,46093.0,59531.0,Echolocation,Pipistrellus pipistrellus,0.548,0.636,-1,192000.0,/mnt/ubna_data_04/recover-20241018/UBNA_011/20241014_105000.WAV,recover-20241018,UBNA_011,E18 Bridge
HF,48000.0,17.60627444809485,192.0135,192.022,46093.0,59493.0,Echolocation,Pipistrellus pipistrellus,0.531,0.674,-1,192000.0,/mnt/ubna_data_04/recover-20241018/UBNA_011/20241012_041000.WAV,recover-20241018,UBNA_011,E18 Bridge
HF,46080.0,9.723581611935007,48.5835,48.5918,45234.0,58831.0,Echolocation,Pipistrellus pipistrellus,0.502,0.627,-1,192000.0,/mnt/ubna_data_04/recover-20241018/UBNA_011/20241017_033000.WAV,recover-20241018,UBNA_011,E18 Bridge
HF,47040.0,20.158311772292983,287.2135,287.2215,42656.0,67451.0,Echolocation,Pipistrellus pipistrellus,0.631,0.681,-1,192000.0,/mnt/ubna_data_04/recover-20241018/UBNA_011/20241017_021000.WAV,recover-20241018,UBNA_011,E18 Bridge
HF,46080.0,19.638306825348558,209.9785,209.9865,43515.0,69281.0,Echolocation,Pipistrellus pipistrellus,0.598,0.733,-1,192000.0,/mnt/ubna_data_04/recover-20241018/UBNA_011/20241017_023000.WAV,recover-20241018,UBNA_011,E18 Bridge
HF,52800.0,26.12781475354009,250.3955,250.3994,42656.0,79056.0,Echolocation,Myotis brandtii,0.225,0.572,-1,192000.0,/mnt/ubna_data_04/recover-20241018/UBNA_011/20241016_025000.WAV,recover-20241018,UBNA_011,E18 Bridge
LF,25920.0,7.766686218867606,262.3685,262.3832,24609.0,28686.0,Echolocation,Nyctalus leisleri,0.502,0.666,-1,192000.0,/mnt/ubna_data_04/recover-20241018/UBNA_011/20241013_024000.WAV,recover-20241018,UBNA_011,E18 Bridge
HF,48000.0,10.416649478814477,214.5165,214.5226,42656.0,54868.0,Echolocation,Pipistrellus pipistrellus,0.384,0.603,-1,192000.0,/mnt/ubna_data_04/recover-20241018/UBNA_011/20241017_034000.WAV,recover-20241018,UBNA_011,E18 Bridge
HF,46080.0,11.079321067599947,124.7105,124.7215,44375.0,53753.0,Echolocation,Pipistrellus pipistrellus,0.412,0.544,-1,192000.0,/mnt/ubna_data_04/recover-20241018/UBNA_011/20241017_022000.WAV,recover-20241018,UBNA_011,E18 Bridge
HF,45120.0,20.112582260865473,248.7615,248.768,41796.0,66271.0,Echolocation,Pipistrellus pipistrellus,0.227,0.549,-1,192000.0,/mnt/ubna_data_04/recover-20241018/UBNA_011/20241017_020000.WAV,recover-20241018,UBNA_011,E18 Bridge
HF,46080.0,10.361084871571556,187.0735,187.0871,44375.0,60749.0,Echolocation,Pipistrellus pipistrellus,0.397,0.509,-1,192000.0,/mnt/ubna_data_04/recover-20241018/UBNA_011/20241017_021000.WAV,recover-20241018,UBNA_011,E18 Bridge
HF,46080.0,16.125568372174083,163.0275,163.0379,44375.0,67644.0,Echolocation,Pipistrellus pipistrellus,0.508,0.684,-1,192000.0,/mnt/ubna_data_04/recover-20241018/UBNA_011/20241017_022000.WAV,recover-20241018,UBNA_011,E18 Bridge
HF,47040.0,11.300045005489894,231.2655,231.2756,46953.0,60068.0,Echolocation,Pipistrellus pipistrellus,0.429,0.615,-1,192000.0,/mnt/ubna_data_04/recover-20241018/UBNA_011/20241018_020000.WAV,recover-20241018,UBNA_011,E18 Bridge
HF,43200.0,4.576189476858769,215.6735,215.6815,43515.0,55218.0,Echolocation,Pipistrellus pipistrellus,0.475,0.567,-1,192000.0,/mnt/ubna_data_04/recover-20241018/UBNA_011/20241012_065000.WAV,recover-20241018,UBNA_011,E18 Bridge
HF,46080.0,12.426568286247644,45.4185,45.4236,45234.0,56093.0,Echolocation,Pipistrellus pipistrellus,0.579,0.591,-1,192000.0,/mnt/ubna_data_04/recover-20241018/UBNA_011/20241017_022000.WAV,recover-20241018,UBNA_011,E18 Bridge
HF,45120.0,3.5033355789551566,173.8085,173.81459999999998,44375.0,55670.0,Echolocation,Pipistrellus pipistrellus,0.609,0.638,-1,192000.0,/mnt/ubna_data_04/recover-20241018/UBNA_011/20241017_033000.WAV,recover-20241018,UBNA_011,E18 Bridge
HF,47040.0,13.181292087499257,158.3565,158.3621,45234.0,62308.0,Echolocation,Pipistrellus pipistrellus,0.565,0.656,-1,192000.0,/mnt/ubna_data_04/recover-20241018/UBNA_011/20241017_021000.WAV,recover-20241018,UBNA_011,E18 Bridge
LF,27840.0,22.273026529288394,218.0175,218.033,26328.0,29878.0,Echolocation,Nyctalus leisleri,0.703,0.755,-1,192000.0,/mnt/ubna_data_04/recover-20241018/UBNA_011/20241013_105000.WAV,recover-20241018,UBNA_011,E18 Bridge
HF,46080.0,13.064075715386315,6.3025,6.3074,44375.0,56073.0,Echolocation,Pipistrellus pipistrellus,0.539,0.629,-1,192000.0,/mnt/ubna_data_04/recover-20241018/UBNA_011/20241017_021000.WAV,recover-20241018,UBNA_011,E18 Bridge
HF,52800.0,25.67140455416334,228.2515,228.2552,45234.0,82683.0,Echolocation,Myotis alcathoe,0.604,0.651,-1,192000.0,/mnt/ubna_data_04/recover-20241018/UBNA_011/20241014_104000.WAV,recover-20241018,UBNA_011,E18 Bridge
LF,23040.0,5.715259032669076,204.6695,204.6863,22890.0,25741.0,Echolocation,Nyctalus leisleri,0.576,0.61,-1,192000.0,/mnt/ubna_data_04/recover-20241018/UBNA_011/20241014_022000.WAV,recover-20241018,UBNA_011,E18 Bridge
HF,47040.0,5.72760731013137,53.4695,53.4773,46093.0,51942.0,Echolocation,Pipistrellus pipistrellus,0.517,0.53,-1,192000.0,/mnt/ubna_data_04/recover-20241018/UBNA_011/20241013_084000.WAV,recover-20241018,UBNA_011,E18 Bridge
HF,48960.0,34.68331239213184,61.8975,61.9036,46093.0,82772.0,Echolocation,Pipistrellus pipistrellus,0.537,0.554,-1,192000.0,/mnt/ubna_data_04/recover-20241018/UBNA_011/20241018_022000.WAV,recover-20241018,UBNA_011,E18 Bridge
HF,46080.0,17.699864885467594,138.5845,138.5936,44375.0,67261.0,Echolocation,Pipistrellus pipistrellus,0.469,0.601,-1,192000.0,/mnt/ubna_data_04/recover-20241018/UBNA_011/20241017_021000.WAV,recover-20241018,UBNA_011,E18 Bridge
HF,44160.0,17.17103760495657,193.2235,193.2319,43515.0,60895.0,Echolocation,Pipistrellus pipistrellus,0.537,0.683,-1,192000.0,/mnt/ubna_data_04/recover-20241018/UBNA_011/20241017_022000.WAV,recover-20241018,UBNA_011,E18 Bridge
LF,23040.0,15.188903749545648,12.7635,12.7821,22031.0,28169.0,Echolocation,Nyctalus noctula,0.503,0.664,-1,192000.0,/mnt/ubna_data_04/recover-20241018/UBNA_011/20241014_021000.WAV,recover-20241018,UBNA_011,E18 Bridge
HF,45120.0,7.863458703856359,249.8385,249.8456,43515.0,57486.0,Echolocation,Pipistrellus pipistrellus,0.564,0.663,-1,192000.0,/mnt/ubna_data_04/recover-20241018/UBNA_011/20241017_022000.WAV,recover-20241018,UBNA_011,E18 Bridge
HF,47040.0,6.3778288543437265,144.0495,144.05689999999998,45234.0,52751.0,Echolocation,Pipistrellus pipistrellus,0.49,0.536,-1,192000.0,/mnt/ubna_data_04/recover-20241018/UBNA_011/20241015_033000.WAV,recover-20241018,UBNA_011,E18 Bridge
HF,46080.0,9.41270959194586,96.9215,96.9268,45234.0,56475.0,Echolocation,Pipistrellus pipistrellus,0.622,0.66,-1,192000.0,/mnt/ubna_data_04/recover-20241018/UBNA_011/20241017_024000.WAV,recover-20241018,UBNA_011,E18 Bridge
HF,48000.0,9.43743856878448,213.3765,213.3847,46953.0,63478.0,Echolocation,Pipistrellus pipistrellus,0.446,0.525,-1,192000.0,/mnt/ubna_data_04/recover-20241018/UBNA_011/20241012_030000.WAV,recover-20241018,UBNA_011,E18 Bridge
HF,47040.0,14.157077844110862,29.8885,29.8966,45234.0,64518.0,Echolocation,Pipistrellus pipistrellus,0.435,0.576,-1,192000.0,/mnt/ubna_data_04/recover-20241018/UBNA_011/20241017_024000.WAV,recover-20241018,UBNA_011,E18 Bridge
HF,48960.0,13.372702018425972,94.7715,94.7753,45234.0,68676.0,Echolocation,Myotis alcathoe,0.357,0.511,-1,192000.0,/mnt/ubna_data_04/recover-20241018/UBNA_011/20241017_021000.WAV,recover-20241018,UBNA_011,E18 Bridge
HF,46080.0,6.812181438026372,187.3795,187.3848,41796.0,55049.0,Echolocation,Pipistrellus pipistrellus,0.431,0.596,-1,192000.0,/mnt/ubna_data_04/recover-20241018/UBNA_011/20241017_030000.WAV,recover-20241018,UBNA_011,E18 Bridge
HF,46080.0,12.489715908928787,107.1175,107.13040000000001,43515.0,61640.0,Echolocation,Pipistrellus pipistrellus,0.441,0.531,-1,192000.0,/mnt/ubna_data_04/recover-20241018/UBNA_011/20241017_022000.WAV,recover-20241018,UBNA_011,E18 Bridge
HF,46080.0,18.147685301779152,212.4545,212.4625,44375.0,67981.0,Echolocation,Pipistrellus pipistrellus,0.622,0.693,-1,192000.0,/mnt/ubna_data_04/recover-20241018/UBNA_011/20241014_041000.WAV,recover-20241018,UBNA_011,E18 Bridge
HF,46080.0,3.660176855010903,45.5205,45.5262,45234.0,53328.0,Echolocation,Pipistrellus pipistrellus,0.552,0.563,-1,192000.0,/mnt/ubna_data_04/recover-20241018/UBNA_011/20241017_022000.WAV,recover-20241018,UBNA_011,E18 Bridge
HF,45120.0,13.372771989570182,187.2755,187.2868,45234.0,56304.0,Echolocation,Pipistrellus pipistrellus,0.528,0.621,-1,192000.0,/mnt/ubna_data_04/recover-20241018/UBNA_011/20241017_021000.WAV,recover-20241018,UBNA_011,E18 Bridge
HF,48000.0,13.189198340358836,48.6715,48.6791,46953.0,64048.0,Echolocation,Pipistrellus pipistrellus,0.543,0.669,-1,192000.0,/mnt/ubna_data_04/recover-20241018/UBNA_011/20241017_033000.WAV,recover-20241018,UBNA_011,E18 Bridge
HF,46080.0,7.0738424611593365,136.3805,136.3921,46093.0,55099.0,Echolocation,Pipistrellus pipistrellus,0.442,0.52,-1,192000.0,/mnt/ubna_data_04/recover-20241018/UBNA_011/20241017_022000.WAV,recover-20241018,UBNA_011,E18 Bridge
HF,46080.0,16.816565781673482,287.3105,287.3171,44375.0,51906.0,Echolocation,Pipistrellus pipistrellus,0.563,0.593,-1,192000.0,/mnt/ubna_data_04/recover-20241018/UBNA_011/20241017_021000.WAV,recover-20241018,UBNA_011,E18 Bridge
LF,26880.0,27.461585211190016,103.4435,103.4587,24609.0,33171.0,Echolocation,Nyctalus leisleri,0.379,0.598,-1,192000.0,/mnt/ubna_data_04/recover-20241018/UBNA_011/20241016_015000.WAV,recover-20241018,UBNA_011,E18 Bridge
HF,48960.0,11.149312424526435,114.6165,114.6234,43515.0,58279.0,Echolocation,Pipistrellus pipistrellus,0.422,0.567,-1,192000.0,/mnt/ubna_data_04/recover-20241018/UBNA_011/20241014_105000.WAV,recover-20241018,UBNA_011,E18 Bridge
HF,52800.0,14.630318859092043,6.6885,6.6927,50390.0,67538.0,Echolocation,Pipistrellus pipistrellus,0.625,0.703,-1,192000.0,/mnt/ubna_data_04/recover-20241018/UBNA_011/20241017_021000.WAV,recover-20241018,UBNA_011,E18 Bridge
HF,47040.0,14.124019572313662,193.3905,193.3979,44375.0,62376.0,Echolocation,Pipistrellus pipistrellus,0.48,0.695,-1,192000.0,/mnt/ubna_data_04/recover-20241018/UBNA_011/20241017_022000.WAV,recover-20241018,UBNA_011,E18 Bridge
HF,48960.0,30.578436310074682,61.9715,61.9782,44375.0,76775.0,Echolocation,Pipistrellus pipistrellus,0.557,0.577,-1,192000.0,/mnt/ubna_data_04/recover-20241018/UBNA_011/20241018_022000.WAV,recover-20241018,UBNA_011,E18 Bridge
LF,26880.0,9.388117378501772,142.2735,142.2856,26328.0,36425.0,Echolocation,Eptesicus serotinus,0.371,0.618,-1,192000.0,/mnt/ubna_data_04/recover-20241018/UBNA_011/20241013_024000.WAV,recover-20241018,UBNA_011,E18 Bridge
HF,45120.0,5.263009498132673,216.1015,216.1105,43515.0,54988.0,Echolocation,Pipistrellus pipistrellus,0.258,0.534,-1,192000.0,/mnt/ubna_data_04/recover-20241018/UBNA_011/20241012_065000.WAV,recover-20241018,UBNA_011,E18 Bridge
HF,48000.0,11.522088191522954,45.1175,45.1235,46093.0,57387.0,Echolocation,Pipistrellus pipistrellus,0.499,0.578,-1,192000.0,/mnt/ubna_data_04/recover-20241018/UBNA_011/20241015_052000.WAV,recover-20241018,UBNA_011,E18 Bridge
HF,46080.0,16.636878682495652,107.3145,107.3228,44375.0,63389.0,Echolocation,Pipistrellus pipistrellus,0.62,0.699,-1,192000.0,/mnt/ubna_data_04/recover-20241018/UBNA_011/20241017_022000.WAV,recover-20241018,UBNA_011,E18 Bridge
HF,45120.0,10.835140958884415,97.0035,97.0085,43515.0,56607.0,Echolocation,Pipistrellus pipistrellus,0.588,0.626,-1,192000.0,/mnt/ubna_data_04/recover-20241018/UBNA_011/20241017_024000.WAV,recover-20241018,UBNA_011,E18 Bridge
LF,27840.0,7.396547647704166,131.1915,131.1989,26328.0,33796.0,Echolocation,Nyctalus leisleri,0.37,0.592,-1,192000.0,/mnt/ubna_data_04/recover-20241018/UBNA_011/20241012_080000.WAV,recover-20241018,UBNA_011,E18 Bridge
HF,45120.0,4.037395683203721,67.6375,67.6453,43515.0,50245.0,Echolocation,Pipistrellus pipistrellus,0.493,0.53,-1,192000.0,/mnt/ubna_data_04/recover-20241018/UBNA_011/20241017_021000.WAV,recover-20241018,UBNA_011,E18 Bridge
LF,23040.0,14.534819922385116,13.1785,13.195,22031.0,27331.0,Echolocation,Nyctalus noctula,0.385,0.605,-1,192000.0,/mnt/ubna_data_04/recover-20241018/UBNA_011/20241014_021000.WAV,recover-20241018,UBNA_011,E18 Bridge
HF,51840.0,25.50677463475037,250.4445,250.4492,40078.0,86699.0,Echolocation,Myotis brandtii,0.256,0.512,-1,192000.0,/mnt/ubna_data_04/recover-20241018/UBNA_011/20241016_025000.WAV,recover-20241018,UBNA_011,E18 Bridge
HF,46080.0,12.397610905564704,187.4695,187.4745,42656.0,55509.0,Echolocation,Pipistrellus pipistrellus,0.478,0.56,-1,192000.0,/mnt/ubna_data_04/recover-20241018/UBNA_011/20241017_030000.WAV,recover-20241018,UBNA_011,E18 Bridge
HF,47040.0,9.642430685568591,119.1515,119.1585,43515.0,60898.0,Echolocation,Pipistrellus pipistrellus,0.531,0.618,-1,192000.0,/mnt/ubna_data_04/recover-20241018/UBNA_011/20241018_020000.WAV,recover-20241018,UBNA_011,E18 Bridge
HF,46080.0,9.637224541790237,274.3755,274.3839,45234.0,62471.0,Echolocation,Pipistrellus pipistrellus,0.335,0.525,-1,192000.0,/mnt/ubna_data_04/recover-20241018/UBNA_011/20241017_020000.WAV,recover-20241018,UBNA_011,E18 Bridge
HF,48000.0,11.588971436199355,231.3525,231.3613,43515.0,62713.0,Echolocation,Pipistrellus pipistrellus,0.455,0.604,-1,192000.0,/mnt/ubna_data_04/recover-20241018/UBNA_011/20241018_020000.WAV,recover-20241018,UBNA_011,E18 Bridge
HF,46080.0,9.415854642998028,3.3305,3.3402,46093.0,56940.0,Echolocation,Pipistrellus pipistrellus,0.513,0.575,-1,192000.0,/mnt/ubna_data_04/recover-20241018/UBNA_011/20241017_022000.WAV,recover-20241018,UBNA_011,E18 Bridge
HF,52800.0,12.450456754074615,94.8375,94.8417,44375.0,73320.0,Echolocation,Myotis alcathoe,0.389,0.528,-1,192000.0,/mnt/ubna_data_04/recover-20241018/UBNA_011/20241017_021000.WAV,recover-20241018,UBNA_011,E18 Bridge
LF,22080.0,24.46220346268489,39.670500000000004,39.690799999999996,21171.0,28132.0,Echolocation,Nyctalus noctula,0.537,0.708,-1,192000.0,/mnt/ubna_data_04/recover-20241018/UBNA_011/20241014_021000.WAV,recover-20241018,UBNA_011,E18 Bridge
HF,46080.0,12.427002877290267,231.9415,231.9521,45234.0,59644.0,Echolocation,Pipistrellus pipistrellus,0.439,0.543,-1,192000.0,/mnt/ubna_data_04/recover-20241018/UBNA_011/20241017_021000.WAV,recover-20241018,UBNA_011,E18 Bridge
HF,45120.0,7.83990483685546,144.2305,144.2377,43515.0,54061.0,Echolocation,Pipistrellus pipistrellus,0.529,0.647,-1,192000.0,/mnt/ubna_data_04/recover-20241018/UBNA_011/20241015_033000.WAV,recover-20241018,UBNA_011,E18 Bridge
HF,48000.0,8.486947080293334,11.4555,11.4615,46953.0,58062.0,Echolocation,Pipistrellus pipistrellus,0.571,0.635,-1,192000.0,/mnt/ubna_data_04/recover-20241018/UBNA_011/20241014_042000.WAV,recover-20241018,UBNA_011,E18 Bridge
HF,48000.0,13.441453008682668,158.4405,158.4472,46093.0,61278.0,Echolocation,Pipistrellus pipistrellus,0.571,0.67,-1,192000.0,/mnt/ubna_data_04/recover-20241018/UBNA_011/20241017_021000.WAV,recover-20241018,UBNA_011,E18 Bridge
LF,22080.0,10.080584020691848,205.1015,205.118,22031.0,26554.0,Echolocation,Nyctalus leisleri,0.4,0.602,-1,192000.0,/mnt/ubna_data_04/recover-20241018/UBNA_011/20241014_022000.WAV,recover-20241018,UBNA_011,E18 Bridge
HF,46080.0,14.87641795983157,248.8415,248.8485,43515.0,65308.0,Echolocation,Pipistrellus pipistrellus,0.263,0.527,-1,192000.0,/mnt/ubna_data_04/recover-20241018/UBNA_011/20241017_020000.WAV,recover-20241018,UBNA_011,E18 Bridge
HF,48000.0,16.180935038717422,34.2405,34.2457,44375.0,68346.0,Echolocation,Pipistrellus pipistrellus,0.542,0.617,-1,192000.0,/mnt/ubna_data_04/recover-20241018/UBNA_011/20241017_021000.WAV,recover-20241018,UBNA_011,E18 Bridge
HF,52800.0,16.88766026628729,228.4175,228.4209,45234.0,78121.0,Echolocation,Myotis alcathoe,0.514,0.574,-1,192000.0,/mnt/ubna_data_04/recover-20241018/UBNA_011/20241014_104000.WAV,recover-20241018,UBNA_011,E18 Bridge
LF,23040.0,16.213373018891883,55.5865,55.6068,22031.0,26647.0,Echolocation,Nyctalus leisleri,0.423,0.508,-1,192000.0,/mnt/ubna_data_04/recover-20241018/UBNA_011/20241012_020000.WAV,recover-20241018,UBNA_011,E18 Bridge
HF,45120.0,20.3083128916995,81.7405,81.7467,44375.0,61780.0,Echolocation,Pipistrellus pipistrellus,0.569,0.637,-1,192000.0,/mnt/ubna_data_04/recover-20241018/UBNA_011/20241015_032000.WAV,recover-20241018,UBNA_011,E18 Bridge
HF,47040.0,20.163010001550926,138.7575,138.7629,41796.0,68636.0,Echolocation,Pipistrellus pipistrellus,0.451,0.56,-1,192000.0,/mnt/ubna_data_04/recover-20241018/UBNA_011/20241017_021000.WAV,recover-20241018,UBNA_011,E18 Bridge
HF,47040.0,12.092083709435679,163.1925,163.1999,45234.0,65752.0,Echolocation,Pipistrellus pipistrellus,0.48,0.648,-1,192000.0,/mnt/ubna_data_04/recover-20241018/UBNA_011/20241017_022000.WAV,recover-20241018,UBNA_011,E18 Bridge
HF,44160.0,9.787902391724042,69.6615,69.6672,43515.0,52463.0,Echolocation,Pipistrellus pipistrellus,0.618,0.66,-1,192000.0,/mnt/ubna_data_04/recover-20241018/UBNA_011/20241015_041000.WAV,recover-20241018,UBNA_011,E18 Bridge
HF,46080.0,5.95036990472474,214.7045,214.7104,44375.0,55182.0,Echolocation,Pipistrellus pipistrellus,0.512,0.593,-1,192000.0,/mnt/ubna_data_04/recover-20241018/UBNA_011/20241017_034000.WAV,recover-20241018,UBNA_011,E18 Bridge
HF,49920.0,7.44713314300533,65.6555,65.6608,46953.0,59316.0,Echolocation,Pipistrellus pipistrellus,0.543,0.596,-1,192000.0,/mnt/ubna_data_04/recover-20241018/UBNA_011/20241017_022000.WAV,recover-20241018,UBNA_011,E18 Bridge
HF,45120.0,7.829309254816313,212.5495,212.5581,44375.0,50406.0,Echolocation,Pipistrellus pipistrellus,0.483,0.501,-1,192000.0,/mnt/ubna_data_04/recover-20241018/UBNA_011/20241014_041000.WAV,recover-20241018,UBNA_011,E18 Bridge
LF,26880.0,11.273922534158999,262.6475,262.6614,24609.0,31439.0,Echolocation,Nyctalus leisleri,0.313,0.619,-1,192000.0,/mnt/ubna_data_04/recover-20241018/UBNA_011/20241013_024000.WAV,recover-20241018,UBNA_011,E18 Bridge
HF,47040.0,15.7317136580833,192.0955,192.1029,46953.0,56090.0,Echolocation,Pipistrellus pipistrellus,0.494,0.594,-1,192000.0,/mnt/ubna_data_04/recover-20241018/UBNA_011/20241012_041000.WAV,recover-20241018,UBNA_011,E18 Bridge
HF,45120.0,4.613871962538979,249.9305,249.9399,45234.0,54934.0,Echolocation,Pipistrellus pipistrellus,0.536,0.574,-1,192000.0,/mnt/ubna_data_04/recover-20241018/UBNA_011/20241017_022000.WAV,recover-20241018,UBNA_011,E18 Bridge
LF,27840.0,19.535282753112117,218.6755,218.6905,26328.0,30372.0,Echolocation,Nyctalus leisleri,0.58,0.703,-1,192000.0,/mnt/ubna_data_04/recover-20241018/UBNA_011/20241013_105000.WAV,recover-20241018,UBNA_011,E18 Bridge
HF,47040.0,11.861074284084372,53.566500000000005,53.5726,46093.0,57615.0,Echolocation,Pipistrellus pipistrellus,0.571,0.611,-1,192000.0,/mnt/ubna_data_04/recover-20241018/UBNA_011/20241013_084000.WAV,recover-20241018,UBNA_011,E18 Bridge
HF,46080.0,8.577387270017581,250.0805,250.0885,44375.0,55491.0,Echolocation,Pipistrellus pipistrellus,0.47,0.578,-1,192000.0,/mnt/ubna_data_04/recover-20241018/UBNA_011/20241017_022000.WAV,recover-20241018,UBNA_011,E18 Bridge
HF,45120.0,4.198975673797153,144.4185,144.4253,44375.0,52984.0,Echolocation,Pipistrellus pipistrellus,0.499,0.545,-1,192000.0,/mnt/ubna_data_04/recover-20241018/UBNA_011/20241015_033000.WAV,recover-20241018,UBNA_011,E18 Bridge
LF,26880.0,24.213628173283777,103.6995,103.7118,25468.0,32811.0,Echolocation,Nyctalus leisleri,0.479,0.669,-1,192000.0,/mnt/ubna_data_04/recover-20241018/UBNA_011/20241016_015000.WAV,recover-20241018,UBNA_011,E18 Bridge
HF,53760.0,9.285948987131809,193.4705,193.4763,46953.0,62253.0,Echolocation,Pipistrellus pipistrellus,0.531,0.612,-1,192000.0,/mnt/ubna_data_04/recover-20241018/UBNA_011/20241017_022000.WAV,recover-20241018,UBNA_011,E18 Bridge
HF,45120.0,9.746262879542382,69.8445,69.8501,43515.0,56864.0,Echolocation,Pipistrellus pipistrellus,0.581,0.684,-1,192000.0,/mnt/ubna_data_04/recover-20241018/UBNA_011/20241015_041000.WAV,recover-20241018,UBNA_011,E18 Bridge
HF,46080.0,13.761564312763003,163.3635,163.3703,46093.0,65140.0,Echolocation,Pipistrellus pipistrellus,0.534,0.652,-1,192000.0,/mnt/ubna_data_04/recover-20241018/UBNA_011/20241017_022000.WAV,recover-20241018,UBNA_011,E18 Bridge
HF,52800.0,27.87593305393662,250.4925,250.4965,42656.0,85099.0,Echolocation,Myotis brandtii,0.281,0.577,-1,192000.0,/mnt/ubna_data_04/recover-20241018/UBNA_011/20241016_025000.WAV,recover-20241018,UBNA_011,E18 Bridge
HF,46080.0,19.078288046265484,287.4075,287.4189,44375.0,63665.0,Echolocation,Pipistrellus pipistrellus,0.522,0.676,-1,192000.0,/mnt/ubna_data_04/recover-20241018/UBNA_011/20241017_021000.WAV,recover-20241018,UBNA_011,E18 Bridge
HF,47040.0,20.486709613762034,192.1845,192.1947,46093.0,58929.0,Echolocation,Pipistrellus pipistrellus,0.437,0.571,-1,192000.0,/mnt/ubna_data_04/recover-20241018/UBNA_011/20241012_041000.WAV,recover-20241018,UBNA_011,E18 Bridge
LF,26880.0,10.783935293433721,142.3845,142.3938,26328.0,35857.0,Echolocation,Eptesicus serotinus,0.353,0.681,-1,192000.0,/mnt/ubna_data_04/recover-20241018/UBNA_011/20241013_024000.WAV,recover-20241018,UBNA_011,E18 Bridge
HF,45120.0,14.945978071109,67.7195,67.7248,42656.0,57362.0,Echolocation,Pipistrellus pipistrellus,0.637,0.667,-1,192000.0,/mnt/ubna_data_04/recover-20241018/UBNA_011/20241017_021000.WAV,recover-20241018,UBNA_011,E18 Bridge
LF,28800.0,11.514144626766534,131.4035,131.4138,25468.0,32026.0,Echolocation,Nyctalus leisleri,0.617,0.74,-1,192000.0,/mnt/ubna_data_04/recover-20241018/UBNA_011/20241012_080000.WAV,recover-20241018,UBNA_011,E18 Bridge
HF,47040.0,8.10581656282402,48.7695,48.7742,46093.0,57624.0,Echolocation,Pipistrellus pipistrellus,0.534,0.551,-1,192000.0,/mnt/ubna_data_04/recover-20241018/UBNA_011/20241017_033000.WAV,recover-20241018,UBNA_011,E18 Bridge
HF,48000.0,9.139518529317183,136.8505,136.8607,46953.0,59794.0,Echolocation,Pipistrellus pipistrellus,0.49,0.559,-1,192000.0,/mnt/ubna_data_04/recover-20241018/UBNA_011/20241017_022000.WAV,recover-20241018,UBNA_011,E18 Bridge
LF,23040.0,15.327330379586172,55.8615,55.879000000000005,22890.0,25733.0,Echolocation,Nyctalus leisleri,0.642,0.675,-1,192000.0,/mnt/ubna_data_04/recover-20241018/UBNA_011/20241012_020000.WAV,recover-20241018,UBNA_011,E18 Bridge
HF,45120.0,8.706264427295919,114.7985,114.8043,42656.0,58509.0,Echolocation,Pipistrellus pipistrellus,0.453,0.559,-1,192000.0,/mnt/ubna_data_04/recover-20241018/UBNA_011/20241014_105000.WAV,recover-20241018,UBNA_011,E18 Bridge
HF,46080.0,12.072559313652258,232.1245,232.13569999999999,45234.0,60307.0,Echolocation,Pipistrellus pipistrellus,0.466,0.538,-1,192000.0,/mnt/ubna_data_04/recover-20241018/UBNA_011/20241017_021000.WAV,recover-20241018,UBNA_011,E18 Bridge
HF,52800.0,21.11474078762772,228.5065,228.5096,44375.0,75065.0,Echolocation,Myotis alcathoe,0.551,0.636,-1,192000.0,/mnt/ubna_data_04/recover-20241018/UBNA_011/20241014_104000.WAV,recover-20241018,UBNA_011,E18 Bridge
HF,47040.0,9.986400356296876,138.8395,138.8466,45234.0,62431.0,Echolocation,Pipistrellus pipistrellus,0.436,0.579,-1,192000.0,/mnt/ubna_data_04/recover-20241018/UBNA_011/20241017_021000.WAV,recover-20241018,UBNA_011,E18 Bridge
HF,46080.0,35.787833005904815,62.3135,62.3188,41796.0,76133.0,Echolocation,Pipistrellus pipistrellus,0.43,0.5,-1,192000.0,/mnt/ubna_data_04/recover-20241018/UBNA_011/20241018_022000.WAV,recover-20241018,UBNA_011,E18 Bridge
HF,46080.0,15.468563973216312,158.5305,158.5367,43515.0,66946.0,Echolocation,Pipistrellus pipistrellus,0.577,0.688,-1,192000.0,/mnt/ubna_data_04/recover-20241018/UBNA_011/20241017_021000.WAV,recover-20241018,UBNA_011,E18 Bridge
HF,46080.0,9.6708446411335,231.4385,231.4466,44375.0,62559.0,Echolocation,Pipistrellus pipistrellus,0.404,0.603,-1,192000.0,/mnt/ubna_data_04/recover-20241018/UBNA_011/20241018_020000.WAV,recover-20241018,UBNA_011,E18 Bridge
HF,45120.0,4.997388470393525,214.8985,214.9063,43515.0,52959.0,Echolocation,Pipistrellus pipistrellus,0.504,0.575,-1,192000.0,/mnt/ubna_data_04/recover-20241018/UBNA_011/20241017_034000.WAV,recover-20241018,UBNA_011,E18 Bridge
HF,45120.0,6.650746359079145,119.33449999999999,119.3423,43515.0,60734.0,Echolocation,Pipistrellus pipistrellus,0.467,0.553,-1,192000.0,/mnt/ubna_data_04/recover-20241018/UBNA_011/20241018_020000.WAV,recover-20241018,UBNA_011,E18 Bridge
HF,45120.0,12.79398623057147,187.3685,187.3772,45234.0,59787.0,Echolocation,Pipistrellus pipistrellus,0.49,0.6,-1,192000.0,/mnt/ubna_data_04/recover-20241018/UBNA_011/20241017_021000.WAV,recover-20241018,UBNA_011,E18 Bridge
HF,47040.0,10.01678431330135,95.8195,95.8231,46953.0,61485.0,Echolocation,Pipistrellus pipistrellus,0.435,0.529,-1,192000.0,/mnt/ubna_data_04/recover-20241018/UBNA_011/20241017_021000.WAV,recover-20241018,UBNA_011,E18 Bridge
HF,46080.0,6.240968182935057,51.3825,51.3893,45234.0,55929.0,Echolocation,Pipistrellus pipistrellus,0.471,0.563,-1,192000.0,/mnt/ubna_data_04/recover-20241018/UBNA_011/20241015_052000.WAV,recover-20241018,UBNA_011,E18 Bridge
LF,26880.0,10.71065202734844,262.8475,262.8617,25468.0,31081.0,Echolocation,Nyctalus leisleri,0.394,0.63,-1,192000.0,/mnt/ubna_data_04/recover-20241018/UBNA_011/20241013_024000.WAV,recover-20241018,UBNA_011,E18 Bridge
HF,54720.0,15.139718357906244,7.1285,7.134,46093.0,69838.0,Echolocation,Pipistrellus pipistrellus,0.27,0.562,-1,192000.0,/mnt/ubna_data_04/recover-20241018/UBNA_011/20241017_021000.WAV,recover-20241018,UBNA_011,E18 Bridge
LF,22080.0,7.736592835717984,205.8445,205.8598,22031.0,26757.0,Echolocation,Nyctalus leisleri,0.255,0.606,-1,192000.0,/mnt/ubna_data_04/recover-20241018/UBNA_011/20241014_022000.WAV,recover-20241018,UBNA_011,E18 Bridge
HF,47040.0,16.999483878476816,53.7565,53.7622,46093.0,61316.0,Echolocation,Pipistrellus pipistrellus,0.626,0.666,-1,192000.0,/mnt/ubna_data_04/recover-20241018/UBNA_011/20241013_084000.WAV,recover-20241018,UBNA_011,E18 Bridge
HF,48000.0,7.948220531871508,65.7355,65.7411,45234.0,61971.0,Echolocation,Pipistrellus pipistrellus,0.522,0.594,-1,192000.0,/mnt/ubna_data_04/recover-20241018/UBNA_011/20241017_022000.WAV,recover-20241018,UBNA_011,E18 Bridge
HF,48000.0,6.222495686317333,45.5985,45.604,46093.0,58305.0,Echolocation,Pipistrellus pipistrellus,0.574,0.591,-1,192000.0,/mnt/ubna_data_04/recover-20241018/UBNA_011/20241017_022000.WAV,recover-20241018,UBNA_011,E18 Bridge
HF,48000.0,12.38581471281297,212.6445,212.656,45234.0,64551.0,Echolocation,Pipistrellus pipistrellus,0.475,0.685,-1,192000.0,/mnt/ubna_data_04/recover-20241018/UBNA_011/20241014_041000.WAV,recover-20241018,UBNA_011,E18 Bridge
LF,22080.0,18.897064647861928,40.0665,40.0817,22031.0,26889.0,Echolocation,Nyctalus noctula,0.267,0.584,-1,192000.0,/mnt/ubna_data_04/recover-20241018/UBNA_011/20241014_021000.WAV,recover-20241018,UBNA_011,E18 Bridge
HF,45120.0,12.55161126434026,97.1685,97.1733,43515.0,59065.0,Echolocation,Pipistrellus pipistrellus,0.627,0.682,-1,192000.0,/mnt/ubna_data_04/recover-20241018/UBNA_011/20241017_024000.WAV,recover-20241018,UBNA_011,E18 Bridge
HF,46080.0,14.250120099702217,274.7765,274.7856,43515.0,61361.0,Echolocation,Pipistrellus pipistrellus,0.306,0.532,-1,192000.0,/mnt/ubna_data_04/recover-20241018/UBNA_011/20241017_020000.WAV,recover-20241018,UBNA_011,E18 Bridge
HF,44160.0,19.11218202286782,107.6305,107.63980000000001,43515.0,63837.0,Echolocation,Pipistrellus pipistrellus,0.524,0.669,-1,192000.0,/mnt/ubna_data_04/recover-20241018/UBNA_011/20241017_022000.WAV,recover-20241018,UBNA_011,E18 Bridge
HF,47040.0,9.282318652605838,11.5415,11.5473,44375.0,57539.0,Echolocation,Pipistrellus pipistrellus,0.472,0.542,-1,192000.0,/mnt/ubna_data_04/recover-20241018/UBNA_011/20241014_042000.WAV,recover-20241018,UBNA_011,E18 Bridge
LF,23040.0,12.131412514070634,13.4665,13.4837,22031.0,28020.0,Echolocation,Nyctalus noctula,0.281,0.557,-1,192000.0,/mnt/ubna_data_04/recover-20241018/UBNA_011/20241014_021000.WAV,recover-20241018,UBNA_011,E18 Bridge
LF,27840.0,12.875683181613912,219.2335,219.2464,27187.0,32259.0,Echolocation,Nyctalus leisleri,0.386,0.591,-1,192000.0,/mnt/ubna_data_04/recover-20241018/UBNA_011/20241013_105000.WAV,recover-20241018,UBNA_011,E18 Bridge
HF,46080.0,6.2374836533175735,187.5605,187.5674,42656.0,55441.0,Echolocation,Pipistrellus pipistrellus,0.343,0.578,-1,192000.0,/mnt/ubna_data_04/recover-20241018/UBNA_011/20241017_030000.WAV,recover-20241018,UBNA_011,E18 Bridge
HF,48000.0,12.220762449356197,3.4135,3.4195,46953.0,56901.0,Echolocation,Pipistrellus pipistrellus,0.589,0.621,-1,192000.0,/mnt/ubna_data_04/recover-20241018/UBNA_011/20241017_022000.WAV,recover-20241018,UBNA_011,E18 Bridge
HF,54720.0,20.80315655099045,34.3275,34.3332,43515.0,71036.0,Echolocation,Pipistrellus pipistrellus,0.465,0.582,-1,192000.0,/mnt/ubna_data_04/recover-20241018/UBNA_011/20241017_021000.WAV,recover-20241018,UBNA_011,E18 Bridge
HF,45120.0,20.412498513612682,81.8315,81.8379,44375.0,64092.0,Echolocation,Pipistrellus pipistrellus,0.511,0.662,-1,192000.0,/mnt/ubna_data_04/recover-20241018/UBNA_011/20241015_032000.WAV,recover-20241018,UBNA_011,E18 Bridge
HF,47040.0,18.36202365294254,248.9265,248.9322,41796.0,66132.0,Echolocation,Pipistrellus pipistrellus,0.336,0.585,-1,192000.0,/mnt/ubna_data_04/recover-20241018/UBNA_011/20241017_020000.WAV,recover-20241018,UBNA_011,E18 Bridge
HF,46080.0,20.3549582730996,81.9295,81.9362,44375.0,61302.0,Echolocation,Pipistrellus pipistrellus,0.546,0.602,-1,192000.0,/mnt/ubna_data_04/recover-20241018/UBNA_011/20241015_032000.WAV,recover-20241018,UBNA_011,E18 Bridge
HF,45120.0,11.248668669963976,114.9855,114.9916,43515.0,57133.0,Echolocation,Pipistrellus pipistrellus,0.571,0.65,-1,192000.0,/mnt/ubna_data_04/recover-20241018/UBNA_011/20241014_105000.WAV,recover-20241018,UBNA_011,E18 Bridge
HF,45120.0,7.613230404619477,107.7305,107.7383,44375.0,54410.0,Echolocation,Pipistrellus pipistrellus,0.634,0.671,-1,192000.0,/mnt/ubna_data_04/recover-20241018/UBNA_011/20241017_022000.WAV,recover-20241018,UBNA_011,E18 Bridge
HF,46080.0,10.282270722506745,136.9375,136.9475,45234.0,61501.0,Echolocation,Pipistrellus pipistrellus,0.473,0.57,-1,192000.0,/mnt/ubna_data_04/recover-20241018/UBNA_011/20241017_022000.WAV,recover-20241018,UBNA_011,E18 Bridge
HF,46080.0,12.935954089306351,163.5405,163.5478,44375.0,62923.0,Echolocation,Pipistrellus pipistrellus,0.544,0.685,-1,192000.0,/mnt/ubna_data_04/recover-20241018/UBNA_011/20241017_022000.WAV,recover-20241018,UBNA_011,E18 Bridge
HF,53760.0,18.95570480833392,228.5935,228.5971,47812.0,79494.0,Echolocation,Myotis alcathoe,0.494,0.53,-1,192000.0,/mnt/ubna_data_04/recover-20241018/UBNA_011/20241014_104000.WAV,recover-20241018,UBNA_011,E18 Bridge
HF,45120.0,4.747870005737583,144.6225,144.629,44375.0,50240.0,Echolocation,Pipistrellus pipistrellus,0.516,0.536,-1,192000.0,/mnt/ubna_data_04/recover-20241018/UBNA_011/20241015_033000.WAV,recover-20241018,UBNA_011,E18 Bridge
LF,26880.0,3.626106655155567,131.5165,131.5263,25468.0,31985.0,Echolocation,Nyctalus leisleri,0.272,0.543,-1,192000.0,/mnt/ubna_data_04/recover-20241018/UBNA_011/20241012_080000.WAV,recover-20241018,UBNA_011,E18 Bridge
LF,26880.0,9.627123782899528,263.0515,263.0659,25468.0,31198.0,Echolocation,Nyctalus leisleri,0.316,0.594,-1,192000.0,/mnt/ubna_data_04/recover-20241018/UBNA_011/20241013_024000.WAV,recover-20241018,UBNA_011,E18 Bridge
HF,47040.0,4.636107146740429,96.2345,96.24,45234.0,56843.0,Echolocation,Pipistrellus pipistrellus,0.505,0.551,-1,192000.0,/mnt/ubna_data_04/recover-20241018/UBNA_011/20241017_021000.WAV,recover-20241018,UBNA_011,E18 Bridge
HF,46080.0,13.617229724833539,232.3185,232.3299,45234.0,60567.0,Echolocation,Pipistrellus pipistrellus,0.484,0.593,-1,192000.0,/mnt/ubna_data_04/recover-20241018/UBNA_011/20241017_021000.WAV,recover-20241018,UBNA_011,E18 Bridge
HF,46080.0,9.286252909809553,53.8595,53.8658,45234.0,54201.0,Echolocation,Pipistrellus pipistrellus,0.552,0.567,-1,192000.0,/mnt/ubna_data_04/recover-20241018/UBNA_011/20241013_084000.WAV,recover-20241018,UBNA_011,E18 Bridge
LF,23040.0,4.235452932732385,206.55349999999999,206.5692,22031.0,26489.0,Echolocation,Nyctalus leisleri,0.459,0.579,-1,192000.0,/mnt/ubna_data_04/recover-20241018/UBNA_011/20241014_022000.WAV,recover-20241018,UBNA_011,E18 Bridge
HF,46080.0,4.00781290696394,45.6825,45.688900000000004,45234.0,57065.0,Echolocation,Pipistrellus pipistrellus,0.548,0.575,-1,192000.0,/mnt/ubna_data_04/recover-20241018/UBNA_011/20241017_022000.WAV,recover-20241018,UBNA_011,E18 Bridge
HF,48960.0,5.656815384388371,8.1485,8.1547,46093.0,61808.0,Echolocation,Pipistrellus pipistrellus,0.436,0.551,-1,192000.0,/mnt/ubna_data_04/recover-20241018/UBNA_011/20241017_021000.WAV,recover-20241018,UBNA_011,E18 Bridge
HF,47040.0,13.06267686923199,283.3045,283.3137,44375.0,62085.0,Echolocation,Pipistrellus pipistrellus,0.426,0.559,-1,192000.0,/mnt/ubna_data_04/recover-20241018/UBNA_011/20241017_020000.WAV,recover-20241018,UBNA_011,E18 Bridge
LF,23040.0,12.86598890832183,56.4075,56.4255,22890.0,26524.0,Echolocation,Nyctalus leisleri,0.403,0.51,-1,192000.0,/mnt/ubna_data_04/recover-20241018/UBNA_011/20241012_020000.WAV,recover-20241018,UBNA_011,E18 Bridge
LF,28800.0,7.774387144211814,219.6795,219.6905,27187.0,35538.0,Echolocation,Eptesicus serotinus,0.338,0.674,-1,192000.0,/mnt/ubna_data_04/recover-20241018/UBNA_011/20241013_105000.WAV,recover-20241018,UBNA_011,E18 Bridge
LF,24000.0,14.862167266329527,40.3835,40.4014,22031.0,29091.0,Echolocation,Nyctalus noctula,0.262,0.59,-1,192000.0,/mnt/ubna_data_04/recover-20241018/UBNA_011/20241014_021000.WAV,recover-20241018,UBNA_011,E18 Bridge
HF,45120.0,9.845302257341398,97.3335,97.3388,45234.0,58105.0,Echolocation,Pipistrellus pipistrellus,0.588,0.688,-1,192000.0,/mnt/ubna_data_04/recover-20241018/UBNA_011/20241017_024000.WAV,recover-20241018,UBNA_011,E18 Bridge
HF,46080.0,14.180795149628205,48.8635,48.8711,43515.0,65623.0,Echolocation,Pipistrellus pipistrellus,0.28,0.521,-1,192000.0,/mnt/ubna_data_04/recover-20241018/UBNA_011/20241017_033000.WAV,recover-20241018,UBNA_011,E18 Bridge
LF,26880.0,7.80858565833392,142.4955,142.5059,26328.0,34244.0,Echolocation,Eptesicus serotinus,0.302,0.646,-1,192000.0,/mnt/ubna_data_04/recover-20241018/UBNA_011/20241013_024000.WAV,recover-20241018,UBNA_011,E18 Bridge
HF,44160.0,19.180167434692915,67.9715,67.9778,43515.0,56719.0,Echolocation,Pipistrellus pipistrellus,0.657,0.679,-1,192000.0,/mnt/ubna_data_04/recover-20241018/UBNA_011/20241017_021000.WAV,recover-20241018,UBNA_011,E18 Bridge
HF,45120.0,5.142568732671386,187.6535,187.6589,43515.0,53843.0,Echolocation,Pipistrellus pipistrellus,0.565,0.625,-1,192000.0,/mnt/ubna_data_04/recover-20241018/UBNA_011/20241017_030000.WAV,recover-20241018,UBNA_011,E18 Bridge
HF,48000.0,12.34038472956212,65.8325,65.8378,45234.0,59242.0,Echolocation,Pipistrellus pipistrellus,0.633,0.67,-1,192000.0,/mnt/ubna_data_04/recover-20241018/UBNA_011/20241017_022000.WAV,recover-20241018,UBNA_011,E18 Bridge
HF,53760.0,10.763400984706417,249.0065,249.0121,46093.0,60898.0,Echolocation,Pipistrellus pipistrellus,0.518,0.601,-1,192000.0,/mnt/ubna_data_04/recover-20241018/UBNA_011/20241017_020000.WAV,recover-20241018,UBNA_011,E18 Bridge
HF,48000.0,7.527842684580699,11.6285,11.6349,46093.0,57829.0,Echolocation,Pipistrellus pipistrellus,0.482,0.532,-1,192000.0,/mnt/ubna_data_04/recover-20241018/UBNA_011/20241014_042000.WAV,recover-20241018,UBNA_011,E18 Bridge
HF,46080.0,10.799223597747975,193.5495,193.5557,44375.0,59124.0,Echolocation,Pipistrellus pipistrellus,0.551,0.697,-1,192000.0,/mnt/ubna_data_04/recover-20241018/UBNA_011/20241017_022000.WAV,recover-20241018,UBNA_011,E18 Bridge
HF,48960.0,12.860604097596964,188.0795,188.0893,45234.0,60553.0,Echolocation,Pipistrellus pipistrellus,0.46,0.528,-1,192000.0,/mnt/ubna_data_04/recover-20241018/UBNA_011/20241017_021000.WAV,recover-20241018,UBNA_011,E18 Bridge
HF,48000.0,8.772756427563145,212.8415,212.8492,46953.0,66014.0,Echolocation,Pipistrellus pipistrellus,0.541,0.673,-1,192000.0,/mnt/ubna_data_04/recover-20241018/UBNA_011/20241014_041000.WAV,recover-20241018,UBNA_011,E18 Bridge
HF,46080.0,12.233116421143446,231.5275,231.5348,42656.0,64026.0,Echolocation,Pipistrellus pipistrellus,0.285,0.592,-1,192000.0,/mnt/ubna_data_04/recover-20241018/UBNA_011/20241018_020000.WAV,recover-20241018,UBNA_011,E18 Bridge
LF,26880.0,26.430337881425324,103.9365,103.9518,24609.0,31510.0,Echolocation,Nyctalus leisleri,0.269,0.599,-1,192000.0,/mnt/ubna_data_04/recover-20241018/UBNA_011/20241016_015000.WAV,recover-20241018,UBNA_011,E18 Bridge
HF,47040.0,9.692239121283324,250.1655,250.1725,45234.0,58222.0,Echolocation,Pipistrellus pipistrellus,0.539,0.655,-1,192000.0,/mnt/ubna_data_04/recover-20241018/UBNA_011/20241017_022000.WAV,recover-20241018,UBNA_011,E18 Bridge
HF,46080.0,8.83290401391276,287.5005,287.5083,45234.0,51578.0,Echolocation,Pipistrellus pipistrellus,0.521,0.56,-1,192000.0,/mnt/ubna_data_04/recover-20241018/UBNA_011/20241017_021000.WAV,recover-20241018,UBNA_011,E18 Bridge
HF,47040.0,23.839387875213376,34.411500000000004,34.4166,43515.0,68042.0,Echolocation,Pipistrellus pipistrellus,0.564,0.626,-1,192000.0,/mnt/ubna_data_04/recover-20241018/UBNA_011/20241017_021000.WAV,recover-20241018,UBNA_011,E18 Bridge
HF,47040.0,19.047538241021698,138.9265,138.9339,45234.0,67213.0,Echolocation,Pipistrellus pipistrellus,0.509,0.672,-1,192000.0,/mnt/ubna_data_04/recover-20241018/UBNA_011/20241017_021000.WAV,recover-20241018,UBNA_011,E18 Bridge
HF,46080.0,7.340679683995753,70.0345,70.0409,43515.0,56059.0,Echolocation,Pipistrellus pipistrellus,0.362,0.53,-1,192000.0,/mnt/ubna_data_04/recover-20241018/UBNA_011/20241015_041000.WAV,recover-20241018,UBNA_011,E18 Bridge
HF,48000.0,10.210285567495847,158.6185,158.6265,46953.0,67883.0,Echolocation,Pipistrellus pipistrellus,0.49,0.62,-1,192000.0,/mnt/ubna_data_04/recover-20241018/UBNA_011/20241017_021000.WAV,recover-20241018,UBNA_011,E18 Bridge
HF,48000.0,14.540416255646115,62.3995,62.4088,46953.0,59766.0,Echolocation,Pipistrellus pipistrellus,0.512,0.556,-1,192000.0,/mnt/ubna_data_04/recover-20241018/UBNA_011/20241018_022000.WAV,recover-20241018,UBNA_011,E18 Bridge
HF,47040.0,23.549354419061984,250.7435,250.7484,41796.0,79518.0,Echolocation,Myotis brandtii,0.245,0.507,-1,192000.0,/mnt/ubna_data_04/recover-20241018/UBNA_011/20241016_025000.WAV,recover-20241018,UBNA_011,E18 Bridge
HF,48000.0,14.77287599184846,3.4945,3.5015,46953.0,62646.0,Echolocation,Pipistrellus pipistrellus,0.552,0.614,-1,192000.0,/mnt/ubna_data_04/recover-20241018/UBNA_011/20241017_022000.WAV,recover-20241018,UBNA_011,E18 Bridge
HF,47040.0,15.493899883971896,192.2685,192.2752,46953.0,54487.0,Echolocation,Pipistrellus pipistrellus,0.493,0.538,-1,192000.0,/mnt/ubna_data_04/recover-20241018/UBNA_011/20241012_041000.WAV,recover-20241018,UBNA_011,E18 Bridge
HF,47040.0,9.97248851411489,51.4735,51.4792,46093.0,55703.0,Echolocation,Pipistrellus pipistrellus,0.562,0.586,-1,192000.0,/mnt/ubna_data_04/recover-20241018/UBNA_011/20241015_052000.WAV,recover-20241018,UBNA_011,E18 Bridge
LF,23040.0,15.309422750534662,13.7665,13.783,22031.0,27244.0,Echolocation,Nyctalus noctula,0.388,0.64,-1,192000.0,/mnt/ubna_data_04/recover-20241018/UBNA_011/20241014_021000.WAV,recover-20241018,UBNA_011,E18 Bridge
LF,26880.0,8.215511910103876,144.7485,144.7642,26328.0,30353.0,Echolocation,Nyctalus leisleri,0.343,0.502,-1,192000.0,/mnt/ubna_data_04/recover-20241018/UBNA_011/20241013_024000.WAV,recover-20241018,UBNA_011,E18 Bridge
HF,47040.0,22.701317655348625,192.3585,192.3676,46093.0,58679.0,Echolocation,Pipistrellus pipistrellus,0.421,0.593,-1,192000.0,/mnt/ubna_data_04/recover-20241018/UBNA_011/20241012_041000.WAV,recover-20241018,UBNA_011,E18 Bridge
HF,47040.0,5.148049835444119,68.0675,68.0736,45234.0,54242.0,Echolocation,Pipistrellus pipistrellus,0.529,0.592,-1,192000.0,/mnt/ubna_data_04/recover-20241018/UBNA_011/20241017_021000.WAV,recover-20241018,UBNA_011,E18 Bridge
HF,48960.0,14.513128559240878,3.5695,3.5775,47812.0,66877.0,Echolocation,Pipistrellus pipistrellus,0.524,0.608,-1,192000.0,/mnt/ubna_data_04/recover-20241018/UBNA_011/20241017_022000.WAV,recover-20241018,UBNA_011,E18 Bridge
HF,48000.0,10.52684256539174,137.4725,137.48160000000001,45234.0,63113.0,Echolocation,Pipistrellus pipistrellus,0.48,0.584,-1,192000.0,/mnt/ubna_data_04/recover-20241018/UBNA_011/20241017_022000.WAV,recover-20241018,UBNA_011,E18 Bridge
LF,28800.0,10.737118258723974,131.6445,131.65370000000001,25468.0,34155.0,Echolocation,Nyctalus leisleri,0.577,0.707,-1,192000.0,/mnt/ubna_data_04/recover-20241018/UBNA_011/20241012_080000.WAV,recover-20241018,UBNA_011,E18 Bridge
HF,46080.0,11.325488423193983,49.042500000000004,49.0503,43515.0,61407.0,Echolocation,Pipistrellus pipistrellus,0.282,0.567,-1,192000.0,/mnt/ubna_data_04/recover-20241018/UBNA_011/20241017_033000.WAV,recover-20241018,UBNA_011,E18 Bridge
LF,23040.0,11.310368292162403,56.9525,56.969,22890.0,25724.0,Echolocation,Nyctalus leisleri,0.506,0.529,-1,192000.0,/mnt/ubna_data_04/recover-20241018/UBNA_011/20241012_020000.WAV,recover-20241018,UBNA_011,E18 Bridge
HF,45120.0,7.748102276888947,287.5905,287.599,44375.0,55743.0,Echolocation,Pipistrellus pipistrellus,0.451,0.501,-1,192000.0,/mnt/ubna_data_04/recover-20241018/UBNA_011/20241017_021000.WAV,recover-20241018,UBNA_011,E18 Bridge
HF,45120.0,18.89732044895872,96.5065,96.5117,44375.0,58065.0,Echolocation,Pipistrellus pipistrellus,0.658,0.736,-1,192000.0,/mnt/ubna_data_04/recover-20241018/UBNA_011/20241017_021000.WAV,recover-20241018,UBNA_011,E18 Bridge
HF,47040.0,8.111662441323404,139.0195,139.0266,46953.0,54595.0,Echolocation,Pipistrellus pipistrellus,0.482,0.505,-1,192000.0,/mnt/ubna_data_04/recover-20241018/UBNA_011/20241017_021000.WAV,recover-20241018,UBNA_011,E18 Bridge
HF,51840.0,20.188787031040526,62.4785,62.4832,46953.0,61972.0,Echolocation,Pipistrellus pipistrellus,0.652,0.666,-1,192000.0,/mnt/ubna_data_04/recover-20241018/UBNA_011/20241018_022000.WAV,recover-20241018,UBNA_011,E18 Bridge
HF,47040.0,15.834852519550031,158.7015,158.71,43515.0,59255.0,Echolocation,Pipistrellus pipistrellus,0.458,0.571,-1,192000.0,/mnt/ubna_data_04/recover-20241018/UBNA_011/20241017_021000.WAV,recover-20241018,UBNA_011,E18 Bridge
HF,45120.0,10.925640158223427,231.6945,231.703,43515.0,61585.0,Echolocation,Pipistrellus pipistrellus,0.322,0.548,-1,192000.0,/mnt/ubna_data_04/recover-20241018/UBNA_011/20241018_020000.WAV,recover-20241018,UBNA_011,E18 Bridge
HF,46080.0,12.884442937338056,188.2405,188.251,45234.0,64148.0,Echolocation,Pipistrellus pipistrellus,0.42,0.525,-1,192000.0,/mnt/ubna_data_04/recover-20241018/UBNA_011/20241017_021000.WAV,recover-20241018,UBNA_011,E18 Bridge
HF,52800.0,22.513800454094746,228.6705,228.6738,44375.0,83672.0,Echolocation,Myotis alcathoe,0.621,0.666,-1,192000.0,/mnt/ubna_data_04/recover-20241018/UBNA_011/20241014_104000.WAV,recover-20241018,UBNA_011,E18 Bridge
HF,47040.0,12.422533615635219,232.5115,232.5234,46093.0,55288.0,Echolocation,Pipistrellus pipistrellus,0.452,0.518,-1,192000.0,/mnt/ubna_data_04/recover-20241018/UBNA_011/20241017_021000.WAV,recover-20241018,UBNA_011,E18 Bridge
HF,45120.0,9.218142599410443,97.5015,97.507,43515.0,55267.0,Echolocation,Pipistrellus pipistrellus,0.601,0.661,-1,192000.0,/mnt/ubna_data_04/recover-20241018/UBNA_011/20241017_024000.WAV,recover-20241018,UBNA_011,E18 Bridge
LF,24960.0,11.265223809549072,263.2585,263.2717,24609.0,31390.0,Echolocation,Nyctalus leisleri,0.321,0.612,-1,192000.0,/mnt/ubna_data_04/recover-20241018/UBNA_011/20241013_024000.WAV,recover-20241018,UBNA_011,E18 Bridge
HF,47040.0,13.755318491801855,283.6655,283.674,46093.0,64447.0,Echolocation,Pipistrellus pipistrellus,0.442,0.583,-1,192000.0,/mnt/ubna_data_04/recover-20241018/UBNA_011/20241017_020000.WAV,recover-20241018,UBNA_011,E18 Bridge
HF,46080.0,9.454061241680211,53.950500000000005,53.9571,45234.0,59458.0,Echolocation,Pipistrellus pipistrellus,0.551,0.602,-1,192000.0,/mnt/ubna_data_04/recover-20241018/UBNA_011/20241013_084000.WAV,recover-20241018,UBNA_011,E18 Bridge
HF,47040.0,4.699429457485326,45.7765,45.7851,46953.0,56808.0,Echolocation,Pipistrellus pipistrellus,0.506,0.524,-1,192000.0,/mnt/ubna_data_04/recover-20241018/UBNA_011/20241017_022000.WAV,recover-20241018,UBNA_011,E18 Bridge
HF,53760.0,8.644356888890258,8.1815,8.187,50390.0,64193.0,Echolocation,Pipistrellus pipistrellus,0.389,0.508,-1,192000.0,/mnt/ubna_data_04/recover-20241018/UBNA_011/20241017_021000.WAV,recover-20241018,UBNA_011,E18 Bridge
HF,45120.0,20.430943391046064,82.0315,82.0397,42656.0,70212.0,Echolocation,Pipistrellus pipistrellus,0.577,0.674,-1,192000.0,/mnt/ubna_data_04/recover-20241018/UBNA_011/20241015_032000.WAV,recover-20241018,UBNA_011,E18 Bridge
HF,45120.0,9.386737594417273,115.1675,115.1731,42656.0,58078.0,Echolocation,Pipistrellus pipistrellus,0.575,0.663,-1,192000.0,/mnt/ubna_data_04/recover-20241018/UBNA_011/20241014_105000.WAV,recover-20241018,UBNA_011,E18 Bridge
LF,22080.0,23.99871509858523,40.7425,40.7583,22031.0,28231.0,Echolocation,Nyctalus noctula,0.303,0.616,-1,192000.0,/mnt/ubna_data_04/recover-20241018/UBNA_011/20241014_021000.WAV,recover-20241018,UBNA_011,E18 Bridge
HF,48000.0,14.390890856569234,11.7105,11.7164,44375.0,62211.0,Echolocation,Pipistrellus pipistrellus,0.556,0.673,-1,192000.0,/mnt/ubna_data_04/recover-20241018/UBNA_011/20241014_042000.WAV,recover-20241018,UBNA_011,E18 Bridge
HF,45120.0,14.281765554214632,107.8305,107.8382,42656.0,59791.0,Echolocation,Pipistrellus pipistrellus,0.591,0.668,-1,192000.0,/mnt/ubna_data_04/recover-20241018/UBNA_011/20241017_022000.WAV,recover-20241018,UBNA_011,E18 Bridge
HF,46080.0,16.681709094545877,249.4805,249.4858,44375.0,65025.0,Echolocation,Pipistrellus pipistrellus,0.623,0.73,-1,192000.0,/mnt/ubna_data_04/recover-20241018/UBNA_011/20241017_020000.WAV,recover-20241018,UBNA_011,E18 Bridge
LF,23040.0,13.484215568765286,14.0695,14.0871,22031.0,26823.0,Echolocation,Nyctalus leisleri,0.416,0.579,-1,192000.0,/mnt/ubna_data_04/recover-20241018/UBNA_011/20241014_021000.WAV,recover-20241018,UBNA_011,E18 Bridge
HF,46080.0,9.569010402593056,51.5565,51.5625,45234.0,57423.0,Echolocation,Pipistrellus pipistrellus,0.622,0.68,-1,192000.0,/mnt/ubna_data_04/recover-20241018/UBNA_011/20241015_052000.WAV,recover-20241018,UBNA_011,E18 Bridge
LF,28800.0,6.836032541637378,220.1245,220.13400000000001,27187.0,34526.0,Echolocation,Nyctalus leisleri,0.321,0.633,-1,192000.0,/mnt/ubna_data_04/recover-20241018/UBNA_011/20241013_105000.WAV,recover-20241018,UBNA_011,E18 Bridge
HF,45120.0,13.042344013452444,163.7345,163.7418,44375.0,60934.0,Echolocation,Pipistrellus pipistrellus,0.475,0.586,-1,192000.0,/mnt/ubna_data_04/recover-20241018/UBNA_011/20241017_022000.WAV,recover-20241018,UBNA_011,E18 Bridge
HF,46080.0,5.1726783693152925,187.7415,187.747,44375.0,55536.0,Echolocation,Pipistrellus pipistrellus,0.478,0.538,-1,192000.0,/mnt/ubna_data_04/recover-20241018/UBNA_011/20241017_030000.WAV,recover-20241018,UBNA_011,E18 Bridge
HF,46080.0,11.807233678569133,250.2475,250.2529,45234.0,59800.0,Echolocation,Pipistrellus pipistrellus,0.584,0.669,-1,192000.0,/mnt/ubna_data_04/recover-20241018/UBNA_011/20241017_022000.WAV,recover-20241018,UBNA_011,E18 Bridge
LF,26880.0,18.213887643993615,104.1655,104.1773,26328.0,34085.0,Echolocation,Nyctalus leisleri,0.365,0.688,-1,192000.0,/mnt/ubna_data_04/recover-20241018/UBNA_011/20241016_015000.WAV,recover-20241018,UBNA_011,E18 Bridge
HF,46080.0,7.195850970871353,145.1685,145.1751,45234.0,53265.0,Echolocation,Pipistrellus pipistrellus,0.513,0.542,-1,192000.0,/mnt/ubna_data_04/recover-20241018/UBNA_011/20241015_033000.WAV,recover-20241018,UBNA_011,E18 Bridge
HF,47040.0,19.03675100236461,34.5015,34.5066,40937.0,63494.0,Echolocation,Pipistrellus pipistrellus,0.483,0.604,-1,192000.0,/mnt/ubna_data_04/recover-20241018/UBNA_011/20241017_021000.WAV,recover-20241018,UBNA_011,E18 Bridge
HF,53760.0,7.928951817133131,193.6935,193.6989,45234.0,60652.0,Echolocation,Pipistrellus pipistrellus,0.478,0.557,-1,192000.0,/mnt/ubna_data_04/recover-20241018/UBNA_011/20241017_022000.WAV,recover-20241018,UBNA_011,E18 Bridge
HF,46080.0,15.262178286543406,65.9325,65.9383,45234.0,59950.0,Echolocation,Pipistrellus pipistrellus,0.576,0.648,-1,192000.0,/mnt/ubna_data_04/recover-20241018/UBNA_011/20241017_022000.WAV,recover-20241018,UBNA_011,E18 Bridge
HF,44160.0,5.916910118008042,232.2665,232.277,44375.0,52150.0,Echolocation,Pipistrellus pipistrellus,0.393,0.512,-1,192000.0,/mnt/ubna_data_04/recover-20241018/UBNA_011/20241018_020000.WAV,recover-20241018,UBNA_011,E18 Bridge
HF,46080.0,11.040392015351316,54.1455,54.1582,46093.0,63682.0,Echolocation,Pipistrellus pipistrellus,0.313,0.521,-1,192000.0,/mnt/ubna_data_04/recover-20241018/UBNA_011/20241013_084000.WAV,recover-20241018,UBNA_011,E18 Bridge
HF,48960.0,12.312148543085467,62.5435,62.5489,47812.0,58845.0,Echolocation,Pipistrellus pipistrellus,0.612,0.626,-1,192000.0,/mnt/ubna_data_04/recover-20241018/UBNA_011/20241018_022000.WAV,recover-20241018,UBNA_011,E18 Bridge
HF,53760.0,12.767169346945103,193.8985,193.9039,45234.0,66271.0,Echolocation,Pipistrellus pipistrellus,0.484,0.583,-1,192000.0,/mnt/ubna_data_04/recover-20241018/UBNA_011/20241017_022000.WAV,recover-20241018,UBNA_011,E18 Bridge
HF,47040.0,5.732449301531169,250.3265,250.3329,45234.0,58340.0,Echolocation,Pipistrellus pipistrellus,0.478,0.592,-1,192000.0,/mnt/ubna_data_04/recover-20241018/UBNA_011/20241017_022000.WAV,recover-20241018,UBNA_011,E18 Bridge
LF,23040.0,14.691910543413247,57.2245,57.242599999999996,22890.0,25739.0,Echolocation,Nyctalus leisleri,0.562,0.587,-1,192000.0,/mnt/ubna_data_04/recover-20241018/UBNA_011/20241012_020000.WAV,recover-20241018,UBNA_011,E18 Bridge
HF,46080.0,16.501251584951632,49.1325,49.1393,42656.0,64860.0,Echolocation,Pipistrellus pipistrellus,0.317,0.59,-1,192000.0,/mnt/ubna_data_04/recover-20241018/UBNA_011/20241017_033000.WAV,recover-20241018,UBNA_011,E18 Bridge
HF,45120.0,7.368558618231665,97.7375,97.7431,44375.0,55303.0,Echolocation,Pipistrellus pipistrellus,0.486,0.563,-1,192000.0,/mnt/ubna_data_04/recover-20241018/UBNA_011/20241017_024000.WAV,recover-20241018,UBNA_011,E18 Bridge
LF,23040.0,14.556119867136934,14.3575,14.3756,22031.0,27511.0,Echolocation,Nyctalus noctula,0.475,0.68,-1,192000.0,/mnt/ubna_data_04/recover-20241018/UBNA_011/20241014_021000.WAV,recover-20241018,UBNA_011,E18 Bridge
HF,46080.0,12.864076471597416,137.6755,137.6863,45234.0,62718.0,Echolocation,Pipistrellus pipistrellus,0.488,0.605,-1,192000.0,/mnt/ubna_data_04/recover-20241018/UBNA_011/20241017_022000.WAV,recover-20241018,UBNA_011,E18 Bridge
LF,28800.0,7.265542781365829,131.7655,131.7745,26328.0,32428.0,Echolocation,Nyctalus leisleri,0.525,0.666,-1,192000.0,/mnt/ubna_data_04/recover-20241018/UBNA_011/20241012_080000.WAV,recover-20241018,UBNA_011,E18 Bridge
HF,45120.0,12.700079152931934,164.0035,164.0098,44375.0,59273.0,Echolocation,Pipistrellus pipistrellus,0.568,0.603,-1,192000.0,/mnt/ubna_data_04/recover-20241018/UBNA_011/20241017_022000.WAV,recover-20241018,UBNA_011,E18 Bridge
LF,26880.0,8.303068122915118,144.9345,144.9483,25468.0,33246.0,Echolocation,Eptesicus serotinus,0.284,0.588,-1,192000.0,/mnt/ubna_data_04/recover-20241018/UBNA_011/20241013_024000.WAV,recover-20241018,UBNA_011,E18 Bridge
HF,47040.0,21.93143368540347,192.4455,192.4539,46093.0,57153.0,Echolocation,Pipistrellus pipistrellus,0.504,0.655,-1,192000.0,/mnt/ubna_data_04/recover-20241018/UBNA_011/20241012_041000.WAV,recover-20241018,UBNA_011,E18 Bridge
HF,52800.0,11.437022651008043,187.8255,187.8313,44375.0,59589.0,Echolocation,Pipistrellus pipistrellus,0.432,0.535,-1,192000.0,/mnt/ubna_data_04/recover-20241018/UBNA_011/20241017_030000.WAV,recover-20241018,UBNA_011,E18 Bridge
LF,24960.0,13.535862480540361,263.4775,263.4906,24609.0,31250.0,Echolocation,Nyctalus leisleri,0.341,0.611,-1,192000.0,/mnt/ubna_data_04/recover-20241018/UBNA_011/20241013_024000.WAV,recover-20241018,UBNA_011,E18 Bridge
LF,22080.0,15.832391977577004,40.9675,40.9832,22031.0,28162.0,Echolocation,Nyctalus noctula,0.392,0.657,-1,192000.0,/mnt/ubna_data_04/recover-20241018/UBNA_011/20241014_021000.WAV,recover-20241018,UBNA_011,E18 Bridge
LF,27840.0,18.408894565328605,104.2985,104.3112,25468.0,40699.0,Echolocation,Eptesicus serotinus,0.346,0.667,-1,192000.0,/mnt/ubna_data_04/recover-20241018/UBNA_011/20241016_015000.WAV,recover-20241018,UBNA_011,E18 Bridge
HF,48000.0,16.7631217995656,66.0295,66.0345,43515.0,62006.0,Echolocation,Pipistrellus pipistrellus,0.457,0.521,-1,192000.0,/mnt/ubna_data_04/recover-20241018/UBNA_011/20241017_022000.WAV,recover-20241018,UBNA_011,E18 Bridge
HF,48000.0,11.327051643919553,3.6495,3.6581,45234.0,64930.0,Echolocation,Pipistrellus pipistrellus,0.519,0.595,-1,192000.0,/mnt/ubna_data_04/recover-20241018/UBNA_011/20241017_022000.WAV,recover-20241018,UBNA_011,E18 Bridge
HF,46080.0,7.661999774717283,145.2575,145.2637,44375.0,51663.0,Echolocation,Pipistrellus pipistrellus,0.564,0.58,-1,192000.0,/mnt/ubna_data_04/recover-20241018/UBNA_011/20241015_033000.WAV,recover-20241018,UBNA_011,E18 Bridge
HF,48000.0,13.34281555511958,249.6355,249.6402,42656.0,63156.0,Echolocation,Pipistrellus pipistrellus,0.424,0.578,-1,192000.0,/mnt/ubna_data_04/recover-20241018/UBNA_011/20241017_020000.WAV,recover-20241018,UBNA_011,E18 Bridge
HF,46080.0,18.795312313433737,68.1635,68.1687,43515.0,56373.0,Echolocation,Pipistrellus pipistrellus,0.478,0.637,-1,192000.0,/mnt/ubna_data_04/recover-20241018/UBNA_011/20241017_021000.WAV,recover-20241018,UBNA_011,E18 Bridge
HF,46080.0,13.662896919842495,82.1275,82.1353,44375.0,56416.0,Echolocation,Pipistrellus pipistrellus,0.509,0.583,-1,192000.0,/mnt/ubna_data_04/recover-20241018/UBNA_011/20241015_032000.WAV,recover-20241018,UBNA_011,E18 Bridge
HF,47040.0,5.364923783091928,45.8655,45.8731,45234.0,54733.0,Echolocation,Pipistrellus pipistrellus,0.579,0.616,-1,192000.0,/mnt/ubna_data_04/recover-20241018/UBNA_011/20241017_022000.WAV,recover-20241018,UBNA_011,E18 Bridge
HF,45120.0,4.362555482569162,115.3535,115.36240000000001,43515.0,54046.0,Echolocation,Pipistrellus pipistrellus,0.39,0.564,-1,192000.0,/mnt/ubna_data_04/recover-20241018/UBNA_011/20241014_105000.WAV,recover-20241018,UBNA_011,E18 Bridge
HF,44160.0,17.126399257130874,108.0185,108.0271,43515.0,61941.0,Echolocation,Pipistrellus pipistrellus,0.607,0.67,-1,192000.0,/mnt/ubna_data_04/recover-20241018/UBNA_011/20241017_022000.WAV,recover-20241018,UBNA_011,E18 Bridge
HF,47040.0,13.240797283598297,34.5805,34.5858,45234.0,55668.0,Echolocation,Pipistrellus pipistrellus,0.468,0.513,-1,192000.0,/mnt/ubna_data_04/recover-20241018/UBNA_011/20241017_021000.WAV,recover-20241018,UBNA_011,E18 Bridge
HF,48000.0,16.790525603655773,11.7905,11.7964,43515.0,64853.0,Echolocation,Pipistrellus pipistrellus,0.613,0.738,-1,192000.0,/mnt/ubna_data_04/recover-20241018/UBNA_011/20241014_042000.WAV,recover-20241018,UBNA_011,E18 Bridge
HF,51840.0,19.3037764973294,8.5965,8.6019,45234.0,74513.0,Echolocation,Pipistrellus pipistrellus,0.272,0.509,-1,192000.0,/mnt/ubna_data_04/recover-20241018/UBNA_011/20241017_021000.WAV,recover-20241018,UBNA_011,E18 Bridge
HF,47040.0,10.033252059985504,158.7705,158.7757,45234.0,60165.0,Echolocation,Pipistrellus pipistrellus,0.481,0.527,-1,192000.0,/mnt/ubna_data_04/recover-20241018/UBNA_011/20241017_021000.WAV,recover-20241018,UBNA_011,E18 Bridge
HF,52800.0,5.316439948856112,141.33350000000002,141.34120000000001,46093.0,61825.0,Echolocation,Pipistrellus pipistrellus,0.4,0.569,-1,192000.0,/mnt/ubna_data_04/recover-20241018/UBNA_011/20241017_021000.WAV,recover-20241018,UBNA_011,E18 Bridge
HF,48000.0,16.668089168110413,283.9945,284.0,45234.0,64841.0,Echolocation,Pipistrellus pipistrellus,0.467,0.571,-1,192000.0,/mnt/ubna_data_04/recover-20241018/UBNA_011/20241017_020000.WAV,recover-20241018,UBNA_011,E18 Bridge
HF,46080.0,13.10933879643079,51.6475,51.6554,46093.0,57844.0,Echolocation,Pipistrellus pipistrellus,0.43,0.518,-1,192000.0,/mnt/ubna_data_04/recover-20241018/UBNA_011/20241015_052000.WAV,recover-20241018,UBNA_011,E18 Bridge
HF,52800.0,27.295701946528823,228.7555,228.75900000000001,43515.0,85520.0,Echolocation,Myotis alcathoe,0.614,0.675,-1,192000.0,/mnt/ubna_data_04/recover-20241018/UBNA_011/20241014_104000.WAV,recover-20241018,UBNA_011,E18 Bridge
HF,47040.0,17.0494455802913,232.6915,232.701,44375.0,63242.0,Echolocation,Pipistrellus pipistrellus,0.48,0.657,-1,192000.0,/mnt/ubna_data_04/recover-20241018/UBNA_011/20241017_021000.WAV,recover-20241018,UBNA_011,E18 Bridge
HF,45120.0,17.621142051357765,96.6915,96.6968,44375.0,58345.0,Echolocation,Pipistrellus pipistrellus,0.654,0.688,-1,192000.0,/mnt/ubna_data_04/recover-20241018/UBNA_011/20241017_021000.WAV,recover-20241018,UBNA_011,E18 Bridge
HF,46080.0,17.91790572141774,287.6755,287.6828,44375.0,62304.0,Echolocation,Pipistrellus pipistrellus,0.57,0.617,-1,192000.0,/mnt/ubna_data_04/recover-20241018/UBNA_011/20241017_021000.WAV,recover-20241018,UBNA_011,E18 Bridge
HF,46080.0,10.925640496203785,188.4065,188.4164,45234.0,63531.0,Echolocation,Pipistrellus pipistrellus,0.467,0.56,-1,192000.0,/mnt/ubna_data_04/recover-20241018/UBNA_011/20241017_021000.WAV,recover-20241018,UBNA_011,E18 Bridge
HF,48000.0,4.606790616263835,45.9505,45.957300000000004,47812.0,54843.0,Echolocation,Pipistrellus pipistrellus,0.603,0.608,-1,192000.0,/mnt/ubna_data_04/recover-20241018/UBNA_011/20241017_022000.WAV,recover-20241018,UBNA_011,E18 Bridge
HF,46080.0,18.208900014825268,66.1175,66.1234,43515.0,64969.0,Echolocation,Pipistrellus pipistrellus,0.603,0.686,-1,192000.0,/mnt/ubna_data_04/recover-20241018/UBNA_011/20241017_022000.WAV,recover-20241018,UBNA_011,E18 Bridge
HF,45120.0,13.543558343869718,96.7825,96.7873,43515.0,53391.0,Echolocation,Pipistrellus pipistrellus,0.543,0.601,-1,192000.0,/mnt/ubna_data_04/recover-20241018/UBNA_011/20241017_021000.WAV,recover-20241018,UBNA_011,E18 Bridge
HF,52800.0,11.314640227947665,3.7445,3.7518,46953.0,65928.0,Echolocation,Pipistrellus pipistrellus,0.431,0.504,-1,192000.0,/mnt/ubna_data_04/recover-20241018/UBNA_011/20241017_022000.WAV,recover-20241018,UBNA_011,E18 Bridge
HF,47040.0,23.552997278324813,62.6145,62.6206,44375.0,68883.0,Echolocation,Pipistrellus pipistrellus,0.575,0.696,-1,192000.0,/mnt/ubna_data_04/recover-20241018/UBNA_011/20241018_022000.WAV,recover-20241018,UBNA_011,E18 Bridge
HF,48000.0,10.085771073026946,193.9765,193.9823,45234.0,61162.0,Echolocation,Pipistrellus pipistrellus,0.389,0.523,-1,192000.0,/mnt/ubna_data_04/recover-20241018/UBNA_011/20241017_022000.WAV,recover-20241018,UBNA_011,E18 Bridge
LF,23040.0,12.476635843161691,57.6405,57.6599,22890.0,25587.0,Echolocation,Nyctalus leisleri,0.482,0.509,-1,192000.0,/mnt/ubna_data_04/recover-20241018/UBNA_011/20241012_020000.WAV,recover-20241018,UBNA_011,E18 Bridge
HF,46080.0,9.571998377468415,141.6685,141.6788,45234.0,61532.0,Echolocation,Pipistrellus pipistrellus,0.438,0.545,-1,192000.0,/mnt/ubna_data_04/recover-20241018/UBNA_011/20241017_021000.WAV,recover-20241018,UBNA_011,E18 Bridge
HF,49920.0,5.198402465505362,236.8125,236.81810000000002,48671.0,59101.0,Echolocation,Pipistrellus pipistrellus,0.519,0.532,-1,192000.0,/mnt/ubna_data_04/recover-20241018/UBNA_011/20241018_020000.WAV,recover-20241018,UBNA_011,E18 Bridge
HF,47040.0,7.801421884062345,145.4325,145.4391,45234.0,57705.0,Echolocation,Pipistrellus pipistrellus,0.491,0.593,-1,192000.0,/mnt/ubna_data_04/recover-20241018/UBNA_011/20241015_033000.WAV,recover-20241018,UBNA_011,E18 Bridge
HF,45120.0,15.545659243352784,287.8615,287.8704,43515.0,63410.0,Echolocation,Pipistrellus pipistrellus,0.588,0.686,-1,192000.0,/mnt/ubna_data_04/recover-20241018/UBNA_011/20241017_021000.WAV,recover-20241018,UBNA_011,E18 Bridge
HF,46080.0,8.579668178064233,49.2185,49.2292,44375.0,62462.0,Echolocation,Pipistrellus pipistrellus,0.393,0.549,-1,192000.0,/mnt/ubna_data_04/recover-20241018/UBNA_011/20241017_033000.WAV,recover-20241018,UBNA_011,E18 Bridge
HF,52800.0,9.933234066394478,188.5375,188.5409,43515.0,71337.0,Echolocation,Myotis alcathoe,0.341,0.539,-1,192000.0,/mnt/ubna_data_04/recover-20241018/UBNA_011/20241017_030000.WAV,recover-20241018,UBNA_011,E18 Bridge
HF,46080.0,8.07363777978937,232.7825,232.7967,44375.0,50162.0,Echolocation,Pipistrellus pipistrellus,0.492,0.536,-1,192000.0,/mnt/ubna_data_04/recover-20241018/UBNA_011/20241017_021000.WAV,recover-20241018,UBNA_011,E18 Bridge
HF,52800.0,23.718001874627532,228.83350000000002,228.8367,45234.0,81624.0,Echolocation,Myotis alcathoe,0.591,0.648,-1,192000.0,/mnt/ubna_data_04/recover-20241018/UBNA_011/20241014_104000.WAV,recover-20241018,UBNA_011,E18 Bridge
HF,46080.0,13.349742957290196,188.5775,188.5865,44375.0,67625.0,Echolocation,Pipistrellus pipistrellus,0.435,0.551,-1,192000.0,/mnt/ubna_data_04/recover-20241018/UBNA_011/20241017_021000.WAV,recover-20241018,UBNA_011,E18 Bridge
HF,53760.0,10.238399582046629,8.9365,8.9409,51250.0,63530.0,Echolocation,Pipistrellus pipistrellus,0.429,0.521,-1,192000.0,/mnt/ubna_data_04/recover-20241018/UBNA_011/20241017_021000.WAV,recover-20241018,UBNA_011,E18 Bridge
HF,45120.0,8.830521871949218,108.21549999999999,108.2226,42656.0,56441.0,Echolocation,Pipistrellus pipistrellus,0.564,0.624,-1,192000.0,/mnt/ubna_data_04/recover-20241018/UBNA_011/20241017_022000.WAV,recover-20241018,UBNA_011,E18 Bridge
HF,45120.0,3.713770453785688,115.4355,115.4428,45234.0,56790.0,Echolocation,Pipistrellus pipistrellus,0.528,0.602,-1,192000.0,/mnt/ubna_data_04/recover-20241018/UBNA_011/20241014_105000.WAV,recover-20241018,UBNA_011,E18 Bridge
HF,45120.0,15.412998669989982,82.2225,82.2286,43515.0,62026.0,Echolocation,Pipistrellus pipistrellus,0.579,0.678,-1,192000.0,/mnt/ubna_data_04/recover-20241018/UBNA_011/20241015_032000.WAV,recover-20241018,UBNA_011,E18 Bridge
HF,48000.0,11.488679247655352,164.3585,164.3654,42656.0,59642.0,Echolocation,Pipistrellus pipistrellus,0.59,0.69,-1,192000.0,/mnt/ubna_data_04/recover-20241018/UBNA_011/20241017_022000.WAV,recover-20241018,UBNA_011,E18 Bridge
LF,22080.0,28.600988121736602,41.289500000000004,41.3102,21171.0,27834.0,Echolocation,Nyctalus noctula,0.469,0.647,-1,192000.0,/mnt/ubna_data_04/recover-20241018/UBNA_011/20241014_021000.WAV,recover-20241018,UBNA_011,E18 Bridge
LF,28800.0,5.484572028677133,131.8855,131.8952,26328.0,33280.0,Echolocation,Nyctalus leisleri,0.292,0.54,-1,192000.0,/mnt/ubna_data_04/recover-20241018/UBNA_011/20241012_080000.WAV,recover-20241018,UBNA_011,E18 Bridge
HF,48960.0,7.046857777086753,97.8135,97.8187,45234.0,57900.0,Echolocation,Pipistrellus pipistrellus,0.433,0.575,-1,192000.0,/mnt/ubna_data_04/recover-20241018/UBNA_011/20241017_024000.WAV,recover-20241018,UBNA_011,E18 Bridge
LF,26880.0,8.672692053032803,104.4445,104.4565,26328.0,35252.0,Echolocation,Eptesicus serotinus,0.359,0.559,-1,192000.0,/mnt/ubna_data_04/recover-20241018/UBNA_011/20241016_015000.WAV,recover-20241018,UBNA_011,E18 Bridge
HF,47040.0,9.295392824056616,159.8595,159.8679,45234.0,57680.0,Echolocation,Pipistrellus pipistrellus,0.482,0.53,-1,192000.0,/mnt/ubna_data_04/recover-20241018/UBNA_011/20241017_021000.WAV,recover-20241018,UBNA_011,E18 Bridge
HF,46080.0,12.763879519033562,54.3475,54.356,46093.0,63648.0,Echolocation,Pipistrellus pipistrellus,0.463,0.676,-1,192000.0,/mnt/ubna_data_04/recover-20241018/UBNA_011/20241013_084000.WAV,recover-20241018,UBNA_011,E18 Bridge
HF,46080.0,15.912714037678006,250.4065,250.4138,44375.0,61073.0,Echolocation,Pipistrellus pipistrellus,0.545,0.717,-1,192000.0,/mnt/ubna_data_04/recover-20241018/UBNA_011/20241017_022000.WAV,recover-20241018,UBNA_011,E18 Bridge
HF,46080.0,11.252563881939599,51.7345,51.7417,44375.0,58859.0,Echolocation,Pipistrellus pipistrellus,0.506,0.633,-1,192000.0,/mnt/ubna_data_04/recover-20241018/UBNA_011/20241015_052000.WAV,recover-20241018,UBNA_011,E18 Bridge
HF,48000.0,18.793622712679813,249.7905,249.7966,42656.0,67037.0,Echolocation,Pipistrellus pipistrellus,0.206,0.567,-1,192000.0,/mnt/ubna_data_04/recover-20241018/UBNA_011/20241017_020000.WAV,recover-20241018,UBNA_011,E18 Bridge
HF,46080.0,18.975775135388556,11.8855,11.8928,44375.0,62867.0,Echolocation,Pipistrellus pipistrellus,0.445,0.683,-1,192000.0,/mnt/ubna_data_04/recover-20241018/UBNA_011/20241014_042000.WAV,recover-20241018,UBNA_011,E18 Bridge
HF,47040.0,15.189506416127108,137.7705,137.779,45234.0,60308.0,Echolocation,Pipistrellus pipistrellus,0.501,0.559,-1,192000.0,/mnt/ubna_data_04/recover-20241018/UBNA_011/20241017_022000.WAV,recover-20241018,UBNA_011,E18 Bridge
HF,48960.0,9.010087918346482,34.6545,34.6589,45234.0,59546.0,Echolocation,Pipistrellus pipistrellus,0.566,0.633,-1,192000.0,/mnt/ubna_data_04/recover-20241018/UBNA_011/20241017_021000.WAV,recover-20241018,UBNA_011,E18 Bridge
HF,46080.0,4.599323496141473,68.4255,68.4313,45234.0,53187.0,Echolocation,Pipistrellus pipistrellus,0.512,0.537,-1,192000.0,/mnt/ubna_data_04/recover-20241018/UBNA_011/20241017_021000.WAV,recover-20241018,UBNA_011,E18 Bridge
HF,51840.0,9.030889748434234,192.5155,192.5212,47812.0,56221.0,Echolocation,Pipistrellus pipistrellus,0.523,0.548,-1,192000.0,/mnt/ubna_data_04/recover-20241018/UBNA_011/20241012_041000.WAV,recover-20241018,UBNA_011,E18 Bridge
LF,24000.0,16.932686299512067,263.6755,263.69,23750.0,30376.0,Echolocation,Eptesicus serotinus,0.252,0.524,-1,192000.0,/mnt/ubna_data_04/recover-20241018/UBNA_011/20241013_024000.WAV,recover-20241018,UBNA_011,E18 Bridge
HF,45120.0,20.891587754990304,285.2695,285.2746,38359.0,68925.0,Echolocation,Myotis brandtii,0.359,0.502,-1,192000.0,/mnt/ubna_data_04/recover-20241018/UBNA_011/20241017_020000.WAV,recover-20241018,UBNA_011,E18 Bridge
LF,26880.0,12.520676204966048,145.4555,145.4682,26328.0,30516.0,Echolocation,Nyctalus leisleri,0.462,0.639,-1,192000.0,/mnt/ubna_data_04/recover-20241018/UBNA_011/20241013_024000.WAV,recover-20241018,UBNA_011,E18 Bridge
LF,23040.0,17.395352603586876,14.6615,14.6806,22031.0,26094.0,Echolocation,Nyctalus leisleri,0.428,0.531,-1,192000.0,/mnt/ubna_data_04/recover-20241018/UBNA_011/20241014_021000.WAV,recover-20241018,UBNA_011,E18 Bridge
HF,45120.0,11.841793929992104,54.8275,54.8401,44375.0,58400.0,Echolocation,Pipistrellus pipistrellus,0.375,0.5,-1,192000.0,/mnt/ubna_data_04/recover-20241018/UBNA_011/20241013_084000.WAV,recover-20241018,UBNA_011,E18 Bridge
HF,48960.0,7.413501187153351,236.9925,236.9996,46953.0,58425.0,Echolocation,Pipistrellus pipistrellus,0.47,0.506,-1,192000.0,/mnt/ubna_data_04/recover-20241018/UBNA_011/20241018_020000.WAV,recover-20241018,UBNA_011,E18 Bridge
HF,45120.0,3.105629278275686,164.5335,164.5414,44375.0,53982.0,Echolocation,Pipistrellus pipistrellus,0.483,0.551,-1,192000.0,/mnt/ubna_data_04/recover-20241018/UBNA_011/20241017_022000.WAV,recover-20241018,UBNA_011,E18 Bridge
HF,52800.0,13.058239162670983,98.1115,98.1148,47812.0,64244.0,Echolocation,Myotis alcathoe,0.334,0.503,-1,192000.0,/mnt/ubna_data_04/recover-20241018/UBNA_011/20241017_024000.WAV,recover-20241018,UBNA_011,E18 Bridge
HF,45120.0,20.33004421015585,11.9805,11.9874,42656.0,62321.0,Echolocation,Pipistrellus pipistrellus,0.593,0.74,-1,192000.0,/mnt/ubna_data_04/recover-20241018/UBNA_011/20241014_042000.WAV,recover-20241018,UBNA_011,E18 Bridge
LF,26880.0,19.432943929575135,104.5755,104.5877,25468.0,37969.0,Echolocation,Eptesicus serotinus,0.502,0.704,-1,192000.0,/mnt/ubna_data_04/recover-20241018/UBNA_011/20241016_015000.WAV,recover-20241018,UBNA_011,E18 Bridge
LF,23040.0,21.19277768260845,14.9615,14.9816,22031.0,25727.0,Echolocation,Nyctalus leisleri,0.433,0.518,-1,192000.0,/mnt/ubna_data_04/recover-20241018/UBNA_011/20241014_021000.WAV,recover-20241018,UBNA_011,E18 Bridge
HF,46080.0,9.256212176049797,82.3195,82.3289,45234.0,59638.0,Echolocation,Pipistrellus pipistrellus,0.51,0.574,-1,192000.0,/mnt/ubna_data_04/recover-20241018/UBNA_011/20241015_032000.WAV,recover-20241018,UBNA_011,E18 Bridge
HF,52800.0,17.91965199426017,9.2445,9.2491,46093.0,68616.0,Echolocation,Pipistrellus pipistrellus,0.493,0.575,-1,192000.0,/mnt/ubna_data_04/recover-20241018/UBNA_011/20241017_021000.WAV,recover-20241018,UBNA_011,E18 Bridge
HF,45120.0,7.819490591379515,108.4105,108.4202,43515.0,55180.0,Echolocation,Pipistrellus pipistrellus,0.482,0.545,-1,192000.0,/mnt/ubna_data_04/recover-20241018/UBNA_011/20241017_022000.WAV,recover-20241018,UBNA_011,E18 Bridge
HF,47040.0,13.930545016072887,35.1835,35.1934,46093.0,63947.0,Echolocation,Pipistrellus pipistrellus,0.459,0.554,-1,192000.0,/mnt/ubna_data_04/recover-20241018/UBNA_011/20241017_021000.WAV,recover-20241018,UBNA_011,E18 Bridge
HF,46080.0,14.67553974879391,51.8125,51.8187,44375.0,58510.0,Echolocation,Pipistrellus pipistrellus,0.568,0.623,-1,192000.0,/mnt/ubna_data_04/recover-20241018/UBNA_011/20241015_052000.WAV,recover-20241018,UBNA_011,E18 Bridge
HF,46080.0,5.043999502116624,188.7535,188.76670000000001,44375.0,51536.0,Echolocation,Pipistrellus pipistrellus,0.433,0.521,-1,192000.0,/mnt/ubna_data_04/recover-20241018/UBNA_011/20241017_021000.WAV,recover-20241018,UBNA_011,E18 Bridge
HF,55680.0,30.87496879336183,228.9155,228.91910000000001,43515.0,84294.0,Echolocation,Myotis alcathoe,0.633,0.721,-1,192000.0,/mnt/ubna_data_04/recover-20241018/UBNA_011/20241014_104000.WAV,recover-20241018,UBNA_011,E18 Bridge
HF,47040.0,11.10679936205396,250.4865,250.4928,45234.0,58595.0,Echolocation,Pipistrellus pipistrellus,0.516,0.643,-1,192000.0,/mnt/ubna_data_04/recover-20241018/UBNA_011/20241017_022000.WAV,recover-20241018,UBNA_011,E18 Bridge
LF,23040.0,12.088433889686556,263.8775,263.8921,22890.0,31295.0,Echolocation,Eptesicus serotinus,0.333,0.563,-1,192000.0,/mnt/ubna_data_04/recover-20241018/UBNA_011/20241013_024000.WAV,recover-20241018,UBNA_011,E18 Bridge
HF,46080.0,16.05547853313707,232.8675,232.8769,43515.0,60957.0,Echolocation,Pipistrellus pipistrellus,0.531,0.609,-1,192000.0,/mnt/ubna_data_04/recover-20241018/UBNA_011/20241017_021000.WAV,recover-20241018,UBNA_011,E18 Bridge
HF,48960.0,12.774179916976923,3.8325,3.8386,47812.0,62144.0,Echolocation,Pipistrellus pipistrellus,0.621,0.671,-1,192000.0,/mnt/ubna_data_04/recover-20241018/UBNA_011/20241017_022000.WAV,recover-20241018,UBNA_011,E18 Bridge
HF,45120.0,15.812355538066264,287.9515,287.9601,43515.0,55639.0,Echolocation,Pipistrellus pipistrellus,0.501,0.623,-1,192000.0,/mnt/ubna_data_04/recover-20241018/UBNA_011/20241017_021000.WAV,recover-20241018,UBNA_011,E18 Bridge
HF,52800.0,14.690195898296825,188.8285,188.8315,50390.0,69143.0,Echolocation,Myotis alcathoe,0.318,0.509,-1,192000.0,/mnt/ubna_data_04/recover-20241018/UBNA_011/20241017_030000.WAV,recover-20241018,UBNA_011,E18 Bridge
LF,24960.0,12.72506450487882,145.6495,145.6651,24609.0,28918.0,Echolocation,Nyctalus leisleri,0.333,0.587,-1,192000.0,/mnt/ubna_data_04/recover-20241018/UBNA_011/20241013_024000.WAV,recover-20241018,UBNA_011,E18 Bridge
HF,45120.0,10.350444144738216,159.9545,159.9664,43515.0,63960.0,Echolocation,Pipistrellus pipistrellus,0.388,0.568,-1,192000.0,/mnt/ubna_data_04/recover-20241018/UBNA_011/20241017_021000.WAV,recover-20241018,UBNA_011,E18 Bridge
LF,22080.0,23.32355326579855,41.6695,41.6873,21171.0,26631.0,Echolocation,Nyctalus noctula,0.542,0.706,-1,192000.0,/mnt/ubna_data_04/recover-20241018/UBNA_011/20241014_021000.WAV,recover-20241018,UBNA_011,E18 Bridge
HF,46080.0,16.26663127531513,138.0865,138.09629999999999,43515.0,64311.0,Echolocation,Pipistrellus pipistrellus,0.49,0.564,-1,192000.0,/mnt/ubna_data_04/recover-20241018/UBNA_011/20241017_022000.WAV,recover-20241018,UBNA_011,E18 Bridge
HF,46080.0,2.849258989394865,46.1365,46.1443,45234.0,52173.0,Echolocation,Pipistrellus pipistrellus,0.483,0.503,-1,192000.0,/mnt/ubna_data_04/recover-20241018/UBNA_011/20241017_022000.WAV,recover-20241018,UBNA_011,E18 Bridge
HF,48960.0,15.559922997487396,192.5795,192.586,46953.0,61104.0,Echolocation,Pipistrellus pipistrellus,0.583,0.629,-1,192000.0,/mnt/ubna_data_04/recover-20241018/UBNA_011/20241012_041000.WAV,recover-20241018,UBNA_011,E18 Bridge
HF,46080.0,8.942458939931155,287.3585,287.364,43515.0,58865.0,Echolocation,Pipistrellus pipistrellus,0.231,0.506,-1,192000.0,/mnt/ubna_data_04/recover-20241018/UBNA_011/20241017_020000.WAV,recover-20241018,UBNA_011,E18 Bridge
HF,46080.0,8.777847439977487,141.8185,141.8279,46093.0,64457.0,Echolocation,Pipistrellus pipistrellus,0.397,0.575,-1,192000.0,/mnt/ubna_data_04/recover-20241018/UBNA_011/20241017_021000.WAV,recover-20241018,UBNA_011,E18 Bridge
HF,48000.0,13.187633176689939,69.14150000000001,69.1456,46953.0,61944.0,Echolocation,Pipistrellus pipistrellus,0.543,0.62,-1,192000.0,/mnt/ubna_data_04/recover-20241018/UBNA_011/20241017_021000.WAV,recover-20241018,UBNA_011,E18 Bridge
LF,28800.0,5.959531915895953,132.0045,132.0164,25468.0,32372.0,Echolocation,Nyctalus leisleri,0.246,0.537,-1,192000.0,/mnt/ubna_data_04/recover-20241018/UBNA_011/20241012_080000.WAV,recover-20241018,UBNA_011,E18 Bridge
LF,23040.0,6.378334519381109,57.9105,57.9274,22890.0,25580.0,Echolocation,Nyctalus leisleri,0.585,0.624,-1,192000.0,/mnt/ubna_data_04/recover-20241018/UBNA_011/20241012_020000.WAV,recover-20241018,UBNA_011,E18 Bridge
HF,48960.0,10.317990952445282,62.6915,62.6987,47812.0,64871.0,Echolocation,Pipistrellus pipistrellus,0.499,0.6,-1,192000.0,/mnt/ubna_data_04/recover-20241018/UBNA_011/20241018_022000.WAV,recover-20241018,UBNA_011,E18 Bridge
HF,48960.0,14.210791575018739,66.2125,66.2179,46093.0,59286.0,Echolocation,Pipistrellus pipistrellus,0.574,0.63,-1,192000.0,/mnt/ubna_data_04/recover-20241018/UBNA_011/20241017_022000.WAV,recover-20241018,UBNA_011,E18 Bridge
HF,46080.0,6.290824022596561,194.1415,194.15,46093.0,61383.0,Echolocation,Pipistrellus pipistrellus,0.45,0.551,-1,192000.0,/mnt/ubna_data_04/recover-20241018/UBNA_011/20241017_022000.WAV,recover-20241018,UBNA_011,E18 Bridge
HF,46080.0,6.061010576389178,145.6175,145.6248,45234.0,54747.0,Echolocation,Pipistrellus pipistrellus,0.493,0.584,-1,192000.0,/mnt/ubna_data_04/recover-20241018/UBNA_011/20241015_033000.WAV,recover-20241018,UBNA_011,E18 Bridge
HF,46080.0,12.14715940762186,96.8755,96.8808,43515.0,52029.0,Echolocation,Pipistrellus pipistrellus,0.585,0.62,-1,192000.0,/mnt/ubna_data_04/recover-20241018/UBNA_011/20241017_021000.WAV,recover-20241018,UBNA_011,E18 Bridge
HF,46080.0,19.55907286521389,249.8655,249.8711,42656.0,71423.0,Echolocation,Pipistrellus pipistrellus,0.192,0.519,-1,192000.0,/mnt/ubna_data_04/recover-20241018/UBNA_011/20241017_020000.WAV,recover-20241018,UBNA_011,E18 Bridge
HF,46080.0,14.568924681315238,96.9645,96.9698,44375.0,56349.0,Echolocation,Pipistrellus pipistrellus,0.549,0.601,-1,192000.0,/mnt/ubna_data_04/recover-20241018/UBNA_011/20241017_021000.WAV,recover-20241018,UBNA_011,E18 Bridge
HF,53760.0,12.246017063433621,35.4525,35.4581,47812.0,62299.0,Echolocation,Pipistrellus pipistrellus,0.499,0.569,-1,192000.0,/mnt/ubna_data_04/recover-20241018/UBNA_011/20241017_021000.WAV,recover-20241018,UBNA_011,E18 Bridge
HF,47040.0,4.9561265321765005,46.2215,46.233000000000004,45234.0,54919.0,Echolocation,Pipistrellus pipistrellus,0.477,0.55,-1,192000.0,/mnt/ubna_data_04/recover-20241018/UBNA_011/20241017_022000.WAV,recover-20241018,UBNA_011,E18 Bridge
HF,45120.0,19.60681187588363,188.8395,188.8494,43515.0,65986.0,Echolocation,Pipistrellus pipistrellus,0.533,0.624,-1,192000.0,/mnt/ubna_data_04/recover-20241018/UBNA_011/20241017_021000.WAV,recover-20241018,UBNA_011,E18 Bridge
HF,48000.0,6.619273603562745,9.4895,9.494,46093.0,58345.0,Echolocation,Pipistrellus pipistrellus,0.538,0.582,-1,192000.0,/mnt/ubna_data_04/recover-20241018/UBNA_011/20241017_021000.WAV,recover-20241018,UBNA_011,E18 Bridge
HF,46080.0,23.04612003523218,138.2785,138.2857,41796.0,63765.0,Echolocation,Pipistrellus pipistrellus,0.566,0.629,-1,192000.0,/mnt/ubna_data_04/recover-20241018/UBNA_011/20241017_022000.WAV,recover-20241018,UBNA_011,E18 Bridge
HF,46080.0,14.837132906470101,66.3055,66.3114,45234.0,61090.0,Echolocation,Pipistrellus pipistrellus,0.55,0.653,-1,192000.0,/mnt/ubna_data_04/recover-20241018/UBNA_011/20241017_022000.WAV,recover-20241018,UBNA_011,E18 Bridge
HF,53760.0,22.88551221528615,228.9905,228.9935,44375.0,80157.0,Echolocation,Myotis alcathoe,0.591,0.658,-1,192000.0,/mnt/ubna_data_04/recover-20241018/UBNA_011/20241014_104000.WAV,recover-20241018,UBNA_011,E18 Bridge
HF,45120.0,8.520596585664737,232.9675,232.9795,45234.0,53697.0,Echolocation,Pipistrellus pipistrellus,0.514,0.568,-1,192000.0,/mnt/ubna_data_04/recover-20241018/UBNA_011/20241017_021000.WAV,recover-20241018,UBNA_011,E18 Bridge
HF,51840.0,15.844007626944872,3.9085,3.9147,45234.0,66429.0,Echolocation,Pipistrellus pipistrellus,0.527,0.583,-1,192000.0,/mnt/ubna_data_04/recover-20241018/UBNA_011/20241017_022000.WAV,recover-20241018,UBNA_011,E18 Bridge
HF,47040.0,8.512383300242822,145.7025,145.7078,43515.0,54357.0,Echolocation,Pipistrellus pipistrellus,0.513,0.558,-1,192000.0,/mnt/ubna_data_04/recover-20241018/UBNA_011/20241015_033000.WAV,recover-20241018,UBNA_011,E18 Bridge
HF,48000.0,16.882894482888368,250.5665,250.5719,44375.0,62170.0,Echolocation,Pipistrellus pipistrellus,0.598,0.697,-1,192000.0,/mnt/ubna_data_04/recover-20241018/UBNA_011/20241017_022000.WAV,recover-20241018,UBNA_011,E18 Bridge
LF,28800.0,6.723116405440389,132.1275,132.1368,25468.0,33866.0,Echolocation,Nyctalus leisleri,0.289,0.647,-1,192000.0,/mnt/ubna_data_04/recover-20241018/UBNA_011/20241012_080000.WAV,recover-20241018,UBNA_011,E18 Bridge
HF,45120.0,17.58203957840723,288.1335,288.1414,43515.0,62807.0,Echolocation,Pipistrellus pipistrellus,0.59,0.704,-1,192000.0,/mnt/ubna_data_04/recover-20241018/UBNA_011/20241017_021000.WAV,recover-20241018,UBNA_011,E18 Bridge
HF,52800.0,9.391492963127224,289.6555,289.6597,48671.0,61152.0,Echolocation,Pipistrellus pipistrellus,0.438,0.505,-1,192000.0,/mnt/ubna_data_04/recover-20241018/UBNA_011/20241017_020000.WAV,recover-20241018,UBNA_011,E18 Bridge
HF,50880.0,9.53364142113295,188.9115,188.9153,44375.0,67584.0,Echolocation,Myotis alcathoe,0.281,0.573,-1,192000.0,/mnt/ubna_data_04/recover-20241018/UBNA_011/20241017_030000.WAV,recover-20241018,UBNA_011,E18 Bridge
HF,48960.0,15.800678731492475,192.6545,192.6622,46953.0,58820.0,Echolocation,Pipistrellus pipistrellus,0.588,0.694,-1,192000.0,/mnt/ubna_data_04/recover-20241018/UBNA_011/20241012_041000.WAV,recover-20241018,UBNA_011,E18 Bridge
LF,23040.0,17.05187475571342,264.0985,264.1117,22890.0,29182.0,Echolocation,Eptesicus serotinus,0.219,0.598,-1,192000.0,/mnt/ubna_data_04/recover-20241018/UBNA_011/20241013_024000.WAV,recover-20241018,UBNA_011,E18 Bridge
HF,47040.0,16.307552627595275,62.7735,62.78,44375.0,68533.0,Echolocation,Pipistrellus pipistrellus,0.422,0.521,-1,192000.0,/mnt/ubna_data_04/recover-20241018/UBNA_011/20241018_022000.WAV,recover-20241018,UBNA_011,E18 Bridge
HF,45120.0,12.042341159098285,51.8885,51.8945,44375.0,63363.0,Echolocation,Pipistrellus pipistrellus,0.619,0.744,-1,192000.0,/mnt/ubna_data_04/recover-20241018/UBNA_011/20241015_052000.WAV,recover-20241018,UBNA_011,E18 Bridge
HF,46080.0,10.52183806820689,160.0465,160.056,45234.0,60990.0,Echolocation,Pipistrellus pipistrellus,0.458,0.545,-1,192000.0,/mnt/ubna_data_04/recover-20241018/UBNA_011/20241017_021000.WAV,recover-20241018,UBNA_011,E18 Bridge
HF,54720.0,14.00140090332963,194.2305,194.2378,45234.0,68792.0,Echolocation,Pipistrellus pipistrellus,0.514,0.699,-1,192000.0,/mnt/ubna_data_04/recover-20241018/UBNA_011/20241017_022000.WAV,recover-20241018,UBNA_011,E18 Bridge
LF,25920.0,16.441734707175105,104.8015,104.8139,24609.0,33404.0,Echolocation,Eptesicus serotinus,0.345,0.599,-1,192000.0,/mnt/ubna_data_04/recover-20241018/UBNA_011/20241016_015000.WAV,recover-20241018,UBNA_011,E18 Bridge
HF,47040.0,7.742014859280487,142.0915,142.0979,46093.0,61581.0,Echolocation,Pipistrellus pipistrellus,0.506,0.59,-1,192000.0,/mnt/ubna_data_04/recover-20241018/UBNA_011/20241017_021000.WAV,recover-20241018,UBNA_011,E18 Bridge
LF,22080.0,12.34140432071204,15.2395,15.2564,22031.0,26068.0,Echolocation,Nyctalus leisleri,0.382,0.568,-1,192000.0,/mnt/ubna_data_04/recover-20241018/UBNA_011/20241014_021000.WAV,recover-20241018,UBNA_011,E18 Bridge
HF,49920.0,6.388623619982963,237.7615,237.7678,48671.0,65014.0,Echolocation,Pipistrellus pipistrellus,0.563,0.646,-1,192000.0,/mnt/ubna_data_04/recover-20241018/UBNA_011/20241018_020000.WAV,recover-20241018,UBNA_011,E18 Bridge
HF,48960.0,11.051947643561979,70.1875,70.1927,44375.0,61960.0,Echolocation,Pipistrellus pipistrellus,0.502,0.56,-1,192000.0,/mnt/ubna_data_04/recover-20241018/UBNA_011/20241017_021000.WAV,recover-20241018,UBNA_011,E18 Bridge
HF,45120.0,4.936655922369417,108.5135,108.5271,44375.0,52229.0,Echolocation,Pipistrellus pipistrellus,0.434,0.504,-1,192000.0,/mnt/ubna_data_04/recover-20241018/UBNA_011/20241017_022000.WAV,recover-20241018,UBNA_011,E18 Bridge
HF,52800.0,10.673562896269026,98.63550000000001,98.6389,47812.0,65520.0,Echolocation,Myotis alcathoe,0.294,0.543,-1,192000.0,/mnt/ubna_data_04/recover-20241018/UBNA_011/20241017_024000.WAV,recover-20241018,UBNA_011,E18 Bridge
HF,45120.0,17.61108047045868,82.4125,82.4188,42656.0,65282.0,Echolocation,Pipistrellus pipistrellus,0.589,0.618,-1,192000.0,/mnt/ubna_data_04/recover-20241018/UBNA_011/20241015_032000.WAV,recover-20241018,UBNA_011,E18 Bridge
HF,46080.0,16.242193923784406,12.0715,12.0788,43515.0,64789.0,Echolocation,Pipistrellus pipistrellus,0.508,0.66,-1,192000.0,/mnt/ubna_data_04/recover-20241018/UBNA_011/20241014_042000.WAV,recover-20241018,UBNA_011,E18 Bridge
LF,25920.0,5.998424686406003,148.5865,148.6035,25468.0,28135.0,Echolocation,Nyctalus leisleri,0.445,0.558,-1,192000.0,/mnt/ubna_data_04/recover-20241018/UBNA_011/20241013_024000.WAV,recover-20241018,UBNA_011,E18 Bridge
HF,48000.0,10.076290511807748,164.7125,164.7182,44375.0,57480.0,Echolocation,Pipistrellus pipistrellus,0.54,0.592,-1,192000.0,/mnt/ubna_data_04/recover-20241018/UBNA_011/20241017_022000.WAV,recover-20241018,UBNA_011,E18 Bridge
HF,47040.0,23.220207693814864,249.9275,249.9332,40937.0,77919.0,Echolocation,Pipistrellus pipistrellus,0.275,0.538,-1,192000.0,/mnt/ubna_data_04/recover-20241018/UBNA_011/20241017_020000.WAV,recover-20241018,UBNA_011,E18 Bridge
LF,22080.0,23.740070712822508,42.0175,42.0357,21171.0,26394.0,Echolocation,Nyctalus noctula,0.537,0.695,-1,192000.0,/mnt/ubna_data_04/recover-20241018/UBNA_011/20241014_021000.WAV,recover-20241018,UBNA_011,E18 Bridge
HF,53760.0,33.58581771352976,229.0825,229.0859,43515.0,84329.0,Echolocation,Myotis alcathoe,0.644,0.704,-1,192000.0,/mnt/ubna_data_04/recover-20241018/UBNA_011/20241014_104000.WAV,recover-20241018,UBNA_011,E18 Bridge
HF,48960.0,8.768290091467179,4.0795,4.0846,45234.0,60212.0,Echolocation,Pipistrellus pipistrellus,0.446,0.526,-1,192000.0,/mnt/ubna_data_04/recover-20241018/UBNA_011/20241017_022000.WAV,recover-20241018,UBNA_011,E18 Bridge
HF,47040.0,11.77579497541232,194.3225,194.3324,45234.0,68008.0,Echolocation,Pipistrellus pipistrellus,0.502,0.675,-1,192000.0,/mnt/ubna_data_04/recover-20241018/UBNA_011/20241017_022000.WAV,recover-20241018,UBNA_011,E18 Bridge
HF,47040.0,12.919841680021138,67.3925,67.3986,45234.0,58271.0,Echolocation,Pipistrellus pipistrellus,0.58,0.632,-1,192000.0,/mnt/ubna_data_04/recover-20241018/UBNA_011/20241017_022000.WAV,recover-20241018,UBNA_011,E18 Bridge
HF,52800.0,9.175571504120263,98.7265,98.7292,47812.0,66330.0,Echolocation,Myotis alcathoe,0.355,0.549,-1,192000.0,/mnt/ubna_data_04/recover-20241018/UBNA_011/20241017_024000.WAV,recover-20241018,UBNA_011,E18 Bridge
HF,46080.0,6.803659572348312,145.77949999999998,145.7855,43515.0,52283.0,Echolocation,Pipistrellus pipistrellus,0.523,0.574,-1,192000.0,/mnt/ubna_data_04/recover-20241018/UBNA_011/20241015_033000.WAV,recover-20241018,UBNA_011,E18 Bridge
HF,48000.0,9.466302276277963,250.6425,250.6481,45234.0,57547.0,Echolocation,Pipistrellus pipistrellus,0.565,0.61,-1,192000.0,/mnt/ubna_data_04/recover-20241018/UBNA_011/20241017_022000.WAV,recover-20241018,UBNA_011,E18 Bridge
HF,46080.0,8.676110386749215,82.5015,82.5144,44375.0,49369.0,Echolocation,Pipistrellus pipistrellus,0.443,0.512,-1,192000.0,/mnt/ubna_data_04/recover-20241018/UBNA_011/20241015_032000.WAV,recover-20241018,UBNA_011,E18 Bridge
LF,26880.0,10.527890878804165,104.9325,104.9444,26328.0,34975.0,Echolocation,Eptesicus serotinus,0.398,0.574,-1,192000.0,/mnt/ubna_data_04/recover-20241018/UBNA_011/20241016_015000.WAV,recover-20241018,UBNA_011,E18 Bridge
HF,47040.0,7.182454680536695,46.561499999999995,46.5719,45234.0,59882.0,Echolocation,Pipistrellus pipistrellus,0.476,0.585,-1,192000.0,/mnt/ubna_data_04/recover-20241018/UBNA_011/20241017_022000.WAV,recover-20241018,UBNA_011,E18 Bridge
HF,46080.0,15.156421035692695,12.1685,12.1768,44375.0,63282.0,Echolocation,Pipistrellus pipistrellus,0.516,0.718,-1,192000.0,/mnt/ubna_data_04/recover-20241018/UBNA_011/20241014_042000.WAV,recover-20241018,UBNA_011,E18 Bridge
HF,47040.0,12.559709053523523,51.9565,51.962900000000005,44375.0,62318.0,Echolocation,Pipistrellus pipistrellus,0.497,0.621,-1,192000.0,/mnt/ubna_data_04/recover-20241018/UBNA_011/20241015_052000.WAV,recover-20241018,UBNA_011,E18 Bridge
HF,53760.0,10.852461226837555,289.8025,289.8071,43515.0,68282.0,Echolocation,Myotis mystacinus,0.19,0.508,-1,192000.0,/mnt/ubna_data_04/recover-20241018/UBNA_011/20241017_020000.WAV,recover-20241018,UBNA_011,E18 Bridge
HF,46080.0,22.90987304340471,249.9835,249.9894,41796.0,81706.0,Echolocation,Pipistrellus pipistrellus,0.466,0.648,-1,192000.0,/mnt/ubna_data_04/recover-20241018/UBNA_011/20241017_020000.WAV,recover-20241018,UBNA_011,E18 Bridge
HF,48000.0,21.5179564200201,189.3435,189.3476,41796.0,73701.0,Echolocation,Myotis alcathoe,0.405,0.522,-1,192000.0,/mnt/ubna_data_04/recover-20241018/UBNA_011/20241017_030000.WAV,recover-20241018,UBNA_011,E18 Bridge
LF,27840.0,7.365743091694147,149.0525,149.0653,26328.0,30530.0,Echolocation,Nyctalus leisleri,0.309,0.529,-1,192000.0,/mnt/ubna_data_04/recover-20241018/UBNA_011/20241013_024000.WAV,recover-20241018,UBNA_011,E18 Bridge
LF,28800.0,7.822634206133041,132.2505,132.26,25468.0,33320.0,Echolocation,Nyctalus leisleri,0.314,0.566,-1,192000.0,/mnt/ubna_data_04/recover-20241018/UBNA_011/20241012_080000.WAV,recover-20241018,UBNA_011,E18 Bridge
HF,48960.0,6.264077607688185,237.8515,237.8587,47812.0,62737.0,Echolocation,Pipistrellus pipistrellus,0.546,0.606,-1,192000.0,/mnt/ubna_data_04/recover-20241018/UBNA_011/20241018_020000.WAV,recover-20241018,UBNA_011,E18 Bridge
HF,45120.0,15.24407605934515,108.61449999999999,108.6219,43515.0,59421.0,Echolocation,Pipistrellus pipistrellus,0.589,0.653,-1,192000.0,/mnt/ubna_data_04/recover-20241018/UBNA_011/20241017_022000.WAV,recover-20241018,UBNA_011,E18 Bridge
HF,48000.0,10.82532210425024,164.8015,164.8071,46953.0,55970.0,Echolocation,Pipistrellus pipistrellus,0.527,0.546,-1,192000.0,/mnt/ubna_data_04/recover-20241018/UBNA_011/20241017_022000.WAV,recover-20241018,UBNA_011,E18 Bridge
HF,47040.0,8.203449991753738,138.3795,138.3872,44375.0,53422.0,Echolocation,Pipistrellus pipistrellus,0.569,0.613,-1,192000.0,/mnt/ubna_data_04/recover-20241018/UBNA_011/20241017_022000.WAV,recover-20241018,UBNA_011,E18 Bridge
LF,24000.0,13.550220192536514,42.2655,42.2831,21171.0,27056.0,Echolocation,Nyctalus noctula,0.418,0.631,-1,192000.0,/mnt/ubna_data_04/recover-20241018/UBNA_011/20241014_021000.WAV,recover-20241018,UBNA_011,E18 Bridge
HF,48960.0,16.321006307283916,70.3625,70.3679,44375.0,63990.0,Echolocation,Pipistrellus pipistrellus,0.527,0.575,-1,192000.0,/mnt/ubna_data_04/recover-20241018/UBNA_011/20241017_021000.WAV,recover-20241018,UBNA_011,E18 Bridge
HF,54720.0,7.475117053371518,35.6285,35.6357,47812.0,64027.0,Echolocation,Pipistrellus pipistrellus,0.452,0.536,-1,192000.0,/mnt/ubna_data_04/recover-20241018/UBNA_011/20241017_021000.WAV,recover-20241018,UBNA_011,E18 Bridge
HF,48000.0,6.486345954915764,160.1295,160.1397,45234.0,65447.0,Echolocation,Pipistrellus pipistrellus,0.513,0.669,-1,192000.0,/mnt/ubna_data_04/recover-20241018/UBNA_011/20241017_021000.WAV,recover-20241018,UBNA_011,E18 Bridge
LF,23040.0,16.892368904220817,15.5305,15.5492,22031.0,26005.0,Echolocation,Nyctalus leisleri,0.271,0.516,-1,192000.0,/mnt/ubna_data_04/recover-20241018/UBNA_011/20241014_021000.WAV,recover-20241018,UBNA_011,E18 Bridge
HF,48960.0,10.350266861984467,62.8455,62.8555,46953.0,63877.0,Echolocation,Pipistrellus pipistrellus,0.455,0.548,-1,192000.0,/mnt/ubna_data_04/recover-20241018/UBNA_011/20241018_022000.WAV,recover-20241018,UBNA_011,E18 Bridge
HF,48000.0,16.859308670314384,9.5185,9.5235,45234.0,66081.0,Echolocation,Pipistrellus pipistrellus,0.543,0.635,-1,192000.0,/mnt/ubna_data_04/recover-20241018/UBNA_011/20241017_021000.WAV,recover-20241018,UBNA_011,E18 Bridge
HF,46080.0,14.297013375945424,142.1825,142.1903,44375.0,63310.0,Echolocation,Pipistrellus pipistrellus,0.444,0.65,-1,192000.0,/mnt/ubna_data_04/recover-20241018/UBNA_011/20241017_021000.WAV,recover-20241018,UBNA_011,E18 Bridge
HF,47040.0,11.054608075895107,97.0505,97.0556,45234.0,58403.0,Echolocation,Pipistrellus pipistrellus,0.518,0.597,-1,192000.0,/mnt/ubna_data_04/recover-20241018/UBNA_011/20241017_021000.WAV,recover-20241018,UBNA_011,E18 Bridge
LF,23040.0,5.556998799528482,264.3185,264.3316,22890.0,28516.0,Echolocation,Eptesicus serotinus,0.236,0.507,-1,192000.0,/mnt/ubna_data_04/recover-20241018/UBNA_011/20241013_024000.WAV,recover-20241018,UBNA_011,E18 Bridge
HF,45120.0,16.243415633347436,233.0585,233.066,43515.0,62923.0,Echolocation,Pipistrellus pipistrellus,0.566,0.591,-1,192000.0,/mnt/ubna_data_04/recover-20241018/UBNA_011/20241017_021000.WAV,recover-20241018,UBNA_011,E18 Bridge
HF,47040.0,17.279798362946256,192.7345,192.7428,46953.0,57228.0,Echolocation,Pipistrellus pipistrellus,0.524,0.71,-1,192000.0,/mnt/ubna_data_04/recover-20241018/UBNA_011/20241012_041000.WAV,recover-20241018,UBNA_011,E18 Bridge
HF,45120.0,14.392790085482867,288.2205,288.2283,44375.0,62236.0,Echolocation,Pipistrellus pipistrellus,0.53,0.734,-1,192000.0,/mnt/ubna_data_04/recover-20241018/UBNA_011/20241017_021000.WAV,recover-20241018,UBNA_011,E18 Bridge
HF,47040.0,8.870434147502024,188.9295,188.9396,44375.0,60749.0,Echolocation,Pipistrellus pipistrellus,0.424,0.502,-1,192000.0,/mnt/ubna_data_04/recover-20241018/UBNA_011/20241017_021000.WAV,recover-20241018,UBNA_011,E18 Bridge
HF,46080.0,25.09028294852756,250.1435,250.1478,40937.0,78794.0,Echolocation,Myotis alcathoe,0.242,0.545,-1,192000.0,/mnt/ubna_data_04/recover-20241018/UBNA_011/20241017_020000.WAV,recover-20241018,UBNA_011,E18 Bridge
LF,26880.0,3.5728100119553226,132.4805,132.4906,24609.0,32382.0,Echolocation,Nyctalus leisleri,0.276,0.587,-1,192000.0,/mnt/ubna_data_04/recover-20241018/UBNA_011/20241012_080000.WAV,recover-20241018,UBNA_011,E18 Bridge
HF,48960.0,8.514503793017873,238.0285,238.0369,47812.0,64275.0,Echolocation,Pipistrellus pipistrellus,0.545,0.636,-1,192000.0,/mnt/ubna_data_04/recover-20241018/UBNA_011/20241018_020000.WAV,recover-20241018,UBNA_011,E18 Bridge
HF,53760.0,16.654891056652236,97.6895,97.6938,44375.0,75744.0,Echolocation,Myotis alcathoe,0.384,0.555,-1,192000.0,/mnt/ubna_data_04/recover-20241018/UBNA_011/20241017_021000.WAV,recover-20241018,UBNA_011,E18 Bridge
HF,52800.0,11.54588947133064,289.8785,289.883,43515.0,63742.0,Echolocation,Myotis alcathoe,0.194,0.534,-1,192000.0,/mnt/ubna_data_04/recover-20241018/UBNA_011/20241017_020000.WAV,recover-20241018,UBNA_011,E18 Bridge
LF,26880.0,12.796475656304558,105.1705,105.1852,25468.0,32308.0,Echolocation,Nyctalus leisleri,0.339,0.53,-1,192000.0,/mnt/ubna_data_04/recover-20241018/UBNA_011/20241016_015000.WAV,recover-20241018,UBNA_011,E18 Bridge
HF,46080.0,19.25949597974122,138.4765,138.4856,42656.0,61147.0,Echolocation,Pipistrellus pipistrellus,0.574,0.656,-1,192000.0,/mnt/ubna_data_04/recover-20241018/UBNA_011/20241017_022000.WAV,recover-20241018,UBNA_011,E18 Bridge
HF,47040.0,7.449898457940267,192.8125,192.819,46953.0,55336.0,Echolocation,Pipistrellus pipistrellus,0.613,0.642,-1,192000.0,/mnt/ubna_data_04/recover-20241018/UBNA_011/20241012_041000.WAV,recover-20241018,UBNA_011,E18 Bridge
HF,46080.0,5.927522684560294,160.3005,160.3114,45234.0,59071.0,Echolocation,Pipistrellus pipistrellus,0.466,0.615,-1,192000.0,/mnt/ubna_data_04/recover-20241018/UBNA_011/20241017_021000.WAV,recover-20241018,UBNA_011,E18 Bridge
HF,46080.0,29.08719911463652,70.4545,70.46039999999999,42656.0,69030.0,Echolocation,Pipistrellus pipistrellus,0.62,0.689,-1,192000.0,/mnt/ubna_data_04/recover-20241018/UBNA_011/20241017_021000.WAV,recover-20241018,UBNA_011,E18 Bridge
HF,53760.0,8.809989165340186,142.4435,142.45,46953.0,63718.0,Echolocation,Pipistrellus pipistrellus,0.529,0.572,-1,192000.0,/mnt/ubna_data_04/recover-20241018/UBNA_011/20241017_021000.WAV,recover-20241018,UBNA_011,E18 Bridge
HF,48000.0,9.798943628320325,63.4725,63.478,46093.0,62291.0,Echolocation,Pipistrellus pipistrellus,0.468,0.526,-1,192000.0,/mnt/ubna_data_04/recover-20241018/UBNA_011/20241018_022000.WAV,recover-20241018,UBNA_011,E18 Bridge
HF,46080.0,9.042769968165452,194.41649999999998,194.4259,45234.0,55588.0,Echolocation,Pipistrellus pipistrellus,0.454,0.522,-1,192000.0,/mnt/ubna_data_04/recover-20241018/UBNA_011/20241017_022000.WAV,recover-20241018,UBNA_011,E18 Bridge
HF,46080.0,2.3489007646636724,46.6605,46.667500000000004,45234.0,52957.0,Echolocation,Pipistrellus pipistrellus,0.495,0.516,-1,192000.0,/mnt/ubna_data_04/recover-20241018/UBNA_011/20241017_022000.WAV,recover-20241018,UBNA_011,E18 Bridge
LF,23040.0,17.13424609013132,15.9575,15.9758,22031.0,25207.0,Echolocation,Nyctalus leisleri,0.549,0.583,-1,192000.0,/mnt/ubna_data_04/recover-20241018/UBNA_011/20241014_021000.WAV,recover-20241018,UBNA_011,E18 Bridge
HF,47040.0,16.039305581817686,67.4685,67.4774,43515.0,63283.0,Echolocation,Pipistrellus pipistrellus,0.575,0.63,-1,192000.0,/mnt/ubna_data_04/recover-20241018/UBNA_011/20241017_022000.WAV,recover-20241018,UBNA_011,E18 Bridge
HF,52800.0,13.780515382050606,98.8085,98.8119,46953.0,66727.0,Echolocation,Myotis alcathoe,0.353,0.593,-1,192000.0,/mnt/ubna_data_04/recover-20241018/UBNA_011/20241017_024000.WAV,recover-20241018,UBNA_011,E18 Bridge
HF,45120.0,24.074342426970574,189.5825,189.588,40937.0,72834.0,Echolocation,Pipistrellus pipistrellus,0.395,0.6,-1,192000.0,/mnt/ubna_data_04/recover-20241018/UBNA_011/20241017_030000.WAV,recover-20241018,UBNA_011,E18 Bridge
HF,48960.0,9.472471397153326,288.39549999999997,288.4024,46953.0,62541.0,Echolocation,Pipistrellus pipistrellus,0.449,0.52,-1,192000.0,/mnt/ubna_data_04/recover-20241018/UBNA_011/20241017_021000.WAV,recover-20241018,UBNA_011,E18 Bridge
HF,47040.0,8.596268320389452,145.8945,145.9002,44375.0,57191.0,Echolocation,Pipistrellus pipistrellus,0.536,0.589,-1,192000.0,/mnt/ubna_data_04/recover-20241018/UBNA_011/20241015_033000.WAV,recover-20241018,UBNA_011,E18 Bridge
LF,24000.0,10.688424999590687,264.6865,264.7009,22890.0,28959.0,Echolocation,Eptesicus serotinus,0.236,0.585,-1,192000.0,/mnt/ubna_data_04/recover-20241018/UBNA_011/20241013_024000.WAV,recover-20241018,UBNA_011,E18 Bridge
HF,46080.0,14.524608305845303,233.1345,233.1433,45234.0,61298.0,Echolocation,Pipistrellus pipistrellus,0.519,0.598,-1,192000.0,/mnt/ubna_data_04/recover-20241018/UBNA_011/20241017_021000.WAV,recover-20241018,UBNA_011,E18 Bridge
HF,45120.0,10.794459072436545,189.0195,189.0293,43515.0,61737.0,Echolocation,Pipistrellus pipistrellus,0.531,0.628,-1,192000.0,/mnt/ubna_data_04/recover-20241018/UBNA_011/20241017_021000.WAV,recover-20241018,UBNA_011,E18 Bridge
HF,52800.0,4.377740123959532,9.6055,9.6111,48671.0,62251.0,Echolocation,Pipistrellus pipistrellus,0.459,0.53,-1,192000.0,/mnt/ubna_data_04/recover-20241018/UBNA_011/20241017_021000.WAV,recover-20241018,UBNA_011,E18 Bridge
HF,53760.0,23.55858415572286,229.1435,229.1469,42656.0,82885.0,Echolocation,Myotis alcathoe,0.577,0.655,-1,192000.0,/mnt/ubna_data_04/recover-20241018/UBNA_011/20241014_104000.WAV,recover-20241018,UBNA_011,E18 Bridge
HF,46080.0,10.221609915224551,108.9815,108.9905,45234.0,55435.0,Echolocation,Pipistrellus pipistrellus,0.521,0.58,-1,192000.0,/mnt/ubna_data_04/recover-20241018/UBNA_011/20241017_022000.WAV,recover-20241018,UBNA_011,E18 Bridge
HF,46080.0,9.464206222736761,4.1645,4.1711,44375.0,61860.0,Echolocation,Pipistrellus pipistrellus,0.425,0.597,-1,192000.0,/mnt/ubna_data_04/recover-20241018/UBNA_011/20241017_022000.WAV,recover-20241018,UBNA_011,E18 Bridge
HF,47040.0,11.675273538075393,250.7155,250.7208,45234.0,59194.0,Echolocation,Pipistrellus pipistrellus,0.456,0.502,-1,192000.0,/mnt/ubna_data_04/recover-20241018/UBNA_011/20241017_022000.WAV,recover-20241018,UBNA_011,E18 Bridge
HF,46080.0,10.273974582255667,12.2885,12.2985,43515.0,64342.0,Echolocation,Pipistrellus pipistrellus,0.508,0.648,-1,192000.0,/mnt/ubna_data_04/recover-20241018/UBNA_011/20241014_042000.WAV,recover-20241018,UBNA_011,E18 Bridge
HF,53760.0,7.307787752686361,36.3805,36.3854,52109.0,63860.0,Echolocation,Pipistrellus pipistrellus,0.422,0.527,-1,192000.0,/mnt/ubna_data_04/recover-20241018/UBNA_011/20241017_021000.WAV,recover-20241018,UBNA_011,E18 Bridge
LF,26880.0,4.213969244810924,149.2845,149.29840000000002,25468.0,30592.0,Echolocation,Nyctalus leisleri,0.359,0.54,-1,192000.0,/mnt/ubna_data_04/recover-20241018/UBNA_011/20241013_024000.WAV,recover-20241018,UBNA_011,E18 Bridge
HF,45120.0,14.490441381919872,82.5915,82.5997,43515.0,64579.0,Echolocation,Pipistrellus pipistrellus,0.556,0.695,-1,192000.0,/mnt/ubna_data_04/recover-20241018/UBNA_011/20241015_032000.WAV,recover-20241018,UBNA_011,E18 Bridge
LF,22080.0,20.871132838004026,42.6345,42.6546,21171.0,26568.0,Echolocation,Nyctalus noctula,0.366,0.577,-1,192000.0,/mnt/ubna_data_04/recover-20241018/UBNA_011/20241014_021000.WAV,recover-20241018,UBNA_011,E18 Bridge
HF,51840.0,8.016921660295127,164.9985,165.0047,48671.0,63142.0,Echolocation,Pipistrellus pipistrellus,0.491,0.56,-1,192000.0,/mnt/ubna_data_04/recover-20241018/UBNA_011/20241017_022000.WAV,recover-20241018,UBNA_011,E18 Bridge
LF,24000.0,4.3871318675467394,264.9085,264.9222,22890.0,27563.0,Echolocation,Nyctalus leisleri,0.331,0.542,-1,192000.0,/mnt/ubna_data_04/recover-20241018/UBNA_011/20241013_024000.WAV,recover-20241018,UBNA_011,E18 Bridge
HF,45120.0,11.13876196756081,145.97050000000002,145.9768,44375.0,52746.0,Echolocation,Pipistrellus pipistrellus,0.495,0.53,-1,192000.0,/mnt/ubna_data_04/recover-20241018/UBNA_011/20241015_033000.WAV,recover-20241018,UBNA_011,E18 Bridge
HF,51840.0,7.0918950222770105,290.0225,290.0253,49531.0,66774.0,Echolocation,Myotis alcathoe,0.399,0.507,-1,192000.0,/mnt/ubna_data_04/recover-20241018/UBNA_011/20241017_020000.WAV,recover-20241018,UBNA_011,E18 Bridge
HF,46080.0,4.553151209119718,251.7175,251.7229,45234.0,54264.0,Echolocation,Pipistrellus pipistrellus,0.557,0.571,-1,192000.0,/mnt/ubna_data_04/recover-20241018/UBNA_011/20241017_022000.WAV,recover-20241018,UBNA_011,E18 Bridge
HF,48000.0,16.458624996081852,70.6625,70.6686,44375.0,65902.0,Echolocation,Pipistrellus pipistrellus,0.624,0.712,-1,192000.0,/mnt/ubna_data_04/recover-20241018/UBNA_011/20241017_021000.WAV,recover-20241018,UBNA_011,E18 Bridge
HF,48000.0,23.141726843983754,250.2185,250.2231,39218.0,80536.0,Echolocation,Myotis brandtii,0.254,0.501,-1,192000.0,/mnt/ubna_data_04/recover-20241018/UBNA_011/20241017_020000.WAV,recover-20241018,UBNA_011,E18 Bridge
HF,46080.0,4.641607058349177,138.5755,138.5829,45234.0,53826.0,Echolocation,Pipistrellus pipistrellus,0.538,0.561,-1,192000.0,/mnt/ubna_data_04/recover-20241018/UBNA_011/20241017_022000.WAV,recover-20241018,UBNA_011,E18 Bridge
HF,47040.0,13.606082519797384,12.3695,12.3783,43515.0,63920.0,Echolocation,Pipistrellus pipistrellus,0.499,0.65,-1,192000.0,/mnt/ubna_data_04/recover-20241018/UBNA_011/20241014_042000.WAV,recover-20241018,UBNA_011,E18 Bridge
LF,26880.0,4.843494447308252,149.5215,149.532,26328.0,31135.0,Echolocation,Nyctalus leisleri,0.436,0.544,-1,192000.0,/mnt/ubna_data_04/recover-20241018/UBNA_011/20241013_024000.WAV,recover-20241018,UBNA_011,E18 Bridge
HF,52800.0,16.93163992626817,36.4685,36.4733,48671.0,69753.0,Echolocation,Pipistrellus pipistrellus,0.542,0.637,-1,192000.0,/mnt/ubna_data_04/recover-20241018/UBNA_011/20241017_021000.WAV,recover-20241018,UBNA_011,E18 Bridge
LF,28800.0,3.4091755793977168,132.5975,132.6061,26328.0,33614.0,Echolocation,Eptesicus serotinus,0.264,0.514,-1,192000.0,/mnt/ubna_data_04/recover-20241018/UBNA_011/20241012_080000.WAV,recover-20241018,UBNA_011,E18 Bridge
HF,48000.0,9.263087445131063,288.5165,288.5251,46953.0,69019.0,Echolocation,Pipistrellus pipistrellus,0.428,0.56,-1,192000.0,/mnt/ubna_data_04/recover-20241018/UBNA_011/20241017_021000.WAV,recover-20241018,UBNA_011,E18 Bridge
HF,51840.0,12.970023162367621,63.5545,63.5585,48671.0,63797.0,Echolocation,Pipistrellus pipistrellus,0.556,0.598,-1,192000.0,/mnt/ubna_data_04/recover-20241018/UBNA_011/20241018_022000.WAV,recover-20241018,UBNA_011,E18 Bridge
HF,53760.0,10.869692178562476,98.8785,98.8815,47812.0,65953.0,Echolocation,Myotis alcathoe,0.344,0.502,-1,192000.0,/mnt/ubna_data_04/recover-20241018/UBNA_011/20241017_024000.WAV,recover-20241018,UBNA_011,E18 Bridge
HF,48000.0,8.572904651577783,165.0795,165.087,46093.0,61776.0,Echolocation,Pipistrellus pipistrellus,0.401,0.507,-1,192000.0,/mnt/ubna_data_04/recover-20241018/UBNA_011/20241017_022000.WAV,recover-20241018,UBNA_011,E18 Bridge
HF,46080.0,8.766368197080798,82.6855,82.6949,45234.0,55876.0,Echolocation,Pipistrellus pipistrellus,0.54,0.591,-1,192000.0,/mnt/ubna_data_04/recover-20241018/UBNA_011/20241015_032000.WAV,recover-20241018,UBNA_011,E18 Bridge
HF,47040.0,11.75942609477522,67.5545,67.5611,44375.0,55909.0,Echolocation,Pipistrellus pipistrellus,0.574,0.606,-1,192000.0,/mnt/ubna_data_04/recover-20241018/UBNA_011/20241017_022000.WAV,recover-20241018,UBNA_011,E18 Bridge
HF,47040.0,8.68649735977611,109.3515,109.358,44375.0,53455.0,Echolocation,Pipistrellus pipistrellus,0.625,0.654,-1,192000.0,/mnt/ubna_data_04/recover-20241018/UBNA_011/20241017_022000.WAV,recover-20241018,UBNA_011,E18 Bridge
HF,48960.0,10.439343841718319,238.1195,238.1252,48671.0,62558.0,Echolocation,Pipistrellus pipistrellus,0.607,0.649,-1,192000.0,/mnt/ubna_data_04/recover-20241018/UBNA_011/20241018_020000.WAV,recover-20241018,UBNA_011,E18 Bridge
HF,48960.0,7.425940025690711,9.7015,9.707,46953.0,60464.0,Echolocation,Pipistrellus pipistrellus,0.46,0.527,-1,192000.0,/mnt/ubna_data_04/recover-20241018/UBNA_011/20241017_021000.WAV,recover-20241018,UBNA_011,E18 Bridge
HF,48000.0,8.02631466018569,160.3835,160.39170000000001,46093.0,61267.0,Echolocation,Pipistrellus pipistrellus,0.56,0.614,-1,192000.0,/mnt/ubna_data_04/recover-20241018/UBNA_011/20241017_021000.WAV,recover-20241018,UBNA_011,E18 Bridge
HF,54720.0,14.643226217131549,142.5265,142.5315,46953.0,64989.0,Echolocation,Pipistrellus pipistrellus,0.567,0.625,-1,192000.0,/mnt/ubna_data_04/recover-20241018/UBNA_011/20241017_021000.WAV,recover-20241018,UBNA_011,E18 Bridge
LF,22080.0,16.765872259266075,43.0195,43.0357,22031.0,27302.0,Echolocation,Nyctalus noctula,0.31,0.623,-1,192000.0,/mnt/ubna_data_04/recover-20241018/UBNA_011/20241014_021000.WAV,recover-20241018,UBNA_011,E18 Bridge
HF,47040.0,19.512884853836887,4.2495,4.2559,44375.0,68582.0,Echolocation,Pipistrellus pipistrellus,0.455,0.666,-1,192000.0,/mnt/ubna_data_04/recover-20241018/UBNA_011/20241017_022000.WAV,recover-20241018,UBNA_011,E18 Bridge
HF,48000.0,15.976560920641628,194.5055,194.5165,43515.0,67987.0,Echolocation,Pipistrellus pipistrellus,0.51,0.665,-1,192000.0,/mnt/ubna_data_04/recover-20241018/UBNA_011/20241017_022000.WAV,recover-20241018,UBNA_011,E18 Bridge
HF,46080.0,7.144209580669697,189.1155,189.125,44375.0,51990.0,Echolocation,Pipistrellus pipistrellus,0.496,0.521,-1,192000.0,/mnt/ubna_data_04/recover-20241018/UBNA_011/20241017_021000.WAV,recover-20241018,UBNA_011,E18 Bridge
HF,45120.0,18.312743071488175,233.2175,233.2246,43515.0,62041.0,Echolocation,Pipistrellus pipistrellus,0.645,0.681,-1,192000.0,/mnt/ubna_data_04/recover-20241018/UBNA_011/20241017_021000.WAV,recover-20241018,UBNA_011,E18 Bridge
HF,51840.0,15.076618778575547,97.7435,97.7473,44375.0,73741.0,Echolocation,Myotis alcathoe,0.346,0.508,-1,192000.0,/mnt/ubna_data_04/recover-20241018/UBNA_011/20241017_021000.WAV,recover-20241018,UBNA_011,E18 Bridge
HF,46080.0,16.180776896361845,46.832499999999996,46.8416,43515.0,64503.0,Echolocation,Pipistrellus pipistrellus,0.637,0.706,-1,192000.0,/mnt/ubna_data_04/recover-20241018/UBNA_011/20241017_022000.WAV,recover-20241018,UBNA_011,E18 Bridge
HF,48960.0,15.156957348658565,189.6735,189.6776,43515.0,59551.0,Echolocation,Myotis alcathoe,0.224,0.519,-1,192000.0,/mnt/ubna_data_04/recover-20241018/UBNA_011/20241017_030000.WAV,recover-20241018,UBNA_011,E18 Bridge
HF,47040.0,17.863548070732488,192.9055,192.9141,46953.0,57083.0,Echolocation,Pipistrellus pipistrellus,0.519,0.673,-1,192000.0,/mnt/ubna_data_04/recover-20241018/UBNA_011/20241012_041000.WAV,recover-20241018,UBNA_011,E18 Bridge
HF,53760.0,30.83202747825323,229.20850000000002,229.212,43515.0,88611.0,Echolocation,Myotis alcathoe,0.602,0.658,-1,192000.0,/mnt/ubna_data_04/recover-20241018/UBNA_011/20241014_104000.WAV,recover-20241018,UBNA_011,E18 Bridge
HF,47040.0,13.166689008676508,251.7845,251.7903,46093.0,60469.0,Echolocation,Pipistrellus pipistrellus,0.594,0.675,-1,192000.0,/mnt/ubna_data_04/recover-20241018/UBNA_011/20241017_022000.WAV,recover-20241018,UBNA_011,E18 Bridge
HF,48960.0,12.259871778617462,4.5235,4.5319,46953.0,65178.0,Echolocation,Pipistrellus pipistrellus,0.47,0.585,-1,192000.0,/mnt/ubna_data_04/recover-20241018/UBNA_011/20241017_022000.WAV,recover-20241018,UBNA_011,E18 Bridge
HF,46080.0,10.781688733833901,233.2885,233.29410000000001,45234.0,55657.0,Echolocation,Pipistrellus pipistrellus,0.549,0.56,-1,192000.0,/mnt/ubna_data_04/recover-20241018/UBNA_011/20241017_021000.WAV,recover-20241018,UBNA_011,E18 Bridge
HF,52800.0,9.05270989909193,12.0405,12.0463,51250.0,61609.0,Echolocation,Pipistrellus pipistrellus,0.518,0.569,-1,192000.0,/mnt/ubna_data_04/recover-20241018/UBNA_011/20241017_021000.WAV,recover-20241018,UBNA_011,E18 Bridge
HF,48000.0,5.928091152767363,189.8535,189.8589,46953.0,58275.0,Echolocation,Pipistrellus pipistrellus,0.508,0.567,-1,192000.0,/mnt/ubna_data_04/recover-20241018/UBNA_011/20241017_030000.WAV,recover-20241018,UBNA_011,E18 Bridge
LF,25920.0,5.518093231808141,149.7505,149.7643,24609.0,30088.0,Echolocation,Nyctalus leisleri,0.431,0.622,-1,192000.0,/mnt/ubna_data_04/recover-20241018/UBNA_011/20241013_024000.WAV,recover-20241018,UBNA_011,E18 Bridge
LF,24960.0,7.864104199009559,265.2005,265.2146,23750.0,28680.0,Echolocation,Nyctalus leisleri,0.514,0.641,-1,192000.0,/mnt/ubna_data_04/recover-20241018/UBNA_011/20241013_024000.WAV,recover-20241018,UBNA_011,E18 Bridge
LF,22080.0,19.29960806030777,43.4305,43.4505,21171.0,26148.0,Echolocation,Nyctalus noctula,0.535,0.663,-1,192000.0,/mnt/ubna_data_04/recover-20241018/UBNA_011/20241014_021000.WAV,recover-20241018,UBNA_011,E18 Bridge
HF,45120.0,16.817231021080442,67.6345,67.6425,43515.0,62975.0,Echolocation,Pipistrellus pipistrellus,0.528,0.59,-1,192000.0,/mnt/ubna_data_04/recover-20241018/UBNA_011/20241017_022000.WAV,recover-20241018,UBNA_011,E18 Bridge
HF,52800.0,13.665386092986122,99.0015,99.0048,45234.0,69169.0,Echolocation,Myotis alcathoe,0.416,0.615,-1,192000.0,/mnt/ubna_data_04/recover-20241018/UBNA_011/20241017_024000.WAV,recover-20241018,UBNA_011,E18 Bridge
HF,48000.0,11.171492188768726,238.2105,238.2177,46953.0,63292.0,Echolocation,Pipistrellus pipistrellus,0.569,0.688,-1,192000.0,/mnt/ubna_data_04/recover-20241018/UBNA_011/20241018_020000.WAV,recover-20241018,UBNA_011,E18 Bridge
HF,48000.0,9.005171707680974,160.6375,160.64600000000002,45234.0,61467.0,Echolocation,Pipistrellus pipistrellus,0.474,0.509,-1,192000.0,/mnt/ubna_data_04/recover-20241018/UBNA_011/20241017_021000.WAV,recover-20241018,UBNA_011,E18 Bridge
HF,53760.0,12.212161581241084,142.6555,142.6599,48671.0,63601.0,Echolocation,Pipistrellus pipistrellus,0.549,0.573,-1,192000.0,/mnt/ubna_data_04/recover-20241018/UBNA_011/20241017_021000.WAV,recover-20241018,UBNA_011,E18 Bridge
HF,51840.0,12.668083626636065,288.5945,288.5996,48671.0,68455.0,Echolocation,Pipistrellus pipistrellus,0.515,0.6,-1,192000.0,/mnt/ubna_data_04/recover-20241018/UBNA_011/20241017_021000.WAV,recover-20241018,UBNA_011,E18 Bridge
HF,48960.0,17.88108793500095,250.2875,250.2914,41796.0,76879.0,Echolocation,Myotis brandtii,0.223,0.555,-1,192000.0,/mnt/ubna_data_04/recover-20241018/UBNA_011/20241017_020000.WAV,recover-20241018,UBNA_011,E18 Bridge
HF,48000.0,10.935455497537793,70.7525,70.7591,46953.0,55186.0,Echolocation,Pipistrellus pipistrellus,0.475,0.506,-1,192000.0,/mnt/ubna_data_04/recover-20241018/UBNA_011/20241017_021000.WAV,recover-20241018,UBNA_011,E18 Bridge
HF,48960.0,11.985511741128665,63.6315,63.638,45234.0,65693.0,Echolocation,Pipistrellus pipistrellus,0.296,0.505,-1,192000.0,/mnt/ubna_data_04/recover-20241018/UBNA_011/20241018_022000.WAV,recover-20241018,UBNA_011,E18 Bridge
HF,48000.0,10.019018834609524,98.7985,98.804,45234.0,59880.0,Echolocation,Pipistrellus pipistrellus,0.505,0.563,-1,192000.0,/mnt/ubna_data_04/recover-20241018/UBNA_011/20241017_021000.WAV,recover-20241018,UBNA_011,E18 Bridge
LF,28800.0,3.8052127407659437,132.7145,132.7225,26328.0,34371.0,Echolocation,Nyctalus leisleri,0.279,0.609,-1,192000.0,/mnt/ubna_data_04/recover-20241018/UBNA_011/20241012_080000.WAV,recover-20241018,UBNA_011,E18 Bridge
HF,47040.0,15.002064111664765,46.9165,46.924499999999995,44375.0,60572.0,Echolocation,Pipistrellus pipistrellus,0.515,0.646,-1,192000.0,/mnt/ubna_data_04/recover-20241018/UBNA_011/20241017_022000.WAV,recover-20241018,UBNA_011,E18 Bridge
HF,51840.0,16.798679309529984,290.0925,290.0962,44375.0,77390.0,Echolocation,Myotis alcathoe,0.451,0.595,-1,192000.0,/mnt/ubna_data_04/recover-20241018/UBNA_011/20241017_020000.WAV,recover-20241018,UBNA_011,E18 Bridge
HF,48000.0,11.81157536415856,192.9795,192.9868,46953.0,55963.0,Echolocation,Pipistrellus pipistrellus,0.58,0.666,-1,192000.0,/mnt/ubna_data_04/recover-20241018/UBNA_011/20241012_041000.WAV,recover-20241018,UBNA_011,E18 Bridge
HF,46080.0,8.919668474994493,12.4345,12.4446,45234.0,64956.0,Echolocation,Pipistrellus pipistrellus,0.446,0.642,-1,192000.0,/mnt/ubna_data_04/recover-20241018/UBNA_011/20241014_042000.WAV,recover-20241018,UBNA_011,E18 Bridge
HF,45120.0,17.283630835532506,189.2105,189.2172,44375.0,61241.0,Echolocation,Pipistrellus pipistrellus,0.63,0.709,-1,192000.0,/mnt/ubna_data_04/recover-20241018/UBNA_011/20241017_021000.WAV,recover-20241018,UBNA_011,E18 Bridge
HF,54720.0,12.111954855996903,36.5465,36.551,49531.0,67038.0,Echolocation,Pipistrellus pipistrellus,0.471,0.575,-1,192000.0,/mnt/ubna_data_04/recover-20241018/UBNA_011/20241017_021000.WAV,recover-20241018,UBNA_011,E18 Bridge
HF,51840.0,32.56641181210757,229.3635,229.3681,46953.0,88038.0,Echolocation,Myotis alcathoe,0.514,0.536,-1,192000.0,/mnt/ubna_data_04/recover-20241018/UBNA_011/20241014_104000.WAV,recover-20241018,UBNA_011,E18 Bridge
HF,46080.0,14.719672707296835,109.4525,109.4611,43515.0,58786.0,Echolocation,Pipistrellus pipistrellus,0.588,0.671,-1,192000.0,/mnt/ubna_data_04/recover-20241018/UBNA_011/20241017_022000.WAV,recover-20241018,UBNA_011,E18 Bridge
HF,45120.0,14.236197247062057,146.0965,146.1029,43515.0,59062.0,Echolocation,Pipistrellus pipistrellus,0.534,0.663,-1,192000.0,/mnt/ubna_data_04/recover-20241018/UBNA_011/20241015_033000.WAV,recover-20241018,UBNA_011,E18 Bridge
HF,45120.0,22.978822797082227,138.7545,138.7631,42656.0,66394.0,Echolocation,Pipistrellus pipistrellus,0.651,0.726,-1,192000.0,/mnt/ubna_data_04/recover-20241018/UBNA_011/20241017_022000.WAV,recover-20241018,UBNA_011,E18 Bridge
HF,48960.0,12.221811186470521,165.2395,165.2451,45234.0,67848.0,Echolocation,Pipistrellus pipistrellus,0.515,0.597,-1,192000.0,/mnt/ubna_data_04/recover-20241018/UBNA_011/20241017_022000.WAV,recover-20241018,UBNA_011,E18 Bridge
HF,48000.0,15.478966301422027,194.5915,194.6011,44375.0,67626.0,Echolocation,Pipistrellus pipistrellus,0.479,0.654,-1,192000.0,/mnt/ubna_data_04/recover-20241018/UBNA_011/20241017_022000.WAV,recover-20241018,UBNA_011,E18 Bridge
HF,44160.0,17.31188039888052,82.7795,82.7868,43515.0,63826.0,Echolocation,Pipistrellus pipistrellus,0.546,0.642,-1,192000.0,/mnt/ubna_data_04/recover-20241018/UBNA_011/20241015_032000.WAV,recover-20241018,UBNA_011,E18 Bridge
HF,48000.0,12.184470170349131,37.2065,37.2139,45234.0,63578.0,Echolocation,Pipistrellus pipistrellus,0.337,0.521,-1,192000.0,/mnt/ubna_data_04/recover-20241018/UBNA_011/20241017_021000.WAV,recover-20241018,UBNA_011,E18 Bridge
HF,48000.0,14.616769125293544,70.8465,70.854,46093.0,63909.0,Echolocation,Pipistrellus pipistrellus,0.546,0.708,-1,192000.0,/mnt/ubna_data_04/recover-20241018/UBNA_011/20241017_021000.WAV,recover-20241018,UBNA_011,E18 Bridge
HF,47040.0,16.05621449871211,190.0225,190.0286,43515.0,65585.0,Echolocation,Pipistrellus pipistrellus,0.415,0.624,-1,192000.0,/mnt/ubna_data_04/recover-20241018/UBNA_011/20241017_030000.WAV,recover-20241018,UBNA_011,E18 Bridge
HF,48000.0,2.34391205402847,251.8615,251.8684,47812.0,59849.0,Echolocation,Pipistrellus pipistrellus,0.453,0.543,-1,192000.0,/mnt/ubna_data_04/recover-20241018/UBNA_011/20241017_022000.WAV,recover-20241018,UBNA_011,E18 Bridge
HF,46080.0,11.427335464053957,47.0105,47.0172,45234.0,51680.0,Echolocation,Pipistrellus pipistrellus,0.587,0.638,-1,192000.0,/mnt/ubna_data_04/recover-20241018/UBNA_011/20241017_022000.WAV,recover-20241018,UBNA_011,E18 Bridge
HF,46080.0,7.873754324520203,9.1775,9.1843,44375.0,53193.0,Echolocation,Pipistrellus pipistrellus,0.538,0.609,-1,192000.0,/mnt/ubna_data_04/recover-20241018/UBNA_011/20241017_022000.WAV,recover-20241018,UBNA_011,E18 Bridge
HF,48960.0,9.128129188871847,238.3025,238.3084,47812.0,64482.0,Echolocation,Pipistrellus pipistrellus,0.599,0.671,-1,192000.0,/mnt/ubna_data_04/recover-20241018/UBNA_011/20241018_020000.WAV,recover-20241018,UBNA_011,E18 Bridge
HF,48000.0,7.717261384332275,98.8655,98.8727,46093.0,55068.0,Echolocation,Pipistrellus pipistrellus,0.477,0.507,-1,192000.0,/mnt/ubna_data_04/recover-20241018/UBNA_011/20241017_021000.WAV,recover-20241018,UBNA_011,E18 Bridge
HF,47040.0,9.186816321570966,160.7145,160.7257,46093.0,65404.0,Echolocation,Pipistrellus pipistrellus,0.469,0.609,-1,192000.0,/mnt/ubna_data_04/recover-20241018/UBNA_011/20241017_021000.WAV,recover-20241018,UBNA_011,E18 Bridge
HF,46080.0,11.26487613189207,67.7285,67.7381,45234.0,52513.0,Echolocation,Pipistrellus pipistrellus,0.492,0.6,-1,192000.0,/mnt/ubna_data_04/recover-20241018/UBNA_011/20241017_022000.WAV,recover-20241018,UBNA_011,E18 Bridge
HF,53760.0,5.911585305581272,288.7395,288.7463,51250.0,71232.0,Echolocation,Pipistrellus pipistrellus,0.381,0.519,-1,192000.0,/mnt/ubna_data_04/recover-20241018/UBNA_011/20241017_021000.WAV,recover-20241018,UBNA_011,E18 Bridge
HF,45120.0,19.047235182386054,194.67849999999999,194.6851,43515.0,70374.0,Echolocation,Pipistrellus pipistrellus,0.567,0.699,-1,192000.0,/mnt/ubna_data_04/recover-20241018/UBNA_011/20241017_022000.WAV,recover-20241018,UBNA_011,E18 Bridge
HF,45120.0,17.427747545483864,189.4695,189.4788,44375.0,62777.0,Echolocation,Pipistrellus pipistrellus,0.492,0.654,-1,192000.0,/mnt/ubna_data_04/recover-20241018/UBNA_011/20241017_021000.WAV,recover-20241018,UBNA_011,E18 Bridge
HF,53760.0,13.536822094701911,250.3475,250.3519,42656.0,77113.0,Echolocation,Myotis brandtii,0.212,0.526,-1,192000.0,/mnt/ubna_data_04/recover-20241018/UBNA_011/20241017_020000.WAV,recover-20241018,UBNA_011,E18 Bridge
HF,46080.0,9.168657406519973,146.1905,146.1963,45234.0,59988.0,Echolocation,Pipistrellus pipistrellus,0.504,0.589,-1,192000.0,/mnt/ubna_data_04/recover-20241018/UBNA_011/20241015_033000.WAV,recover-20241018,UBNA_011,E18 Bridge
HF,47040.0,4.949929365505413,193.0275,193.0344,46953.0,56715.0,Echolocation,Pipistrellus pipistrellus,0.497,0.526,-1,192000.0,/mnt/ubna_data_04/recover-20241018/UBNA_011/20241012_041000.WAV,recover-20241018,UBNA_011,E18 Bridge
HF,51840.0,29.459949502640953,229.4425,229.4478,44375.0,89246.0,Echolocation,Myotis alcathoe,0.5,0.517,-1,192000.0,/mnt/ubna_data_04/recover-20241018/UBNA_011/20241014_104000.WAV,recover-20241018,UBNA_011,E18 Bridge
HF,48000.0,10.467115166224957,12.3145,12.3229,46953.0,62412.0,Echolocation,Pipistrellus pipistrellus,0.447,0.522,-1,192000.0,/mnt/ubna_data_04/recover-20241018/UBNA_011/20241017_021000.WAV,recover-20241018,UBNA_011,E18 Bridge
HF,48000.0,10.062165116947288,233.4885,233.4969,46953.0,62813.0,Echolocation,Pipistrellus pipistrellus,0.552,0.595,-1,192000.0,/mnt/ubna_data_04/recover-20241018/UBNA_011/20241017_021000.WAV,recover-20241018,UBNA_011,E18 Bridge
HF,48960.0,10.968394429181963,290.2115,290.2146,46093.0,67993.0,Echolocation,Myotis alcathoe,0.412,0.501,-1,192000.0,/mnt/ubna_data_04/recover-20241018/UBNA_011/20241017_020000.WAV,recover-20241018,UBNA_011,E18 Bridge
LF,24000.0,8.41541270014149,43.6395,43.6582,22031.0,28861.0,Echolocation,Nyctalus noctula,0.251,0.573,-1,192000.0,/mnt/ubna_data_04/recover-20241018/UBNA_011/20241014_021000.WAV,recover-20241018,UBNA_011,E18 Bridge
HF,45120.0,7.640278957655512,82.87950000000001,82.8884,44375.0,53196.0,Echolocation,Pipistrellus pipistrellus,0.474,0.504,-1,192000.0,/mnt/ubna_data_04/recover-20241018/UBNA_011/20241015_032000.WAV,recover-20241018,UBNA_011,E18 Bridge
HF,52800.0,11.278288348373028,99.0675,99.0711,46093.0,66535.0,Echolocation,Myotis alcathoe,0.347,0.565,-1,192000.0,/mnt/ubna_data_04/recover-20241018/UBNA_011/20241017_024000.WAV,recover-20241018,UBNA_011,E18 Bridge
HF,46080.0,5.124999447831108,12.6405,12.6516,44375.0,53165.0,Echolocation,Pipistrellus pipistrellus,0.384,0.523,-1,192000.0,/mnt/ubna_data_04/recover-20241018/UBNA_011/20241014_042000.WAV,recover-20241018,UBNA_011,E18 Bridge
LF,25920.0,9.974391947603934,133.2845,133.2977,25468.0,30130.0,Echolocation,Nyctalus leisleri,0.413,0.614,-1,192000.0,/mnt/ubna_data_04/recover-20241018/UBNA_011/20241012_080000.WAV,recover-20241018,UBNA_011,E18 Bridge
HF,45120.0,6.468671861545692,109.5425,109.5493,44375.0,56372.0,Echolocation,Pipistrellus pipistrellus,0.528,0.593,-1,192000.0,/mnt/ubna_data_04/recover-20241018/UBNA_011/20241017_022000.WAV,recover-20241018,UBNA_011,E18 Bridge
HF,53760.0,14.451133062454304,142.7195,142.7263,48671.0,67969.0,Echolocation,Pipistrellus pipistrellus,0.519,0.588,-1,192000.0,/mnt/ubna_data_04/recover-20241018/UBNA_011/20241017_021000.WAV,recover-20241018,UBNA_011,E18 Bridge
LF,24960.0,11.212858677905722,265.4065,265.4192,24609.0,30196.0,Echolocation,Nyctalus leisleri,0.395,0.642,-1,192000.0,/mnt/ubna_data_04/recover-20241018/UBNA_011/20241013_024000.WAV,recover-20241018,UBNA_011,E18 Bridge
HF,45120.0,16.6966235340406,138.9535,138.9624,43515.0,66796.0,Echolocation,Pipistrellus pipistrellus,0.616,0.692,-1,192000.0,/mnt/ubna_data_04/recover-20241018/UBNA_011/20241017_022000.WAV,recover-20241018,UBNA_011,E18 Bridge
HF,51840.0,7.150310233407645,63.713499999999996,63.7177,49531.0,59648.0,Echolocation,Pipistrellus pipistrellus,0.541,0.562,-1,192000.0,/mnt/ubna_data_04/recover-20241018/UBNA_011/20241018_022000.WAV,recover-20241018,UBNA_011,E18 Bridge
HF,48000.0,11.819168922439282,165.32150000000001,165.3275,45234.0,61476.0,Echolocation,Pipistrellus pipistrellus,0.479,0.589,-1,192000.0,/mnt/ubna_data_04/recover-20241018/UBNA_011/20241017_022000.WAV,recover-20241018,UBNA_011,E18 Bridge
HF,48960.0,11.374914698536628,238.3935,238.4006,47812.0,63946.0,Echolocation,Pipistrellus pipistrellus,0.559,0.702,-1,192000.0,/mnt/ubna_data_04/recover-20241018/UBNA_011/20241018_020000.WAV,recover-20241018,UBNA_011,E18 Bridge
HF,47040.0,9.341415989195356,193.1995,193.2076,46953.0,58428.0,Echolocation,Pipistrellus pipistrellus,0.531,0.669,-1,192000.0,/mnt/ubna_data_04/recover-20241018/UBNA_011/20241012_041000.WAV,recover-20241018,UBNA_011,E18 Bridge
HF,51840.0,18.567806060402724,99.2285,99.2327,41796.0,77368.0,Echolocation,Myotis alcathoe,0.434,0.518,-1,192000.0,/mnt/ubna_data_04/recover-20241018/UBNA_011/20241017_024000.WAV,recover-20241018,UBNA_011,E18 Bridge
HF,45120.0,6.4910325482205415,189.6595,189.6695,44375.0,60879.0,Echolocation,Pipistrellus pipistrellus,0.543,0.614,-1,192000.0,/mnt/ubna_data_04/recover-20241018/UBNA_011/20241017_021000.WAV,recover-20241018,UBNA_011,E18 Bridge
HF,49920.0,17.025963217613793,142.7855,142.7913,47812.0,68414.0,Echolocation,Pipistrellus pipistrellus,0.581,0.682,-1,192000.0,/mnt/ubna_data_04/recover-20241018/UBNA_011/20241017_021000.WAV,recover-20241018,UBNA_011,E18 Bridge
HF,47040.0,15.023541878491711,233.65449999999998,233.663,44375.0,66367.0,Echolocation,Pipistrellus pipistrellus,0.575,0.642,-1,192000.0,/mnt/ubna_data_04/recover-20241018/UBNA_011/20241017_021000.WAV,recover-20241018,UBNA_011,E18 Bridge
HF,48000.0,10.768487865462932,13.7535,13.7621,42656.0,60051.0,Echolocation,Pipistrellus pipistrellus,0.317,0.513,-1,192000.0,/mnt/ubna_data_04/recover-20241018/UBNA_011/20241014_042000.WAV,recover-20241018,UBNA_011,E18 Bridge
HF,48960.0,10.370507937812379,64.0455,64.0508,45234.0,59400.0,Echolocation,Pipistrellus pipistrellus,0.538,0.618,-1,192000.0,/mnt/ubna_data_04/recover-20241018/UBNA_011/20241018_022000.WAV,recover-20241018,UBNA_011,E18 Bridge
HF,45120.0,14.221592847262915,109.6315,109.6378,43515.0,56334.0,Echolocation,Pipistrellus pipistrellus,0.614,0.672,-1,192000.0,/mnt/ubna_data_04/recover-20241018/UBNA_011/20241017_022000.WAV,recover-20241018,UBNA_011,E18 Bridge
HF,50880.0,9.18233928727311,47.2325,47.2375,47812.0,66727.0,Echolocation,Pipistrellus pipistrellus,0.587,0.663,-1,192000.0,/mnt/ubna_data_04/recover-20241018/UBNA_011/20241017_022000.WAV,recover-20241018,UBNA_011,E18 Bridge
HF,52800.0,11.92165866173073,98.9465,98.9519,46953.0,61896.0,Echolocation,Pipistrellus pipistrellus,0.589,0.65,-1,192000.0,/mnt/ubna_data_04/recover-20241018/UBNA_011/20241017_021000.WAV,recover-20241018,UBNA_011,E18 Bridge
HF,47040.0,9.985556868321618,190.1105,190.1157,44375.0,56187.0,Echolocation,Pipistrellus pipistrellus,0.469,0.576,-1,192000.0,/mnt/ubna_data_04/recover-20241018/UBNA_011/20241017_030000.WAV,recover-20241018,UBNA_011,E18 Bridge
LF,27840.0,2.187919671846869,133.4175,133.4266,26328.0,32953.0,Echolocation,Nyctalus leisleri,0.335,0.564,-1,192000.0,/mnt/ubna_data_04/recover-20241018/UBNA_011/20241012_080000.WAV,recover-20241018,UBNA_011,E18 Bridge
HF,53760.0,21.657969211022326,229.5645,229.568,43515.0,79935.0,Echolocation,Myotis alcathoe,0.575,0.639,-1,192000.0,/mnt/ubna_data_04/recover-20241018/UBNA_011/20241014_104000.WAV,recover-20241018,UBNA_011,E18 Bridge
HF,48000.0,16.723816838623396,37.3775,37.3834,44375.0,61709.0,Echolocation,Pipistrellus pipistrellus,0.383,0.547,-1,192000.0,/mnt/ubna_data_04/recover-20241018/UBNA_011/20241017_021000.WAV,recover-20241018,UBNA_011,E18 Bridge
LF,24000.0,14.988567078908366,44.3665,44.3832,22031.0,27304.0,Echolocation,Nyctalus noctula,0.246,0.577,-1,192000.0,/mnt/ubna_data_04/recover-20241018/UBNA_011/20241014_021000.WAV,recover-20241018,UBNA_011,E18 Bridge
HF,45120.0,9.342378238039114,82.9725,82.9822,43515.0,52229.0,Echolocation,Pipistrellus pipistrellus,0.491,0.566,-1,192000.0,/mnt/ubna_data_04/recover-20241018/UBNA_011/20241015_032000.WAV,recover-20241018,UBNA_011,E18 Bridge
HF,52800.0,11.69929531802219,165.3995,165.4068,47812.0,65906.0,Echolocation,Pipistrellus pipistrellus,0.402,0.507,-1,192000.0,/mnt/ubna_data_04/recover-20241018/UBNA_011/20241017_022000.WAV,recover-20241018,UBNA_011,E18 Bridge
LF,24960.0,10.714866295014541,265.6225,265.636,23750.0,29247.0,Echolocation,Nyctalus leisleri,0.296,0.558,-1,192000.0,/mnt/ubna_data_04/recover-20241018/UBNA_011/20241013_024000.WAV,recover-20241018,UBNA_011,E18 Bridge
HF,45120.0,21.616718683932305,139.0485,139.0558,43515.0,60057.0,Echolocation,Pipistrellus pipistrellus,0.6,0.669,-1,192000.0,/mnt/ubna_data_04/recover-20241018/UBNA_011/20241017_022000.WAV,recover-20241018,UBNA_011,E18 Bridge
HF,48960.0,6.749484156464806,12.3835,12.389,46953.0,58466.0,Echolocation,Pipistrellus pipistrellus,0.513,0.529,-1,192000.0,/mnt/ubna_data_04/recover-20241018/UBNA_011/20241017_021000.WAV,recover-20241018,UBNA_011,E18 Bridge
HF,48000.0,14.648183314472906,251.9635,251.9689,45234.0,61182.0,Echolocation,Pipistrellus pipistrellus,0.505,0.591,-1,192000.0,/mnt/ubna_data_04/recover-20241018/UBNA_011/20241017_022000.WAV,recover-20241018,UBNA_011,E18 Bridge
HF,46080.0,13.723073979500128,9.2735,9.28,43515.0,57911.0,Echolocation,Pipistrellus pipistrellus,0.64,0.692,-1,192000.0,/mnt/ubna_data_04/recover-20241018/UBNA_011/20241017_022000.WAV,recover-20241018,UBNA_011,E18 Bridge
HF,46080.0,11.761370882469887,146.2775,146.2837,44375.0,59973.0,Echolocation,Pipistrellus pipistrellus,0.523,0.667,-1,192000.0,/mnt/ubna_data_04/recover-20241018/UBNA_011/20241015_033000.WAV,recover-20241018,UBNA_011,E18 Bridge
HF,47040.0,13.87779453991222,70.9385,70.9444,46953.0,57562.0,Echolocation,Pipistrellus pipistrellus,0.627,0.674,-1,192000.0,/mnt/ubna_data_04/recover-20241018/UBNA_011/20241017_021000.WAV,recover-20241018,UBNA_011,E18 Bridge
HF,53760.0,12.91374663496651,250.3945,250.3991,43515.0,78774.0,Echolocation,Myotis brandtii,0.215,0.508,-1,192000.0,/mnt/ubna_data_04/recover-20241018/UBNA_011/20241017_020000.WAV,recover-20241018,UBNA_011,E18 Bridge
HF,45120.0,14.983110259430376,67.8145,67.8227,43515.0,58542.0,Echolocation,Pipistrellus pipistrellus,0.535,0.668,-1,192000.0,/mnt/ubna_data_04/recover-20241018/UBNA_011/20241017_022000.WAV,recover-20241018,UBNA_011,E18 Bridge
HF,47040.0,21.11486892855421,194.7655,194.772,44375.0,70925.0,Echolocation,Pipistrellus pipistrellus,0.578,0.696,-1,192000.0,/mnt/ubna_data_04/recover-20241018/UBNA_011/20241017_022000.WAV,recover-20241018,UBNA_011,E18 Bridge
HF,53760.0,18.188344336421718,290.2875,290.2907,44375.0,73486.0,Echolocation,Myotis alcathoe,0.519,0.641,-1,192000.0,/mnt/ubna_data_04/recover-20241018/UBNA_011/20241017_020000.WAV,recover-20241018,UBNA_011,E18 Bridge
HF,48000.0,10.316743391910688,160.8005,160.81,45234.0,61218.0,Echolocation,Pipistrellus pipistrellus,0.441,0.605,-1,192000.0,/mnt/ubna_data_04/recover-20241018/UBNA_011/20241017_021000.WAV,recover-20241018,UBNA_011,E18 Bridge
HF,48000.0,11.62844214826644,289.2315,289.2393,44375.0,61979.0,Echolocation,Pipistrellus pipistrellus,0.314,0.576,-1,192000.0,/mnt/ubna_data_04/recover-20241018/UBNA_011/20241017_021000.WAV,recover-20241018,UBNA_011,E18 Bridge
HF,45120.0,20.018640777806013,189.8265,189.8327,43515.0,65430.0,Echolocation,Pipistrellus pipistrellus,0.596,0.618,-1,192000.0,/mnt/ubna_data_04/recover-20241018/UBNA_011/20241017_021000.WAV,recover-20241018,UBNA_011,E18 Bridge
HF,48960.0,5.142341748716245,12.4465,12.453,47812.0,64460.0,Echolocation,Pipistrellus pipistrellus,0.49,0.553,-1,192000.0,/mnt/ubna_data_04/recover-20241018/UBNA_011/20241017_021000.WAV,recover-20241018,UBNA_011,E18 Bridge
HF,51840.0,23.147812146167063,99.3195,99.3227,43515.0,69473.0,Echolocation,Myotis alcathoe,0.414,0.59,-1,192000.0,/mnt/ubna_data_04/recover-20241018/UBNA_011/20241017_024000.WAV,recover-20241018,UBNA_011,E18 Bridge
HF,48000.0,12.402188131765621,165.5965,165.6046,46953.0,66352.0,Echolocation,Pipistrellus pipistrellus,0.424,0.535,-1,192000.0,/mnt/ubna_data_04/recover-20241018/UBNA_011/20241017_022000.WAV,recover-20241018,UBNA_011,E18 Bridge
HF,53760.0,27.11374786060169,250.7025,250.7069,42656.0,84385.0,Echolocation,Myotis alcathoe,0.26,0.56,-1,192000.0,/mnt/ubna_data_04/recover-20241018/UBNA_011/20241017_020000.WAV,recover-20241018,UBNA_011,E18 Bridge
HF,55680.0,15.426195468605055,238.4845,238.4914,46953.0,68600.0,Echolocation,Pipistrellus pipistrellus,0.564,0.674,-1,192000.0,/mnt/ubna_data_04/recover-20241018/UBNA_011/20241018_020000.WAV,recover-20241018,UBNA_011,E18 Bridge
HF,46080.0,10.413430701880074,9.4775,9.4842,45234.0,56741.0,Echolocation,Pipistrellus pipistrellus,0.612,0.657,-1,192000.0,/mnt/ubna_data_04/recover-20241018/UBNA_011/20241017_022000.WAV,recover-20241018,UBNA_011,E18 Bridge
LF,23040.0,17.005514564310978,44.7415,44.7585,22031.0,27640.0,Echolocation,Nyctalus noctula,0.284,0.569,-1,192000.0,/mnt/ubna_data_04/recover-20241018/UBNA_011/20241014_021000.WAV,recover-20241018,UBNA_011,E18 Bridge
HF,48000.0,7.136358214625856,109.7015,109.7085,46093.0,56694.0,Echolocation,Pipistrellus pipistrellus,0.508,0.572,-1,192000.0,/mnt/ubna_data_04/recover-20241018/UBNA_011/20241017_022000.WAV,recover-20241018,UBNA_011,E18 Bridge
HF,47040.0,17.36894181980679,190.1975,190.2031,42656.0,66516.0,Echolocation,Pipistrellus pipistrellus,0.359,0.587,-1,192000.0,/mnt/ubna_data_04/recover-20241018/UBNA_011/20241017_030000.WAV,recover-20241018,UBNA_011,E18 Bridge
HF,46080.0,9.425637819572408,64.2205,64.2266,44375.0,59717.0,Echolocation,Pipistrellus pipistrellus,0.365,0.52,-1,192000.0,/mnt/ubna_data_04/recover-20241018/UBNA_011/20241018_022000.WAV,recover-20241018,UBNA_011,E18 Bridge
HF,45120.0,22.3549194189199,139.14249999999998,139.149,43515.0,64257.0,Echolocation,Pipistrellus pipistrellus,0.568,0.638,-1,192000.0,/mnt/ubna_data_04/recover-20241018/UBNA_011/20241017_022000.WAV,recover-20241018,UBNA_011,E18 Bridge
HF,46080.0,6.6985864600737965,160.8935,160.905,45234.0,63139.0,Echolocation,Pipistrellus pipistrellus,0.449,0.6,-1,192000.0,/mnt/ubna_data_04/recover-20241018/UBNA_011/20241017_021000.WAV,recover-20241018,UBNA_011,E18 Bridge
HF,51840.0,17.638117478444244,290.4495,290.4534,45234.0,75220.0,Echolocation,Myotis alcathoe,0.456,0.589,-1,192000.0,/mnt/ubna_data_04/recover-20241018/UBNA_011/20241017_020000.WAV,recover-20241018,UBNA_011,E18 Bridge
LF,25920.0,4.951814361110848,133.8755,133.8885,24609.0,29603.0,Echolocation,Nyctalus leisleri,0.321,0.515,-1,192000.0,/mnt/ubna_data_04/recover-20241018/UBNA_011/20241012_080000.WAV,recover-20241018,UBNA_011,E18 Bridge
HF,51840.0,16.60819485322862,194.8565,194.8623,45234.0,72545.0,Echolocation,Pipistrellus pipistrellus,0.573,0.648,-1,192000.0,/mnt/ubna_data_04/recover-20241018/UBNA_011/20241017_022000.WAV,recover-20241018,UBNA_011,E18 Bridge
HF,48000.0,4.416477760298052,193.2755,193.2813,47812.0,56461.0,Echolocation,Pipistrellus pipistrellus,0.537,0.55,-1,192000.0,/mnt/ubna_data_04/recover-20241018/UBNA_011/20241012_041000.WAV,recover-20241018,UBNA_011,E18 Bridge
HF,47040.0,10.188638133478092,99.0255,99.0308,46093.0,61524.0,Echolocation,Pipistrellus pipistrellus,0.593,0.643,-1,192000.0,/mnt/ubna_data_04/recover-20241018/UBNA_011/20241017_021000.WAV,recover-20241018,UBNA_011,E18 Bridge
HF,47040.0,11.432732307733035,146.3695,146.3747,45234.0,57060.0,Echolocation,Pipistrellus pipistrellus,0.503,0.536,-1,192000.0,/mnt/ubna_data_04/recover-20241018/UBNA_011/20241015_033000.WAV,recover-20241018,UBNA_011,E18 Bridge
HF,53760.0,10.483119601332632,289.2965,289.3026,47812.0,67083.0,Echolocation,Pipistrellus pipistrellus,0.433,0.517,-1,192000.0,/mnt/ubna_data_04/recover-20241018/UBNA_011/20241017_021000.WAV,recover-20241018,UBNA_011,E18 Bridge
HF,48960.0,7.949842094430801,252.0425,252.0495,44375.0,62562.0,Echolocation,Pipistrellus pipistrellus,0.488,0.558,-1,192000.0,/mnt/ubna_data_04/recover-20241018/UBNA_011/20241017_022000.WAV,recover-20241018,UBNA_011,E18 Bridge
LF,24960.0,5.8612436077994925,265.8375,265.8506,23750.0,28241.0,Echolocation,Nyctalus leisleri,0.401,0.512,-1,192000.0,/mnt/ubna_data_04/recover-20241018/UBNA_011/20241013_024000.WAV,recover-20241018,UBNA_011,E18 Bridge
HF,48000.0,17.23843053275175,71.0305,71.0376,44375.0,63479.0,Echolocation,Pipistrellus pipistrellus,0.554,0.645,-1,192000.0,/mnt/ubna_data_04/recover-20241018/UBNA_011/20241017_021000.WAV,recover-20241018,UBNA_011,E18 Bridge
HF,45120.0,16.436076835717913,233.8355,233.844,44375.0,61359.0,Echolocation,Pipistrellus pipistrellus,0.571,0.632,-1,192000.0,/mnt/ubna_data_04/recover-20241018/UBNA_011/20241017_021000.WAV,recover-20241018,UBNA_011,E18 Bridge
HF,46080.0,9.242718398051526,47.3985,47.4078,45234.0,61600.0,Echolocation,Pipistrellus pipistrellus,0.477,0.595,-1,192000.0,/mnt/ubna_data_04/recover-20241018/UBNA_011/20241017_022000.WAV,recover-20241018,UBNA_011,E18 Bridge
HF,46080.0,21.7993343138626,83.0635,83.071,43515.0,66859.0,Echolocation,Pipistrellus pipistrellus,0.597,0.68,-1,192000.0,/mnt/ubna_data_04/recover-20241018/UBNA_011/20241015_032000.WAV,recover-20241018,UBNA_011,E18 Bridge
HF,49920.0,13.157915500883014,142.8525,142.85739999999998,48671.0,67455.0,Echolocation,Pipistrellus pipistrellus,0.638,0.672,-1,192000.0,/mnt/ubna_data_04/recover-20241018/UBNA_011/20241017_021000.WAV,recover-20241018,UBNA_011,E18 Bridge
HF,46080.0,13.538337948979358,67.9075,67.9143,45234.0,54418.0,Echolocation,Pipistrellus pipistrellus,0.602,0.641,-1,192000.0,/mnt/ubna_data_04/recover-20241018/UBNA_011/20241017_022000.WAV,recover-20241018,UBNA_011,E18 Bridge
HF,47040.0,17.269054431742884,37.5565,37.5618,44375.0,66079.0,Echolocation,Pipistrellus pipistrellus,0.472,0.595,-1,192000.0,/mnt/ubna_data_04/recover-20241018/UBNA_011/20241017_021000.WAV,recover-20241018,UBNA_011,E18 Bridge
LF,24000.0,7.31653210052961,266.0435,266.0579,23750.0,29377.0,Echolocation,Nyctalus leisleri,0.399,0.545,-1,192000.0,/mnt/ubna_data_04/recover-20241018/UBNA_011/20241013_024000.WAV,recover-20241018,UBNA_011,E18 Bridge
HF,46080.0,9.78502929073307,83.1275,83.1375,44375.0,61452.0,Echolocation,Pipistrellus pipistrellus,0.525,0.608,-1,192000.0,/mnt/ubna_data_04/recover-20241018/UBNA_011/20241015_032000.WAV,recover-20241018,UBNA_011,E18 Bridge
LF,23040.0,15.352093239837398,45.091499999999996,45.1082,22031.0,29155.0,Echolocation,Nyctalus noctula,0.439,0.661,-1,192000.0,/mnt/ubna_data_04/recover-20241018/UBNA_011/20241014_021000.WAV,recover-20241018,UBNA_011,E18 Bridge
HF,45120.0,18.527247646297,290.5315,290.5352,41796.0,75099.0,Echolocation,Myotis alcathoe,0.443,0.574,-1,192000.0,/mnt/ubna_data_04/recover-20241018/UBNA_011/20241017_020000.WAV,recover-20241018,UBNA_011,E18 Bridge
HF,48000.0,17.043146686889823,12.5245,12.5303,46953.0,63212.0,Echolocation,Pipistrellus pipistrellus,0.647,0.729,-1,192000.0,/mnt/ubna_data_04/recover-20241018/UBNA_011/20241017_021000.WAV,recover-20241018,UBNA_011,E18 Bridge
HF,45120.0,16.743224031661438,68.00450000000001,68.0119,44375.0,62226.0,Echolocation,Pipistrellus pipistrellus,0.499,0.592,-1,192000.0,/mnt/ubna_data_04/recover-20241018/UBNA_011/20241017_022000.WAV,recover-20241018,UBNA_011,E18 Bridge
HF,47040.0,10.192673111637943,289.3715,289.3767,46953.0,66201.0,Echolocation,Pipistrellus pipistrellus,0.563,0.63,-1,192000.0,/mnt/ubna_data_04/recover-20241018/UBNA_011/20241017_021000.WAV,recover-20241018,UBNA_011,E18 Bridge
HF,45120.0,13.873356304077333,139.2385,139.2461,44375.0,57904.0,Echolocation,Pipistrellus pipistrellus,0.593,0.654,-1,192000.0,/mnt/ubna_data_04/recover-20241018/UBNA_011/20241017_022000.WAV,recover-20241018,UBNA_011,E18 Bridge
HF,48000.0,17.75786927223134,165.7805,165.78640000000001,44375.0,67972.0,Echolocation,Pipistrellus pipistrellus,0.552,0.622,-1,192000.0,/mnt/ubna_data_04/recover-20241018/UBNA_011/20241017_022000.WAV,recover-20241018,UBNA_011,E18 Bridge
HF,51840.0,7.118337691334046,37.7375,37.7425,48671.0,60743.0,Echolocation,Pipistrellus pipistrellus,0.459,0.515,-1,192000.0,/mnt/ubna_data_04/recover-20241018/UBNA_011/20241017_021000.WAV,recover-20241018,UBNA_011,E18 Bridge
HF,46080.0,9.011085518718707,161.0615,161.0718,45234.0,62681.0,Echolocation,Pipistrellus pipistrellus,0.504,0.563,-1,192000.0,/mnt/ubna_data_04/recover-20241018/UBNA_011/20241017_021000.WAV,recover-20241018,UBNA_011,E18 Bridge
HF,46080.0,20.35215267725642,71.1195,71.1264,44375.0,69703.0,Echolocation,Pipistrellus pipistrellus,0.618,0.726,-1,192000.0,/mnt/ubna_data_04/recover-20241018/UBNA_011/20241017_021000.WAV,recover-20241018,UBNA_011,E18 Bridge
HF,53760.0,20.004820190665605,250.7835,250.7869,45234.0,73155.0,Echolocation,Myotis alcathoe,0.251,0.516,-1,192000.0,/mnt/ubna_data_04/recover-20241018/UBNA_011/20241017_020000.WAV,recover-20241018,UBNA_011,E18 Bridge
HF,48000.0,4.360855952276569,146.5885,146.597,46953.0,61250.0,Echolocation,Pipistrellus pipistrellus,0.461,0.541,-1,192000.0,/mnt/ubna_data_04/recover-20241018/UBNA_011/20241017_021000.WAV,recover-20241018,UBNA_011,E18 Bridge
HF,48960.0,10.686043511022481,64.7285,64.7336,45234.0,58549.0,Echolocation,Pipistrellus pipistrellus,0.529,0.648,-1,192000.0,/mnt/ubna_data_04/recover-20241018/UBNA_011/20241018_022000.WAV,recover-20241018,UBNA_011,E18 Bridge
HF,45120.0,20.422136861354257,234.0265,234.035,45234.0,59355.0,Echolocation,Pipistrellus pipistrellus,0.473,0.643,-1,192000.0,/mnt/ubna_data_04/recover-20241018/UBNA_011/20241017_021000.WAV,recover-20241018,UBNA_011,E18 Bridge
HF,46080.0,11.327635997777712,146.4605,146.4663,45234.0,60713.0,Echolocation,Pipistrellus pipistrellus,0.545,0.696,-1,192000.0,/mnt/ubna_data_04/recover-20241018/UBNA_011/20241015_033000.WAV,recover-20241018,UBNA_011,E18 Bridge
HF,48960.0,9.286599901974597,252.1245,252.1315,46093.0,58569.0,Echolocation,Pipistrellus pipistrellus,0.47,0.53,-1,192000.0,/mnt/ubna_data_04/recover-20241018/UBNA_011/20241017_022000.WAV,recover-20241018,UBNA_011,E18 Bridge
HF,48960.0,25.919038056762655,99.4075,99.4113,42656.0,75098.0,Echolocation,Myotis alcathoe,0.455,0.597,-1,192000.0,/mnt/ubna_data_04/recover-20241018/UBNA_011/20241017_024000.WAV,recover-20241018,UBNA_011,E18 Bridge
HF,55680.0,13.899651509345254,194.9455,194.9505,46953.0,68555.0,Echolocation,Pipistrellus pipistrellus,0.473,0.557,-1,192000.0,/mnt/ubna_data_04/recover-20241018/UBNA_011/20241017_022000.WAV,recover-20241018,UBNA_011,E18 Bridge
HF,45120.0,12.816724773583113,190.2875,190.2953,43515.0,60672.0,Echolocation,Pipistrellus pipistrellus,0.27,0.602,-1,192000.0,/mnt/ubna_data_04/recover-20241018/UBNA_011/20241017_030000.WAV,recover-20241018,UBNA_011,E18 Bridge
HF,47040.0,12.919599471788931,109.7755,109.7813,44375.0,59889.0,Echolocation,Pipistrellus pipistrellus,0.57,0.644,-1,192000.0,/mnt/ubna_data_04/recover-20241018/UBNA_011/20241017_022000.WAV,recover-20241018,UBNA_011,E18 Bridge
HF,46080.0,11.87468564470647,50.1355,50.1404,43515.0,59532.0,Echolocation,Pipistrellus pipistrellus,0.629,0.651,-1,192000.0,/mnt/ubna_data_04/recover-20241018/UBNA_011/20241017_022000.WAV,recover-20241018,UBNA_011,E18 Bridge
HF,52800.0,14.797776847450528,99.0995,99.1048,46953.0,63722.0,Echolocation,Pipistrellus pipistrellus,0.541,0.577,-1,192000.0,/mnt/ubna_data_04/recover-20241018/UBNA_011/20241017_021000.WAV,recover-20241018,UBNA_011,E18 Bridge
HF,45120.0,16.27791032720715,190.0955,190.106,44375.0,62047.0,Echolocation,Pipistrellus pipistrellus,0.412,0.555,-1,192000.0,/mnt/ubna_data_04/recover-20241018/UBNA_011/20241017_021000.WAV,recover-20241018,UBNA_011,E18 Bridge
HF,46080.0,8.11041628509297,193.3805,193.3881,46093.0,55593.0,Echolocation,Pipistrellus pipistrellus,0.518,0.617,-1,192000.0,/mnt/ubna_data_04/recover-20241018/UBNA_011/20241012_041000.WAV,recover-20241018,UBNA_011,E18 Bridge
HF,48000.0,6.362680200398749,9.5845,9.5915,44375.0,54411.0,Echolocation,Pipistrellus pipistrellus,0.486,0.52,-1,192000.0,/mnt/ubna_data_04/recover-20241018/UBNA_011/20241017_022000.WAV,recover-20241018,UBNA_011,E18 Bridge
LF,25920.0,12.975862620293437,134.1175,134.1316,25468.0,28793.0,Echolocation,Nyctalus leisleri,0.474,0.634,-1,192000.0,/mnt/ubna_data_04/recover-20241018/UBNA_011/20241012_080000.WAV,recover-20241018,UBNA_011,E18 Bridge
HF,48960.0,7.328666478069199,238.5765,238.583,46953.0,58402.0,Echolocation,Pipistrellus pipistrellus,0.523,0.537,-1,192000.0,/mnt/ubna_data_04/recover-20241018/UBNA_011/20241018_020000.WAV,recover-20241018,UBNA_011,E18 Bridge
HF,48000.0,9.876188961557457,165.8685,165.8747,46093.0,59590.0,Echolocation,Pipistrellus pipistrellus,0.498,0.581,-1,192000.0,/mnt/ubna_data_04/recover-20241018/UBNA_011/20241017_022000.WAV,recover-20241018,UBNA_011,E18 Bridge
HF,46080.0,17.248745613096126,289.5285,289.5345,43515.0,67367.0,Echolocation,Pipistrellus pipistrellus,0.541,0.657,-1,192000.0,/mnt/ubna_data_04/recover-20241018/UBNA_011/20241017_021000.WAV,recover-20241018,UBNA_011,E18 Bridge
HF,45120.0,6.50661538231243,190.1865,190.1945,44375.0,53555.0,Echolocation,Pipistrellus pipistrellus,0.535,0.577,-1,192000.0,/mnt/ubna_data_04/recover-20241018/UBNA_011/20241017_021000.WAV,recover-20241018,UBNA_011,E18 Bridge
HF,45120.0,20.208254133672696,190.3775,190.3835,41796.0,68871.0,Echolocation,Pipistrellus pipistrellus,0.388,0.539,-1,192000.0,/mnt/ubna_data_04/recover-20241018/UBNA_011/20241017_030000.WAV,recover-20241018,UBNA_011,E18 Bridge
HF,45120.0,5.858915044236053,234.1245,234.1322,44375.0,52052.0,Echolocation,Pipistrellus pipistrellus,0.55,0.572,-1,192000.0,/mnt/ubna_data_04/recover-20241018/UBNA_011/20241017_021000.WAV,recover-20241018,UBNA_011,E18 Bridge
HF,46080.0,14.150406904841763,146.5555,146.56119999999999,44375.0,56572.0,Echolocation,Pipistrellus pipistrellus,0.567,0.606,-1,192000.0,/mnt/ubna_data_04/recover-20241018/UBNA_011/20241015_033000.WAV,recover-20241018,UBNA_011,E18 Bridge
HF,46080.0,18.963903630464234,50.3685,50.376000000000005,45234.0,58813.0,Echolocation,Pipistrellus pipistrellus,0.541,0.66,-1,192000.0,/mnt/ubna_data_04/recover-20241018/UBNA_011/20241017_022000.WAV,recover-20241018,UBNA_011,E18 Bridge
HF,48000.0,15.8651861199691,12.6645,12.6701,46093.0,64888.0,Echolocation,Pipistrellus pipistrellus,0.564,0.638,-1,192000.0,/mnt/ubna_data_04/recover-20241018/UBNA_011/20241017_021000.WAV,recover-20241018,UBNA_011,E18 Bridge
HF,53760.0,18.24228103831485,290.6115,290.6152,44375.0,76768.0,Echolocation,Myotis alcathoe,0.448,0.605,-1,192000.0,/mnt/ubna_data_04/recover-20241018/UBNA_011/20241017_020000.WAV,recover-20241018,UBNA_011,E18 Bridge
HF,49920.0,11.292764451738016,252.1865,252.1913,47812.0,63960.0,Echolocation,Pipistrellus pipistrellus,0.577,0.594,-1,192000.0,/mnt/ubna_data_04/recover-20241018/UBNA_011/20241017_022000.WAV,recover-20241018,UBNA_011,E18 Bridge
HF,46080.0,19.563736981085068,71.4395,71.4468,44375.0,66599.0,Echolocation,Pipistrellus pipistrellus,0.527,0.643,-1,192000.0,/mnt/ubna_data_04/recover-20241018/UBNA_011/20241017_021000.WAV,recover-20241018,UBNA_011,E18 Bridge
LF,25920.0,4.376088448833624,134.3595,134.3722,24609.0,28540.0,Echolocation,Nyctalus leisleri,0.444,0.567,-1,192000.0,/mnt/ubna_data_04/recover-20241018/UBNA_011/20241012_080000.WAV,recover-20241018,UBNA_011,E18 Bridge
HF,47040.0,8.142676531576559,193.4685,193.4748,46093.0,54040.0,Echolocation,Pipistrellus pipistrellus,0.602,0.623,-1,192000.0,/mnt/ubna_data_04/recover-20241018/UBNA_011/20241012_041000.WAV,recover-20241018,UBNA_011,E18 Bridge
HF,47040.0,9.037487804820106,99.1745,99.1808,46093.0,58235.0,Echolocation,Pipistrellus pipistrellus,0.55,0.678,-1,192000.0,/mnt/ubna_data_04/recover-20241018/UBNA_011/20241017_021000.WAV,recover-20241018,UBNA_011,E18 Bridge
HF,54720.0,8.370315565533712,195.1975,195.2025,51250.0,77559.0,Echolocation,Myotis alcathoe,0.293,0.5,-1,192000.0,/mnt/ubna_data_04/recover-20241018/UBNA_011/20241017_022000.WAV,recover-20241018,UBNA_011,E18 Bridge
LF,23040.0,16.781865031886074,45.3595,45.3749,22031.0,28025.0,Echolocation,Nyctalus noctula,0.283,0.603,-1,192000.0,/mnt/ubna_data_04/recover-20241018/UBNA_011/20241014_021000.WAV,recover-20241018,UBNA_011,E18 Bridge
HF,45120.0,10.914195036740226,64.8975,64.9045,44375.0,59147.0,Echolocation,Pipistrellus pipistrellus,0.434,0.628,-1,192000.0,/mnt/ubna_data_04/recover-20241018/UBNA_011/20241018_022000.WAV,recover-20241018,UBNA_011,E18 Bridge
HF,48960.0,8.043982301720463,146.6725,146.681,48671.0,64523.0,Echolocation,Pipistrellus pipistrellus,0.479,0.554,-1,192000.0,/mnt/ubna_data_04/recover-20241018/UBNA_011/20241017_021000.WAV,recover-20241018,UBNA_011,E18 Bridge
HF,46080.0,8.31394991148702,68.1175,68.128,44375.0,50314.0,Echolocation,Pipistrellus pipistrellus,0.459,0.576,-1,192000.0,/mnt/ubna_data_04/recover-20241018/UBNA_011/20241017_022000.WAV,recover-20241018,UBNA_011,E18 Bridge
HF,48960.0,14.85698588305543,238.6715,238.6808,46953.0,70804.0,Echolocation,Pipistrellus pipistrellus,0.515,0.646,-1,192000.0,/mnt/ubna_data_04/recover-20241018/UBNA_011/20241018_020000.WAV,recover-20241018,UBNA_011,E18 Bridge
HF,46080.0,28.065399134101455,99.5865,99.5914,40078.0,75967.0,Echolocation,Myotis alcathoe,0.456,0.566,-1,192000.0,/mnt/ubna_data_04/recover-20241018/UBNA_011/20241017_024000.WAV,recover-20241018,UBNA_011,E18 Bridge
HF,47040.0,12.537332213550618,109.8505,109.8572,46093.0,61192.0,Echolocation,Pipistrellus pipistrellus,0.533,0.598,-1,192000.0,/mnt/ubna_data_04/recover-20241018/UBNA_011/20241017_022000.WAV,recover-20241018,UBNA_011,E18 Bridge
HF,46080.0,8.830410454486866,161.1485,161.15879999999999,46093.0,61304.0,Echolocation,Pipistrellus pipistrellus,0.419,0.604,-1,192000.0,/mnt/ubna_data_04/recover-20241018/UBNA_011/20241017_021000.WAV,recover-20241018,UBNA_011,E18 Bridge
HF,50880.0,15.728881636113488,39.054500000000004,39.0582,45234.0,72557.0,Echolocation,Myotis alcathoe,0.416,0.501,-1,192000.0,/mnt/ubna_data_04/recover-20241018/UBNA_011/20241017_021000.WAV,recover-20241018,UBNA_011,E18 Bridge
HF,47040.0,7.319679419976031,10.3785,10.3834,44375.0,55696.0,Echolocation,Pipistrellus pipistrellus,0.495,0.529,-1,192000.0,/mnt/ubna_data_04/recover-20241018/UBNA_011/20241017_022000.WAV,recover-20241018,UBNA_011,E18 Bridge
HF,53760.0,26.771119460438193,250.8645,250.8688,41796.0,80576.0,Echolocation,Myotis alcathoe,0.244,0.583,-1,192000.0,/mnt/ubna_data_04/recover-20241018/UBNA_011/20241017_020000.WAV,recover-20241018,UBNA_011,E18 Bridge
HF,45120.0,11.237185612835212,83.1925,83.2053,44375.0,58818.0,Echolocation,Pipistrellus pipistrellus,0.422,0.564,-1,192000.0,/mnt/ubna_data_04/recover-20241018/UBNA_011/20241015_032000.WAV,recover-20241018,UBNA_011,E18 Bridge
HF,45120.0,19.238641572665262,139.3355,139.3432,42656.0,61962.0,Echolocation,Pipistrellus pipistrellus,0.61,0.664,-1,192000.0,/mnt/ubna_data_04/recover-20241018/UBNA_011/20241017_022000.WAV,recover-20241018,UBNA_011,E18 Bridge
LF,24960.0,10.606227481984394,267.2545,267.2708,23750.0,26976.0,Echolocation,Nyctalus leisleri,0.443,0.521,-1,192000.0,/mnt/ubna_data_04/recover-20241018/UBNA_011/20241013_024000.WAV,recover-20241018,UBNA_011,E18 Bridge
HF,52800.0,20.553332471966215,290.7735,290.7772,42656.0,81177.0,Echolocation,Myotis alcathoe,0.496,0.606,-1,192000.0,/mnt/ubna_data_04/recover-20241018/UBNA_011/20241017_020000.WAV,recover-20241018,UBNA_011,E18 Bridge
HF,46080.0,13.211854210667767,190.4675,190.4741,44375.0,64022.0,Echolocation,Pipistrellus pipistrellus,0.459,0.623,-1,192000.0,/mnt/ubna_data_04/recover-20241018/UBNA_011/20241017_030000.WAV,recover-20241018,UBNA_011,E18 Bridge
HF,53760.0,16.50198861737157,195.4985,195.5031,49531.0,68811.0,Echolocation,Pipistrellus pipistrellus,0.5,0.602,-1,192000.0,/mnt/ubna_data_04/recover-20241018/UBNA_011/20241017_022000.WAV,recover-20241018,UBNA_011,E18 Bridge
HF,47040.0,23.72415474118402,99.6835,99.687,43515.0,69816.0,Echolocation,Myotis alcathoe,0.359,0.56,-1,192000.0,/mnt/ubna_data_04/recover-20241018/UBNA_011/20241017_024000.WAV,recover-20241018,UBNA_011,E18 Bridge
HF,47040.0,3.7742607179837453,10.4575,10.4646,44375.0,61603.0,Echolocation,Pipistrellus pipistrellus,0.371,0.502,-1,192000.0,/mnt/ubna_data_04/recover-20241018/UBNA_011/20241017_022000.WAV,recover-20241018,UBNA_011,E18 Bridge
HF,46080.0,13.48272622839577,50.5655,50.5754,44375.0,58958.0,Echolocation,Pipistrellus pipistrellus,0.593,0.707,-1,192000.0,/mnt/ubna_data_04/recover-20241018/UBNA_011/20241017_022000.WAV,recover-20241018,UBNA_011,E18 Bridge
HF,45120.0,10.946897139099022,68.2105,68.219,44375.0,61929.0,Echolocation,Pipistrellus pipistrellus,0.629,0.67,-1,192000.0,/mnt/ubna_data_04/recover-20241018/UBNA_011/20241017_022000.WAV,recover-20241018,UBNA_011,E18 Bridge
HF,52800.0,11.198569611698414,12.7735,12.7791,45234.0,67816.0,Echolocation,Pipistrellus pipistrellus,0.433,0.58,-1,192000.0,/mnt/ubna_data_04/recover-20241018/UBNA_011/20241017_021000.WAV,recover-20241018,UBNA_011,E18 Bridge
HF,45120.0,11.943111812551308,83.3305,83.3419,43515.0,64397.0,Echolocation,Pipistrellus pipistrellus,0.525,0.612,-1,192000.0,/mnt/ubna_data_04/recover-20241018/UBNA_011/20241015_032000.WAV,recover-20241018,UBNA_011,E18 Bridge
HF,48000.0,14.972336330707128,109.9265,109.9319,44375.0,60531.0,Echolocation,Pipistrellus pipistrellus,0.594,0.667,-1,192000.0,/mnt/ubna_data_04/recover-20241018/UBNA_011/20241017_022000.WAV,recover-20241018,UBNA_011,E18 Bridge
HF,46080.0,9.760745711048378,161.3265,161.3374,45234.0,63229.0,Echolocation,Pipistrellus pipistrellus,0.494,0.613,-1,192000.0,/mnt/ubna_data_04/recover-20241018/UBNA_011/20241017_021000.WAV,recover-20241018,UBNA_011,E18 Bridge
HF,48000.0,13.192847942348456,146.8415,146.8474,46953.0,63056.0,Echolocation,Pipistrellus pipistrellus,0.604,0.687,-1,192000.0,/mnt/ubna_data_04/recover-20241018/UBNA_011/20241017_021000.WAV,recover-20241018,UBNA_011,E18 Bridge
HF,47040.0,10.115569433271965,193.5595,193.5665,46953.0,57263.0,Echolocation,Pipistrellus pipistrellus,0.535,0.625,-1,192000.0,/mnt/ubna_data_04/recover-20241018/UBNA_011/20241012_041000.WAV,recover-20241018,UBNA_011,E18 Bridge
HF,46080.0,16.559580153153835,99.2535,99.2594,43515.0,62751.0,Echolocation,Pipistrellus pipistrellus,0.648,0.69,-1,192000.0,/mnt/ubna_data_04/recover-20241018/UBNA_011/20241017_021000.WAV,recover-20241018,UBNA_011,E18 Bridge
HF,46080.0,7.774733368105268,71.5335,71.5401,45234.0,56897.0,Echolocation,Pipistrellus pipistrellus,0.535,0.547,-1,192000.0,/mnt/ubna_data_04/recover-20241018/UBNA_011/20241017_021000.WAV,recover-20241018,UBNA_011,E18 Bridge
HF,53760.0,25.590997553671322,250.9305,250.9344,43515.0,83017.0,Echolocation,Myotis alcathoe,0.366,0.626,-1,192000.0,/mnt/ubna_data_04/recover-20241018/UBNA_011/20241017_020000.WAV,recover-20241018,UBNA_011,E18 Bridge
HF,48000.0,9.317474108124546,252.2645,252.27100000000002,47812.0,61763.0,Echolocation,Pipistrellus pipistrellus,0.559,0.663,-1,192000.0,/mnt/ubna_data_04/recover-20241018/UBNA_011/20241017_022000.WAV,recover-20241018,UBNA_011,E18 Bridge
HF,46080.0,22.434125859925338,165.9575,165.9639,44375.0,68434.0,Echolocation,Pipistrellus pipistrellus,0.564,0.667,-1,192000.0,/mnt/ubna_data_04/recover-20241018/UBNA_011/20241017_022000.WAV,recover-20241018,UBNA_011,E18 Bridge
HF,45120.0,15.93935576156851,139.5355,139.5443,43515.0,61871.0,Echolocation,Pipistrellus pipistrellus,0.567,0.688,-1,192000.0,/mnt/ubna_data_04/recover-20241018/UBNA_011/20241017_022000.WAV,recover-20241018,UBNA_011,E18 Bridge
LF,23040.0,20.367032183051332,45.7025,45.7189,22890.0,28738.0,Echolocation,Nyctalus noctula,0.283,0.6,-1,192000.0,/mnt/ubna_data_04/recover-20241018/UBNA_011/20241014_021000.WAV,recover-20241018,UBNA_011,E18 Bridge
HF,48960.0,6.23226614619981,190.5365,190.5413,46093.0,56915.0,Echolocation,Pipistrellus pipistrellus,0.531,0.557,-1,192000.0,/mnt/ubna_data_04/recover-20241018/UBNA_011/20241017_021000.WAV,recover-20241018,UBNA_011,E18 Bridge
HF,47040.0,16.27136250601799,146.6445,146.6502,45234.0,60456.0,Echolocation,Pipistrellus pipistrellus,0.629,0.733,-1,192000.0,/mnt/ubna_data_04/recover-20241018/UBNA_011/20241015_033000.WAV,recover-20241018,UBNA_011,E18 Bridge
HF,55680.0,17.73081320365374,39.2345,39.2381,46093.0,76012.0,Echolocation,Myotis alcathoe,0.455,0.518,-1,192000.0,/mnt/ubna_data_04/recover-20241018/UBNA_011/20241017_021000.WAV,recover-20241018,UBNA_011,E18 Bridge
LF,24000.0,12.346888594890599,267.4925,267.5089,23750.0,27850.0,Echolocation,Nyctalus leisleri,0.43,0.571,-1,192000.0,/mnt/ubna_data_04/recover-20241018/UBNA_011/20241013_024000.WAV,recover-20241018,UBNA_011,E18 Bridge
HF,45120.0,20.67080343703044,234.2135,234.2218,43515.0,60449.0,Echolocation,Pipistrellus pipistrellus,0.638,0.711,-1,192000.0,/mnt/ubna_data_04/recover-20241018/UBNA_011/20241017_021000.WAV,recover-20241018,UBNA_011,E18 Bridge
HF,46080.0,20.46407934671411,289.6925,289.6993,44375.0,69639.0,Echolocation,Pipistrellus pipistrellus,0.612,0.707,-1,192000.0,/mnt/ubna_data_04/recover-20241018/UBNA_011/20241017_021000.WAV,recover-20241018,UBNA_011,E18 Bridge
HF,48000.0,16.80802926794696,238.8625,238.8725,46093.0,70127.0,Echolocation,Pipistrellus pipistrellus,0.487,0.643,-1,192000.0,/mnt/ubna_data_04/recover-20241018/UBNA_011/20241018_020000.WAV,recover-20241018,UBNA_011,E18 Bridge
LF,25920.0,9.598219191200785,267.7265,267.7419,23750.0,28495.0,Echolocation,Nyctalus leisleri,0.361,0.59,-1,192000.0,/mnt/ubna_data_04/recover-20241018/UBNA_011/20241013_024000.WAV,recover-20241018,UBNA_011,E18 Bridge
HF,45120.0,13.165337979183658,71.7165,71.7245,43515.0,64029.0,Echolocation,Pipistrellus pipistrellus,0.392,0.529,-1,192000.0,/mnt/ubna_data_04/recover-20241018/UBNA_011/20241017_021000.WAV,recover-20241018,UBNA_011,E18 Bridge
HF,47040.0,16.723664838325767,39.7205,39.7295,46093.0,64435.0,Echolocation,Pipistrellus pipistrellus,0.421,0.599,-1,192000.0,/mnt/ubna_data_04/recover-20241018/UBNA_011/20241017_021000.WAV,recover-20241018,UBNA_011,E18 Bridge
HF,46080.0,12.166179258382721,50.7795,50.790099999999995,44375.0,60463.0,Echolocation,Pipistrellus pipistrellus,0.563,0.731,-1,192000.0,/mnt/ubna_data_04/recover-20241018/UBNA_011/20241017_022000.WAV,recover-20241018,UBNA_011,E18 Bridge
HF,47040.0,18.00126941611764,99.3335,99.342,44375.0,65247.0,Echolocation,Pipistrellus pipistrellus,0.512,0.683,-1,192000.0,/mnt/ubna_data_04/recover-20241018/UBNA_011/20241017_021000.WAV,recover-20241018,UBNA_011,E18 Bridge
HF,53760.0,14.912451048597614,195.5755,195.5814,44375.0,76137.0,Echolocation,Pipistrellus pipistrellus,0.411,0.592,-1,192000.0,/mnt/ubna_data_04/recover-20241018/UBNA_011/20241017_022000.WAV,recover-20241018,UBNA_011,E18 Bridge
HF,47040.0,23.05106336929922,290.85450000000003,290.8586,40937.0,80565.0,Echolocation,Myotis alcathoe,0.499,0.611,-1,192000.0,/mnt/ubna_data_04/recover-20241018/UBNA_011/20241017_020000.WAV,recover-20241018,UBNA_011,E18 Bridge
HF,47040.0,12.552154931808225,146.9255,146.934,46953.0,62717.0,Echolocation,Pipistrellus pipistrellus,0.498,0.666,-1,192000.0,/mnt/ubna_data_04/recover-20241018/UBNA_011/20241017_021000.WAV,recover-20241018,UBNA_011,E18 Bridge
HF,48000.0,10.373995119161242,146.7435,146.7486,46093.0,57907.0,Echolocation,Pipistrellus pipistrellus,0.513,0.574,-1,192000.0,/mnt/ubna_data_04/recover-20241018/UBNA_011/20241015_033000.WAV,recover-20241018,UBNA_011,E18 Bridge
HF,45120.0,16.549483457464763,139.6335,139.6459,43515.0,59416.0,Echolocation,Pipistrellus pipistrellus,0.487,0.619,-1,192000.0,/mnt/ubna_data_04/recover-20241018/UBNA_011/20241017_022000.WAV,recover-20241018,UBNA_011,E18 Bridge
HF,48960.0,10.388727192185769,239.0605,239.0704,47812.0,66477.0,Echolocation,Pipistrellus pipistrellus,0.441,0.561,-1,192000.0,/mnt/ubna_data_04/recover-20241018/UBNA_011/20241018_020000.WAV,recover-20241018,UBNA_011,E18 Bridge
HF,47040.0,9.063086418438658,252.4385,252.4453,45234.0,59339.0,Echolocation,Pipistrellus pipistrellus,0.533,0.642,-1,192000.0,/mnt/ubna_data_04/recover-20241018/UBNA_011/20241017_022000.WAV,recover-20241018,UBNA_011,E18 Bridge
HF,46080.0,20.52997113245005,190.5575,190.5637,41796.0,66469.0,Echolocation,Pipistrellus pipistrellus,0.196,0.531,-1,192000.0,/mnt/ubna_data_04/recover-20241018/UBNA_011/20241017_030000.WAV,recover-20241018,UBNA_011,E18 Bridge
HF,47040.0,18.276649541092965,110.0815,110.08709999999999,45234.0,63874.0,Echolocation,Pipistrellus pipistrellus,0.615,0.666,-1,192000.0,/mnt/ubna_data_04/recover-20241018/UBNA_011/20241017_022000.WAV,recover-20241018,UBNA_011,E18 Bridge
HF,46080.0,13.023726082896115,289.7775,289.7835,44375.0,61274.0,Echolocation,Pipistrellus pipistrellus,0.406,0.584,-1,192000.0,/mnt/ubna_data_04/recover-20241018/UBNA_011/20241017_021000.WAV,recover-20241018,UBNA_011,E18 Bridge
HF,45120.0,2.6142168123956027,234.3195,234.3264,45234.0,54436.0,Echolocation,Pipistrellus pipistrellus,0.577,0.597,-1,192000.0,/mnt/ubna_data_04/recover-20241018/UBNA_011/20241017_021000.WAV,recover-20241018,UBNA_011,E18 Bridge
HF,48000.0,10.755635413458212,190.6065,190.6117,45234.0,57478.0,Echolocation,Pipistrellus pipistrellus,0.565,0.619,-1,192000.0,/mnt/ubna_data_04/recover-20241018/UBNA_011/20241017_021000.WAV,recover-20241018,UBNA_011,E18 Bridge
HF,47040.0,11.996136692839784,166.0515,166.0571,45234.0,58249.0,Echolocation,Pipistrellus pipistrellus,0.527,0.564,-1,192000.0,/mnt/ubna_data_04/recover-20241018/UBNA_011/20241017_022000.WAV,recover-20241018,UBNA_011,E18 Bridge
LF,23040.0,19.64359155187088,46.063500000000005,46.0796,22031.0,28588.0,Echolocation,Nyctalus noctula,0.242,0.575,-1,192000.0,/mnt/ubna_data_04/recover-20241018/UBNA_011/20241014_021000.WAV,recover-20241018,UBNA_011,E18 Bridge
HF,46080.0,12.68701110943818,68.3105,68.3193,44375.0,57265.0,Echolocation,Pipistrellus pipistrellus,0.534,0.64,-1,192000.0,/mnt/ubna_data_04/recover-20241018/UBNA_011/20241017_022000.WAV,recover-20241018,UBNA_011,E18 Bridge
HF,48000.0,8.576252881015314,12.9045,12.9114,46093.0,64590.0,Echolocation,Pipistrellus pipistrellus,0.64,0.709,-1,192000.0,/mnt/ubna_data_04/recover-20241018/UBNA_011/20241017_021000.WAV,recover-20241018,UBNA_011,E18 Bridge
HF,52800.0,21.81595050664075,251.0025,251.0066,42656.0,78174.0,Echolocation,Myotis brandtii,0.247,0.51,-1,192000.0,/mnt/ubna_data_04/recover-20241018/UBNA_011/20241017_020000.WAV,recover-20241018,UBNA_011,E18 Bridge
HF,47040.0,4.468312443321499,10.5365,10.542,45234.0,62130.0,Echolocation,Pipistrellus pipistrellus,0.451,0.514,-1,192000.0,/mnt/ubna_data_04/recover-20241018/UBNA_011/20241017_022000.WAV,recover-20241018,UBNA_011,E18 Bridge
HF,50880.0,10.419861423330586,99.8155,99.8188,45234.0,65117.0,Echolocation,Myotis alcathoe,0.351,0.533,-1,192000.0,/mnt/ubna_data_04/recover-20241018/UBNA_011/20241017_024000.WAV,recover-20241018,UBNA_011,E18 Bridge
HF,45120.0,12.290099701091854,161.5195,161.5324,44375.0,62184.0,Echolocation,Pipistrellus pipistrellus,0.4,0.514,-1,192000.0,/mnt/ubna_data_04/recover-20241018/UBNA_011/20241017_021000.WAV,recover-20241018,UBNA_011,E18 Bridge
HF,45120.0,11.888366457610777,161.8095,161.8214,44375.0,62981.0,Echolocation,Pipistrellus pipistrellus,0.488,0.604,-1,192000.0,/mnt/ubna_data_04/recover-20241018/UBNA_011/20241017_021000.WAV,recover-20241018,UBNA_011,E18 Bridge
HF,46080.0,9.95141783964665,190.6485,190.6577,44375.0,62021.0,Echolocation,Pipistrellus pipistrellus,0.303,0.616,-1,192000.0,/mnt/ubna_data_04/recover-20241018/UBNA_011/20241017_030000.WAV,recover-20241018,UBNA_011,E18 Bridge
HF,45120.0,18.15126150120095,289.8655,289.8727,42656.0,67752.0,Echolocation,Pipistrellus pipistrellus,0.419,0.61,-1,192000.0,/mnt/ubna_data_04/recover-20241018/UBNA_011/20241017_021000.WAV,recover-20241018,UBNA_011,E18 Bridge
HF,53760.0,7.339835583963035,239.1555,239.1649,48671.0,64466.0,Echolocation,Pipistrellus pipistrellus,0.479,0.573,-1,192000.0,/mnt/ubna_data_04/recover-20241018/UBNA_011/20241018_020000.WAV,recover-20241018,UBNA_011,E18 Bridge
HF,45120.0,21.780322547845202,234.5815,234.58859999999999,43515.0,57839.0,Echolocation,Pipistrellus pipistrellus,0.637,0.689,-1,192000.0,/mnt/ubna_data_04/recover-20241018/UBNA_011/20241017_021000.WAV,recover-20241018,UBNA_011,E18 Bridge
HF,48000.0,8.847250985821072,39.8155,39.8209,46953.0,56478.0,Echolocation,Pipistrellus pipistrellus,0.442,0.511,-1,192000.0,/mnt/ubna_data_04/recover-20241018/UBNA_011/20241017_021000.WAV,recover-20241018,UBNA_011,E18 Bridge
HF,48000.0,8.924992219387866,147.0125,147.0182,46093.0,60635.0,Echolocation,Pipistrellus pipistrellus,0.544,0.61,-1,192000.0,/mnt/ubna_data_04/recover-20241018/UBNA_011/20241017_021000.WAV,recover-20241018,UBNA_011,E18 Bridge
HF,46080.0,6.831441893764288,166.1375,166.1441,45234.0,58266.0,Echolocation,Pipistrellus pipistrellus,0.475,0.565,-1,192000.0,/mnt/ubna_data_04/recover-20241018/UBNA_011/20241017_022000.WAV,recover-20241018,UBNA_011,E18 Bridge
LF,23040.0,18.11486350736149,46.4035,46.4221,22031.0,28096.0,Echolocation,Nyctalus noctula,0.244,0.521,-1,192000.0,/mnt/ubna_data_04/recover-20241018/UBNA_011/20241014_021000.WAV,recover-20241018,UBNA_011,E18 Bridge
HF,47040.0,14.152428437369958,139.7695,139.7754,45234.0,58072.0,Echolocation,Pipistrellus pipistrellus,0.602,0.658,-1,192000.0,/mnt/ubna_data_04/recover-20241018/UBNA_011/20241017_022000.WAV,recover-20241018,UBNA_011,E18 Bridge
HF,47040.0,16.934735085991385,99.4195,99.4261,44375.0,61506.0,Echolocation,Pipistrellus pipistrellus,0.482,0.598,-1,192000.0,/mnt/ubna_data_04/recover-20241018/UBNA_011/20241017_021000.WAV,recover-20241018,UBNA_011,E18 Bridge
HF,48000.0,7.807760790191571,10.7625,10.768,45234.0,60246.0,Echolocation,Pipistrellus pipistrellus,0.474,0.594,-1,192000.0,/mnt/ubna_data_04/recover-20241018/UBNA_011/20241017_022000.WAV,recover-20241018,UBNA_011,E18 Bridge
HF,47040.0,16.15884778019676,12.9805,12.9864,45234.0,64499.0,Echolocation,Pipistrellus pipistrellus,0.608,0.704,-1,192000.0,/mnt/ubna_data_04/recover-20241018/UBNA_011/20241017_021000.WAV,recover-20241018,UBNA_011,E18 Bridge
HF,46080.0,10.613237923347047,71.8325,71.8402,44375.0,60940.0,Echolocation,Pipistrellus pipistrellus,0.508,0.567,-1,192000.0,/mnt/ubna_data_04/recover-20241018/UBNA_011/20241017_021000.WAV,recover-20241018,UBNA_011,E18 Bridge
HF,53760.0,16.175209282242346,99.8945,99.8984,43515.0,68530.0,Echolocation,Myotis alcathoe,0.399,0.573,-1,192000.0,/mnt/ubna_data_04/recover-20241018/UBNA_011/20241017_024000.WAV,recover-20241018,UBNA_011,E18 Bridge
HF,48000.0,15.694490719106472,110.1635,110.1692,45234.0,62750.0,Echolocation,Pipistrellus pipistrellus,0.508,0.62,-1,192000.0,/mnt/ubna_data_04/recover-20241018/UBNA_011/20241017_022000.WAV,recover-20241018,UBNA_011,E18 Bridge
HF,48960.0,11.25901894271069,191.3755,191.3816,45234.0,64633.0,Echolocation,Pipistrellus pipistrellus,0.424,0.55,-1,192000.0,/mnt/ubna_data_04/recover-20241018/UBNA_011/20241017_021000.WAV,recover-20241018,UBNA_011,E18 Bridge
HF,48960.0,11.893729238007076,252.5285,252.536,46953.0,59610.0,Echolocation,Pipistrellus pipistrellus,0.535,0.591,-1,192000.0,/mnt/ubna_data_04/recover-20241018/UBNA_011/20241017_022000.WAV,recover-20241018,UBNA_011,E18 Bridge
HF,48000.0,7.7421080232976545,146.8045,146.8109,46953.0,58390.0,Echolocation,Pipistrellus pipistrellus,0.57,0.6,-1,192000.0,/mnt/ubna_data_04/recover-20241018/UBNA_011/20241015_033000.WAV,recover-20241018,UBNA_011,E18 Bridge
HF,53760.0,10.97976663626878,195.6545,195.6604,48671.0,66226.0,Echolocation,Pipistrellus pipistrellus,0.525,0.632,-1,192000.0,/mnt/ubna_data_04/recover-20241018/UBNA_011/20241017_022000.WAV,recover-20241018,UBNA_011,E18 Bridge
HF,48960.0,26.69259051494076,251.1515,251.1562,43515.0,81486.0,Echolocation,Myotis alcathoe,0.346,0.564,-1,192000.0,/mnt/ubna_data_04/recover-20241018/UBNA_011/20241017_020000.WAV,recover-20241018,UBNA_011,E18 Bridge
HF,46080.0,9.97758437412246,68.4005,68.413,44375.0,59802.0,Echolocation,Pipistrellus pipistrellus,0.488,0.625,-1,192000.0,/mnt/ubna_data_04/recover-20241018/UBNA_011/20241017_022000.WAV,recover-20241018,UBNA_011,E18 Bridge
HF,46080.0,14.307674804600737,50.9815,50.988299999999995,44375.0,54097.0,Echolocation,Pipistrellus pipistrellus,0.544,0.61,-1,192000.0,/mnt/ubna_data_04/recover-20241018/UBNA_011/20241017_022000.WAV,recover-20241018,UBNA_011,E18 Bridge
HF,47040.0,24.374122943073537,290.9345,290.9391,42656.0,83086.0,Echolocation,Myotis alcathoe,0.466,0.567,-1,192000.0,/mnt/ubna_data_04/recover-20241018/UBNA_011/20241017_020000.WAV,recover-20241018,UBNA_011,E18 Bridge
HF,45120.0,17.820852714698944,68.4865,68.4963,44375.0,63488.0,Echolocation,Pipistrellus pipistrellus,0.485,0.632,-1,192000.0,/mnt/ubna_data_04/recover-20241018/UBNA_011/20241017_022000.WAV,recover-20241018,UBNA_011,E18 Bridge
HF,47040.0,7.700268169726887,289.9585,289.966,46953.0,56762.0,Echolocation,Pipistrellus pipistrellus,0.474,0.544,-1,192000.0,/mnt/ubna_data_04/recover-20241018/UBNA_011/20241017_021000.WAV,recover-20241018,UBNA_011,E18 Bridge
HF,46080.0,23.148912207020366,166.2295,166.2366,41796.0,66862.0,Echolocation,Pipistrellus pipistrellus,0.46,0.621,-1,192000.0,/mnt/ubna_data_04/recover-20241018/UBNA_011/20241017_022000.WAV,recover-20241018,UBNA_011,E18 Bridge
HF,52800.0,13.416193415719723,100.0655,100.0708,46953.0,63496.0,Echolocation,Pipistrellus pipistrellus,0.32,0.537,-1,192000.0,/mnt/ubna_data_04/recover-20241018/UBNA_011/20241017_024000.WAV,recover-20241018,UBNA_011,E18 Bridge
HF,51840.0,19.763737921231453,195.7315,195.738,44375.0,79773.0,Echolocation,Pipistrellus pipistrellus,0.477,0.565,-1,192000.0,/mnt/ubna_data_04/recover-20241018/UBNA_011/20241017_022000.WAV,recover-20241018,UBNA_011,E18 Bridge
HF,46080.0,12.842953720340315,252.6225,252.6291,45234.0,58065.0,Echolocation,Pipistrellus pipistrellus,0.579,0.627,-1,192000.0,/mnt/ubna_data_04/recover-20241018/UBNA_011/20241017_022000.WAV,recover-20241018,UBNA_011,E18 Bridge
HF,45120.0,10.596435752970894,234.6835,234.6903,44375.0,52300.0,Echolocation,Pipistrellus pipistrellus,0.635,0.674,-1,192000.0,/mnt/ubna_data_04/recover-20241018/UBNA_011/20241017_021000.WAV,recover-20241018,UBNA_011,E18 Bridge
HF,45120.0,19.649702682897416,190.7405,190.748,41796.0,67453.0,Echolocation,Pipistrellus pipistrellus,0.351,0.581,-1,192000.0,/mnt/ubna_data_04/recover-20241018/UBNA_011/20241017_030000.WAV,recover-20241018,UBNA_011,E18 Bridge
HF,48000.0,15.208630258777426,13.1415,13.1487,44375.0,64869.0,Echolocation,Pipistrellus pipistrellus,0.556,0.677,-1,192000.0,/mnt/ubna_data_04/recover-20241018/UBNA_011/20241017_021000.WAV,recover-20241018,UBNA_011,E18 Bridge
HF,48000.0,13.884975993936004,147.1705,147.1769,46953.0,65798.0,Echolocation,Pipistrellus pipistrellus,0.614,0.684,-1,192000.0,/mnt/ubna_data_04/recover-20241018/UBNA_011/20241017_021000.WAV,recover-20241018,UBNA_011,E18 Bridge
HF,48000.0,15.887084665698694,39.9065,39.9109,46953.0,64381.0,Echolocation,Pipistrellus pipistrellus,0.514,0.612,-1,192000.0,/mnt/ubna_data_04/recover-20241018/UBNA_011/20241017_021000.WAV,recover-20241018,UBNA_011,E18 Bridge
HF,48000.0,11.095779689307024,139.8325,139.8377,45234.0,59644.0,Echolocation,Pipistrellus pipistrellus,0.534,0.57,-1,192000.0,/mnt/ubna_data_04/recover-20241018/UBNA_011/20241017_022000.WAV,recover-20241018,UBNA_011,E18 Bridge
HF,45120.0,7.219565291293498,268.3125,268.3245,44375.0,57386.0,Echolocation,Pipistrellus pipistrellus,0.346,0.507,-1,192000.0,/mnt/ubna_data_04/recover-20241018/UBNA_011/20241017_020000.WAV,recover-20241018,UBNA_011,E18 Bridge
HF,52800.0,19.56731471630451,99.5035,99.5097,45234.0,65921.0,Echolocation,Pipistrellus pipistrellus,0.512,0.617,-1,192000.0,/mnt/ubna_data_04/recover-20241018/UBNA_011/20241017_021000.WAV,recover-20241018,UBNA_011,E18 Bridge
HF,48000.0,6.802248636898252,71.9115,71.9226,46953.0,58074.0,Echolocation,Pipistrellus pipistrellus,0.492,0.527,-1,192000.0,/mnt/ubna_data_04/recover-20241018/UBNA_011/20241017_021000.WAV,recover-20241018,UBNA_011,E18 Bridge
HF,48000.0,9.417246525487625,146.9265,146.93110000000001,44375.0,61319.0,Echolocation,Pipistrellus pipistrellus,0.377,0.505,-1,192000.0,/mnt/ubna_data_04/recover-20241018/UBNA_011/20241015_033000.WAV,recover-20241018,UBNA_011,E18 Bridge
HF,52800.0,10.84936806536339,10.8795,10.8863,46953.0,65580.0,Echolocation,Pipistrellus pipistrellus,0.485,0.562,-1,192000.0,/mnt/ubna_data_04/recover-20241018/UBNA_011/20241017_022000.WAV,recover-20241018,UBNA_011,E18 Bridge
HF,46080.0,11.529258598420016,51.191500000000005,51.1978,44375.0,57274.0,Echolocation,Pipistrellus pipistrellus,0.676,0.712,-1,192000.0,/mnt/ubna_data_04/recover-20241018/UBNA_011/20241017_022000.WAV,recover-20241018,UBNA_011,E18 Bridge
LF,23040.0,22.06875211581099,46.6365,46.6552,22031.0,28751.0,Echolocation,Nyctalus noctula,0.473,0.676,-1,192000.0,/mnt/ubna_data_04/recover-20241018/UBNA_011/20241014_021000.WAV,recover-20241018,UBNA_011,E18 Bridge
HF,47040.0,18.94901487286611,291.1125,291.1164,41796.0,75314.0,Echolocation,Myotis alcathoe,0.417,0.586,-1,192000.0,/mnt/ubna_data_04/recover-20241018/UBNA_011/20241017_020000.WAV,recover-20241018,UBNA_011,E18 Bridge
HF,48960.0,9.979635966077094,239.2485,239.2592,46953.0,68427.0,Echolocation,Pipistrellus pipistrellus,0.463,0.604,-1,192000.0,/mnt/ubna_data_04/recover-20241018/UBNA_011/20241018_020000.WAV,recover-20241018,UBNA_011,E18 Bridge
HF,48000.0,19.9155311375769,110.24549999999999,110.2517,43515.0,66193.0,Echolocation,Pipistrellus pipistrellus,0.631,0.704,-1,192000.0,/mnt/ubna_data_04/recover-20241018/UBNA_011/20241017_022000.WAV,recover-20241018,UBNA_011,E18 Bridge
HF,48000.0,20.239378728020068,191.4495,191.4545,44375.0,66914.0,Echolocation,Pipistrellus pipistrellus,0.49,0.553,-1,192000.0,/mnt/ubna_data_04/recover-20241018/UBNA_011/20241017_021000.WAV,recover-20241018,UBNA_011,E18 Bridge
HF,47040.0,9.469251068942102,164.3605,164.3714,45234.0,60822.0,Echolocation,Pipistrellus pipistrellus,0.438,0.551,-1,192000.0,/mnt/ubna_data_04/recover-20241018/UBNA_011/20241017_021000.WAV,recover-20241018,UBNA_011,E18 Bridge
LF,23040.0,22.321698175077053,46.9985,47.0178,22031.0,27472.0,Echolocation,Nyctalus noctula,0.266,0.564,-1,192000.0,/mnt/ubna_data_04/recover-20241018/UBNA_011/20241014_021000.WAV,recover-20241018,UBNA_011,E18 Bridge
HF,45120.0,13.528805765986478,234.77949999999998,234.7879,43515.0,59568.0,Echolocation,Pipistrellus pipistrellus,0.617,0.686,-1,192000.0,/mnt/ubna_data_04/recover-20241018/UBNA_011/20241017_021000.WAV,recover-20241018,UBNA_011,E18 Bridge
HF,47040.0,14.762711482807834,195.7995,195.8053,44375.0,79921.0,Echolocation,Pipistrellus pipistrellus,0.373,0.555,-1,192000.0,/mnt/ubna_data_04/recover-20241018/UBNA_011/20241017_022000.WAV,recover-20241018,UBNA_011,E18 Bridge
HF,51840.0,10.931099476939131,139.8885,139.894,46953.0,60438.0,Echolocation,Pipistrellus pipistrellus,0.584,0.613,-1,192000.0,/mnt/ubna_data_04/recover-20241018/UBNA_011/20241017_022000.WAV,recover-20241018,UBNA_011,E18 Bridge
HF,46080.0,15.965437760446823,166.4255,166.4344,44375.0,63783.0,Echolocation,Pipistrellus pipistrellus,0.52,0.668,-1,192000.0,/mnt/ubna_data_04/recover-20241018/UBNA_011/20241017_022000.WAV,recover-20241018,UBNA_011,E18 Bridge
HF,52800.0,7.979682431729281,10.9435,10.9477,50390.0,67412.0,Echolocation,Pipistrellus pipistrellus,0.422,0.513,-1,192000.0,/mnt/ubna_data_04/recover-20241018/UBNA_011/20241017_022000.WAV,recover-20241018,UBNA_011,E18 Bridge
HF,46080.0,15.899462070733199,252.7135,252.7206,45234.0,58360.0,Echolocation,Pipistrellus pipistrellus,0.556,0.605,-1,192000.0,/mnt/ubna_data_04/recover-20241018/UBNA_011/20241017_022000.WAV,recover-20241018,UBNA_011,E18 Bridge
HF,46080.0,10.40697716548998,190.8325,190.8397,44375.0,63204.0,Echolocation,Pipistrellus pipistrellus,0.533,0.686,-1,192000.0,/mnt/ubna_data_04/recover-20241018/UBNA_011/20241017_030000.WAV,recover-20241018,UBNA_011,E18 Bridge
HF,46080.0,15.671188362836702,110.3255,110.3308,44375.0,62307.0,Echolocation,Pipistrellus pipistrellus,0.669,0.725,-1,192000.0,/mnt/ubna_data_04/recover-20241018/UBNA_011/20241017_022000.WAV,recover-20241018,UBNA_011,E18 Bridge
HF,47040.0,12.119700059837532,147.2605,147.2693,45234.0,64768.0,Echolocation,Pipistrellus pipistrellus,0.505,0.629,-1,192000.0,/mnt/ubna_data_04/recover-20241018/UBNA_011/20241017_021000.WAV,recover-20241018,UBNA_011,E18 Bridge
HF,48960.0,14.16751124927504,146.9885,146.9932,46093.0,61063.0,Echolocation,Pipistrellus pipistrellus,0.515,0.64,-1,192000.0,/mnt/ubna_data_04/recover-20241018/UBNA_011/20241015_033000.WAV,recover-20241018,UBNA_011,E18 Bridge
HF,46080.0,12.814048727269787,164.4645,164.4741,44375.0,65970.0,Echolocation,Pipistrellus pipistrellus,0.499,0.668,-1,192000.0,/mnt/ubna_data_04/recover-20241018/UBNA_011/20241017_021000.WAV,recover-20241018,UBNA_011,E18 Bridge
HF,48000.0,13.500676837143018,13.3265,13.3329,46093.0,60650.0,Echolocation,Pipistrellus pipistrellus,0.476,0.599,-1,192000.0,/mnt/ubna_data_04/recover-20241018/UBNA_011/20241017_021000.WAV,recover-20241018,UBNA_011,E18 Bridge
HF,48000.0,5.029788131609334,40.088499999999996,40.0959,44375.0,55986.0,Echolocation,Pipistrellus pipistrellus,0.541,0.585,-1,192000.0,/mnt/ubna_data_04/recover-20241018/UBNA_011/20241017_021000.WAV,recover-20241018,UBNA_011,E18 Bridge
HF,48000.0,14.87888448014486,191.5275,191.5326,44375.0,63006.0,Echolocation,Pipistrellus pipistrellus,0.611,0.662,-1,192000.0,/mnt/ubna_data_04/recover-20241018/UBNA_011/20241017_021000.WAV,recover-20241018,UBNA_011,E18 Bridge
HF,48000.0,24.241249202622086,291.1775,291.1818,41796.0,78630.0,Echolocation,Myotis alcathoe,0.483,0.601,-1,192000.0,/mnt/ubna_data_04/recover-20241018/UBNA_011/20241017_020000.WAV,recover-20241018,UBNA_011,E18 Bridge
HF,47040.0,6.555453414673446,51.4025,51.414699999999996,45234.0,57326.0,Echolocation,Pipistrellus pipistrellus,0.468,0.536,-1,192000.0,/mnt/ubna_data_04/recover-20241018/UBNA_011/20241017_022000.WAV,recover-20241018,UBNA_011,E18 Bridge
HF,45120.0,21.026406833323637,290.0515,290.0583,42656.0,63356.0,Echolocation,Pipistrellus pipistrellus,0.524,0.617,-1,192000.0,/mnt/ubna_data_04/recover-20241018/UBNA_011/20241017_021000.WAV,recover-20241018,UBNA_011,E18 Bridge
HF,45120.0,13.55227726856576,68.7865,68.7998,44375.0,64883.0,Echolocation,Pipistrellus pipistrellus,0.373,0.556,-1,192000.0,/mnt/ubna_data_04/recover-20241018/UBNA_011/20241017_022000.WAV,recover-20241018,UBNA_011,E18 Bridge
HF,44160.0,10.451988680529018,268.5925,268.6033,43515.0,61699.0,Echolocation,Pipistrellus pipistrellus,0.402,0.541,-1,192000.0,/mnt/ubna_data_04/recover-20241018/UBNA_011/20241017_020000.WAV,recover-20241018,UBNA_011,E18 Bridge
HF,47040.0,20.293800273976842,100.1565,100.1617,44375.0,64888.0,Echolocation,Pipistrellus pipistrellus,0.435,0.552,-1,192000.0,/mnt/ubna_data_04/recover-20241018/UBNA_011/20241017_024000.WAV,recover-20241018,UBNA_011,E18 Bridge
HF,46080.0,7.9173084686091775,73.0905,73.0973,46093.0,59407.0,Echolocation,Pipistrellus pipistrellus,0.465,0.616,-1,192000.0,/mnt/ubna_data_04/recover-20241018/UBNA_011/20241017_021000.WAV,recover-20241018,UBNA_011,E18 Bridge
HF,48000.0,11.719347340593265,99.5955,99.6035,46953.0,61026.0,Echolocation,Pipistrellus pipistrellus,0.47,0.533,-1,192000.0,/mnt/ubna_data_04/recover-20241018/UBNA_011/20241017_021000.WAV,recover-20241018,UBNA_011,E18 Bridge
HF,46080.0,15.611003302943828,195.8705,195.8764,45234.0,76328.0,Echolocation,Pipistrellus pipistrellus,0.486,0.577,-1,192000.0,/mnt/ubna_data_04/recover-20241018/UBNA_011/20241017_022000.WAV,recover-20241018,UBNA_011,E18 Bridge
HF,45120.0,19.649383716666946,235.0515,235.0586,43515.0,55489.0,Echolocation,Pipistrellus pipistrellus,0.543,0.611,-1,192000.0,/mnt/ubna_data_04/recover-20241018/UBNA_011/20241017_021000.WAV,recover-20241018,UBNA_011,E18 Bridge
HF,46080.0,11.258547287857896,290.2355,290.2447,45234.0,63802.0,Echolocation,Pipistrellus pipistrellus,0.501,0.593,-1,192000.0,/mnt/ubna_data_04/recover-20241018/UBNA_011/20241017_021000.WAV,recover-20241018,UBNA_011,E18 Bridge
HF,47040.0,12.336097382414998,99.6805,99.6897,43515.0,64516.0,Echolocation,Pipistrellus pipistrellus,0.522,0.676,-1,192000.0,/mnt/ubna_data_04/recover-20241018/UBNA_011/20241017_021000.WAV,recover-20241018,UBNA_011,E18 Bridge
HF,51840.0,7.707084115171865,13.3815,13.3862,46953.0,60848.0,Echolocation,Pipistrellus pipistrellus,0.427,0.5,-1,192000.0,/mnt/ubna_data_04/recover-20241018/UBNA_011/20241017_021000.WAV,recover-20241018,UBNA_011,E18 Bridge
HF,45120.0,14.836775711023147,191.0195,191.0279,41796.0,65837.0,Echolocation,Pipistrellus pipistrellus,0.316,0.552,-1,192000.0,/mnt/ubna_data_04/recover-20241018/UBNA_011/20241017_030000.WAV,recover-20241018,UBNA_011,E18 Bridge
HF,46080.0,15.327333886853102,269.6275,269.6356,45234.0,68353.0,Echolocation,Pipistrellus pipistrellus,0.319,0.519,-1,192000.0,/mnt/ubna_data_04/recover-20241018/UBNA_011/20241017_020000.WAV,recover-20241018,UBNA_011,E18 Bridge
HF,45120.0,15.378592913332461,72.1425,72.1512,44375.0,61645.0,Echolocation,Pipistrellus pipistrellus,0.537,0.684,-1,192000.0,/mnt/ubna_data_04/recover-20241018/UBNA_011/20241017_022000.WAV,recover-20241018,UBNA_011,E18 Bridge
HF,51840.0,19.761493470157546,191.6065,191.6129,44375.0,69476.0,Echolocation,Pipistrellus pipistrellus,0.552,0.631,-1,192000.0,/mnt/ubna_data_04/recover-20241018/UBNA_011/20241017_021000.WAV,recover-20241018,UBNA_011,E18 Bridge
HF,47040.0,9.738968216568825,11.0175,11.0224,46953.0,63242.0,Echolocation,Pipistrellus pipistrellus,0.464,0.543,-1,192000.0,/mnt/ubna_data_04/recover-20241018/UBNA_011/20241017_022000.WAV,recover-20241018,UBNA_011,E18 Bridge
LF,22080.0,20.894506702277404,47.4185,47.4405,21171.0,27928.0,Echolocation,Nyctalus noctula,0.391,0.597,-1,192000.0,/mnt/ubna_data_04/recover-20241018/UBNA_011/20241014_021000.WAV,recover-20241018,UBNA_011,E18 Bridge
HF,46080.0,4.718827269983262,164.5635,164.5726,45234.0,56377.0,Echolocation,Pipistrellus pipistrellus,0.478,0.53,-1,192000.0,/mnt/ubna_data_04/recover-20241018/UBNA_011/20241017_021000.WAV,recover-20241018,UBNA_011,E18 Bridge
HF,46080.0,20.666710501613572,291.2475,291.2517,41796.0,80695.0,Echolocation,Myotis alcathoe,0.465,0.623,-1,192000.0,/mnt/ubna_data_04/recover-20241018/UBNA_011/20241017_020000.WAV,recover-20241018,UBNA_011,E18 Bridge
HF,45120.0,11.07738313902226,52.177499999999995,52.1862,44375.0,50579.0,Echolocation,Pipistrellus pipistrellus,0.503,0.559,-1,192000.0,/mnt/ubna_data_04/recover-20241018/UBNA_011/20241017_022000.WAV,recover-20241018,UBNA_011,E18 Bridge
HF,51840.0,19.207678563294223,40.167500000000004,40.1749,43515.0,70008.0,Echolocation,Pipistrellus pipistrellus,0.489,0.591,-1,192000.0,/mnt/ubna_data_04/recover-20241018/UBNA_011/20241017_021000.WAV,recover-20241018,UBNA_011,E18 Bridge
HF,51840.0,9.882692734477814,139.9445,139.951,46953.0,60902.0,Echolocation,Pipistrellus pipistrellus,0.489,0.531,-1,192000.0,/mnt/ubna_data_04/recover-20241018/UBNA_011/20241017_022000.WAV,recover-20241018,UBNA_011,E18 Bridge
HF,48000.0,15.225268746986725,147.4325,147.4414,45234.0,66084.0,Echolocation,Pipistrellus pipistrellus,0.525,0.596,-1,192000.0,/mnt/ubna_data_04/recover-20241018/UBNA_011/20241017_021000.WAV,recover-20241018,UBNA_011,E18 Bridge
HF,48000.0,14.237922514986533,100.2415,100.2492,45234.0,65686.0,Echolocation,Pipistrellus pipistrellus,0.228,0.564,-1,192000.0,/mnt/ubna_data_04/recover-20241018/UBNA_011/20241017_024000.WAV,recover-20241018,UBNA_011,E18 Bridge
HF,45120.0,17.380156113201714,110.4045,110.411,43515.0,64895.0,Echolocation,Pipistrellus pipistrellus,0.695,0.764,-1,192000.0,/mnt/ubna_data_04/recover-20241018/UBNA_011/20241017_022000.WAV,recover-20241018,UBNA_011,E18 Bridge
HF,46080.0,13.704985342440708,166.6685,166.6766,45234.0,61500.0,Echolocation,Pipistrellus pipistrellus,0.571,0.688,-1,192000.0,/mnt/ubna_data_04/recover-20241018/UBNA_011/20241017_022000.WAV,recover-20241018,UBNA_011,E18 Bridge
HF,48000.0,12.372413892433086,252.80349999999999,252.8117,46093.0,62212.0,Echolocation,Pipistrellus pipistrellus,0.5,0.588,-1,192000.0,/mnt/ubna_data_04/recover-20241018/UBNA_011/20241017_022000.WAV,recover-20241018,UBNA_011,E18 Bridge
HF,48960.0,13.80260308061031,147.0455,147.0502,44375.0,62221.0,Echolocation,Pipistrellus pipistrellus,0.483,0.583,-1,192000.0,/mnt/ubna_data_04/recover-20241018/UBNA_011/20241015_033000.WAV,recover-20241018,UBNA_011,E18 Bridge
HF,46080.0,9.26018425092186,73.2315,73.2379,45234.0,57222.0,Echolocation,Pipistrellus pipistrellus,0.484,0.623,-1,192000.0,/mnt/ubna_data_04/recover-20241018/UBNA_011/20241017_021000.WAV,recover-20241018,UBNA_011,E18 Bridge
HF,48000.0,16.629010974248278,110.47749999999999,110.4836,44375.0,65381.0,Echolocation,Pipistrellus pipistrellus,0.55,0.645,-1,192000.0,/mnt/ubna_data_04/recover-20241018/UBNA_011/20241017_022000.WAV,recover-20241018,UBNA_011,E18 Bridge
HF,46080.0,13.780011652049804,191.4805,191.4885,43515.0,63410.0,Echolocation,Pipistrellus pipistrellus,0.336,0.552,-1,192000.0,/mnt/ubna_data_04/recover-20241018/UBNA_011/20241017_030000.WAV,recover-20241018,UBNA_011,E18 Bridge
HF,47040.0,13.67227043739624,73.3275,73.3333,44375.0,63570.0,Echolocation,Pipistrellus pipistrellus,0.428,0.635,-1,192000.0,/mnt/ubna_data_04/recover-20241018/UBNA_011/20241017_021000.WAV,recover-20241018,UBNA_011,E18 Bridge
HF,47040.0,8.866234753518324,100.6695,100.6762,44375.0,60412.0,Echolocation,Pipistrellus nathusii,0.161,0.505,-1,192000.0,/mnt/ubna_data_04/recover-20241018/UBNA_011/20241017_024000.WAV,recover-20241018,UBNA_011,E18 Bridge
HF,45120.0,10.796518132679015,52.572500000000005,52.5781,44375.0,53412.0,Echolocation,Pipistrellus pipistrellus,0.596,0.617,-1,192000.0,/mnt/ubna_data_04/recover-20241018/UBNA_011/20241017_022000.WAV,recover-20241018,UBNA_011,E18 Bridge
HF,45120.0,15.148643822015032,72.2325,72.2418,42656.0,64844.0,Echolocation,Pipistrellus pipistrellus,0.55,0.617,-1,192000.0,/mnt/ubna_data_04/recover-20241018/UBNA_011/20241017_022000.WAV,recover-20241018,UBNA_011,E18 Bridge
HF,48000.0,27.56313665743912,191.6865,191.692,43515.0,68763.0,Echolocation,Pipistrellus pipistrellus,0.635,0.715,-1,192000.0,/mnt/ubna_data_04/recover-20241018/UBNA_011/20241017_021000.WAV,recover-20241018,UBNA_011,E18 Bridge
HF,48000.0,12.018993541496648,14.0045,14.0098,44375.0,53509.0,Echolocation,Pipistrellus pipistrellus,0.592,0.645,-1,192000.0,/mnt/ubna_data_04/recover-20241018/UBNA_011/20241017_021000.WAV,recover-20241018,UBNA_011,E18 Bridge
HF,46080.0,21.539824793726222,291.3125,291.3162,41796.0,77081.0,Echolocation,Myotis alcathoe,0.432,0.576,-1,192000.0,/mnt/ubna_data_04/recover-20241018/UBNA_011/20241017_020000.WAV,recover-20241018,UBNA_011,E18 Bridge
HF,48000.0,11.57008318880004,148.5905,148.59629999999999,44375.0,60802.0,Echolocation,Pipistrellus pipistrellus,0.541,0.628,-1,192000.0,/mnt/ubna_data_04/recover-20241018/UBNA_011/20241015_033000.WAV,recover-20241018,UBNA_011,E18 Bridge
HF,46080.0,7.645765846867984,40.2685,40.2746,44375.0,52462.0,Echolocation,Pipistrellus pipistrellus,0.516,0.544,-1,192000.0,/mnt/ubna_data_04/recover-20241018/UBNA_011/20241017_021000.WAV,recover-20241018,UBNA_011,E18 Bridge
HF,46080.0,12.238481800739592,164.7065,164.7149,45234.0,62731.0,Echolocation,Pipistrellus pipistrellus,0.551,0.689,-1,192000.0,/mnt/ubna_data_04/recover-20241018/UBNA_011/20241017_021000.WAV,recover-20241018,UBNA_011,E18 Bridge
HF,45120.0,10.908948374174077,167.0755,167.0838,45234.0,57423.0,Echolocation,Pipistrellus pipistrellus,0.578,0.652,-1,192000.0,/mnt/ubna_data_04/recover-20241018/UBNA_011/20241017_022000.WAV,recover-20241018,UBNA_011,E18 Bridge
HF,44160.0,18.935507367802447,140.2115,140.2188,43515.0,59006.0,Echolocation,Pipistrellus pipistrellus,0.62,0.658,-1,192000.0,/mnt/ubna_data_04/recover-20241018/UBNA_011/20241017_022000.WAV,recover-20241018,UBNA_011,E18 Bridge
HF,48000.0,17.10974291067193,147.5035,147.5108,46953.0,65438.0,Echolocation,Pipistrellus pipistrellus,0.509,0.595,-1,192000.0,/mnt/ubna_data_04/recover-20241018/UBNA_011/20241017_021000.WAV,recover-20241018,UBNA_011,E18 Bridge
HF,47040.0,16.244575476819286,195.9475,195.9534,44375.0,73137.0,Echolocation,Pipistrellus pipistrellus,0.435,0.544,-1,192000.0,/mnt/ubna_data_04/recover-20241018/UBNA_011/20241017_022000.WAV,recover-20241018,UBNA_011,E18 Bridge
HF,46080.0,13.919350490788236,252.8915,252.8996,45234.0,61169.0,Echolocation,Pipistrellus pipistrellus,0.599,0.643,-1,192000.0,/mnt/ubna_data_04/recover-20241018/UBNA_011/20241017_022000.WAV,recover-20241018,UBNA_011,E18 Bridge
HF,47040.0,14.66019606877527,99.7625,99.77250000000001,46093.0,61935.0,Echolocation,Pipistrellus pipistrellus,0.451,0.543,-1,192000.0,/mnt/ubna_data_04/recover-20241018/UBNA_011/20241017_021000.WAV,recover-20241018,UBNA_011,E18 Bridge
LF,23040.0,17.73054664522146,47.6495,47.6697,22031.0,27961.0,Echolocation,Nyctalus noctula,0.223,0.528,-1,192000.0,/mnt/ubna_data_04/recover-20241018/UBNA_011/20241014_021000.WAV,recover-20241018,UBNA_011,E18 Bridge
HF,46080.0,18.808223404556216,269.8525,269.8588,43515.0,67069.0,Echolocation,Pipistrellus pipistrellus,0.48,0.648,-1,192000.0,/mnt/ubna_data_04/recover-20241018/UBNA_011/20241017_020000.WAV,recover-20241018,UBNA_011,E18 Bridge
HF,52800.0,15.36184402080399,11.1285,11.1328,50390.0,71140.0,Echolocation,Pipistrellus pipistrellus,0.421,0.518,-1,192000.0,/mnt/ubna_data_04/recover-20241018/UBNA_011/20241017_022000.WAV,recover-20241018,UBNA_011,E18 Bridge
HF,45120.0,13.132198152271844,235.2455,235.2527,43515.0,54875.0,Echolocation,Pipistrellus pipistrellus,0.508,0.568,-1,192000.0,/mnt/ubna_data_04/recover-20241018/UBNA_011/20241017_021000.WAV,recover-20241018,UBNA_011,E18 Bridge
HF,48960.0,13.666625319312878,191.7715,191.7773,44375.0,67219.0,Echolocation,Pipistrellus pipistrellus,0.593,0.702,-1,192000.0,/mnt/ubna_data_04/recover-20241018/UBNA_011/20241017_021000.WAV,recover-20241018,UBNA_011,E18 Bridge
LF,22080.0,25.257819812142497,48.045500000000004,48.0702,21171.0,27508.0,Echolocation,Nyctalus noctula,0.424,0.569,-1,192000.0,/mnt/ubna_data_04/recover-20241018/UBNA_011/20241014_021000.WAV,recover-20241018,UBNA_011,E18 Bridge
HF,46080.0,12.509254902268216,164.7905,164.7983,45234.0,59793.0,Echolocation,Pipistrellus pipistrellus,0.636,0.701,-1,192000.0,/mnt/ubna_data_04/recover-20241018/UBNA_011/20241017_021000.WAV,recover-20241018,UBNA_011,E18 Bridge
HF,48000.0,11.641059218244,269.9225,269.9288,44375.0,66797.0,Echolocation,Pipistrellus pipistrellus,0.354,0.568,-1,192000.0,/mnt/ubna_data_04/recover-20241018/UBNA_011/20241017_020000.WAV,recover-20241018,UBNA_011,E18 Bridge
HF,45120.0,5.057999640599915,235.33350000000002,235.3402,43515.0,51278.0,Echolocation,Pipistrellus pipistrellus,0.567,0.594,-1,192000.0,/mnt/ubna_data_04/recover-20241018/UBNA_011/20241017_021000.WAV,recover-20241018,UBNA_011,E18 Bridge
HF,46080.0,14.556001630624166,172.42849999999999,172.43880000000001,44375.0,59768.0,Echolocation,Pipistrellus pipistrellus,0.465,0.583,-1,192000.0,/mnt/ubna_data_04/recover-20241018/UBNA_011/20241017_022000.WAV,recover-20241018,UBNA_011,E18 Bridge
HF,46080.0,7.399700544533138,73.4075,73.414,41796.0,60844.0,Echolocation,Pipistrellus pipistrellus,0.184,0.512,-1,192000.0,/mnt/ubna_data_04/recover-20241018/UBNA_011/20241017_021000.WAV,recover-20241018,UBNA_011,E18 Bridge
HF,48000.0,11.930551155842737,252.9765,252.9881,46093.0,59589.0,Echolocation,Pipistrellus pipistrellus,0.418,0.519,-1,192000.0,/mnt/ubna_data_04/recover-20241018/UBNA_011/20241017_022000.WAV,recover-20241018,UBNA_011,E18 Bridge
HF,46080.0,3.8540562285380893,14.1565,14.1618,45234.0,54373.0,Echolocation,Pipistrellus pipistrellus,0.51,0.532,-1,192000.0,/mnt/ubna_data_04/recover-20241018/UBNA_011/20241017_021000.WAV,recover-20241018,UBNA_011,E18 Bridge
HF,45120.0,20.909332040623376,140.3015,140.3083,41796.0,60170.0,Echolocation,Pipistrellus pipistrellus,0.602,0.67,-1,192000.0,/mnt/ubna_data_04/recover-20241018/UBNA_011/20241017_022000.WAV,recover-20241018,UBNA_011,E18 Bridge
HF,45120.0,8.202300986061516,72.3325,72.3435,44375.0,51429.0,Echolocation,Pipistrellus pipistrellus,0.502,0.638,-1,192000.0,/mnt/ubna_data_04/recover-20241018/UBNA_011/20241017_022000.WAV,recover-20241018,UBNA_011,E18 Bridge
HF,48960.0,8.733678150334924,11.2325,11.2384,46953.0,62122.0,Echolocation,Pipistrellus pipistrellus,0.571,0.702,-1,192000.0,/mnt/ubna_data_04/recover-20241018/UBNA_011/20241017_022000.WAV,recover-20241018,UBNA_011,E18 Bridge
HF,54720.0,15.918747059630789,99.8465,99.85249999999999,46953.0,63657.0,Echolocation,Pipistrellus pipistrellus,0.626,0.708,-1,192000.0,/mnt/ubna_data_04/recover-20241018/UBNA_011/20241017_021000.WAV,recover-20241018,UBNA_011,E18 Bridge
HF,46080.0,19.00288080091031,40.3575,40.3652,44375.0,66153.0,Echolocation,Pipistrellus pipistrellus,0.521,0.634,-1,192000.0,/mnt/ubna_data_04/recover-20241018/UBNA_011/20241017_021000.WAV,recover-20241018,UBNA_011,E18 Bridge
HF,46080.0,11.1983146236605,147.5895,147.5985,45234.0,60724.0,Echolocation,Pipistrellus pipistrellus,0.446,0.579,-1,192000.0,/mnt/ubna_data_04/recover-20241018/UBNA_011/20241017_021000.WAV,recover-20241018,UBNA_011,E18 Bridge
HF,46080.0,6.870727784764288,52.8915,52.8977,45234.0,57493.0,Echolocation,Pipistrellus pipistrellus,0.579,0.602,-1,192000.0,/mnt/ubna_data_04/recover-20241018/UBNA_011/20241017_022000.WAV,recover-20241018,UBNA_011,E18 Bridge
HF,48960.0,11.62508363377734,148.6555,148.662,46093.0,61549.0,Echolocation,Pipistrellus pipistrellus,0.473,0.569,-1,192000.0,/mnt/ubna_data_04/recover-20241018/UBNA_011/20241015_033000.WAV,recover-20241018,UBNA_011,E18 Bridge
HF,54720.0,17.207968069860314,110.5425,110.548,44375.0,64581.0,Echolocation,Pipistrellus pipistrellus,0.604,0.653,-1,192000.0,/mnt/ubna_data_04/recover-20241018/UBNA_011/20241017_022000.WAV,recover-20241018,UBNA_011,E18 Bridge
HF,46080.0,20.14588632994556,291.3745,291.3786,41796.0,77937.0,Echolocation,Myotis alcathoe,0.457,0.556,-1,192000.0,/mnt/ubna_data_04/recover-20241018/UBNA_011/20241017_020000.WAV,recover-20241018,UBNA_011,E18 Bridge
HF,52800.0,6.985739570585626,196.0315,196.0374,47812.0,56894.0,Echolocation,Pipistrellus pipistrellus,0.51,0.531,-1,192000.0,/mnt/ubna_data_04/recover-20241018/UBNA_011/20241017_022000.WAV,recover-20241018,UBNA_011,E18 Bridge
HF,46080.0,12.452341418424684,147.67849999999999,147.687,44375.0,66852.0,Echolocation,Pipistrellus pipistrellus,0.413,0.58,-1,192000.0,/mnt/ubna_data_04/recover-20241018/UBNA_011/20241017_021000.WAV,recover-20241018,UBNA_011,E18 Bridge
HF,47040.0,17.281672214752927,11.3105,11.3161,45234.0,70339.0,Echolocation,Pipistrellus pipistrellus,0.457,0.59,-1,192000.0,/mnt/ubna_data_04/recover-20241018/UBNA_011/20241017_022000.WAV,recover-20241018,UBNA_011,E18 Bridge
HF,48000.0,14.572424875800884,73.7375,73.7447,46953.0,60941.0,Echolocation,Pipistrellus pipistrellus,0.463,0.64,-1,192000.0,/mnt/ubna_data_04/recover-20241018/UBNA_011/20241017_021000.WAV,recover-20241018,UBNA_011,E18 Bridge
HF,46080.0,15.827396008636697,253.0685,253.0758,45234.0,60040.0,Echolocation,Pipistrellus pipistrellus,0.56,0.632,-1,192000.0,/mnt/ubna_data_04/recover-20241018/UBNA_011/20241017_022000.WAV,recover-20241018,UBNA_011,E18 Bridge
HF,45120.0,9.106880733136585,235.4195,235.4273,44375.0,53684.0,Echolocation,Pipistrellus pipistrellus,0.585,0.632,-1,192000.0,/mnt/ubna_data_04/recover-20241018/UBNA_011/20241017_021000.WAV,recover-20241018,UBNA_011,E18 Bridge
HF,46080.0,9.624129666267278,40.4535,40.4606,44375.0,55546.0,Echolocation,Pipistrellus pipistrellus,0.493,0.532,-1,192000.0,/mnt/ubna_data_04/recover-20241018/UBNA_011/20241017_021000.WAV,recover-20241018,UBNA_011,E18 Bridge
HF,47040.0,19.36711621755905,99.9335,99.9423,45234.0,65949.0,Echolocation,Pipistrellus pipistrellus,0.474,0.594,-1,192000.0,/mnt/ubna_data_04/recover-20241018/UBNA_011/20241017_021000.WAV,recover-20241018,UBNA_011,E18 Bridge
LF,22080.0,26.37160992851011,48.2735,48.288,21171.0,25223.0,Echolocation,Nyctalus noctula,0.4,0.605,-1,192000.0,/mnt/ubna_data_04/recover-20241018/UBNA_011/20241014_021000.WAV,recover-20241018,UBNA_011,E18 Bridge
HF,48000.0,13.759699794893653,110.61449999999999,110.6198,45234.0,62641.0,Echolocation,Pipistrellus pipistrellus,0.575,0.657,-1,192000.0,/mnt/ubna_data_04/recover-20241018/UBNA_011/20241017_022000.WAV,recover-20241018,UBNA_011,E18 Bridge
HF,46080.0,7.953080168735118,164.8765,164.8847,46093.0,60379.0,Echolocation,Pipistrellus pipistrellus,0.51,0.568,-1,192000.0,/mnt/ubna_data_04/recover-20241018/UBNA_011/20241017_021000.WAV,recover-20241018,UBNA_011,E18 Bridge
HF,48000.0,10.180554679775152,140.4245,140.4298,45234.0,57566.0,Echolocation,Pipistrellus pipistrellus,0.638,0.669,-1,192000.0,/mnt/ubna_data_04/recover-20241018/UBNA_011/20241017_022000.WAV,recover-20241018,UBNA_011,E18 Bridge
HF,46080.0,11.703636714178295,172.6225,172.6328,44375.0,61592.0,Echolocation,Pipistrellus pipistrellus,0.413,0.54,-1,192000.0,/mnt/ubna_data_04/recover-20241018/UBNA_011/20241017_022000.WAV,recover-20241018,UBNA_011,E18 Bridge
HF,46080.0,15.03571063909712,191.8585,191.8648,44375.0,62872.0,Echolocation,Pipistrellus pipistrellus,0.481,0.635,-1,192000.0,/mnt/ubna_data_04/recover-20241018/UBNA_011/20241017_021000.WAV,recover-20241018,UBNA_011,E18 Bridge
HF,46080.0,3.11067170463049,72.4295,72.4413,44375.0,49950.0,Echolocation,Pipistrellus pipistrellus,0.493,0.545,-1,192000.0,/mnt/ubna_data_04/recover-20241018/UBNA_011/20241017_022000.WAV,recover-20241018,UBNA_011,E18 Bridge
HF,47040.0,7.044240213231575,148.7885,148.7971,45234.0,63588.0,Echolocation,Pipistrellus pipistrellus,0.347,0.537,-1,192000.0,/mnt/ubna_data_04/recover-20241018/UBNA_011/20241015_033000.WAV,recover-20241018,UBNA_011,E18 Bridge
HF,48000.0,5.274774308147416,14.6175,14.6228,46093.0,58841.0,Echolocation,Pipistrellus pipistrellus,0.498,0.527,-1,192000.0,/mnt/ubna_data_04/recover-20241018/UBNA_011/20241017_021000.WAV,recover-20241018,UBNA_011,E18 Bridge
HF,47040.0,7.84722523071121,53.036500000000004,53.041,46953.0,62460.0,Echolocation,Pipistrellus pipistrellus,0.616,0.64,-1,192000.0,/mnt/ubna_data_04/recover-20241018/UBNA_011/20241017_022000.WAV,recover-20241018,UBNA_011,E18 Bridge
HF,46080.0,10.410928129354179,204.3695,204.3809,45234.0,60582.0,Echolocation,Pipistrellus pipistrellus,0.432,0.514,-1,192000.0,/mnt/ubna_data_04/recover-20241018/UBNA_011/20241017_022000.WAV,recover-20241018,UBNA_011,E18 Bridge
HF,47040.0,13.764073358022042,291.4345,291.438,42656.0,69046.0,Echolocation,Myotis alcathoe,0.387,0.558,-1,192000.0,/mnt/ubna_data_04/recover-20241018/UBNA_011/20241017_020000.WAV,recover-20241018,UBNA_011,E18 Bridge
HF,48000.0,13.006028025830128,291.4915,291.494,41796.0,71034.0,Echolocation,Myotis alcathoe,0.315,0.59,-1,192000.0,/mnt/ubna_data_04/recover-20241018/UBNA_011/20241017_020000.WAV,recover-20241018,UBNA_011,E18 Bridge
LF,23040.0,14.729723461154421,48.545500000000004,48.5616,22031.0,25256.0,Echolocation,Nyctalus leisleri,0.51,0.578,-1,192000.0,/mnt/ubna_data_04/recover-20241018/UBNA_011/20241014_021000.WAV,recover-20241018,UBNA_011,E18 Bridge
HF,48000.0,17.82082334813048,191.9425,191.9499,44375.0,68615.0,Echolocation,Pipistrellus pipistrellus,0.628,0.751,-1,192000.0,/mnt/ubna_data_04/recover-20241018/UBNA_011/20241017_021000.WAV,recover-20241018,UBNA_011,E18 Bridge
HF,45120.0,14.601009698282725,140.5995,140.6055,44375.0,56872.0,Echolocation,Pipistrellus pipistrellus,0.558,0.61,-1,192000.0,/mnt/ubna_data_04/recover-20241018/UBNA_011/20241017_022000.WAV,recover-20241018,UBNA_011,E18 Bridge
HF,48000.0,16.588003576446752,110.6955,110.7015,45234.0,57934.0,Echolocation,Pipistrellus pipistrellus,0.561,0.592,-1,192000.0,/mnt/ubna_data_04/recover-20241018/UBNA_011/20241017_022000.WAV,recover-20241018,UBNA_011,E18 Bridge
HF,48000.0,17.044792899024074,253.1635,253.171,46093.0,60930.0,Echolocation,Pipistrellus pipistrellus,0.543,0.594,-1,192000.0,/mnt/ubna_data_04/recover-20241018/UBNA_011/20241017_022000.WAV,recover-20241018,UBNA_011,E18 Bridge
HF,46080.0,19.95040539224013,40.5435,40.5513,44375.0,70576.0,Echolocation,Pipistrellus pipistrellus,0.62,0.686,-1,192000.0,/mnt/ubna_data_04/recover-20241018/UBNA_011/20241017_021000.WAV,recover-20241018,UBNA_011,E18 Bridge
HF,46080.0,14.737620462172575,172.7175,172.7295,44375.0,62782.0,Echolocation,Pipistrellus pipistrellus,0.427,0.542,-1,192000.0,/mnt/ubna_data_04/recover-20241018/UBNA_011/20241017_022000.WAV,recover-20241018,UBNA_011,E18 Bridge
HF,53760.0,13.197127273074853,11.3725,11.3776,45234.0,71672.0,Echolocation,Pipistrellus pipistrellus,0.334,0.502,-1,192000.0,/mnt/ubna_data_04/recover-20241018/UBNA_011/20241017_022000.WAV,recover-20241018,UBNA_011,E18 Bridge
HF,48000.0,8.520098956576819,147.7645,147.7735,47812.0,63150.0,Echolocation,Pipistrellus pipistrellus,0.53,0.561,-1,192000.0,/mnt/ubna_data_04/recover-20241018/UBNA_011/20241017_021000.WAV,recover-20241018,UBNA_011,E18 Bridge
HF,48000.0,9.340376001770599,73.9805,73.9854,46953.0,61387.0,Echolocation,Pipistrellus pipistrellus,0.537,0.579,-1,192000.0,/mnt/ubna_data_04/recover-20241018/UBNA_011/20241017_021000.WAV,recover-20241018,UBNA_011,E18 Bridge
HF,47040.0,9.610321743638778,164.9495,164.9587,46093.0,56123.0,Echolocation,Pipistrellus pipistrellus,0.484,0.513,-1,192000.0,/mnt/ubna_data_04/recover-20241018/UBNA_011/20241017_021000.WAV,recover-20241018,UBNA_011,E18 Bridge
HF,48000.0,7.847378516906018,148.8605,148.8679,45234.0,60091.0,Echolocation,Pipistrellus pipistrellus,0.525,0.613,-1,192000.0,/mnt/ubna_data_04/recover-20241018/UBNA_011/20241015_033000.WAV,recover-20241018,UBNA_011,E18 Bridge
HF,47040.0,2.4452639751080594,53.2025,53.209599999999995,46093.0,54069.0,Echolocation,Pipistrellus pipistrellus,0.498,0.541,-1,192000.0,/mnt/ubna_data_04/recover-20241018/UBNA_011/20241017_022000.WAV,recover-20241018,UBNA_011,E18 Bridge
HF,45120.0,8.13188823646829,235.5055,235.5125,44375.0,55473.0,Echolocation,Pipistrellus pipistrellus,0.547,0.612,-1,192000.0,/mnt/ubna_data_04/recover-20241018/UBNA_011/20241017_021000.WAV,recover-20241018,UBNA_011,E18 Bridge
HF,47040.0,20.33180210961747,100.0175,100.02459999999999,43515.0,67861.0,Echolocation,Pipistrellus pipistrellus,0.394,0.552,-1,192000.0,/mnt/ubna_data_04/recover-20241018/UBNA_011/20241017_021000.WAV,recover-20241018,UBNA_011,E18 Bridge
HF,48000.0,12.488926987716354,14.9145,14.9202,46093.0,63816.0,Echolocation,Pipistrellus pipistrellus,0.591,0.684,-1,192000.0,/mnt/ubna_data_04/recover-20241018/UBNA_011/20241017_021000.WAV,recover-20241018,UBNA_011,E18 Bridge
HF,47040.0,14.35560268608696,72.5155,72.52590000000001,44375.0,62603.0,Echolocation,Pipistrellus pipistrellus,0.54,0.641,-1,192000.0,/mnt/ubna_data_04/recover-20241018/UBNA_011/20241017_022000.WAV,recover-20241018,UBNA_011,E18 Bridge
HF,46080.0,12.642670956322103,204.5495,204.5599,45234.0,61203.0,Echolocation,Pipistrellus pipistrellus,0.42,0.542,-1,192000.0,/mnt/ubna_data_04/recover-20241018/UBNA_011/20241017_022000.WAV,recover-20241018,UBNA_011,E18 Bridge
HF,47040.0,6.018597813063906,53.7145,53.725300000000004,46093.0,62206.0,Echolocation,Pipistrellus pipistrellus,0.443,0.533,-1,192000.0,/mnt/ubna_data_04/recover-20241018/UBNA_011/20241017_022000.WAV,recover-20241018,UBNA_011,E18 Bridge
HF,46080.0,10.935211445085882,204.9145,204.924,45234.0,57349.0,Echolocation,Pipistrellus pipistrellus,0.518,0.553,-1,192000.0,/mnt/ubna_data_04/recover-20241018/UBNA_011/20241017_022000.WAV,recover-20241018,UBNA_011,E18 Bridge
HF,46080.0,6.9025987626257725,235.5905,235.5965,44375.0,53824.0,Echolocation,Pipistrellus pipistrellus,0.561,0.584,-1,192000.0,/mnt/ubna_data_04/recover-20241018/UBNA_011/20241017_021000.WAV,recover-20241018,UBNA_011,E18 Bridge
HF,47040.0,14.515585448935912,253.2575,253.2658,45234.0,62426.0,Echolocation,Pipistrellus pipistrellus,0.562,0.696,-1,192000.0,/mnt/ubna_data_04/recover-20241018/UBNA_011/20241017_022000.WAV,recover-20241018,UBNA_011,E18 Bridge
HF,46080.0,8.85767518109752,40.6375,40.6451,45234.0,61226.0,Echolocation,Pipistrellus pipistrellus,0.466,0.567,-1,192000.0,/mnt/ubna_data_04/recover-20241018/UBNA_011/20241017_021000.WAV,recover-20241018,UBNA_011,E18 Bridge
HF,48960.0,14.187175892908673,148.9415,148.9489,43515.0,62894.0,Echolocation,Pipistrellus pipistrellus,0.477,0.615,-1,192000.0,/mnt/ubna_data_04/recover-20241018/UBNA_011/20241015_033000.WAV,recover-20241018,UBNA_011,E18 Bridge
HF,46080.0,22.38247842893339,100.1015,100.108,43515.0,67508.0,Echolocation,Pipistrellus pipistrellus,0.464,0.628,-1,192000.0,/mnt/ubna_data_04/recover-20241018/UBNA_011/20241017_021000.WAV,recover-20241018,UBNA_011,E18 Bridge
HF,45120.0,14.053983339632985,172.9965,173.0071,45234.0,63931.0,Echolocation,Pipistrellus pipistrellus,0.475,0.589,-1,192000.0,/mnt/ubna_data_04/recover-20241018/UBNA_011/20241017_022000.WAV,recover-20241018,UBNA_011,E18 Bridge
HF,45120.0,8.510222442881432,140.79149999999998,140.7975,44375.0,56297.0,Echolocation,Pipistrellus pipistrellus,0.598,0.624,-1,192000.0,/mnt/ubna_data_04/recover-20241018/UBNA_011/20241017_022000.WAV,recover-20241018,UBNA_011,E18 Bridge
HF,46080.0,17.49106331475638,110.7865,110.7947,43515.0,67845.0,Echolocation,Pipistrellus pipistrellus,0.651,0.713,-1,192000.0,/mnt/ubna_data_04/recover-20241018/UBNA_011/20241017_022000.WAV,recover-20241018,UBNA_011,E18 Bridge
HF,48960.0,10.417666513347026,15.0075,15.013,46953.0,63137.0,Echolocation,Pipistrellus pipistrellus,0.472,0.557,-1,192000.0,/mnt/ubna_data_04/recover-20241018/UBNA_011/20241017_021000.WAV,recover-20241018,UBNA_011,E18 Bridge
HF,48000.0,9.209875891089471,11.4095,11.4163,46093.0,62120.0,Echolocation,Pipistrellus pipistrellus,0.53,0.619,-1,192000.0,/mnt/ubna_data_04/recover-20241018/UBNA_011/20241017_022000.WAV,recover-20241018,UBNA_011,E18 Bridge
HF,53760.0,11.543867109315979,291.5505,291.5537,42656.0,69307.0,Echolocation,Myotis alcathoe,0.294,0.514,-1,192000.0,/mnt/ubna_data_04/recover-20241018/UBNA_011/20241017_020000.WAV,recover-20241018,UBNA_011,E18 Bridge
HF,48000.0,17.32885965486679,192.0285,192.0351,43515.0,66056.0,Echolocation,Pipistrellus pipistrellus,0.326,0.53,-1,192000.0,/mnt/ubna_data_04/recover-20241018/UBNA_011/20241017_021000.WAV,recover-20241018,UBNA_011,E18 Bridge
HF,46080.0,11.430613968594216,72.5815,72.5897,45234.0,62648.0,Echolocation,Pipistrellus pipistrellus,0.522,0.647,-1,192000.0,/mnt/ubna_data_04/recover-20241018/UBNA_011/20241017_022000.WAV,recover-20241018,UBNA_011,E18 Bridge
HF,46080.0,16.410063766527948,74.0675,74.0736,44375.0,57212.0,Echolocation,Pipistrellus pipistrellus,0.622,0.644,-1,192000.0,/mnt/ubna_data_04/recover-20241018/UBNA_011/20241017_021000.WAV,recover-20241018,UBNA_011,E18 Bridge
HF,46080.0,10.152222519625049,165.0175,165.0254,44375.0,68027.0,Echolocation,Pipistrellus pipistrellus,0.562,0.678,-1,192000.0,/mnt/ubna_data_04/recover-20241018/UBNA_011/20241017_021000.WAV,recover-20241018,UBNA_011,E18 Bridge
HF,46080.0,9.946671721731585,147.8525,147.8629,45234.0,62391.0,Echolocation,Pipistrellus pipistrellus,0.458,0.582,-1,192000.0,/mnt/ubna_data_04/recover-20241018/UBNA_011/20241017_021000.WAV,recover-20241018,UBNA_011,E18 Bridge
HF,52800.0,15.707263167186383,149.0255,149.0331,44375.0,64656.0,Echolocation,Pipistrellus pipistrellus,0.473,0.629,-1,192000.0,/mnt/ubna_data_04/recover-20241018/UBNA_011/20241015_033000.WAV,recover-20241018,UBNA_011,E18 Bridge
HF,48960.0,8.319183796457745,15.0795,15.0849,46953.0,63603.0,Echolocation,Pipistrellus pipistrellus,0.478,0.571,-1,192000.0,/mnt/ubna_data_04/recover-20241018/UBNA_011/20241017_021000.WAV,recover-20241018,UBNA_011,E18 Bridge
HF,46080.0,15.930839911203991,192.1135,192.12,45234.0,66381.0,Echolocation,Pipistrellus pipistrellus,0.597,0.717,-1,192000.0,/mnt/ubna_data_04/recover-20241018/UBNA_011/20241017_021000.WAV,recover-20241018,UBNA_011,E18 Bridge
HF,46080.0,12.29052631783974,165.0935,165.1019,44375.0,65520.0,Echolocation,Pipistrellus pipistrellus,0.504,0.606,-1,192000.0,/mnt/ubna_data_04/recover-20241018/UBNA_011/20241017_021000.WAV,recover-20241018,UBNA_011,E18 Bridge
HF,45120.0,12.746238967750038,173.0945,173.10399999999998,43515.0,62879.0,Echolocation,Pipistrellus pipistrellus,0.444,0.571,-1,192000.0,/mnt/ubna_data_04/recover-20241018/UBNA_011/20241017_022000.WAV,recover-20241018,UBNA_011,E18 Bridge
HF,47040.0,13.030789292139005,253.3455,253.3539,46093.0,61515.0,Echolocation,Pipistrellus pipistrellus,0.524,0.61,-1,192000.0,/mnt/ubna_data_04/recover-20241018/UBNA_011/20241017_022000.WAV,recover-20241018,UBNA_011,E18 Bridge
HF,48000.0,13.115010767164827,235.7405,235.7457,44375.0,57623.0,Echolocation,Pipistrellus pipistrellus,0.641,0.68,-1,192000.0,/mnt/ubna_data_04/recover-20241018/UBNA_011/20241017_021000.WAV,recover-20241018,UBNA_011,E18 Bridge
HF,47040.0,7.583254064189971,53.8985,53.9072,46093.0,62206.0,Echolocation,Pipistrellus pipistrellus,0.507,0.596,-1,192000.0,/mnt/ubna_data_04/recover-20241018/UBNA_011/20241017_022000.WAV,recover-20241018,UBNA_011,E18 Bridge
HF,45120.0,13.339695112107277,74.1855,74.1936,42656.0,54870.0,Echolocation,Pipistrellus pipistrellus,0.46,0.514,-1,192000.0,/mnt/ubna_data_04/recover-20241018/UBNA_011/20241017_021000.WAV,recover-20241018,UBNA_011,E18 Bridge
HF,45120.0,9.237846721931975,205.2875,205.3001,43515.0,59815.0,Echolocation,Pipistrellus pipistrellus,0.458,0.581,-1,192000.0,/mnt/ubna_data_04/recover-20241018/UBNA_011/20241017_022000.WAV,recover-20241018,UBNA_011,E18 Bridge
HF,46080.0,13.995668766035552,72.6435,72.651,42656.0,63852.0,Echolocation,Pipistrellus pipistrellus,0.5,0.558,-1,192000.0,/mnt/ubna_data_04/recover-20241018/UBNA_011/20241017_022000.WAV,recover-20241018,UBNA_011,E18 Bridge
HF,45120.0,11.503797416036253,140.8745,140.88060000000002,45234.0,57113.0,Echolocation,Pipistrellus pipistrellus,0.562,0.607,-1,192000.0,/mnt/ubna_data_04/recover-20241018/UBNA_011/20241017_022000.WAV,recover-20241018,UBNA_011,E18 Bridge
HF,47040.0,8.943176198545617,11.5885,11.5967,44375.0,63784.0,Echolocation,Pipistrellus pipistrellus,0.492,0.663,-1,192000.0,/mnt/ubna_data_04/recover-20241018/UBNA_011/20241017_022000.WAV,recover-20241018,UBNA_011,E18 Bridge
HF,53760.0,15.417750534215145,291.6165,291.62,43515.0,72217.0,Echolocation,Myotis alcathoe,0.414,0.643,-1,192000.0,/mnt/ubna_data_04/recover-20241018/UBNA_011/20241017_020000.WAV,recover-20241018,UBNA_011,E18 Bridge
HF,44160.0,8.593684183456409,148.6475,148.6595,43515.0,59918.0,Echolocation,Pipistrellus pipistrellus,0.431,0.545,-1,192000.0,/mnt/ubna_data_04/recover-20241018/UBNA_011/20241017_021000.WAV,recover-20241018,UBNA_011,E18 Bridge
HF,46080.0,18.545674435495624,100.1835,100.1918,44375.0,72419.0,Echolocation,Pipistrellus pipistrellus,0.444,0.603,-1,192000.0,/mnt/ubna_data_04/recover-20241018/UBNA_011/20241017_021000.WAV,recover-20241018,UBNA_011,E18 Bridge
HF,47040.0,25.346814622355144,40.7365,40.7446,43515.0,67418.0,Echolocation,Pipistrellus pipistrellus,0.576,0.64,-1,192000.0,/mnt/ubna_data_04/recover-20241018/UBNA_011/20241017_021000.WAV,recover-20241018,UBNA_011,E18 Bridge
HF,48960.0,24.726410441725175,110.8735,110.8808,43515.0,68733.0,Echolocation,Pipistrellus pipistrellus,0.667,0.709,-1,192000.0,/mnt/ubna_data_04/recover-20241018/UBNA_011/20241017_022000.WAV,recover-20241018,UBNA_011,E18 Bridge
HF,45120.0,5.560246683072866,149.2075,149.2196,44375.0,52215.0,Echolocation,Pipistrellus pipistrellus,0.44,0.518,-1,192000.0,/mnt/ubna_data_04/recover-20241018/UBNA_011/20241017_021000.WAV,recover-20241018,UBNA_011,E18 Bridge
HF,47040.0,15.858025036622491,173.2965,173.3065,44375.0,62288.0,Echolocation,Pipistrellus pipistrellus,0.519,0.641,-1,192000.0,/mnt/ubna_data_04/recover-20241018/UBNA_011/20241017_022000.WAV,recover-20241018,UBNA_011,E18 Bridge
HF,48000.0,13.995630858521588,15.1665,15.1719,46093.0,64022.0,Echolocation,Pipistrellus pipistrellus,0.495,0.614,-1,192000.0,/mnt/ubna_data_04/recover-20241018/UBNA_011/20241017_021000.WAV,recover-20241018,UBNA_011,E18 Bridge
HF,48000.0,9.470834991351335,165.1745,165.1834,45234.0,67126.0,Echolocation,Pipistrellus pipistrellus,0.444,0.584,-1,192000.0,/mnt/ubna_data_04/recover-20241018/UBNA_011/20241017_021000.WAV,recover-20241018,UBNA_011,E18 Bridge
HF,46080.0,16.81767142840835,100.2595,100.2664,46093.0,68521.0,Echolocation,Pipistrellus pipistrellus,0.369,0.521,-1,192000.0,/mnt/ubna_data_04/recover-20241018/UBNA_011/20241017_021000.WAV,recover-20241018,UBNA_011,E18 Bridge
HF,45120.0,2.914013327683944,74.3605,74.3682,43515.0,49541.0,Echolocation,Pipistrellus pipistrellus,0.484,0.512,-1,192000.0,/mnt/ubna_data_04/recover-20241018/UBNA_011/20241017_021000.WAV,recover-20241018,UBNA_011,E18 Bridge
HF,45120.0,6.042299239398493,206.4395,206.4523,45234.0,55071.0,Echolocation,Pipistrellus pipistrellus,0.446,0.503,-1,192000.0,/mnt/ubna_data_04/recover-20241018/UBNA_011/20241017_022000.WAV,recover-20241018,UBNA_011,E18 Bridge
HF,46080.0,11.382704650323046,140.9535,140.959,45234.0,56879.0,Echolocation,Pipistrellus pipistrellus,0.608,0.636,-1,192000.0,/mnt/ubna_data_04/recover-20241018/UBNA_011/20241017_022000.WAV,recover-20241018,UBNA_011,E18 Bridge
HF,46080.0,10.926366019902304,253.4665,253.4743,45234.0,57198.0,Echolocation,Pipistrellus pipistrellus,0.441,0.503,-1,192000.0,/mnt/ubna_data_04/recover-20241018/UBNA_011/20241017_022000.WAV,recover-20241018,UBNA_011,E18 Bridge
HF,47040.0,13.385275593461072,110.9625,110.9693,44375.0,56068.0,Echolocation,Pipistrellus pipistrellus,0.539,0.588,-1,192000.0,/mnt/ubna_data_04/recover-20241018/UBNA_011/20241017_022000.WAV,recover-20241018,UBNA_011,E18 Bridge
HF,46080.0,15.144097895664821,72.7105,72.7195,45234.0,65972.0,Echolocation,Pipistrellus pipistrellus,0.523,0.659,-1,192000.0,/mnt/ubna_data_04/recover-20241018/UBNA_011/20241017_022000.WAV,recover-20241018,UBNA_011,E18 Bridge
HF,46080.0,11.497389713198212,11.7675,11.7731,45234.0,59572.0,Echolocation,Pipistrellus pipistrellus,0.626,0.684,-1,192000.0,/mnt/ubna_data_04/recover-20241018/UBNA_011/20241017_022000.WAV,recover-20241018,UBNA_011,E18 Bridge
HF,48000.0,19.6759217926681,291.7535,291.7573,43515.0,76874.0,Echolocation,Myotis alcathoe,0.427,0.547,-1,192000.0,/mnt/ubna_data_04/recover-20241018/UBNA_011/20241017_020000.WAV,recover-20241018,UBNA_011,E18 Bridge
HF,45120.0,20.63290699327474,40.8335,40.8438,41796.0,68958.0,Echolocation,Pipistrellus pipistrellus,0.506,0.622,-1,192000.0,/mnt/ubna_data_04/recover-20241018/UBNA_011/20241017_021000.WAV,recover-20241018,UBNA_011,E18 Bridge
HF,45120.0,20.255908927265338,192.1915,192.1983,43515.0,69084.0,Echolocation,Pipistrellus pipistrellus,0.593,0.743,-1,192000.0,/mnt/ubna_data_04/recover-20241018/UBNA_011/20241017_021000.WAV,recover-20241018,UBNA_011,E18 Bridge
HF,47040.0,11.40548627994525,235.8235,235.8288,46093.0,59433.0,Echolocation,Pipistrellus pipistrellus,0.543,0.571,-1,192000.0,/mnt/ubna_data_04/recover-20241018/UBNA_011/20241017_021000.WAV,recover-20241018,UBNA_011,E18 Bridge
HF,46080.0,15.771892622322746,54.0865,54.0923,44375.0,65689.0,Echolocation,Pipistrellus pipistrellus,0.605,0.696,-1,192000.0,/mnt/ubna_data_04/recover-20241018/UBNA_011/20241017_022000.WAV,recover-20241018,UBNA_011,E18 Bridge
HF,48000.0,11.955769472459261,149.1085,149.1169,46093.0,59761.0,Echolocation,Pipistrellus pipistrellus,0.503,0.637,-1,192000.0,/mnt/ubna_data_04/recover-20241018/UBNA_011/20241015_033000.WAV,recover-20241018,UBNA_011,E18 Bridge
HF,54720.0,15.769447349801013,291.8245,291.828,46953.0,73353.0,Echolocation,Myotis alcathoe,0.44,0.578,-1,192000.0,/mnt/ubna_data_04/recover-20241018/UBNA_011/20241017_020000.WAV,recover-20241018,UBNA_011,E18 Bridge
HF,53760.0,9.650727784929305,192.5455,192.5503,49531.0,66043.0,Echolocation,Pipistrellus pipistrellus,0.469,0.567,-1,192000.0,/mnt/ubna_data_04/recover-20241018/UBNA_011/20241017_021000.WAV,recover-20241018,UBNA_011,E18 Bridge
HF,46080.0,19.028255018490132,165.2705,165.2783,43515.0,66671.0,Echolocation,Pipistrellus pipistrellus,0.538,0.591,-1,192000.0,/mnt/ubna_data_04/recover-20241018/UBNA_011/20241017_021000.WAV,recover-20241018,UBNA_011,E18 Bridge
HF,46080.0,11.937213493595475,72.7745,72.7837,44375.0,64339.0,Echolocation,Pipistrellus pipistrellus,0.492,0.614,-1,192000.0,/mnt/ubna_data_04/recover-20241018/UBNA_011/20241017_022000.WAV,recover-20241018,UBNA_011,E18 Bridge
HF,48000.0,5.566457286314613,74.4285,74.43430000000001,44375.0,54046.0,Echolocation,Pipistrellus pipistrellus,0.526,0.544,-1,192000.0,/mnt/ubna_data_04/recover-20241018/UBNA_011/20241017_021000.WAV,recover-20241018,UBNA_011,E18 Bridge
HF,45120.0,9.863757532737115,206.6315,206.6398,45234.0,53389.0,Echolocation,Pipistrellus pipistrellus,0.585,0.649,-1,192000.0,/mnt/ubna_data_04/recover-20241018/UBNA_011/20241017_022000.WAV,recover-20241018,UBNA_011,E18 Bridge
HF,48000.0,15.325695230363312,15.2625,15.268,46953.0,67924.0,Echolocation,Pipistrellus pipistrellus,0.506,0.599,-1,192000.0,/mnt/ubna_data_04/recover-20241018/UBNA_011/20241017_021000.WAV,recover-20241018,UBNA_011,E18 Bridge
HF,48000.0,12.787189253976866,100.4625,100.4702,46953.0,60547.0,Echolocation,Pipistrellus pipistrellus,0.488,0.542,-1,192000.0,/mnt/ubna_data_04/recover-20241018/UBNA_011/20241017_021000.WAV,recover-20241018,UBNA_011,E18 Bridge
HF,48960.0,14.361235455779466,149.1895,149.1961,46093.0,63576.0,Echolocation,Pipistrellus pipistrellus,0.428,0.558,-1,192000.0,/mnt/ubna_data_04/recover-20241018/UBNA_011/20241015_033000.WAV,recover-20241018,UBNA_011,E18 Bridge
HF,46080.0,10.930100269819851,235.9025,235.9081,45234.0,58537.0,Echolocation,Pipistrellus pipistrellus,0.506,0.568,-1,192000.0,/mnt/ubna_data_04/recover-20241018/UBNA_011/20241017_021000.WAV,recover-20241018,UBNA_011,E18 Bridge
HF,45120.0,14.234331537605463,41.0325,41.0419,44375.0,64726.0,Echolocation,Pipistrellus pipistrellus,0.467,0.607,-1,192000.0,/mnt/ubna_data_04/recover-20241018/UBNA_011/20241017_021000.WAV,recover-20241018,UBNA_011,E18 Bridge
HF,46080.0,9.681229583355343,54.1715,54.1774,45234.0,64271.0,Echolocation,Pipistrellus pipistrellus,0.58,0.696,-1,192000.0,/mnt/ubna_data_04/recover-20241018/UBNA_011/20241017_022000.WAV,recover-20241018,UBNA_011,E18 Bridge
HF,48000.0,14.592821393962538,111.0575,111.0663,45234.0,62318.0,Echolocation,Pipistrellus pipistrellus,0.486,0.599,-1,192000.0,/mnt/ubna_data_04/recover-20241018/UBNA_011/20241017_022000.WAV,recover-20241018,UBNA_011,E18 Bridge
HF,46080.0,10.889332230465262,141.0375,141.0435,45234.0,54760.0,Echolocation,Pipistrellus pipistrellus,0.603,0.616,-1,192000.0,/mnt/ubna_data_04/recover-20241018/UBNA_011/20241017_022000.WAV,recover-20241018,UBNA_011,E18 Bridge
HF,47040.0,9.18061401888303,12.0145,12.0214,46093.0,63984.0,Echolocation,Pipistrellus pipistrellus,0.54,0.667,-1,192000.0,/mnt/ubna_data_04/recover-20241018/UBNA_011/20241017_022000.WAV,recover-20241018,UBNA_011,E18 Bridge
HF,47040.0,13.120892037797457,173.4915,173.5026,45234.0,60172.0,Echolocation,Pipistrellus pipistrellus,0.485,0.623,-1,192000.0,/mnt/ubna_data_04/recover-20241018/UBNA_011/20241017_022000.WAV,recover-20241018,UBNA_011,E18 Bridge
HF,48960.0,16.11228565167538,253.54149999999998,253.5511,45234.0,66005.0,Echolocation,Pipistrellus pipistrellus,0.518,0.684,-1,192000.0,/mnt/ubna_data_04/recover-20241018/UBNA_011/20241017_022000.WAV,recover-20241018,UBNA_011,E18 Bridge
HF,48000.0,10.162809990842213,235.9815,235.9876,46093.0,58350.0,Echolocation,Pipistrellus pipistrellus,0.508,0.539,-1,192000.0,/mnt/ubna_data_04/recover-20241018/UBNA_011/20241017_021000.WAV,recover-20241018,UBNA_011,E18 Bridge
HF,48000.0,14.409911601100267,15.3525,15.3571,44375.0,64433.0,Echolocation,Pipistrellus pipistrellus,0.47,0.533,-1,192000.0,/mnt/ubna_data_04/recover-20241018/UBNA_011/20241017_021000.WAV,recover-20241018,UBNA_011,E18 Bridge
HF,46080.0,4.999928984427876,206.7225,206.7323,45234.0,52258.0,Echolocation,Pipistrellus pipistrellus,0.477,0.529,-1,192000.0,/mnt/ubna_data_04/recover-20241018/UBNA_011/20241017_022000.WAV,recover-20241018,UBNA_011,E18 Bridge
HF,45120.0,14.960304422296797,111.1505,111.1579,44375.0,63390.0,Echolocation,Pipistrellus pipistrellus,0.568,0.698,-1,192000.0,/mnt/ubna_data_04/recover-20241018/UBNA_011/20241017_022000.WAV,recover-20241018,UBNA_011,E18 Bridge
HF,46080.0,9.319925987407116,141.1275,141.133,45234.0,55840.0,Echolocation,Pipistrellus pipistrellus,0.617,0.657,-1,192000.0,/mnt/ubna_data_04/recover-20241018/UBNA_011/20241017_022000.WAV,recover-20241018,UBNA_011,E18 Bridge
HF,46080.0,9.77789212470801,253.6365,253.6453,45234.0,56862.0,Echolocation,Pipistrellus pipistrellus,0.488,0.59,-1,192000.0,/mnt/ubna_data_04/recover-20241018/UBNA_011/20241017_022000.WAV,recover-20241018,UBNA_011,E18 Bridge
HF,48000.0,13.552081973195635,74.5265,74.5321,44375.0,56163.0,Echolocation,Pipistrellus pipistrellus,0.617,0.65,-1,192000.0,/mnt/ubna_data_04/recover-20241018/UBNA_011/20241017_021000.WAV,recover-20241018,UBNA_011,E18 Bridge
HF,48000.0,17.65499899146212,193.3495,193.3543,44375.0,63078.0,Echolocation,Pipistrellus pipistrellus,0.564,0.656,-1,192000.0,/mnt/ubna_data_04/recover-20241018/UBNA_011/20241017_021000.WAV,recover-20241018,UBNA_011,E18 Bridge
HF,46080.0,15.70663072700395,72.9515,72.9605,44375.0,61785.0,Echolocation,Pipistrellus pipistrellus,0.51,0.649,-1,192000.0,/mnt/ubna_data_04/recover-20241018/UBNA_011/20241017_022000.WAV,recover-20241018,UBNA_011,E18 Bridge
HF,52800.0,15.393283599663953,100.5285,100.537,46953.0,68032.0,Echolocation,Pipistrellus pipistrellus,0.486,0.616,-1,192000.0,/mnt/ubna_data_04/recover-20241018/UBNA_011/20241017_021000.WAV,recover-20241018,UBNA_011,E18 Bridge
HF,48000.0,14.139670619718672,165.3505,165.3576,46093.0,66523.0,Echolocation,Pipistrellus pipistrellus,0.586,0.665,-1,192000.0,/mnt/ubna_data_04/recover-20241018/UBNA_011/20241017_021000.WAV,recover-20241018,UBNA_011,E18 Bridge
HF,47040.0,8.22842973205997,41.1435,41.1519,45234.0,55282.0,Echolocation,Pipistrellus pipistrellus,0.482,0.523,-1,192000.0,/mnt/ubna_data_04/recover-20241018/UBNA_011/20241017_021000.WAV,recover-20241018,UBNA_011,E18 Bridge
HF,48000.0,17.93014203757647,149.3635,149.3701,42656.0,68552.0,Echolocation,Pipistrellus pipistrellus,0.481,0.567,-1,192000.0,/mnt/ubna_data_04/recover-20241018/UBNA_011/20241015_033000.WAV,recover-20241018,UBNA_011,E18 Bridge
HF,46080.0,20.50197165347413,173.6805,173.6889,43515.0,66166.0,Echolocation,Pipistrellus pipistrellus,0.583,0.665,-1,192000.0,/mnt/ubna_data_04/recover-20241018/UBNA_011/20241017_022000.WAV,recover-20241018,UBNA_011,E18 Bridge
HF,54720.0,18.7619498223686,291.9765,291.9802,45234.0,80171.0,Echolocation,Myotis alcathoe,0.528,0.631,-1,192000.0,/mnt/ubna_data_04/recover-20241018/UBNA_011/20241017_020000.WAV,recover-20241018,UBNA_011,E18 Bridge
HF,46080.0,12.569244300931517,54.3575,54.3666,44375.0,65054.0,Echolocation,Pipistrellus pipistrellus,0.538,0.731,-1,192000.0,/mnt/ubna_data_04/recover-20241018/UBNA_011/20241017_022000.WAV,recover-20241018,UBNA_011,E18 Bridge
HF,47040.0,6.869090337612298,12.1005,12.108,45234.0,64312.0,Echolocation,Pipistrellus pipistrellus,0.529,0.693,-1,192000.0,/mnt/ubna_data_04/recover-20241018/UBNA_011/20241017_022000.WAV,recover-20241018,UBNA_011,E18 Bridge
HF,48000.0,14.388023812371017,165.4275,165.4356,45234.0,66535.0,Echolocation,Pipistrellus pipistrellus,0.526,0.65,-1,192000.0,/mnt/ubna_data_04/recover-20241018/UBNA_011/20241017_021000.WAV,recover-20241018,UBNA_011,E18 Bridge
HF,48000.0,16.133630339427377,100.6905,100.6999,45234.0,61251.0,Echolocation,Pipistrellus pipistrellus,0.482,0.57,-1,192000.0,/mnt/ubna_data_04/recover-20241018/UBNA_011/20241017_021000.WAV,recover-20241018,UBNA_011,E18 Bridge
HF,54720.0,9.430850937750186,236.0615,236.0664,45234.0,61436.0,Echolocation,Pipistrellus pipistrellus,0.426,0.501,-1,192000.0,/mnt/ubna_data_04/recover-20241018/UBNA_011/20241017_021000.WAV,recover-20241018,UBNA_011,E18 Bridge
HF,48000.0,15.62964766653251,15.4405,15.4463,45234.0,67026.0,Echolocation,Pipistrellus pipistrellus,0.467,0.554,-1,192000.0,/mnt/ubna_data_04/recover-20241018/UBNA_011/20241017_021000.WAV,recover-20241018,UBNA_011,E18 Bridge
HF,47040.0,12.75658176644303,41.2515,41.2622,45234.0,65538.0,Echolocation,Pipistrellus pipistrellus,0.426,0.568,-1,192000.0,/mnt/ubna_data_04/recover-20241018/UBNA_011/20241017_021000.WAV,recover-20241018,UBNA_011,E18 Bridge
HF,46080.0,20.508018084659906,111.3485,111.3555,44375.0,65114.0,Echolocation,Pipistrellus pipistrellus,0.627,0.716,-1,192000.0,/mnt/ubna_data_04/recover-20241018/UBNA_011/20241017_022000.WAV,recover-20241018,UBNA_011,E18 Bridge
HF,47040.0,12.029872290210083,141.2195,141.2252,46093.0,57012.0,Echolocation,Pipistrellus pipistrellus,0.577,0.599,-1,192000.0,/mnt/ubna_data_04/recover-20241018/UBNA_011/20241017_022000.WAV,recover-20241018,UBNA_011,E18 Bridge
HF,46080.0,9.898861729512747,149.4555,149.461,43515.0,55944.0,Echolocation,Pipistrellus pipistrellus,0.471,0.512,-1,192000.0,/mnt/ubna_data_04/recover-20241018/UBNA_011/20241015_033000.WAV,recover-20241018,UBNA_011,E18 Bridge
HF,48000.0,5.290402335054551,12.1835,12.1907,46093.0,60422.0,Echolocation,Pipistrellus pipistrellus,0.425,0.5,-1,192000.0,/mnt/ubna_data_04/recover-20241018/UBNA_011/20241017_022000.WAV,recover-20241018,UBNA_011,E18 Bridge
HF,46080.0,13.682724088927504,54.451499999999996,54.458200000000005,44375.0,68719.0,Echolocation,Pipistrellus pipistrellus,0.576,0.665,-1,192000.0,/mnt/ubna_data_04/recover-20241018/UBNA_011/20241017_022000.WAV,recover-20241018,UBNA_011,E18 Bridge
HF,46080.0,18.462992793934315,253.7335,253.7421,45234.0,61007.0,Echolocation,Pipistrellus pipistrellus,0.535,0.655,-1,192000.0,/mnt/ubna_data_04/recover-20241018/UBNA_011/20241017_022000.WAV,recover-20241018,UBNA_011,E18 Bridge
HF,45120.0,13.565553474623147,206.9095,206.9177,43515.0,57736.0,Echolocation,Pipistrellus pipistrellus,0.611,0.673,-1,192000.0,/mnt/ubna_data_04/recover-20241018/UBNA_011/20241017_022000.WAV,recover-20241018,UBNA_011,E18 Bridge
HF,46080.0,9.793452010703271,73.0185,73.0264,45234.0,65411.0,Echolocation,Pipistrellus pipistrellus,0.556,0.685,-1,192000.0,/mnt/ubna_data_04/recover-20241018/UBNA_011/20241017_022000.WAV,recover-20241018,UBNA_011,E18 Bridge
HF,47040.0,19.606303969822104,193.5955,193.6004,43515.0,65148.0,Echolocation,Pipistrellus pipistrellus,0.489,0.585,-1,192000.0,/mnt/ubna_data_04/recover-20241018/UBNA_011/20241017_021000.WAV,recover-20241018,UBNA_011,E18 Bridge
HF,46080.0,6.390263788883216,173.7855,173.7948,45234.0,52398.0,Echolocation,Pipistrellus pipistrellus,0.484,0.533,-1,192000.0,/mnt/ubna_data_04/recover-20241018/UBNA_011/20241017_022000.WAV,recover-20241018,UBNA_011,E18 Bridge
HF,48960.0,18.615713607099558,292.0515,292.0548,43515.0,72122.0,Echolocation,Myotis brandtii,0.318,0.56,-1,192000.0,/mnt/ubna_data_04/recover-20241018/UBNA_011/20241017_020000.WAV,recover-20241018,UBNA_011,E18 Bridge
HF,47040.0,16.200612968315472,74.7025,74.7084,44375.0,60424.0,Echolocation,Pipistrellus pipistrellus,0.614,0.698,-1,192000.0,/mnt/ubna_data_04/recover-20241018/UBNA_011/20241017_021000.WAV,recover-20241018,UBNA_011,E18 Bridge
HF,46080.0,11.344244185665005,42.4885,42.4985,44375.0,62667.0,Echolocation,Pipistrellus pipistrellus,0.382,0.52,-1,192000.0,/mnt/ubna_data_04/recover-20241018/UBNA_011/20241017_021000.WAV,recover-20241018,UBNA_011,E18 Bridge
HF,45120.0,11.555644502812083,173.8735,173.8835,42656.0,63789.0,Echolocation,Pipistrellus pipistrellus,0.485,0.579,-1,192000.0,/mnt/ubna_data_04/recover-20241018/UBNA_011/20241017_022000.WAV,recover-20241018,UBNA_011,E18 Bridge
HF,48000.0,13.923805429088965,101.0505,101.0586,45234.0,56967.0,Echolocation,Pipistrellus pipistrellus,0.529,0.571,-1,192000.0,/mnt/ubna_data_04/recover-20241018/UBNA_011/20241017_021000.WAV,recover-20241018,UBNA_011,E18 Bridge
HF,48000.0,14.231548891119132,165.67849999999999,165.6868,45234.0,61584.0,Echolocation,Pipistrellus pipistrellus,0.428,0.56,-1,192000.0,/mnt/ubna_data_04/recover-20241018/UBNA_011/20241017_021000.WAV,recover-20241018,UBNA_011,E18 Bridge
HF,47040.0,7.54103484121498,206.9995,207.0082,45234.0,57642.0,Echolocation,Pipistrellus pipistrellus,0.573,0.618,-1,192000.0,/mnt/ubna_data_04/recover-20241018/UBNA_011/20241017_022000.WAV,recover-20241018,UBNA_011,E18 Bridge
HF,46080.0,14.35103104808508,253.8295,253.8382,46093.0,59905.0,Echolocation,Pipistrellus pipistrellus,0.531,0.619,-1,192000.0,/mnt/ubna_data_04/recover-20241018/UBNA_011/20241017_022000.WAV,recover-20241018,UBNA_011,E18 Bridge
HF,48960.0,8.24246690374141,73.1825,73.1883,46953.0,60823.0,Echolocation,Pipistrellus pipistrellus,0.527,0.549,-1,192000.0,/mnt/ubna_data_04/recover-20241018/UBNA_011/20241017_022000.WAV,recover-20241018,UBNA_011,E18 Bridge
HF,54720.0,16.874001619680122,15.5305,15.5358,45234.0,67436.0,Echolocation,Pipistrellus pipistrellus,0.465,0.559,-1,192000.0,/mnt/ubna_data_04/recover-20241018/UBNA_011/20241017_021000.WAV,recover-20241018,UBNA_011,E18 Bridge
HF,45120.0,16.76846484719014,149.5435,149.55349999999999,43515.0,63133.0,Echolocation,Pipistrellus pipistrellus,0.499,0.651,-1,192000.0,/mnt/ubna_data_04/recover-20241018/UBNA_011/20241015_033000.WAV,recover-20241018,UBNA_011,E18 Bridge
HF,53760.0,21.58550410568335,292.2555,292.2595,40937.0,80261.0,Echolocation,Myotis brandtii,0.326,0.594,-1,192000.0,/mnt/ubna_data_04/recover-20241018/UBNA_011/20241017_020000.WAV,recover-20241018,UBNA_011,E18 Bridge
HF,46080.0,9.11349975271079,12.2665,12.2743,45234.0,62007.0,Echolocation,Pipistrellus pipistrellus,0.495,0.568,-1,192000.0,/mnt/ubna_data_04/recover-20241018/UBNA_011/20241017_022000.WAV,recover-20241018,UBNA_011,E18 Bridge
HF,47040.0,15.282049902654844,141.2865,141.29149999999998,45234.0,63551.0,Echolocation,Pipistrellus pipistrellus,0.619,0.686,-1,192000.0,/mnt/ubna_data_04/recover-20241018/UBNA_011/20241017_022000.WAV,recover-20241018,UBNA_011,E18 Bridge
HF,46080.0,6.079771764762202,193.6825,193.688,45234.0,55305.0,Echolocation,Pipistrellus pipistrellus,0.564,0.587,-1,192000.0,/mnt/ubna_data_04/recover-20241018/UBNA_011/20241017_021000.WAV,recover-20241018,UBNA_011,E18 Bridge
HF,46080.0,11.117687043747896,111.4475,111.45349999999999,45234.0,57353.0,Echolocation,Pipistrellus pipistrellus,0.525,0.565,-1,192000.0,/mnt/ubna_data_04/recover-20241018/UBNA_011/20241017_022000.WAV,recover-20241018,UBNA_011,E18 Bridge
HF,51840.0,11.021337243144597,236.1365,236.1432,46093.0,64685.0,Echolocation,Pipistrellus pipistrellus,0.483,0.574,-1,192000.0,/mnt/ubna_data_04/recover-20241018/UBNA_011/20241017_021000.WAV,recover-20241018,UBNA_011,E18 Bridge
HF,45120.0,13.467206367685113,54.6455,54.6542,43515.0,64645.0,Echolocation,Pipistrellus pipistrellus,0.532,0.661,-1,192000.0,/mnt/ubna_data_04/recover-20241018/UBNA_011/20241017_022000.WAV,recover-20241018,UBNA_011,E18 Bridge
HF,45120.0,13.107714114731987,74.7915,74.7985,44375.0,59502.0,Echolocation,Pipistrellus pipistrellus,0.591,0.718,-1,192000.0,/mnt/ubna_data_04/recover-20241018/UBNA_011/20241017_021000.WAV,recover-20241018,UBNA_011,E18 Bridge
HF,47040.0,10.022168602764932,73.4915,73.4995,46093.0,62793.0,Echolocation,Pipistrellus pipistrellus,0.501,0.591,-1,192000.0,/mnt/ubna_data_04/recover-20241018/UBNA_011/20241017_022000.WAV,recover-20241018,UBNA_011,E18 Bridge
HF,46080.0,14.572903523146062,207.1775,207.1863,44375.0,57993.0,Echolocation,Pipistrellus pipistrellus,0.557,0.625,-1,192000.0,/mnt/ubna_data_04/recover-20241018/UBNA_011/20241017_022000.WAV,recover-20241018,UBNA_011,E18 Bridge
HF,45120.0,12.711670221526369,42.5805,42.5909,43515.0,58556.0,Echolocation,Pipistrellus pipistrellus,0.38,0.511,-1,192000.0,/mnt/ubna_data_04/recover-20241018/UBNA_011/20241017_021000.WAV,recover-20241018,UBNA_011,E18 Bridge
HF,47040.0,22.0348969884394,174.0345,174.0402,43515.0,66728.0,Echolocation,Pipistrellus pipistrellus,0.586,0.645,-1,192000.0,/mnt/ubna_data_04/recover-20241018/UBNA_011/20241017_022000.WAV,recover-20241018,UBNA_011,E18 Bridge
HF,46080.0,8.3232635149574,112.3005,112.3077,46093.0,58010.0,Echolocation,Pipistrellus pipistrellus,0.548,0.578,-1,192000.0,/mnt/ubna_data_04/recover-20241018/UBNA_011/20241017_021000.WAV,recover-20241018,UBNA_011,E18 Bridge
HF,47040.0,9.315976955959998,54.8515,54.8652,44375.0,63646.0,Echolocation,Pipistrellus pipistrellus,0.372,0.527,-1,192000.0,/mnt/ubna_data_04/recover-20241018/UBNA_011/20241017_022000.WAV,recover-20241018,UBNA_011,E18 Bridge
HF,53760.0,21.308977274349843,292.3205,292.3244,41796.0,77892.0,Echolocation,Myotis brandtii,0.305,0.559,-1,192000.0,/mnt/ubna_data_04/recover-20241018/UBNA_011/20241017_020000.WAV,recover-20241018,UBNA_011,E18 Bridge
HF,46080.0,14.860696229943752,193.7705,193.7753,44375.0,58581.0,Echolocation,Pipistrellus pipistrellus,0.573,0.656,-1,192000.0,/mnt/ubna_data_04/recover-20241018/UBNA_011/20241017_021000.WAV,recover-20241018,UBNA_011,E18 Bridge
HF,45120.0,15.999517096386128,111.54050000000001,111.5489,43515.0,61889.0,Echolocation,Pipistrellus pipistrellus,0.598,0.668,-1,192000.0,/mnt/ubna_data_04/recover-20241018/UBNA_011/20241017_022000.WAV,recover-20241018,UBNA_011,E18 Bridge
HF,47040.0,9.672932499688738,165.8345,165.8421,44375.0,55632.0,Echolocation,Pipistrellus pipistrellus,0.526,0.566,-1,192000.0,/mnt/ubna_data_04/recover-20241018/UBNA_011/20241017_021000.WAV,recover-20241018,UBNA_011,E18 Bridge
HF,48000.0,7.016234575174932,12.4415,12.4503,46953.0,66380.0,Echolocation,Pipistrellus pipistrellus,0.523,0.651,-1,192000.0,/mnt/ubna_data_04/recover-20241018/UBNA_011/20241017_022000.WAV,recover-20241018,UBNA_011,E18 Bridge
HF,48000.0,10.419377485624253,236.2175,236.2227,44375.0,64485.0,Echolocation,Pipistrellus pipistrellus,0.503,0.605,-1,192000.0,/mnt/ubna_data_04/recover-20241018/UBNA_011/20241017_021000.WAV,recover-20241018,UBNA_011,E18 Bridge
HF,46080.0,22.63038133103365,149.7525,149.75979999999998,44375.0,66505.0,Echolocation,Pipistrellus pipistrellus,0.61,0.665,-1,192000.0,/mnt/ubna_data_04/recover-20241018/UBNA_011/20241015_033000.WAV,recover-20241018,UBNA_011,E18 Bridge
HF,47040.0,15.007849916592374,141.3625,141.3678,45234.0,61880.0,Echolocation,Pipistrellus pipistrellus,0.487,0.524,-1,192000.0,/mnt/ubna_data_04/recover-20241018/UBNA_011/20241017_022000.WAV,recover-20241018,UBNA_011,E18 Bridge
HF,46080.0,4.172433281166212,74.8825,74.8888,45234.0,54623.0,Echolocation,Pipistrellus pipistrellus,0.527,0.539,-1,192000.0,/mnt/ubna_data_04/recover-20241018/UBNA_011/20241017_021000.WAV,recover-20241018,UBNA_011,E18 Bridge
HF,46080.0,14.014553891921594,253.9215,253.9324,44375.0,63141.0,Echolocation,Pipistrellus pipistrellus,0.47,0.577,-1,192000.0,/mnt/ubna_data_04/recover-20241018/UBNA_011/20241017_022000.WAV,recover-20241018,UBNA_011,E18 Bridge
HF,48000.0,17.696088073801565,15.6235,15.6298,46093.0,67003.0,Echolocation,Pipistrellus pipistrellus,0.591,0.692,-1,192000.0,/mnt/ubna_data_04/recover-20241018/UBNA_011/20241017_021000.WAV,recover-20241018,UBNA_011,E18 Bridge
HF,47040.0,8.965172499331205,149.8495,149.856,44375.0,52483.0,Echolocation,Pipistrellus pipistrellus,0.418,0.514,-1,192000.0,/mnt/ubna_data_04/recover-20241018/UBNA_011/20241015_033000.WAV,recover-20241018,UBNA_011,E18 Bridge
HF,53760.0,26.057804341586007,292.3925,292.3976,41796.0,87227.0,Echolocation,Myotis brandtii,0.385,0.591,-1,192000.0,/mnt/ubna_data_04/recover-20241018/UBNA_011/20241017_020000.WAV,recover-20241018,UBNA_011,E18 Bridge
HF,46080.0,16.101841056630075,15.7175,15.7259,45234.0,66340.0,Echolocation,Pipistrellus pipistrellus,0.469,0.703,-1,192000.0,/mnt/ubna_data_04/recover-20241018/UBNA_011/20241017_021000.WAV,recover-20241018,UBNA_011,E18 Bridge
HF,46080.0,5.392440580003961,193.8625,193.8671,45234.0,55247.0,Echolocation,Pipistrellus pipistrellus,0.518,0.536,-1,192000.0,/mnt/ubna_data_04/recover-20241018/UBNA_011/20241017_021000.WAV,recover-20241018,UBNA_011,E18 Bridge
HF,47040.0,16.140211293161023,43.429500000000004,43.4338,45234.0,63502.0,Echolocation,Pipistrellus pipistrellus,0.502,0.564,-1,192000.0,/mnt/ubna_data_04/recover-20241018/UBNA_011/20241017_021000.WAV,recover-20241018,UBNA_011,E18 Bridge
HF,48000.0,5.892872208235248,12.5335,12.5422,46093.0,65636.0,Echolocation,Pipistrellus pipistrellus,0.458,0.575,-1,192000.0,/mnt/ubna_data_04/recover-20241018/UBNA_011/20241017_022000.WAV,recover-20241018,UBNA_011,E18 Bridge
HF,45120.0,6.573702464281032,207.2725,207.2851,44375.0,49836.0,Echolocation,Pipistrellus pipistrellus,0.495,0.583,-1,192000.0,/mnt/ubna_data_04/recover-20241018/UBNA_011/20241017_022000.WAV,recover-20241018,UBNA_011,E18 Bridge
HF,47040.0,17.977440997720024,111.7285,111.73949999999999,43515.0,67440.0,Echolocation,Pipistrellus pipistrellus,0.583,0.729,-1,192000.0,/mnt/ubna_data_04/recover-20241018/UBNA_011/20241017_022000.WAV,recover-20241018,UBNA_011,E18 Bridge
HF,46080.0,12.805595177568831,236.3885,236.3944,45234.0,65274.0,Echolocation,Pipistrellus pipistrellus,0.513,0.68,-1,192000.0,/mnt/ubna_data_04/recover-20241018/UBNA_011/20241017_021000.WAV,recover-20241018,UBNA_011,E18 Bridge
HF,46080.0,17.538170138067123,254.1115,254.1204,45234.0,63874.0,Echolocation,Pipistrellus pipistrellus,0.492,0.659,-1,192000.0,/mnt/ubna_data_04/recover-20241018/UBNA_011/20241017_022000.WAV,recover-20241018,UBNA_011,E18 Bridge
HF,48000.0,15.055925114853121,141.4445,141.4503,44375.0,62106.0,Echolocation,Pipistrellus pipistrellus,0.497,0.557,-1,192000.0,/mnt/ubna_data_04/recover-20241018/UBNA_011/20241017_022000.WAV,recover-20241018,UBNA_011,E18 Bridge
HF,47040.0,14.712229767124516,166.01749999999998,166.0279,44375.0,59642.0,Echolocation,Pipistrellus pipistrellus,0.541,0.636,-1,192000.0,/mnt/ubna_data_04/recover-20241018/UBNA_011/20241017_021000.WAV,recover-20241018,UBNA_011,E18 Bridge
HF,45120.0,11.490906965030096,74.9715,74.978,44375.0,56987.0,Echolocation,Pipistrellus pipistrellus,0.615,0.656,-1,192000.0,/mnt/ubna_data_04/recover-20241018/UBNA_011/20241017_021000.WAV,recover-20241018,UBNA_011,E18 Bridge
HF,54720.0,5.098518415827971,112.3875,112.39529999999999,46953.0,64579.0,Echolocation,Pipistrellus pipistrellus,0.528,0.576,-1,192000.0,/mnt/ubna_data_04/recover-20241018/UBNA_011/20241017_021000.WAV,recover-20241018,UBNA_011,E18 Bridge
HF,46080.0,7.954144270776526,55.0505,55.064099999999996,44375.0,53872.0,Echolocation,Pipistrellus pipistrellus,0.399,0.51,-1,192000.0,/mnt/ubna_data_04/recover-20241018/UBNA_011/20241017_022000.WAV,recover-20241018,UBNA_011,E18 Bridge
HF,45120.0,11.082243043233477,73.64750000000001,73.654,43515.0,59265.0,Echolocation,Pipistrellus pipistrellus,0.59,0.627,-1,192000.0,/mnt/ubna_data_04/recover-20241018/UBNA_011/20241017_022000.WAV,recover-20241018,UBNA_011,E18 Bridge
HF,45120.0,8.07267659443361,174.2235,174.23329999999999,44375.0,62239.0,Echolocation,Pipistrellus pipistrellus,0.442,0.557,-1,192000.0,/mnt/ubna_data_04/recover-20241018/UBNA_011/20241017_022000.WAV,recover-20241018,UBNA_011,E18 Bridge
HF,46080.0,15.06043344145576,75.1605,75.1674,44375.0,55513.0,Echolocation,Pipistrellus pipistrellus,0.604,0.648,-1,192000.0,/mnt/ubna_data_04/recover-20241018/UBNA_011/20241017_021000.WAV,recover-20241018,UBNA_011,E18 Bridge
HF,48000.0,16.261640970784804,141.5265,141.5319,45234.0,63248.0,Echolocation,Pipistrellus pipistrellus,0.572,0.651,-1,192000.0,/mnt/ubna_data_04/recover-20241018/UBNA_011/20241017_022000.WAV,recover-20241018,UBNA_011,E18 Bridge
HF,46080.0,13.048980824842747,15.9605,15.9721,45234.0,68590.0,Echolocation,Pipistrellus pipistrellus,0.511,0.686,-1,192000.0,/mnt/ubna_data_04/recover-20241018/UBNA_011/20241017_021000.WAV,recover-20241018,UBNA_011,E18 Bridge
HF,46080.0,13.611777971245536,293.4785,293.4878,45234.0,60965.0,Echolocation,Pipistrellus pipistrellus,0.305,0.509,-1,192000.0,/mnt/ubna_data_04/recover-20241018/UBNA_011/20241017_020000.WAV,recover-20241018,UBNA_011,E18 Bridge
HF,48000.0,5.285568686215863,112.4685,112.47540000000001,47812.0,62062.0,Echolocation,Pipistrellus pipistrellus,0.536,0.572,-1,192000.0,/mnt/ubna_data_04/recover-20241018/UBNA_011/20241017_021000.WAV,recover-20241018,UBNA_011,E18 Bridge
HF,47040.0,11.992010552734115,43.838499999999996,43.8436,44375.0,62823.0,Echolocation,Pipistrellus pipistrellus,0.335,0.534,-1,192000.0,/mnt/ubna_data_04/recover-20241018/UBNA_011/20241017_021000.WAV,recover-20241018,UBNA_011,E18 Bridge
HF,48000.0,8.056829398668395,236.4725,236.4781,46093.0,58850.0,Echolocation,Pipistrellus pipistrellus,0.531,0.564,-1,192000.0,/mnt/ubna_data_04/recover-20241018/UBNA_011/20241017_021000.WAV,recover-20241018,UBNA_011,E18 Bridge
HF,47040.0,11.493029175125681,193.9485,193.9539,45234.0,59327.0,Echolocation,Pipistrellus pipistrellus,0.606,0.663,-1,192000.0,/mnt/ubna_data_04/recover-20241018/UBNA_011/20241017_021000.WAV,recover-20241018,UBNA_011,E18 Bridge
HF,47040.0,16.01946817082399,149.9445,149.9533,43515.0,62524.0,Echolocation,Pipistrellus pipistrellus,0.521,0.648,-1,192000.0,/mnt/ubna_data_04/recover-20241018/UBNA_011/20241015_033000.WAV,recover-20241018,UBNA_011,E18 Bridge
HF,48000.0,6.929473167999492,12.7175,12.7271,46093.0,62630.0,Echolocation,Pipistrellus pipistrellus,0.418,0.522,-1,192000.0,/mnt/ubna_data_04/recover-20241018/UBNA_011/20241017_022000.WAV,recover-20241018,UBNA_011,E18 Bridge
HF,47040.0,15.576437341297675,111.9605,111.9695,45234.0,64731.0,Echolocation,Pipistrellus pipistrellus,0.568,0.667,-1,192000.0,/mnt/ubna_data_04/recover-20241018/UBNA_011/20241017_022000.WAV,recover-20241018,UBNA_011,E18 Bridge
HF,45120.0,9.542304059307911,166.2195,166.2304,43515.0,55504.0,Echolocation,Pipistrellus pipistrellus,0.447,0.519,-1,192000.0,/mnt/ubna_data_04/recover-20241018/UBNA_011/20241017_021000.WAV,recover-20241018,UBNA_011,E18 Bridge
HF,46080.0,12.28826352511298,207.3675,207.37709999999998,45234.0,60859.0,Echolocation,Pipistrellus pipistrellus,0.554,0.608,-1,192000.0,/mnt/ubna_data_04/recover-20241018/UBNA_011/20241017_022000.WAV,recover-20241018,UBNA_011,E18 Bridge
HF,47040.0,14.050329435159492,254.3125,254.3218,45234.0,61010.0,Echolocation,Pipistrellus pipistrellus,0.473,0.577,-1,192000.0,/mnt/ubna_data_04/recover-20241018/UBNA_011/20241017_022000.WAV,recover-20241018,UBNA_011,E18 Bridge
HF,45120.0,9.959391666252657,73.8145,73.8219,44375.0,58404.0,Echolocation,Pipistrellus pipistrellus,0.507,0.635,-1,192000.0,/mnt/ubna_data_04/recover-20241018/UBNA_011/20241017_022000.WAV,recover-20241018,UBNA_011,E18 Bridge
HF,46080.0,18.230481287205865,174.3065,174.31459999999998,44375.0,66792.0,Echolocation,Pipistrellus pipistrellus,0.597,0.678,-1,192000.0,/mnt/ubna_data_04/recover-20241018/UBNA_011/20241017_022000.WAV,recover-20241018,UBNA_011,E18 Bridge
HF,48960.0,14.325777544838738,236.55349999999999,236.559,46093.0,66389.0,Echolocation,Pipistrellus pipistrellus,0.518,0.622,-1,192000.0,/mnt/ubna_data_04/recover-20241018/UBNA_011/20241017_021000.WAV,recover-20241018,UBNA_011,E18 Bridge
HF,46080.0,11.287260729679593,194.1295,194.1351,45234.0,57766.0,Echolocation,Pipistrellus pipistrellus,0.539,0.64,-1,192000.0,/mnt/ubna_data_04/recover-20241018/UBNA_011/20241017_021000.WAV,recover-20241018,UBNA_011,E18 Bridge
HF,47040.0,7.897467749189529,112.5535,112.5604,46953.0,60405.0,Echolocation,Pipistrellus pipistrellus,0.645,0.685,-1,192000.0,/mnt/ubna_data_04/recover-20241018/UBNA_011/20241017_021000.WAV,recover-20241018,UBNA_011,E18 Bridge
HF,46080.0,5.786199278453315,12.8165,12.8271,46093.0,63796.0,Echolocation,Pipistrellus pipistrellus,0.441,0.549,-1,192000.0,/mnt/ubna_data_04/recover-20241018/UBNA_011/20241017_022000.WAV,recover-20241018,UBNA_011,E18 Bridge
HF,48000.0,16.781240248231683,207.4615,207.4703,42656.0,63853.0,Echolocation,Pipistrellus pipistrellus,0.533,0.594,-1,192000.0,/mnt/ubna_data_04/recover-20241018/UBNA_011/20241017_022000.WAV,recover-20241018,UBNA_011,E18 Bridge
HF,46080.0,7.044228430663577,74.1065,74.1196,45234.0,54147.0,Echolocation,Pipistrellus pipistrellus,0.444,0.52,-1,192000.0,/mnt/ubna_data_04/recover-20241018/UBNA_011/20241017_022000.WAV,recover-20241018,UBNA_011,E18 Bridge
HF,46080.0,18.790363226705892,141.6905,141.69650000000001,44375.0,64627.0,Echolocation,Pipistrellus pipistrellus,0.572,0.626,-1,192000.0,/mnt/ubna_data_04/recover-20241018/UBNA_011/20241017_022000.WAV,recover-20241018,UBNA_011,E18 Bridge
HF,46080.0,8.079285430000603,75.2475,75.2535,44375.0,55608.0,Echolocation,Pipistrellus pipistrellus,0.647,0.702,-1,192000.0,/mnt/ubna_data_04/recover-20241018/UBNA_011/20241017_021000.WAV,recover-20241018,UBNA_011,E18 Bridge
HF,46080.0,8.837335545659567,43.9165,43.9215,43515.0,60854.0,Echolocation,Pipistrellus pipistrellus,0.451,0.591,-1,192000.0,/mnt/ubna_data_04/recover-20241018/UBNA_011/20241017_021000.WAV,recover-20241018,UBNA_011,E18 Bridge
HF,46080.0,9.49369127612856,254.5045,254.5155,45234.0,60072.0,Echolocation,Pipistrellus pipistrellus,0.427,0.519,-1,192000.0,/mnt/ubna_data_04/recover-20241018/UBNA_011/20241017_022000.WAV,recover-20241018,UBNA_011,E18 Bridge
HF,51840.0,6.6044432345119795,166.4365,166.4429,46953.0,60420.0,Echolocation,Pipistrellus pipistrellus,0.517,0.587,-1,192000.0,/mnt/ubna_data_04/recover-20241018/UBNA_011/20241017_021000.WAV,recover-20241018,UBNA_011,E18 Bridge
HF,46080.0,20.725095659144,174.4955,174.5038,43515.0,64618.0,Echolocation,Pipistrellus pipistrellus,0.557,0.691,-1,192000.0,/mnt/ubna_data_04/recover-20241018/UBNA_011/20241017_022000.WAV,recover-20241018,UBNA_011,E18 Bridge
HF,46080.0,9.581554935044725,112.0615,112.0712,45234.0,54741.0,Echolocation,Pipistrellus pipistrellus,0.443,0.629,-1,192000.0,/mnt/ubna_data_04/recover-20241018/UBNA_011/20241017_022000.WAV,recover-20241018,UBNA_011,E18 Bridge
HF,46080.0,11.021048846242953,16.1455,16.1538,45234.0,64738.0,Echolocation,Pipistrellus pipistrellus,0.558,0.664,-1,192000.0,/mnt/ubna_data_04/recover-20241018/UBNA_011/20241017_021000.WAV,recover-20241018,UBNA_011,E18 Bridge
HF,44160.0,16.60374830025625,75.5095,75.5163,42656.0,57056.0,Echolocation,Pipistrellus pipistrellus,0.652,0.699,-1,192000.0,/mnt/ubna_data_04/recover-20241018/UBNA_011/20241017_021000.WAV,recover-20241018,UBNA_011,E18 Bridge
HF,46080.0,18.75753727060216,141.7785,141.7842,45234.0,58229.0,Echolocation,Pipistrellus pipistrellus,0.614,0.649,-1,192000.0,/mnt/ubna_data_04/recover-20241018/UBNA_011/20241017_022000.WAV,recover-20241018,UBNA_011,E18 Bridge
HF,45120.0,8.696304193262549,74.2955,74.3034,44375.0,60977.0,Echolocation,Pipistrellus pipistrellus,0.525,0.662,-1,192000.0,/mnt/ubna_data_04/recover-20241018/UBNA_011/20241017_022000.WAV,recover-20241018,UBNA_011,E18 Bridge
HF,47040.0,9.062884982543087,112.6335,112.6412,44375.0,64133.0,Echolocation,Pipistrellus pipistrellus,0.617,0.653,-1,192000.0,/mnt/ubna_data_04/recover-20241018/UBNA_011/20241017_021000.WAV,recover-20241018,UBNA_011,E18 Bridge
HF,45120.0,11.584562235101332,166.5245,166.53,44375.0,57346.0,Echolocation,Pipistrellus pipistrellus,0.62,0.646,-1,192000.0,/mnt/ubna_data_04/recover-20241018/UBNA_011/20241017_021000.WAV,recover-20241018,UBNA_011,E18 Bridge
HF,46080.0,21.276857422246405,16.5825,16.5869,45234.0,66002.0,Echolocation,Pipistrellus pipistrellus,0.557,0.657,-1,192000.0,/mnt/ubna_data_04/recover-20241018/UBNA_011/20241017_021000.WAV,recover-20241018,UBNA_011,E18 Bridge
HF,46080.0,8.564006483521585,12.9025,12.914,45234.0,63006.0,Echolocation,Pipistrellus pipistrellus,0.395,0.56,-1,192000.0,/mnt/ubna_data_04/recover-20241018/UBNA_011/20241017_022000.WAV,recover-20241018,UBNA_011,E18 Bridge
HF,46080.0,15.548078740300937,112.1565,112.1697,46093.0,63297.0,Echolocation,Pipistrellus pipistrellus,0.262,0.526,-1,192000.0,/mnt/ubna_data_04/recover-20241018/UBNA_011/20241017_022000.WAV,recover-20241018,UBNA_011,E18 Bridge
HF,46080.0,14.54669802632154,174.6935,174.7026,43515.0,64017.0,Echolocation,Pipistrellus pipistrellus,0.571,0.653,-1,192000.0,/mnt/ubna_data_04/recover-20241018/UBNA_011/20241017_022000.WAV,recover-20241018,UBNA_011,E18 Bridge
HF,45120.0,9.663645520202904,207.5555,207.5659,45234.0,53845.0,Echolocation,Pipistrellus pipistrellus,0.542,0.575,-1,192000.0,/mnt/ubna_data_04/recover-20241018/UBNA_011/20241017_022000.WAV,recover-20241018,UBNA_011,E18 Bridge
HF,46080.0,8.453023408641062,254.8945,254.9084,44375.0,57051.0,Echolocation,Pipistrellus pipistrellus,0.434,0.517,-1,192000.0,/mnt/ubna_data_04/recover-20241018/UBNA_011/20241017_022000.WAV,recover-20241018,UBNA_011,E18 Bridge
HF,46080.0,11.448958182075955,194.2905,194.2966,45234.0,57405.0,Echolocation,Pipistrellus pipistrellus,0.582,0.647,-1,192000.0,/mnt/ubna_data_04/recover-20241018/UBNA_011/20241017_021000.WAV,recover-20241018,UBNA_011,E18 Bridge
HF,48000.0,17.21322678382659,236.6355,236.6407,45234.0,64098.0,Echolocation,Pipistrellus pipistrellus,0.57,0.674,-1,192000.0,/mnt/ubna_data_04/recover-20241018/UBNA_011/20241017_021000.WAV,recover-20241018,UBNA_011,E18 Bridge
HF,46080.0,15.95231790299639,44.0065,44.0122,44375.0,71475.0,Echolocation,Pipistrellus pipistrellus,0.563,0.686,-1,192000.0,/mnt/ubna_data_04/recover-20241018/UBNA_011/20241017_021000.WAV,recover-20241018,UBNA_011,E18 Bridge
HF,46080.0,9.187799881599654,255.1615,255.1722,44375.0,54195.0,Echolocation,Pipistrellus pipistrellus,0.534,0.616,-1,192000.0,/mnt/ubna_data_04/recover-20241018/UBNA_011/20241017_022000.WAV,recover-20241018,UBNA_011,E18 Bridge
HF,46080.0,12.179525094112433,112.7285,112.73519999999999,45234.0,55363.0,Echolocation,Pipistrellus pipistrellus,0.607,0.64,-1,192000.0,/mnt/ubna_data_04/recover-20241018/UBNA_011/20241017_021000.WAV,recover-20241018,UBNA_011,E18 Bridge
HF,47040.0,13.165180418119922,44.0935,44.0982,44375.0,62987.0,Echolocation,Pipistrellus pipistrellus,0.534,0.629,-1,192000.0,/mnt/ubna_data_04/recover-20241018/UBNA_011/20241017_021000.WAV,recover-20241018,UBNA_011,E18 Bridge
HF,47040.0,11.83588902400941,141.9385,141.9454,46093.0,64600.0,Echolocation,Pipistrellus pipistrellus,0.545,0.678,-1,192000.0,/mnt/ubna_data_04/recover-20241018/UBNA_011/20241017_022000.WAV,recover-20241018,UBNA_011,E18 Bridge
HF,44160.0,9.377896963121652,75.6055,75.6124,43515.0,52245.0,Echolocation,Pipistrellus pipistrellus,0.584,0.668,-1,192000.0,/mnt/ubna_data_04/recover-20241018/UBNA_011/20241017_021000.WAV,recover-20241018,UBNA_011,E18 Bridge
HF,45120.0,14.269330249575123,112.2575,112.268,44375.0,58008.0,Echolocation,Pipistrellus pipistrellus,0.515,0.673,-1,192000.0,/mnt/ubna_data_04/recover-20241018/UBNA_011/20241017_022000.WAV,recover-20241018,UBNA_011,E18 Bridge
HF,60480.0,8.4549057682941,16.6705,16.6754,46093.0,68805.0,Echolocation,Pipistrellus pipistrellus,0.399,0.561,-1,192000.0,/mnt/ubna_data_04/recover-20241018/UBNA_011/20241017_021000.WAV,recover-20241018,UBNA_011,E18 Bridge
HF,45120.0,11.402425258129618,207.6455,207.6546,44375.0,57597.0,Echolocation,Pipistrellus pipistrellus,0.519,0.587,-1,192000.0,/mnt/ubna_data_04/recover-20241018/UBNA_011/20241017_022000.WAV,recover-20241018,UBNA_011,E18 Bridge
HF,46080.0,7.091704533764423,166.7025,166.7088,45234.0,57550.0,Echolocation,Pipistrellus pipistrellus,0.534,0.596,-1,192000.0,/mnt/ubna_data_04/recover-20241018/UBNA_011/20241017_021000.WAV,recover-20241018,UBNA_011,E18 Bridge
HF,46080.0,8.810031063402155,12.9815,12.9919,44375.0,62820.0,Echolocation,Pipistrellus pipistrellus,0.353,0.512,-1,192000.0,/mnt/ubna_data_04/recover-20241018/UBNA_011/20241017_022000.WAV,recover-20241018,UBNA_011,E18 Bridge
HF,55680.0,15.743042811743477,236.7185,236.72390000000001,46093.0,68139.0,Echolocation,Pipistrellus pipistrellus,0.461,0.555,-1,192000.0,/mnt/ubna_data_04/recover-20241018/UBNA_011/20241017_021000.WAV,recover-20241018,UBNA_011,E18 Bridge
HF,45120.0,15.653957189464716,194.4775,194.4838,43515.0,56467.0,Echolocation,Pipistrellus pipistrellus,0.654,0.714,-1,192000.0,/mnt/ubna_data_04/recover-20241018/UBNA_011/20241017_021000.WAV,recover-20241018,UBNA_011,E18 Bridge
HF,45120.0,11.61629606173683,74.4805,74.4872,44375.0,55346.0,Echolocation,Pipistrellus pipistrellus,0.532,0.608,-1,192000.0,/mnt/ubna_data_04/recover-20241018/UBNA_011/20241017_022000.WAV,recover-20241018,UBNA_011,E18 Bridge
HF,46080.0,16.43687946408891,174.9665,174.9736,44375.0,64552.0,Echolocation,Pipistrellus pipistrellus,0.594,0.681,-1,192000.0,/mnt/ubna_data_04/recover-20241018/UBNA_011/20241017_022000.WAV,recover-20241018,UBNA_011,E18 Bridge
HF,46080.0,11.199971712682384,112.8135,112.8206,45234.0,62660.0,Echolocation,Pipistrellus pipistrellus,0.622,0.691,-1,192000.0,/mnt/ubna_data_04/recover-20241018/UBNA_011/20241017_021000.WAV,recover-20241018,UBNA_011,E18 Bridge
HF,47040.0,8.955624722756347,116.6585,116.66720000000001,45234.0,62384.0,Echolocation,Pipistrellus pipistrellus,0.488,0.545,-1,192000.0,/mnt/ubna_data_04/recover-20241018/UBNA_011/20241017_022000.WAV,recover-20241018,UBNA_011,E18 Bridge
HF,48000.0,10.66910291230014,44.1805,44.184799999999996,43515.0,61163.0,Echolocation,Pipistrellus pipistrellus,0.536,0.598,-1,192000.0,/mnt/ubna_data_04/recover-20241018/UBNA_011/20241017_021000.WAV,recover-20241018,UBNA_011,E18 Bridge
HF,46080.0,17.09113774630047,194.6635,194.6695,44375.0,57328.0,Echolocation,Pipistrellus pipistrellus,0.632,0.723,-1,192000.0,/mnt/ubna_data_04/recover-20241018/UBNA_011/20241017_021000.WAV,recover-20241018,UBNA_011,E18 Bridge
HF,44160.0,15.324044510869061,75.7015,75.708,43515.0,54356.0,Echolocation,Pipistrellus pipistrellus,0.67,0.708,-1,192000.0,/mnt/ubna_data_04/recover-20241018/UBNA_011/20241017_021000.WAV,recover-20241018,UBNA_011,E18 Bridge
HF,46080.0,23.837297941189014,16.7615,16.7666,44375.0,67238.0,Echolocation,Pipistrellus pipistrellus,0.571,0.665,-1,192000.0,/mnt/ubna_data_04/recover-20241018/UBNA_011/20241017_021000.WAV,recover-20241018,UBNA_011,E18 Bridge
HF,47040.0,13.839968057764874,16.1315,16.1367,45234.0,66820.0,Echolocation,Pipistrellus pipistrellus,0.543,0.619,-1,192000.0,/mnt/ubna_data_04/recover-20241018/UBNA_011/20241017_022000.WAV,recover-20241018,UBNA_011,E18 Bridge
HF,45120.0,17.219249326533458,74.5665,74.5728,44375.0,59828.0,Echolocation,Pipistrellus pipistrellus,0.623,0.731,-1,192000.0,/mnt/ubna_data_04/recover-20241018/UBNA_011/20241017_022000.WAV,recover-20241018,UBNA_011,E18 Bridge
HF,47040.0,11.106418355448223,175.1835,175.1925,46093.0,57931.0,Echolocation,Pipistrellus pipistrellus,0.475,0.517,-1,192000.0,/mnt/ubna_data_04/recover-20241018/UBNA_011/20241017_022000.WAV,recover-20241018,UBNA_011,E18 Bridge
HF,52800.0,15.36449203520879,237.5975,237.6033,45234.0,61573.0,Echolocation,Pipistrellus pipistrellus,0.532,0.618,-1,192000.0,/mnt/ubna_data_04/recover-20241018/UBNA_011/20241017_021000.WAV,recover-20241018,UBNA_011,E18 Bridge
HF,46080.0,7.255325744520395,166.79149999999998,166.7975,45234.0,57268.0,Echolocation,Pipistrellus pipistrellus,0.639,0.691,-1,192000.0,/mnt/ubna_data_04/recover-20241018/UBNA_011/20241017_021000.WAV,recover-20241018,UBNA_011,E18 Bridge
HF,46080.0,9.070522026790494,260.3685,260.3795,45234.0,57100.0,Echolocation,Pipistrellus pipistrellus,0.511,0.612,-1,192000.0,/mnt/ubna_data_04/recover-20241018/UBNA_011/20241017_022000.WAV,recover-20241018,UBNA_011,E18 Bridge
HF,46080.0,13.35056826570051,207.7345,207.7428,45234.0,57809.0,Echolocation,Pipistrellus pipistrellus,0.567,0.6,-1,192000.0,/mnt/ubna_data_04/recover-20241018/UBNA_011/20241017_022000.WAV,recover-20241018,UBNA_011,E18 Bridge
HF,47040.0,6.630983650041471,142.02949999999998,142.0388,46093.0,57435.0,Echolocation,Pipistrellus pipistrellus,0.502,0.532,-1,192000.0,/mnt/ubna_data_04/recover-20241018/UBNA_011/20241017_022000.WAV,recover-20241018,UBNA_011,E18 Bridge
HF,47040.0,13.82640909387283,142.1205,142.1308,45234.0,64006.0,Echolocation,Pipistrellus pipistrellus,0.469,0.651,-1,192000.0,/mnt/ubna_data_04/recover-20241018/UBNA_011/20241017_022000.WAV,recover-20241018,UBNA_011,E18 Bridge
HF,48000.0,11.83891271531131,207.8185,207.8256,45234.0,61863.0,Echolocation,Pipistrellus pipistrellus,0.627,0.67,-1,192000.0,/mnt/ubna_data_04/recover-20241018/UBNA_011/20241017_022000.WAV,recover-20241018,UBNA_011,E18 Bridge
HF,47040.0,9.03830045230291,116.8295,116.8389,45234.0,58928.0,Echolocation,Pipistrellus pipistrellus,0.475,0.525,-1,192000.0,/mnt/ubna_data_04/recover-20241018/UBNA_011/20241017_022000.WAV,recover-20241018,UBNA_011,E18 Bridge
HF,47040.0,8.628273497964775,260.7725,260.7855,44375.0,58509.0,Echolocation,Pipistrellus pipistrellus,0.415,0.52,-1,192000.0,/mnt/ubna_data_04/recover-20241018/UBNA_011/20241017_022000.WAV,recover-20241018,UBNA_011,E18 Bridge
HF,46080.0,10.416271032408293,112.9025,112.9099,45234.0,62092.0,Echolocation,Pipistrellus pipistrellus,0.53,0.66,-1,192000.0,/mnt/ubna_data_04/recover-20241018/UBNA_011/20241017_021000.WAV,recover-20241018,UBNA_011,E18 Bridge
HF,47040.0,9.64273749797777,166.9125,166.9179,46093.0,58483.0,Echolocation,Pipistrellus pipistrellus,0.57,0.596,-1,192000.0,/mnt/ubna_data_04/recover-20241018/UBNA_011/20241017_021000.WAV,recover-20241018,UBNA_011,E18 Bridge
HF,46080.0,18.213856335483396,44.2645,44.2695,43515.0,64614.0,Echolocation,Pipistrellus pipistrellus,0.672,0.721,-1,192000.0,/mnt/ubna_data_04/recover-20241018/UBNA_011/20241017_021000.WAV,recover-20241018,UBNA_011,E18 Bridge
HF,47040.0,10.8345586909485,16.2095,16.2156,44375.0,63832.0,Echolocation,Pipistrellus pipistrellus,0.472,0.593,-1,192000.0,/mnt/ubna_data_04/recover-20241018/UBNA_011/20241017_022000.WAV,recover-20241018,UBNA_011,E18 Bridge
HF,48000.0,20.03825106474325,175.3855,175.3921,44375.0,58741.0,Echolocation,Pipistrellus pipistrellus,0.65,0.689,-1,192000.0,/mnt/ubna_data_04/recover-20241018/UBNA_011/20241017_022000.WAV,recover-20241018,UBNA_011,E18 Bridge
HF,52800.0,12.435238550913837,16.8935,16.8977,50390.0,70934.0,Echolocation,Myotis alcathoe,0.348,0.517,-1,192000.0,/mnt/ubna_data_04/recover-20241018/UBNA_011/20241017_021000.WAV,recover-20241018,UBNA_011,E18 Bridge
HF,45120.0,9.35335974007967,74.7485,74.75489999999999,44375.0,52269.0,Echolocation,Pipistrellus pipistrellus,0.52,0.548,-1,192000.0,/mnt/ubna_data_04/recover-20241018/UBNA_011/20241017_022000.WAV,recover-20241018,UBNA_011,E18 Bridge
HF,47040.0,5.606734215287562,237.6695,237.677,46953.0,62483.0,Echolocation,Pipistrellus pipistrellus,0.467,0.582,-1,192000.0,/mnt/ubna_data_04/recover-20241018/UBNA_011/20241017_021000.WAV,recover-20241018,UBNA_011,E18 Bridge
HF,46080.0,9.35216379179777,75.8015,75.8085,44375.0,53131.0,Echolocation,Pipistrellus pipistrellus,0.545,0.578,-1,192000.0,/mnt/ubna_data_04/recover-20241018/UBNA_011/20241017_021000.WAV,recover-20241018,UBNA_011,E18 Bridge
HF,46080.0,7.329647080081313,194.7455,194.7509,45234.0,58368.0,Echolocation,Pipistrellus pipistrellus,0.49,0.536,-1,192000.0,/mnt/ubna_data_04/recover-20241018/UBNA_011/20241017_021000.WAV,recover-20241018,UBNA_011,E18 Bridge
HF,54720.0,17.65402151090456,17.2165,17.2202,47812.0,74631.0,Echolocation,Myotis alcathoe,0.453,0.516,-1,192000.0,/mnt/ubna_data_04/recover-20241018/UBNA_011/20241017_021000.WAV,recover-20241018,UBNA_011,E18 Bridge
HF,46080.0,13.710202625521664,142.3115,142.3208,45234.0,66323.0,Echolocation,Pipistrellus pipistrellus,0.538,0.682,-1,192000.0,/mnt/ubna_data_04/recover-20241018/UBNA_011/20241017_022000.WAV,recover-20241018,UBNA_011,E18 Bridge
HF,45120.0,10.606072259454141,207.9135,207.9259,44375.0,53112.0,Echolocation,Pipistrellus pipistrellus,0.469,0.527,-1,192000.0,/mnt/ubna_data_04/recover-20241018/UBNA_011/20241017_022000.WAV,recover-20241018,UBNA_011,E18 Bridge
HF,46080.0,15.201022953219388,117.3965,117.40690000000001,45234.0,60001.0,Echolocation,Pipistrellus pipistrellus,0.546,0.624,-1,192000.0,/mnt/ubna_data_04/recover-20241018/UBNA_011/20241017_022000.WAV,recover-20241018,UBNA_011,E18 Bridge
HF,45120.0,11.631959696431828,175.4835,175.4916,44375.0,54212.0,Echolocation,Pipistrellus pipistrellus,0.562,0.602,-1,192000.0,/mnt/ubna_data_04/recover-20241018/UBNA_011/20241017_022000.WAV,recover-20241018,UBNA_011,E18 Bridge
HF,47040.0,11.435855322781649,194.8945,194.8992,44375.0,61401.0,Echolocation,Pipistrellus pipistrellus,0.478,0.555,-1,192000.0,/mnt/ubna_data_04/recover-20241018/UBNA_011/20241017_021000.WAV,recover-20241018,UBNA_011,E18 Bridge
HF,47040.0,9.83451684040145,261.2455,261.2554,45234.0,66371.0,Echolocation,Pipistrellus pipistrellus,0.428,0.551,-1,192000.0,/mnt/ubna_data_04/recover-20241018/UBNA_011/20241017_022000.WAV,recover-20241018,UBNA_011,E18 Bridge
HF,48000.0,9.563313674776301,16.2895,16.2958,45234.0,65701.0,Echolocation,Pipistrellus pipistrellus,0.436,0.52,-1,192000.0,/mnt/ubna_data_04/recover-20241018/UBNA_011/20241017_022000.WAV,recover-20241018,UBNA_011,E18 Bridge
HF,47040.0,9.968498055620692,112.9785,112.9844,45234.0,59978.0,Echolocation,Pipistrellus pipistrellus,0.543,0.589,-1,192000.0,/mnt/ubna_data_04/recover-20241018/UBNA_011/20241017_021000.WAV,recover-20241018,UBNA_011,E18 Bridge
HF,48000.0,7.105359414272621,237.8245,237.8336,46093.0,62877.0,Echolocation,Pipistrellus pipistrellus,0.41,0.508,-1,192000.0,/mnt/ubna_data_04/recover-20241018/UBNA_011/20241017_021000.WAV,recover-20241018,UBNA_011,E18 Bridge
HF,46080.0,16.70284624813749,44.3525,44.3581,44375.0,71894.0,Echolocation,Pipistrellus pipistrellus,0.591,0.667,-1,192000.0,/mnt/ubna_data_04/recover-20241018/UBNA_011/20241017_021000.WAV,recover-20241018,UBNA_011,E18 Bridge
HF,46080.0,13.774709186013393,75.8905,75.89750000000001,43515.0,56302.0,Echolocation,Pipistrellus pipistrellus,0.562,0.621,-1,192000.0,/mnt/ubna_data_04/recover-20241018/UBNA_011/20241017_021000.WAV,recover-20241018,UBNA_011,E18 Bridge
HF,45120.0,11.75647540601797,74.8265,74.8326,44375.0,57388.0,Echolocation,Pipistrellus pipistrellus,0.589,0.648,-1,192000.0,/mnt/ubna_data_04/recover-20241018/UBNA_011/20241017_022000.WAV,recover-20241018,UBNA_011,E18 Bridge
HF,46080.0,9.863837422442408,167.0705,167.076,45234.0,56106.0,Echolocation,Pipistrellus pipistrellus,0.581,0.63,-1,192000.0,/mnt/ubna_data_04/recover-20241018/UBNA_011/20241017_021000.WAV,recover-20241018,UBNA_011,E18 Bridge
HF,47040.0,10.896021410967476,237.9865,237.9921,45234.0,64337.0,Echolocation,Pipistrellus pipistrellus,0.462,0.58,-1,192000.0,/mnt/ubna_data_04/recover-20241018/UBNA_011/20241017_021000.WAV,recover-20241018,UBNA_011,E18 Bridge
HF,48000.0,11.858045738146163,208.0755,208.0848,44375.0,61846.0,Echolocation,Pipistrellus pipistrellus,0.445,0.547,-1,192000.0,/mnt/ubna_data_04/recover-20241018/UBNA_011/20241017_022000.WAV,recover-20241018,UBNA_011,E18 Bridge
HF,46080.0,10.145542463040066,261.3255,261.3343,45234.0,63166.0,Echolocation,Pipistrellus pipistrellus,0.445,0.553,-1,192000.0,/mnt/ubna_data_04/recover-20241018/UBNA_011/20241017_022000.WAV,recover-20241018,UBNA_011,E18 Bridge
HF,46080.0,9.1388088090348,142.4095,142.4193,45234.0,54238.0,Echolocation,Pipistrellus pipistrellus,0.441,0.557,-1,192000.0,/mnt/ubna_data_04/recover-20241018/UBNA_011/20241017_022000.WAV,recover-20241018,UBNA_011,E18 Bridge
HF,45120.0,2.634749768350378,167.3305,167.3373,44375.0,51262.0,Echolocation,Pipistrellus pipistrellus,0.579,0.604,-1,192000.0,/mnt/ubna_data_04/recover-20241018/UBNA_011/20241017_021000.WAV,recover-20241018,UBNA_011,E18 Bridge
HF,46080.0,10.684217908595308,74.9055,74.9104,46093.0,56144.0,Echolocation,Pipistrellus pipistrellus,0.599,0.61,-1,192000.0,/mnt/ubna_data_04/recover-20241018/UBNA_011/20241017_022000.WAV,recover-20241018,UBNA_011,E18 Bridge
HF,47040.0,16.50005996627524,44.5325,44.5371,44375.0,67412.0,Echolocation,Pipistrellus pipistrellus,0.536,0.591,-1,192000.0,/mnt/ubna_data_04/recover-20241018/UBNA_011/20241017_021000.WAV,recover-20241018,UBNA_011,E18 Bridge
HF,46080.0,4.332439357157395,75.9805,75.9873,45234.0,52329.0,Echolocation,Pipistrellus pipistrellus,0.545,0.564,-1,192000.0,/mnt/ubna_data_04/recover-20241018/UBNA_011/20241017_021000.WAV,recover-20241018,UBNA_011,E18 Bridge
HF,47040.0,13.340078896217653,117.5865,117.5968,46093.0,65886.0,Echolocation,Pipistrellus pipistrellus,0.458,0.586,-1,192000.0,/mnt/ubna_data_04/recover-20241018/UBNA_011/20241017_022000.WAV,recover-20241018,UBNA_011,E18 Bridge
HF,53760.0,11.061580361713364,16.3695,16.375,46093.0,64519.0,Echolocation,Pipistrellus pipistrellus,0.47,0.563,-1,192000.0,/mnt/ubna_data_04/recover-20241018/UBNA_011/20241017_022000.WAV,recover-20241018,UBNA_011,E18 Bridge
HF,52800.0,6.072949541981938,113.1405,113.1461,48671.0,57771.0,Echolocation,Pipistrellus pipistrellus,0.516,0.524,-1,192000.0,/mnt/ubna_data_04/recover-20241018/UBNA_011/20241017_021000.WAV,recover-20241018,UBNA_011,E18 Bridge
HF,47040.0,14.256640417631623,194.9785,194.9841,45234.0,61244.0,Echolocation,Pipistrellus pipistrellus,0.524,0.631,-1,192000.0,/mnt/ubna_data_04/recover-20241018/UBNA_011/20241017_021000.WAV,recover-20241018,UBNA_011,E18 Bridge
HF,51840.0,22.178354904527215,17.5845,17.5882,46953.0,78110.0,Echolocation,Myotis alcathoe,0.507,0.56,-1,192000.0,/mnt/ubna_data_04/recover-20241018/UBNA_011/20241017_021000.WAV,recover-20241018,UBNA_011,E18 Bridge
HF,45120.0,13.440247989526535,175.6795,175.6871,43515.0,56746.0,Echolocation,Pipistrellus pipistrellus,0.601,0.671,-1,192000.0,/mnt/ubna_data_04/recover-20241018/UBNA_011/20241017_022000.WAV,recover-20241018,UBNA_011,E18 Bridge
HF,45120.0,8.113838274002074,167.4185,167.4249,44375.0,53973.0,Echolocation,Pipistrellus pipistrellus,0.573,0.608,-1,192000.0,/mnt/ubna_data_04/recover-20241018/UBNA_011/20241017_021000.WAV,recover-20241018,UBNA_011,E18 Bridge
HF,48000.0,21.934520914692786,44.8975,44.9036,43515.0,73351.0,Echolocation,Pipistrellus pipistrellus,0.657,0.688,-1,192000.0,/mnt/ubna_data_04/recover-20241018/UBNA_011/20241017_021000.WAV,recover-20241018,UBNA_011,E18 Bridge
HF,46080.0,13.689060942970494,195.0605,195.0663,44375.0,58805.0,Echolocation,Pipistrellus pipistrellus,0.601,0.693,-1,192000.0,/mnt/ubna_data_04/recover-20241018/UBNA_011/20241017_021000.WAV,recover-20241018,UBNA_011,E18 Bridge
HF,48000.0,9.654435045743515,208.1505,208.1569,46953.0,58616.0,Echolocation,Pipistrellus pipistrellus,0.529,0.548,-1,192000.0,/mnt/ubna_data_04/recover-20241018/UBNA_011/20241017_022000.WAV,recover-20241018,UBNA_011,E18 Bridge
HF,48960.0,4.995605131939641,113.2895,113.2974,47812.0,58720.0,Echolocation,Pipistrellus pipistrellus,0.481,0.504,-1,192000.0,/mnt/ubna_data_04/recover-20241018/UBNA_011/20241017_021000.WAV,recover-20241018,UBNA_011,E18 Bridge
HF,52800.0,8.803518394445168,238.1385,238.1432,51250.0,69764.0,Echolocation,Pipistrellus pipistrellus,0.332,0.529,-1,192000.0,/mnt/ubna_data_04/recover-20241018/UBNA_011/20241017_021000.WAV,recover-20241018,UBNA_011,E18 Bridge
HF,46080.0,15.509034617531498,142.4995,142.5086,45234.0,65167.0,Echolocation,Pipistrellus pipistrellus,0.526,0.692,-1,192000.0,/mnt/ubna_data_04/recover-20241018/UBNA_011/20241017_022000.WAV,recover-20241018,UBNA_011,E18 Bridge
HF,47040.0,13.811870203662709,16.4475,16.4527,46093.0,63691.0,Echolocation,Pipistrellus pipistrellus,0.623,0.711,-1,192000.0,/mnt/ubna_data_04/recover-20241018/UBNA_011/20241017_022000.WAV,recover-20241018,UBNA_011,E18 Bridge
HF,47040.0,13.100758228346695,261.4055,261.4148,46093.0,65986.0,Echolocation,Pipistrellus pipistrellus,0.506,0.656,-1,192000.0,/mnt/ubna_data_04/recover-20241018/UBNA_011/20241017_022000.WAV,recover-20241018,UBNA_011,E18 Bridge
HF,45120.0,7.547628304156577,175.7925,175.7994,43515.0,55050.0,Echolocation,Pipistrellus pipistrellus,0.589,0.632,-1,192000.0,/mnt/ubna_data_04/recover-20241018/UBNA_011/20241017_022000.WAV,recover-20241018,UBNA_011,E18 Bridge
HF,48000.0,9.179568995947838,74.9825,74.9873,45234.0,56751.0,Echolocation,Pipistrellus pipistrellus,0.551,0.58,-1,192000.0,/mnt/ubna_data_04/recover-20241018/UBNA_011/20241017_022000.WAV,recover-20241018,UBNA_011,E18 Bridge
HF,51840.0,25.149772865337134,17.6465,17.6505,45234.0,79924.0,Echolocation,Myotis alcathoe,0.495,0.58,-1,192000.0,/mnt/ubna_data_04/recover-20241018/UBNA_011/20241017_021000.WAV,recover-20241018,UBNA_011,E18 Bridge
HF,46080.0,16.85344332270621,76.0695,76.0746,43515.0,53103.0,Echolocation,Pipistrellus pipistrellus,0.608,0.669,-1,192000.0,/mnt/ubna_data_04/recover-20241018/UBNA_011/20241017_021000.WAV,recover-20241018,UBNA_011,E18 Bridge
HF,46080.0,14.879730601993696,117.6765,117.68690000000001,44375.0,60710.0,Echolocation,Pipistrellus pipistrellus,0.469,0.658,-1,192000.0,/mnt/ubna_data_04/recover-20241018/UBNA_011/20241017_022000.WAV,recover-20241018,UBNA_011,E18 Bridge
HF,47040.0,9.227872192161726,167.4985,167.5041,44375.0,54997.0,Echolocation,Pipistrellus pipistrellus,0.567,0.587,-1,192000.0,/mnt/ubna_data_04/recover-20241018/UBNA_011/20241017_021000.WAV,recover-20241018,UBNA_011,E18 Bridge
HF,47040.0,14.511090524964983,208.2315,208.2382,45234.0,62791.0,Echolocation,Pipistrellus pipistrellus,0.61,0.703,-1,192000.0,/mnt/ubna_data_04/recover-20241018/UBNA_011/20241017_022000.WAV,recover-20241018,UBNA_011,E18 Bridge
HF,52800.0,31.397094009625178,17.8475,17.8512,42656.0,76271.0,Echolocation,Myotis alcathoe,0.424,0.52,-1,192000.0,/mnt/ubna_data_04/recover-20241018/UBNA_011/20241017_021000.WAV,recover-20241018,UBNA_011,E18 Bridge
HF,47040.0,5.732990062909215,261.4965,261.5048,46093.0,55823.0,Echolocation,Pipistrellus pipistrellus,0.594,0.639,-1,192000.0,/mnt/ubna_data_04/recover-20241018/UBNA_011/20241017_022000.WAV,recover-20241018,UBNA_011,E18 Bridge
HF,46080.0,7.304870404683755,142.6005,142.60739999999998,45234.0,57360.0,Echolocation,Pipistrellus pipistrellus,0.525,0.583,-1,192000.0,/mnt/ubna_data_04/recover-20241018/UBNA_011/20241017_022000.WAV,recover-20241018,UBNA_011,E18 Bridge
HF,47040.0,10.887518808970105,75.0595,75.0646,46093.0,60120.0,Echolocation,Pipistrellus pipistrellus,0.53,0.581,-1,192000.0,/mnt/ubna_data_04/recover-20241018/UBNA_011/20241017_022000.WAV,recover-20241018,UBNA_011,E18 Bridge
HF,48000.0,12.409292234357325,16.5305,16.5374,44375.0,67275.0,Echolocation,Pipistrellus pipistrellus,0.509,0.656,-1,192000.0,/mnt/ubna_data_04/recover-20241018/UBNA_011/20241017_022000.WAV,recover-20241018,UBNA_011,E18 Bridge
HF,46080.0,17.803187245626027,76.2405,76.2458,45234.0,61420.0,Echolocation,Pipistrellus pipistrellus,0.633,0.748,-1,192000.0,/mnt/ubna_data_04/recover-20241018/UBNA_011/20241017_021000.WAV,recover-20241018,UBNA_011,E18 Bridge
HF,48000.0,7.9429375823620845,113.3805,113.3878,46953.0,62034.0,Echolocation,Pipistrellus pipistrellus,0.614,0.701,-1,192000.0,/mnt/ubna_data_04/recover-20241018/UBNA_011/20241017_021000.WAV,recover-20241018,UBNA_011,E18 Bridge
HF,46080.0,16.435321933061857,195.1675,195.1728,43515.0,59156.0,Echolocation,Pipistrellus pipistrellus,0.577,0.626,-1,192000.0,/mnt/ubna_data_04/recover-20241018/UBNA_011/20241017_021000.WAV,recover-20241018,UBNA_011,E18 Bridge
HF,48000.0,15.472415793999899,45.073499999999996,45.0824,45234.0,69812.0,Echolocation,Pipistrellus pipistrellus,0.365,0.555,-1,192000.0,/mnt/ubna_data_04/recover-20241018/UBNA_011/20241017_021000.WAV,recover-20241018,UBNA_011,E18 Bridge
HF,46080.0,18.40405777288735,117.8715,117.8815,43515.0,63065.0,Echolocation,Pipistrellus pipistrellus,0.473,0.634,-1,192000.0,/mnt/ubna_data_04/recover-20241018/UBNA_011/20241017_022000.WAV,recover-20241018,UBNA_011,E18 Bridge
HF,45120.0,15.292996360647553,176.0015,176.0083,43515.0,56152.0,Echolocation,Pipistrellus pipistrellus,0.554,0.604,-1,192000.0,/mnt/ubna_data_04/recover-20241018/UBNA_011/20241017_022000.WAV,recover-20241018,UBNA_011,E18 Bridge
HF,47040.0,9.672218369374876,238.2225,238.2288,44375.0,64597.0,Echolocation,Pipistrellus pipistrellus,0.396,0.591,-1,192000.0,/mnt/ubna_data_04/recover-20241018/UBNA_011/20241017_021000.WAV,recover-20241018,UBNA_011,E18 Bridge
HF,48000.0,21.3846579683044,78.22749999999999,78.2327,45234.0,70153.0,Echolocation,Pipistrellus pipistrellus,0.498,0.578,-1,192000.0,/mnt/ubna_data_04/recover-20241018/UBNA_011/20241017_021000.WAV,recover-20241018,UBNA_011,E18 Bridge
HF,46080.0,6.196937056384934,117.97149999999999,117.9795,45234.0,57432.0,Echolocation,Pipistrellus pipistrellus,0.587,0.63,-1,192000.0,/mnt/ubna_data_04/recover-20241018/UBNA_011/20241017_022000.WAV,recover-20241018,UBNA_011,E18 Bridge
HF,48000.0,7.503237731157498,75.1425,75.1481,45234.0,60361.0,Echolocation,Pipistrellus pipistrellus,0.466,0.565,-1,192000.0,/mnt/ubna_data_04/recover-20241018/UBNA_011/20241017_022000.WAV,recover-20241018,UBNA_011,E18 Bridge
HF,47040.0,13.413613364013843,238.2985,238.3052,45234.0,69429.0,Echolocation,Pipistrellus pipistrellus,0.388,0.586,-1,192000.0,/mnt/ubna_data_04/recover-20241018/UBNA_011/20241017_021000.WAV,recover-20241018,UBNA_011,E18 Bridge
HF,46080.0,15.809550259932434,45.1595,45.1651,44375.0,64332.0,Echolocation,Pipistrellus pipistrellus,0.605,0.71,-1,192000.0,/mnt/ubna_data_04/recover-20241018/UBNA_011/20241017_021000.WAV,recover-20241018,UBNA_011,E18 Bridge
HF,46080.0,15.52892646383552,17.9895,17.9968,45234.0,59378.0,Echolocation,Pipistrellus pipistrellus,0.428,0.547,-1,192000.0,/mnt/ubna_data_04/recover-20241018/UBNA_011/20241017_021000.WAV,recover-20241018,UBNA_011,E18 Bridge
HF,48000.0,13.246866013713722,208.3105,208.3191,45234.0,65535.0,Echolocation,Pipistrellus pipistrellus,0.549,0.652,-1,192000.0,/mnt/ubna_data_04/recover-20241018/UBNA_011/20241017_022000.WAV,recover-20241018,UBNA_011,E18 Bridge
HF,46080.0,10.608230301890693,195.2435,195.2491,45234.0,59403.0,Echolocation,Pipistrellus pipistrellus,0.461,0.507,-1,192000.0,/mnt/ubna_data_04/recover-20241018/UBNA_011/20241017_021000.WAV,recover-20241018,UBNA_011,E18 Bridge
HF,46080.0,8.452230889086444,176.4245,176.4297,46093.0,58521.0,Echolocation,Pipistrellus pipistrellus,0.639,0.671,-1,192000.0,/mnt/ubna_data_04/recover-20241018/UBNA_011/20241017_022000.WAV,recover-20241018,UBNA_011,E18 Bridge
HF,48000.0,9.267672129536631,113.4725,113.4782,46953.0,60747.0,Echolocation,Pipistrellus pipistrellus,0.697,0.745,-1,192000.0,/mnt/ubna_data_04/recover-20241018/UBNA_011/20241017_021000.WAV,recover-20241018,UBNA_011,E18 Bridge
HF,48000.0,12.924957619972389,16.6075,16.6136,46093.0,66258.0,Echolocation,Pipistrellus pipistrellus,0.574,0.688,-1,192000.0,/mnt/ubna_data_04/recover-20241018/UBNA_011/20241017_022000.WAV,recover-20241018,UBNA_011,E18 Bridge
HF,48000.0,21.581034890824288,261.5865,261.5919,45234.0,63485.0,Echolocation,Pipistrellus pipistrellus,0.661,0.681,-1,192000.0,/mnt/ubna_data_04/recover-20241018/UBNA_011/20241017_022000.WAV,recover-20241018,UBNA_011,E18 Bridge
HF,46080.0,20.899541404504877,142.6955,142.7054,44375.0,72675.0,Echolocation,Pipistrellus pipistrellus,0.621,0.736,-1,192000.0,/mnt/ubna_data_04/recover-20241018/UBNA_011/20241017_022000.WAV,recover-20241018,UBNA_011,E18 Bridge
HF,46080.0,5.558177142654285,167.58350000000002,167.5906,44375.0,52299.0,Echolocation,Pipistrellus pipistrellus,0.528,0.552,-1,192000.0,/mnt/ubna_data_04/recover-20241018/UBNA_011/20241017_021000.WAV,recover-20241018,UBNA_011,E18 Bridge
HF,47040.0,12.212335270669277,75.2265,75.2319,46953.0,61556.0,Echolocation,Pipistrellus pipistrellus,0.542,0.611,-1,192000.0,/mnt/ubna_data_04/recover-20241018/UBNA_011/20241017_022000.WAV,recover-20241018,UBNA_011,E18 Bridge
HF,52800.0,16.854182118420653,238.5345,238.5393,46953.0,66632.0,Echolocation,Pipistrellus pipistrellus,0.38,0.53,-1,192000.0,/mnt/ubna_data_04/recover-20241018/UBNA_011/20241017_021000.WAV,recover-20241018,UBNA_011,E18 Bridge
HF,54720.0,18.16540656889412,18.0605,18.0646,43515.0,78345.0,Echolocation,Myotis alcathoe,0.367,0.545,-1,192000.0,/mnt/ubna_data_04/recover-20241018/UBNA_011/20241017_021000.WAV,recover-20241018,UBNA_011,E18 Bridge
HF,46080.0,9.285780595459654,195.5385,195.5437,44375.0,57916.0,Echolocation,Pipistrellus pipistrellus,0.5,0.567,-1,192000.0,/mnt/ubna_data_04/recover-20241018/UBNA_011/20241017_021000.WAV,recover-20241018,UBNA_011,E18 Bridge
HF,48960.0,8.51640271428989,116.3765,116.3885,45234.0,61112.0,Echolocation,Pipistrellus pipistrellus,0.38,0.509,-1,192000.0,/mnt/ubna_data_04/recover-20241018/UBNA_011/20241017_021000.WAV,recover-20241018,UBNA_011,E18 Bridge
HF,47040.0,6.601837436417099,261.6805,261.687,46093.0,61831.0,Echolocation,Pipistrellus pipistrellus,0.496,0.581,-1,192000.0,/mnt/ubna_data_04/recover-20241018/UBNA_011/20241017_022000.WAV,recover-20241018,UBNA_011,E18 Bridge
HF,46080.0,18.827964721349872,118.0725,118.0793,43515.0,57023.0,Echolocation,Pipistrellus pipistrellus,0.62,0.661,-1,192000.0,/mnt/ubna_data_04/recover-20241018/UBNA_011/20241017_022000.WAV,recover-20241018,UBNA_011,E18 Bridge
HF,48960.0,7.995147796096898,176.5085,176.5158,44375.0,59009.0,Echolocation,Pipistrellus pipistrellus,0.568,0.642,-1,192000.0,/mnt/ubna_data_04/recover-20241018/UBNA_011/20241017_022000.WAV,recover-20241018,UBNA_011,E18 Bridge
HF,46080.0,14.92642200051993,45.3315,45.3384,44375.0,66110.0,Echolocation,Pipistrellus pipistrellus,0.545,0.65,-1,192000.0,/mnt/ubna_data_04/recover-20241018/UBNA_011/20241017_021000.WAV,recover-20241018,UBNA_011,E18 Bridge
HF,46080.0,6.958269041528576,167.6635,167.6688,44375.0,57899.0,Echolocation,Pipistrellus pipistrellus,0.54,0.572,-1,192000.0,/mnt/ubna_data_04/recover-20241018/UBNA_011/20241017_021000.WAV,recover-20241018,UBNA_011,E18 Bridge
HF,48000.0,16.825446543520485,78.4645,78.46979999999999,44375.0,69051.0,Echolocation,Pipistrellus pipistrellus,0.578,0.664,-1,192000.0,/mnt/ubna_data_04/recover-20241018/UBNA_011/20241017_021000.WAV,recover-20241018,UBNA_011,E18 Bridge
HF,46080.0,13.144813463909664,142.80349999999999,142.812,45234.0,55904.0,Echolocation,Pipistrellus pipistrellus,0.481,0.52,-1,192000.0,/mnt/ubna_data_04/recover-20241018/UBNA_011/20241017_022000.WAV,recover-20241018,UBNA_011,E18 Bridge
HF,48000.0,10.104405054001916,16.6875,16.6932,46953.0,62043.0,Echolocation,Pipistrellus pipistrellus,0.533,0.678,-1,192000.0,/mnt/ubna_data_04/recover-20241018/UBNA_011/20241017_022000.WAV,recover-20241018,UBNA_011,E18 Bridge
HF,48000.0,14.560819774578587,208.3835,208.3899,45234.0,63497.0,Echolocation,Pipistrellus pipistrellus,0.581,0.636,-1,192000.0,/mnt/ubna_data_04/recover-20241018/UBNA_011/20241017_022000.WAV,recover-20241018,UBNA_011,E18 Bridge
HF,53760.0,11.898500813151909,18.1265,18.1307,44375.0,67092.0,Echolocation,Pipistrellus pipistrellus,0.229,0.524,-1,192000.0,/mnt/ubna_data_04/recover-20241018/UBNA_011/20241017_021000.WAV,recover-20241018,UBNA_011,E18 Bridge
HF,46080.0,10.51434071286413,116.5625,116.56909999999999,46093.0,60586.0,Echolocation,Pipistrellus pipistrellus,0.591,0.63,-1,192000.0,/mnt/ubna_data_04/recover-20241018/UBNA_011/20241017_021000.WAV,recover-20241018,UBNA_011,E18 Bridge
HF,47040.0,4.783463164837356,45.4195,45.4251,46093.0,60216.0,Echolocation,Pipistrellus pipistrellus,0.489,0.531,-1,192000.0,/mnt/ubna_data_04/recover-20241018/UBNA_011/20241017_021000.WAV,recover-20241018,UBNA_011,E18 Bridge
HF,47040.0,22.226198984743707,196.5475,196.55270000000002,43515.0,66281.0,Echolocation,Pipistrellus pipistrellus,0.507,0.592,-1,192000.0,/mnt/ubna_data_04/recover-20241018/UBNA_011/20241017_021000.WAV,recover-20241018,UBNA_011,E18 Bridge
HF,46080.0,9.77554600753822,176.6035,176.6098,45234.0,59748.0,Echolocation,Pipistrellus pipistrellus,0.596,0.629,-1,192000.0,/mnt/ubna_data_04/recover-20241018/UBNA_011/20241017_022000.WAV,recover-20241018,UBNA_011,E18 Bridge
HF,45120.0,22.36485106377622,261.7785,261.7845,41796.0,68049.0,Echolocation,Pipistrellus pipistrellus,0.654,0.697,-1,192000.0,/mnt/ubna_data_04/recover-20241018/UBNA_011/20241017_022000.WAV,recover-20241018,UBNA_011,E18 Bridge
HF,48000.0,11.041915613547165,208.4635,208.4701,46953.0,62758.0,Echolocation,Pipistrellus pipistrellus,0.702,0.76,-1,192000.0,/mnt/ubna_data_04/recover-20241018/UBNA_011/20241017_022000.WAV,recover-20241018,UBNA_011,E18 Bridge
HF,46080.0,13.094351455628992,142.8965,142.9061,44375.0,68145.0,Echolocation,Pipistrellus pipistrellus,0.628,0.705,-1,192000.0,/mnt/ubna_data_04/recover-20241018/UBNA_011/20241017_022000.WAV,recover-20241018,UBNA_011,E18 Bridge
HF,53760.0,10.192206241055544,238.7425,238.7486,50390.0,69149.0,Echolocation,Pipistrellus pipistrellus,0.319,0.515,-1,192000.0,/mnt/ubna_data_04/recover-20241018/UBNA_011/20241017_021000.WAV,recover-20241018,UBNA_011,E18 Bridge
HF,47040.0,11.967057519359523,167.73250000000002,167.7377,46093.0,59173.0,Echolocation,Pipistrellus pipistrellus,0.625,0.671,-1,192000.0,/mnt/ubna_data_04/recover-20241018/UBNA_011/20241017_021000.WAV,recover-20241018,UBNA_011,E18 Bridge
HF,52800.0,9.144548778142985,19.0995,19.1044,50390.0,63090.0,Echolocation,Pipistrellus pipistrellus,0.436,0.508,-1,192000.0,/mnt/ubna_data_04/recover-20241018/UBNA_011/20241017_022000.WAV,recover-20241018,UBNA_011,E18 Bridge
HF,52800.0,8.901965664981695,75.3015,75.3069,46953.0,61705.0,Echolocation,Pipistrellus pipistrellus,0.595,0.656,-1,192000.0,/mnt/ubna_data_04/recover-20241018/UBNA_011/20241017_022000.WAV,recover-20241018,UBNA_011,E18 Bridge
HF,46080.0,19.643854297464284,78.5435,78.5485,44375.0,65456.0,Echolocation,Pipistrellus pipistrellus,0.637,0.683,-1,192000.0,/mnt/ubna_data_04/recover-20241018/UBNA_011/20241017_021000.WAV,recover-20241018,UBNA_011,E18 Bridge
HF,46080.0,22.71287755415047,118.1735,118.1813,42656.0,59257.0,Echolocation,Pipistrellus pipistrellus,0.623,0.714,-1,192000.0,/mnt/ubna_data_04/recover-20241018/UBNA_011/20241017_022000.WAV,recover-20241018,UBNA_011,E18 Bridge
HF,45120.0,6.568493454630055,143.0065,143.0147,44375.0,59677.0,Echolocation,Pipistrellus pipistrellus,0.51,0.565,-1,192000.0,/mnt/ubna_data_04/recover-20241018/UBNA_011/20241017_022000.WAV,recover-20241018,UBNA_011,E18 Bridge
HF,44160.0,13.186360076206125,118.2615,118.2695,42656.0,51896.0,Echolocation,Pipistrellus pipistrellus,0.509,0.629,-1,192000.0,/mnt/ubna_data_04/recover-20241018/UBNA_011/20241017_022000.WAV,recover-20241018,UBNA_011,E18 Bridge
HF,48000.0,17.016163223372075,196.7375,196.74360000000001,46093.0,66539.0,Echolocation,Pipistrellus pipistrellus,0.541,0.625,-1,192000.0,/mnt/ubna_data_04/recover-20241018/UBNA_011/20241017_021000.WAV,recover-20241018,UBNA_011,E18 Bridge
HF,47040.0,6.26136582093239,18.1685,18.1749,46953.0,60387.0,Echolocation,Pipistrellus pipistrellus,0.475,0.525,-1,192000.0,/mnt/ubna_data_04/recover-20241018/UBNA_011/20241017_021000.WAV,recover-20241018,UBNA_011,E18 Bridge
HF,45120.0,20.071588009743703,78.6255,78.632,43515.0,68930.0,Echolocation,Pipistrellus pipistrellus,0.557,0.725,-1,192000.0,/mnt/ubna_data_04/recover-20241018/UBNA_011/20241017_021000.WAV,recover-20241018,UBNA_011,E18 Bridge
HF,48000.0,17.723292580610895,208.5425,208.5487,45234.0,69613.0,Echolocation,Pipistrellus pipistrellus,0.618,0.665,-1,192000.0,/mnt/ubna_data_04/recover-20241018/UBNA_011/20241017_022000.WAV,recover-20241018,UBNA_011,E18 Bridge
HF,46080.0,5.289364797967173,261.8835,261.8908,45234.0,55143.0,Echolocation,Pipistrellus pipistrellus,0.535,0.582,-1,192000.0,/mnt/ubna_data_04/recover-20241018/UBNA_011/20241017_022000.WAV,recover-20241018,UBNA_011,E18 Bridge
HF,46080.0,13.476573178077887,167.8125,167.8176,44375.0,58313.0,Echolocation,Pipistrellus pipistrellus,0.626,0.656,-1,192000.0,/mnt/ubna_data_04/recover-20241018/UBNA_011/20241017_021000.WAV,recover-20241018,UBNA_011,E18 Bridge
HF,48000.0,9.301892656815475,75.3785,75.38419999999999,45234.0,60757.0,Echolocation,Pipistrellus pipistrellus,0.586,0.632,-1,192000.0,/mnt/ubna_data_04/recover-20241018/UBNA_011/20241017_022000.WAV,recover-20241018,UBNA_011,E18 Bridge
HF,47040.0,9.39362009789063,176.6875,176.694,45234.0,58856.0,Echolocation,Pipistrellus pipistrellus,0.537,0.615,-1,192000.0,/mnt/ubna_data_04/recover-20241018/UBNA_011/20241017_022000.WAV,recover-20241018,UBNA_011,E18 Bridge
HF,51840.0,12.78414823151076,45.6655,45.6704,46093.0,62704.0,Echolocation,Pipistrellus pipistrellus,0.614,0.658,-1,192000.0,/mnt/ubna_data_04/recover-20241018/UBNA_011/20241017_021000.WAV,recover-20241018,UBNA_011,E18 Bridge
HF,47040.0,12.29455071138984,20.1255,20.1302,45234.0,58229.0,Echolocation,Pipistrellus pipistrellus,0.62,0.675,-1,192000.0,/mnt/ubna_data_04/recover-20241018/UBNA_011/20241017_022000.WAV,recover-20241018,UBNA_011,E18 Bridge
HF,47040.0,12.138723999901433,116.9355,116.945,45234.0,64614.0,Echolocation,Pipistrellus pipistrellus,0.507,0.636,-1,192000.0,/mnt/ubna_data_04/recover-20241018/UBNA_011/20241017_021000.WAV,recover-20241018,UBNA_011,E18 Bridge
HF,47040.0,7.69173752711872,20.3795,20.3839,45234.0,60471.0,Echolocation,Pipistrellus pipistrellus,0.431,0.538,-1,192000.0,/mnt/ubna_data_04/recover-20241018/UBNA_011/20241017_022000.WAV,recover-20241018,UBNA_011,E18 Bridge
HF,46080.0,19.921257437526503,143.1015,143.1112,43515.0,68123.0,Echolocation,Pipistrellus pipistrellus,0.571,0.68,-1,192000.0,/mnt/ubna_data_04/recover-20241018/UBNA_011/20241017_022000.WAV,recover-20241018,UBNA_011,E18 Bridge
HF,48000.0,13.618374167502578,196.8015,196.8089,45234.0,64429.0,Echolocation,Pipistrellus pipistrellus,0.461,0.592,-1,192000.0,/mnt/ubna_data_04/recover-20241018/UBNA_011/20241017_021000.WAV,recover-20241018,UBNA_011,E18 Bridge
HF,46080.0,8.61544981024942,176.7755,176.7815,43515.0,60948.0,Echolocation,Pipistrellus pipistrellus,0.589,0.652,-1,192000.0,/mnt/ubna_data_04/recover-20241018/UBNA_011/20241017_022000.WAV,recover-20241018,UBNA_011,E18 Bridge
HF,48000.0,12.173621799789151,208.6225,208.6288,46093.0,60506.0,Echolocation,Pipistrellus pipistrellus,0.604,0.639,-1,192000.0,/mnt/ubna_data_04/recover-20241018/UBNA_011/20241017_022000.WAV,recover-20241018,UBNA_011,E18 Bridge
HF,46080.0,12.74138909385062,261.9715,261.9794,44375.0,66743.0,Echolocation,Pipistrellus pipistrellus,0.585,0.63,-1,192000.0,/mnt/ubna_data_04/recover-20241018/UBNA_011/20241017_022000.WAV,recover-20241018,UBNA_011,E18 Bridge
HF,48000.0,15.641937028598782,78.7145,78.7196,46093.0,64787.0,Echolocation,Pipistrellus pipistrellus,0.511,0.605,-1,192000.0,/mnt/ubna_data_04/recover-20241018/UBNA_011/20241017_021000.WAV,recover-20241018,UBNA_011,E18 Bridge
HF,46080.0,9.74430809499695,167.8875,167.893,46093.0,59407.0,Echolocation,Pipistrellus pipistrellus,0.578,0.675,-1,192000.0,/mnt/ubna_data_04/recover-20241018/UBNA_011/20241017_021000.WAV,recover-20241018,UBNA_011,E18 Bridge
HF,45120.0,8.862828824548764,118.3475,118.3569,43515.0,58418.0,Echolocation,Pipistrellus pipistrellus,0.496,0.582,-1,192000.0,/mnt/ubna_data_04/recover-20241018/UBNA_011/20241017_022000.WAV,recover-20241018,UBNA_011,E18 Bridge
HF,48000.0,13.818328572702615,75.4525,75.458,45234.0,64478.0,Echolocation,Pipistrellus pipistrellus,0.481,0.544,-1,192000.0,/mnt/ubna_data_04/recover-20241018/UBNA_011/20241017_022000.WAV,recover-20241018,UBNA_011,E18 Bridge
HF,53760.0,17.213301733595458,18.2465,18.2505,44375.0,82872.0,Echolocation,Myotis alcathoe,0.336,0.555,-1,192000.0,/mnt/ubna_data_04/recover-20241018/UBNA_011/20241017_021000.WAV,recover-20241018,UBNA_011,E18 Bridge
HF,47040.0,8.543120616779154,117.1095,117.1163,46093.0,56779.0,Echolocation,Pipistrellus pipistrellus,0.516,0.552,-1,192000.0,/mnt/ubna_data_04/recover-20241018/UBNA_011/20241017_021000.WAV,recover-20241018,UBNA_011,E18 Bridge
HF,46080.0,18.071185954643934,45.7465,45.7526,45234.0,72717.0,Echolocation,Pipistrellus pipistrellus,0.456,0.571,-1,192000.0,/mnt/ubna_data_04/recover-20241018/UBNA_011/20241017_021000.WAV,recover-20241018,UBNA_011,E18 Bridge
HF,45120.0,10.737537717571728,176.8645,176.8725,44375.0,59516.0,Echolocation,Pipistrellus pipistrellus,0.6,0.662,-1,192000.0,/mnt/ubna_data_04/recover-20241018/UBNA_011/20241017_022000.WAV,recover-20241018,UBNA_011,E18 Bridge
HF,47040.0,6.6409652757264315,45.835499999999996,45.8434,46093.0,66948.0,Echolocation,Pipistrellus pipistrellus,0.451,0.531,-1,192000.0,/mnt/ubna_data_04/recover-20241018/UBNA_011/20241017_021000.WAV,recover-20241018,UBNA_011,E18 Bridge
HF,45120.0,8.087527804388214,118.4345,118.4443,44375.0,56198.0,Echolocation,Pipistrellus pipistrellus,0.454,0.512,-1,192000.0,/mnt/ubna_data_04/recover-20241018/UBNA_011/20241017_022000.WAV,recover-20241018,UBNA_011,E18 Bridge
HF,51840.0,17.075020474475227,18.7405,18.7457,50390.0,66098.0,Echolocation,Pipistrellus pipistrellus,0.519,0.576,-1,192000.0,/mnt/ubna_data_04/recover-20241018/UBNA_011/20241017_021000.WAV,recover-20241018,UBNA_011,E18 Bridge
HF,51840.0,18.901113349105717,22.4255,22.4313,45234.0,73796.0,Echolocation,Pipistrellus pipistrellus,0.26,0.546,-1,192000.0,/mnt/ubna_data_04/recover-20241018/UBNA_011/20241017_022000.WAV,recover-20241018,UBNA_011,E18 Bridge
HF,46080.0,18.213047948415028,262.1765,262.185,45234.0,61314.0,Echolocation,Pipistrellus pipistrellus,0.585,0.66,-1,192000.0,/mnt/ubna_data_04/recover-20241018/UBNA_011/20241017_022000.WAV,recover-20241018,UBNA_011,E18 Bridge
HF,48000.0,19.59525194056891,78.8835,78.8891,46093.0,67191.0,Echolocation,Pipistrellus pipistrellus,0.597,0.677,-1,192000.0,/mnt/ubna_data_04/recover-20241018/UBNA_011/20241017_021000.WAV,recover-20241018,UBNA_011,E18 Bridge
HF,46080.0,11.92568341897141,143.2995,143.3082,45234.0,58420.0,Echolocation,Pipistrellus pipistrellus,0.551,0.603,-1,192000.0,/mnt/ubna_data_04/recover-20241018/UBNA_011/20241017_022000.WAV,recover-20241018,UBNA_011,E18 Bridge
HF,47040.0,10.97647416750181,168.0435,168.0486,46953.0,60493.0,Echolocation,Pipistrellus pipistrellus,0.527,0.62,-1,192000.0,/mnt/ubna_data_04/recover-20241018/UBNA_011/20241017_021000.WAV,recover-20241018,UBNA_011,E18 Bridge
HF,46080.0,7.083912771753498,117.7655,117.7726,44375.0,59527.0,Echolocation,Pipistrellus pipistrellus,0.49,0.541,-1,192000.0,/mnt/ubna_data_04/recover-20241018/UBNA_011/20241017_021000.WAV,recover-20241018,UBNA_011,E18 Bridge
HF,46080.0,14.333625863509027,208.7035,208.71280000000002,45234.0,65825.0,Echolocation,Pipistrellus pipistrellus,0.457,0.591,-1,192000.0,/mnt/ubna_data_04/recover-20241018/UBNA_011/20241017_022000.WAV,recover-20241018,UBNA_011,E18 Bridge
HF,47040.0,13.193281278721807,75.5345,75.5404,45234.0,63150.0,Echolocation,Pipistrellus pipistrellus,0.518,0.665,-1,192000.0,/mnt/ubna_data_04/recover-20241018/UBNA_011/20241017_022000.WAV,recover-20241018,UBNA_011,E18 Bridge
HF,48000.0,19.24292390032673,196.8795,196.8858,44375.0,69124.0,Echolocation,Pipistrellus pipistrellus,0.649,0.702,-1,192000.0,/mnt/ubna_data_04/recover-20241018/UBNA_011/20241017_021000.WAV,recover-20241018,UBNA_011,E18 Bridge
HF,51840.0,16.276395908371185,79.07849999999999,79.0837,46953.0,62304.0,Echolocation,Pipistrellus pipistrellus,0.627,0.689,-1,192000.0,/mnt/ubna_data_04/recover-20241018/UBNA_011/20241017_021000.WAV,recover-20241018,UBNA_011,E18 Bridge
HF,45120.0,14.329515078874076,118.5205,118.5264,42656.0,55546.0,Echolocation,Pipistrellus pipistrellus,0.6,0.632,-1,192000.0,/mnt/ubna_data_04/recover-20241018/UBNA_011/20241017_022000.WAV,recover-20241018,UBNA_011,E18 Bridge
HF,46080.0,12.070026189032975,168.1295,168.13479999999998,45234.0,58184.0,Echolocation,Pipistrellus pipistrellus,0.516,0.647,-1,192000.0,/mnt/ubna_data_04/recover-20241018/UBNA_011/20241017_021000.WAV,recover-20241018,UBNA_011,E18 Bridge
HF,46080.0,19.22827118317525,262.3855,262.3938,45234.0,61925.0,Echolocation,Pipistrellus pipistrellus,0.575,0.686,-1,192000.0,/mnt/ubna_data_04/recover-20241018/UBNA_011/20241017_022000.WAV,recover-20241018,UBNA_011,E18 Bridge
HF,47040.0,18.82153483956389,208.8825,208.8876,45234.0,66892.0,Echolocation,Pipistrellus pipistrellus,0.565,0.583,-1,192000.0,/mnt/ubna_data_04/recover-20241018/UBNA_011/20241017_022000.WAV,recover-20241018,UBNA_011,E18 Bridge
HF,46080.0,22.32796492449415,45.9215,45.9288,45234.0,82706.0,Echolocation,Pipistrellus pipistrellus,0.551,0.655,-1,192000.0,/mnt/ubna_data_04/recover-20241018/UBNA_011/20241017_021000.WAV,recover-20241018,UBNA_011,E18 Bridge
HF,48000.0,14.80864495614715,22.6075,22.6139,46093.0,68312.0,Echolocation,Pipistrellus pipistrellus,0.533,0.667,-1,192000.0,/mnt/ubna_data_04/recover-20241018/UBNA_011/20241017_022000.WAV,recover-20241018,UBNA_011,E18 Bridge
HF,48960.0,9.774816740383592,75.61449999999999,75.6193,46953.0,59339.0,Echolocation,Pipistrellus pipistrellus,0.5,0.532,-1,192000.0,/mnt/ubna_data_04/recover-20241018/UBNA_011/20241017_022000.WAV,recover-20241018,UBNA_011,E18 Bridge
HF,51840.0,9.955971570677908,18.7785,18.7824,46093.0,71241.0,Echolocation,Myotis alcathoe,0.292,0.544,-1,192000.0,/mnt/ubna_data_04/recover-20241018/UBNA_011/20241017_021000.WAV,recover-20241018,UBNA_011,E18 Bridge
HF,47040.0,14.961100529892637,196.9645,196.9695,45234.0,58176.0,Echolocation,Pipistrellus pipistrellus,0.569,0.588,-1,192000.0,/mnt/ubna_data_04/recover-20241018/UBNA_011/20241017_021000.WAV,recover-20241018,UBNA_011,E18 Bridge
HF,47040.0,7.583665134182567,176.9505,176.9588,44375.0,61263.0,Echolocation,Pipistrellus pipistrellus,0.451,0.536,-1,192000.0,/mnt/ubna_data_04/recover-20241018/UBNA_011/20241017_022000.WAV,recover-20241018,UBNA_011,E18 Bridge
HF,51840.0,11.922790621945222,119.4945,119.5007,47812.0,65105.0,Echolocation,Pipistrellus pipistrellus,0.497,0.676,-1,192000.0,/mnt/ubna_data_04/recover-20241018/UBNA_011/20241017_021000.WAV,recover-20241018,UBNA_011,E18 Bridge
HF,46080.0,7.201636992190488,197.1395,197.148,45234.0,53730.0,Echolocation,Pipistrellus pipistrellus,0.579,0.623,-1,192000.0,/mnt/ubna_data_04/recover-20241018/UBNA_011/20241017_021000.WAV,recover-20241018,UBNA_011,E18 Bridge
HF,46080.0,10.679443602385577,262.4765,262.4839,45234.0,54009.0,Echolocation,Pipistrellus pipistrellus,0.601,0.637,-1,192000.0,/mnt/ubna_data_04/recover-20241018/UBNA_011/20241017_022000.WAV,recover-20241018,UBNA_011,E18 Bridge
HF,45120.0,18.66841253249975,208.97050000000002,208.9762,43515.0,67479.0,Echolocation,Pipistrellus pipistrellus,0.677,0.706,-1,192000.0,/mnt/ubna_data_04/recover-20241018/UBNA_011/20241017_022000.WAV,recover-20241018,UBNA_011,E18 Bridge
HF,46080.0,4.367469923016557,118.6695,118.6779,45234.0,52948.0,Echolocation,Pipistrellus pipistrellus,0.525,0.549,-1,192000.0,/mnt/ubna_data_04/recover-20241018/UBNA_011/20241017_022000.WAV,recover-20241018,UBNA_011,E18 Bridge
HF,48000.0,16.91802097443583,177.0435,177.0493,44375.0,61455.0,Echolocation,Pipistrellus pipistrellus,0.62,0.649,-1,192000.0,/mnt/ubna_data_04/recover-20241018/UBNA_011/20241017_022000.WAV,recover-20241018,UBNA_011,E18 Bridge
HF,51840.0,8.774251598668114,18.9225,18.9265,46093.0,71886.0,Echolocation,Pipistrellus pipistrellus,0.245,0.503,-1,192000.0,/mnt/ubna_data_04/recover-20241018/UBNA_011/20241017_021000.WAV,recover-20241018,UBNA_011,E18 Bridge
HF,46080.0,19.951098718369032,79.15950000000001,79.1652,43515.0,69589.0,Echolocation,Pipistrellus pipistrellus,0.621,0.714,-1,192000.0,/mnt/ubna_data_04/recover-20241018/UBNA_011/20241017_021000.WAV,recover-20241018,UBNA_011,E18 Bridge
HF,47040.0,9.119852209576742,119.5805,119.58670000000001,45234.0,60694.0,Echolocation,Pipistrellus pipistrellus,0.536,0.718,-1,192000.0,/mnt/ubna_data_04/recover-20241018/UBNA_011/20241017_021000.WAV,recover-20241018,UBNA_011,E18 Bridge
HF,52800.0,8.504151623878682,22.7975,22.8057,46953.0,65375.0,Echolocation,Pipistrellus pipistrellus,0.506,0.629,-1,192000.0,/mnt/ubna_data_04/recover-20241018/UBNA_011/20241017_022000.WAV,recover-20241018,UBNA_011,E18 Bridge
HF,48960.0,17.02026043920872,75.7935,75.7991,45234.0,61735.0,Echolocation,Pipistrellus pipistrellus,0.504,0.577,-1,192000.0,/mnt/ubna_data_04/recover-20241018/UBNA_011/20241017_022000.WAV,recover-20241018,UBNA_011,E18 Bridge
HF,48000.0,17.410043543288054,46.183499999999995,46.189,44375.0,74613.0,Echolocation,Pipistrellus pipistrellus,0.374,0.539,-1,192000.0,/mnt/ubna_data_04/recover-20241018/UBNA_011/20241017_021000.WAV,recover-20241018,UBNA_011,E18 Bridge
HF,47040.0,11.992172851174514,168.2135,168.2185,45234.0,58317.0,Echolocation,Pipistrellus pipistrellus,0.524,0.574,-1,192000.0,/mnt/ubna_data_04/recover-20241018/UBNA_011/20241017_021000.WAV,recover-20241018,UBNA_011,E18 Bridge
HF,48000.0,18.05756235173297,177.1185,177.1253,44375.0,65616.0,Echolocation,Pipistrellus pipistrellus,0.534,0.635,-1,192000.0,/mnt/ubna_data_04/recover-20241018/UBNA_011/20241017_022000.WAV,recover-20241018,UBNA_011,E18 Bridge
HF,51840.0,7.502484634593599,47.1555,47.1606,49531.0,61114.0,Echolocation,Pipistrellus pipistrellus,0.493,0.511,-1,192000.0,/mnt/ubna_data_04/recover-20241018/UBNA_011/20241017_021000.WAV,recover-20241018,UBNA_011,E18 Bridge
HF,47040.0,16.03246066574252,168.29149999999998,168.2967,45234.0,61882.0,Echolocation,Pipistrellus pipistrellus,0.546,0.65,-1,192000.0,/mnt/ubna_data_04/recover-20241018/UBNA_011/20241017_021000.WAV,recover-20241018,UBNA_011,E18 Bridge
HF,46080.0,8.383042286276265,262.5385,262.5439,45234.0,57742.0,Echolocation,Pipistrellus pipistrellus,0.541,0.569,-1,192000.0,/mnt/ubna_data_04/recover-20241018/UBNA_011/20241017_022000.WAV,recover-20241018,UBNA_011,E18 Bridge
HF,46080.0,7.155308320106456,209.0615,209.0685,46093.0,59974.0,Echolocation,Pipistrellus pipistrellus,0.474,0.529,-1,192000.0,/mnt/ubna_data_04/recover-20241018/UBNA_011/20241017_022000.WAV,recover-20241018,UBNA_011,E18 Bridge
HF,47040.0,16.487927003015606,22.8855,22.8916,45234.0,72828.0,Echolocation,Pipistrellus pipistrellus,0.46,0.612,-1,192000.0,/mnt/ubna_data_04/recover-20241018/UBNA_011/20241017_022000.WAV,recover-20241018,UBNA_011,E18 Bridge
HF,45120.0,11.216930949867141,118.7625,118.77199999999999,43515.0,61043.0,Echolocation,Pipistrellus pipistrellus,0.508,0.635,-1,192000.0,/mnt/ubna_data_04/recover-20241018/UBNA_011/20241017_022000.WAV,recover-20241018,UBNA_011,E18 Bridge
HF,52800.0,15.7481588684089,18.9975,19.002,44375.0,76968.0,Echolocation,Myotis alcathoe,0.307,0.547,-1,192000.0,/mnt/ubna_data_04/recover-20241018/UBNA_011/20241017_021000.WAV,recover-20241018,UBNA_011,E18 Bridge
HF,46080.0,9.114864485783006,75.8905,75.8976,44375.0,61430.0,Echolocation,Pipistrellus pipistrellus,0.464,0.575,-1,192000.0,/mnt/ubna_data_04/recover-20241018/UBNA_011/20241017_022000.WAV,recover-20241018,UBNA_011,E18 Bridge
HF,46080.0,19.932578662549293,197.2945,197.301,45234.0,71829.0,Echolocation,Pipistrellus pipistrellus,0.536,0.615,-1,192000.0,/mnt/ubna_data_04/recover-20241018/UBNA_011/20241017_021000.WAV,recover-20241018,UBNA_011,E18 Bridge
HF,51840.0,10.546910165483414,119.6645,119.67150000000001,45234.0,63400.0,Echolocation,Pipistrellus pipistrellus,0.479,0.673,-1,192000.0,/mnt/ubna_data_04/recover-20241018/UBNA_011/20241017_021000.WAV,recover-20241018,UBNA_011,E18 Bridge
HF,45120.0,22.96185323355469,79.2415,79.2469,42656.0,75941.0,Echolocation,Pipistrellus pipistrellus,0.542,0.611,-1,192000.0,/mnt/ubna_data_04/recover-20241018/UBNA_011/20241017_021000.WAV,recover-20241018,UBNA_011,E18 Bridge
HF,46080.0,22.464087464766006,209.1515,209.1574,44375.0,69412.0,Echolocation,Pipistrellus pipistrellus,0.665,0.701,-1,192000.0,/mnt/ubna_data_04/recover-20241018/UBNA_011/20241017_022000.WAV,recover-20241018,UBNA_011,E18 Bridge
HF,47040.0,14.698736282992996,119.7515,119.7577,45234.0,63958.0,Echolocation,Pipistrellus pipistrellus,0.596,0.725,-1,192000.0,/mnt/ubna_data_04/recover-20241018/UBNA_011/20241017_021000.WAV,recover-20241018,UBNA_011,E18 Bridge
HF,46080.0,22.72947565296768,79.3175,79.3237,41796.0,80749.0,Echolocation,Pipistrellus pipistrellus,0.354,0.581,-1,192000.0,/mnt/ubna_data_04/recover-20241018/UBNA_011/20241017_021000.WAV,recover-20241018,UBNA_011,E18 Bridge
HF,44160.0,10.564426703249158,118.9555,118.9639,43515.0,55788.0,Echolocation,Pipistrellus pipistrellus,0.487,0.606,-1,192000.0,/mnt/ubna_data_04/recover-20241018/UBNA_011/20241017_022000.WAV,recover-20241018,UBNA_011,E18 Bridge
HF,48000.0,16.553893435356127,177.2185,177.2242,45234.0,61635.0,Echolocation,Pipistrellus pipistrellus,0.544,0.578,-1,192000.0,/mnt/ubna_data_04/recover-20241018/UBNA_011/20241017_022000.WAV,recover-20241018,UBNA_011,E18 Bridge
HF,45120.0,15.077229534212291,262.7915,262.8011,44375.0,63184.0,Echolocation,Pipistrellus pipistrellus,0.497,0.639,-1,192000.0,/mnt/ubna_data_04/recover-20241018/UBNA_011/20241017_022000.WAV,recover-20241018,UBNA_011,E18 Bridge
HF,52800.0,6.815186443301705,23.0295,23.0342,47812.0,64755.0,Echolocation,Pipistrellus pipistrellus,0.505,0.556,-1,192000.0,/mnt/ubna_data_04/recover-20241018/UBNA_011/20241017_022000.WAV,recover-20241018,UBNA_011,E18 Bridge
HF,47040.0,10.43073988468005,75.9725,75.978,46093.0,59967.0,Echolocation,Pipistrellus pipistrellus,0.527,0.546,-1,192000.0,/mnt/ubna_data_04/recover-20241018/UBNA_011/20241017_022000.WAV,recover-20241018,UBNA_011,E18 Bridge
HF,46080.0,11.975586705150567,197.3855,197.3928,45234.0,51535.0,Echolocation,Pipistrellus pipistrellus,0.509,0.524,-1,192000.0,/mnt/ubna_data_04/recover-20241018/UBNA_011/20241017_021000.WAV,recover-20241018,UBNA_011,E18 Bridge
HF,51840.0,8.168100446941802,47.289500000000004,47.294799999999995,49531.0,71453.0,Echolocation,Pipistrellus pipistrellus,0.432,0.56,-1,192000.0,/mnt/ubna_data_04/recover-20241018/UBNA_011/20241017_021000.WAV,recover-20241018,UBNA_011,E18 Bridge
HF,47040.0,10.965339849695606,168.3685,168.3736,45234.0,59187.0,Echolocation,Pipistrellus pipistrellus,0.564,0.604,-1,192000.0,/mnt/ubna_data_04/recover-20241018/UBNA_011/20241017_021000.WAV,recover-20241018,UBNA_011,E18 Bridge
HF,46080.0,12.692252098252478,19.2405,19.2473,45234.0,68315.0,Echolocation,Pipistrellus pipistrellus,0.426,0.55,-1,192000.0,/mnt/ubna_data_04/recover-20241018/UBNA_011/20241017_021000.WAV,recover-20241018,UBNA_011,E18 Bridge
HF,55680.0,16.953064529319747,47.433499999999995,47.438500000000005,46953.0,67980.0,Echolocation,Pipistrellus pipistrellus,0.44,0.541,-1,192000.0,/mnt/ubna_data_04/recover-20241018/UBNA_011/20241017_021000.WAV,recover-20241018,UBNA_011,E18 Bridge
HF,46080.0,18.468381683478206,262.8885,262.8959,44375.0,59401.0,Echolocation,Pipistrellus pipistrellus,0.572,0.667,-1,192000.0,/mnt/ubna_data_04/recover-20241018/UBNA_011/20241017_022000.WAV,recover-20241018,UBNA_011,E18 Bridge
HF,46080.0,22.481866522315283,197.4725,197.4786,43515.0,70724.0,Echolocation,Pipistrellus pipistrellus,0.656,0.711,-1,192000.0,/mnt/ubna_data_04/recover-20241018/UBNA_011/20241017_021000.WAV,recover-20241018,UBNA_011,E18 Bridge
HF,45120.0,7.362799505754493,119.1455,119.1558,43515.0,56304.0,Echolocation,Pipistrellus pipistrellus,0.429,0.581,-1,192000.0,/mnt/ubna_data_04/recover-20241018/UBNA_011/20241017_022000.WAV,recover-20241018,UBNA_011,E18 Bridge
HF,47040.0,8.869665357779112,19.3225,19.3312,46093.0,63399.0,Echolocation,Pipistrellus pipistrellus,0.36,0.516,-1,192000.0,/mnt/ubna_data_04/recover-20241018/UBNA_011/20241017_021000.WAV,recover-20241018,UBNA_011,E18 Bridge
HF,47040.0,21.336621451861177,168.4475,168.453,45234.0,61470.0,Echolocation,Pipistrellus pipistrellus,0.522,0.607,-1,192000.0,/mnt/ubna_data_04/recover-20241018/UBNA_011/20241017_021000.WAV,recover-20241018,UBNA_011,E18 Bridge
HF,48960.0,9.875877095021343,177.2925,177.29919999999998,46953.0,59154.0,Echolocation,Pipistrellus pipistrellus,0.602,0.637,-1,192000.0,/mnt/ubna_data_04/recover-20241018/UBNA_011/20241017_022000.WAV,recover-20241018,UBNA_011,E18 Bridge
HF,48000.0,10.777339096428879,119.8315,119.8382,46953.0,66325.0,Echolocation,Pipistrellus pipistrellus,0.542,0.711,-1,192000.0,/mnt/ubna_data_04/recover-20241018/UBNA_011/20241017_021000.WAV,recover-20241018,UBNA_011,E18 Bridge
HF,48960.0,12.033208723001966,79.4615,79.4669,43515.0,74403.0,Echolocation,Pipistrellus pipistrellus,0.341,0.616,-1,192000.0,/mnt/ubna_data_04/recover-20241018/UBNA_011/20241017_021000.WAV,recover-20241018,UBNA_011,E18 Bridge
HF,46080.0,13.178222644377346,76.0555,76.0639,45234.0,65988.0,Echolocation,Pipistrellus pipistrellus,0.547,0.661,-1,192000.0,/mnt/ubna_data_04/recover-20241018/UBNA_011/20241017_022000.WAV,recover-20241018,UBNA_011,E18 Bridge
HF,46080.0,17.286208474998983,23.0755,23.0818,44375.0,71450.0,Echolocation,Pipistrellus pipistrellus,0.505,0.627,-1,192000.0,/mnt/ubna_data_04/recover-20241018/UBNA_011/20241017_022000.WAV,recover-20241018,UBNA_011,E18 Bridge
HF,46080.0,24.50639132057782,209.3355,209.3433,43515.0,66369.0,Echolocation,Pipistrellus pipistrellus,0.553,0.613,-1,192000.0,/mnt/ubna_data_04/recover-20241018/UBNA_011/20241017_022000.WAV,recover-20241018,UBNA_011,E18 Bridge
HF,47040.0,7.743590227517391,23.1765,23.1818,45234.0,55411.0,Echolocation,Pipistrellus pipistrellus,0.484,0.516,-1,192000.0,/mnt/ubna_data_04/recover-20241018/UBNA_011/20241017_022000.WAV,recover-20241018,UBNA_011,E18 Bridge
HF,45120.0,13.951603357589427,263.0885,263.0982,44375.0,58072.0,Echolocation,Pipistrellus pipistrellus,0.443,0.65,-1,192000.0,/mnt/ubna_data_04/recover-20241018/UBNA_011/20241017_022000.WAV,recover-20241018,UBNA_011,E18 Bridge
HF,46080.0,7.810088767128189,76.1465,76.1538,45234.0,51390.0,Echolocation,Pipistrellus pipistrellus,0.543,0.575,-1,192000.0,/mnt/ubna_data_04/recover-20241018/UBNA_011/20241017_022000.WAV,recover-20241018,UBNA_011,E18 Bridge
HF,47040.0,6.206099608037699,119.2435,119.2529,44375.0,55238.0,Echolocation,Pipistrellus pipistrellus,0.443,0.51,-1,192000.0,/mnt/ubna_data_04/recover-20241018/UBNA_011/20241017_022000.WAV,recover-20241018,UBNA_011,E18 Bridge
HF,46080.0,9.052839187587448,197.5675,197.574,45234.0,58611.0,Echolocation,Pipistrellus pipistrellus,0.516,0.563,-1,192000.0,/mnt/ubna_data_04/recover-20241018/UBNA_011/20241017_021000.WAV,recover-20241018,UBNA_011,E18 Bridge
HF,47040.0,13.276635915377867,168.5305,168.5361,46093.0,61874.0,Echolocation,Pipistrellus pipistrellus,0.52,0.607,-1,192000.0,/mnt/ubna_data_04/recover-20241018/UBNA_011/20241017_021000.WAV,recover-20241018,UBNA_011,E18 Bridge
HF,46080.0,14.633696009441014,19.5635,19.568,45234.0,67818.0,Echolocation,Pipistrellus pipistrellus,0.483,0.592,-1,192000.0,/mnt/ubna_data_04/recover-20241018/UBNA_011/20241017_021000.WAV,recover-20241018,UBNA_011,E18 Bridge
HF,48000.0,13.022791172555479,79.5295,79.5347,45234.0,67416.0,Echolocation,Pipistrellus pipistrellus,0.403,0.529,-1,192000.0,/mnt/ubna_data_04/recover-20241018/UBNA_011/20241017_021000.WAV,recover-20241018,UBNA_011,E18 Bridge
HF,48960.0,14.185392587810117,47.5205,47.5253,43515.0,61005.0,Echolocation,Pipistrellus pipistrellus,0.507,0.643,-1,192000.0,/mnt/ubna_data_04/recover-20241018/UBNA_011/20241017_021000.WAV,recover-20241018,UBNA_011,E18 Bridge
HF,51840.0,10.899943323030087,119.90950000000001,119.9145,46093.0,62505.0,Echolocation,Pipistrellus pipistrellus,0.381,0.517,-1,192000.0,/mnt/ubna_data_04/recover-20241018/UBNA_011/20241017_021000.WAV,recover-20241018,UBNA_011,E18 Bridge
HF,46080.0,22.49103673161637,209.5275,209.5357,43515.0,64197.0,Echolocation,Pipistrellus pipistrellus,0.58,0.631,-1,192000.0,/mnt/ubna_data_04/recover-20241018/UBNA_011/20241017_022000.WAV,recover-20241018,UBNA_011,E18 Bridge
HF,48000.0,7.125891349373845,177.4195,177.4253,47812.0,60422.0,Echolocation,Pipistrellus pipistrellus,0.566,0.579,-1,192000.0,/mnt/ubna_data_04/recover-20241018/UBNA_011/20241017_022000.WAV,recover-20241018,UBNA_011,E18 Bridge
HF,46080.0,12.746342545539282,76.2375,76.2482,45234.0,59026.0,Echolocation,Pipistrellus pipistrellus,0.438,0.524,-1,192000.0,/mnt/ubna_data_04/recover-20241018/UBNA_011/20241017_022000.WAV,recover-20241018,UBNA_011,E18 Bridge
HF,46080.0,16.1673189275579,23.2065,23.2116,44375.0,64953.0,Echolocation,Pipistrellus pipistrellus,0.519,0.627,-1,192000.0,/mnt/ubna_data_04/recover-20241018/UBNA_011/20241017_022000.WAV,recover-20241018,UBNA_011,E18 Bridge
HF,48000.0,9.89599923851391,263.2915,263.298,45234.0,55491.0,Echolocation,Pipistrellus pipistrellus,0.612,0.668,-1,192000.0,/mnt/ubna_data_04/recover-20241018/UBNA_011/20241017_022000.WAV,recover-20241018,UBNA_011,E18 Bridge
HF,46080.0,9.85868990125316,209.6355,209.6429,45234.0,51260.0,Echolocation,Pipistrellus pipistrellus,0.597,0.619,-1,192000.0,/mnt/ubna_data_04/recover-20241018/UBNA_011/20241017_022000.WAV,recover-20241018,UBNA_011,E18 Bridge
HF,45120.0,10.405930955720603,119.3415,119.3493,43515.0,55603.0,Echolocation,Pipistrellus pipistrellus,0.549,0.622,-1,192000.0,/mnt/ubna_data_04/recover-20241018/UBNA_011/20241017_022000.WAV,recover-20241018,UBNA_011,E18 Bridge
HF,46080.0,27.9007528453197,197.6635,197.671,44375.0,69608.0,Echolocation,Pipistrellus pipistrellus,0.666,0.721,-1,192000.0,/mnt/ubna_data_04/recover-20241018/UBNA_011/20241017_021000.WAV,recover-20241018,UBNA_011,E18 Bridge
HF,53760.0,20.329220246666697,80.8965,80.90090000000001,43515.0,77916.0,Echolocation,Myotis mystacinus,0.184,0.512,-1,192000.0,/mnt/ubna_data_04/recover-20241018/UBNA_011/20241017_021000.WAV,recover-20241018,UBNA_011,E18 Bridge
HF,48000.0,18.20735047619919,47.6015,47.606700000000004,43515.0,68804.0,Echolocation,Pipistrellus pipistrellus,0.397,0.543,-1,192000.0,/mnt/ubna_data_04/recover-20241018/UBNA_011/20241017_021000.WAV,recover-20241018,UBNA_011,E18 Bridge
HF,45120.0,15.607193137626968,177.5065,177.5152,44375.0,64512.0,Echolocation,Pipistrellus pipistrellus,0.593,0.643,-1,192000.0,/mnt/ubna_data_04/recover-20241018/UBNA_011/20241017_022000.WAV,recover-20241018,UBNA_011,E18 Bridge
HF,46080.0,10.666475862050726,168.6085,168.6149,45234.0,59099.0,Echolocation,Pipistrellus pipistrellus,0.5,0.589,-1,192000.0,/mnt/ubna_data_04/recover-20241018/UBNA_011/20241017_021000.WAV,recover-20241018,UBNA_011,E18 Bridge
HF,47040.0,18.8387962736515,19.6475,19.6515,45234.0,65860.0,Echolocation,Pipistrellus pipistrellus,0.559,0.665,-1,192000.0,/mnt/ubna_data_04/recover-20241018/UBNA_011/20241017_021000.WAV,recover-20241018,UBNA_011,E18 Bridge
HF,47040.0,15.755810089579697,209.7355,209.7431,45234.0,62405.0,Echolocation,Pipistrellus pipistrellus,0.585,0.712,-1,192000.0,/mnt/ubna_data_04/recover-20241018/UBNA_011/20241017_022000.WAV,recover-20241018,UBNA_011,E18 Bridge
HF,46080.0,9.857085382784131,197.7605,197.76839999999999,45234.0,62767.0,Echolocation,Pipistrellus pipistrellus,0.486,0.612,-1,192000.0,/mnt/ubna_data_04/recover-20241018/UBNA_011/20241017_021000.WAV,recover-20241018,UBNA_011,E18 Bridge
HF,46080.0,13.84322055504644,168.6875,168.6926,44375.0,61823.0,Echolocation,Pipistrellus pipistrellus,0.546,0.619,-1,192000.0,/mnt/ubna_data_04/recover-20241018/UBNA_011/20241017_021000.WAV,recover-20241018,UBNA_011,E18 Bridge
HF,46080.0,8.969028313915654,177.6115,177.6259,45234.0,50868.0,Echolocation,Pipistrellus pipistrellus,0.47,0.551,-1,192000.0,/mnt/ubna_data_04/recover-20241018/UBNA_011/20241017_022000.WAV,recover-20241018,UBNA_011,E18 Bridge
HF,46080.0,16.318942769448196,76.4275,76.4351,44375.0,66773.0,Echolocation,Pipistrellus pipistrellus,0.695,0.745,-1,192000.0,/mnt/ubna_data_04/recover-20241018/UBNA_011/20241017_022000.WAV,recover-20241018,UBNA_011,E18 Bridge
HF,51840.0,16.198514527284203,81.3765,81.3836,46953.0,66413.0,Echolocation,Pipistrellus pipistrellus,0.236,0.513,-1,192000.0,/mnt/ubna_data_04/recover-20241018/UBNA_011/20241017_021000.WAV,recover-20241018,UBNA_011,E18 Bridge
HF,47040.0,20.857553905747793,23.2715,23.2776,45234.0,71713.0,Echolocation,Pipistrellus pipistrellus,0.617,0.715,-1,192000.0,/mnt/ubna_data_04/recover-20241018/UBNA_011/20241017_022000.WAV,recover-20241018,UBNA_011,E18 Bridge
HF,46080.0,4.228999728135119,119.4365,119.4456,45234.0,56635.0,Echolocation,Pipistrellus pipistrellus,0.483,0.522,-1,192000.0,/mnt/ubna_data_04/recover-20241018/UBNA_011/20241017_022000.WAV,recover-20241018,UBNA_011,E18 Bridge
HF,45120.0,12.797629028977155,263.5155,263.5241,44375.0,58146.0,Echolocation,Pipistrellus pipistrellus,0.512,0.597,-1,192000.0,/mnt/ubna_data_04/recover-20241018/UBNA_011/20241017_022000.WAV,recover-20241018,UBNA_011,E18 Bridge
HF,52800.0,14.404064338610464,19.7265,19.7317,44375.0,72620.0,Echolocation,Pipistrellus pipistrellus,0.472,0.63,-1,192000.0,/mnt/ubna_data_04/recover-20241018/UBNA_011/20241017_021000.WAV,recover-20241018,UBNA_011,E18 Bridge
HF,47040.0,12.807383508863161,47.686499999999995,47.692499999999995,45234.0,62320.0,Echolocation,Pipistrellus pipistrellus,0.404,0.603,-1,192000.0,/mnt/ubna_data_04/recover-20241018/UBNA_011/20241017_021000.WAV,recover-20241018,UBNA_011,E18 Bridge
HF,54720.0,20.065025662898517,19.9475,19.9524,47812.0,74533.0,Echolocation,Pipistrellus pipistrellus,0.425,0.533,-1,192000.0,/mnt/ubna_data_04/recover-20241018/UBNA_011/20241017_021000.WAV,recover-20241018,UBNA_011,E18 Bridge
HF,45120.0,9.287763660913933,119.61449999999999,119.622,43515.0,60161.0,Echolocation,Pipistrellus pipistrellus,0.514,0.656,-1,192000.0,/mnt/ubna_data_04/recover-20241018/UBNA_011/20241017_022000.WAV,recover-20241018,UBNA_011,E18 Bridge
HF,47040.0,10.675209943637196,209.8165,209.8259,46953.0,64612.0,Echolocation,Pipistrellus pipistrellus,0.456,0.578,-1,192000.0,/mnt/ubna_data_04/recover-20241018/UBNA_011/20241017_022000.WAV,recover-20241018,UBNA_011,E18 Bridge
HF,45120.0,10.070549839838169,263.6125,263.6215,44375.0,54241.0,Echolocation,Pipistrellus pipistrellus,0.546,0.634,-1,192000.0,/mnt/ubna_data_04/recover-20241018/UBNA_011/20241017_022000.WAV,recover-20241018,UBNA_011,E18 Bridge
HF,46080.0,13.909082248997493,76.5205,76.5269,46093.0,57938.0,Echolocation,Pipistrellus pipistrellus,0.51,0.611,-1,192000.0,/mnt/ubna_data_04/recover-20241018/UBNA_011/20241017_022000.WAV,recover-20241018,UBNA_011,E18 Bridge
HF,46080.0,23.927772145191504,168.7725,168.7774,43515.0,63480.0,Echolocation,Pipistrellus pipistrellus,0.619,0.669,-1,192000.0,/mnt/ubna_data_04/recover-20241018/UBNA_011/20241017_021000.WAV,recover-20241018,UBNA_011,E18 Bridge
HF,46080.0,14.958632409154095,177.7125,177.7211,44375.0,65278.0,Echolocation,Pipistrellus pipistrellus,0.599,0.657,-1,192000.0,/mnt/ubna_data_04/recover-20241018/UBNA_011/20241017_022000.WAV,recover-20241018,UBNA_011,E18 Bridge
HF,46080.0,13.67957573899751,47.8555,47.8601,43515.0,60944.0,Echolocation,Pipistrellus pipistrellus,0.538,0.636,-1,192000.0,/mnt/ubna_data_04/recover-20241018/UBNA_011/20241017_021000.WAV,recover-20241018,UBNA_011,E18 Bridge
HF,47040.0,19.881886476151237,197.8505,197.8578,44375.0,67992.0,Echolocation,Pipistrellus pipistrellus,0.539,0.661,-1,192000.0,/mnt/ubna_data_04/recover-20241018/UBNA_011/20241017_021000.WAV,recover-20241018,UBNA_011,E18 Bridge
HF,48000.0,17.813873703061354,23.4645,23.4705,44375.0,66826.0,Echolocation,Pipistrellus pipistrellus,0.451,0.657,-1,192000.0,/mnt/ubna_data_04/recover-20241018/UBNA_011/20241017_022000.WAV,recover-20241018,UBNA_011,E18 Bridge
HF,47040.0,16.628492916070066,20.0215,20.0277,44375.0,66102.0,Echolocation,Pipistrellus pipistrellus,0.481,0.635,-1,192000.0,/mnt/ubna_data_04/recover-20241018/UBNA_011/20241017_021000.WAV,recover-20241018,UBNA_011,E18 Bridge
HF,46080.0,20.460584656838854,168.8515,168.8567,44375.0,60541.0,Echolocation,Pipistrellus pipistrellus,0.632,0.712,-1,192000.0,/mnt/ubna_data_04/recover-20241018/UBNA_011/20241017_021000.WAV,recover-20241018,UBNA_011,E18 Bridge
HF,47040.0,6.374847924627209,119.7085,119.7168,44375.0,52583.0,Echolocation,Pipistrellus pipistrellus,0.468,0.513,-1,192000.0,/mnt/ubna_data_04/recover-20241018/UBNA_011/20241017_022000.WAV,recover-20241018,UBNA_011,E18 Bridge
HF,46080.0,10.868013351699071,197.9385,197.9454,45234.0,51299.0,Echolocation,Pipistrellus pipistrellus,0.477,0.506,-1,192000.0,/mnt/ubna_data_04/recover-20241018/UBNA_011/20241017_021000.WAV,recover-20241018,UBNA_011,E18 Bridge
HF,47040.0,12.909906986005026,48.0975,48.101600000000005,44375.0,63394.0,Echolocation,Pipistrellus pipistrellus,0.543,0.602,-1,192000.0,/mnt/ubna_data_04/recover-20241018/UBNA_011/20241017_021000.WAV,recover-20241018,UBNA_011,E18 Bridge
HF,48000.0,8.293685030039946,23.5445,23.55,46953.0,64083.0,Echolocation,Pipistrellus pipistrellus,0.557,0.612,-1,192000.0,/mnt/ubna_data_04/recover-20241018/UBNA_011/20241017_022000.WAV,recover-20241018,UBNA_011,E18 Bridge
HF,45120.0,23.948724584284363,177.8175,177.8241,44375.0,64098.0,Echolocation,Pipistrellus pipistrellus,0.639,0.668,-1,192000.0,/mnt/ubna_data_04/recover-20241018/UBNA_011/20241017_022000.WAV,recover-20241018,UBNA_011,E18 Bridge
HF,46080.0,23.33020835499184,76.61449999999999,76.6209,44375.0,69679.0,Echolocation,Pipistrellus pipistrellus,0.665,0.707,-1,192000.0,/mnt/ubna_data_04/recover-20241018/UBNA_011/20241017_022000.WAV,recover-20241018,UBNA_011,E18 Bridge
HF,45120.0,14.05269196713707,263.7085,263.71569999999997,43515.0,54814.0,Echolocation,Pipistrellus pipistrellus,0.559,0.62,-1,192000.0,/mnt/ubna_data_04/recover-20241018/UBNA_011/20241017_022000.WAV,recover-20241018,UBNA_011,E18 Bridge
HF,46080.0,7.251134749811601,209.9125,209.92340000000002,45234.0,53395.0,Echolocation,Pipistrellus pipistrellus,0.468,0.514,-1,192000.0,/mnt/ubna_data_04/recover-20241018/UBNA_011/20241017_022000.WAV,recover-20241018,UBNA_011,E18 Bridge
HF,51840.0,13.46448410007265,23.7335,23.7399,46093.0,66543.0,Echolocation,Pipistrellus pipistrellus,0.632,0.751,-1,192000.0,/mnt/ubna_data_04/recover-20241018/UBNA_011/20241017_022000.WAV,recover-20241018,UBNA_011,E18 Bridge
HF,48000.0,13.599448920568983,168.92849999999999,168.9342,46093.0,59872.0,Echolocation,Pipistrellus pipistrellus,0.56,0.593,-1,192000.0,/mnt/ubna_data_04/recover-20241018/UBNA_011/20241017_021000.WAV,recover-20241018,UBNA_011,E18 Bridge
HF,46080.0,11.938834964922897,76.8005,76.8078,45234.0,53704.0,Echolocation,Pipistrellus pipistrellus,0.485,0.547,-1,192000.0,/mnt/ubna_data_04/recover-20241018/UBNA_011/20241017_022000.WAV,recover-20241018,UBNA_011,E18 Bridge
HF,46080.0,6.589955611045394,20.2565,20.2616,44375.0,61616.0,Echolocation,Pipistrellus pipistrellus,0.432,0.514,-1,192000.0,/mnt/ubna_data_04/recover-20241018/UBNA_011/20241017_021000.WAV,recover-20241018,UBNA_011,E18 Bridge
HF,47040.0,19.710223444614456,198.0315,198.0403,44375.0,67644.0,Echolocation,Pipistrellus pipistrellus,0.54,0.671,-1,192000.0,/mnt/ubna_data_04/recover-20241018/UBNA_011/20241017_021000.WAV,recover-20241018,UBNA_011,E18 Bridge
HF,44160.0,13.77884957217092,263.9175,263.9256,43515.0,59070.0,Echolocation,Pipistrellus pipistrellus,0.58,0.679,-1,192000.0,/mnt/ubna_data_04/recover-20241018/UBNA_011/20241017_022000.WAV,recover-20241018,UBNA_011,E18 Bridge
HF,46080.0,13.167098395915316,177.9175,177.9251,45234.0,52816.0,Echolocation,Pipistrellus pipistrellus,0.593,0.609,-1,192000.0,/mnt/ubna_data_04/recover-20241018/UBNA_011/20241017_022000.WAV,recover-20241018,UBNA_011,E18 Bridge
HF,48000.0,8.98354124166792,48.176500000000004,48.1822,46953.0,63302.0,Echolocation,Pipistrellus pipistrellus,0.475,0.606,-1,192000.0,/mnt/ubna_data_04/recover-20241018/UBNA_011/20241017_021000.WAV,recover-20241018,UBNA_011,E18 Bridge
HF,46080.0,16.984716922500024,76.9575,76.9662,42656.0,66975.0,Echolocation,Pipistrellus pipistrellus,0.534,0.622,-1,192000.0,/mnt/ubna_data_04/recover-20241018/UBNA_011/20241017_022000.WAV,recover-20241018,UBNA_011,E18 Bridge
HF,48000.0,9.090146216960772,20.3325,20.3401,43515.0,65950.0,Echolocation,Pipistrellus pipistrellus,0.333,0.577,-1,192000.0,/mnt/ubna_data_04/recover-20241018/UBNA_011/20241017_021000.WAV,recover-20241018,UBNA_011,E18 Bridge
HF,47040.0,8.65286811664176,48.2425,48.2488,46093.0,61797.0,Echolocation,Pipistrellus pipistrellus,0.524,0.588,-1,192000.0,/mnt/ubna_data_04/recover-20241018/UBNA_011/20241017_021000.WAV,recover-20241018,UBNA_011,E18 Bridge
HF,46080.0,16.223752155020513,178.0075,178.0179,43515.0,66622.0,Echolocation,Pipistrellus pipistrellus,0.472,0.593,-1,192000.0,/mnt/ubna_data_04/recover-20241018/UBNA_011/20241017_022000.WAV,recover-20241018,UBNA_011,E18 Bridge
HF,47040.0,15.262660046992483,198.2145,198.2229,44375.0,63864.0,Echolocation,Pipistrellus pipistrellus,0.588,0.69,-1,192000.0,/mnt/ubna_data_04/recover-20241018/UBNA_011/20241017_021000.WAV,recover-20241018,UBNA_011,E18 Bridge
HF,47040.0,10.814037910622103,23.9155,23.9217,45234.0,69388.0,Echolocation,Pipistrellus pipistrellus,0.546,0.688,-1,192000.0,/mnt/ubna_data_04/recover-20241018/UBNA_011/20241017_022000.WAV,recover-20241018,UBNA_011,E18 Bridge
HF,46080.0,9.02430931203593,170.91649999999998,170.9227,44375.0,55402.0,Echolocation,Pipistrellus pipistrellus,0.52,0.556,-1,192000.0,/mnt/ubna_data_04/recover-20241018/UBNA_011/20241017_021000.WAV,recover-20241018,UBNA_011,E18 Bridge
HF,44160.0,15.734555402973916,264.0125,264.0194,43515.0,53288.0,Echolocation,Pipistrellus pipistrellus,0.565,0.631,-1,192000.0,/mnt/ubna_data_04/recover-20241018/UBNA_011/20241017_022000.WAV,recover-20241018,UBNA_011,E18 Bridge
HF,47040.0,13.650448130973727,48.4025,48.4088,44375.0,60961.0,Echolocation,Pipistrellus pipistrellus,0.313,0.501,-1,192000.0,/mnt/ubna_data_04/recover-20241018/UBNA_011/20241017_021000.WAV,recover-20241018,UBNA_011,E18 Bridge
HF,46080.0,11.423892272666443,198.40449999999998,198.4143,45234.0,61946.0,Echolocation,Pipistrellus pipistrellus,0.421,0.571,-1,192000.0,/mnt/ubna_data_04/recover-20241018/UBNA_011/20241017_021000.WAV,recover-20241018,UBNA_011,E18 Bridge
HF,46080.0,12.902641178894934,178.1085,178.1142,44375.0,53480.0,Echolocation,Pipistrellus pipistrellus,0.536,0.543,-1,192000.0,/mnt/ubna_data_04/recover-20241018/UBNA_011/20241017_022000.WAV,recover-20241018,UBNA_011,E18 Bridge
HF,45120.0,4.5550886893005424,171.0815,171.0883,44375.0,53770.0,Echolocation,Pipistrellus pipistrellus,0.523,0.608,-1,192000.0,/mnt/ubna_data_04/recover-20241018/UBNA_011/20241017_021000.WAV,recover-20241018,UBNA_011,E18 Bridge
HF,47040.0,17.89867537047797,77.1255,77.1327,42656.0,67438.0,Echolocation,Pipistrellus pipistrellus,0.539,0.608,-1,192000.0,/mnt/ubna_data_04/recover-20241018/UBNA_011/20241017_022000.WAV,recover-20241018,UBNA_011,E18 Bridge
HF,48000.0,8.269549229297093,24.0065,24.0132,45234.0,55108.0,Echolocation,Pipistrellus pipistrellus,0.522,0.566,-1,192000.0,/mnt/ubna_data_04/recover-20241018/UBNA_011/20241017_022000.WAV,recover-20241018,UBNA_011,E18 Bridge
HF,52800.0,9.82914649263606,20.3985,20.4032,49531.0,63405.0,Echolocation,Pipistrellus pipistrellus,0.572,0.609,-1,192000.0,/mnt/ubna_data_04/recover-20241018/UBNA_011/20241017_021000.WAV,recover-20241018,UBNA_011,E18 Bridge
HF,45120.0,11.947943064630625,264.1155,264.1228,45234.0,57606.0,Echolocation,Pipistrellus pipistrellus,0.521,0.592,-1,192000.0,/mnt/ubna_data_04/recover-20241018/UBNA_011/20241017_022000.WAV,recover-20241018,UBNA_011,E18 Bridge
HF,48000.0,15.860647417209865,77.3135,77.3222,43515.0,64293.0,Echolocation,Pipistrellus pipistrellus,0.624,0.665,-1,192000.0,/mnt/ubna_data_04/recover-20241018/UBNA_011/20241017_022000.WAV,recover-20241018,UBNA_011,E18 Bridge
HF,45120.0,13.339515421671912,264.3105,264.3162,44375.0,55261.0,Echolocation,Pipistrellus pipistrellus,0.622,0.657,-1,192000.0,/mnt/ubna_data_04/recover-20241018/UBNA_011/20241017_022000.WAV,recover-20241018,UBNA_011,E18 Bridge
HF,45120.0,5.3069032925879265,171.1635,171.16989999999998,43515.0,53960.0,Echolocation,Pipistrellus pipistrellus,0.515,0.556,-1,192000.0,/mnt/ubna_data_04/recover-20241018/UBNA_011/20241017_021000.WAV,recover-20241018,UBNA_011,E18 Bridge
HF,46080.0,13.604700444359583,24.0945,24.1028,45234.0,64456.0,Echolocation,Pipistrellus pipistrellus,0.376,0.616,-1,192000.0,/mnt/ubna_data_04/recover-20241018/UBNA_011/20241017_022000.WAV,recover-20241018,UBNA_011,E18 Bridge
HF,46080.0,21.32347923546689,178.2035,178.2121,43515.0,66798.0,Echolocation,Pipistrellus pipistrellus,0.609,0.675,-1,192000.0,/mnt/ubna_data_04/recover-20241018/UBNA_011/20241017_022000.WAV,recover-20241018,UBNA_011,E18 Bridge
HF,46080.0,6.40546642834793,48.5145,48.5189,44375.0,61257.0,Echolocation,Pipistrellus pipistrellus,0.42,0.547,-1,192000.0,/mnt/ubna_data_04/recover-20241018/UBNA_011/20241017_021000.WAV,recover-20241018,UBNA_011,E18 Bridge
HF,48960.0,11.428868640879003,21.2415,21.2516,47812.0,61991.0,Echolocation,Pipistrellus pipistrellus,0.425,0.507,-1,192000.0,/mnt/ubna_data_04/recover-20241018/UBNA_011/20241017_021000.WAV,recover-20241018,UBNA_011,E18 Bridge
HF,47040.0,12.906110041517048,21.4385,21.4462,46093.0,60181.0,Echolocation,Pipistrellus pipistrellus,0.538,0.642,-1,192000.0,/mnt/ubna_data_04/recover-20241018/UBNA_011/20241017_021000.WAV,recover-20241018,UBNA_011,E18 Bridge
HF,46080.0,13.24539487936697,178.3115,178.3191,45234.0,53233.0,Echolocation,Pipistrellus pipistrellus,0.555,0.6,-1,192000.0,/mnt/ubna_data_04/recover-20241018/UBNA_011/20241017_022000.WAV,recover-20241018,UBNA_011,E18 Bridge
HF,46080.0,18.008029667517434,77.4175,77.4254,44375.0,65162.0,Echolocation,Pipistrellus pipistrellus,0.661,0.719,-1,192000.0,/mnt/ubna_data_04/recover-20241018/UBNA_011/20241017_022000.WAV,recover-20241018,UBNA_011,E18 Bridge
HF,46080.0,15.735286471654334,24.2705,24.2765,44375.0,63399.0,Echolocation,Pipistrellus pipistrellus,0.535,0.709,-1,192000.0,/mnt/ubna_data_04/recover-20241018/UBNA_011/20241017_022000.WAV,recover-20241018,UBNA_011,E18 Bridge
HF,46080.0,16.293246063227794,171.2455,171.25130000000001,45234.0,58603.0,Echolocation,Pipistrellus pipistrellus,0.559,0.615,-1,192000.0,/mnt/ubna_data_04/recover-20241018/UBNA_011/20241017_021000.WAV,recover-20241018,UBNA_011,E18 Bridge
HF,47040.0,10.605628143095917,48.5785,48.5828,45234.0,59899.0,Echolocation,Pipistrellus pipistrellus,0.542,0.611,-1,192000.0,/mnt/ubna_data_04/recover-20241018/UBNA_011/20241017_021000.WAV,recover-20241018,UBNA_011,E18 Bridge
HF,46080.0,5.852430954904632,264.3875,264.39300000000003,45234.0,58331.0,Echolocation,Pipistrellus pipistrellus,0.506,0.547,-1,192000.0,/mnt/ubna_data_04/recover-20241018/UBNA_011/20241017_022000.WAV,recover-20241018,UBNA_011,E18 Bridge
HF,46080.0,11.648986644908724,24.4335,24.4394,44375.0,58900.0,Echolocation,Pipistrellus pipistrellus,0.544,0.682,-1,192000.0,/mnt/ubna_data_04/recover-20241018/UBNA_011/20241017_022000.WAV,recover-20241018,UBNA_011,E18 Bridge
HF,48960.0,16.5720213927877,48.6495,48.6543,46093.0,62134.0,Echolocation,Pipistrellus pipistrellus,0.598,0.671,-1,192000.0,/mnt/ubna_data_04/recover-20241018/UBNA_011/20241017_021000.WAV,recover-20241018,UBNA_011,E18 Bridge
HF,46080.0,10.074923343089283,264.6535,264.6597,46093.0,58469.0,Echolocation,Pipistrellus pipistrellus,0.611,0.663,-1,192000.0,/mnt/ubna_data_04/recover-20241018/UBNA_011/20241017_022000.WAV,recover-20241018,UBNA_011,E18 Bridge
HF,46080.0,16.91586424253271,21.6855,21.692,44375.0,64798.0,Echolocation,Pipistrellus pipistrellus,0.556,0.729,-1,192000.0,/mnt/ubna_data_04/recover-20241018/UBNA_011/20241017_021000.WAV,recover-20241018,UBNA_011,E18 Bridge
HF,46080.0,20.109342660481673,178.4105,178.4194,43515.0,68810.0,Echolocation,Pipistrellus pipistrellus,0.561,0.667,-1,192000.0,/mnt/ubna_data_04/recover-20241018/UBNA_011/20241017_022000.WAV,recover-20241018,UBNA_011,E18 Bridge
HF,46080.0,12.09745352006925,171.4305,171.4363,44375.0,61856.0,Echolocation,Pipistrellus pipistrellus,0.521,0.662,-1,192000.0,/mnt/ubna_data_04/recover-20241018/UBNA_011/20241017_021000.WAV,recover-20241018,UBNA_011,E18 Bridge
HF,48000.0,8.899337019527106,77.5085,77.5187,45234.0,59435.0,Echolocation,Pipistrellus pipistrellus,0.495,0.52,-1,192000.0,/mnt/ubna_data_04/recover-20241018/UBNA_011/20241017_022000.WAV,recover-20241018,UBNA_011,E18 Bridge
HF,48000.0,18.931951662574022,48.7395,48.7442,45234.0,60354.0,Echolocation,Pipistrellus pipistrellus,0.498,0.586,-1,192000.0,/mnt/ubna_data_04/recover-20241018/UBNA_011/20241017_021000.WAV,recover-20241018,UBNA_011,E18 Bridge
HF,48000.0,15.53686783135569,171.5055,171.5109,45234.0,60567.0,Echolocation,Pipistrellus pipistrellus,0.583,0.633,-1,192000.0,/mnt/ubna_data_04/recover-20241018/UBNA_011/20241017_021000.WAV,recover-20241018,UBNA_011,E18 Bridge
HF,46080.0,11.702427494367571,264.7345,264.741,45234.0,59245.0,Echolocation,Pipistrellus pipistrellus,0.58,0.669,-1,192000.0,/mnt/ubna_data_04/recover-20241018/UBNA_011/20241017_022000.WAV,recover-20241018,UBNA_011,E18 Bridge
HF,46080.0,17.553945212586612,178.6125,178.622,45234.0,63146.0,Echolocation,Pipistrellus pipistrellus,0.566,0.693,-1,192000.0,/mnt/ubna_data_04/recover-20241018/UBNA_011/20241017_022000.WAV,recover-20241018,UBNA_011,E18 Bridge
HF,46080.0,14.588753390641646,21.8845,21.8903,44375.0,59210.0,Echolocation,Pipistrellus pipistrellus,0.655,0.684,-1,192000.0,/mnt/ubna_data_04/recover-20241018/UBNA_011/20241017_021000.WAV,recover-20241018,UBNA_011,E18 Bridge
HF,47040.0,11.333612121904089,24.5085,24.5137,44375.0,62351.0,Echolocation,Pipistrellus pipistrellus,0.569,0.623,-1,192000.0,/mnt/ubna_data_04/recover-20241018/UBNA_011/20241017_022000.WAV,recover-20241018,UBNA_011,E18 Bridge
HF,46080.0,8.392103675467279,77.9805,77.9913,45234.0,58552.0,Echolocation,Pipistrellus pipistrellus,0.466,0.529,-1,192000.0,/mnt/ubna_data_04/recover-20241018/UBNA_011/20241017_022000.WAV,recover-20241018,UBNA_011,E18 Bridge
HF,46080.0,13.472133402091426,264.8165,264.8221,46093.0,57151.0,Echolocation,Pipistrellus pipistrellus,0.604,0.635,-1,192000.0,/mnt/ubna_data_04/recover-20241018/UBNA_011/20241017_022000.WAV,recover-20241018,UBNA_011,E18 Bridge
HF,46080.0,14.084935056190222,22.0695,22.0744,44375.0,59457.0,Echolocation,Pipistrellus pipistrellus,0.558,0.62,-1,192000.0,/mnt/ubna_data_04/recover-20241018/UBNA_011/20241017_021000.WAV,recover-20241018,UBNA_011,E18 Bridge
HF,47040.0,11.197282409278133,171.5845,171.5904,44375.0,59589.0,Echolocation,Pipistrellus pipistrellus,0.464,0.522,-1,192000.0,/mnt/ubna_data_04/recover-20241018/UBNA_011/20241017_021000.WAV,recover-20241018,UBNA_011,E18 Bridge
HF,46080.0,14.361469337080223,178.8125,178.8235,43515.0,64834.0,Echolocation,Pipistrellus pipistrellus,0.481,0.611,-1,192000.0,/mnt/ubna_data_04/recover-20241018/UBNA_011/20241017_022000.WAV,recover-20241018,UBNA_011,E18 Bridge
HF,48000.0,11.714340722398727,26.7415,26.746,45234.0,61798.0,Echolocation,Pipistrellus pipistrellus,0.399,0.542,-1,192000.0,/mnt/ubna_data_04/recover-20241018/UBNA_011/20241017_022000.WAV,recover-20241018,UBNA_011,E18 Bridge
HF,54720.0,10.329194105014729,48.8185,48.824600000000004,46093.0,60958.0,Echolocation,Pipistrellus pipistrellus,0.487,0.58,-1,192000.0,/mnt/ubna_data_04/recover-20241018/UBNA_011/20241017_021000.WAV,recover-20241018,UBNA_011,E18 Bridge
HF,47040.0,8.851384612183216,83.2615,83.2727,45234.0,56971.0,Echolocation,Pipistrellus pipistrellus,0.408,0.501,-1,192000.0,/mnt/ubna_data_04/recover-20241018/UBNA_011/20241017_022000.WAV,recover-20241018,UBNA_011,E18 Bridge
HF,47040.0,8.58015260663558,264.9455,264.9515,46093.0,59533.0,Echolocation,Pipistrellus pipistrellus,0.535,0.579,-1,192000.0,/mnt/ubna_data_04/recover-20241018/UBNA_011/20241017_022000.WAV,recover-20241018,UBNA_011,E18 Bridge
HF,46080.0,9.88965624551396,83.8815,83.89189999999999,44375.0,59444.0,Echolocation,Pipistrellus pipistrellus,0.414,0.504,-1,192000.0,/mnt/ubna_data_04/recover-20241018/UBNA_011/20241017_022000.WAV,recover-20241018,UBNA_011,E18 Bridge
HF,46080.0,13.89212576463634,49.1455,49.1499,44375.0,61069.0,Echolocation,Pipistrellus pipistrellus,0.534,0.614,-1,192000.0,/mnt/ubna_data_04/recover-20241018/UBNA_011/20241017_021000.WAV,recover-20241018,UBNA_011,E18 Bridge
HF,48960.0,16.935028019304,22.2375,22.2428,45234.0,58966.0,Echolocation,Pipistrellus pipistrellus,0.593,0.651,-1,192000.0,/mnt/ubna_data_04/recover-20241018/UBNA_011/20241017_021000.WAV,recover-20241018,UBNA_011,E18 Bridge
HF,48000.0,12.987332159436233,26.8295,26.8356,45234.0,64686.0,Echolocation,Pipistrellus pipistrellus,0.335,0.562,-1,192000.0,/mnt/ubna_data_04/recover-20241018/UBNA_011/20241017_022000.WAV,recover-20241018,UBNA_011,E18 Bridge
HF,47040.0,12.329003713051891,171.66649999999998,171.6718,44375.0,63598.0,Echolocation,Pipistrellus pipistrellus,0.542,0.614,-1,192000.0,/mnt/ubna_data_04/recover-20241018/UBNA_011/20241017_021000.WAV,recover-20241018,UBNA_011,E18 Bridge
HF,48960.0,8.688504361647722,50.4015,50.4065,47812.0,62573.0,Echolocation,Pipistrellus pipistrellus,0.496,0.576,-1,192000.0,/mnt/ubna_data_04/recover-20241018/UBNA_011/20241017_021000.WAV,recover-20241018,UBNA_011,E18 Bridge
HF,46080.0,12.363141191161883,84.2655,84.2786,45234.0,57920.0,Echolocation,Pipistrellus pipistrellus,0.447,0.54,-1,192000.0,/mnt/ubna_data_04/recover-20241018/UBNA_011/20241017_022000.WAV,recover-20241018,UBNA_011,E18 Bridge
HF,52800.0,11.257508446250908,27.1925,27.1961,51250.0,63944.0,Echolocation,Pipistrellus pipistrellus,0.427,0.529,-1,192000.0,/mnt/ubna_data_04/recover-20241018/UBNA_011/20241017_022000.WAV,recover-20241018,UBNA_011,E18 Bridge
HF,46080.0,1.0792137061538067,22.4855,22.4912,45234.0,56883.0,Echolocation,Pipistrellus pipistrellus,0.493,0.526,-1,192000.0,/mnt/ubna_data_04/recover-20241018/UBNA_011/20241017_021000.WAV,recover-20241018,UBNA_011,E18 Bridge
HF,46080.0,7.108630644947659,265.0285,265.03430000000003,45234.0,56687.0,Echolocation,Pipistrellus pipistrellus,0.587,0.626,-1,192000.0,/mnt/ubna_data_04/recover-20241018/UBNA_011/20241017_022000.WAV,recover-20241018,UBNA_011,E18 Bridge
HF,51840.0,10.8723884951722,171.7445,171.7504,46093.0,59202.0,Echolocation,Pipistrellus pipistrellus,0.471,0.586,-1,192000.0,/mnt/ubna_data_04/recover-20241018/UBNA_011/20241017_021000.WAV,recover-20241018,UBNA_011,E18 Bridge
HF,46080.0,14.185738605504357,265.1125,265.1186,45234.0,56590.0,Echolocation,Pipistrellus pipistrellus,0.528,0.611,-1,192000.0,/mnt/ubna_data_04/recover-20241018/UBNA_011/20241017_022000.WAV,recover-20241018,UBNA_011,E18 Bridge
HF,46080.0,17.21677873633133,84.35849999999999,84.3674,44375.0,58995.0,Echolocation,Pipistrellus pipistrellus,0.584,0.661,-1,192000.0,/mnt/ubna_data_04/recover-20241018/UBNA_011/20241017_022000.WAV,recover-20241018,UBNA_011,E18 Bridge
HF,47040.0,7.18561378591345,28.0955,28.1013,46093.0,53964.0,Echolocation,Pipistrellus pipistrellus,0.51,0.543,-1,192000.0,/mnt/ubna_data_04/recover-20241018/UBNA_011/20241017_022000.WAV,recover-20241018,UBNA_011,E18 Bridge
HF,53760.0,11.049967715344753,50.4825,50.4867,49531.0,61819.0,Echolocation,Pipistrellus pipistrellus,0.452,0.505,-1,192000.0,/mnt/ubna_data_04/recover-20241018/UBNA_011/20241017_021000.WAV,recover-20241018,UBNA_011,E18 Bridge
HF,48000.0,6.102683646003161,22.5505,22.556,44375.0,59696.0,Echolocation,Pipistrellus pipistrellus,0.47,0.575,-1,192000.0,/mnt/ubna_data_04/recover-20241018/UBNA_011/20241017_021000.WAV,recover-20241018,UBNA_011,E18 Bridge
HF,52800.0,7.9896514165088455,171.8235,171.8285,44375.0,59142.0,Echolocation,Pipistrellus pipistrellus,0.529,0.606,-1,192000.0,/mnt/ubna_data_04/recover-20241018/UBNA_011/20241017_021000.WAV,recover-20241018,UBNA_011,E18 Bridge
HF,51840.0,9.58754039742587,171.9025,171.9077,46953.0,61749.0,Echolocation,Pipistrellus pipistrellus,0.437,0.521,-1,192000.0,/mnt/ubna_data_04/recover-20241018/UBNA_011/20241017_021000.WAV,recover-20241018,UBNA_011,E18 Bridge
HF,46080.0,3.392941693303092,51.7385,51.745000000000005,45234.0,56463.0,Echolocation,Pipistrellus pipistrellus,0.545,0.608,-1,192000.0,/mnt/ubna_data_04/recover-20241018/UBNA_011/20241017_021000.WAV,recover-20241018,UBNA_011,E18 Bridge
HF,46080.0,16.479515704049774,265.1995,265.2058,45234.0,60911.0,Echolocation,Pipistrellus pipistrellus,0.606,0.686,-1,192000.0,/mnt/ubna_data_04/recover-20241018/UBNA_011/20241017_022000.WAV,recover-20241018,UBNA_011,E18 Bridge
HF,47040.0,5.5109756579598335,28.4415,28.4487,45234.0,58179.0,Echolocation,Pipistrellus pipistrellus,0.448,0.54,-1,192000.0,/mnt/ubna_data_04/recover-20241018/UBNA_011/20241017_022000.WAV,recover-20241018,UBNA_011,E18 Bridge
HF,47040.0,13.998348623167411,22.6525,22.659,46093.0,58714.0,Echolocation,Pipistrellus pipistrellus,0.632,0.708,-1,192000.0,/mnt/ubna_data_04/recover-20241018/UBNA_011/20241017_021000.WAV,recover-20241018,UBNA_011,E18 Bridge
HF,45120.0,7.4536578317558755,84.4555,84.4651,45234.0,53362.0,Echolocation,Pipistrellus pipistrellus,0.577,0.603,-1,192000.0,/mnt/ubna_data_04/recover-20241018/UBNA_011/20241017_022000.WAV,recover-20241018,UBNA_011,E18 Bridge
HF,46080.0,9.549202870028106,85.4965,85.5035,45234.0,54335.0,Echolocation,Pipistrellus pipistrellus,0.597,0.625,-1,192000.0,/mnt/ubna_data_04/recover-20241018/UBNA_011/20241017_022000.WAV,recover-20241018,UBNA_011,E18 Bridge
HF,48000.0,16.953996563778965,265.2955,265.3009,45234.0,59817.0,Echolocation,Pipistrellus pipistrellus,0.571,0.604,-1,192000.0,/mnt/ubna_data_04/recover-20241018/UBNA_011/20241017_022000.WAV,recover-20241018,UBNA_011,E18 Bridge
HF,48000.0,12.445991288889404,22.8135,22.821,46093.0,60731.0,Echolocation,Pipistrellus pipistrellus,0.534,0.67,-1,192000.0,/mnt/ubna_data_04/recover-20241018/UBNA_011/20241017_021000.WAV,recover-20241018,UBNA_011,E18 Bridge
HF,47040.0,10.281355325766357,171.9815,171.9864,45234.0,58354.0,Echolocation,Pipistrellus pipistrellus,0.494,0.542,-1,192000.0,/mnt/ubna_data_04/recover-20241018/UBNA_011/20241017_021000.WAV,recover-20241018,UBNA_011,E18 Bridge
HF,48000.0,7.177479087269152,51.8245,51.8313,46093.0,61803.0,Echolocation,Pipistrellus pipistrellus,0.49,0.644,-1,192000.0,/mnt/ubna_data_04/recover-20241018/UBNA_011/20241017_021000.WAV,recover-20241018,UBNA_011,E18 Bridge
HF,46080.0,16.321438341446868,85.5795,85.5866,44375.0,61672.0,Echolocation,Pipistrellus pipistrellus,0.641,0.682,-1,192000.0,/mnt/ubna_data_04/recover-20241018/UBNA_011/20241017_022000.WAV,recover-20241018,UBNA_011,E18 Bridge
HF,48000.0,16.572017373556523,22.9155,22.9205,46953.0,58997.0,Echolocation,Pipistrellus pipistrellus,0.562,0.592,-1,192000.0,/mnt/ubna_data_04/recover-20241018/UBNA_011/20241017_021000.WAV,recover-20241018,UBNA_011,E18 Bridge
HF,48960.0,5.79514042904365,51.911500000000004,51.9195,46093.0,61443.0,Echolocation,Pipistrellus pipistrellus,0.449,0.593,-1,192000.0,/mnt/ubna_data_04/recover-20241018/UBNA_011/20241017_021000.WAV,recover-20241018,UBNA_011,E18 Bridge
HF,51840.0,19.50580980080546,265.3845,265.391,45234.0,63877.0,Echolocation,Pipistrellus pipistrellus,0.604,0.698,-1,192000.0,/mnt/ubna_data_04/recover-20241018/UBNA_011/20241017_022000.WAV,recover-20241018,UBNA_011,E18 Bridge
HF,51840.0,13.523599119319014,172.0625,172.0677,45234.0,65124.0,Echolocation,Pipistrellus pipistrellus,0.435,0.538,-1,192000.0,/mnt/ubna_data_04/recover-20241018/UBNA_011/20241017_021000.WAV,recover-20241018,UBNA_011,E18 Bridge
HF,47040.0,15.717939484510028,172.1445,172.1495,45234.0,60795.0,Echolocation,Pipistrellus pipistrellus,0.581,0.651,-1,192000.0,/mnt/ubna_data_04/recover-20241018/UBNA_011/20241017_021000.WAV,recover-20241018,UBNA_011,E18 Bridge
HF,47040.0,18.934546351493946,265.4805,265.4857,46093.0,59073.0,Echolocation,Pipistrellus pipistrellus,0.578,0.622,-1,192000.0,/mnt/ubna_data_04/recover-20241018/UBNA_011/20241017_022000.WAV,recover-20241018,UBNA_011,E18 Bridge
HF,46080.0,12.304440453787763,85.6615,85.6687,43515.0,59816.0,Echolocation,Pipistrellus pipistrellus,0.587,0.651,-1,192000.0,/mnt/ubna_data_04/recover-20241018/UBNA_011/20241017_022000.WAV,recover-20241018,UBNA_011,E18 Bridge
HF,46080.0,11.807518956972016,23.0965,23.102,46093.0,58222.0,Echolocation,Pipistrellus pipistrellus,0.573,0.592,-1,192000.0,/mnt/ubna_data_04/recover-20241018/UBNA_011/20241017_021000.WAV,recover-20241018,UBNA_011,E18 Bridge
HF,46080.0,7.941243294019136,52.176500000000004,52.186800000000005,46093.0,61880.0,Echolocation,Pipistrellus pipistrellus,0.445,0.546,-1,192000.0,/mnt/ubna_data_04/recover-20241018/UBNA_011/20241017_021000.WAV,recover-20241018,UBNA_011,E18 Bridge
HF,47040.0,10.13556732038699,52.442499999999995,52.4518,46093.0,63562.0,Echolocation,Pipistrellus pipistrellus,0.525,0.655,-1,192000.0,/mnt/ubna_data_04/recover-20241018/UBNA_011/20241017_021000.WAV,recover-20241018,UBNA_011,E18 Bridge
HF,47040.0,19.020049023873156,172.2225,172.2279,44375.0,62185.0,Echolocation,Pipistrellus pipistrellus,0.545,0.654,-1,192000.0,/mnt/ubna_data_04/recover-20241018/UBNA_011/20241017_021000.WAV,recover-20241018,UBNA_011,E18 Bridge
HF,46080.0,13.89303136855391,85.7425,85.7525,44375.0,62981.0,Echolocation,Pipistrellus pipistrellus,0.587,0.693,-1,192000.0,/mnt/ubna_data_04/recover-20241018/UBNA_011/20241017_022000.WAV,recover-20241018,UBNA_011,E18 Bridge
HF,45120.0,16.134563505272588,23.1835,23.1888,43515.0,56544.0,Echolocation,Pipistrellus pipistrellus,0.627,0.708,-1,192000.0,/mnt/ubna_data_04/recover-20241018/UBNA_011/20241017_021000.WAV,recover-20241018,UBNA_011,E18 Bridge
HF,48000.0,9.502751958979076,265.5715,265.5804,46093.0,61789.0,Echolocation,Pipistrellus pipistrellus,0.529,0.679,-1,192000.0,/mnt/ubna_data_04/recover-20241018/UBNA_011/20241017_022000.WAV,recover-20241018,UBNA_011,E18 Bridge
HF,47040.0,17.566372155593196,85.82849999999999,85.8374,44375.0,63554.0,Echolocation,Pipistrellus pipistrellus,0.573,0.68,-1,192000.0,/mnt/ubna_data_04/recover-20241018/UBNA_011/20241017_022000.WAV,recover-20241018,UBNA_011,E18 Bridge
HF,47040.0,12.824802984275632,265.7685,265.781,44375.0,65596.0,Echolocation,Pipistrellus pipistrellus,0.489,0.597,-1,192000.0,/mnt/ubna_data_04/recover-20241018/UBNA_011/20241017_022000.WAV,recover-20241018,UBNA_011,E18 Bridge
HF,52800.0,16.10076511698157,172.5405,172.5451,46093.0,63970.0,Echolocation,Pipistrellus pipistrellus,0.448,0.513,-1,192000.0,/mnt/ubna_data_04/recover-20241018/UBNA_011/20241017_021000.WAV,recover-20241018,UBNA_011,E18 Bridge
HF,45120.0,7.055843828353458,52.533500000000004,52.5434,45234.0,55594.0,Echolocation,Pipistrellus pipistrellus,0.471,0.525,-1,192000.0,/mnt/ubna_data_04/recover-20241018/UBNA_011/20241017_021000.WAV,recover-20241018,UBNA_011,E18 Bridge
HF,47040.0,6.060747372316747,23.2635,23.2687,46093.0,58556.0,Echolocation,Pipistrellus pipistrellus,0.567,0.589,-1,192000.0,/mnt/ubna_data_04/recover-20241018/UBNA_011/20241017_021000.WAV,recover-20241018,UBNA_011,E18 Bridge
HF,53760.0,16.277827197124633,172.6225,172.62709999999998,46953.0,64631.0,Echolocation,Pipistrellus pipistrellus,0.482,0.564,-1,192000.0,/mnt/ubna_data_04/recover-20241018/UBNA_011/20241017_021000.WAV,recover-20241018,UBNA_011,E18 Bridge
HF,46080.0,13.104006850091746,85.9135,85.9204,44375.0,58120.0,Echolocation,Pipistrellus pipistrellus,0.638,0.678,-1,192000.0,/mnt/ubna_data_04/recover-20241018/UBNA_011/20241017_022000.WAV,recover-20241018,UBNA_011,E18 Bridge
HF,48000.0,11.791862904774444,265.8625,265.8716,46953.0,63478.0,Echolocation,Pipistrellus pipistrellus,0.398,0.604,-1,192000.0,/mnt/ubna_data_04/recover-20241018/UBNA_011/20241017_022000.WAV,recover-20241018,UBNA_011,E18 Bridge
HF,46080.0,9.53140556145474,52.6255,52.6346,44375.0,63162.0,Echolocation,Pipistrellus pipistrellus,0.566,0.663,-1,192000.0,/mnt/ubna_data_04/recover-20241018/UBNA_011/20241017_021000.WAV,recover-20241018,UBNA_011,E18 Bridge
HF,54720.0,7.656072728887251,24.1535,24.1606,47812.0,61138.0,Echolocation,Pipistrellus pipistrellus,0.489,0.55,-1,192000.0,/mnt/ubna_data_04/recover-20241018/UBNA_011/20241017_021000.WAV,recover-20241018,UBNA_011,E18 Bridge
HF,46080.0,4.667860370113287,24.2325,24.2411,45234.0,59496.0,Echolocation,Pipistrellus pipistrellus,0.42,0.51,-1,192000.0,/mnt/ubna_data_04/recover-20241018/UBNA_011/20241017_021000.WAV,recover-20241018,UBNA_011,E18 Bridge
HF,47040.0,13.410367606818035,266.0455,266.0529,45234.0,53188.0,Echolocation,Pipistrellus pipistrellus,0.602,0.622,-1,192000.0,/mnt/ubna_data_04/recover-20241018/UBNA_011/20241017_022000.WAV,recover-20241018,UBNA_011,E18 Bridge
HF,46080.0,19.94505048446617,86.0035,86.0094,45234.0,60738.0,Echolocation,Pipistrellus pipistrellus,0.556,0.57,-1,192000.0,/mnt/ubna_data_04/recover-20241018/UBNA_011/20241017_022000.WAV,recover-20241018,UBNA_011,E18 Bridge
HF,46080.0,6.749762760914186,52.814499999999995,52.8258,45234.0,61049.0,Echolocation,Pipistrellus pipistrellus,0.448,0.578,-1,192000.0,/mnt/ubna_data_04/recover-20241018/UBNA_011/20241017_021000.WAV,recover-20241018,UBNA_011,E18 Bridge
HF,49920.0,14.465982182580369,172.8895,172.8948,46953.0,63543.0,Echolocation,Pipistrellus pipistrellus,0.508,0.623,-1,192000.0,/mnt/ubna_data_04/recover-20241018/UBNA_011/20241017_021000.WAV,recover-20241018,UBNA_011,E18 Bridge
HF,47040.0,16.87541641891284,24.3095,24.3166,45234.0,63451.0,Echolocation,Pipistrellus pipistrellus,0.479,0.607,-1,192000.0,/mnt/ubna_data_04/recover-20241018/UBNA_011/20241017_021000.WAV,recover-20241018,UBNA_011,E18 Bridge
HF,46080.0,19.24744572082401,266.1375,266.145,45234.0,66185.0,Echolocation,Pipistrellus pipistrellus,0.647,0.701,-1,192000.0,/mnt/ubna_data_04/recover-20241018/UBNA_011/20241017_022000.WAV,recover-20241018,UBNA_011,E18 Bridge
HF,46080.0,15.525877298787467,86.0885,86.0959,45234.0,55170.0,Echolocation,Pipistrellus pipistrellus,0.621,0.652,-1,192000.0,/mnt/ubna_data_04/recover-20241018/UBNA_011/20241017_022000.WAV,recover-20241018,UBNA_011,E18 Bridge
HF,47040.0,14.91443325447954,172.9735,172.9789,46093.0,59158.0,Echolocation,Pipistrellus pipistrellus,0.515,0.642,-1,192000.0,/mnt/ubna_data_04/recover-20241018/UBNA_011/20241017_021000.WAV,recover-20241018,UBNA_011,E18 Bridge
HF,46080.0,11.792814724139573,52.9105,52.919200000000004,45234.0,63115.0,Echolocation,Pipistrellus pipistrellus,0.523,0.675,-1,192000.0,/mnt/ubna_data_04/recover-20241018/UBNA_011/20241017_021000.WAV,recover-20241018,UBNA_011,E18 Bridge
HF,47040.0,8.335869124069294,266.2465,266.252,46093.0,58526.0,Echolocation,Pipistrellus pipistrellus,0.535,0.553,-1,192000.0,/mnt/ubna_data_04/recover-20241018/UBNA_011/20241017_022000.WAV,recover-20241018,UBNA_011,E18 Bridge
HF,47040.0,6.676005064603184,24.3965,24.402,46093.0,59534.0,Echolocation,Pipistrellus pipistrellus,0.562,0.621,-1,192000.0,/mnt/ubna_data_04/recover-20241018/UBNA_011/20241017_021000.WAV,recover-20241018,UBNA_011,E18 Bridge
HF,46080.0,19.950309483113966,86.1795,86.1867,43515.0,63860.0,Echolocation,Pipistrellus pipistrellus,0.674,0.717,-1,192000.0,/mnt/ubna_data_04/recover-20241018/UBNA_011/20241017_022000.WAV,recover-20241018,UBNA_011,E18 Bridge
HF,48000.0,13.037543708378077,173.0605,173.066,46093.0,59803.0,Echolocation,Pipistrellus pipistrellus,0.491,0.654,-1,192000.0,/mnt/ubna_data_04/recover-20241018/UBNA_011/20241017_021000.WAV,recover-20241018,UBNA_011,E18 Bridge
HF,46080.0,9.123698927202541,53.0065,53.017700000000005,45234.0,61902.0,Echolocation,Pipistrellus pipistrellus,0.42,0.535,-1,192000.0,/mnt/ubna_data_04/recover-20241018/UBNA_011/20241017_021000.WAV,recover-20241018,UBNA_011,E18 Bridge
HF,48000.0,11.532302607265965,173.1445,173.1527,44375.0,60309.0,Echolocation,Pipistrellus pipistrellus,0.478,0.661,-1,192000.0,/mnt/ubna_data_04/recover-20241018/UBNA_011/20241017_021000.WAV,recover-20241018,UBNA_011,E18 Bridge
HF,48000.0,17.154997286161585,24.4825,24.4894,46093.0,64202.0,Echolocation,Pipistrellus pipistrellus,0.553,0.714,-1,192000.0,/mnt/ubna_data_04/recover-20241018/UBNA_011/20241017_021000.WAV,recover-20241018,UBNA_011,E18 Bridge
HF,47040.0,6.010028547567248,266.3395,266.3466,46093.0,53971.0,Echolocation,Pipistrellus pipistrellus,0.493,0.514,-1,192000.0,/mnt/ubna_data_04/recover-20241018/UBNA_011/20241017_022000.WAV,recover-20241018,UBNA_011,E18 Bridge
HF,45120.0,16.632232434268715,53.0985,53.109,43515.0,62898.0,Echolocation,Pipistrellus pipistrellus,0.483,0.625,-1,192000.0,/mnt/ubna_data_04/recover-20241018/UBNA_011/20241017_021000.WAV,recover-20241018,UBNA_011,E18 Bridge
HF,45120.0,23.990382552610097,86.2705,86.2779,43515.0,65613.0,Echolocation,Pipistrellus pipistrellus,0.633,0.719,-1,192000.0,/mnt/ubna_data_04/recover-20241018/UBNA_011/20241017_022000.WAV,recover-20241018,UBNA_011,E18 Bridge
HF,45120.0,9.63815516130891,86.3635,86.3709,44375.0,53035.0,Echolocation,Pipistrellus pipistrellus,0.576,0.594,-1,192000.0,/mnt/ubna_data_04/recover-20241018/UBNA_011/20241017_022000.WAV,recover-20241018,UBNA_011,E18 Bridge
HF,45120.0,14.015800875721691,53.204499999999996,53.2153,44375.0,61563.0,Echolocation,Pipistrellus pipistrellus,0.481,0.644,-1,192000.0,/mnt/ubna_data_04/recover-20241018/UBNA_011/20241017_021000.WAV,recover-20241018,UBNA_011,E18 Bridge
HF,48000.0,15.079693129614862,173.4295,173.4357,45234.0,63366.0,Echolocation,Pipistrellus pipistrellus,0.405,0.516,-1,192000.0,/mnt/ubna_data_04/recover-20241018/UBNA_011/20241017_021000.WAV,recover-20241018,UBNA_011,E18 Bridge
HF,46080.0,9.20582197004115,24.6425,24.6512,44375.0,60503.0,Echolocation,Pipistrellus pipistrellus,0.499,0.641,-1,192000.0,/mnt/ubna_data_04/recover-20241018/UBNA_011/20241017_021000.WAV,recover-20241018,UBNA_011,E18 Bridge
HF,46080.0,6.18560431553105,266.4265,266.4352,46093.0,63752.0,Echolocation,Pipistrellus pipistrellus,0.509,0.66,-1,192000.0,/mnt/ubna_data_04/recover-20241018/UBNA_011/20241017_022000.WAV,recover-20241018,UBNA_011,E18 Bridge
HF,47040.0,11.728039275823512,24.7235,24.7302,45234.0,64382.0,Echolocation,Pipistrellus pipistrellus,0.553,0.664,-1,192000.0,/mnt/ubna_data_04/recover-20241018/UBNA_011/20241017_021000.WAV,recover-20241018,UBNA_011,E18 Bridge
HF,45120.0,11.473143485435159,53.307500000000005,53.3196,44375.0,60023.0,Echolocation,Pipistrellus pipistrellus,0.405,0.575,-1,192000.0,/mnt/ubna_data_04/recover-20241018/UBNA_011/20241017_021000.WAV,recover-20241018,UBNA_011,E18 Bridge
HF,46080.0,21.587920930256246,266.5195,266.5274,44375.0,68662.0,Echolocation,Pipistrellus pipistrellus,0.583,0.683,-1,192000.0,/mnt/ubna_data_04/recover-20241018/UBNA_011/20241017_022000.WAV,recover-20241018,UBNA_011,E18 Bridge
HF,48960.0,12.870532034857904,173.5105,173.5168,46953.0,62421.0,Echolocation,Pipistrellus pipistrellus,0.537,0.64,-1,192000.0,/mnt/ubna_data_04/recover-20241018/UBNA_011/20241017_021000.WAV,recover-20241018,UBNA_011,E18 Bridge
HF,45120.0,23.7794458915208,86.4545,86.4616,42656.0,66803.0,Echolocation,Pipistrellus pipistrellus,0.618,0.679,-1,192000.0,/mnt/ubna_data_04/recover-20241018/UBNA_011/20241017_022000.WAV,recover-20241018,UBNA_011,E18 Bridge
HF,48960.0,13.290949995037737,173.5915,173.5985,46093.0,65558.0,Echolocation,Pipistrellus pipistrellus,0.564,0.684,-1,192000.0,/mnt/ubna_data_04/recover-20241018/UBNA_011/20241017_021000.WAV,recover-20241018,UBNA_011,E18 Bridge
HF,46080.0,14.580247275987933,53.3975,53.4078,44375.0,64950.0,Echolocation,Pipistrellus pipistrellus,0.48,0.632,-1,192000.0,/mnt/ubna_data_04/recover-20241018/UBNA_011/20241017_021000.WAV,recover-20241018,UBNA_011,E18 Bridge
HF,47040.0,15.009029640864842,24.8125,24.8204,44375.0,62142.0,Echolocation,Pipistrellus pipistrellus,0.506,0.653,-1,192000.0,/mnt/ubna_data_04/recover-20241018/UBNA_011/20241017_021000.WAV,recover-20241018,UBNA_011,E18 Bridge
HF,46080.0,5.358647036195628,266.6185,266.6251,46093.0,56494.0,Echolocation,Pipistrellus pipistrellus,0.577,0.599,-1,192000.0,/mnt/ubna_data_04/recover-20241018/UBNA_011/20241017_022000.WAV,recover-20241018,UBNA_011,E18 Bridge
HF,46080.0,4.05284204251045,86.5555,86.5651,44375.0,54133.0,Echolocation,Pipistrellus pipistrellus,0.489,0.516,-1,192000.0,/mnt/ubna_data_04/recover-20241018/UBNA_011/20241017_022000.WAV,recover-20241018,UBNA_011,E18 Bridge
HF,46080.0,18.743516718420853,86.64750000000001,86.6562,44375.0,60256.0,Echolocation,Pipistrellus pipistrellus,0.531,0.62,-1,192000.0,/mnt/ubna_data_04/recover-20241018/UBNA_011/20241017_022000.WAV,recover-20241018,UBNA_011,E18 Bridge
HF,48000.0,14.85074024998552,24.9075,24.9151,44375.0,63319.0,Echolocation,Pipistrellus pipistrellus,0.547,0.671,-1,192000.0,/mnt/ubna_data_04/recover-20241018/UBNA_011/20241017_021000.WAV,recover-20241018,UBNA_011,E18 Bridge
HF,48000.0,13.992489120850774,173.6755,173.6815,46953.0,63699.0,Echolocation,Pipistrellus pipistrellus,0.569,0.652,-1,192000.0,/mnt/ubna_data_04/recover-20241018/UBNA_011/20241017_021000.WAV,recover-20241018,UBNA_011,E18 Bridge
HF,45120.0,9.47159207785994,267.5665,267.5757,45234.0,50932.0,Echolocation,Pipistrellus pipistrellus,0.486,0.512,-1,192000.0,/mnt/ubna_data_04/recover-20241018/UBNA_011/20241017_022000.WAV,recover-20241018,UBNA_011,E18 Bridge
HF,46080.0,9.127643260869725,53.4905,53.4992,45234.0,60164.0,Echolocation,Pipistrellus pipistrellus,0.513,0.613,-1,192000.0,/mnt/ubna_data_04/recover-20241018/UBNA_011/20241017_021000.WAV,recover-20241018,UBNA_011,E18 Bridge
HF,45120.0,15.483595991289711,86.8375,86.8479,44375.0,61246.0,Echolocation,Pipistrellus pipistrellus,0.546,0.652,-1,192000.0,/mnt/ubna_data_04/recover-20241018/UBNA_011/20241017_022000.WAV,recover-20241018,UBNA_011,E18 Bridge
HF,47040.0,14.845285833466386,24.9985,25.0067,45234.0,63354.0,Echolocation,Pipistrellus pipistrellus,0.542,0.686,-1,192000.0,/mnt/ubna_data_04/recover-20241018/UBNA_011/20241017_021000.WAV,recover-20241018,UBNA_011,E18 Bridge
HF,45120.0,5.501797635845786,267.8655,267.8746,45234.0,57280.0,Echolocation,Pipistrellus pipistrellus,0.576,0.621,-1,192000.0,/mnt/ubna_data_04/recover-20241018/UBNA_011/20241017_022000.WAV,recover-20241018,UBNA_011,E18 Bridge
HF,46080.0,19.52248468409577,53.5865,53.5963,44375.0,66643.0,Echolocation,Pipistrellus pipistrellus,0.519,0.628,-1,192000.0,/mnt/ubna_data_04/recover-20241018/UBNA_011/20241017_021000.WAV,recover-20241018,UBNA_011,E18 Bridge
HF,46080.0,12.018120178696845,173.7555,173.7645,44375.0,64536.0,Echolocation,Pipistrellus pipistrellus,0.363,0.539,-1,192000.0,/mnt/ubna_data_04/recover-20241018/UBNA_011/20241017_021000.WAV,recover-20241018,UBNA_011,E18 Bridge
HF,46080.0,13.541369773699937,25.0935,25.1023,45234.0,59887.0,Echolocation,Pipistrellus pipistrellus,0.483,0.637,-1,192000.0,/mnt/ubna_data_04/recover-20241018/UBNA_011/20241017_021000.WAV,recover-20241018,UBNA_011,E18 Bridge
HF,46080.0,14.341914458277813,53.6785,53.6874,44375.0,66242.0,Echolocation,Pipistrellus pipistrellus,0.563,0.631,-1,192000.0,/mnt/ubna_data_04/recover-20241018/UBNA_011/20241017_021000.WAV,recover-20241018,UBNA_011,E18 Bridge
HF,46080.0,11.379522550311991,268.1435,268.15319999999997,46093.0,65090.0,Echolocation,Pipistrellus pipistrellus,0.448,0.654,-1,192000.0,/mnt/ubna_data_04/recover-20241018/UBNA_011/20241017_022000.WAV,recover-20241018,UBNA_011,E18 Bridge
HF,48000.0,10.169358032750484,173.8435,173.8524,46093.0,62358.0,Echolocation,Pipistrellus pipistrellus,0.447,0.538,-1,192000.0,/mnt/ubna_data_04/recover-20241018/UBNA_011/20241017_021000.WAV,recover-20241018,UBNA_011,E18 Bridge
HF,46080.0,15.346909387482846,87.0475,87.0548,44375.0,60908.0,Echolocation,Pipistrellus pipistrellus,0.57,0.65,-1,192000.0,/mnt/ubna_data_04/recover-20241018/UBNA_011/20241017_022000.WAV,recover-20241018,UBNA_011,E18 Bridge
HF,45120.0,15.467726264875242,87.1335,87.14189999999999,44375.0,56196.0,Echolocation,Pipistrellus pipistrellus,0.563,0.622,-1,192000.0,/mnt/ubna_data_04/recover-20241018/UBNA_011/20241017_022000.WAV,recover-20241018,UBNA_011,E18 Bridge
HF,47040.0,13.927996260808136,173.92849999999999,173.9348,45234.0,62248.0,Echolocation,Pipistrellus pipistrellus,0.508,0.596,-1,192000.0,/mnt/ubna_data_04/recover-20241018/UBNA_011/20241017_021000.WAV,recover-20241018,UBNA_011,E18 Bridge
HF,47040.0,16.652722865596232,53.7695,53.7822,45234.0,69275.0,Echolocation,Pipistrellus pipistrellus,0.503,0.643,-1,192000.0,/mnt/ubna_data_04/recover-20241018/UBNA_011/20241017_021000.WAV,recover-20241018,UBNA_011,E18 Bridge
HF,48000.0,13.38807434006223,25.1945,25.2023,44375.0,62872.0,Echolocation,Pipistrellus pipistrellus,0.576,0.702,-1,192000.0,/mnt/ubna_data_04/recover-20241018/UBNA_011/20241017_021000.WAV,recover-20241018,UBNA_011,E18 Bridge
HF,47040.0,10.998852347000144,268.2395,268.2475,45234.0,61482.0,Echolocation,Pipistrellus pipistrellus,0.545,0.61,-1,192000.0,/mnt/ubna_data_04/recover-20241018/UBNA_011/20241017_022000.WAV,recover-20241018,UBNA_011,E18 Bridge
HF,46080.0,7.738877288174927,268.3445,268.3518,45234.0,52978.0,Echolocation,Pipistrellus pipistrellus,0.596,0.623,-1,192000.0,/mnt/ubna_data_04/recover-20241018/UBNA_011/20241017_022000.WAV,recover-20241018,UBNA_011,E18 Bridge
HF,47040.0,15.63445763592252,87.3245,87.33070000000001,44375.0,57083.0,Echolocation,Pipistrellus pipistrellus,0.642,0.665,-1,192000.0,/mnt/ubna_data_04/recover-20241018/UBNA_011/20241017_022000.WAV,recover-20241018,UBNA_011,E18 Bridge
HF,46080.0,11.567186129030823,53.8795,53.8879,44375.0,55975.0,Echolocation,Pipistrellus pipistrellus,0.511,0.593,-1,192000.0,/mnt/ubna_data_04/recover-20241018/UBNA_011/20241017_021000.WAV,recover-20241018,UBNA_011,E18 Bridge
HF,48000.0,12.184854222357204,174.0145,174.0217,46953.0,56326.0,Echolocation,Pipistrellus pipistrellus,0.551,0.575,-1,192000.0,/mnt/ubna_data_04/recover-20241018/UBNA_011/20241017_021000.WAV,recover-20241018,UBNA_011,E18 Bridge
HF,48960.0,15.317425116248756,25.3175,25.3248,46953.0,63770.0,Echolocation,Pipistrellus pipistrellus,0.54,0.734,-1,192000.0,/mnt/ubna_data_04/recover-20241018/UBNA_011/20241017_021000.WAV,recover-20241018,UBNA_011,E18 Bridge
HF,45120.0,18.395513450047723,87.5925,87.59909999999999,43515.0,57588.0,Echolocation,Pipistrellus pipistrellus,0.639,0.7,-1,192000.0,/mnt/ubna_data_04/recover-20241018/UBNA_011/20241017_022000.WAV,recover-20241018,UBNA_011,E18 Bridge
HF,48960.0,11.542662860871067,25.4165,25.4251,45234.0,63691.0,Echolocation,Pipistrellus pipistrellus,0.505,0.673,-1,192000.0,/mnt/ubna_data_04/recover-20241018/UBNA_011/20241017_021000.WAV,recover-20241018,UBNA_011,E18 Bridge
HF,46080.0,8.42431612809791,53.9675,53.9765,45234.0,62209.0,Echolocation,Pipistrellus pipistrellus,0.395,0.514,-1,192000.0,/mnt/ubna_data_04/recover-20241018/UBNA_011/20241017_021000.WAV,recover-20241018,UBNA_011,E18 Bridge
HF,46080.0,11.054299979179362,268.4385,268.4456,44375.0,61013.0,Echolocation,Pipistrellus pipistrellus,0.613,0.688,-1,192000.0,/mnt/ubna_data_04/recover-20241018/UBNA_011/20241017_022000.WAV,recover-20241018,UBNA_011,E18 Bridge
HF,48000.0,17.572754299054946,174.0995,174.1077,44375.0,63931.0,Echolocation,Pipistrellus pipistrellus,0.419,0.613,-1,192000.0,/mnt/ubna_data_04/recover-20241018/UBNA_011/20241017_021000.WAV,recover-20241018,UBNA_011,E18 Bridge
HF,45120.0,19.85029463426729,87.6865,87.6926,41796.0,58392.0,Echolocation,Pipistrellus pipistrellus,0.623,0.684,-1,192000.0,/mnt/ubna_data_04/recover-20241018/UBNA_011/20241017_022000.WAV,recover-20241018,UBNA_011,E18 Bridge
HF,48000.0,15.514017426716258,174.2725,174.27949999999998,46093.0,66642.0,Echolocation,Pipistrellus pipistrellus,0.59,0.731,-1,192000.0,/mnt/ubna_data_04/recover-20241018/UBNA_011/20241017_021000.WAV,recover-20241018,UBNA_011,E18 Bridge
HF,47040.0,5.862299783767381,54.052499999999995,54.064,46093.0,52908.0,Echolocation,Pipistrellus pipistrellus,0.46,0.505,-1,192000.0,/mnt/ubna_data_04/recover-20241018/UBNA_011/20241017_021000.WAV,recover-20241018,UBNA_011,E18 Bridge
HF,47040.0,14.538856582997896,25.5285,25.538,46093.0,63661.0,Echolocation,Pipistrellus pipistrellus,0.489,0.68,-1,192000.0,/mnt/ubna_data_04/recover-20241018/UBNA_011/20241017_021000.WAV,recover-20241018,UBNA_011,E18 Bridge
HF,45120.0,10.698386377441114,268.6195,268.6278,43515.0,59663.0,Echolocation,Pipistrellus pipistrellus,0.516,0.57,-1,192000.0,/mnt/ubna_data_04/recover-20241018/UBNA_011/20241017_022000.WAV,recover-20241018,UBNA_011,E18 Bridge
HF,46080.0,9.438554114073126,268.7205,268.7276,45234.0,51479.0,Echolocation,Pipistrellus pipistrellus,0.557,0.589,-1,192000.0,/mnt/ubna_data_04/recover-20241018/UBNA_011/20241017_022000.WAV,recover-20241018,UBNA_011,E18 Bridge
HF,46080.0,16.86057132519369,54.1355,54.1443,43515.0,66734.0,Echolocation,Pipistrellus pipistrellus,0.488,0.655,-1,192000.0,/mnt/ubna_data_04/recover-20241018/UBNA_011/20241017_021000.WAV,recover-20241018,UBNA_011,E18 Bridge
HF,47040.0,23.335044834931526,174.4865,174.4926,42656.0,69123.0,Echolocation,Pipistrellus pipistrellus,0.611,0.683,-1,192000.0,/mnt/ubna_data_04/recover-20241018/UBNA_011/20241017_021000.WAV,recover-20241018,UBNA_011,E18 Bridge
HF,48960.0,14.33930046344468,25.6345,25.6441,45234.0,65536.0,Echolocation,Pipistrellus pipistrellus,0.478,0.694,-1,192000.0,/mnt/ubna_data_04/recover-20241018/UBNA_011/20241017_021000.WAV,recover-20241018,UBNA_011,E18 Bridge
HF,44160.0,3.711063006947745,87.7885,87.7959,43515.0,50172.0,Echolocation,Pipistrellus pipistrellus,0.573,0.592,-1,192000.0,/mnt/ubna_data_04/recover-20241018/UBNA_011/20241017_022000.WAV,recover-20241018,UBNA_011,E18 Bridge
HF,46080.0,11.30329309222796,174.5815,174.588,44375.0,54031.0,Echolocation,Pipistrellus pipistrellus,0.498,0.533,-1,192000.0,/mnt/ubna_data_04/recover-20241018/UBNA_011/20241017_021000.WAV,recover-20241018,UBNA_011,E18 Bridge
HF,46080.0,12.946846077899911,54.316500000000005,54.3264,45234.0,61049.0,Echolocation,Pipistrellus pipistrellus,0.501,0.646,-1,192000.0,/mnt/ubna_data_04/recover-20241018/UBNA_011/20241017_021000.WAV,recover-20241018,UBNA_011,E18 Bridge
HF,46080.0,12.448154150147253,268.8085,268.8162,45234.0,64482.0,Echolocation,Pipistrellus pipistrellus,0.583,0.648,-1,192000.0,/mnt/ubna_data_04/recover-20241018/UBNA_011/20241017_022000.WAV,recover-20241018,UBNA_011,E18 Bridge
HF,48000.0,16.25835766187678,25.7305,25.7399,45234.0,70193.0,Echolocation,Pipistrellus pipistrellus,0.574,0.707,-1,192000.0,/mnt/ubna_data_04/recover-20241018/UBNA_011/20241017_021000.WAV,recover-20241018,UBNA_011,E18 Bridge
HF,45120.0,11.208674997099358,87.8955,87.9023,43515.0,55220.0,Echolocation,Pipistrellus pipistrellus,0.631,0.66,-1,192000.0,/mnt/ubna_data_04/recover-20241018/UBNA_011/20241017_022000.WAV,recover-20241018,UBNA_011,E18 Bridge
HF,45120.0,15.896078302232748,88.0255,88.0314,43515.0,54013.0,Echolocation,Pipistrellus pipistrellus,0.638,0.673,-1,192000.0,/mnt/ubna_data_04/recover-20241018/UBNA_011/20241017_022000.WAV,recover-20241018,UBNA_011,E18 Bridge
HF,47040.0,12.501361496134976,54.4975,54.5113,45234.0,62415.0,Echolocation,Pipistrellus pipistrellus,0.399,0.537,-1,192000.0,/mnt/ubna_data_04/recover-20241018/UBNA_011/20241017_021000.WAV,recover-20241018,UBNA_011,E18 Bridge
HF,46080.0,11.254888280190949,268.8975,268.9053,44375.0,50859.0,Echolocation,Pipistrellus pipistrellus,0.565,0.58,-1,192000.0,/mnt/ubna_data_04/recover-20241018/UBNA_011/20241017_022000.WAV,recover-20241018,UBNA_011,E18 Bridge
HF,48000.0,13.775838275206043,25.8275,25.834,45234.0,67337.0,Echolocation,Pipistrellus pipistrellus,0.433,0.574,-1,192000.0,/mnt/ubna_data_04/recover-20241018/UBNA_011/20241017_021000.WAV,recover-20241018,UBNA_011,E18 Bridge
HF,48000.0,18.928463587464236,174.6705,174.679,43515.0,66459.0,Echolocation,Pipistrellus pipistrellus,0.479,0.642,-1,192000.0,/mnt/ubna_data_04/recover-20241018/UBNA_011/20241017_021000.WAV,recover-20241018,UBNA_011,E18 Bridge
HF,47040.0,8.45041646278013,56.2295,56.2376,46093.0,62772.0,Echolocation,Pipistrellus pipistrellus,0.382,0.504,-1,192000.0,/mnt/ubna_data_04/recover-20241018/UBNA_011/20241017_021000.WAV,recover-20241018,UBNA_011,E18 Bridge
HF,48000.0,14.845794845988552,25.9185,25.9265,45234.0,62676.0,Echolocation,Pipistrellus pipistrellus,0.452,0.59,-1,192000.0,/mnt/ubna_data_04/recover-20241018/UBNA_011/20241017_021000.WAV,recover-20241018,UBNA_011,E18 Bridge
HF,47040.0,7.371961743574871,88.1345,88.1399,44375.0,53147.0,Echolocation,Pipistrellus pipistrellus,0.521,0.552,-1,192000.0,/mnt/ubna_data_04/recover-20241018/UBNA_011/20241017_022000.WAV,recover-20241018,UBNA_011,E18 Bridge
HF,46080.0,5.79872455975589,268.9805,268.9873,45234.0,53302.0,Echolocation,Pipistrellus pipistrellus,0.6,0.629,-1,192000.0,/mnt/ubna_data_04/recover-20241018/UBNA_011/20241017_022000.WAV,recover-20241018,UBNA_011,E18 Bridge
HF,47040.0,8.916031621740544,176.6215,176.6302,46953.0,53733.0,Echolocation,Pipistrellus pipistrellus,0.551,0.565,-1,192000.0,/mnt/ubna_data_04/recover-20241018/UBNA_011/20241017_021000.WAV,recover-20241018,UBNA_011,E18 Bridge
HF,47040.0,10.555576611065183,176.7935,176.8026,46093.0,56851.0,Echolocation,Pipistrellus pipistrellus,0.579,0.631,-1,192000.0,/mnt/ubna_data_04/recover-20241018/UBNA_011/20241017_021000.WAV,recover-20241018,UBNA_011,E18 Bridge
HF,48000.0,17.297301093591642,26.0145,26.0215,45234.0,67704.0,Echolocation,Pipistrellus pipistrellus,0.492,0.685,-1,192000.0,/mnt/ubna_data_04/recover-20241018/UBNA_011/20241017_021000.WAV,recover-20241018,UBNA_011,E18 Bridge
HF,47040.0,9.100063789713301,56.5715,56.5804,46953.0,61703.0,Echolocation,Pipistrellus pipistrellus,0.488,0.561,-1,192000.0,/mnt/ubna_data_04/recover-20241018/UBNA_011/20241017_021000.WAV,recover-20241018,UBNA_011,E18 Bridge
HF,46080.0,4.893901513911143,269.0535,269.0613,44375.0,57897.0,Echolocation,Pipistrellus pipistrellus,0.505,0.563,-1,192000.0,/mnt/ubna_data_04/recover-20241018/UBNA_011/20241017_022000.WAV,recover-20241018,UBNA_011,E18 Bridge
HF,44160.0,7.6913202313585955,88.2675,88.2735,43515.0,56116.0,Echolocation,Pipistrellus pipistrellus,0.57,0.619,-1,192000.0,/mnt/ubna_data_04/recover-20241018/UBNA_011/20241017_022000.WAV,recover-20241018,UBNA_011,E18 Bridge
HF,46080.0,8.844959854022656,88.3545,88.36070000000001,45234.0,56428.0,Echolocation,Pipistrellus pipistrellus,0.601,0.639,-1,192000.0,/mnt/ubna_data_04/recover-20241018/UBNA_011/20241017_022000.WAV,recover-20241018,UBNA_011,E18 Bridge
HF,47040.0,12.267499378912646,176.9885,176.9958,46093.0,59455.0,Echolocation,Pipistrellus pipistrellus,0.654,0.698,-1,192000.0,/mnt/ubna_data_04/recover-20241018/UBNA_011/20241017_021000.WAV,recover-20241018,UBNA_011,E18 Bridge
HF,46080.0,20.727735678660515,269.1305,269.1372,44375.0,69318.0,Echolocation,Pipistrellus pipistrellus,0.661,0.715,-1,192000.0,/mnt/ubna_data_04/recover-20241018/UBNA_011/20241017_022000.WAV,recover-20241018,UBNA_011,E18 Bridge
HF,48000.0,18.86040939988219,26.0995,26.1056,45234.0,71610.0,Echolocation,Pipistrellus pipistrellus,0.455,0.585,-1,192000.0,/mnt/ubna_data_04/recover-20241018/UBNA_011/20241017_021000.WAV,recover-20241018,UBNA_011,E18 Bridge
HF,46080.0,12.5625001942866,56.7535,56.763000000000005,46093.0,65760.0,Echolocation,Pipistrellus pipistrellus,0.462,0.616,-1,192000.0,/mnt/ubna_data_04/recover-20241018/UBNA_011/20241017_021000.WAV,recover-20241018,UBNA_011,E18 Bridge
HF,46080.0,11.4547362342924,269.2125,269.2201,45234.0,56483.0,Echolocation,Pipistrellus pipistrellus,0.579,0.607,-1,192000.0,/mnt/ubna_data_04/recover-20241018/UBNA_011/20241017_022000.WAV,recover-20241018,UBNA_011,E18 Bridge
HF,54720.0,14.723759327235586,26.1805,26.187,46093.0,64858.0,Echolocation,Pipistrellus pipistrellus,0.432,0.612,-1,192000.0,/mnt/ubna_data_04/recover-20241018/UBNA_011/20241017_021000.WAV,recover-20241018,UBNA_011,E18 Bridge
HF,47040.0,10.651289927512114,177.0745,177.0826,46093.0,60436.0,Echolocation,Pipistrellus pipistrellus,0.585,0.615,-1,192000.0,/mnt/ubna_data_04/recover-20241018/UBNA_011/20241017_021000.WAV,recover-20241018,UBNA_011,E18 Bridge
HF,46080.0,9.825500633610728,88.4385,88.4448,45234.0,59346.0,Echolocation,Pipistrellus pipistrellus,0.523,0.611,-1,192000.0,/mnt/ubna_data_04/recover-20241018/UBNA_011/20241017_022000.WAV,recover-20241018,UBNA_011,E18 Bridge
HF,46080.0,7.606578909307555,177.1435,177.1524,45234.0,61059.0,Echolocation,Pipistrellus pipistrellus,0.509,0.559,-1,192000.0,/mnt/ubna_data_04/recover-20241018/UBNA_011/20241017_021000.WAV,recover-20241018,UBNA_011,E18 Bridge
HF,46080.0,18.989849668498632,269.2975,269.3056,45234.0,68417.0,Echolocation,Pipistrellus pipistrellus,0.648,0.706,-1,192000.0,/mnt/ubna_data_04/recover-20241018/UBNA_011/20241017_022000.WAV,recover-20241018,UBNA_011,E18 Bridge
HF,48000.0,16.801375253684203,26.2655,26.2708,46093.0,70547.0,Echolocation,Pipistrellus pipistrellus,0.426,0.544,-1,192000.0,/mnt/ubna_data_04/recover-20241018/UBNA_011/20241017_021000.WAV,recover-20241018,UBNA_011,E18 Bridge
HF,48000.0,8.914277443084778,88.5205,88.5265,46953.0,58017.0,Echolocation,Pipistrellus pipistrellus,0.577,0.629,-1,192000.0,/mnt/ubna_data_04/recover-20241018/UBNA_011/20241017_022000.WAV,recover-20241018,UBNA_011,E18 Bridge
HF,48000.0,15.039952111326006,26.3755,26.3813,46093.0,68852.0,Echolocation,Pipistrellus pipistrellus,0.487,0.585,-1,192000.0,/mnt/ubna_data_04/recover-20241018/UBNA_011/20241017_021000.WAV,recover-20241018,UBNA_011,E18 Bridge
HF,46080.0,13.392945440195527,88.6035,88.60900000000001,45234.0,60419.0,Echolocation,Pipistrellus pipistrellus,0.619,0.695,-1,192000.0,/mnt/ubna_data_04/recover-20241018/UBNA_011/20241017_022000.WAV,recover-20241018,UBNA_011,E18 Bridge
HF,46080.0,7.884621950518831,269.3935,269.4023,46093.0,58182.0,Echolocation,Pipistrellus pipistrellus,0.491,0.522,-1,192000.0,/mnt/ubna_data_04/recover-20241018/UBNA_011/20241017_022000.WAV,recover-20241018,UBNA_011,E18 Bridge
HF,48960.0,9.033106666614284,177.2165,177.2244,46953.0,57856.0,Echolocation,Pipistrellus pipistrellus,0.545,0.564,-1,192000.0,/mnt/ubna_data_04/recover-20241018/UBNA_011/20241017_021000.WAV,recover-20241018,UBNA_011,E18 Bridge
HF,47040.0,17.830668988994343,26.6215,26.6271,44375.0,72654.0,Echolocation,Pipistrellus pipistrellus,0.417,0.578,-1,192000.0,/mnt/ubna_data_04/recover-20241018/UBNA_011/20241017_021000.WAV,recover-20241018,UBNA_011,E18 Bridge
HF,46080.0,13.06756649989487,88.6845,88.6912,44375.0,60860.0,Echolocation,Pipistrellus pipistrellus,0.524,0.62,-1,192000.0,/mnt/ubna_data_04/recover-20241018/UBNA_011/20241017_022000.WAV,recover-20241018,UBNA_011,E18 Bridge
HF,53760.0,16.776305900539523,269.4855,269.4951,43515.0,66630.0,Echolocation,Pipistrellus pipistrellus,0.543,0.628,-1,192000.0,/mnt/ubna_data_04/recover-20241018/UBNA_011/20241017_022000.WAV,recover-20241018,UBNA_011,E18 Bridge
HF,48000.0,7.669296299788028,177.2945,177.3016,46953.0,57060.0,Echolocation,Pipistrellus pipistrellus,0.629,0.649,-1,192000.0,/mnt/ubna_data_04/recover-20241018/UBNA_011/20241017_021000.WAV,recover-20241018,UBNA_011,E18 Bridge
HF,48000.0,17.613500178972313,26.9325,26.9393,43515.0,70790.0,Echolocation,Pipistrellus pipistrellus,0.43,0.581,-1,192000.0,/mnt/ubna_data_04/recover-20241018/UBNA_011/20241017_021000.WAV,recover-20241018,UBNA_011,E18 Bridge
HF,48000.0,14.329605540556969,269.6205,269.6287,45234.0,63531.0,Echolocation,Pipistrellus pipistrellus,0.588,0.648,-1,192000.0,/mnt/ubna_data_04/recover-20241018/UBNA_011/20241017_022000.WAV,recover-20241018,UBNA_011,E18 Bridge
HF,48000.0,10.950447732318516,177.3845,177.3914,46093.0,62388.0,Echolocation,Pipistrellus pipistrellus,0.602,0.631,-1,192000.0,/mnt/ubna_data_04/recover-20241018/UBNA_011/20241017_021000.WAV,recover-20241018,UBNA_011,E18 Bridge
HF,47040.0,17.105382542951617,88.7695,88.7756,44375.0,61734.0,Echolocation,Pipistrellus pipistrellus,0.504,0.567,-1,192000.0,/mnt/ubna_data_04/recover-20241018/UBNA_011/20241017_022000.WAV,recover-20241018,UBNA_011,E18 Bridge
HF,47040.0,11.757056302761919,177.47050000000002,177.47899999999998,45234.0,51861.0,Echolocation,Pipistrellus pipistrellus,0.581,0.616,-1,192000.0,/mnt/ubna_data_04/recover-20241018/UBNA_011/20241017_021000.WAV,recover-20241018,UBNA_011,E18 Bridge
HF,48000.0,12.68237737317181,88.83449999999999,88.84,46093.0,56870.0,Echolocation,Pipistrellus pipistrellus,0.5,0.513,-1,192000.0,/mnt/ubna_data_04/recover-20241018/UBNA_011/20241017_022000.WAV,recover-20241018,UBNA_011,E18 Bridge
HF,47040.0,14.254593871516398,27.0295,27.0349,46093.0,59919.0,Echolocation,Pipistrellus pipistrellus,0.48,0.559,-1,192000.0,/mnt/ubna_data_04/recover-20241018/UBNA_011/20241017_021000.WAV,recover-20241018,UBNA_011,E18 Bridge
HF,47040.0,8.383373263496582,269.7255,269.73199999999997,46953.0,54305.0,Echolocation,Pipistrellus pipistrellus,0.536,0.545,-1,192000.0,/mnt/ubna_data_04/recover-20241018/UBNA_011/20241017_022000.WAV,recover-20241018,UBNA_011,E18 Bridge
HF,48000.0,10.156003011383515,269.8185,269.8251,46093.0,65197.0,Echolocation,Pipistrellus pipistrellus,0.47,0.568,-1,192000.0,/mnt/ubna_data_04/recover-20241018/UBNA_011/20241017_022000.WAV,recover-20241018,UBNA_011,E18 Bridge
HF,45120.0,18.037209544618953,177.5545,177.5613,42656.0,65341.0,Echolocation,Pipistrellus pipistrellus,0.559,0.583,-1,192000.0,/mnt/ubna_data_04/recover-20241018/UBNA_011/20241017_021000.WAV,recover-20241018,UBNA_011,E18 Bridge
HF,54720.0,9.694859037413115,89.6825,89.6888,47812.0,64626.0,Echolocation,Pipistrellus pipistrellus,0.477,0.568,-1,192000.0,/mnt/ubna_data_04/recover-20241018/UBNA_011/20241017_022000.WAV,recover-20241018,UBNA_011,E18 Bridge
HF,46080.0,14.88564165951125,27.1195,27.1263,45234.0,65346.0,Echolocation,Pipistrellus pipistrellus,0.356,0.507,-1,192000.0,/mnt/ubna_data_04/recover-20241018/UBNA_011/20241017_021000.WAV,recover-20241018,UBNA_011,E18 Bridge
HF,46080.0,10.90664318377053,177.6385,177.6452,44375.0,54339.0,Echolocation,Pipistrellus pipistrellus,0.569,0.602,-1,192000.0,/mnt/ubna_data_04/recover-20241018/UBNA_011/20241017_021000.WAV,recover-20241018,UBNA_011,E18 Bridge
HF,48960.0,21.614906522148615,27.2225,27.2293,44375.0,69514.0,Echolocation,Pipistrellus pipistrellus,0.441,0.638,-1,192000.0,/mnt/ubna_data_04/recover-20241018/UBNA_011/20241017_021000.WAV,recover-20241018,UBNA_011,E18 Bridge
HF,52800.0,9.639475163746983,89.8205,89.8274,46093.0,65762.0,Echolocation,Pipistrellus pipistrellus,0.3,0.5,-1,192000.0,/mnt/ubna_data_04/recover-20241018/UBNA_011/20241017_022000.WAV,recover-20241018,UBNA_011,E18 Bridge
HF,48960.0,11.127199905517964,89.89150000000001,89.8977,46093.0,62717.0,Echolocation,Pipistrellus pipistrellus,0.568,0.617,-1,192000.0,/mnt/ubna_data_04/recover-20241018/UBNA_011/20241017_022000.WAV,recover-20241018,UBNA_011,E18 Bridge
HF,48000.0,13.855558494629463,27.3185,27.326,45234.0,65265.0,Echolocation,Pipistrellus pipistrellus,0.531,0.626,-1,192000.0,/mnt/ubna_data_04/recover-20241018/UBNA_011/20241017_021000.WAV,recover-20241018,UBNA_011,E18 Bridge
HF,45120.0,7.372518207035936,177.73250000000002,177.7434,44375.0,51479.0,Echolocation,Pipistrellus pipistrellus,0.532,0.553,-1,192000.0,/mnt/ubna_data_04/recover-20241018/UBNA_011/20241017_021000.WAV,recover-20241018,UBNA_011,E18 Bridge
HF,52800.0,13.89478127794832,89.9665,89.9713,45234.0,60903.0,Echolocation,Pipistrellus pipistrellus,0.532,0.618,-1,192000.0,/mnt/ubna_data_04/recover-20241018/UBNA_011/20241017_022000.WAV,recover-20241018,UBNA_011,E18 Bridge
HF,45120.0,5.825152032719135,177.8865,177.8924,43515.0,51714.0,Echolocation,Pipistrellus pipistrellus,0.566,0.596,-1,192000.0,/mnt/ubna_data_04/recover-20241018/UBNA_011/20241017_021000.WAV,recover-20241018,UBNA_011,E18 Bridge
HF,47040.0,13.403317721309069,27.5935,27.6027,46093.0,67315.0,Echolocation,Pipistrellus pipistrellus,0.465,0.607,-1,192000.0,/mnt/ubna_data_04/recover-20241018/UBNA_011/20241017_021000.WAV,recover-20241018,UBNA_011,E18 Bridge
HF,46080.0,3.8741658240290895,177.9595,177.9653,44375.0,56449.0,Echolocation,Pipistrellus pipistrellus,0.542,0.567,-1,192000.0,/mnt/ubna_data_04/recover-20241018/UBNA_011/20241017_021000.WAV,recover-20241018,UBNA_011,E18 Bridge
HF,48960.0,16.286991672884355,27.8535,27.8583,43515.0,75867.0,Echolocation,Myotis alcathoe,0.256,0.517,-1,192000.0,/mnt/ubna_data_04/recover-20241018/UBNA_011/20241017_021000.WAV,recover-20241018,UBNA_011,E18 Bridge
HF,52800.0,13.995075714321024,27.9265,27.9318,44375.0,69626.0,Echolocation,Myotis alcathoe,0.266,0.53,-1,192000.0,/mnt/ubna_data_04/recover-20241018/UBNA_011/20241017_021000.WAV,recover-20241018,UBNA_011,E18 Bridge
HF,46080.0,14.861371674840173,178.1775,178.185,44375.0,61775.0,Echolocation,Pipistrellus pipistrellus,0.561,0.644,-1,192000.0,/mnt/ubna_data_04/recover-20241018/UBNA_011/20241017_021000.WAV,recover-20241018,UBNA_011,E18 Bridge
HF,48000.0,21.296609899831488,28.1415,28.147,44375.0,70336.0,Echolocation,Pipistrellus pipistrellus,0.463,0.54,-1,192000.0,/mnt/ubna_data_04/recover-20241018/UBNA_011/20241017_021000.WAV,recover-20241018,UBNA_011,E18 Bridge
HF,46080.0,14.531282994839392,178.4295,178.4383,43515.0,62252.0,Echolocation,Pipistrellus pipistrellus,0.534,0.636,-1,192000.0,/mnt/ubna_data_04/recover-20241018/UBNA_011/20241017_021000.WAV,recover-20241018,UBNA_011,E18 Bridge
HF,47040.0,12.224412371680444,178.8285,178.8355,44375.0,60668.0,Echolocation,Pipistrellus pipistrellus,0.511,0.629,-1,192000.0,/mnt/ubna_data_04/recover-20241018/UBNA_011/20241017_021000.WAV,recover-20241018,UBNA_011,E18 Bridge
HF,51840.0,19.79695009400934,28.3785,28.3842,43515.0,79080.0,Echolocation,Pipistrellus pipistrellus,0.37,0.591,-1,192000.0,/mnt/ubna_data_04/recover-20241018/UBNA_011/20241017_021000.WAV,recover-20241018,UBNA_011,E18 Bridge
HF,45120.0,7.85949207464342,179.0845,179.0968,44375.0,55832.0,Echolocation,Pipistrellus pipistrellus,0.45,0.537,-1,192000.0,/mnt/ubna_data_04/recover-20241018/UBNA_011/20241017_021000.WAV,recover-20241018,UBNA_011,E18 Bridge
HF,46080.0,21.415887249900468,28.4675,28.4728,44375.0,69003.0,Echolocation,Pipistrellus pipistrellus,0.581,0.636,-1,192000.0,/mnt/ubna_data_04/recover-20241018/UBNA_011/20241017_021000.WAV,recover-20241018,UBNA_011,E18 Bridge
HF,47040.0,16.151928442657205,28.5565,28.5655,45234.0,66304.0,Echolocation,Pipistrellus pipistrellus,0.402,0.547,-1,192000.0,/mnt/ubna_data_04/recover-20241018/UBNA_011/20241017_021000.WAV,recover-20241018,UBNA_011,E18 Bridge
HF,46080.0,10.816353338071123,179.3285,179.3348,44375.0,58118.0,Echolocation,Pipistrellus pipistrellus,0.56,0.639,-1,192000.0,/mnt/ubna_data_04/recover-20241018/UBNA_011/20241017_021000.WAV,recover-20241018,UBNA_011,E18 Bridge
HF,48000.0,9.976295285044102,28.6455,28.6515,46093.0,63343.0,Echolocation,Pipistrellus pipistrellus,0.48,0.549,-1,192000.0,/mnt/ubna_data_04/recover-20241018/UBNA_011/20241017_021000.WAV,recover-20241018,UBNA_011,E18 Bridge
HF,48000.0,12.857781326244249,28.7305,28.7377,45234.0,71249.0,Echolocation,Pipistrellus pipistrellus,0.514,0.618,-1,192000.0,/mnt/ubna_data_04/recover-20241018/UBNA_011/20241017_021000.WAV,recover-20241018,UBNA_011,E18 Bridge
HF,48000.0,14.95891358875151,28.8135,28.8186,45234.0,66835.0,Echolocation,Pipistrellus pipistrellus,0.624,0.7,-1,192000.0,/mnt/ubna_data_04/recover-20241018/UBNA_011/20241017_021000.WAV,recover-20241018,UBNA_011,E18 Bridge
HF,45120.0,15.716600967072873,28.9815,28.9874,43515.0,70963.0,Echolocation,Pipistrellus pipistrellus,0.513,0.588,-1,192000.0,/mnt/ubna_data_04/recover-20241018/UBNA_011/20241017_021000.WAV,recover-20241018,UBNA_011,E18 Bridge
HF,48000.0,4.85751154825682,29.1355,29.1402,45234.0,61130.0,Echolocation,Pipistrellus pipistrellus,0.437,0.502,-1,192000.0,/mnt/ubna_data_04/recover-20241018/UBNA_011/20241017_021000.WAV,recover-20241018,UBNA_011,E18 Bridge
HF,46080.0,20.51074378922241,29.2185,29.2254,41796.0,72996.0,Echolocation,Pipistrellus pipistrellus,0.497,0.642,-1,192000.0,/mnt/ubna_data_04/recover-20241018/UBNA_011/20241017_021000.WAV,recover-20241018,UBNA_011,E18 Bridge
HF,46080.0,10.339031127732927,29.3115,29.3165,45234.0,64403.0,Echolocation,Pipistrellus pipistrellus,0.535,0.606,-1,192000.0,/mnt/ubna_data_04/recover-20241018/UBNA_011/20241017_021000.WAV,recover-20241018,UBNA_011,E18 Bridge
HF,46080.0,22.420781703702172,29.4035,29.4087,42656.0,70265.0,Echolocation,Pipistrellus pipistrellus,0.441,0.565,-1,192000.0,/mnt/ubna_data_04/recover-20241018/UBNA_011/20241017_021000.WAV,recover-20241018,UBNA_011,E18 Bridge
HF,46080.0,19.840833592076,29.5815,29.5873,42656.0,75097.0,Echolocation,Pipistrellus pipistrellus,0.477,0.57,-1,192000.0,/mnt/ubna_data_04/recover-20241018/UBNA_011/20241017_021000.WAV,recover-20241018,UBNA_011,E18 Bridge
HF,47040.0,16.234813650344716,29.7035,29.7083,45234.0,69773.0,Echolocation,Pipistrellus pipistrellus,0.498,0.585,-1,192000.0,/mnt/ubna_data_04/recover-20241018/UBNA_011/20241017_021000.WAV,recover-20241018,UBNA_011,E18 Bridge
HF,53760.0,8.036384261522645,29.8225,29.8285,47812.0,64671.0,Echolocation,Pipistrellus pipistrellus,0.49,0.552,-1,192000.0,/mnt/ubna_data_04/recover-20241018/UBNA_011/20241017_021000.WAV,recover-20241018,UBNA_011,E18 Bridge
HF,48000.0,12.055334132414458,29.8655,29.8749,46093.0,66551.0,Echolocation,Pipistrellus pipistrellus,0.467,0.614,-1,192000.0,/mnt/ubna_data_04/recover-20241018/UBNA_011/20241017_021000.WAV,recover-20241018,UBNA_011,E18 Bridge
HF,51840.0,5.0795857003775335,29.9075,29.9139,49531.0,59642.0,Echolocation,Pipistrellus pipistrellus,0.499,0.53,-1,192000.0,/mnt/ubna_data_04/recover-20241018/UBNA_011/20241017_021000.WAV,recover-20241018,UBNA_011,E18 Bridge
