date_and_time_UTC,num_of_detections,LFnum_of_detections,HFnum_of_detections
2024-10-25 22:00:00+00:00,0.0,0.0,0.0
2024-10-25 22:10:00+00:00,0.3333333333333333,0.3333333333333333,0.3333333333333333
2024-10-25 22:20:00+00:00,0.3333333333333333,0.3333333333333333,0.3333333333333333
2024-10-25 22:30:00+00:00,0.3333333333333333,0.3333333333333333,0.3333333333333333
2024-10-25 22:40:00+00:00,0.3333333333333333,0.3333333333333333,0.3333333333333333
2024-10-25 22:50:00+00:00,0.3333333333333333,0.3333333333333333,0.3333333333333333
2024-10-25 23:00:00+00:00,0.3333333333333333,0.3333333333333333,0.3333333333333333
2024-10-25 23:10:00+00:00,0.3333333333333333,0.3333333333333333,0.3333333333333333
2024-10-25 23:20:00+00:00,0.3333333333333333,0.3333333333333333,0.3333333333333333
2024-10-25 23:30:00+00:00,0.3333333333333333,0.3333333333333333,0.3333333333333333
2024-10-25 23:40:00+00:00,0.3333333333333333,0.3333333333333333,0.3333333333333333
2024-10-25 23:50:00+00:00,0.3333333333333333,0.3333333333333333,0.3333333333333333
2024-10-26 00:00:00+00:00,0.3333333333333333,0.3333333333333333,0.3333333333333333
2024-10-26 00:10:00+00:00,0.3333333333333333,0.3333333333333333,0.3333333333333333
2024-10-26 00:20:00+00:00,0.3333333333333333,0.3333333333333333,0.3333333333333333
2024-10-26 00:30:00+00:00,0.3333333333333333,0.3333333333333333,0.3333333333333333
2024-10-26 00:40:00+00:00,0.3333333333333333,0.3333333333333333,0.3333333333333333
2024-10-26 00:50:00+00:00,0.3333333333333333,0.3333333333333333,0.3333333333333333
2024-10-26 01:00:00+00:00,0.3333333333333333,0.3333333333333333,0.3333333333333333
2024-10-26 01:10:00+00:00,0.3333333333333333,0.3333333333333333,0.3333333333333333
2024-10-26 01:20:00+00:00,0.3333333333333333,0.3333333333333333,0.3333333333333333
2024-10-26 01:30:00+00:00,40.0,0.3333333333333333,40.0
2024-10-26 01:40:00+00:00,440.0,72.0,368.0
2024-10-26 01:50:00+00:00,120.0,0.3333333333333333,120.0
2024-10-26 02:00:00+00:00,30.0,0.3333333333333333,30.0
2024-10-26 02:10:00+00:00,0.3333333333333333,0.3333333333333333,0.3333333333333333
2024-10-26 02:20:00+00:00,96.0,2.0,94.0
2024-10-26 02:30:00+00:00,0.3333333333333333,0.3333333333333333,0.3333333333333333
2024-10-26 02:40:00+00:00,0.3333333333333333,0.3333333333333333,0.3333333333333333
2024-10-26 02:50:00+00:00,128.0,0.3333333333333333,128.0
2024-10-26 03:00:00+00:00,46.0,0.3333333333333333,46.0
2024-10-26 03:10:00+00:00,26.0,0.3333333333333333,26.0
2024-10-26 03:20:00+00:00,10.0,0.3333333333333333,10.0
2024-10-26 03:30:00+00:00,36.0,0.3333333333333333,36.0
2024-10-26 03:40:00+00:00,62.0,0.3333333333333333,62.0
2024-10-26 03:50:00+00:00,32.0,0.3333333333333333,32.0
2024-10-26 04:00:00+00:00,522.0,0.3333333333333333,522.0
2024-10-26 04:10:00+00:00,646.0,0.3333333333333333,646.0
2024-10-26 04:20:00+00:00,32.0,0.3333333333333333,32.0
2024-10-26 04:30:00+00:00,228.0,0.3333333333333333,228.0
2024-10-26 04:40:00+00:00,404.0,0.3333333333333333,404.0
2024-10-26 04:50:00+00:00,210.0,0.3333333333333333,210.0
2024-10-26 05:00:00+00:00,120.0,0.3333333333333333,120.0
2024-10-26 05:10:00+00:00,122.0,0.3333333333333333,122.0
2024-10-26 05:20:00+00:00,966.0,0.3333333333333333,966.0
2024-10-26 05:30:00+00:00,58.0,0.3333333333333333,58.0
2024-10-26 05:40:00+00:00,100.0,0.3333333333333333,100.0
2024-10-26 05:50:00+00:00,82.0,0.3333333333333333,82.0
2024-10-26 06:00:00+00:00,92.0,0.3333333333333333,92.0
2024-10-26 06:10:00+00:00,6.0,0.3333333333333333,6.0
2024-10-26 06:20:00+00:00,0.3333333333333333,0.3333333333333333,0.3333333333333333
2024-10-26 06:30:00+00:00,32.0,0.3333333333333333,32.0
2024-10-26 06:40:00+00:00,38.0,0.3333333333333333,38.0
2024-10-26 06:50:00+00:00,84.0,58.0,26.0
2024-10-26 07:00:00+00:00,0.3333333333333333,0.3333333333333333,0.3333333333333333
2024-10-26 07:10:00+00:00,0.3333333333333333,0.3333333333333333,0.3333333333333333
2024-10-26 07:20:00+00:00,0.3333333333333333,0.3333333333333333,0.3333333333333333
2024-10-26 07:30:00+00:00,0.3333333333333333,0.3333333333333333,0.3333333333333333
2024-10-26 07:40:00+00:00,0.3333333333333333,0.3333333333333333,0.3333333333333333
2024-10-26 07:50:00+00:00,18.0,0.3333333333333333,18.0
2024-10-26 08:00:00+00:00,0.3333333333333333,0.3333333333333333,0.3333333333333333
2024-10-26 08:10:00+00:00,0.3333333333333333,0.3333333333333333,0.3333333333333333
2024-10-26 08:20:00+00:00,0.3333333333333333,0.3333333333333333,0.3333333333333333
2024-10-26 08:30:00+00:00,0.3333333333333333,0.3333333333333333,0.3333333333333333
2024-10-26 08:40:00+00:00,0.3333333333333333,0.3333333333333333,0.3333333333333333
2024-10-26 08:50:00+00:00,0.3333333333333333,0.3333333333333333,0.3333333333333333
2024-10-26 09:00:00+00:00,0.3333333333333333,0.3333333333333333,0.3333333333333333
2024-10-26 09:10:00+00:00,0.3333333333333333,0.3333333333333333,0.3333333333333333
2024-10-26 09:20:00+00:00,34.0,0.3333333333333333,34.0
2024-10-26 09:30:00+00:00,0.3333333333333333,0.3333333333333333,0.3333333333333333
2024-10-26 09:40:00+00:00,0.3333333333333333,0.3333333333333333,0.3333333333333333
2024-10-26 09:50:00+00:00,0.3333333333333333,0.3333333333333333,0.3333333333333333
2024-10-26 10:00:00+00:00,66.0,0.3333333333333333,66.0
2024-10-26 10:10:00+00:00,0.3333333333333333,0.3333333333333333,0.3333333333333333
2024-10-26 10:20:00+00:00,406.0,0.3333333333333333,406.0
2024-10-26 10:30:00+00:00,252.0,0.3333333333333333,252.0
2024-10-26 10:40:00+00:00,448.0,0.3333333333333333,448.0
2024-10-26 10:50:00+00:00,244.0,0.3333333333333333,244.0
2024-10-26 11:00:00+00:00,148.0,0.3333333333333333,148.0
2024-10-26 11:10:00+00:00,112.0,0.3333333333333333,112.0
2024-10-26 11:20:00+00:00,30.0,0.3333333333333333,30.0
2024-10-26 11:30:00+00:00,208.0,0.3333333333333333,208.0
2024-10-26 11:40:00+00:00,32.0,0.3333333333333333,32.0
2024-10-26 11:50:00+00:00,82.0,0.3333333333333333,82.0
2024-10-26 12:00:00+00:00,356.0,0.3333333333333333,356.0
2024-10-26 12:10:00+00:00,284.0,0.3333333333333333,284.0
2024-10-26 12:20:00+00:00,244.0,0.3333333333333333,244.0
2024-10-26 12:30:00+00:00,254.0,0.3333333333333333,254.0
2024-10-26 12:40:00+00:00,470.0,0.3333333333333333,470.0
2024-10-26 12:50:00+00:00,540.0,0.3333333333333333,540.0
2024-10-26 13:00:00+00:00,808.0,0.3333333333333333,808.0
2024-10-26 13:10:00+00:00,748.0,0.3333333333333333,748.0
2024-10-26 13:20:00+00:00,456.0,0.3333333333333333,456.0
2024-10-26 13:30:00+00:00,836.0,6.0,830.0
2024-10-26 13:40:00+00:00,420.0,0.3333333333333333,420.0
2024-10-26 13:50:00+00:00,518.0,0.3333333333333333,518.0
2024-10-26 14:00:00+00:00,230.0,0.3333333333333333,230.0
2024-10-26 14:10:00+00:00,52.0,0.3333333333333333,52.0
2024-10-26 14:20:00+00:00,0.3333333333333333,0.3333333333333333,0.3333333333333333
2024-10-26 14:30:00+00:00,254.0,0.3333333333333333,254.0
2024-10-26 14:40:00+00:00,26.0,0.3333333333333333,26.0
2024-10-26 14:50:00+00:00,0.3333333333333333,0.3333333333333333,0.3333333333333333
2024-10-26 15:00:00+00:00,0.3333333333333333,0.3333333333333333,0.3333333333333333
2024-10-26 15:10:00+00:00,0.3333333333333333,0.3333333333333333,0.3333333333333333
2024-10-26 15:20:00+00:00,0.3333333333333333,0.3333333333333333,0.3333333333333333
2024-10-26 15:30:00+00:00,0.3333333333333333,0.3333333333333333,0.3333333333333333
2024-10-26 15:40:00+00:00,0.3333333333333333,0.3333333333333333,0.3333333333333333
2024-10-26 15:50:00+00:00,0.3333333333333333,0.3333333333333333,0.3333333333333333
2024-10-26 16:00:00+00:00,0.3333333333333333,0.3333333333333333,0.3333333333333333
2024-10-26 16:10:00+00:00,0.3333333333333333,0.3333333333333333,0.3333333333333333
2024-10-26 16:20:00+00:00,0.3333333333333333,0.3333333333333333,0.3333333333333333
2024-10-26 16:30:00+00:00,0.3333333333333333,0.3333333333333333,0.3333333333333333
2024-10-26 16:40:00+00:00,0.3333333333333333,0.3333333333333333,0.3333333333333333
2024-10-26 16:50:00+00:00,0.3333333333333333,0.3333333333333333,0.3333333333333333
2024-10-26 17:00:00+00:00,0.3333333333333333,0.3333333333333333,0.3333333333333333
2024-10-26 17:10:00+00:00,0.3333333333333333,0.3333333333333333,0.3333333333333333
2024-10-26 17:20:00+00:00,0.3333333333333333,0.3333333333333333,0.3333333333333333
2024-10-26 17:30:00+00:00,0.3333333333333333,0.3333333333333333,0.3333333333333333
2024-10-26 17:40:00+00:00,0.3333333333333333,0.3333333333333333,0.3333333333333333
2024-10-26 17:50:00+00:00,0.3333333333333333,0.3333333333333333,0.3333333333333333
2024-10-26 18:00:00+00:00,0.3333333333333333,0.3333333333333333,0.3333333333333333
2024-10-26 18:10:00+00:00,0.3333333333333333,0.3333333333333333,0.3333333333333333
2024-10-26 18:20:00+00:00,0.3333333333333333,0.3333333333333333,0.3333333333333333
2024-10-26 18:30:00+00:00,0.3333333333333333,0.3333333333333333,0.3333333333333333
2024-10-26 18:40:00+00:00,0.3333333333333333,0.3333333333333333,0.3333333333333333
2024-10-26 18:50:00+00:00,0.3333333333333333,0.3333333333333333,0.3333333333333333
2024-10-26 19:00:00+00:00,0.3333333333333333,0.3333333333333333,0.3333333333333333
2024-10-26 19:10:00+00:00,0.3333333333333333,0.3333333333333333,0.3333333333333333
2024-10-26 19:20:00+00:00,0.3333333333333333,0.3333333333333333,0.3333333333333333
2024-10-26 19:30:00+00:00,0.3333333333333333,0.3333333333333333,0.3333333333333333
2024-10-26 19:40:00+00:00,0.3333333333333333,0.3333333333333333,0.3333333333333333
2024-10-26 19:50:00+00:00,0.3333333333333333,0.3333333333333333,0.3333333333333333
2024-10-26 20:00:00+00:00,0.3333333333333333,0.3333333333333333,0.3333333333333333
2024-10-26 20:10:00+00:00,0.3333333333333333,0.3333333333333333,0.3333333333333333
2024-10-26 20:20:00+00:00,0.3333333333333333,0.3333333333333333,0.3333333333333333
2024-10-26 20:30:00+00:00,0.3333333333333333,0.3333333333333333,0.3333333333333333
2024-10-26 20:40:00+00:00,0.3333333333333333,0.3333333333333333,0.3333333333333333
2024-10-26 20:50:00+00:00,0.3333333333333333,0.3333333333333333,0.3333333333333333
2024-10-26 21:00:00+00:00,0.3333333333333333,0.3333333333333333,0.3333333333333333
2024-10-26 21:10:00+00:00,0.3333333333333333,0.3333333333333333,0.3333333333333333
2024-10-26 21:20:00+00:00,0.3333333333333333,0.3333333333333333,0.3333333333333333
2024-10-26 21:30:00+00:00,0.3333333333333333,0.3333333333333333,0.3333333333333333
2024-10-26 21:40:00+00:00,0.3333333333333333,0.3333333333333333,0.3333333333333333
2024-10-26 21:50:00+00:00,0.3333333333333333,0.3333333333333333,0.3333333333333333
2024-10-26 22:00:00+00:00,0.3333333333333333,0.3333333333333333,0.3333333333333333
2024-10-26 22:10:00+00:00,0.3333333333333333,0.3333333333333333,0.3333333333333333
2024-10-26 22:20:00+00:00,0.3333333333333333,0.3333333333333333,0.3333333333333333
2024-10-26 22:30:00+00:00,0.3333333333333333,0.3333333333333333,0.3333333333333333
2024-10-26 22:40:00+00:00,0.3333333333333333,0.3333333333333333,0.3333333333333333
2024-10-26 22:50:00+00:00,0.3333333333333333,0.3333333333333333,0.3333333333333333
2024-10-26 23:00:00+00:00,0.3333333333333333,0.3333333333333333,0.3333333333333333
2024-10-26 23:10:00+00:00,0.3333333333333333,0.3333333333333333,0.3333333333333333
2024-10-26 23:20:00+00:00,0.3333333333333333,0.3333333333333333,0.3333333333333333
2024-10-26 23:30:00+00:00,0.3333333333333333,0.3333333333333333,0.3333333333333333
2024-10-26 23:40:00+00:00,0.3333333333333333,0.3333333333333333,0.3333333333333333
2024-10-26 23:50:00+00:00,0.3333333333333333,0.3333333333333333,0.3333333333333333
2024-10-27 00:00:00+00:00,0.3333333333333333,0.3333333333333333,0.3333333333333333
2024-10-27 00:10:00+00:00,0.3333333333333333,0.3333333333333333,0.3333333333333333
2024-10-27 00:20:00+00:00,0.3333333333333333,0.3333333333333333,0.3333333333333333
2024-10-27 00:30:00+00:00,0.3333333333333333,0.3333333333333333,0.3333333333333333
2024-10-27 00:40:00+00:00,0.3333333333333333,0.3333333333333333,0.3333333333333333
2024-10-27 00:50:00+00:00,0.3333333333333333,0.3333333333333333,0.3333333333333333
2024-10-27 01:00:00+00:00,4.0,0.3333333333333333,4.0
2024-10-27 01:10:00+00:00,204.0,0.3333333333333333,204.0
2024-10-27 01:20:00+00:00,0.3333333333333333,0.3333333333333333,0.3333333333333333
2024-10-27 01:30:00+00:00,104.0,0.3333333333333333,104.0
2024-10-27 01:40:00+00:00,928.0,0.3333333333333333,928.0
2024-10-27 01:50:00+00:00,372.0,0.3333333333333333,372.0
2024-10-27 02:00:00+00:00,666.0,0.3333333333333333,666.0
2024-10-27 02:10:00+00:00,152.0,0.3333333333333333,152.0
2024-10-27 02:20:00+00:00,0.3333333333333333,0.3333333333333333,0.3333333333333333
2024-10-27 02:30:00+00:00,22.0,0.3333333333333333,22.0
2024-10-27 02:40:00+00:00,64.0,0.3333333333333333,64.0
2024-10-27 02:50:00+00:00,306.0,0.3333333333333333,306.0
2024-10-27 03:00:00+00:00,40.0,0.3333333333333333,40.0
2024-10-27 03:10:00+00:00,12.0,0.3333333333333333,12.0
2024-10-27 03:20:00+00:00,0.3333333333333333,0.3333333333333333,0.3333333333333333
2024-10-27 03:30:00+00:00,4.0,0.3333333333333333,4.0
2024-10-27 03:40:00+00:00,0.3333333333333333,0.3333333333333333,0.3333333333333333
2024-10-27 03:50:00+00:00,0.3333333333333333,0.3333333333333333,0.3333333333333333
2024-10-27 04:00:00+00:00,0.3333333333333333,0.3333333333333333,0.3333333333333333
2024-10-27 04:10:00+00:00,0.3333333333333333,0.3333333333333333,0.3333333333333333
2024-10-27 04:20:00+00:00,0.3333333333333333,0.3333333333333333,0.3333333333333333
2024-10-27 04:30:00+00:00,0.3333333333333333,0.3333333333333333,0.3333333333333333
2024-10-27 04:40:00+00:00,0.3333333333333333,0.3333333333333333,0.3333333333333333
2024-10-27 04:50:00+00:00,0.3333333333333333,0.3333333333333333,0.3333333333333333
2024-10-27 05:00:00+00:00,42.0,42.0,0.3333333333333333
2024-10-27 05:10:00+00:00,0.3333333333333333,0.3333333333333333,0.3333333333333333
2024-10-27 05:20:00+00:00,0.3333333333333333,0.3333333333333333,0.3333333333333333
2024-10-27 05:30:00+00:00,0.3333333333333333,0.3333333333333333,0.3333333333333333
2024-10-27 05:40:00+00:00,0.3333333333333333,0.3333333333333333,0.3333333333333333
2024-10-27 05:50:00+00:00,0.3333333333333333,0.3333333333333333,0.3333333333333333
2024-10-27 06:00:00+00:00,0.3333333333333333,0.3333333333333333,0.3333333333333333
2024-10-27 06:10:00+00:00,0.3333333333333333,0.3333333333333333,0.3333333333333333
2024-10-27 06:20:00+00:00,0.3333333333333333,0.3333333333333333,0.3333333333333333
2024-10-27 06:30:00+00:00,64.0,0.3333333333333333,64.0
2024-10-27 06:40:00+00:00,0.3333333333333333,0.3333333333333333,0.3333333333333333
2024-10-27 06:50:00+00:00,0.3333333333333333,0.3333333333333333,0.3333333333333333
2024-10-27 07:00:00+00:00,0.3333333333333333,0.3333333333333333,0.3333333333333333
2024-10-27 07:10:00+00:00,0.3333333333333333,0.3333333333333333,0.3333333333333333
2024-10-27 07:20:00+00:00,0.3333333333333333,0.3333333333333333,0.3333333333333333
2024-10-27 07:30:00+00:00,0.3333333333333333,0.3333333333333333,0.3333333333333333
2024-10-27 07:40:00+00:00,0.3333333333333333,0.3333333333333333,0.3333333333333333
2024-10-27 07:50:00+00:00,0.3333333333333333,0.3333333333333333,0.3333333333333333
2024-10-27 08:00:00+00:00,0.3333333333333333,0.3333333333333333,0.3333333333333333
2024-10-27 08:10:00+00:00,0.3333333333333333,0.3333333333333333,0.3333333333333333
2024-10-27 08:20:00+00:00,0.3333333333333333,0.3333333333333333,0.3333333333333333
2024-10-27 08:30:00+00:00,0.3333333333333333,0.3333333333333333,0.3333333333333333
2024-10-27 08:40:00+00:00,0.3333333333333333,0.3333333333333333,0.3333333333333333
2024-10-27 08:50:00+00:00,0.3333333333333333,0.3333333333333333,0.3333333333333333
2024-10-27 09:00:00+00:00,0.3333333333333333,0.3333333333333333,0.3333333333333333
2024-10-27 09:10:00+00:00,0.3333333333333333,0.3333333333333333,0.3333333333333333
2024-10-27 09:20:00+00:00,0.3333333333333333,0.3333333333333333,0.3333333333333333
2024-10-27 09:30:00+00:00,0.3333333333333333,0.3333333333333333,0.3333333333333333
2024-10-27 09:40:00+00:00,0.3333333333333333,0.3333333333333333,0.3333333333333333
2024-10-27 09:50:00+00:00,0.3333333333333333,0.3333333333333333,0.3333333333333333
2024-10-27 10:00:00+00:00,0.3333333333333333,0.3333333333333333,0.3333333333333333
2024-10-27 10:10:00+00:00,0.3333333333333333,0.3333333333333333,0.3333333333333333
2024-10-27 10:20:00+00:00,0.3333333333333333,0.3333333333333333,0.3333333333333333
2024-10-27 10:30:00+00:00,0.3333333333333333,0.3333333333333333,0.3333333333333333
2024-10-27 10:40:00+00:00,0.3333333333333333,0.3333333333333333,0.3333333333333333
2024-10-27 10:50:00+00:00,0.3333333333333333,0.3333333333333333,0.3333333333333333
2024-10-27 11:00:00+00:00,0.3333333333333333,0.3333333333333333,0.3333333333333333
2024-10-27 11:10:00+00:00,0.3333333333333333,0.3333333333333333,0.3333333333333333
2024-10-27 11:20:00+00:00,0.3333333333333333,0.3333333333333333,0.3333333333333333
2024-10-27 11:30:00+00:00,0.3333333333333333,0.3333333333333333,0.3333333333333333
2024-10-27 11:40:00+00:00,6.0,0.3333333333333333,6.0
2024-10-27 11:50:00+00:00,0.3333333333333333,0.3333333333333333,0.3333333333333333
2024-10-27 12:00:00+00:00,0.3333333333333333,0.3333333333333333,0.3333333333333333
2024-10-27 12:10:00+00:00,0.3333333333333333,0.3333333333333333,0.3333333333333333
2024-10-27 12:20:00+00:00,0.3333333333333333,0.3333333333333333,0.3333333333333333
2024-10-27 12:30:00+00:00,0.3333333333333333,0.3333333333333333,0.3333333333333333
2024-10-27 12:40:00+00:00,0.3333333333333333,0.3333333333333333,0.3333333333333333
2024-10-27 12:50:00+00:00,0.3333333333333333,0.3333333333333333,0.3333333333333333
2024-10-27 13:00:00+00:00,0.3333333333333333,0.3333333333333333,0.3333333333333333
2024-10-27 13:10:00+00:00,0.3333333333333333,0.3333333333333333,0.3333333333333333
2024-10-27 13:20:00+00:00,0.3333333333333333,0.3333333333333333,0.3333333333333333
2024-10-27 13:30:00+00:00,10.0,0.3333333333333333,10.0
2024-10-27 13:40:00+00:00,0.3333333333333333,0.3333333333333333,0.3333333333333333
2024-10-27 13:50:00+00:00,0.3333333333333333,0.3333333333333333,0.3333333333333333
2024-10-27 14:00:00+00:00,18.0,0.3333333333333333,18.0
2024-10-27 14:10:00+00:00,6.0,0.3333333333333333,6.0
2024-10-27 14:20:00+00:00,0.3333333333333333,0.3333333333333333,0.3333333333333333
2024-10-27 14:30:00+00:00,0.3333333333333333,0.3333333333333333,0.3333333333333333
2024-10-27 14:40:00+00:00,0.3333333333333333,0.3333333333333333,0.3333333333333333
2024-10-27 14:50:00+00:00,0.3333333333333333,0.3333333333333333,0.3333333333333333
2024-10-27 15:00:00+00:00,0.3333333333333333,0.3333333333333333,0.3333333333333333
2024-10-27 15:10:00+00:00,0.3333333333333333,0.3333333333333333,0.3333333333333333
2024-10-27 15:20:00+00:00,0.3333333333333333,0.3333333333333333,0.3333333333333333
2024-10-27 15:30:00+00:00,0.3333333333333333,0.3333333333333333,0.3333333333333333
2024-10-27 15:40:00+00:00,0.3333333333333333,0.3333333333333333,0.3333333333333333
2024-10-27 15:50:00+00:00,0.3333333333333333,0.3333333333333333,0.3333333333333333
2024-10-27 16:00:00+00:00,0.3333333333333333,0.3333333333333333,0.3333333333333333
2024-10-27 16:10:00+00:00,0.3333333333333333,0.3333333333333333,0.3333333333333333
2024-10-27 16:20:00+00:00,0.3333333333333333,0.3333333333333333,0.3333333333333333
2024-10-27 16:30:00+00:00,0.3333333333333333,0.3333333333333333,0.3333333333333333
2024-10-27 16:40:00+00:00,0.3333333333333333,0.3333333333333333,0.3333333333333333
2024-10-27 16:50:00+00:00,0.3333333333333333,0.3333333333333333,0.3333333333333333
2024-10-27 17:00:00+00:00,0.3333333333333333,0.3333333333333333,0.3333333333333333
2024-10-27 17:10:00+00:00,0.3333333333333333,0.3333333333333333,0.3333333333333333
2024-10-27 17:20:00+00:00,0.3333333333333333,0.3333333333333333,0.3333333333333333
2024-10-27 17:30:00+00:00,0.3333333333333333,0.3333333333333333,0.3333333333333333
2024-10-27 17:40:00+00:00,0.3333333333333333,0.3333333333333333,0.3333333333333333
2024-10-27 17:50:00+00:00,0.3333333333333333,0.3333333333333333,0.3333333333333333
2024-10-27 18:00:00+00:00,0.3333333333333333,0.3333333333333333,0.3333333333333333
2024-10-27 18:10:00+00:00,0.3333333333333333,0.3333333333333333,0.3333333333333333
2024-10-27 18:20:00+00:00,0.3333333333333333,0.3333333333333333,0.3333333333333333
2024-10-27 18:30:00+00:00,0.3333333333333333,0.3333333333333333,0.3333333333333333
2024-10-27 18:40:00+00:00,0.3333333333333333,0.3333333333333333,0.3333333333333333
2024-10-27 18:50:00+00:00,0.3333333333333333,0.3333333333333333,0.3333333333333333
2024-10-27 19:00:00+00:00,0.3333333333333333,0.3333333333333333,0.3333333333333333
2024-10-27 19:10:00+00:00,0.3333333333333333,0.3333333333333333,0.3333333333333333
2024-10-27 19:20:00+00:00,0.3333333333333333,0.3333333333333333,0.3333333333333333
2024-10-27 19:30:00+00:00,0.3333333333333333,0.3333333333333333,0.3333333333333333
2024-10-27 19:40:00+00:00,0.3333333333333333,0.3333333333333333,0.3333333333333333
2024-10-27 19:50:00+00:00,0.3333333333333333,0.3333333333333333,0.3333333333333333
2024-10-27 20:00:00+00:00,0.3333333333333333,0.3333333333333333,0.3333333333333333
2024-10-27 20:10:00+00:00,0.3333333333333333,0.3333333333333333,0.3333333333333333
2024-10-27 20:20:00+00:00,0.3333333333333333,0.3333333333333333,0.3333333333333333
2024-10-27 20:30:00+00:00,0.3333333333333333,0.3333333333333333,0.3333333333333333
2024-10-27 20:40:00+00:00,0.3333333333333333,0.3333333333333333,0.3333333333333333
2024-10-27 20:50:00+00:00,0.3333333333333333,0.3333333333333333,0.3333333333333333
2024-10-27 21:00:00+00:00,0.3333333333333333,0.3333333333333333,0.3333333333333333
2024-10-27 21:10:00+00:00,0.3333333333333333,0.3333333333333333,0.3333333333333333
2024-10-27 21:20:00+00:00,0.3333333333333333,0.3333333333333333,0.3333333333333333
2024-10-27 21:30:00+00:00,0.3333333333333333,0.3333333333333333,0.3333333333333333
2024-10-27 21:40:00+00:00,0.3333333333333333,0.3333333333333333,0.3333333333333333
2024-10-27 21:50:00+00:00,0.3333333333333333,0.3333333333333333,0.3333333333333333
2024-10-27 22:00:00+00:00,0.3333333333333333,0.3333333333333333,0.3333333333333333
2024-10-27 22:10:00+00:00,0.3333333333333333,0.3333333333333333,0.3333333333333333
2024-10-27 22:20:00+00:00,0.3333333333333333,0.3333333333333333,0.3333333333333333
2024-10-27 22:30:00+00:00,0.3333333333333333,0.3333333333333333,0.3333333333333333
2024-10-27 22:40:00+00:00,0.3333333333333333,0.3333333333333333,0.3333333333333333
2024-10-27 22:50:00+00:00,0.3333333333333333,0.3333333333333333,0.3333333333333333
2024-10-27 23:00:00+00:00,0.3333333333333333,0.3333333333333333,0.3333333333333333
2024-10-27 23:10:00+00:00,0.3333333333333333,0.3333333333333333,0.3333333333333333
2024-10-27 23:20:00+00:00,0.3333333333333333,0.3333333333333333,0.3333333333333333
2024-10-27 23:30:00+00:00,0.3333333333333333,0.3333333333333333,0.3333333333333333
2024-10-27 23:40:00+00:00,0.3333333333333333,0.3333333333333333,0.3333333333333333
2024-10-27 23:50:00+00:00,0.3333333333333333,0.3333333333333333,0.3333333333333333
2024-10-28 00:00:00+00:00,0.3333333333333333,0.3333333333333333,0.3333333333333333
2024-10-28 00:10:00+00:00,0.3333333333333333,0.3333333333333333,0.3333333333333333
2024-10-28 00:20:00+00:00,0.3333333333333333,0.3333333333333333,0.3333333333333333
2024-10-28 00:30:00+00:00,0.3333333333333333,0.3333333333333333,0.3333333333333333
2024-10-28 00:40:00+00:00,0.3333333333333333,0.3333333333333333,0.3333333333333333
2024-10-28 00:50:00+00:00,0.3333333333333333,0.3333333333333333,0.3333333333333333
2024-10-28 01:00:00+00:00,0.3333333333333333,0.3333333333333333,0.3333333333333333
2024-10-28 01:10:00+00:00,0.3333333333333333,0.3333333333333333,0.3333333333333333
2024-10-28 01:20:00+00:00,0.3333333333333333,0.3333333333333333,0.3333333333333333
2024-10-28 01:30:00+00:00,0.3333333333333333,0.3333333333333333,0.3333333333333333
2024-10-28 01:40:00+00:00,0.3333333333333333,0.3333333333333333,0.3333333333333333
2024-10-28 01:50:00+00:00,0.3333333333333333,0.3333333333333333,0.3333333333333333
2024-10-28 02:00:00+00:00,0.3333333333333333,0.3333333333333333,0.3333333333333333
2024-10-28 02:10:00+00:00,0.3333333333333333,0.3333333333333333,0.3333333333333333
2024-10-28 02:20:00+00:00,0.3333333333333333,0.3333333333333333,0.3333333333333333
2024-10-28 02:30:00+00:00,0.3333333333333333,0.3333333333333333,0.3333333333333333
2024-10-28 02:40:00+00:00,4.0,0.3333333333333333,4.0
2024-10-28 02:50:00+00:00,0.3333333333333333,0.3333333333333333,0.3333333333333333
2024-10-28 03:00:00+00:00,0.3333333333333333,0.3333333333333333,0.3333333333333333
2024-10-28 03:10:00+00:00,0.3333333333333333,0.3333333333333333,0.3333333333333333
2024-10-28 03:20:00+00:00,70.0,0.3333333333333333,70.0
2024-10-28 03:30:00+00:00,0.3333333333333333,0.3333333333333333,0.3333333333333333
2024-10-28 03:40:00+00:00,0.3333333333333333,0.3333333333333333,0.3333333333333333
2024-10-28 03:50:00+00:00,2.0,0.3333333333333333,2.0
2024-10-28 04:00:00+00:00,34.0,0.3333333333333333,34.0
2024-10-28 04:10:00+00:00,0.3333333333333333,0.3333333333333333,0.3333333333333333
2024-10-28 04:20:00+00:00,0.3333333333333333,0.3333333333333333,0.3333333333333333
2024-10-28 04:30:00+00:00,48.0,0.3333333333333333,48.0
2024-10-28 04:40:00+00:00,28.0,0.3333333333333333,28.0
2024-10-28 04:50:00+00:00,16.0,0.3333333333333333,16.0
2024-10-28 05:00:00+00:00,30.0,0.3333333333333333,30.0
2024-10-28 05:10:00+00:00,16.0,0.3333333333333333,16.0
2024-10-28 05:20:00+00:00,50.0,0.3333333333333333,50.0
2024-10-28 05:30:00+00:00,0.3333333333333333,0.3333333333333333,0.3333333333333333
2024-10-28 05:40:00+00:00,186.0,0.3333333333333333,186.0
2024-10-28 05:50:00+00:00,50.0,0.3333333333333333,50.0
2024-10-28 06:00:00+00:00,122.0,0.3333333333333333,122.0
2024-10-28 06:10:00+00:00,60.0,0.3333333333333333,60.0
2024-10-28 06:20:00+00:00,22.0,0.3333333333333333,22.0
2024-10-28 06:30:00+00:00,24.0,0.3333333333333333,24.0
2024-10-28 06:40:00+00:00,174.0,0.3333333333333333,174.0
2024-10-28 06:50:00+00:00,0.3333333333333333,0.3333333333333333,0.3333333333333333
2024-10-28 07:00:00+00:00,30.0,0.3333333333333333,30.0
2024-10-28 07:10:00+00:00,46.0,0.3333333333333333,46.0
2024-10-28 07:20:00+00:00,42.0,0.3333333333333333,42.0
2024-10-28 07:30:00+00:00,28.0,0.3333333333333333,28.0
2024-10-28 07:40:00+00:00,0.3333333333333333,0.3333333333333333,0.3333333333333333
2024-10-28 07:50:00+00:00,26.0,0.3333333333333333,26.0
2024-10-28 08:00:00+00:00,0.3333333333333333,0.3333333333333333,0.3333333333333333
2024-10-28 08:10:00+00:00,0.3333333333333333,0.3333333333333333,0.3333333333333333
2024-10-28 08:20:00+00:00,0.3333333333333333,0.3333333333333333,0.3333333333333333
2024-10-28 08:30:00+00:00,162.0,0.3333333333333333,162.0
2024-10-28 08:40:00+00:00,82.0,0.3333333333333333,82.0
2024-10-28 08:50:00+00:00,0.3333333333333333,0.3333333333333333,0.3333333333333333
2024-10-28 09:00:00+00:00,0.3333333333333333,0.3333333333333333,0.3333333333333333
2024-10-28 09:10:00+00:00,52.0,0.3333333333333333,52.0
2024-10-28 09:20:00+00:00,0.3333333333333333,0.3333333333333333,0.3333333333333333
2024-10-28 09:30:00+00:00,308.0,0.3333333333333333,308.0
2024-10-28 09:40:00+00:00,44.0,0.3333333333333333,44.0
2024-10-28 09:50:00+00:00,0.3333333333333333,0.3333333333333333,0.3333333333333333
2024-10-28 10:00:00+00:00,0.3333333333333333,0.3333333333333333,0.3333333333333333
2024-10-28 10:10:00+00:00,0.3333333333333333,0.3333333333333333,0.3333333333333333
2024-10-28 10:20:00+00:00,202.0,198.0,4.0
2024-10-28 10:30:00+00:00,10.0,0.3333333333333333,10.0
2024-10-28 10:40:00+00:00,0.3333333333333333,0.3333333333333333,0.3333333333333333
2024-10-28 10:50:00+00:00,2.0,0.3333333333333333,2.0
2024-10-28 11:00:00+00:00,0.3333333333333333,0.3333333333333333,0.3333333333333333
2024-10-28 11:10:00+00:00,0.3333333333333333,0.3333333333333333,0.3333333333333333
2024-10-28 11:20:00+00:00,0.3333333333333333,0.3333333333333333,0.3333333333333333
2024-10-28 11:30:00+00:00,4.0,0.3333333333333333,4.0
2024-10-28 11:40:00+00:00,376.0,0.3333333333333333,376.0
2024-10-28 11:50:00+00:00,0.3333333333333333,0.3333333333333333,0.3333333333333333
2024-10-28 12:00:00+00:00,84.0,0.3333333333333333,84.0
2024-10-28 12:10:00+00:00,62.0,0.3333333333333333,62.0
2024-10-28 12:20:00+00:00,196.0,0.3333333333333333,196.0
2024-10-28 12:30:00+00:00,92.0,0.3333333333333333,92.0
2024-10-28 12:40:00+00:00,0.3333333333333333,0.3333333333333333,0.3333333333333333
2024-10-28 12:50:00+00:00,24.0,0.3333333333333333,24.0
2024-10-28 13:00:00+00:00,4.0,0.3333333333333333,4.0
2024-10-28 13:10:00+00:00,0.3333333333333333,0.3333333333333333,0.3333333333333333
2024-10-28 13:20:00+00:00,0.3333333333333333,0.3333333333333333,0.3333333333333333
2024-10-28 13:30:00+00:00,2.0,0.3333333333333333,2.0
2024-10-28 13:40:00+00:00,0.3333333333333333,0.3333333333333333,0.3333333333333333
2024-10-28 13:50:00+00:00,10.0,0.3333333333333333,10.0
2024-10-28 14:00:00+00:00,0.3333333333333333,0.3333333333333333,0.3333333333333333
2024-10-28 14:10:00+00:00,0.3333333333333333,0.3333333333333333,0.3333333333333333
2024-10-28 14:20:00+00:00,0.3333333333333333,0.3333333333333333,0.3333333333333333
2024-10-28 14:30:00+00:00,0.3333333333333333,0.3333333333333333,0.3333333333333333
2024-10-28 14:40:00+00:00,0.3333333333333333,0.3333333333333333,0.3333333333333333
2024-10-28 14:50:00+00:00,0.3333333333333333,0.3333333333333333,0.3333333333333333
2024-10-28 15:00:00+00:00,0.3333333333333333,0.3333333333333333,0.3333333333333333
2024-10-28 15:10:00+00:00,0.3333333333333333,0.3333333333333333,0.3333333333333333
2024-10-28 15:20:00+00:00,0.3333333333333333,0.3333333333333333,0.3333333333333333
2024-10-28 15:30:00+00:00,0.3333333333333333,0.3333333333333333,0.3333333333333333
2024-10-28 15:40:00+00:00,0.3333333333333333,0.3333333333333333,0.3333333333333333
2024-10-28 15:50:00+00:00,0.3333333333333333,0.3333333333333333,0.3333333333333333
2024-10-28 16:00:00+00:00,0.3333333333333333,0.3333333333333333,0.3333333333333333
2024-10-28 16:10:00+00:00,0.3333333333333333,0.3333333333333333,0.3333333333333333
2024-10-28 16:20:00+00:00,0.3333333333333333,0.3333333333333333,0.3333333333333333
2024-10-28 16:30:00+00:00,0.3333333333333333,0.3333333333333333,0.3333333333333333
2024-10-28 16:40:00+00:00,0.3333333333333333,0.3333333333333333,0.3333333333333333
2024-10-28 16:50:00+00:00,0.3333333333333333,0.3333333333333333,0.3333333333333333
2024-10-28 17:00:00+00:00,0.3333333333333333,0.3333333333333333,0.3333333333333333
2024-10-28 17:10:00+00:00,0.3333333333333333,0.3333333333333333,0.3333333333333333
2024-10-28 17:20:00+00:00,0.3333333333333333,0.3333333333333333,0.3333333333333333
2024-10-28 17:30:00+00:00,0.3333333333333333,0.3333333333333333,0.3333333333333333
2024-10-28 17:40:00+00:00,0.3333333333333333,0.3333333333333333,0.3333333333333333
2024-10-28 17:50:00+00:00,0.3333333333333333,0.3333333333333333,0.3333333333333333
2024-10-28 18:00:00+00:00,0.3333333333333333,0.3333333333333333,0.3333333333333333
2024-10-28 18:10:00+00:00,0.3333333333333333,0.3333333333333333,0.3333333333333333
2024-10-28 18:20:00+00:00,0.3333333333333333,0.3333333333333333,0.3333333333333333
2024-10-28 18:30:00+00:00,0.3333333333333333,0.3333333333333333,0.3333333333333333
2024-10-28 18:40:00+00:00,0.3333333333333333,0.3333333333333333,0.3333333333333333
2024-10-28 18:50:00+00:00,0.3333333333333333,0.3333333333333333,0.3333333333333333
2024-10-28 19:00:00+00:00,0.3333333333333333,0.3333333333333333,0.3333333333333333
2024-10-28 19:10:00+00:00,0.3333333333333333,0.3333333333333333,0.3333333333333333
2024-10-28 19:20:00+00:00,0.3333333333333333,0.3333333333333333,0.3333333333333333
2024-10-28 19:30:00+00:00,0.3333333333333333,0.3333333333333333,0.3333333333333333
2024-10-28 19:40:00+00:00,0.3333333333333333,0.3333333333333333,0.3333333333333333
2024-10-28 19:50:00+00:00,0.3333333333333333,0.3333333333333333,0.3333333333333333
2024-10-28 20:00:00+00:00,0.3333333333333333,0.3333333333333333,0.3333333333333333
2024-10-28 20:10:00+00:00,0.3333333333333333,0.3333333333333333,0.3333333333333333
2024-10-28 20:20:00+00:00,0.3333333333333333,0.3333333333333333,0.3333333333333333
2024-10-28 20:30:00+00:00,0.3333333333333333,0.3333333333333333,0.3333333333333333
2024-10-28 20:40:00+00:00,0.3333333333333333,0.3333333333333333,0.3333333333333333
2024-10-28 20:50:00+00:00,0.3333333333333333,0.3333333333333333,0.3333333333333333
2024-10-28 21:00:00+00:00,0.3333333333333333,0.3333333333333333,0.3333333333333333
2024-10-28 21:10:00+00:00,0.3333333333333333,0.3333333333333333,0.3333333333333333
2024-10-28 21:20:00+00:00,0.3333333333333333,0.3333333333333333,0.3333333333333333
2024-10-28 21:30:00+00:00,0.3333333333333333,0.3333333333333333,0.3333333333333333
2024-10-28 21:40:00+00:00,0.3333333333333333,0.3333333333333333,0.3333333333333333
2024-10-28 21:50:00+00:00,0.3333333333333333,0.3333333333333333,0.3333333333333333
2024-10-28 22:00:00+00:00,0.3333333333333333,0.3333333333333333,0.3333333333333333
2024-10-28 22:10:00+00:00,0.3333333333333333,0.3333333333333333,0.3333333333333333
2024-10-28 22:20:00+00:00,0.3333333333333333,0.3333333333333333,0.3333333333333333
2024-10-28 22:30:00+00:00,0.3333333333333333,0.3333333333333333,0.3333333333333333
2024-10-28 22:40:00+00:00,0.3333333333333333,0.3333333333333333,0.3333333333333333
2024-10-28 22:50:00+00:00,0.3333333333333333,0.3333333333333333,0.3333333333333333
2024-10-28 23:00:00+00:00,0.3333333333333333,0.3333333333333333,0.3333333333333333
2024-10-28 23:10:00+00:00,0.3333333333333333,0.3333333333333333,0.3333333333333333
2024-10-28 23:20:00+00:00,0.3333333333333333,0.3333333333333333,0.3333333333333333
2024-10-28 23:30:00+00:00,0.3333333333333333,0.3333333333333333,0.3333333333333333
2024-10-28 23:40:00+00:00,0.3333333333333333,0.3333333333333333,0.3333333333333333
2024-10-28 23:50:00+00:00,0.3333333333333333,0.3333333333333333,0.3333333333333333
2024-10-29 00:00:00+00:00,0.3333333333333333,0.3333333333333333,0.3333333333333333
2024-10-29 00:10:00+00:00,0.3333333333333333,0.3333333333333333,0.3333333333333333
2024-10-29 00:20:00+00:00,0.3333333333333333,0.3333333333333333,0.3333333333333333
2024-10-29 00:30:00+00:00,0.3333333333333333,0.3333333333333333,0.3333333333333333
2024-10-29 00:40:00+00:00,0.3333333333333333,0.3333333333333333,0.3333333333333333
2024-10-29 00:50:00+00:00,0.3333333333333333,0.3333333333333333,0.3333333333333333
2024-10-29 01:00:00+00:00,0.3333333333333333,0.3333333333333333,0.3333333333333333
2024-10-29 01:10:00+00:00,0.3333333333333333,0.3333333333333333,0.3333333333333333
2024-10-29 01:20:00+00:00,0.3333333333333333,0.3333333333333333,0.3333333333333333
2024-10-29 01:30:00+00:00,0.3333333333333333,0.3333333333333333,0.3333333333333333
2024-10-29 01:40:00+00:00,0.3333333333333333,0.3333333333333333,0.3333333333333333
2024-10-29 01:50:00+00:00,0.3333333333333333,0.3333333333333333,0.3333333333333333
2024-10-29 02:00:00+00:00,0.3333333333333333,0.3333333333333333,0.3333333333333333
2024-10-29 02:10:00+00:00,0.3333333333333333,0.3333333333333333,0.3333333333333333
2024-10-29 02:20:00+00:00,0.3333333333333333,0.3333333333333333,0.3333333333333333
2024-10-29 02:30:00+00:00,0.3333333333333333,0.3333333333333333,0.3333333333333333
2024-10-29 02:40:00+00:00,0.3333333333333333,0.3333333333333333,0.3333333333333333
2024-10-29 02:50:00+00:00,0.3333333333333333,0.3333333333333333,0.3333333333333333
2024-10-29 03:00:00+00:00,0.3333333333333333,0.3333333333333333,0.3333333333333333
2024-10-29 03:10:00+00:00,0.3333333333333333,0.3333333333333333,0.3333333333333333
2024-10-29 03:20:00+00:00,0.3333333333333333,0.3333333333333333,0.3333333333333333
2024-10-29 03:30:00+00:00,0.3333333333333333,0.3333333333333333,0.3333333333333333
2024-10-29 03:40:00+00:00,0.3333333333333333,0.3333333333333333,0.3333333333333333
2024-10-29 03:50:00+00:00,0.3333333333333333,0.3333333333333333,0.3333333333333333
2024-10-29 04:00:00+00:00,0.3333333333333333,0.3333333333333333,0.3333333333333333
2024-10-29 04:10:00+00:00,20.0,0.3333333333333333,20.0
2024-10-29 04:20:00+00:00,0.3333333333333333,0.3333333333333333,0.3333333333333333
2024-10-29 04:30:00+00:00,12.0,0.3333333333333333,12.0
2024-10-29 04:40:00+00:00,78.0,0.3333333333333333,78.0
2024-10-29 04:50:00+00:00,52.0,0.3333333333333333,52.0
2024-10-29 05:00:00+00:00,0.3333333333333333,0.3333333333333333,0.3333333333333333
2024-10-29 05:10:00+00:00,0.3333333333333333,0.3333333333333333,0.3333333333333333
2024-10-29 05:20:00+00:00,192.0,0.3333333333333333,192.0
2024-10-29 05:30:00+00:00,76.0,0.3333333333333333,76.0
2024-10-29 05:40:00+00:00,0.3333333333333333,0.3333333333333333,0.3333333333333333
2024-10-29 05:50:00+00:00,0.3333333333333333,0.3333333333333333,0.3333333333333333
2024-10-29 06:00:00+00:00,262.0,0.3333333333333333,262.0
2024-10-29 06:10:00+00:00,50.0,0.3333333333333333,50.0
2024-10-29 06:20:00+00:00,58.0,0.3333333333333333,58.0
2024-10-29 06:30:00+00:00,0.3333333333333333,0.3333333333333333,0.3333333333333333
2024-10-29 06:40:00+00:00,0.3333333333333333,0.3333333333333333,0.3333333333333333
2024-10-29 06:50:00+00:00,14.0,0.3333333333333333,14.0
2024-10-29 07:00:00+00:00,0.3333333333333333,0.3333333333333333,0.3333333333333333
2024-10-29 07:10:00+00:00,96.0,0.3333333333333333,96.0
2024-10-29 07:20:00+00:00,194.0,0.3333333333333333,194.0
2024-10-29 07:30:00+00:00,32.0,0.3333333333333333,32.0
2024-10-29 07:40:00+00:00,28.0,0.3333333333333333,28.0
2024-10-29 07:50:00+00:00,88.0,0.3333333333333333,88.0
2024-10-29 08:00:00+00:00,0.3333333333333333,0.3333333333333333,0.3333333333333333
2024-10-29 08:10:00+00:00,0.3333333333333333,0.3333333333333333,0.3333333333333333
2024-10-29 08:20:00+00:00,660.0,474.0,186.0
2024-10-29 08:30:00+00:00,24.0,0.3333333333333333,24.0
2024-10-29 08:40:00+00:00,118.0,0.3333333333333333,118.0
2024-10-29 08:50:00+00:00,230.0,230.0,0.3333333333333333
2024-10-29 09:00:00+00:00,364.0,364.0,0.3333333333333333
2024-10-29 09:10:00+00:00,210.0,210.0,0.3333333333333333
2024-10-29 09:20:00+00:00,0.3333333333333333,0.3333333333333333,0.3333333333333333
2024-10-29 09:30:00+00:00,0.3333333333333333,0.3333333333333333,0.3333333333333333
2024-10-29 09:40:00+00:00,124.0,124.0,0.3333333333333333
2024-10-29 09:50:00+00:00,0.3333333333333333,0.3333333333333333,0.3333333333333333
2024-10-29 10:00:00+00:00,0.3333333333333333,0.3333333333333333,0.3333333333333333
2024-10-29 10:10:00+00:00,0.3333333333333333,0.3333333333333333,0.3333333333333333
2024-10-29 10:20:00+00:00,0.3333333333333333,0.3333333333333333,0.3333333333333333
2024-10-29 10:30:00+00:00,0.3333333333333333,0.3333333333333333,0.3333333333333333
2024-10-29 10:40:00+00:00,0.3333333333333333,0.3333333333333333,0.3333333333333333
2024-10-29 10:50:00+00:00,0.3333333333333333,0.3333333333333333,0.3333333333333333
2024-10-29 11:00:00+00:00,0.3333333333333333,0.3333333333333333,0.3333333333333333
2024-10-29 11:10:00+00:00,0.3333333333333333,0.3333333333333333,0.3333333333333333
2024-10-29 11:20:00+00:00,0.3333333333333333,0.3333333333333333,0.3333333333333333
2024-10-29 11:30:00+00:00,0.3333333333333333,0.3333333333333333,0.3333333333333333
2024-10-29 11:40:00+00:00,0.3333333333333333,0.3333333333333333,0.3333333333333333
2024-10-29 11:50:00+00:00,0.3333333333333333,0.3333333333333333,0.3333333333333333
2024-10-29 12:00:00+00:00,0.3333333333333333,0.3333333333333333,0.3333333333333333
2024-10-29 12:10:00+00:00,0.3333333333333333,0.3333333333333333,0.3333333333333333
2024-10-29 12:20:00+00:00,0.3333333333333333,0.3333333333333333,0.3333333333333333
2024-10-29 12:30:00+00:00,0.3333333333333333,0.3333333333333333,0.3333333333333333
2024-10-29 12:40:00+00:00,0.3333333333333333,0.3333333333333333,0.3333333333333333
2024-10-29 12:50:00+00:00,0.3333333333333333,0.3333333333333333,0.3333333333333333
2024-10-29 13:00:00+00:00,0.3333333333333333,0.3333333333333333,0.3333333333333333
2024-10-29 13:10:00+00:00,0.3333333333333333,0.3333333333333333,0.3333333333333333
2024-10-29 13:20:00+00:00,0.3333333333333333,0.3333333333333333,0.3333333333333333
2024-10-29 13:30:00+00:00,0.3333333333333333,0.3333333333333333,0.3333333333333333
2024-10-29 13:40:00+00:00,0.3333333333333333,0.3333333333333333,0.3333333333333333
2024-10-29 13:50:00+00:00,0.3333333333333333,0.3333333333333333,0.3333333333333333
2024-10-29 14:00:00+00:00,0.3333333333333333,0.3333333333333333,0.3333333333333333
2024-10-29 14:10:00+00:00,0.3333333333333333,0.3333333333333333,0.3333333333333333
2024-10-29 14:20:00+00:00,0.3333333333333333,0.3333333333333333,0.3333333333333333
2024-10-29 14:30:00+00:00,0.3333333333333333,0.3333333333333333,0.3333333333333333
2024-10-29 14:40:00+00:00,0.3333333333333333,0.3333333333333333,0.3333333333333333
2024-10-29 14:50:00+00:00,0.3333333333333333,0.3333333333333333,0.3333333333333333
2024-10-29 15:00:00+00:00,0.3333333333333333,0.3333333333333333,0.3333333333333333
2024-10-29 15:10:00+00:00,0.3333333333333333,0.3333333333333333,0.3333333333333333
2024-10-29 15:20:00+00:00,0.3333333333333333,0.3333333333333333,0.3333333333333333
2024-10-29 15:30:00+00:00,0.3333333333333333,0.3333333333333333,0.3333333333333333
2024-10-29 15:40:00+00:00,0.3333333333333333,0.3333333333333333,0.3333333333333333
2024-10-29 15:50:00+00:00,0.3333333333333333,0.3333333333333333,0.3333333333333333
2024-10-29 16:00:00+00:00,0.3333333333333333,0.3333333333333333,0.3333333333333333
2024-10-29 16:10:00+00:00,0.3333333333333333,0.3333333333333333,0.3333333333333333
2024-10-29 16:20:00+00:00,0.3333333333333333,0.3333333333333333,0.3333333333333333
2024-10-29 16:30:00+00:00,0.3333333333333333,0.3333333333333333,0.3333333333333333
2024-10-29 16:40:00+00:00,0.3333333333333333,0.3333333333333333,0.3333333333333333
2024-10-29 16:50:00+00:00,0.3333333333333333,0.3333333333333333,0.3333333333333333
2024-10-29 17:00:00+00:00,0.3333333333333333,0.3333333333333333,0.3333333333333333
2024-10-29 17:10:00+00:00,0.3333333333333333,0.3333333333333333,0.3333333333333333
2024-10-29 17:20:00+00:00,0.3333333333333333,0.3333333333333333,0.3333333333333333
2024-10-29 17:30:00+00:00,0.3333333333333333,0.3333333333333333,0.3333333333333333
2024-10-29 17:40:00+00:00,0.3333333333333333,0.3333333333333333,0.3333333333333333
2024-10-29 17:50:00+00:00,0.3333333333333333,0.3333333333333333,0.3333333333333333
2024-10-29 18:00:00+00:00,0.3333333333333333,0.3333333333333333,0.3333333333333333
2024-10-29 18:10:00+00:00,0.3333333333333333,0.3333333333333333,0.3333333333333333
2024-10-29 18:20:00+00:00,0.3333333333333333,0.3333333333333333,0.3333333333333333
2024-10-29 18:30:00+00:00,0.3333333333333333,0.3333333333333333,0.3333333333333333
2024-10-29 18:40:00+00:00,0.3333333333333333,0.3333333333333333,0.3333333333333333
2024-10-29 18:50:00+00:00,0.3333333333333333,0.3333333333333333,0.3333333333333333
2024-10-29 19:00:00+00:00,0.3333333333333333,0.3333333333333333,0.3333333333333333
2024-10-29 19:10:00+00:00,0.3333333333333333,0.3333333333333333,0.3333333333333333
2024-10-29 19:20:00+00:00,0.3333333333333333,0.3333333333333333,0.3333333333333333
2024-10-29 19:30:00+00:00,0.3333333333333333,0.3333333333333333,0.3333333333333333
2024-10-29 19:40:00+00:00,0.3333333333333333,0.3333333333333333,0.3333333333333333
2024-10-29 19:50:00+00:00,0.3333333333333333,0.3333333333333333,0.3333333333333333
2024-10-29 20:00:00+00:00,0.3333333333333333,0.3333333333333333,0.3333333333333333
2024-10-29 20:10:00+00:00,0.3333333333333333,0.3333333333333333,0.3333333333333333
2024-10-29 20:20:00+00:00,0.3333333333333333,0.3333333333333333,0.3333333333333333
2024-10-29 20:30:00+00:00,0.3333333333333333,0.3333333333333333,0.3333333333333333
2024-10-29 20:40:00+00:00,0.3333333333333333,0.3333333333333333,0.3333333333333333
2024-10-29 20:50:00+00:00,0.3333333333333333,0.3333333333333333,0.3333333333333333
2024-10-29 21:00:00+00:00,0.3333333333333333,0.3333333333333333,0.3333333333333333
2024-10-29 21:10:00+00:00,0.3333333333333333,0.3333333333333333,0.3333333333333333
2024-10-29 21:20:00+00:00,0.3333333333333333,0.3333333333333333,0.3333333333333333
2024-10-29 21:30:00+00:00,0.3333333333333333,0.3333333333333333,0.3333333333333333
2024-10-29 21:40:00+00:00,0.3333333333333333,0.3333333333333333,0.3333333333333333
2024-10-29 21:50:00+00:00,0.3333333333333333,0.3333333333333333,0.3333333333333333
2024-10-29 22:00:00+00:00,0.3333333333333333,0.3333333333333333,0.3333333333333333
2024-10-29 22:10:00+00:00,0.3333333333333333,0.3333333333333333,0.3333333333333333
2024-10-29 22:20:00+00:00,0.3333333333333333,0.3333333333333333,0.3333333333333333
2024-10-29 22:30:00+00:00,0.3333333333333333,0.3333333333333333,0.3333333333333333
2024-10-29 22:40:00+00:00,0.3333333333333333,0.3333333333333333,0.3333333333333333
2024-10-29 22:50:00+00:00,0.3333333333333333,0.3333333333333333,0.3333333333333333
2024-10-29 23:00:00+00:00,0.3333333333333333,0.3333333333333333,0.3333333333333333
2024-10-29 23:10:00+00:00,0.3333333333333333,0.3333333333333333,0.3333333333333333
2024-10-29 23:20:00+00:00,0.3333333333333333,0.3333333333333333,0.3333333333333333
2024-10-29 23:30:00+00:00,0.3333333333333333,0.3333333333333333,0.3333333333333333
2024-10-29 23:40:00+00:00,0.3333333333333333,0.3333333333333333,0.3333333333333333
2024-10-29 23:50:00+00:00,0.3333333333333333,0.3333333333333333,0.3333333333333333
2024-10-30 00:00:00+00:00,0.3333333333333333,0.3333333333333333,0.3333333333333333
2024-10-30 00:10:00+00:00,0.3333333333333333,0.3333333333333333,0.3333333333333333
2024-10-30 00:20:00+00:00,0.3333333333333333,0.3333333333333333,0.3333333333333333
2024-10-30 00:30:00+00:00,0.3333333333333333,0.3333333333333333,0.3333333333333333
2024-10-30 00:40:00+00:00,0.3333333333333333,0.3333333333333333,0.3333333333333333
2024-10-30 00:50:00+00:00,0.3333333333333333,0.3333333333333333,0.3333333333333333
2024-10-30 01:00:00+00:00,0.3333333333333333,0.3333333333333333,0.3333333333333333
2024-10-30 01:10:00+00:00,0.3333333333333333,0.3333333333333333,0.3333333333333333
2024-10-30 01:20:00+00:00,18.0,18.0,0.3333333333333333
2024-10-30 01:30:00+00:00,30.0,0.3333333333333333,30.0
2024-10-30 01:40:00+00:00,6.0,0.3333333333333333,6.0
2024-10-30 01:50:00+00:00,58.0,0.3333333333333333,58.0
2024-10-30 02:00:00+00:00,0.3333333333333333,0.3333333333333333,0.3333333333333333
2024-10-30 02:10:00+00:00,0.3333333333333333,0.3333333333333333,0.3333333333333333
2024-10-30 02:20:00+00:00,0.3333333333333333,0.3333333333333333,0.3333333333333333
2024-10-30 02:30:00+00:00,0.3333333333333333,0.3333333333333333,0.3333333333333333
2024-10-30 02:40:00+00:00,0.3333333333333333,0.3333333333333333,0.3333333333333333
2024-10-30 02:50:00+00:00,0.3333333333333333,0.3333333333333333,0.3333333333333333
2024-10-30 03:00:00+00:00,12.0,0.3333333333333333,12.0
2024-10-30 03:10:00+00:00,0.3333333333333333,0.3333333333333333,0.3333333333333333
2024-10-30 03:20:00+00:00,0.3333333333333333,0.3333333333333333,0.3333333333333333
2024-10-30 03:30:00+00:00,0.3333333333333333,0.3333333333333333,0.3333333333333333
2024-10-30 03:40:00+00:00,176.0,0.3333333333333333,176.0
2024-10-30 03:50:00+00:00,0.3333333333333333,0.3333333333333333,0.3333333333333333
2024-10-30 04:00:00+00:00,0.3333333333333333,0.3333333333333333,0.3333333333333333
2024-10-30 04:10:00+00:00,0.3333333333333333,0.3333333333333333,0.3333333333333333
2024-10-30 04:20:00+00:00,18.0,18.0,0.3333333333333333
2024-10-30 04:30:00+00:00,0.3333333333333333,0.3333333333333333,0.3333333333333333
2024-10-30 04:40:00+00:00,0.3333333333333333,0.3333333333333333,0.3333333333333333
2024-10-30 04:50:00+00:00,0.3333333333333333,0.3333333333333333,0.3333333333333333
2024-10-30 05:00:00+00:00,0.3333333333333333,0.3333333333333333,0.3333333333333333
2024-10-30 05:10:00+00:00,0.3333333333333333,0.3333333333333333,0.3333333333333333
2024-10-30 05:20:00+00:00,26.0,0.3333333333333333,26.0
2024-10-30 05:30:00+00:00,0.3333333333333333,0.3333333333333333,0.3333333333333333
2024-10-30 05:40:00+00:00,0.3333333333333333,0.3333333333333333,0.3333333333333333
2024-10-30 05:50:00+00:00,0.3333333333333333,0.3333333333333333,0.3333333333333333
2024-10-30 06:00:00+00:00,2.0,0.3333333333333333,2.0
2024-10-30 06:10:00+00:00,0.3333333333333333,0.3333333333333333,0.3333333333333333
2024-10-30 06:20:00+00:00,0.3333333333333333,0.3333333333333333,0.3333333333333333
2024-10-30 06:30:00+00:00,0.3333333333333333,0.3333333333333333,0.3333333333333333
2024-10-30 06:40:00+00:00,0.3333333333333333,0.3333333333333333,0.3333333333333333
2024-10-30 06:50:00+00:00,0.3333333333333333,0.3333333333333333,0.3333333333333333
2024-10-30 07:00:00+00:00,0.3333333333333333,0.3333333333333333,0.3333333333333333
2024-10-30 07:10:00+00:00,0.3333333333333333,0.3333333333333333,0.3333333333333333
2024-10-30 07:20:00+00:00,0.3333333333333333,0.3333333333333333,0.3333333333333333
2024-10-30 07:30:00+00:00,0.3333333333333333,0.3333333333333333,0.3333333333333333
2024-10-30 07:40:00+00:00,0.3333333333333333,0.3333333333333333,0.3333333333333333
2024-10-30 07:50:00+00:00,0.3333333333333333,0.3333333333333333,0.3333333333333333
2024-10-30 08:00:00+00:00,0.3333333333333333,0.3333333333333333,0.3333333333333333
2024-10-30 08:10:00+00:00,0.3333333333333333,0.3333333333333333,0.3333333333333333
2024-10-30 08:20:00+00:00,0.3333333333333333,0.3333333333333333,0.3333333333333333
2024-10-30 08:30:00+00:00,0.3333333333333333,0.3333333333333333,0.3333333333333333
2024-10-30 08:40:00+00:00,0.3333333333333333,0.3333333333333333,0.3333333333333333
2024-10-30 08:50:00+00:00,0.3333333333333333,0.3333333333333333,0.3333333333333333
2024-10-30 09:00:00+00:00,0.3333333333333333,0.3333333333333333,0.3333333333333333
2024-10-30 09:10:00+00:00,0.3333333333333333,0.3333333333333333,0.3333333333333333
2024-10-30 09:20:00+00:00,0.3333333333333333,0.3333333333333333,0.3333333333333333
2024-10-30 09:30:00+00:00,0.3333333333333333,0.3333333333333333,0.3333333333333333
2024-10-30 09:40:00+00:00,0.3333333333333333,0.3333333333333333,0.3333333333333333
2024-10-30 09:50:00+00:00,0.3333333333333333,0.3333333333333333,0.3333333333333333
2024-10-30 10:00:00+00:00,0.3333333333333333,0.3333333333333333,0.3333333333333333
2024-10-30 10:10:00+00:00,0.3333333333333333,0.3333333333333333,0.3333333333333333
2024-10-30 10:20:00+00:00,0.3333333333333333,0.3333333333333333,0.3333333333333333
2024-10-30 10:30:00+00:00,0.3333333333333333,0.3333333333333333,0.3333333333333333
2024-10-30 10:40:00+00:00,0.3333333333333333,0.3333333333333333,0.3333333333333333
2024-10-30 10:50:00+00:00,0.3333333333333333,0.3333333333333333,0.3333333333333333
2024-10-30 11:00:00+00:00,0.3333333333333333,0.3333333333333333,0.3333333333333333
2024-10-30 11:10:00+00:00,0.3333333333333333,0.3333333333333333,0.3333333333333333
2024-10-30 11:20:00+00:00,0.3333333333333333,0.3333333333333333,0.3333333333333333
2024-10-30 11:30:00+00:00,0.3333333333333333,0.3333333333333333,0.3333333333333333
2024-10-30 11:40:00+00:00,0.3333333333333333,0.3333333333333333,0.3333333333333333
2024-10-30 11:50:00+00:00,0.3333333333333333,0.3333333333333333,0.3333333333333333
2024-10-30 12:00:00+00:00,0.3333333333333333,0.3333333333333333,0.3333333333333333
2024-10-30 12:10:00+00:00,0.3333333333333333,0.3333333333333333,0.3333333333333333
2024-10-30 12:20:00+00:00,0.3333333333333333,0.3333333333333333,0.3333333333333333
2024-10-30 12:30:00+00:00,0.3333333333333333,0.3333333333333333,0.3333333333333333
2024-10-30 12:40:00+00:00,0.3333333333333333,0.3333333333333333,0.3333333333333333
2024-10-30 12:50:00+00:00,0.3333333333333333,0.3333333333333333,0.3333333333333333
2024-10-30 13:00:00+00:00,0.3333333333333333,0.3333333333333333,0.3333333333333333
2024-10-30 13:10:00+00:00,0.3333333333333333,0.3333333333333333,0.3333333333333333
2024-10-30 13:20:00+00:00,0.3333333333333333,0.3333333333333333,0.3333333333333333
2024-10-30 13:30:00+00:00,0.3333333333333333,0.3333333333333333,0.3333333333333333
2024-10-30 13:40:00+00:00,0.3333333333333333,0.3333333333333333,0.3333333333333333
2024-10-30 13:50:00+00:00,0.3333333333333333,0.3333333333333333,0.3333333333333333
2024-10-30 14:00:00+00:00,0.3333333333333333,0.3333333333333333,0.3333333333333333
2024-10-30 14:10:00+00:00,0.3333333333333333,0.3333333333333333,0.3333333333333333
2024-10-30 14:20:00+00:00,0.3333333333333333,0.3333333333333333,0.3333333333333333
2024-10-30 14:30:00+00:00,0.3333333333333333,0.3333333333333333,0.3333333333333333
2024-10-30 14:40:00+00:00,0.3333333333333333,0.3333333333333333,0.3333333333333333
2024-10-30 14:50:00+00:00,0.3333333333333333,0.3333333333333333,0.3333333333333333
2024-10-30 15:00:00+00:00,0.3333333333333333,0.3333333333333333,0.3333333333333333
2024-10-30 15:10:00+00:00,0.3333333333333333,0.3333333333333333,0.3333333333333333
2024-10-30 15:20:00+00:00,0.3333333333333333,0.3333333333333333,0.3333333333333333
2024-10-30 15:30:00+00:00,0.3333333333333333,0.3333333333333333,0.3333333333333333
2024-10-30 15:40:00+00:00,0.3333333333333333,0.3333333333333333,0.3333333333333333
2024-10-30 15:50:00+00:00,0.3333333333333333,0.3333333333333333,0.3333333333333333
2024-10-30 16:00:00+00:00,0.3333333333333333,0.3333333333333333,0.3333333333333333
2024-10-30 16:10:00+00:00,0.3333333333333333,0.3333333333333333,0.3333333333333333
2024-10-30 16:20:00+00:00,0.3333333333333333,0.3333333333333333,0.3333333333333333
2024-10-30 16:30:00+00:00,0.3333333333333333,0.3333333333333333,0.3333333333333333
2024-10-30 16:40:00+00:00,0.3333333333333333,0.3333333333333333,0.3333333333333333
2024-10-30 16:50:00+00:00,0.3333333333333333,0.3333333333333333,0.3333333333333333
2024-10-30 17:00:00+00:00,0.3333333333333333,0.3333333333333333,0.3333333333333333
2024-10-30 17:10:00+00:00,0.3333333333333333,0.3333333333333333,0.3333333333333333
2024-10-30 17:20:00+00:00,0.3333333333333333,0.3333333333333333,0.3333333333333333
2024-10-30 17:30:00+00:00,0.3333333333333333,0.3333333333333333,0.3333333333333333
2024-10-30 17:40:00+00:00,0.3333333333333333,0.3333333333333333,0.3333333333333333
2024-10-30 17:50:00+00:00,0.3333333333333333,0.3333333333333333,0.3333333333333333
2024-10-30 18:00:00+00:00,0.3333333333333333,0.3333333333333333,0.3333333333333333
2024-10-30 18:10:00+00:00,0.3333333333333333,0.3333333333333333,0.3333333333333333
2024-10-30 18:20:00+00:00,0.3333333333333333,0.3333333333333333,0.3333333333333333
2024-10-30 18:30:00+00:00,0.3333333333333333,0.3333333333333333,0.3333333333333333
2024-10-30 18:40:00+00:00,0.3333333333333333,0.3333333333333333,0.3333333333333333
2024-10-30 18:50:00+00:00,0.3333333333333333,0.3333333333333333,0.3333333333333333
2024-10-30 19:00:00+00:00,0.3333333333333333,0.3333333333333333,0.3333333333333333
2024-10-30 19:10:00+00:00,0.3333333333333333,0.3333333333333333,0.3333333333333333
2024-10-30 19:20:00+00:00,0.3333333333333333,0.3333333333333333,0.3333333333333333
2024-10-30 19:30:00+00:00,0.3333333333333333,0.3333333333333333,0.3333333333333333
2024-10-30 19:40:00+00:00,0.3333333333333333,0.3333333333333333,0.3333333333333333
2024-10-30 19:50:00+00:00,0.3333333333333333,0.3333333333333333,0.3333333333333333
2024-10-30 20:00:00+00:00,0.3333333333333333,0.3333333333333333,0.3333333333333333
2024-10-30 20:10:00+00:00,0.3333333333333333,0.3333333333333333,0.3333333333333333
2024-10-30 20:20:00+00:00,0.3333333333333333,0.3333333333333333,0.3333333333333333
2024-10-30 20:30:00+00:00,0.3333333333333333,0.3333333333333333,0.3333333333333333
2024-10-30 20:40:00+00:00,0.3333333333333333,0.3333333333333333,0.3333333333333333
2024-10-30 20:50:00+00:00,0.3333333333333333,0.3333333333333333,0.3333333333333333
2024-10-30 21:00:00+00:00,0.3333333333333333,0.3333333333333333,0.3333333333333333
2024-10-30 21:10:00+00:00,0.3333333333333333,0.3333333333333333,0.3333333333333333
2024-10-30 21:20:00+00:00,0.3333333333333333,0.3333333333333333,0.3333333333333333
2024-10-30 21:30:00+00:00,0.3333333333333333,0.3333333333333333,0.3333333333333333
2024-10-30 21:40:00+00:00,0.3333333333333333,0.3333333333333333,0.3333333333333333
2024-10-30 21:50:00+00:00,0.3333333333333333,0.3333333333333333,0.3333333333333333
2024-10-30 22:00:00+00:00,0.3333333333333333,0.3333333333333333,0.3333333333333333
2024-10-30 22:10:00+00:00,0.3333333333333333,0.3333333333333333,0.3333333333333333
2024-10-30 22:20:00+00:00,0.3333333333333333,0.3333333333333333,0.3333333333333333
2024-10-30 22:30:00+00:00,0.3333333333333333,0.3333333333333333,0.3333333333333333
2024-10-30 22:40:00+00:00,0.3333333333333333,0.3333333333333333,0.3333333333333333
2024-10-30 22:50:00+00:00,0.3333333333333333,0.3333333333333333,0.3333333333333333
2024-10-30 23:00:00+00:00,0.3333333333333333,0.3333333333333333,0.3333333333333333
2024-10-30 23:10:00+00:00,0.3333333333333333,0.3333333333333333,0.3333333333333333
2024-10-30 23:20:00+00:00,0.3333333333333333,0.3333333333333333,0.3333333333333333
2024-10-30 23:30:00+00:00,0.3333333333333333,0.3333333333333333,0.3333333333333333
2024-10-30 23:40:00+00:00,0.3333333333333333,0.3333333333333333,0.3333333333333333
2024-10-30 23:50:00+00:00,0.3333333333333333,0.3333333333333333,0.3333333333333333
2024-10-31 00:00:00+00:00,0.3333333333333333,0.3333333333333333,0.3333333333333333
2024-10-31 00:10:00+00:00,0.3333333333333333,0.3333333333333333,0.3333333333333333
2024-10-31 00:20:00+00:00,0.3333333333333333,0.3333333333333333,0.3333333333333333
2024-10-31 00:30:00+00:00,0.3333333333333333,0.3333333333333333,0.3333333333333333
2024-10-31 00:40:00+00:00,0.3333333333333333,0.3333333333333333,0.3333333333333333
2024-10-31 00:50:00+00:00,0.3333333333333333,0.3333333333333333,0.3333333333333333
2024-10-31 01:00:00+00:00,0.3333333333333333,0.3333333333333333,0.3333333333333333
2024-10-31 01:10:00+00:00,0.3333333333333333,0.3333333333333333,0.3333333333333333
2024-10-31 01:20:00+00:00,0.3333333333333333,0.3333333333333333,0.3333333333333333
2024-10-31 01:30:00+00:00,0.3333333333333333,0.3333333333333333,0.3333333333333333
2024-10-31 01:40:00+00:00,82.0,0.3333333333333333,82.0
2024-10-31 01:50:00+00:00,56.0,0.3333333333333333,56.0
2024-10-31 02:00:00+00:00,32.0,0.3333333333333333,32.0
2024-10-31 02:10:00+00:00,82.0,0.3333333333333333,82.0
2024-10-31 02:20:00+00:00,0.3333333333333333,0.3333333333333333,0.3333333333333333
2024-10-31 02:30:00+00:00,0.3333333333333333,0.3333333333333333,0.3333333333333333
2024-10-31 02:40:00+00:00,0.3333333333333333,0.3333333333333333,0.3333333333333333
2024-10-31 02:50:00+00:00,0.3333333333333333,0.3333333333333333,0.3333333333333333
2024-10-31 03:00:00+00:00,0.3333333333333333,0.3333333333333333,0.3333333333333333
2024-10-31 03:10:00+00:00,0.3333333333333333,0.3333333333333333,0.3333333333333333
2024-10-31 03:20:00+00:00,0.3333333333333333,0.3333333333333333,0.3333333333333333
2024-10-31 03:30:00+00:00,0.3333333333333333,0.3333333333333333,0.3333333333333333
2024-10-31 03:40:00+00:00,0.3333333333333333,0.3333333333333333,0.3333333333333333
2024-10-31 03:50:00+00:00,0.3333333333333333,0.3333333333333333,0.3333333333333333
2024-10-31 04:00:00+00:00,54.0,0.3333333333333333,54.0
2024-10-31 04:10:00+00:00,0.3333333333333333,0.3333333333333333,0.3333333333333333
2024-10-31 04:20:00+00:00,0.3333333333333333,0.3333333333333333,0.3333333333333333
2024-10-31 04:30:00+00:00,0.3333333333333333,0.3333333333333333,0.3333333333333333
2024-10-31 04:40:00+00:00,0.3333333333333333,0.3333333333333333,0.3333333333333333
2024-10-31 04:50:00+00:00,0.3333333333333333,0.3333333333333333,0.3333333333333333
2024-10-31 05:00:00+00:00,0.3333333333333333,0.3333333333333333,0.3333333333333333
2024-10-31 05:10:00+00:00,0.3333333333333333,0.3333333333333333,0.3333333333333333
2024-10-31 05:20:00+00:00,0.3333333333333333,0.3333333333333333,0.3333333333333333
2024-10-31 05:30:00+00:00,0.3333333333333333,0.3333333333333333,0.3333333333333333
2024-10-31 05:40:00+00:00,0.3333333333333333,0.3333333333333333,0.3333333333333333
2024-10-31 05:50:00+00:00,0.3333333333333333,0.3333333333333333,0.3333333333333333
2024-10-31 06:00:00+00:00,0.3333333333333333,0.3333333333333333,0.3333333333333333
2024-10-31 06:10:00+00:00,0.3333333333333333,0.3333333333333333,0.3333333333333333
2024-10-31 06:20:00+00:00,0.3333333333333333,0.3333333333333333,0.3333333333333333
2024-10-31 06:30:00+00:00,0.3333333333333333,0.3333333333333333,0.3333333333333333
2024-10-31 06:40:00+00:00,0.3333333333333333,0.3333333333333333,0.3333333333333333
2024-10-31 06:50:00+00:00,0.3333333333333333,0.3333333333333333,0.3333333333333333
2024-10-31 07:00:00+00:00,0.3333333333333333,0.3333333333333333,0.3333333333333333
2024-10-31 07:10:00+00:00,0.3333333333333333,0.3333333333333333,0.3333333333333333
2024-10-31 07:20:00+00:00,0.3333333333333333,0.3333333333333333,0.3333333333333333
2024-10-31 07:30:00+00:00,0.3333333333333333,0.3333333333333333,0.3333333333333333
2024-10-31 07:40:00+00:00,60.0,0.3333333333333333,60.0
2024-10-31 07:50:00+00:00,24.0,0.3333333333333333,24.0
2024-10-31 08:00:00+00:00,0.3333333333333333,0.3333333333333333,0.3333333333333333
2024-10-31 08:10:00+00:00,0.3333333333333333,0.3333333333333333,0.3333333333333333
2024-10-31 08:20:00+00:00,0.3333333333333333,0.3333333333333333,0.3333333333333333
2024-10-31 08:30:00+00:00,0.3333333333333333,0.3333333333333333,0.3333333333333333
2024-10-31 08:40:00+00:00,0.3333333333333333,0.3333333333333333,0.3333333333333333
2024-10-31 08:50:00+00:00,0.3333333333333333,0.3333333333333333,0.3333333333333333
2024-10-31 09:00:00+00:00,0.3333333333333333,0.3333333333333333,0.3333333333333333
2024-10-31 09:10:00+00:00,0.3333333333333333,0.3333333333333333,0.3333333333333333
2024-10-31 09:20:00+00:00,0.3333333333333333,0.3333333333333333,0.3333333333333333
2024-10-31 09:30:00+00:00,0.3333333333333333,0.3333333333333333,0.3333333333333333
2024-10-31 09:40:00+00:00,0.3333333333333333,0.3333333333333333,0.3333333333333333
2024-10-31 09:50:00+00:00,0.3333333333333333,0.3333333333333333,0.3333333333333333
2024-10-31 10:00:00+00:00,0.3333333333333333,0.3333333333333333,0.3333333333333333
2024-10-31 10:10:00+00:00,0.3333333333333333,0.3333333333333333,0.3333333333333333
2024-10-31 10:20:00+00:00,0.3333333333333333,0.3333333333333333,0.3333333333333333
2024-10-31 10:30:00+00:00,0.3333333333333333,0.3333333333333333,0.3333333333333333
2024-10-31 10:40:00+00:00,0.3333333333333333,0.3333333333333333,0.3333333333333333
2024-10-31 10:50:00+00:00,0.3333333333333333,0.3333333333333333,0.3333333333333333
2024-10-31 11:00:00+00:00,0.3333333333333333,0.3333333333333333,0.3333333333333333
2024-10-31 11:10:00+00:00,0.3333333333333333,0.3333333333333333,0.3333333333333333
2024-10-31 11:20:00+00:00,0.3333333333333333,0.3333333333333333,0.3333333333333333
2024-10-31 11:30:00+00:00,0.3333333333333333,0.3333333333333333,0.3333333333333333
2024-10-31 11:40:00+00:00,0.3333333333333333,0.3333333333333333,0.3333333333333333
2024-10-31 11:50:00+00:00,0.3333333333333333,0.3333333333333333,0.3333333333333333
2024-10-31 12:00:00+00:00,0.3333333333333333,0.3333333333333333,0.3333333333333333
2024-10-31 12:10:00+00:00,0.3333333333333333,0.3333333333333333,0.3333333333333333
2024-10-31 12:20:00+00:00,0.3333333333333333,0.3333333333333333,0.3333333333333333
2024-10-31 12:30:00+00:00,0.3333333333333333,0.3333333333333333,0.3333333333333333
2024-10-31 12:40:00+00:00,0.3333333333333333,0.3333333333333333,0.3333333333333333
2024-10-31 12:50:00+00:00,0.3333333333333333,0.3333333333333333,0.3333333333333333
2024-10-31 13:00:00+00:00,0.3333333333333333,0.3333333333333333,0.3333333333333333
2024-10-31 13:10:00+00:00,0.3333333333333333,0.3333333333333333,0.3333333333333333
2024-10-31 13:20:00+00:00,0.3333333333333333,0.3333333333333333,0.3333333333333333
2024-10-31 13:30:00+00:00,0.3333333333333333,0.3333333333333333,0.3333333333333333
2024-10-31 13:40:00+00:00,0.3333333333333333,0.3333333333333333,0.3333333333333333
2024-10-31 13:50:00+00:00,0.3333333333333333,0.3333333333333333,0.3333333333333333
2024-10-31 14:00:00+00:00,0.3333333333333333,0.3333333333333333,0.3333333333333333
2024-10-31 14:10:00+00:00,0.3333333333333333,0.3333333333333333,0.3333333333333333
2024-10-31 14:20:00+00:00,0.3333333333333333,0.3333333333333333,0.3333333333333333
2024-10-31 14:30:00+00:00,0.3333333333333333,0.3333333333333333,0.3333333333333333
2024-10-31 14:40:00+00:00,0.3333333333333333,0.3333333333333333,0.3333333333333333
2024-10-31 14:50:00+00:00,0.3333333333333333,0.3333333333333333,0.3333333333333333
2024-10-31 15:00:00+00:00,0.3333333333333333,0.3333333333333333,0.3333333333333333
2024-10-31 15:10:00+00:00,0.3333333333333333,0.3333333333333333,0.3333333333333333
2024-10-31 15:20:00+00:00,0.3333333333333333,0.3333333333333333,0.3333333333333333
2024-10-31 15:30:00+00:00,0.3333333333333333,0.3333333333333333,0.3333333333333333
2024-10-31 15:40:00+00:00,0.3333333333333333,0.3333333333333333,0.3333333333333333
2024-10-31 15:50:00+00:00,0.3333333333333333,0.3333333333333333,0.3333333333333333
2024-10-31 16:00:00+00:00,0.3333333333333333,0.3333333333333333,0.3333333333333333
2024-10-31 16:10:00+00:00,0.3333333333333333,0.3333333333333333,0.3333333333333333
2024-10-31 16:20:00+00:00,0.3333333333333333,0.3333333333333333,0.3333333333333333
2024-10-31 16:30:00+00:00,0.3333333333333333,0.3333333333333333,0.3333333333333333
2024-10-31 16:40:00+00:00,0.3333333333333333,0.3333333333333333,0.3333333333333333
2024-10-31 16:50:00+00:00,0.3333333333333333,0.3333333333333333,0.3333333333333333
2024-10-31 17:00:00+00:00,0.3333333333333333,0.3333333333333333,0.3333333333333333
2024-10-31 17:10:00+00:00,0.3333333333333333,0.3333333333333333,0.3333333333333333
2024-10-31 17:20:00+00:00,0.3333333333333333,0.3333333333333333,0.3333333333333333
2024-10-31 17:30:00+00:00,0.3333333333333333,0.3333333333333333,0.3333333333333333
2024-10-31 17:40:00+00:00,0.3333333333333333,0.3333333333333333,0.3333333333333333
2024-10-31 17:50:00+00:00,0.3333333333333333,0.3333333333333333,0.3333333333333333
2024-10-31 18:00:00+00:00,0.3333333333333333,0.3333333333333333,0.3333333333333333
2024-10-31 18:10:00+00:00,0.3333333333333333,0.3333333333333333,0.3333333333333333
2024-10-31 18:20:00+00:00,0.3333333333333333,0.3333333333333333,0.3333333333333333
2024-10-31 18:30:00+00:00,0.3333333333333333,0.3333333333333333,0.3333333333333333
2024-10-31 18:40:00+00:00,0.3333333333333333,0.3333333333333333,0.3333333333333333
2024-10-31 18:50:00+00:00,0.3333333333333333,0.3333333333333333,0.3333333333333333
2024-10-31 19:00:00+00:00,0.3333333333333333,0.3333333333333333,0.3333333333333333
2024-10-31 19:10:00+00:00,0.3333333333333333,0.3333333333333333,0.3333333333333333
2024-10-31 19:20:00+00:00,0.3333333333333333,0.3333333333333333,0.3333333333333333
2024-10-31 19:30:00+00:00,0.3333333333333333,0.3333333333333333,0.3333333333333333
2024-10-31 19:40:00+00:00,0.3333333333333333,0.3333333333333333,0.3333333333333333
2024-10-31 19:50:00+00:00,0.3333333333333333,0.3333333333333333,0.3333333333333333
2024-10-31 20:00:00+00:00,0.3333333333333333,0.3333333333333333,0.3333333333333333
2024-10-31 20:10:00+00:00,0.3333333333333333,0.3333333333333333,0.3333333333333333
2024-10-31 20:20:00+00:00,0.3333333333333333,0.3333333333333333,0.3333333333333333
2024-10-31 20:30:00+00:00,0.3333333333333333,0.3333333333333333,0.3333333333333333
2024-10-31 20:40:00+00:00,0.3333333333333333,0.3333333333333333,0.3333333333333333
2024-10-31 20:50:00+00:00,0.3333333333333333,0.3333333333333333,0.3333333333333333
2024-10-31 21:00:00+00:00,0.3333333333333333,0.3333333333333333,0.3333333333333333
2024-10-31 21:10:00+00:00,0.3333333333333333,0.3333333333333333,0.3333333333333333
2024-10-31 21:20:00+00:00,0.3333333333333333,0.3333333333333333,0.3333333333333333
2024-10-31 21:30:00+00:00,0.3333333333333333,0.3333333333333333,0.3333333333333333
2024-10-31 21:40:00+00:00,0.3333333333333333,0.3333333333333333,0.3333333333333333
2024-10-31 21:50:00+00:00,0.3333333333333333,0.3333333333333333,0.3333333333333333
2024-10-31 22:00:00+00:00,0.3333333333333333,0.3333333333333333,0.3333333333333333
2024-10-31 22:10:00+00:00,0.3333333333333333,0.3333333333333333,0.3333333333333333
2024-10-31 22:20:00+00:00,0.3333333333333333,0.3333333333333333,0.3333333333333333
2024-10-31 22:30:00+00:00,0.3333333333333333,0.3333333333333333,0.3333333333333333
2024-10-31 22:40:00+00:00,0.3333333333333333,0.3333333333333333,0.3333333333333333
2024-10-31 22:50:00+00:00,0.3333333333333333,0.3333333333333333,0.3333333333333333
2024-10-31 23:00:00+00:00,0.3333333333333333,0.3333333333333333,0.3333333333333333
2024-10-31 23:10:00+00:00,0.3333333333333333,0.3333333333333333,0.3333333333333333
2024-10-31 23:20:00+00:00,0.3333333333333333,0.3333333333333333,0.3333333333333333
2024-10-31 23:30:00+00:00,0.3333333333333333,0.3333333333333333,0.3333333333333333
2024-10-31 23:40:00+00:00,0.3333333333333333,0.3333333333333333,0.3333333333333333
2024-10-31 23:50:00+00:00,0.3333333333333333,0.3333333333333333,0.3333333333333333
2024-11-01 00:00:00+00:00,0.3333333333333333,0.3333333333333333,0.3333333333333333
2024-11-01 00:10:00+00:00,0.3333333333333333,0.3333333333333333,0.3333333333333333
2024-11-01 00:20:00+00:00,0.3333333333333333,0.3333333333333333,0.3333333333333333
2024-11-01 00:30:00+00:00,0.3333333333333333,0.3333333333333333,0.3333333333333333
2024-11-01 00:40:00+00:00,0.3333333333333333,0.3333333333333333,0.3333333333333333
2024-11-01 00:50:00+00:00,0.3333333333333333,0.3333333333333333,0.3333333333333333
2024-11-01 01:00:00+00:00,0.3333333333333333,0.3333333333333333,0.3333333333333333
2024-11-01 01:10:00+00:00,0.3333333333333333,0.3333333333333333,0.3333333333333333
2024-11-01 01:20:00+00:00,0.3333333333333333,0.3333333333333333,0.3333333333333333
2024-11-01 01:30:00+00:00,0.3333333333333333,0.3333333333333333,0.3333333333333333
2024-11-01 01:40:00+00:00,0.3333333333333333,0.3333333333333333,0.3333333333333333
2024-11-01 01:50:00+00:00,0.3333333333333333,0.3333333333333333,0.3333333333333333
2024-11-01 02:00:00+00:00,0.3333333333333333,0.3333333333333333,0.3333333333333333
2024-11-01 02:10:00+00:00,0.3333333333333333,0.3333333333333333,0.3333333333333333
2024-11-01 02:20:00+00:00,0.3333333333333333,0.3333333333333333,0.3333333333333333
2024-11-01 02:30:00+00:00,0.3333333333333333,0.3333333333333333,0.3333333333333333
2024-11-01 02:40:00+00:00,0.3333333333333333,0.3333333333333333,0.3333333333333333
2024-11-01 02:50:00+00:00,0.3333333333333333,0.3333333333333333,0.3333333333333333
2024-11-01 03:00:00+00:00,0.3333333333333333,0.3333333333333333,0.3333333333333333
2024-11-01 03:10:00+00:00,0.3333333333333333,0.3333333333333333,0.3333333333333333
2024-11-01 03:20:00+00:00,0.3333333333333333,0.3333333333333333,0.3333333333333333
2024-11-01 03:30:00+00:00,0.3333333333333333,0.3333333333333333,0.3333333333333333
2024-11-01 03:40:00+00:00,0.3333333333333333,0.3333333333333333,0.3333333333333333
2024-11-01 03:50:00+00:00,0.3333333333333333,0.3333333333333333,0.3333333333333333
2024-11-01 04:00:00+00:00,0.3333333333333333,0.3333333333333333,0.3333333333333333
2024-11-01 04:10:00+00:00,0.3333333333333333,0.3333333333333333,0.3333333333333333
2024-11-01 04:20:00+00:00,0.3333333333333333,0.3333333333333333,0.3333333333333333
2024-11-01 04:30:00+00:00,0.3333333333333333,0.3333333333333333,0.3333333333333333
2024-11-01 04:40:00+00:00,0.3333333333333333,0.3333333333333333,0.3333333333333333
2024-11-01 04:50:00+00:00,0.3333333333333333,0.3333333333333333,0.3333333333333333
2024-11-01 05:00:00+00:00,0.3333333333333333,0.3333333333333333,0.3333333333333333
2024-11-01 05:10:00+00:00,0.3333333333333333,0.3333333333333333,0.3333333333333333
2024-11-01 05:20:00+00:00,0.3333333333333333,0.3333333333333333,0.3333333333333333
2024-11-01 05:30:00+00:00,0.3333333333333333,0.3333333333333333,0.3333333333333333
2024-11-01 05:40:00+00:00,0.3333333333333333,0.3333333333333333,0.3333333333333333
2024-11-01 05:50:00+00:00,0.3333333333333333,0.3333333333333333,0.3333333333333333
2024-11-01 06:00:00+00:00,0.3333333333333333,0.3333333333333333,0.3333333333333333
2024-11-01 06:10:00+00:00,0.3333333333333333,0.3333333333333333,0.3333333333333333
2024-11-01 06:20:00+00:00,0.3333333333333333,0.3333333333333333,0.3333333333333333
2024-11-01 06:30:00+00:00,0.3333333333333333,0.3333333333333333,0.3333333333333333
2024-11-01 06:40:00+00:00,0.3333333333333333,0.3333333333333333,0.3333333333333333
2024-11-01 06:50:00+00:00,0.3333333333333333,0.3333333333333333,0.3333333333333333
2024-11-01 07:00:00+00:00,0.3333333333333333,0.3333333333333333,0.3333333333333333
2024-11-01 07:10:00+00:00,0.3333333333333333,0.3333333333333333,0.3333333333333333
2024-11-01 07:20:00+00:00,0.3333333333333333,0.3333333333333333,0.3333333333333333
2024-11-01 07:30:00+00:00,0.3333333333333333,0.3333333333333333,0.3333333333333333
2024-11-01 07:40:00+00:00,0.3333333333333333,0.3333333333333333,0.3333333333333333
2024-11-01 07:50:00+00:00,0.3333333333333333,0.3333333333333333,0.3333333333333333
2024-11-01 08:00:00+00:00,0.3333333333333333,0.3333333333333333,0.3333333333333333
2024-11-01 08:10:00+00:00,0.3333333333333333,0.3333333333333333,0.3333333333333333
2024-11-01 08:20:00+00:00,0.3333333333333333,0.3333333333333333,0.3333333333333333
2024-11-01 08:30:00+00:00,0.3333333333333333,0.3333333333333333,0.3333333333333333
2024-11-01 08:40:00+00:00,0.3333333333333333,0.3333333333333333,0.3333333333333333
2024-11-01 08:50:00+00:00,0.3333333333333333,0.3333333333333333,0.3333333333333333
2024-11-01 09:00:00+00:00,0.3333333333333333,0.3333333333333333,0.3333333333333333
2024-11-01 09:10:00+00:00,0.3333333333333333,0.3333333333333333,0.3333333333333333
2024-11-01 09:20:00+00:00,0.3333333333333333,0.3333333333333333,0.3333333333333333
2024-11-01 09:30:00+00:00,0.3333333333333333,0.3333333333333333,0.3333333333333333
2024-11-01 09:40:00+00:00,0.3333333333333333,0.3333333333333333,0.3333333333333333
2024-11-01 09:50:00+00:00,0.3333333333333333,0.3333333333333333,0.3333333333333333
2024-11-01 10:00:00+00:00,0.3333333333333333,0.3333333333333333,0.3333333333333333
2024-11-01 10:10:00+00:00,0.3333333333333333,0.3333333333333333,0.3333333333333333
2024-11-01 10:20:00+00:00,0.3333333333333333,0.3333333333333333,0.3333333333333333
2024-11-01 10:30:00+00:00,0.3333333333333333,0.3333333333333333,0.3333333333333333
2024-11-01 10:40:00+00:00,0.3333333333333333,0.3333333333333333,0.3333333333333333
2024-11-01 10:50:00+00:00,0.3333333333333333,0.3333333333333333,0.3333333333333333
2024-11-01 11:00:00+00:00,0.3333333333333333,0.3333333333333333,0.3333333333333333
2024-11-01 11:10:00+00:00,0.3333333333333333,0.3333333333333333,0.3333333333333333
2024-11-01 11:20:00+00:00,0.3333333333333333,0.3333333333333333,0.3333333333333333
2024-11-01 11:30:00+00:00,0.3333333333333333,0.3333333333333333,0.3333333333333333
2024-11-01 11:40:00+00:00,0.3333333333333333,0.3333333333333333,0.3333333333333333
2024-11-01 11:50:00+00:00,0.3333333333333333,0.3333333333333333,0.3333333333333333
2024-11-01 12:00:00+00:00,0.3333333333333333,0.3333333333333333,0.3333333333333333
2024-11-01 12:10:00+00:00,0.3333333333333333,0.3333333333333333,0.3333333333333333
2024-11-01 12:20:00+00:00,0.3333333333333333,0.3333333333333333,0.3333333333333333
2024-11-01 12:30:00+00:00,0.3333333333333333,0.3333333333333333,0.3333333333333333
2024-11-01 12:40:00+00:00,0.3333333333333333,0.3333333333333333,0.3333333333333333
2024-11-01 12:50:00+00:00,0.3333333333333333,0.3333333333333333,0.3333333333333333
2024-11-01 13:00:00+00:00,0.3333333333333333,0.3333333333333333,0.3333333333333333
2024-11-01 13:10:00+00:00,0.3333333333333333,0.3333333333333333,0.3333333333333333
2024-11-01 13:20:00+00:00,0.3333333333333333,0.3333333333333333,0.3333333333333333
2024-11-01 13:30:00+00:00,0.3333333333333333,0.3333333333333333,0.3333333333333333
2024-11-01 13:40:00+00:00,0.3333333333333333,0.3333333333333333,0.3333333333333333
2024-11-01 13:50:00+00:00,0.3333333333333333,0.3333333333333333,0.3333333333333333
2024-11-01 14:00:00+00:00,0.3333333333333333,0.3333333333333333,0.3333333333333333
2024-11-01 14:10:00+00:00,0.3333333333333333,0.3333333333333333,0.3333333333333333
2024-11-01 14:20:00+00:00,0.3333333333333333,0.3333333333333333,0.3333333333333333
2024-11-01 14:30:00+00:00,0.3333333333333333,0.3333333333333333,0.3333333333333333
2024-11-01 14:40:00+00:00,0.3333333333333333,0.3333333333333333,0.3333333333333333
2024-11-01 14:50:00+00:00,0.3333333333333333,0.3333333333333333,0.3333333333333333
2024-11-01 15:00:00+00:00,0.3333333333333333,0.3333333333333333,0.3333333333333333
2024-11-01 15:10:00+00:00,0.3333333333333333,0.3333333333333333,0.3333333333333333
2024-11-01 15:20:00+00:00,0.3333333333333333,0.3333333333333333,0.3333333333333333
2024-11-01 15:30:00+00:00,0.3333333333333333,0.3333333333333333,0.3333333333333333
2024-11-01 15:40:00+00:00,0.3333333333333333,0.3333333333333333,0.3333333333333333
2024-11-01 15:50:00+00:00,0.3333333333333333,0.3333333333333333,0.3333333333333333
2024-11-01 16:00:00+00:00,0.3333333333333333,0.3333333333333333,0.3333333333333333
2024-11-01 16:10:00+00:00,0.3333333333333333,0.3333333333333333,0.3333333333333333
2024-11-01 16:20:00+00:00,0.3333333333333333,0.3333333333333333,0.3333333333333333
2024-11-01 16:30:00+00:00,0.3333333333333333,0.3333333333333333,0.3333333333333333
2024-11-01 16:40:00+00:00,0.3333333333333333,0.3333333333333333,0.3333333333333333
2024-11-01 16:50:00+00:00,0.3333333333333333,0.3333333333333333,0.3333333333333333
2024-11-01 17:00:00+00:00,0.3333333333333333,0.3333333333333333,0.3333333333333333
2024-11-01 17:10:00+00:00,0.3333333333333333,0.3333333333333333,0.3333333333333333
2024-11-01 17:20:00+00:00,0.3333333333333333,0.3333333333333333,0.3333333333333333
2024-11-01 17:30:00+00:00,0.3333333333333333,0.3333333333333333,0.3333333333333333
2024-11-01 17:40:00+00:00,0.3333333333333333,0.3333333333333333,0.3333333333333333
2024-11-01 17:50:00+00:00,0.3333333333333333,0.3333333333333333,0.3333333333333333
2024-11-01 18:00:00+00:00,0.3333333333333333,0.3333333333333333,0.3333333333333333
2024-11-01 18:10:00+00:00,0.3333333333333333,0.3333333333333333,0.3333333333333333
2024-11-01 18:20:00+00:00,0.3333333333333333,0.3333333333333333,0.3333333333333333
2024-11-01 18:30:00+00:00,0.3333333333333333,0.3333333333333333,0.3333333333333333
2024-11-01 18:40:00+00:00,0.3333333333333333,0.3333333333333333,0.3333333333333333
2024-11-01 18:50:00+00:00,0.3333333333333333,0.3333333333333333,0.3333333333333333
2024-11-01 19:00:00+00:00,0.3333333333333333,0.3333333333333333,0.3333333333333333
2024-11-01 19:10:00+00:00,0.3333333333333333,0.3333333333333333,0.3333333333333333
2024-11-01 19:20:00+00:00,0.3333333333333333,0.3333333333333333,0.3333333333333333
2024-11-01 19:30:00+00:00,0.3333333333333333,0.3333333333333333,0.3333333333333333
2024-11-01 19:40:00+00:00,0.3333333333333333,0.3333333333333333,0.3333333333333333
2024-11-01 19:50:00+00:00,0.3333333333333333,0.3333333333333333,0.3333333333333333
2024-11-01 20:00:00+00:00,0.3333333333333333,0.3333333333333333,0.3333333333333333
2024-11-01 20:10:00+00:00,0.3333333333333333,0.3333333333333333,0.3333333333333333
2024-11-01 20:20:00+00:00,0.3333333333333333,0.3333333333333333,0.3333333333333333
2024-11-01 20:30:00+00:00,0.3333333333333333,0.3333333333333333,0.3333333333333333
2024-11-01 20:40:00+00:00,0.3333333333333333,0.3333333333333333,0.3333333333333333
2024-11-01 20:50:00+00:00,0.3333333333333333,0.3333333333333333,0.3333333333333333
2024-11-01 21:00:00+00:00,0.3333333333333333,0.3333333333333333,0.3333333333333333
2024-11-01 21:10:00+00:00,0.3333333333333333,0.3333333333333333,0.3333333333333333
2024-11-01 21:20:00+00:00,0.3333333333333333,0.3333333333333333,0.3333333333333333
2024-11-01 21:30:00+00:00,0.3333333333333333,0.3333333333333333,0.3333333333333333
2024-11-01 21:40:00+00:00,0.3333333333333333,0.3333333333333333,0.3333333333333333
2024-11-01 21:50:00+00:00,0.3333333333333333,0.3333333333333333,0.3333333333333333
2024-11-01 22:00:00+00:00,0.3333333333333333,0.3333333333333333,0.3333333333333333
2024-11-01 22:10:00+00:00,0.3333333333333333,0.3333333333333333,0.3333333333333333
2024-11-01 22:20:00+00:00,0.3333333333333333,0.3333333333333333,0.3333333333333333
2024-11-01 22:30:00+00:00,0.3333333333333333,0.3333333333333333,0.3333333333333333
2024-11-01 22:40:00+00:00,0.3333333333333333,0.3333333333333333,0.3333333333333333
2024-11-01 22:50:00+00:00,0.3333333333333333,0.3333333333333333,0.3333333333333333
2024-11-01 23:00:00+00:00,0.3333333333333333,0.3333333333333333,0.3333333333333333
2024-11-01 23:10:00+00:00,0.3333333333333333,0.3333333333333333,0.3333333333333333
2024-11-01 23:20:00+00:00,0.3333333333333333,0.3333333333333333,0.3333333333333333
2024-11-01 23:30:00+00:00,0.3333333333333333,0.3333333333333333,0.3333333333333333
2024-11-01 23:40:00+00:00,0.3333333333333333,0.3333333333333333,0.3333333333333333
2024-11-01 23:50:00+00:00,0.3333333333333333,0.3333333333333333,0.3333333333333333
2024-11-02 00:00:00+00:00,0.3333333333333333,0.3333333333333333,0.3333333333333333
2024-11-02 00:10:00+00:00,0.3333333333333333,0.3333333333333333,0.3333333333333333
2024-11-02 00:20:00+00:00,0.3333333333333333,0.3333333333333333,0.3333333333333333
2024-11-02 00:30:00+00:00,0.3333333333333333,0.3333333333333333,0.3333333333333333
2024-11-02 00:40:00+00:00,0.3333333333333333,0.3333333333333333,0.3333333333333333
2024-11-02 00:50:00+00:00,0.3333333333333333,0.3333333333333333,0.3333333333333333
2024-11-02 01:00:00+00:00,0.3333333333333333,0.3333333333333333,0.3333333333333333
2024-11-02 01:10:00+00:00,0.3333333333333333,0.3333333333333333,0.3333333333333333
2024-11-02 01:20:00+00:00,0.3333333333333333,0.3333333333333333,0.3333333333333333
2024-11-02 01:30:00+00:00,18.0,0.3333333333333333,18.0
2024-11-02 01:40:00+00:00,0.3333333333333333,0.3333333333333333,0.3333333333333333
2024-11-02 01:50:00+00:00,0.3333333333333333,0.3333333333333333,0.3333333333333333
2024-11-02 02:00:00+00:00,26.0,0.3333333333333333,26.0
2024-11-02 02:10:00+00:00,0.3333333333333333,0.3333333333333333,0.3333333333333333
2024-11-02 02:20:00+00:00,0.3333333333333333,0.3333333333333333,0.3333333333333333
2024-11-02 02:30:00+00:00,0.3333333333333333,0.3333333333333333,0.3333333333333333
2024-11-02 02:40:00+00:00,64.0,0.3333333333333333,64.0
2024-11-02 02:50:00+00:00,0.3333333333333333,0.3333333333333333,0.3333333333333333
2024-11-02 03:00:00+00:00,86.0,0.3333333333333333,86.0
2024-11-02 03:10:00+00:00,44.0,0.3333333333333333,44.0
2024-11-02 03:20:00+00:00,144.0,0.3333333333333333,144.0
2024-11-02 03:30:00+00:00,4.0,0.3333333333333333,4.0
2024-11-02 03:40:00+00:00,30.0,0.3333333333333333,30.0
2024-11-02 03:50:00+00:00,58.0,0.3333333333333333,58.0
2024-11-02 04:00:00+00:00,58.0,0.3333333333333333,58.0
2024-11-02 04:10:00+00:00,4.0,0.3333333333333333,4.0
2024-11-02 04:20:00+00:00,132.0,0.3333333333333333,132.0
2024-11-02 04:30:00+00:00,150.0,0.3333333333333333,150.0
2024-11-02 04:40:00+00:00,0.3333333333333333,0.3333333333333333,0.3333333333333333
2024-11-02 04:50:00+00:00,14.0,0.3333333333333333,14.0
2024-11-02 05:00:00+00:00,0.3333333333333333,0.3333333333333333,0.3333333333333333
2024-11-02 05:10:00+00:00,12.0,0.3333333333333333,12.0
2024-11-02 05:20:00+00:00,114.0,0.3333333333333333,114.0
2024-11-02 05:30:00+00:00,0.3333333333333333,0.3333333333333333,0.3333333333333333
2024-11-02 05:40:00+00:00,0.3333333333333333,0.3333333333333333,0.3333333333333333
2024-11-02 05:50:00+00:00,0.3333333333333333,0.3333333333333333,0.3333333333333333
2024-11-02 06:00:00+00:00,0.3333333333333333,0.3333333333333333,0.3333333333333333
2024-11-02 06:10:00+00:00,0.3333333333333333,0.3333333333333333,0.3333333333333333
2024-11-02 06:20:00+00:00,0.3333333333333333,0.3333333333333333,0.3333333333333333
2024-11-02 06:30:00+00:00,0.3333333333333333,0.3333333333333333,0.3333333333333333
2024-11-02 06:40:00+00:00,0.3333333333333333,0.3333333333333333,0.3333333333333333
2024-11-02 06:50:00+00:00,0.3333333333333333,0.3333333333333333,0.3333333333333333
2024-11-02 07:00:00+00:00,0.3333333333333333,0.3333333333333333,0.3333333333333333
2024-11-02 07:10:00+00:00,0.3333333333333333,0.3333333333333333,0.3333333333333333
2024-11-02 07:20:00+00:00,0.3333333333333333,0.3333333333333333,0.3333333333333333
2024-11-02 07:30:00+00:00,0.3333333333333333,0.3333333333333333,0.3333333333333333
2024-11-02 07:40:00+00:00,0.3333333333333333,0.3333333333333333,0.3333333333333333
2024-11-02 07:50:00+00:00,16.0,0.3333333333333333,16.0
2024-11-02 08:00:00+00:00,0.3333333333333333,0.3333333333333333,0.3333333333333333
2024-11-02 08:10:00+00:00,0.3333333333333333,0.3333333333333333,0.3333333333333333
2024-11-02 08:20:00+00:00,0.3333333333333333,0.3333333333333333,0.3333333333333333
2024-11-02 08:30:00+00:00,32.0,0.3333333333333333,32.0
2024-11-02 08:40:00+00:00,0.3333333333333333,0.3333333333333333,0.3333333333333333
2024-11-02 08:50:00+00:00,0.3333333333333333,0.3333333333333333,0.3333333333333333
2024-11-02 09:00:00+00:00,0.3333333333333333,0.3333333333333333,0.3333333333333333
2024-11-02 09:10:00+00:00,0.3333333333333333,0.3333333333333333,0.3333333333333333
2024-11-02 09:20:00+00:00,0.3333333333333333,0.3333333333333333,0.3333333333333333
2024-11-02 09:30:00+00:00,0.3333333333333333,0.3333333333333333,0.3333333333333333
2024-11-02 09:40:00+00:00,0.3333333333333333,0.3333333333333333,0.3333333333333333
2024-11-02 09:50:00+00:00,0.3333333333333333,0.3333333333333333,0.3333333333333333
2024-11-02 10:00:00+00:00,56.0,0.3333333333333333,56.0
2024-11-02 10:10:00+00:00,38.0,0.3333333333333333,38.0
2024-11-02 10:20:00+00:00,0.3333333333333333,0.3333333333333333,0.3333333333333333
2024-11-02 10:30:00+00:00,0.3333333333333333,0.3333333333333333,0.3333333333333333
2024-11-02 10:40:00+00:00,0.3333333333333333,0.3333333333333333,0.3333333333333333
2024-11-02 10:50:00+00:00,0.3333333333333333,0.3333333333333333,0.3333333333333333
2024-11-02 11:00:00+00:00,0.3333333333333333,0.3333333333333333,0.3333333333333333
2024-11-02 11:10:00+00:00,6.0,0.3333333333333333,6.0
2024-11-02 11:20:00+00:00,10.0,0.3333333333333333,10.0
2024-11-02 11:30:00+00:00,0.3333333333333333,0.3333333333333333,0.3333333333333333
2024-11-02 11:40:00+00:00,1302.0,0.3333333333333333,1302.0
2024-11-02 11:50:00+00:00,222.0,0.3333333333333333,222.0
2024-11-02 12:00:00+00:00,0.3333333333333333,0.3333333333333333,0.3333333333333333
2024-11-02 12:10:00+00:00,10.0,0.3333333333333333,10.0
2024-11-02 12:20:00+00:00,0.3333333333333333,0.3333333333333333,0.3333333333333333
2024-11-02 12:30:00+00:00,0.3333333333333333,0.3333333333333333,0.3333333333333333
2024-11-02 12:40:00+00:00,0.3333333333333333,0.3333333333333333,0.3333333333333333
2024-11-02 12:50:00+00:00,0.3333333333333333,0.3333333333333333,0.3333333333333333
2024-11-02 13:00:00+00:00,0.3333333333333333,0.3333333333333333,0.3333333333333333
2024-11-02 13:10:00+00:00,0.3333333333333333,0.3333333333333333,0.3333333333333333
2024-11-02 13:20:00+00:00,0.3333333333333333,0.3333333333333333,0.3333333333333333
2024-11-02 13:30:00+00:00,18.0,0.3333333333333333,18.0
2024-11-02 13:40:00+00:00,0.3333333333333333,0.3333333333333333,0.3333333333333333
2024-11-02 13:50:00+00:00,50.0,0.3333333333333333,50.0
2024-11-02 14:00:00+00:00,54.0,0.3333333333333333,54.0
2024-11-02 14:10:00+00:00,0.3333333333333333,0.3333333333333333,0.3333333333333333
2024-11-02 14:20:00+00:00,564.0,0.3333333333333333,564.0
2024-11-02 14:30:00+00:00,0.3333333333333333,0.3333333333333333,0.3333333333333333
2024-11-02 14:40:00+00:00,0.3333333333333333,0.3333333333333333,0.3333333333333333
2024-11-02 14:50:00+00:00,0.3333333333333333,0.3333333333333333,0.3333333333333333
2024-11-02 15:00:00+00:00,0.3333333333333333,0.3333333333333333,0.3333333333333333
2024-11-02 15:10:00+00:00,0.3333333333333333,0.3333333333333333,0.3333333333333333
2024-11-02 15:20:00+00:00,0.3333333333333333,0.3333333333333333,0.3333333333333333
2024-11-02 15:30:00+00:00,0.3333333333333333,0.3333333333333333,0.3333333333333333
2024-11-02 15:40:00+00:00,0.3333333333333333,0.3333333333333333,0.3333333333333333
2024-11-02 15:50:00+00:00,0.3333333333333333,0.3333333333333333,0.3333333333333333
2024-11-02 16:00:00+00:00,0.3333333333333333,0.3333333333333333,0.3333333333333333
2024-11-02 16:10:00+00:00,0.3333333333333333,0.3333333333333333,0.3333333333333333
2024-11-02 16:20:00+00:00,0.3333333333333333,0.3333333333333333,0.3333333333333333
2024-11-02 16:30:00+00:00,0.3333333333333333,0.3333333333333333,0.3333333333333333
2024-11-02 16:40:00+00:00,0.3333333333333333,0.3333333333333333,0.3333333333333333
2024-11-02 16:50:00+00:00,0.3333333333333333,0.3333333333333333,0.3333333333333333
2024-11-02 17:00:00+00:00,0.3333333333333333,0.3333333333333333,0.3333333333333333
2024-11-02 17:10:00+00:00,0.3333333333333333,0.3333333333333333,0.3333333333333333
2024-11-02 17:20:00+00:00,0.3333333333333333,0.3333333333333333,0.3333333333333333
2024-11-02 17:30:00+00:00,0.3333333333333333,0.3333333333333333,0.3333333333333333
2024-11-02 17:40:00+00:00,0.3333333333333333,0.3333333333333333,0.3333333333333333
2024-11-02 17:50:00+00:00,0.3333333333333333,0.3333333333333333,0.3333333333333333
2024-11-02 18:00:00+00:00,0.3333333333333333,0.3333333333333333,0.3333333333333333
2024-11-02 18:10:00+00:00,0.3333333333333333,0.3333333333333333,0.3333333333333333
2024-11-02 18:20:00+00:00,0.3333333333333333,0.3333333333333333,0.3333333333333333
2024-11-02 18:30:00+00:00,0.3333333333333333,0.3333333333333333,0.3333333333333333
2024-11-02 18:40:00+00:00,0.3333333333333333,0.3333333333333333,0.3333333333333333
2024-11-02 18:50:00+00:00,0.3333333333333333,0.3333333333333333,0.3333333333333333
2024-11-02 19:00:00+00:00,0.3333333333333333,0.3333333333333333,0.3333333333333333
2024-11-02 19:10:00+00:00,0.3333333333333333,0.3333333333333333,0.3333333333333333
2024-11-02 19:20:00+00:00,0.3333333333333333,0.3333333333333333,0.3333333333333333
2024-11-02 19:30:00+00:00,0.3333333333333333,0.3333333333333333,0.3333333333333333
2024-11-02 19:40:00+00:00,0.3333333333333333,0.3333333333333333,0.3333333333333333
2024-11-02 19:50:00+00:00,0.3333333333333333,0.3333333333333333,0.3333333333333333
2024-11-02 20:00:00+00:00,0.3333333333333333,0.3333333333333333,0.3333333333333333
2024-11-02 20:10:00+00:00,0.3333333333333333,0.3333333333333333,0.3333333333333333
2024-11-02 20:20:00+00:00,0.3333333333333333,0.3333333333333333,0.3333333333333333
2024-11-02 20:30:00+00:00,0.3333333333333333,0.3333333333333333,0.3333333333333333
2024-11-02 20:40:00+00:00,0.3333333333333333,0.3333333333333333,0.3333333333333333
2024-11-02 20:50:00+00:00,0.3333333333333333,0.3333333333333333,0.3333333333333333
2024-11-02 21:00:00+00:00,0.3333333333333333,0.3333333333333333,0.3333333333333333
2024-11-02 21:10:00+00:00,0.3333333333333333,0.3333333333333333,0.3333333333333333
2024-11-02 21:20:00+00:00,0.3333333333333333,0.3333333333333333,0.3333333333333333
2024-11-02 21:30:00+00:00,0.3333333333333333,0.3333333333333333,0.3333333333333333
2024-11-02 21:40:00+00:00,0.3333333333333333,0.3333333333333333,0.3333333333333333
2024-11-02 21:50:00+00:00,0.3333333333333333,0.3333333333333333,0.3333333333333333
2024-11-02 22:00:00+00:00,0.3333333333333333,0.3333333333333333,0.3333333333333333
2024-11-02 22:10:00+00:00,0.3333333333333333,0.3333333333333333,0.3333333333333333
2024-11-02 22:20:00+00:00,0.3333333333333333,0.3333333333333333,0.3333333333333333
2024-11-02 22:30:00+00:00,0.3333333333333333,0.3333333333333333,0.3333333333333333
2024-11-02 22:40:00+00:00,0.3333333333333333,0.3333333333333333,0.3333333333333333
2024-11-02 22:50:00+00:00,0.3333333333333333,0.3333333333333333,0.3333333333333333
2024-11-02 23:00:00+00:00,0.3333333333333333,0.3333333333333333,0.3333333333333333
2024-11-02 23:10:00+00:00,0.3333333333333333,0.3333333333333333,0.3333333333333333
2024-11-02 23:20:00+00:00,0.3333333333333333,0.3333333333333333,0.3333333333333333
2024-11-02 23:30:00+00:00,0.3333333333333333,0.3333333333333333,0.3333333333333333
2024-11-02 23:40:00+00:00,0.3333333333333333,0.3333333333333333,0.3333333333333333
2024-11-02 23:50:00+00:00,0.3333333333333333,0.3333333333333333,0.3333333333333333
2024-11-03 00:00:00+00:00,0.3333333333333333,0.3333333333333333,0.3333333333333333
2024-11-03 00:10:00+00:00,0.3333333333333333,0.3333333333333333,0.3333333333333333
2024-11-03 00:20:00+00:00,0.3333333333333333,0.3333333333333333,0.3333333333333333
2024-11-03 00:30:00+00:00,0.3333333333333333,0.3333333333333333,0.3333333333333333
2024-11-03 00:40:00+00:00,0.3333333333333333,0.3333333333333333,0.3333333333333333
2024-11-03 00:50:00+00:00,0.3333333333333333,0.3333333333333333,0.3333333333333333
2024-11-03 01:00:00+00:00,0.3333333333333333,0.3333333333333333,0.3333333333333333
2024-11-03 01:10:00+00:00,68.0,0.3333333333333333,68.0
2024-11-03 01:20:00+00:00,0.3333333333333333,0.3333333333333333,0.3333333333333333
2024-11-03 01:30:00+00:00,0.3333333333333333,0.3333333333333333,0.3333333333333333
2024-11-03 01:40:00+00:00,0.3333333333333333,0.3333333333333333,0.3333333333333333
2024-11-03 01:50:00+00:00,262.0,0.3333333333333333,262.0
2024-11-03 02:00:00+00:00,336.0,0.3333333333333333,336.0
2024-11-03 02:10:00+00:00,32.0,0.3333333333333333,32.0
2024-11-03 02:20:00+00:00,126.0,0.3333333333333333,126.0
2024-11-03 02:30:00+00:00,0.3333333333333333,0.3333333333333333,0.3333333333333333
2024-11-03 02:40:00+00:00,0.3333333333333333,0.3333333333333333,0.3333333333333333
2024-11-03 02:50:00+00:00,0.3333333333333333,0.3333333333333333,0.3333333333333333
2024-11-03 03:00:00+00:00,0.3333333333333333,0.3333333333333333,0.3333333333333333
2024-11-03 03:10:00+00:00,52.0,0.3333333333333333,52.0
2024-11-03 03:20:00+00:00,0.3333333333333333,0.3333333333333333,0.3333333333333333
2024-11-03 03:30:00+00:00,0.3333333333333333,0.3333333333333333,0.3333333333333333
2024-11-03 03:40:00+00:00,0.3333333333333333,0.3333333333333333,0.3333333333333333
2024-11-03 03:50:00+00:00,0.3333333333333333,0.3333333333333333,0.3333333333333333
2024-11-03 04:00:00+00:00,0.3333333333333333,0.3333333333333333,0.3333333333333333
2024-11-03 04:10:00+00:00,0.3333333333333333,0.3333333333333333,0.3333333333333333
2024-11-03 04:20:00+00:00,0.3333333333333333,0.3333333333333333,0.3333333333333333
2024-11-03 04:30:00+00:00,0.3333333333333333,0.3333333333333333,0.3333333333333333
2024-11-03 04:40:00+00:00,0.3333333333333333,0.3333333333333333,0.3333333333333333
2024-11-03 04:50:00+00:00,0.3333333333333333,0.3333333333333333,0.3333333333333333
2024-11-03 05:00:00+00:00,0.3333333333333333,0.3333333333333333,0.3333333333333333
2024-11-03 05:10:00+00:00,0.3333333333333333,0.3333333333333333,0.3333333333333333
2024-11-03 05:20:00+00:00,0.3333333333333333,0.3333333333333333,0.3333333333333333
2024-11-03 05:30:00+00:00,0.3333333333333333,0.3333333333333333,0.3333333333333333
2024-11-03 05:40:00+00:00,0.3333333333333333,0.3333333333333333,0.3333333333333333
2024-11-03 05:50:00+00:00,0.3333333333333333,0.3333333333333333,0.3333333333333333
2024-11-03 06:00:00+00:00,0.3333333333333333,0.3333333333333333,0.3333333333333333
2024-11-03 06:10:00+00:00,0.3333333333333333,0.3333333333333333,0.3333333333333333
2024-11-03 06:20:00+00:00,0.3333333333333333,0.3333333333333333,0.3333333333333333
2024-11-03 06:30:00+00:00,0.3333333333333333,0.3333333333333333,0.3333333333333333
2024-11-03 06:40:00+00:00,0.3333333333333333,0.3333333333333333,0.3333333333333333
2024-11-03 06:50:00+00:00,82.0,0.3333333333333333,82.0
2024-11-03 07:00:00+00:00,0.3333333333333333,0.3333333333333333,0.3333333333333333
2024-11-03 07:10:00+00:00,0.3333333333333333,0.3333333333333333,0.3333333333333333
2024-11-03 07:20:00+00:00,0.3333333333333333,0.3333333333333333,0.3333333333333333
2024-11-03 07:30:00+00:00,0.3333333333333333,0.3333333333333333,0.3333333333333333
2024-11-03 07:40:00+00:00,0.3333333333333333,0.3333333333333333,0.3333333333333333
2024-11-03 07:50:00+00:00,0.3333333333333333,0.3333333333333333,0.3333333333333333
2024-11-03 08:00:00+00:00,24.0,0.3333333333333333,24.0
2024-11-03 08:10:00+00:00,0.3333333333333333,0.3333333333333333,0.3333333333333333
2024-11-03 08:20:00+00:00,50.0,0.3333333333333333,50.0
2024-11-03 08:30:00+00:00,0.3333333333333333,0.3333333333333333,0.3333333333333333
2024-11-03 08:40:00+00:00,0.3333333333333333,0.3333333333333333,0.3333333333333333
2024-11-03 08:50:00+00:00,0.3333333333333333,0.3333333333333333,0.3333333333333333
2024-11-03 09:00:00+00:00,0.3333333333333333,0.3333333333333333,0.3333333333333333
2024-11-03 09:10:00+00:00,0.3333333333333333,0.3333333333333333,0.3333333333333333
2024-11-03 09:20:00+00:00,12.0,12.0,0.3333333333333333
2024-11-03 09:30:00+00:00,0.3333333333333333,0.3333333333333333,0.3333333333333333
2024-11-03 09:40:00+00:00,80.0,0.3333333333333333,80.0
2024-11-03 09:50:00+00:00,0.3333333333333333,0.3333333333333333,0.3333333333333333
2024-11-03 10:00:00+00:00,0.3333333333333333,0.3333333333333333,0.3333333333333333
2024-11-03 10:10:00+00:00,0.3333333333333333,0.3333333333333333,0.3333333333333333
2024-11-03 10:20:00+00:00,0.3333333333333333,0.3333333333333333,0.3333333333333333
2024-11-03 10:30:00+00:00,88.0,0.3333333333333333,88.0
2024-11-03 10:40:00+00:00,0.3333333333333333,0.3333333333333333,0.3333333333333333
2024-11-03 10:50:00+00:00,0.3333333333333333,0.3333333333333333,0.3333333333333333
2024-11-03 11:00:00+00:00,0.3333333333333333,0.3333333333333333,0.3333333333333333
2024-11-03 11:10:00+00:00,0.3333333333333333,0.3333333333333333,0.3333333333333333
2024-11-03 11:20:00+00:00,0.3333333333333333,0.3333333333333333,0.3333333333333333
2024-11-03 11:30:00+00:00,0.3333333333333333,0.3333333333333333,0.3333333333333333
2024-11-03 11:40:00+00:00,0.3333333333333333,0.3333333333333333,0.3333333333333333
2024-11-03 11:50:00+00:00,0.3333333333333333,0.3333333333333333,0.3333333333333333
2024-11-03 12:00:00+00:00,0.3333333333333333,0.3333333333333333,0.3333333333333333
2024-11-03 12:10:00+00:00,0.3333333333333333,0.3333333333333333,0.3333333333333333
2024-11-03 12:20:00+00:00,0.3333333333333333,0.3333333333333333,0.3333333333333333
2024-11-03 12:30:00+00:00,0.3333333333333333,0.3333333333333333,0.3333333333333333
2024-11-03 12:40:00+00:00,0.3333333333333333,0.3333333333333333,0.3333333333333333
2024-11-03 12:50:00+00:00,0.3333333333333333,0.3333333333333333,0.3333333333333333
2024-11-03 13:00:00+00:00,0.3333333333333333,0.3333333333333333,0.3333333333333333
2024-11-03 13:10:00+00:00,0.3333333333333333,0.3333333333333333,0.3333333333333333
2024-11-03 13:20:00+00:00,0.3333333333333333,0.3333333333333333,0.3333333333333333
2024-11-03 13:30:00+00:00,0.3333333333333333,0.3333333333333333,0.3333333333333333
2024-11-03 13:40:00+00:00,0.3333333333333333,0.3333333333333333,0.3333333333333333
2024-11-03 13:50:00+00:00,0.3333333333333333,0.3333333333333333,0.3333333333333333
2024-11-03 14:00:00+00:00,0.3333333333333333,0.3333333333333333,0.3333333333333333
2024-11-03 14:10:00+00:00,0.3333333333333333,0.3333333333333333,0.3333333333333333
2024-11-03 14:20:00+00:00,0.3333333333333333,0.3333333333333333,0.3333333333333333
2024-11-03 14:30:00+00:00,0.3333333333333333,0.3333333333333333,0.3333333333333333
2024-11-03 14:40:00+00:00,0.3333333333333333,0.3333333333333333,0.3333333333333333
2024-11-03 14:50:00+00:00,0.3333333333333333,0.3333333333333333,0.3333333333333333
2024-11-03 15:00:00+00:00,0.3333333333333333,0.3333333333333333,0.3333333333333333
2024-11-03 15:10:00+00:00,0.3333333333333333,0.3333333333333333,0.3333333333333333
2024-11-03 15:20:00+00:00,0.3333333333333333,0.3333333333333333,0.3333333333333333
2024-11-03 15:30:00+00:00,0.3333333333333333,0.3333333333333333,0.3333333333333333
2024-11-03 15:40:00+00:00,0.3333333333333333,0.3333333333333333,0.3333333333333333
2024-11-03 15:50:00+00:00,0.3333333333333333,0.3333333333333333,0.3333333333333333
2024-11-03 16:00:00+00:00,0.3333333333333333,0.3333333333333333,0.3333333333333333
2024-11-03 16:10:00+00:00,0.3333333333333333,0.3333333333333333,0.3333333333333333
2024-11-03 16:20:00+00:00,0.3333333333333333,0.3333333333333333,0.3333333333333333
2024-11-03 16:30:00+00:00,0.3333333333333333,0.3333333333333333,0.3333333333333333
2024-11-03 16:40:00+00:00,0.3333333333333333,0.3333333333333333,0.3333333333333333
2024-11-03 16:50:00+00:00,0.3333333333333333,0.3333333333333333,0.3333333333333333
2024-11-03 17:00:00+00:00,0.3333333333333333,0.3333333333333333,0.3333333333333333
2024-11-03 17:10:00+00:00,0.3333333333333333,0.3333333333333333,0.3333333333333333
2024-11-03 17:20:00+00:00,0.3333333333333333,0.3333333333333333,0.3333333333333333
2024-11-03 17:30:00+00:00,0.3333333333333333,0.3333333333333333,0.3333333333333333
2024-11-03 17:40:00+00:00,0.3333333333333333,0.3333333333333333,0.3333333333333333
2024-11-03 17:50:00+00:00,0.3333333333333333,0.3333333333333333,0.3333333333333333
2024-11-03 18:00:00+00:00,0.3333333333333333,0.3333333333333333,0.3333333333333333
2024-11-03 18:10:00+00:00,0.3333333333333333,0.3333333333333333,0.3333333333333333
2024-11-03 18:20:00+00:00,0.3333333333333333,0.3333333333333333,0.3333333333333333
2024-11-03 18:30:00+00:00,0.3333333333333333,0.3333333333333333,0.3333333333333333
2024-11-03 18:40:00+00:00,0.3333333333333333,0.3333333333333333,0.3333333333333333
2024-11-03 18:50:00+00:00,0.3333333333333333,0.3333333333333333,0.3333333333333333
2024-11-03 19:00:00+00:00,0.3333333333333333,0.3333333333333333,0.3333333333333333
2024-11-03 19:10:00+00:00,0.3333333333333333,0.3333333333333333,0.3333333333333333
2024-11-03 19:20:00+00:00,0.3333333333333333,0.3333333333333333,0.3333333333333333
2024-11-03 19:30:00+00:00,0.3333333333333333,0.3333333333333333,0.3333333333333333
2024-11-03 19:40:00+00:00,0.3333333333333333,0.3333333333333333,0.3333333333333333
2024-11-03 19:50:00+00:00,0.3333333333333333,0.3333333333333333,0.3333333333333333
2024-11-03 20:00:00+00:00,0.3333333333333333,0.3333333333333333,0.3333333333333333
2024-11-03 20:10:00+00:00,0.3333333333333333,0.3333333333333333,0.3333333333333333
2024-11-03 20:20:00+00:00,0.3333333333333333,0.3333333333333333,0.3333333333333333
2024-11-03 20:30:00+00:00,0.3333333333333333,0.3333333333333333,0.3333333333333333
2024-11-03 20:40:00+00:00,0.3333333333333333,0.3333333333333333,0.3333333333333333
2024-11-03 20:50:00+00:00,0.3333333333333333,0.3333333333333333,0.3333333333333333
2024-11-03 21:00:00+00:00,0.3333333333333333,0.3333333333333333,0.3333333333333333
2024-11-03 21:10:00+00:00,0.3333333333333333,0.3333333333333333,0.3333333333333333
2024-11-03 21:20:00+00:00,0.3333333333333333,0.3333333333333333,0.3333333333333333
2024-11-03 21:30:00+00:00,0.3333333333333333,0.3333333333333333,0.3333333333333333
2024-11-03 21:40:00+00:00,0.3333333333333333,0.3333333333333333,0.3333333333333333
2024-11-03 21:50:00+00:00,0.3333333333333333,0.3333333333333333,0.3333333333333333
2024-11-03 22:00:00+00:00,0.3333333333333333,0.3333333333333333,0.3333333333333333
2024-11-03 22:10:00+00:00,0.3333333333333333,0.3333333333333333,0.3333333333333333
2024-11-03 22:20:00+00:00,0.3333333333333333,0.3333333333333333,0.3333333333333333
2024-11-03 22:30:00+00:00,0.3333333333333333,0.3333333333333333,0.3333333333333333
2024-11-03 22:40:00+00:00,0.3333333333333333,0.3333333333333333,0.3333333333333333
2024-11-03 22:50:00+00:00,0.3333333333333333,0.3333333333333333,0.3333333333333333
2024-11-03 23:00:00+00:00,0.3333333333333333,0.3333333333333333,0.3333333333333333
2024-11-03 23:10:00+00:00,0.3333333333333333,0.3333333333333333,0.3333333333333333
2024-11-03 23:20:00+00:00,0.3333333333333333,0.3333333333333333,0.3333333333333333
2024-11-03 23:30:00+00:00,0.3333333333333333,0.3333333333333333,0.3333333333333333
2024-11-03 23:40:00+00:00,0.3333333333333333,0.3333333333333333,0.3333333333333333
2024-11-03 23:50:00+00:00,0.3333333333333333,0.3333333333333333,0.3333333333333333
2024-11-04 00:00:00+00:00,0.3333333333333333,0.3333333333333333,0.3333333333333333
2024-11-04 00:10:00+00:00,0.3333333333333333,0.3333333333333333,0.3333333333333333
2024-11-04 00:20:00+00:00,0.3333333333333333,0.3333333333333333,0.3333333333333333
2024-11-04 00:30:00+00:00,0.3333333333333333,0.3333333333333333,0.3333333333333333
2024-11-04 00:40:00+00:00,0.3333333333333333,0.3333333333333333,0.3333333333333333
2024-11-04 00:50:00+00:00,0.3333333333333333,0.3333333333333333,0.3333333333333333
2024-11-04 01:00:00+00:00,0.3333333333333333,0.3333333333333333,0.3333333333333333
2024-11-04 01:10:00+00:00,0.3333333333333333,0.3333333333333333,0.3333333333333333
2024-11-04 01:20:00+00:00,0.3333333333333333,0.3333333333333333,0.3333333333333333
2024-11-04 01:30:00+00:00,46.0,0.3333333333333333,46.0
2024-11-04 01:40:00+00:00,0.3333333333333333,0.3333333333333333,0.3333333333333333
2024-11-04 01:50:00+00:00,0.3333333333333333,0.3333333333333333,0.3333333333333333
2024-11-04 02:00:00+00:00,262.0,0.3333333333333333,262.0
2024-11-04 02:10:00+00:00,1708.0,0.3333333333333333,1708.0
2024-11-04 02:20:00+00:00,242.0,0.3333333333333333,242.0
2024-11-04 02:30:00+00:00,282.0,0.3333333333333333,282.0
2024-11-04 02:40:00+00:00,54.0,0.3333333333333333,54.0
2024-11-04 02:50:00+00:00,0.3333333333333333,0.3333333333333333,0.3333333333333333
2024-11-04 03:00:00+00:00,0.3333333333333333,0.3333333333333333,0.3333333333333333
2024-11-04 03:10:00+00:00,0.3333333333333333,0.3333333333333333,0.3333333333333333
2024-11-04 03:20:00+00:00,0.3333333333333333,0.3333333333333333,0.3333333333333333
2024-11-04 03:30:00+00:00,14.0,0.3333333333333333,14.0
2024-11-04 03:40:00+00:00,78.0,0.3333333333333333,78.0
2024-11-04 03:50:00+00:00,86.0,0.3333333333333333,86.0
2024-11-04 04:00:00+00:00,2.0,2.0,0.3333333333333333
2024-11-04 04:10:00+00:00,26.0,0.3333333333333333,26.0
2024-11-04 04:20:00+00:00,6.0,0.3333333333333333,6.0
2024-11-04 04:30:00+00:00,32.0,0.3333333333333333,32.0
2024-11-04 04:40:00+00:00,18.0,0.3333333333333333,18.0
2024-11-04 04:50:00+00:00,26.0,0.3333333333333333,26.0
2024-11-04 05:00:00+00:00,50.0,0.3333333333333333,50.0
2024-11-04 05:10:00+00:00,0.3333333333333333,0.3333333333333333,0.3333333333333333
2024-11-04 05:20:00+00:00,22.0,0.3333333333333333,22.0
2024-11-04 05:30:00+00:00,52.0,0.3333333333333333,52.0
2024-11-04 05:40:00+00:00,20.0,0.3333333333333333,20.0
2024-11-04 05:50:00+00:00,0.3333333333333333,0.3333333333333333,0.3333333333333333
2024-11-04 06:00:00+00:00,0.3333333333333333,0.3333333333333333,0.3333333333333333
2024-11-04 06:10:00+00:00,0.3333333333333333,0.3333333333333333,0.3333333333333333
2024-11-04 06:20:00+00:00,0.3333333333333333,0.3333333333333333,0.3333333333333333
2024-11-04 06:30:00+00:00,134.0,0.3333333333333333,134.0
2024-11-04 06:40:00+00:00,212.0,0.3333333333333333,212.0
2024-11-04 06:50:00+00:00,330.0,0.3333333333333333,330.0
2024-11-04 07:00:00+00:00,116.0,0.3333333333333333,116.0
2024-11-04 07:10:00+00:00,330.0,0.3333333333333333,330.0
2024-11-04 07:20:00+00:00,710.0,0.3333333333333333,710.0
2024-11-04 07:30:00+00:00,864.0,0.3333333333333333,864.0
2024-11-04 07:40:00+00:00,322.0,0.3333333333333333,322.0
2024-11-04 07:50:00+00:00,982.0,0.3333333333333333,982.0
2024-11-04 08:00:00+00:00,738.0,0.3333333333333333,738.0
2024-11-04 08:10:00+00:00,746.0,0.3333333333333333,746.0
2024-11-04 08:20:00+00:00,1216.0,0.3333333333333333,1216.0
2024-11-04 08:30:00+00:00,1406.0,0.3333333333333333,1406.0
2024-11-04 08:40:00+00:00,2504.0,0.3333333333333333,2504.0
2024-11-04 08:50:00+00:00,2892.0,2.0,2890.0
2024-11-04 09:00:00+00:00,2066.0,12.0,2054.0
2024-11-04 09:10:00+00:00,2964.0,0.3333333333333333,2964.0
2024-11-04 09:20:00+00:00,2180.0,0.3333333333333333,2180.0
2024-11-04 09:30:00+00:00,1508.0,0.3333333333333333,1508.0
2024-11-04 09:40:00+00:00,1144.0,0.3333333333333333,1144.0
2024-11-04 09:50:00+00:00,1606.0,0.3333333333333333,1606.0
2024-11-04 10:00:00+00:00,718.0,0.3333333333333333,718.0
2024-11-04 10:10:00+00:00,208.0,0.3333333333333333,208.0
2024-11-04 10:20:00+00:00,0.3333333333333333,0.3333333333333333,0.3333333333333333
2024-11-04 10:30:00+00:00,1102.0,0.3333333333333333,1102.0
2024-11-04 10:40:00+00:00,1098.0,0.3333333333333333,1098.0
2024-11-04 10:50:00+00:00,744.0,0.3333333333333333,744.0
2024-11-04 11:00:00+00:00,774.0,0.3333333333333333,774.0
2024-11-04 11:10:00+00:00,584.0,0.3333333333333333,584.0
2024-11-04 11:20:00+00:00,478.0,0.3333333333333333,478.0
2024-11-04 11:30:00+00:00,1116.0,0.3333333333333333,1116.0
2024-11-04 11:40:00+00:00,466.0,0.3333333333333333,466.0
2024-11-04 11:50:00+00:00,450.0,0.3333333333333333,450.0
2024-11-04 12:00:00+00:00,344.0,0.3333333333333333,344.0
2024-11-04 12:10:00+00:00,1100.0,0.3333333333333333,1100.0
2024-11-04 12:20:00+00:00,2604.0,0.3333333333333333,2604.0
2024-11-04 12:30:00+00:00,2600.0,0.3333333333333333,2600.0
2024-11-04 12:40:00+00:00,1712.0,0.3333333333333333,1712.0
2024-11-04 12:50:00+00:00,0.3333333333333333,0.3333333333333333,0.3333333333333333
2024-11-04 13:00:00+00:00,990.0,0.3333333333333333,990.0
2024-11-04 13:10:00+00:00,1900.0,0.3333333333333333,1900.0
2024-11-04 13:20:00+00:00,1370.0,0.3333333333333333,1370.0
2024-11-04 13:30:00+00:00,1606.0,0.3333333333333333,1606.0
2024-11-04 13:40:00+00:00,1710.0,0.3333333333333333,1710.0
2024-11-04 13:50:00+00:00,1500.0,0.3333333333333333,1500.0
2024-11-04 14:00:00+00:00,1164.0,0.3333333333333333,1164.0
2024-11-04 14:10:00+00:00,604.0,0.3333333333333333,604.0
2024-11-04 14:20:00+00:00,0.3333333333333333,0.3333333333333333,0.3333333333333333
2024-11-04 14:30:00+00:00,0.3333333333333333,0.3333333333333333,0.3333333333333333
2024-11-04 14:40:00+00:00,0.3333333333333333,0.3333333333333333,0.3333333333333333
2024-11-04 14:50:00+00:00,0.3333333333333333,0.3333333333333333,0.3333333333333333
2024-11-04 15:00:00+00:00,0.3333333333333333,0.3333333333333333,0.3333333333333333
2024-11-04 15:10:00+00:00,0.3333333333333333,0.3333333333333333,0.3333333333333333
2024-11-04 15:20:00+00:00,0.3333333333333333,0.3333333333333333,0.3333333333333333
2024-11-04 15:30:00+00:00,0.3333333333333333,0.3333333333333333,0.3333333333333333
2024-11-04 15:40:00+00:00,0.3333333333333333,0.3333333333333333,0.3333333333333333
2024-11-04 15:50:00+00:00,0.3333333333333333,0.3333333333333333,0.3333333333333333
2024-11-04 16:00:00+00:00,0.3333333333333333,0.3333333333333333,0.3333333333333333
2024-11-04 16:10:00+00:00,0.3333333333333333,0.3333333333333333,0.3333333333333333
2024-11-04 16:20:00+00:00,0.3333333333333333,0.3333333333333333,0.3333333333333333
2024-11-04 16:30:00+00:00,0.3333333333333333,0.3333333333333333,0.3333333333333333
2024-11-04 16:40:00+00:00,0.3333333333333333,0.3333333333333333,0.3333333333333333
2024-11-04 16:50:00+00:00,0.3333333333333333,0.3333333333333333,0.3333333333333333
2024-11-04 17:00:00+00:00,0.3333333333333333,0.3333333333333333,0.3333333333333333
2024-11-04 17:10:00+00:00,0.3333333333333333,0.3333333333333333,0.3333333333333333
2024-11-04 17:20:00+00:00,0.3333333333333333,0.3333333333333333,0.3333333333333333
2024-11-04 17:30:00+00:00,0.3333333333333333,0.3333333333333333,0.3333333333333333
2024-11-04 17:40:00+00:00,0.3333333333333333,0.3333333333333333,0.3333333333333333
2024-11-04 17:50:00+00:00,0.3333333333333333,0.3333333333333333,0.3333333333333333
2024-11-04 18:00:00+00:00,0.3333333333333333,0.3333333333333333,0.3333333333333333
2024-11-04 18:10:00+00:00,0.3333333333333333,0.3333333333333333,0.3333333333333333
2024-11-04 18:20:00+00:00,0.3333333333333333,0.3333333333333333,0.3333333333333333
2024-11-04 18:30:00+00:00,0.3333333333333333,0.3333333333333333,0.3333333333333333
2024-11-04 18:40:00+00:00,0.3333333333333333,0.3333333333333333,0.3333333333333333
2024-11-04 18:50:00+00:00,0.3333333333333333,0.3333333333333333,0.3333333333333333
2024-11-04 19:00:00+00:00,0.3333333333333333,0.3333333333333333,0.3333333333333333
2024-11-04 19:10:00+00:00,0.3333333333333333,0.3333333333333333,0.3333333333333333
2024-11-04 19:20:00+00:00,0.3333333333333333,0.3333333333333333,0.3333333333333333
2024-11-04 19:30:00+00:00,0.3333333333333333,0.3333333333333333,0.3333333333333333
2024-11-04 19:40:00+00:00,0.3333333333333333,0.3333333333333333,0.3333333333333333
2024-11-04 19:50:00+00:00,0.3333333333333333,0.3333333333333333,0.3333333333333333
2024-11-04 20:00:00+00:00,0.3333333333333333,0.3333333333333333,0.3333333333333333
2024-11-04 20:10:00+00:00,0.3333333333333333,0.3333333333333333,0.3333333333333333
2024-11-04 20:20:00+00:00,0.3333333333333333,0.3333333333333333,0.3333333333333333
2024-11-04 20:30:00+00:00,0.3333333333333333,0.3333333333333333,0.3333333333333333
2024-11-04 20:40:00+00:00,0.3333333333333333,0.3333333333333333,0.3333333333333333
2024-11-04 20:50:00+00:00,0.3333333333333333,0.3333333333333333,0.3333333333333333
2024-11-04 21:00:00+00:00,0.3333333333333333,0.3333333333333333,0.3333333333333333
2024-11-04 21:10:00+00:00,0.3333333333333333,0.3333333333333333,0.3333333333333333
2024-11-04 21:20:00+00:00,0.3333333333333333,0.3333333333333333,0.3333333333333333
2024-11-04 21:30:00+00:00,0.3333333333333333,0.3333333333333333,0.3333333333333333
2024-11-04 21:40:00+00:00,0.3333333333333333,0.3333333333333333,0.3333333333333333
2024-11-04 21:50:00+00:00,0.3333333333333333,0.3333333333333333,0.3333333333333333
2024-11-04 22:00:00+00:00,0.3333333333333333,0.3333333333333333,0.3333333333333333
2024-11-04 22:10:00+00:00,0.3333333333333333,0.3333333333333333,0.3333333333333333
2024-11-04 22:20:00+00:00,0.3333333333333333,0.3333333333333333,0.3333333333333333
2024-11-04 22:30:00+00:00,0.3333333333333333,0.3333333333333333,0.3333333333333333
2024-11-04 22:40:00+00:00,0.3333333333333333,0.3333333333333333,0.3333333333333333
2024-11-04 22:50:00+00:00,0.3333333333333333,0.3333333333333333,0.3333333333333333
2024-11-04 23:00:00+00:00,0.3333333333333333,0.3333333333333333,0.3333333333333333
2024-11-04 23:10:00+00:00,0.3333333333333333,0.3333333333333333,0.3333333333333333
2024-11-04 23:20:00+00:00,0.3333333333333333,0.3333333333333333,0.3333333333333333
2024-11-04 23:30:00+00:00,0.3333333333333333,0.3333333333333333,0.3333333333333333
2024-11-04 23:40:00+00:00,0.3333333333333333,0.3333333333333333,0.3333333333333333
2024-11-04 23:50:00+00:00,0.3333333333333333,0.3333333333333333,0.3333333333333333
2024-11-05 00:00:00+00:00,0.3333333333333333,0.3333333333333333,0.3333333333333333
2024-11-05 00:10:00+00:00,0.3333333333333333,0.3333333333333333,0.3333333333333333
2024-11-05 00:20:00+00:00,0.3333333333333333,0.3333333333333333,0.3333333333333333
2024-11-05 00:30:00+00:00,0.3333333333333333,0.3333333333333333,0.3333333333333333
2024-11-05 00:40:00+00:00,0.3333333333333333,0.3333333333333333,0.3333333333333333
2024-11-05 00:50:00+00:00,0.3333333333333333,0.3333333333333333,0.3333333333333333
2024-11-05 01:00:00+00:00,0.3333333333333333,0.3333333333333333,0.3333333333333333
2024-11-05 01:10:00+00:00,20.0,20.0,0.3333333333333333
2024-11-05 01:20:00+00:00,0.3333333333333333,0.3333333333333333,0.3333333333333333
2024-11-05 01:30:00+00:00,20.0,0.3333333333333333,20.0
2024-11-05 01:40:00+00:00,0.3333333333333333,0.3333333333333333,0.3333333333333333
2024-11-05 01:50:00+00:00,0.0,0.0,0.0
