KMEANS_CLASSES,peak_frequency,SNR,start_time,end_time,low_freq,high_freq,event,class,class_prob,det_prob,individual,sampling_rate,input_file,Recover Folder,SD Card,Site name
LF,22080.0,2.160076804734698,150.8315,150.839,17734.0,32487.0,Echolocation,Plecotus austriacus,0.11,0.232,-1,192000.0,/mnt/ubna_data_05/recover-20250317/UBNA_026/20250310_164000.WAV,recover-20250317,UBNA_026,Central Pond
HF,45120.0,2.9735113818701695,159.5495,159.5533,43515.0,57427.0,Echolocation,Myotis daubentonii,0.059,0.237,-1,192000.0,/mnt/ubna_data_05/recover-20250317/UBNA_026/20250310_164000.WAV,recover-20250317,UBNA_026,Central Pond
HF,52800.0,2.4290550359400904,173.9275,173.9376,52968.0,56071.0,Echolocation,Pipistrellus pygmaeus,0.18,0.21,-1,192000.0,/mnt/ubna_data_05/recover-20250317/UBNA_026/20250310_164000.WAV,recover-20250317,UBNA_026,Central Pond
LF,20160.0,2.1658570364010368,235.9735,235.9794,14296.0,28863.0,Echolocation,Plecotus auritus,0.19,0.223,-1,192000.0,/mnt/ubna_data_05/recover-20250317/UBNA_026/20250310_164000.WAV,recover-20250317,UBNA_026,Central Pond
LF,24960.0,2.1951612444401603,7.5325,7.5437,23750.0,28752.0,Echolocation,Eptesicus serotinus,0.093,0.208,-1,192000.0,/mnt/ubna_data_05/recover-20250317/UBNA_026/20250310_165000.WAV,recover-20250317,UBNA_026,Central Pond
HF,59520.0,0.9515969837827981,12.0415,12.0532,58125.0,64901.0,Echolocation,Pipistrellus pygmaeus,0.188,0.217,-1,192000.0,/mnt/ubna_data_05/recover-20250317/UBNA_026/20250310_165000.WAV,recover-20250317,UBNA_026,Central Pond
HF,39360.0,2.9661479763626044,24.0255,24.029,25468.0,52326.0,Echolocation,Myotis nattereri,0.144,0.21,-1,192000.0,/mnt/ubna_data_05/recover-20250317/UBNA_026/20250310_165000.WAV,recover-20250317,UBNA_026,Central Pond
HF,61440.0,-3.0488563847010375,28.0095,28.0201,62421.0,68364.0,Echolocation,Pipistrellus pygmaeus,0.228,0.232,-1,192000.0,/mnt/ubna_data_05/recover-20250317/UBNA_026/20250310_165000.WAV,recover-20250317,UBNA_026,Central Pond
LF,22080.0,6.621039495944695,32.8745,32.8803,19453.0,39604.0,Echolocation,Myotis nattereri,0.109,0.203,-1,192000.0,/mnt/ubna_data_05/recover-20250317/UBNA_026/20250310_165000.WAV,recover-20250317,UBNA_026,Central Pond
HF,47040.0,12.013734623789073,119.6225,119.6324,46953.0,50169.0,Echolocation,Pipistrellus pipistrellus,0.188,0.311,-1,192000.0,/mnt/ubna_data_05/recover-20250317/UBNA_026/20250310_165000.WAV,recover-20250317,UBNA_026,Central Pond
HF,48000.0,13.079178703913225,120.1745,120.1876,46953.0,49844.0,Echolocation,Pipistrellus pipistrellus,0.215,0.266,-1,192000.0,/mnt/ubna_data_05/recover-20250317/UBNA_026/20250310_165000.WAV,recover-20250317,UBNA_026,Central Pond
LF,19200.0,-6.167589503278613,124.5315,124.55799999999999,18593.0,21197.0,Echolocation,Nyctalus noctula,0.206,0.3,-1,192000.0,/mnt/ubna_data_05/recover-20250317/UBNA_026/20250310_165000.WAV,recover-20250317,UBNA_026,Central Pond
LF,24000.0,4.085741802614911,126.8375,126.8424,22031.0,51683.0,Echolocation,Myotis nattereri,0.358,0.394,-1,192000.0,/mnt/ubna_data_05/recover-20250317/UBNA_026/20250310_165000.WAV,recover-20250317,UBNA_026,Central Pond
LF,20160.0,4.709199052854117,136.1215,136.1283,18593.0,29417.0,Echolocation,Plecotus austriacus,0.17,0.221,-1,192000.0,/mnt/ubna_data_05/recover-20250317/UBNA_026/20250310_165000.WAV,recover-20250317,UBNA_026,Central Pond
LF,23040.0,1.5343910315740512,136.47050000000002,136.4762,24609.0,33889.0,Echolocation,Plecotus austriacus,0.132,0.231,-1,192000.0,/mnt/ubna_data_05/recover-20250317/UBNA_026/20250310_165000.WAV,recover-20250317,UBNA_026,Central Pond
LF,26880.0,3.0502424574689346,138.0705,138.0735,25468.0,49344.0,Echolocation,Myotis nattereri,0.281,0.386,-1,192000.0,/mnt/ubna_data_05/recover-20250317/UBNA_026/20250310_165000.WAV,recover-20250317,UBNA_026,Central Pond
HF,59520.0,1.2296399393112916,138.5615,138.5661,58125.0,63340.0,Echolocation,Pipistrellus pygmaeus,0.245,0.25,-1,192000.0,/mnt/ubna_data_05/recover-20250317/UBNA_026/20250310_165000.WAV,recover-20250317,UBNA_026,Central Pond
LF,25920.0,1.9012935287763941,139.8005,139.8068,22890.0,40259.0,Echolocation,Myotis nattereri,0.152,0.24,-1,192000.0,/mnt/ubna_data_05/recover-20250317/UBNA_026/20250310_165000.WAV,recover-20250317,UBNA_026,Central Pond
HF,51840.0,3.2246839602613706,140.0125,140.0178,50390.0,55561.0,Echolocation,Pipistrellus pipistrellus,0.295,0.358,-1,192000.0,/mnt/ubna_data_05/recover-20250317/UBNA_026/20250310_165000.WAV,recover-20250317,UBNA_026,Central Pond
HF,47040.0,-1.2502572778494172,140.2015,140.2069,45234.0,63908.0,Echolocation,Pipistrellus pipistrellus,0.141,0.238,-1,192000.0,/mnt/ubna_data_05/recover-20250317/UBNA_026/20250310_165000.WAV,recover-20250317,UBNA_026,Central Pond
HF,45120.0,-4.392767590183009,140.3355,140.3417,44375.0,54726.0,Echolocation,Pipistrellus pipistrellus,0.252,0.266,-1,192000.0,/mnt/ubna_data_05/recover-20250317/UBNA_026/20250310_165000.WAV,recover-20250317,UBNA_026,Central Pond
HF,52800.0,-0.16781356147543425,141.0515,141.0576,51250.0,60447.0,Echolocation,Pipistrellus pipistrellus,0.149,0.2,-1,192000.0,/mnt/ubna_data_05/recover-20250317/UBNA_026/20250310_165000.WAV,recover-20250317,UBNA_026,Central Pond
HF,51840.0,3.8901512721472025,141.4795,141.4858,50390.0,60626.0,Echolocation,Pipistrellus pipistrellus,0.177,0.202,-1,192000.0,/mnt/ubna_data_05/recover-20250317/UBNA_026/20250310_165000.WAV,recover-20250317,UBNA_026,Central Pond
HF,53760.0,9.859989118420541,141.8755,141.8815,51250.0,56152.0,Echolocation,Pipistrellus pipistrellus,0.196,0.209,-1,192000.0,/mnt/ubna_data_05/recover-20250317/UBNA_026/20250310_165000.WAV,recover-20250317,UBNA_026,Central Pond
HF,49920.0,4.81489602095402,149.0105,149.0159,48671.0,58880.0,Echolocation,Pipistrellus pipistrellus,0.229,0.234,-1,192000.0,/mnt/ubna_data_05/recover-20250317/UBNA_026/20250310_165000.WAV,recover-20250317,UBNA_026,Central Pond
HF,44160.0,4.021003014407684,149.2735,149.2778,37500.0,57042.0,Echolocation,Myotis daubentonii,0.171,0.213,-1,192000.0,/mnt/ubna_data_05/recover-20250317/UBNA_026/20250310_165000.WAV,recover-20250317,UBNA_026,Central Pond
LF,24000.0,5.449050732865354,149.4555,149.4623,21171.0,51700.0,Echolocation,Myotis nattereri,0.191,0.208,-1,192000.0,/mnt/ubna_data_05/recover-20250317/UBNA_026/20250310_165000.WAV,recover-20250317,UBNA_026,Central Pond
HF,43200.0,-4.839480385966532,149.7295,149.7357,42656.0,49300.0,Echolocation,Pipistrellus pipistrellus,0.239,0.256,-1,192000.0,/mnt/ubna_data_05/recover-20250317/UBNA_026/20250310_165000.WAV,recover-20250317,UBNA_026,Central Pond
LF,21120.0,-1.1762417474919737,149.9135,149.9202,21171.0,29667.0,Echolocation,Plecotus austriacus,0.118,0.222,-1,192000.0,/mnt/ubna_data_05/recover-20250317/UBNA_026/20250310_165000.WAV,recover-20250317,UBNA_026,Central Pond
HF,46080.0,3.549113984243744,151.5635,151.568,27187.0,65832.0,Echolocation,Myotis nattereri,0.135,0.216,-1,192000.0,/mnt/ubna_data_05/recover-20250317/UBNA_026/20250310_165000.WAV,recover-20250317,UBNA_026,Central Pond
LF,24960.0,-2.1377183251356744,151.5935,151.5993,22890.0,51757.0,Echolocation,Myotis nattereri,0.19,0.217,-1,192000.0,/mnt/ubna_data_05/recover-20250317/UBNA_026/20250310_165000.WAV,recover-20250317,UBNA_026,Central Pond
HF,47040.0,-8.02859895423557,165.3365,165.342,43515.0,48838.0,Echolocation,Pipistrellus pipistrellus,0.188,0.206,-1,192000.0,/mnt/ubna_data_05/recover-20250317/UBNA_026/20250310_165000.WAV,recover-20250317,UBNA_026,Central Pond
HF,46080.0,2.0941705396369663,176.8255,176.8308,24609.0,60163.0,Echolocation,Myotis nattereri,0.161,0.22,-1,192000.0,/mnt/ubna_data_05/recover-20250317/UBNA_026/20250310_165000.WAV,recover-20250317,UBNA_026,Central Pond
LF,23040.0,0.5101322896899179,179.1635,179.1675,22890.0,47811.0,Echolocation,Myotis nattereri,0.214,0.259,-1,192000.0,/mnt/ubna_data_05/recover-20250317/UBNA_026/20250310_165000.WAV,recover-20250317,UBNA_026,Central Pond
HF,81600.0,-2.297974769400956,181.5495,181.5586,80468.0,93723.0,Echolocation,Pipistrellus pygmaeus,0.21,0.214,-1,192000.0,/mnt/ubna_data_05/recover-20250317/UBNA_026/20250310_165000.WAV,recover-20250317,UBNA_026,Central Pond
HF,48000.0,4.565200145525496,181.6915,181.6955,25468.0,53534.0,Echolocation,Myotis nattereri,0.164,0.205,-1,192000.0,/mnt/ubna_data_05/recover-20250317/UBNA_026/20250310_165000.WAV,recover-20250317,UBNA_026,Central Pond
HF,48960.0,4.753835588190224,182.0445,182.0497,48671.0,58093.0,Echolocation,Pipistrellus pipistrellus,0.297,0.341,-1,192000.0,/mnt/ubna_data_05/recover-20250317/UBNA_026/20250310_165000.WAV,recover-20250317,UBNA_026,Central Pond
HF,44160.0,3.5511020747782975,186.0075,186.0119,40937.0,78382.0,Echolocation,Myotis mystacinus,0.102,0.205,-1,192000.0,/mnt/ubna_data_05/recover-20250317/UBNA_026/20250310_165000.WAV,recover-20250317,UBNA_026,Central Pond
LF,21120.0,13.020477135863256,189.30349999999999,189.3086,18593.0,36776.0,Echolocation,Plecotus austriacus,0.277,0.345,-1,192000.0,/mnt/ubna_data_05/recover-20250317/UBNA_026/20250310_165000.WAV,recover-20250317,UBNA_026,Central Pond
HF,46080.0,8.715146477494562,190.6765,190.6818,19453.0,75708.0,Echolocation,Myotis nattereri,0.289,0.297,-1,192000.0,/mnt/ubna_data_05/recover-20250317/UBNA_026/20250310_165000.WAV,recover-20250317,UBNA_026,Central Pond
HF,48960.0,3.284069490479837,191.2365,191.2421,47812.0,56223.0,Echolocation,Pipistrellus pipistrellus,0.304,0.313,-1,192000.0,/mnt/ubna_data_05/recover-20250317/UBNA_026/20250310_165000.WAV,recover-20250317,UBNA_026,Central Pond
HF,47040.0,4.21494162833355,192.0885,192.0928,27187.0,58487.0,Echolocation,Myotis daubentonii,0.148,0.218,-1,192000.0,/mnt/ubna_data_05/recover-20250317/UBNA_026/20250310_165000.WAV,recover-20250317,UBNA_026,Central Pond
LF,22080.0,1.6622333997775867,195.0395,195.04840000000002,20312.0,29275.0,Echolocation,Plecotus austriacus,0.118,0.209,-1,192000.0,/mnt/ubna_data_05/recover-20250317/UBNA_026/20250310_165000.WAV,recover-20250317,UBNA_026,Central Pond
HF,48960.0,-4.098647471628588,195.1835,195.1899,46953.0,52478.0,Echolocation,Pipistrellus pipistrellus,0.259,0.27,-1,192000.0,/mnt/ubna_data_05/recover-20250317/UBNA_026/20250310_165000.WAV,recover-20250317,UBNA_026,Central Pond
HF,47040.0,-5.886832828299977,195.4955,195.5027,45234.0,53940.0,Echolocation,Pipistrellus pipistrellus,0.248,0.261,-1,192000.0,/mnt/ubna_data_05/recover-20250317/UBNA_026/20250310_165000.WAV,recover-20250317,UBNA_026,Central Pond
LF,24960.0,0.2427015686437774,195.9225,195.9282,23750.0,33257.0,Echolocation,Plecotus austriacus,0.148,0.216,-1,192000.0,/mnt/ubna_data_05/recover-20250317/UBNA_026/20250310_165000.WAV,recover-20250317,UBNA_026,Central Pond
HF,47040.0,9.085654683434019,196.4175,196.4238,18593.0,68160.0,Echolocation,Myotis nattereri,0.228,0.232,-1,192000.0,/mnt/ubna_data_05/recover-20250317/UBNA_026/20250310_165000.WAV,recover-20250317,UBNA_026,Central Pond
HF,46080.0,5.53179427278104,196.6155,196.6223,45234.0,58036.0,Echolocation,Pipistrellus pipistrellus,0.194,0.226,-1,192000.0,/mnt/ubna_data_05/recover-20250317/UBNA_026/20250310_165000.WAV,recover-20250317,UBNA_026,Central Pond
HF,48000.0,-3.6461354144249833,196.8825,196.8878,48671.0,54173.0,Echolocation,Pipistrellus pipistrellus,0.199,0.203,-1,192000.0,/mnt/ubna_data_05/recover-20250317/UBNA_026/20250310_165000.WAV,recover-20250317,UBNA_026,Central Pond
HF,47040.0,-16.643349614514964,196.90449999999998,196.9092,47812.0,62121.0,Echolocation,Pipistrellus pipistrellus,0.341,0.374,-1,192000.0,/mnt/ubna_data_05/recover-20250317/UBNA_026/20250310_165000.WAV,recover-20250317,UBNA_026,Central Pond
LF,25920.0,8.427600934648833,199.29149999999998,199.3033,24609.0,30185.0,Echolocation,Nyctalus leisleri,0.201,0.271,-1,192000.0,/mnt/ubna_data_05/recover-20250317/UBNA_026/20250310_165000.WAV,recover-20250317,UBNA_026,Central Pond
LF,25920.0,1.1996243123683916,199.8525,199.8573,22890.0,48584.0,Echolocation,Myotis nattereri,0.23,0.272,-1,192000.0,/mnt/ubna_data_05/recover-20250317/UBNA_026/20250310_165000.WAV,recover-20250317,UBNA_026,Central Pond
HF,56640.0,1.2348574593913235,199.8655,199.8699,56406.0,62970.0,Echolocation,Pipistrellus pygmaeus,0.211,0.215,-1,192000.0,/mnt/ubna_data_05/recover-20250317/UBNA_026/20250310_165000.WAV,recover-20250317,UBNA_026,Central Pond
LF,22080.0,10.195233597545652,201.4235,201.4287,19453.0,48236.0,Echolocation,Myotis nattereri,0.21,0.247,-1,192000.0,/mnt/ubna_data_05/recover-20250317/UBNA_026/20250310_165000.WAV,recover-20250317,UBNA_026,Central Pond
LF,25920.0,13.105774714898079,203.6405,203.6554,25468.0,28804.0,Echolocation,Nyctalus leisleri,0.416,0.45,-1,192000.0,/mnt/ubna_data_05/recover-20250317/UBNA_026/20250310_165000.WAV,recover-20250317,UBNA_026,Central Pond
LF,25920.0,9.135497638218057,205.6135,205.6274,24609.0,28577.0,Echolocation,Nyctalus leisleri,0.201,0.238,-1,192000.0,/mnt/ubna_data_05/recover-20250317/UBNA_026/20250310_165000.WAV,recover-20250317,UBNA_026,Central Pond
HF,48000.0,4.407347660067786,205.6145,205.6236,46093.0,49714.0,Echolocation,Pipistrellus pipistrellus,0.173,0.202,-1,192000.0,/mnt/ubna_data_05/recover-20250317/UBNA_026/20250310_165000.WAV,recover-20250317,UBNA_026,Central Pond
HF,47040.0,12.595345917890981,205.69650000000001,205.7024,19453.0,78560.0,Echolocation,Myotis nattereri,0.329,0.338,-1,192000.0,/mnt/ubna_data_05/recover-20250317/UBNA_026/20250310_165000.WAV,recover-20250317,UBNA_026,Central Pond
LF,25920.0,5.774319448437467,206.2115,206.2244,26328.0,29263.0,Echolocation,Nyctalus leisleri,0.301,0.377,-1,192000.0,/mnt/ubna_data_05/recover-20250317/UBNA_026/20250310_165000.WAV,recover-20250317,UBNA_026,Central Pond
LF,22080.0,5.834059382282596,208.2875,208.2932,19453.0,53819.0,Echolocation,Myotis nattereri,0.236,0.251,-1,192000.0,/mnt/ubna_data_05/recover-20250317/UBNA_026/20250310_165000.WAV,recover-20250317,UBNA_026,Central Pond
HF,47040.0,0.1843054463706078,208.8405,208.8451,46953.0,58954.0,Echolocation,Pipistrellus pipistrellus,0.16,0.207,-1,192000.0,/mnt/ubna_data_05/recover-20250317/UBNA_026/20250310_165000.WAV,recover-20250317,UBNA_026,Central Pond
HF,48960.0,1.124860584031229,209.6155,209.6212,46953.0,62439.0,Echolocation,Pipistrellus pipistrellus,0.209,0.229,-1,192000.0,/mnt/ubna_data_05/recover-20250317/UBNA_026/20250310_165000.WAV,recover-20250317,UBNA_026,Central Pond
LF,25920.0,11.593486459056537,211.8265,211.8394,24609.0,29721.0,Echolocation,Nyctalus leisleri,0.278,0.309,-1,192000.0,/mnt/ubna_data_05/recover-20250317/UBNA_026/20250310_165000.WAV,recover-20250317,UBNA_026,Central Pond
LF,22080.0,1.7518621746574812,212.2515,212.2562,20312.0,49116.0,Echolocation,Myotis nattereri,0.259,0.289,-1,192000.0,/mnt/ubna_data_05/recover-20250317/UBNA_026/20250310_165000.WAV,recover-20250317,UBNA_026,Central Pond
LF,22080.0,5.368125602944196,212.9785,212.984,19453.0,48327.0,Echolocation,Myotis nattereri,0.192,0.233,-1,192000.0,/mnt/ubna_data_05/recover-20250317/UBNA_026/20250310_165000.WAV,recover-20250317,UBNA_026,Central Pond
HF,44160.0,1.8860984446088158,213.2115,213.2156,26328.0,69398.0,Echolocation,Myotis nattereri,0.152,0.216,-1,192000.0,/mnt/ubna_data_05/recover-20250317/UBNA_026/20250310_165000.WAV,recover-20250317,UBNA_026,Central Pond
HF,48960.0,8.91051817110364,213.5455,213.5517,46953.0,64796.0,Echolocation,Pipistrellus pipistrellus,0.199,0.222,-1,192000.0,/mnt/ubna_data_05/recover-20250317/UBNA_026/20250310_165000.WAV,recover-20250317,UBNA_026,Central Pond
LF,21120.0,6.78532946709452,213.7755,213.7815,19453.0,37144.0,Echolocation,Plecotus austriacus,0.235,0.302,-1,192000.0,/mnt/ubna_data_05/recover-20250317/UBNA_026/20250310_165000.WAV,recover-20250317,UBNA_026,Central Pond
LF,17280.0,0.13394259497921637,214.4785,214.4993,16875.0,19681.0,Echolocation,Nyctalus leisleri,0.121,0.221,-1,192000.0,/mnt/ubna_data_05/recover-20250317/UBNA_026/20250310_165000.WAV,recover-20250317,UBNA_026,Central Pond
LF,19200.0,11.303458723793742,214.8325,214.8529,18593.0,22758.0,Echolocation,Nyctalus noctula,0.225,0.392,-1,192000.0,/mnt/ubna_data_05/recover-20250317/UBNA_026/20250310_165000.WAV,recover-20250317,UBNA_026,Central Pond
HF,47040.0,3.474049224539203,215.2245,215.2286,29765.0,59512.0,Echolocation,Myotis daubentonii,0.165,0.22,-1,192000.0,/mnt/ubna_data_05/recover-20250317/UBNA_026/20250310_165000.WAV,recover-20250317,UBNA_026,Central Pond
HF,48960.0,-4.122974888447773,215.3385,215.3435,46953.0,54762.0,Echolocation,Pipistrellus pipistrellus,0.201,0.219,-1,192000.0,/mnt/ubna_data_05/recover-20250317/UBNA_026/20250310_165000.WAV,recover-20250317,UBNA_026,Central Pond
HF,46080.0,14.187423155595724,215.7425,215.7487,44375.0,56357.0,Echolocation,Pipistrellus pipistrellus,0.252,0.265,-1,192000.0,/mnt/ubna_data_05/recover-20250317/UBNA_026/20250310_165000.WAV,recover-20250317,UBNA_026,Central Pond
HF,45120.0,11.431167030677578,216.8515,216.85660000000001,26328.0,74308.0,Echolocation,Myotis nattereri,0.136,0.204,-1,192000.0,/mnt/ubna_data_05/recover-20250317/UBNA_026/20250310_165000.WAV,recover-20250317,UBNA_026,Central Pond
LF,23040.0,-4.499623240967024,216.9645,216.9703,21171.0,52397.0,Echolocation,Myotis nattereri,0.2,0.224,-1,192000.0,/mnt/ubna_data_05/recover-20250317/UBNA_026/20250310_165000.WAV,recover-20250317,UBNA_026,Central Pond
HF,47040.0,-16.624001794845366,217.3345,217.3402,46093.0,52988.0,Echolocation,Pipistrellus pipistrellus,0.206,0.231,-1,192000.0,/mnt/ubna_data_05/recover-20250317/UBNA_026/20250310_165000.WAV,recover-20250317,UBNA_026,Central Pond
HF,47040.0,3.5696820067494013,218.0165,218.0204,43515.0,53430.0,Echolocation,Pipistrellus pipistrellus,0.072,0.302,-1,192000.0,/mnt/ubna_data_05/recover-20250317/UBNA_026/20250310_165000.WAV,recover-20250317,UBNA_026,Central Pond
HF,48960.0,4.329768892044671,218.2165,218.2207,48671.0,53265.0,Echolocation,Pipistrellus pipistrellus,0.202,0.252,-1,192000.0,/mnt/ubna_data_05/recover-20250317/UBNA_026/20250310_165000.WAV,recover-20250317,UBNA_026,Central Pond
LF,29760.0,2.4447112130655397,218.7645,218.7686,28046.0,44004.0,Echolocation,Myotis daubentonii,0.176,0.231,-1,192000.0,/mnt/ubna_data_05/recover-20250317/UBNA_026/20250310_165000.WAV,recover-20250317,UBNA_026,Central Pond
LF,24960.0,10.091376367241207,219.2385,219.2427,22031.0,50169.0,Echolocation,Myotis nattereri,0.195,0.244,-1,192000.0,/mnt/ubna_data_05/recover-20250317/UBNA_026/20250310_165000.WAV,recover-20250317,UBNA_026,Central Pond
HF,45120.0,-0.323954332700363,219.3325,219.3369,22890.0,71060.0,Echolocation,Myotis nattereri,0.253,0.268,-1,192000.0,/mnt/ubna_data_05/recover-20250317/UBNA_026/20250310_165000.WAV,recover-20250317,UBNA_026,Central Pond
LF,21120.0,9.57898426219495,219.7685,219.7734,19453.0,52477.0,Echolocation,Myotis nattereri,0.264,0.277,-1,192000.0,/mnt/ubna_data_05/recover-20250317/UBNA_026/20250310_165000.WAV,recover-20250317,UBNA_026,Central Pond
HF,47040.0,5.0809623066167555,221.1625,221.168,45234.0,53003.0,Echolocation,Pipistrellus pipistrellus,0.251,0.271,-1,192000.0,/mnt/ubna_data_05/recover-20250317/UBNA_026/20250310_165000.WAV,recover-20250317,UBNA_026,Central Pond
HF,61440.0,22.003111179524062,221.3325,221.3404,58984.0,65065.0,Echolocation,Pipistrellus pygmaeus,0.253,0.254,-1,192000.0,/mnt/ubna_data_05/recover-20250317/UBNA_026/20250310_165000.WAV,recover-20250317,UBNA_026,Central Pond
HF,48000.0,0.5062028882718334,223.4355,223.4418,46093.0,49673.0,Echolocation,Pipistrellus pipistrellus,0.202,0.209,-1,192000.0,/mnt/ubna_data_05/recover-20250317/UBNA_026/20250310_165000.WAV,recover-20250317,UBNA_026,Central Pond
HF,46080.0,4.738437720177016,224.0035,224.0074,26328.0,66029.0,Echolocation,Myotis nattereri,0.241,0.301,-1,192000.0,/mnt/ubna_data_05/recover-20250317/UBNA_026/20250310_165000.WAV,recover-20250317,UBNA_026,Central Pond
LF,25920.0,9.16995348431178,228.79149999999998,228.8055,25468.0,29467.0,Echolocation,Nyctalus leisleri,0.264,0.33,-1,192000.0,/mnt/ubna_data_05/recover-20250317/UBNA_026/20250310_165000.WAV,recover-20250317,UBNA_026,Central Pond
HF,46080.0,10.903833654112114,229.2315,229.2352,37500.0,61495.0,Echolocation,Myotis mystacinus,0.11,0.231,-1,192000.0,/mnt/ubna_data_05/recover-20250317/UBNA_026/20250310_165000.WAV,recover-20250317,UBNA_026,Central Pond
LF,25920.0,9.124932342369622,229.7455,229.758,25468.0,30224.0,Echolocation,Nyctalus leisleri,0.288,0.321,-1,192000.0,/mnt/ubna_data_05/recover-20250317/UBNA_026/20250310_165000.WAV,recover-20250317,UBNA_026,Central Pond
LF,25920.0,14.676355606813123,230.7665,230.7794,24609.0,28735.0,Echolocation,Nyctalus leisleri,0.201,0.242,-1,192000.0,/mnt/ubna_data_05/recover-20250317/UBNA_026/20250310_165000.WAV,recover-20250317,UBNA_026,Central Pond
HF,48000.0,14.732825560582937,232.2415,232.2458,24609.0,69324.0,Echolocation,Myotis nattereri,0.172,0.21,-1,192000.0,/mnt/ubna_data_05/recover-20250317/UBNA_026/20250310_165000.WAV,recover-20250317,UBNA_026,Central Pond
LF,25920.0,0.7116841038707656,234.79149999999998,234.8065,24609.0,28150.0,Echolocation,Nyctalus leisleri,0.233,0.264,-1,192000.0,/mnt/ubna_data_05/recover-20250317/UBNA_026/20250310_165000.WAV,recover-20250317,UBNA_026,Central Pond
LF,20160.0,18.316615567925247,236.8315,236.8519,18593.0,23367.0,Echolocation,Nyctalus noctula,0.183,0.236,-1,192000.0,/mnt/ubna_data_05/recover-20250317/UBNA_026/20250310_165000.WAV,recover-20250317,UBNA_026,Central Pond
HF,46080.0,13.92242884174353,237.0805,237.0866,44375.0,58903.0,Echolocation,Pipistrellus pipistrellus,0.178,0.238,-1,192000.0,/mnt/ubna_data_05/recover-20250317/UBNA_026/20250310_165000.WAV,recover-20250317,UBNA_026,Central Pond
LF,24000.0,8.712091391766615,237.4405,237.45499999999998,22890.0,26437.0,Echolocation,Nyctalus leisleri,0.204,0.248,-1,192000.0,/mnt/ubna_data_05/recover-20250317/UBNA_026/20250310_165000.WAV,recover-20250317,UBNA_026,Central Pond
HF,48000.0,4.445852144588481,239.3275,239.3321,46093.0,51167.0,Echolocation,Pipistrellus pipistrellus,0.259,0.277,-1,192000.0,/mnt/ubna_data_05/recover-20250317/UBNA_026/20250310_165000.WAV,recover-20250317,UBNA_026,Central Pond
LF,17280.0,-0.0020062854551827778,239.4775,239.4995,17734.0,21197.0,Echolocation,Nyctalus noctula,0.161,0.204,-1,192000.0,/mnt/ubna_data_05/recover-20250317/UBNA_026/20250310_165000.WAV,recover-20250317,UBNA_026,Central Pond
HF,47040.0,7.070860970117141,239.9805,239.987,46953.0,57560.0,Echolocation,Pipistrellus pipistrellus,0.195,0.212,-1,192000.0,/mnt/ubna_data_05/recover-20250317/UBNA_026/20250310_165000.WAV,recover-20250317,UBNA_026,Central Pond
LF,25920.0,-2.58932002638715,242.4355,242.4495,25468.0,30229.0,Echolocation,Nyctalus leisleri,0.365,0.498,-1,192000.0,/mnt/ubna_data_05/recover-20250317/UBNA_026/20250310_165000.WAV,recover-20250317,UBNA_026,Central Pond
HF,48000.0,6.978048306881918,243.0355,243.0405,46953.0,56090.0,Echolocation,Pipistrellus pipistrellus,0.22,0.231,-1,192000.0,/mnt/ubna_data_05/recover-20250317/UBNA_026/20250310_165000.WAV,recover-20250317,UBNA_026,Central Pond
HF,48000.0,-0.6558673814922383,243.5045,243.5117,44375.0,52019.0,Echolocation,Pipistrellus pipistrellus,0.212,0.225,-1,192000.0,/mnt/ubna_data_05/recover-20250317/UBNA_026/20250310_165000.WAV,recover-20250317,UBNA_026,Central Pond
HF,53760.0,2.220853411622912,244.3875,244.3921,51250.0,56540.0,Echolocation,Pipistrellus pipistrellus,0.239,0.267,-1,192000.0,/mnt/ubna_data_05/recover-20250317/UBNA_026/20250310_165000.WAV,recover-20250317,UBNA_026,Central Pond
HF,46080.0,19.369758080846214,244.7995,244.8059,45234.0,56126.0,Echolocation,Pipistrellus pipistrellus,0.247,0.272,-1,192000.0,/mnt/ubna_data_05/recover-20250317/UBNA_026/20250310_165000.WAV,recover-20250317,UBNA_026,Central Pond
HF,54720.0,6.75618925077103,248.0035,248.0076,54687.0,59251.0,Echolocation,Pipistrellus pygmaeus,0.226,0.284,-1,192000.0,/mnt/ubna_data_05/recover-20250317/UBNA_026/20250310_165000.WAV,recover-20250317,UBNA_026,Central Pond
HF,46080.0,10.254234168064546,248.1305,248.1352,34921.0,72443.0,Echolocation,Myotis mystacinus,0.117,0.242,-1,192000.0,/mnt/ubna_data_05/recover-20250317/UBNA_026/20250310_165000.WAV,recover-20250317,UBNA_026,Central Pond
HF,47040.0,5.400872043872425,249.1205,249.1252,45234.0,53319.0,Echolocation,Pipistrellus pipistrellus,0.25,0.264,-1,192000.0,/mnt/ubna_data_05/recover-20250317/UBNA_026/20250310_165000.WAV,recover-20250317,UBNA_026,Central Pond
HF,53760.0,0.9801820059562234,250.0985,250.1047,51250.0,67677.0,Echolocation,Pipistrellus pipistrellus,0.215,0.235,-1,192000.0,/mnt/ubna_data_05/recover-20250317/UBNA_026/20250310_165000.WAV,recover-20250317,UBNA_026,Central Pond
LF,24000.0,2.6039087091110833,250.5935,250.6098,23750.0,26834.0,Echolocation,Nyctalus leisleri,0.319,0.367,-1,192000.0,/mnt/ubna_data_05/recover-20250317/UBNA_026/20250310_165000.WAV,recover-20250317,UBNA_026,Central Pond
HF,46080.0,10.227289345661532,251.1155,251.1201,18593.0,74843.0,Echolocation,Myotis nattereri,0.203,0.207,-1,192000.0,/mnt/ubna_data_05/recover-20250317/UBNA_026/20250310_165000.WAV,recover-20250317,UBNA_026,Central Pond
HF,47040.0,1.793224475665307,251.9765,251.9806,27187.0,55832.0,Echolocation,Myotis nattereri,0.171,0.289,-1,192000.0,/mnt/ubna_data_05/recover-20250317/UBNA_026/20250310_165000.WAV,recover-20250317,UBNA_026,Central Pond
HF,47040.0,1.4130052330083809,256.5565,256.562,46953.0,53747.0,Echolocation,Pipistrellus pipistrellus,0.298,0.325,-1,192000.0,/mnt/ubna_data_05/recover-20250317/UBNA_026/20250310_165000.WAV,recover-20250317,UBNA_026,Central Pond
HF,46080.0,-3.98850769432656,256.9305,256.9376,45234.0,55062.0,Echolocation,Pipistrellus pipistrellus,0.227,0.261,-1,192000.0,/mnt/ubna_data_05/recover-20250317/UBNA_026/20250310_165000.WAV,recover-20250317,UBNA_026,Central Pond
LF,24960.0,2.6067720374610626,258.0215,258.02570000000003,24609.0,48032.0,Echolocation,Myotis nattereri,0.136,0.213,-1,192000.0,/mnt/ubna_data_05/recover-20250317/UBNA_026/20250310_165000.WAV,recover-20250317,UBNA_026,Central Pond
LF,20160.0,3.7074491319661074,258.4435,258.4551,19453.0,31929.0,Echolocation,Nyctalus noctula,0.138,0.237,-1,192000.0,/mnt/ubna_data_05/recover-20250317/UBNA_026/20250310_165000.WAV,recover-20250317,UBNA_026,Central Pond
LF,24000.0,7.370411581295445,258.9245,258.9303,22890.0,48135.0,Echolocation,Myotis nattereri,0.161,0.204,-1,192000.0,/mnt/ubna_data_05/recover-20250317/UBNA_026/20250310_165000.WAV,recover-20250317,UBNA_026,Central Pond
LF,24000.0,-0.3803226011770621,259.0905,259.0947,25468.0,46123.0,Echolocation,Myotis nattereri,0.097,0.222,-1,192000.0,/mnt/ubna_data_05/recover-20250317/UBNA_026/20250310_165000.WAV,recover-20250317,UBNA_026,Central Pond
LF,24000.0,3.7162427409707846,259.5495,259.5535,25468.0,45760.0,Echolocation,Myotis nattereri,0.141,0.235,-1,192000.0,/mnt/ubna_data_05/recover-20250317/UBNA_026/20250310_165000.WAV,recover-20250317,UBNA_026,Central Pond
HF,48000.0,12.93559704051817,259.5995,259.6059,45234.0,54240.0,Echolocation,Pipistrellus pipistrellus,0.214,0.218,-1,192000.0,/mnt/ubna_data_05/recover-20250317/UBNA_026/20250310_165000.WAV,recover-20250317,UBNA_026,Central Pond
LF,25920.0,4.802043549837839,260.1605,260.1645,24609.0,45918.0,Echolocation,Myotis nattereri,0.192,0.269,-1,192000.0,/mnt/ubna_data_05/recover-20250317/UBNA_026/20250310_165000.WAV,recover-20250317,UBNA_026,Central Pond
HF,48000.0,2.140355432452652,261.1145,261.1198,46093.0,53659.0,Echolocation,Pipistrellus pipistrellus,0.242,0.263,-1,192000.0,/mnt/ubna_data_05/recover-20250317/UBNA_026/20250310_165000.WAV,recover-20250317,UBNA_026,Central Pond
HF,45120.0,4.029896119583022,261.5255,261.5312,42656.0,46496.0,Echolocation,Pipistrellus pipistrellus,0.17,0.205,-1,192000.0,/mnt/ubna_data_05/recover-20250317/UBNA_026/20250310_165000.WAV,recover-20250317,UBNA_026,Central Pond
HF,47040.0,17.193062524306942,262.0655,262.0768,46953.0,49739.0,Echolocation,Pipistrellus pipistrellus,0.229,0.312,-1,192000.0,/mnt/ubna_data_05/recover-20250317/UBNA_026/20250310_165000.WAV,recover-20250317,UBNA_026,Central Pond
HF,47040.0,3.7482438125915785,263.9345,263.9397,21171.0,67264.0,Echolocation,Myotis nattereri,0.213,0.219,-1,192000.0,/mnt/ubna_data_05/recover-20250317/UBNA_026/20250310_165000.WAV,recover-20250317,UBNA_026,Central Pond
HF,46080.0,3.441942162584977,264.0045,264.0082,35781.0,81024.0,Echolocation,Myotis mystacinus,0.143,0.263,-1,192000.0,/mnt/ubna_data_05/recover-20250317/UBNA_026/20250310_165000.WAV,recover-20250317,UBNA_026,Central Pond
HF,48000.0,2.8925715156649594,264.7095,264.714,46953.0,55278.0,Echolocation,Pipistrellus pipistrellus,0.17,0.231,-1,192000.0,/mnt/ubna_data_05/recover-20250317/UBNA_026/20250310_165000.WAV,recover-20250317,UBNA_026,Central Pond
HF,47040.0,-4.869199770227776,264.9915,264.9975,46093.0,57084.0,Echolocation,Pipistrellus pipistrellus,0.216,0.227,-1,192000.0,/mnt/ubna_data_05/recover-20250317/UBNA_026/20250310_165000.WAV,recover-20250317,UBNA_026,Central Pond
HF,46080.0,7.943715957178238,268.4315,268.437,42656.0,55454.0,Echolocation,Pipistrellus pipistrellus,0.205,0.225,-1,192000.0,/mnt/ubna_data_05/recover-20250317/UBNA_026/20250310_165000.WAV,recover-20250317,UBNA_026,Central Pond
LF,19200.0,-8.08017365441245,269.1085,269.1288,19453.0,23155.0,Echolocation,Nyctalus leisleri,0.245,0.311,-1,192000.0,/mnt/ubna_data_05/recover-20250317/UBNA_026/20250310_165000.WAV,recover-20250317,UBNA_026,Central Pond
HF,45120.0,-12.91322775484199,274.1675,274.1728,40937.0,46952.0,Echolocation,Pipistrellus pipistrellus,0.227,0.27,-1,192000.0,/mnt/ubna_data_05/recover-20250317/UBNA_026/20250310_165000.WAV,recover-20250317,UBNA_026,Central Pond
LF,20160.0,8.169139074797748,275.9215,275.9439,18593.0,20827.0,Echolocation,Nyctalus leisleri,0.128,0.207,-1,192000.0,/mnt/ubna_data_05/recover-20250317/UBNA_026/20250310_165000.WAV,recover-20250317,UBNA_026,Central Pond
LF,25920.0,-1.4710429287722595,280.4825,280.4948,25468.0,29967.0,Echolocation,Nyctalus leisleri,0.167,0.215,-1,192000.0,/mnt/ubna_data_05/recover-20250317/UBNA_026/20250310_165000.WAV,recover-20250317,UBNA_026,Central Pond
LF,25920.0,-9.332412259910111,282.0695,282.0869,24609.0,28644.0,Echolocation,Nyctalus leisleri,0.198,0.272,-1,192000.0,/mnt/ubna_data_05/recover-20250317/UBNA_026/20250310_165000.WAV,recover-20250317,UBNA_026,Central Pond
HF,47040.0,11.104905185685414,285.2805,285.285,26328.0,53027.0,Echolocation,Myotis nattereri,0.106,0.216,-1,192000.0,/mnt/ubna_data_05/recover-20250317/UBNA_026/20250310_165000.WAV,recover-20250317,UBNA_026,Central Pond
LF,25920.0,-0.5997633656850367,288.6055,288.6093,25468.0,46191.0,Echolocation,Myotis daubentonii,0.105,0.2,-1,192000.0,/mnt/ubna_data_05/recover-20250317/UBNA_026/20250310_165000.WAV,recover-20250317,UBNA_026,Central Pond
LF,24960.0,4.822247441382151,289.7775,289.783,23750.0,38087.0,Echolocation,Plecotus austriacus,0.075,0.233,-1,192000.0,/mnt/ubna_data_05/recover-20250317/UBNA_026/20250310_165000.WAV,recover-20250317,UBNA_026,Central Pond
HF,53760.0,2.830720799325329,290.6545,290.6608,52109.0,61666.0,Echolocation,Pipistrellus pipistrellus,0.177,0.202,-1,192000.0,/mnt/ubna_data_05/recover-20250317/UBNA_026/20250310_165000.WAV,recover-20250317,UBNA_026,Central Pond
HF,46080.0,-3.2655722206989064,291.0935,291.0995,45234.0,51945.0,Echolocation,Pipistrellus pipistrellus,0.202,0.219,-1,192000.0,/mnt/ubna_data_05/recover-20250317/UBNA_026/20250310_165000.WAV,recover-20250317,UBNA_026,Central Pond
HF,46080.0,3.3183342694821145,292.2105,292.2149,24609.0,63650.0,Echolocation,Myotis nattereri,0.19,0.245,-1,192000.0,/mnt/ubna_data_05/recover-20250317/UBNA_026/20250310_165000.WAV,recover-20250317,UBNA_026,Central Pond
LF,19200.0,0.5324348809554915,292.6665,292.6871,18593.0,22260.0,Echolocation,Nyctalus noctula,0.202,0.355,-1,192000.0,/mnt/ubna_data_05/recover-20250317/UBNA_026/20250310_165000.WAV,recover-20250317,UBNA_026,Central Pond
HF,46080.0,2.6020066461835674,292.7715,292.7758,28046.0,58019.0,Echolocation,Myotis daubentonii,0.147,0.21,-1,192000.0,/mnt/ubna_data_05/recover-20250317/UBNA_026/20250310_165000.WAV,recover-20250317,UBNA_026,Central Pond
LF,19200.0,-9.518188015424844,293.7245,293.7475,18593.0,22254.0,Echolocation,Nyctalus noctula,0.135,0.247,-1,192000.0,/mnt/ubna_data_05/recover-20250317/UBNA_026/20250310_165000.WAV,recover-20250317,UBNA_026,Central Pond
LF,19200.0,12.815185867720091,294.7265,294.751,18593.0,21282.0,Echolocation,Nyctalus leisleri,0.103,0.21,-1,192000.0,/mnt/ubna_data_05/recover-20250317/UBNA_026/20250310_165000.WAV,recover-20250317,UBNA_026,Central Pond
HF,47040.0,1.8370919927543803,294.8435,294.8483,43515.0,56356.0,Echolocation,Myotis daubentonii,0.143,0.215,-1,192000.0,/mnt/ubna_data_05/recover-20250317/UBNA_026/20250310_165000.WAV,recover-20250317,UBNA_026,Central Pond
HF,46080.0,8.203946117153707,295.9665,295.9704,24609.0,71102.0,Echolocation,Myotis nattereri,0.282,0.349,-1,192000.0,/mnt/ubna_data_05/recover-20250317/UBNA_026/20250310_165000.WAV,recover-20250317,UBNA_026,Central Pond
HF,47040.0,7.669802237302484,297.0615,297.0689,44375.0,51014.0,Echolocation,Pipistrellus pipistrellus,0.235,0.252,-1,192000.0,/mnt/ubna_data_05/recover-20250317/UBNA_026/20250310_165000.WAV,recover-20250317,UBNA_026,Central Pond
HF,47040.0,1.966599418186511,297.8325,297.8379,44375.0,63874.0,Echolocation,Pipistrellus pipistrellus,0.225,0.248,-1,192000.0,/mnt/ubna_data_05/recover-20250317/UBNA_026/20250310_165000.WAV,recover-20250317,UBNA_026,Central Pond
LF,20160.0,2.345494539421498,297.9145,297.91949999999997,16875.0,56365.0,Echolocation,Myotis nattereri,0.215,0.227,-1,192000.0,/mnt/ubna_data_05/recover-20250317/UBNA_026/20250310_165000.WAV,recover-20250317,UBNA_026,Central Pond
HF,43200.0,-2.5462761939276284,32.2095,32.2173,42656.0,47300.0,Echolocation,Pipistrellus pipistrellus,0.182,0.201,-1,192000.0,/mnt/ubna_data_05/recover-20250317/UBNA_026/20250310_170000.WAV,recover-20250317,UBNA_026,Central Pond
HF,52800.0,7.074812861968179,32.9175,32.9228,50390.0,64413.0,Echolocation,Pipistrellus pipistrellus,0.269,0.301,-1,192000.0,/mnt/ubna_data_05/recover-20250317/UBNA_026/20250310_170000.WAV,recover-20250317,UBNA_026,Central Pond
LF,25920.0,12.744591955682647,33.4875,33.4994,25468.0,29322.0,Echolocation,Nyctalus leisleri,0.263,0.293,-1,192000.0,/mnt/ubna_data_05/recover-20250317/UBNA_026/20250310_170000.WAV,recover-20250317,UBNA_026,Central Pond
LF,22080.0,6.184823434550494,50.936499999999995,50.942,18593.0,30702.0,Echolocation,Plecotus austriacus,0.158,0.226,-1,192000.0,/mnt/ubna_data_05/recover-20250317/UBNA_026/20250310_170000.WAV,recover-20250317,UBNA_026,Central Pond
LF,22080.0,8.679146326368322,51.2645,51.2716,20312.0,28685.0,Echolocation,Plecotus austriacus,0.164,0.253,-1,192000.0,/mnt/ubna_data_05/recover-20250317/UBNA_026/20250310_170000.WAV,recover-20250317,UBNA_026,Central Pond
HF,47040.0,11.958135399757603,98.5625,98.5666,16015.0,69199.0,Echolocation,Myotis nattereri,0.216,0.225,-1,192000.0,/mnt/ubna_data_05/recover-20250317/UBNA_026/20250310_170000.WAV,recover-20250317,UBNA_026,Central Pond
LF,18240.0,14.629569271657743,107.0145,107.0393,16875.0,19687.0,Echolocation,Nyctalus leisleri,0.21,0.317,-1,192000.0,/mnt/ubna_data_05/recover-20250317/UBNA_026/20250310_170000.WAV,recover-20250317,UBNA_026,Central Pond
LF,24960.0,-1.695916128283982,110.0015,110.0051,23750.0,46278.0,Echolocation,Myotis nattereri,0.141,0.211,-1,192000.0,/mnt/ubna_data_05/recover-20250317/UBNA_026/20250310_170000.WAV,recover-20250317,UBNA_026,Central Pond
LF,22080.0,11.823058733101755,110.39150000000001,110.3963,18593.0,58369.0,Echolocation,Myotis nattereri,0.275,0.294,-1,192000.0,/mnt/ubna_data_05/recover-20250317/UBNA_026/20250310_170000.WAV,recover-20250317,UBNA_026,Central Pond
LF,23040.0,2.55278037036434,110.79650000000001,110.8038,20312.0,29525.0,Echolocation,Plecotus austriacus,0.154,0.245,-1,192000.0,/mnt/ubna_data_05/recover-20250317/UBNA_026/20250310_170000.WAV,recover-20250317,UBNA_026,Central Pond
LF,23040.0,2.606942438609982,111.3125,111.3173,22031.0,47493.0,Echolocation,Myotis nattereri,0.176,0.22,-1,192000.0,/mnt/ubna_data_05/recover-20250317/UBNA_026/20250310_170000.WAV,recover-20250317,UBNA_026,Central Pond
LF,22080.0,3.0485973406661526,118.9995,119.00450000000001,20312.0,33240.0,Echolocation,Plecotus austriacus,0.21,0.279,-1,192000.0,/mnt/ubna_data_05/recover-20250317/UBNA_026/20250310_170000.WAV,recover-20250317,UBNA_026,Central Pond
LF,23040.0,5.453264285544668,124.4565,124.4631,21171.0,31640.0,Echolocation,Plecotus austriacus,0.202,0.283,-1,192000.0,/mnt/ubna_data_05/recover-20250317/UBNA_026/20250310_170000.WAV,recover-20250317,UBNA_026,Central Pond
LF,23040.0,4.780085318638503,126.2065,126.2125,21171.0,33187.0,Echolocation,Plecotus austriacus,0.189,0.239,-1,192000.0,/mnt/ubna_data_05/recover-20250317/UBNA_026/20250310_170000.WAV,recover-20250317,UBNA_026,Central Pond
LF,23040.0,7.746772876634469,132.6075,132.6137,21171.0,32550.0,Echolocation,Plecotus austriacus,0.152,0.224,-1,192000.0,/mnt/ubna_data_05/recover-20250317/UBNA_026/20250310_170000.WAV,recover-20250317,UBNA_026,Central Pond
LF,22080.0,3.6007787886632983,133.0505,133.0596,20312.0,28961.0,Echolocation,Plecotus austriacus,0.067,0.2,-1,192000.0,/mnt/ubna_data_05/recover-20250317/UBNA_026/20250310_170000.WAV,recover-20250317,UBNA_026,Central Pond
HF,48960.0,-0.03623132743858564,141.5335,141.5432,47812.0,51514.0,Echolocation,Pipistrellus pipistrellus,0.191,0.227,-1,192000.0,/mnt/ubna_data_05/recover-20250317/UBNA_026/20250310_170000.WAV,recover-20250317,UBNA_026,Central Pond
HF,48960.0,5.518239152841884,157.2085,157.2139,46093.0,54827.0,Echolocation,Pipistrellus pipistrellus,0.204,0.221,-1,192000.0,/mnt/ubna_data_05/recover-20250317/UBNA_026/20250310_170000.WAV,recover-20250317,UBNA_026,Central Pond
HF,42240.0,0.6980296395633377,168.0055,168.0095,22890.0,83979.0,Echolocation,Myotis nattereri,0.268,0.275,-1,192000.0,/mnt/ubna_data_05/recover-20250317/UBNA_026/20250310_170000.WAV,recover-20250317,UBNA_026,Central Pond
HF,46080.0,-3.0379231283758945,169.4915,169.498,46093.0,50122.0,Echolocation,Pipistrellus pipistrellus,0.18,0.202,-1,192000.0,/mnt/ubna_data_05/recover-20250317/UBNA_026/20250310_170000.WAV,recover-20250317,UBNA_026,Central Pond
HF,48000.0,15.935251977078257,182.2525,182.2624,46953.0,48887.0,Echolocation,Pipistrellus pipistrellus,0.207,0.298,-1,192000.0,/mnt/ubna_data_05/recover-20250317/UBNA_026/20250310_170000.WAV,recover-20250317,UBNA_026,Central Pond
LF,23040.0,6.2129110210722915,214.2205,214.2257,20312.0,34122.0,Echolocation,Plecotus austriacus,0.204,0.256,-1,192000.0,/mnt/ubna_data_05/recover-20250317/UBNA_026/20250310_170000.WAV,recover-20250317,UBNA_026,Central Pond
HF,42240.0,8.98332410799325,215.8705,215.8754,22031.0,58350.0,Echolocation,Myotis nattereri,0.193,0.214,-1,192000.0,/mnt/ubna_data_05/recover-20250317/UBNA_026/20250310_170000.WAV,recover-20250317,UBNA_026,Central Pond
LF,23040.0,1.5746415260163515,241.5895,241.5959,22031.0,32188.0,Echolocation,Plecotus austriacus,0.112,0.22,-1,192000.0,/mnt/ubna_data_05/recover-20250317/UBNA_026/20250310_170000.WAV,recover-20250317,UBNA_026,Central Pond
LF,27840.0,2.365885587417131,244.9505,244.9549,24609.0,45147.0,Echolocation,Myotis nattereri,0.084,0.21,-1,192000.0,/mnt/ubna_data_05/recover-20250317/UBNA_026/20250310_170000.WAV,recover-20250317,UBNA_026,Central Pond
HF,75840.0,0.07518241202575746,270.7975,270.8435,68437.0,83270.0,Echolocation,Rhinolophus ferrumequinum,0.252,0.252,-1,192000.0,/mnt/ubna_data_05/recover-20250317/UBNA_026/20250310_170000.WAV,recover-20250317,UBNA_026,Central Pond
LF,23040.0,2.962289665557241,282.1555,282.1621,22031.0,31032.0,Echolocation,Plecotus austriacus,0.141,0.209,-1,192000.0,/mnt/ubna_data_05/recover-20250317/UBNA_026/20250310_170000.WAV,recover-20250317,UBNA_026,Central Pond
HF,46080.0,2.200268193637677,285.0915,285.0981,44375.0,49631.0,Echolocation,Pipistrellus pipistrellus,0.205,0.214,-1,192000.0,/mnt/ubna_data_05/recover-20250317/UBNA_026/20250310_170000.WAV,recover-20250317,UBNA_026,Central Pond
HF,41280.0,2.066177789994412,27.3595,27.3634,37500.0,56609.0,Echolocation,Myotis daubentonii,0.131,0.218,-1,192000.0,/mnt/ubna_data_05/recover-20250317/UBNA_026/20250310_171000.WAV,recover-20250317,UBNA_026,Central Pond
HF,53760.0,-3.4076276197175064,28.2485,28.2531,51250.0,60128.0,Echolocation,Pipistrellus pipistrellus,0.185,0.25,-1,192000.0,/mnt/ubna_data_05/recover-20250317/UBNA_026/20250310_171000.WAV,recover-20250317,UBNA_026,Central Pond
LF,21120.0,1.2284660567047672,28.4585,28.4638,21171.0,47354.0,Echolocation,Myotis nattereri,0.191,0.237,-1,192000.0,/mnt/ubna_data_05/recover-20250317/UBNA_026/20250310_171000.WAV,recover-20250317,UBNA_026,Central Pond
HF,41280.0,4.262002280176627,30.1415,30.1455,23750.0,56190.0,Echolocation,Myotis nattereri,0.395,0.533,-1,192000.0,/mnt/ubna_data_05/recover-20250317/UBNA_026/20250310_171000.WAV,recover-20250317,UBNA_026,Central Pond
HF,44160.0,4.4429895470667935,30.6695,30.6744,37500.0,52323.0,Echolocation,Myotis daubentonii,0.201,0.236,-1,192000.0,/mnt/ubna_data_05/recover-20250317/UBNA_026/20250310_171000.WAV,recover-20250317,UBNA_026,Central Pond
HF,46080.0,0.886360262902629,31.1925,31.1987,45234.0,48185.0,Echolocation,Pipistrellus pipistrellus,0.176,0.202,-1,192000.0,/mnt/ubna_data_05/recover-20250317/UBNA_026/20250310_171000.WAV,recover-20250317,UBNA_026,Central Pond
HF,59520.0,4.938719318227797,32.6945,32.701,58125.0,66105.0,Echolocation,Pipistrellus pygmaeus,0.206,0.208,-1,192000.0,/mnt/ubna_data_05/recover-20250317/UBNA_026/20250310_171000.WAV,recover-20250317,UBNA_026,Central Pond
HF,44160.0,5.3278206534169374,37.5875,37.5909,27187.0,57098.0,Echolocation,Myotis nattereri,0.175,0.348,-1,192000.0,/mnt/ubna_data_05/recover-20250317/UBNA_026/20250310_171000.WAV,recover-20250317,UBNA_026,Central Pond
LF,23040.0,3.889462912734949,39.5995,39.6043,23750.0,38887.0,Echolocation,Plecotus austriacus,0.162,0.248,-1,192000.0,/mnt/ubna_data_05/recover-20250317/UBNA_026/20250310_171000.WAV,recover-20250317,UBNA_026,Central Pond
HF,48000.0,-0.4311860631025543,40.5145,40.521,46953.0,57863.0,Echolocation,Pipistrellus pipistrellus,0.207,0.243,-1,192000.0,/mnt/ubna_data_05/recover-20250317/UBNA_026/20250310_171000.WAV,recover-20250317,UBNA_026,Central Pond
HF,47040.0,6.329949831744889,58.8505,58.8582,47812.0,54469.0,Echolocation,Pipistrellus pipistrellus,0.207,0.226,-1,192000.0,/mnt/ubna_data_05/recover-20250317/UBNA_026/20250310_171000.WAV,recover-20250317,UBNA_026,Central Pond
HF,40320.0,4.329813911135679,60.3705,60.376,22890.0,65867.0,Echolocation,Myotis nattereri,0.21,0.244,-1,192000.0,/mnt/ubna_data_05/recover-20250317/UBNA_026/20250310_171000.WAV,recover-20250317,UBNA_026,Central Pond
HF,40320.0,9.177659519738716,60.6605,60.6645,34062.0,53421.0,Echolocation,Myotis daubentonii,0.217,0.27,-1,192000.0,/mnt/ubna_data_05/recover-20250317/UBNA_026/20250310_171000.WAV,recover-20250317,UBNA_026,Central Pond
HF,49920.0,-2.556109895438949,62.7015,62.7079,49531.0,54604.0,Echolocation,Pipistrellus pipistrellus,0.215,0.229,-1,192000.0,/mnt/ubna_data_05/recover-20250317/UBNA_026/20250310_171000.WAV,recover-20250317,UBNA_026,Central Pond
LF,20160.0,0.32307251842938983,63.5445,63.5494,21171.0,51112.0,Echolocation,Myotis nattereri,0.201,0.218,-1,192000.0,/mnt/ubna_data_05/recover-20250317/UBNA_026/20250310_171000.WAV,recover-20250317,UBNA_026,Central Pond
HF,47040.0,3.8074826337481893,75.85849999999999,75.8634,26328.0,55631.0,Echolocation,Myotis daubentonii,0.141,0.252,-1,192000.0,/mnt/ubna_data_05/recover-20250317/UBNA_026/20250310_171000.WAV,recover-20250317,UBNA_026,Central Pond
HF,45120.0,-8.749154166101047,78.0015,78.0043,42656.0,54066.0,Echolocation,Myotis daubentonii,0.091,0.262,-1,192000.0,/mnt/ubna_data_05/recover-20250317/UBNA_026/20250310_171000.WAV,recover-20250317,UBNA_026,Central Pond
HF,52800.0,0.8200503557995131,80.4085,80.4132,52109.0,55882.0,Echolocation,Pipistrellus pygmaeus,0.238,0.251,-1,192000.0,/mnt/ubna_data_05/recover-20250317/UBNA_026/20250310_171000.WAV,recover-20250317,UBNA_026,Central Pond
LF,20160.0,2.5070347163837683,81.6665,81.6736,21171.0,31849.0,Echolocation,Plecotus austriacus,0.129,0.219,-1,192000.0,/mnt/ubna_data_05/recover-20250317/UBNA_026/20250310_171000.WAV,recover-20250317,UBNA_026,Central Pond
LF,24000.0,4.089380022632219,82.00450000000001,82.0084,23750.0,51869.0,Echolocation,Myotis nattereri,0.247,0.353,-1,192000.0,/mnt/ubna_data_05/recover-20250317/UBNA_026/20250310_171000.WAV,recover-20250317,UBNA_026,Central Pond
HF,45120.0,3.281801722288831,86.3935,86.398,23750.0,62834.0,Echolocation,Myotis nattereri,0.277,0.331,-1,192000.0,/mnt/ubna_data_05/recover-20250317/UBNA_026/20250310_171000.WAV,recover-20250317,UBNA_026,Central Pond
LF,24000.0,-0.6758814333261304,87.4085,87.4141,24609.0,34857.0,Echolocation,Plecotus austriacus,0.113,0.244,-1,192000.0,/mnt/ubna_data_05/recover-20250317/UBNA_026/20250310_171000.WAV,recover-20250317,UBNA_026,Central Pond
LF,24000.0,4.704472504235696,87.9765,87.9804,24609.0,48249.0,Echolocation,Myotis nattereri,0.183,0.278,-1,192000.0,/mnt/ubna_data_05/recover-20250317/UBNA_026/20250310_171000.WAV,recover-20250317,UBNA_026,Central Pond
LF,21120.0,0.307815352528351,95.49549999999999,95.5007,22890.0,42316.0,Echolocation,Myotis nattereri,0.175,0.245,-1,192000.0,/mnt/ubna_data_05/recover-20250317/UBNA_026/20250310_171000.WAV,recover-20250317,UBNA_026,Central Pond
LF,23040.0,2.7354665628115367,96.7475,96.7527,22031.0,45073.0,Echolocation,Myotis nattereri,0.178,0.2,-1,192000.0,/mnt/ubna_data_05/recover-20250317/UBNA_026/20250310_171000.WAV,recover-20250317,UBNA_026,Central Pond
HF,45120.0,5.467866717790944,96.8285,96.8325,25468.0,60754.0,Echolocation,Myotis nattereri,0.185,0.236,-1,192000.0,/mnt/ubna_data_05/recover-20250317/UBNA_026/20250310_171000.WAV,recover-20250317,UBNA_026,Central Pond
LF,24000.0,4.478496601271635,98.8725,98.8772,21171.0,53253.0,Echolocation,Myotis nattereri,0.243,0.267,-1,192000.0,/mnt/ubna_data_05/recover-20250317/UBNA_026/20250310_171000.WAV,recover-20250317,UBNA_026,Central Pond
HF,45120.0,6.635240000232862,105.6335,105.6377,24609.0,63453.0,Echolocation,Myotis nattereri,0.227,0.319,-1,192000.0,/mnt/ubna_data_05/recover-20250317/UBNA_026/20250310_171000.WAV,recover-20250317,UBNA_026,Central Pond
HF,48960.0,-1.2840223319483908,106.8425,106.8472,48671.0,53787.0,Echolocation,Pipistrellus pipistrellus,0.205,0.21,-1,192000.0,/mnt/ubna_data_05/recover-20250317/UBNA_026/20250310_171000.WAV,recover-20250317,UBNA_026,Central Pond
LF,21120.0,1.4506288739550435,108.7185,108.7248,21171.0,49574.0,Echolocation,Myotis nattereri,0.243,0.274,-1,192000.0,/mnt/ubna_data_05/recover-20250317/UBNA_026/20250310_171000.WAV,recover-20250317,UBNA_026,Central Pond
LF,21120.0,0.48245594763222277,109.5605,109.56569999999999,22890.0,49876.0,Echolocation,Myotis nattereri,0.213,0.254,-1,192000.0,/mnt/ubna_data_05/recover-20250317/UBNA_026/20250310_171000.WAV,recover-20250317,UBNA_026,Central Pond
LF,21120.0,1.8906675825468948,111.1865,111.1919,22031.0,46155.0,Echolocation,Myotis nattereri,0.183,0.209,-1,192000.0,/mnt/ubna_data_05/recover-20250317/UBNA_026/20250310_171000.WAV,recover-20250317,UBNA_026,Central Pond
HF,39360.0,2.139256487868082,112.0015,112.00710000000001,24609.0,65177.0,Echolocation,Myotis nattereri,0.187,0.239,-1,192000.0,/mnt/ubna_data_05/recover-20250317/UBNA_026/20250310_171000.WAV,recover-20250317,UBNA_026,Central Pond
LF,20160.0,1.8680960515204443,113.0175,113.023,22031.0,51520.0,Echolocation,Myotis nattereri,0.193,0.219,-1,192000.0,/mnt/ubna_data_05/recover-20250317/UBNA_026/20250310_171000.WAV,recover-20250317,UBNA_026,Central Pond
HF,54720.0,4.659437944713795,118.7495,118.7556,54687.0,63157.0,Echolocation,Pipistrellus pygmaeus,0.196,0.202,-1,192000.0,/mnt/ubna_data_05/recover-20250317/UBNA_026/20250310_171000.WAV,recover-20250317,UBNA_026,Central Pond
LF,24000.0,1.8489270092801502,120.8795,120.8843,22890.0,50281.0,Echolocation,Myotis nattereri,0.197,0.234,-1,192000.0,/mnt/ubna_data_05/recover-20250317/UBNA_026/20250310_171000.WAV,recover-20250317,UBNA_026,Central Pond
HF,48000.0,-2.02318864823128,122.8335,122.8388,46093.0,53806.0,Echolocation,Pipistrellus pipistrellus,0.304,0.312,-1,192000.0,/mnt/ubna_data_05/recover-20250317/UBNA_026/20250310_171000.WAV,recover-20250317,UBNA_026,Central Pond
LF,23040.0,2.9929570289238168,124.7645,124.7697,24609.0,47898.0,Echolocation,Myotis nattereri,0.151,0.204,-1,192000.0,/mnt/ubna_data_05/recover-20250317/UBNA_026/20250310_171000.WAV,recover-20250317,UBNA_026,Central Pond
LF,20160.0,3.2240628864227943,126.1875,126.1929,22031.0,50903.0,Echolocation,Myotis nattereri,0.315,0.372,-1,192000.0,/mnt/ubna_data_05/recover-20250317/UBNA_026/20250310_171000.WAV,recover-20250317,UBNA_026,Central Pond
HF,52800.0,-5.064936171006567,131.3195,131.3253,52109.0,57590.0,Echolocation,Pipistrellus pipistrellus,0.174,0.215,-1,192000.0,/mnt/ubna_data_05/recover-20250317/UBNA_026/20250310_171000.WAV,recover-20250317,UBNA_026,Central Pond
HF,46080.0,7.397654913189457,131.5255,131.5319,45234.0,49646.0,Echolocation,Pipistrellus pipistrellus,0.184,0.203,-1,192000.0,/mnt/ubna_data_05/recover-20250317/UBNA_026/20250310_171000.WAV,recover-20250317,UBNA_026,Central Pond
HF,52800.0,4.451096577118907,136.7925,136.7978,49531.0,63258.0,Echolocation,Pipistrellus pipistrellus,0.171,0.202,-1,192000.0,/mnt/ubna_data_05/recover-20250317/UBNA_026/20250310_171000.WAV,recover-20250317,UBNA_026,Central Pond
HF,53760.0,-0.41585795888240695,136.9995,137.0037,49531.0,59347.0,Echolocation,Pipistrellus pipistrellus,0.206,0.244,-1,192000.0,/mnt/ubna_data_05/recover-20250317/UBNA_026/20250310_171000.WAV,recover-20250317,UBNA_026,Central Pond
HF,52800.0,9.249854711062271,137.2485,137.2542,52109.0,56161.0,Echolocation,Pipistrellus pipistrellus,0.124,0.206,-1,192000.0,/mnt/ubna_data_05/recover-20250317/UBNA_026/20250310_171000.WAV,recover-20250317,UBNA_026,Central Pond
HF,43200.0,4.858068086838225,138.8465,138.8504,31484.0,60752.0,Echolocation,Myotis daubentonii,0.124,0.253,-1,192000.0,/mnt/ubna_data_05/recover-20250317/UBNA_026/20250310_171000.WAV,recover-20250317,UBNA_026,Central Pond
LF,24000.0,3.7645218492732884,138.8935,138.8994,24609.0,47256.0,Echolocation,Myotis nattereri,0.146,0.21,-1,192000.0,/mnt/ubna_data_05/recover-20250317/UBNA_026/20250310_171000.WAV,recover-20250317,UBNA_026,Central Pond
LF,23040.0,0.5744392848170533,141.4815,141.4876,22031.0,49797.0,Echolocation,Myotis nattereri,0.313,0.35,-1,192000.0,/mnt/ubna_data_05/recover-20250317/UBNA_026/20250310_171000.WAV,recover-20250317,UBNA_026,Central Pond
HF,43200.0,1.8286517315463002,143.8865,143.8912,23750.0,60609.0,Echolocation,Myotis nattereri,0.197,0.219,-1,192000.0,/mnt/ubna_data_05/recover-20250317/UBNA_026/20250310_171000.WAV,recover-20250317,UBNA_026,Central Pond
LF,23040.0,2.617484539288709,148.1455,148.1516,20312.0,51282.0,Echolocation,Myotis nattereri,0.259,0.29,-1,192000.0,/mnt/ubna_data_05/recover-20250317/UBNA_026/20250310_171000.WAV,recover-20250317,UBNA_026,Central Pond
LF,23040.0,-0.5822972022751532,152.1065,152.113,23750.0,36346.0,Echolocation,Plecotus austriacus,0.081,0.254,-1,192000.0,/mnt/ubna_data_05/recover-20250317/UBNA_026/20250310_171000.WAV,recover-20250317,UBNA_026,Central Pond
LF,24960.0,-0.7530397561487889,152.5945,152.5994,23750.0,45744.0,Echolocation,Myotis nattereri,0.194,0.251,-1,192000.0,/mnt/ubna_data_05/recover-20250317/UBNA_026/20250310_171000.WAV,recover-20250317,UBNA_026,Central Pond
LF,23040.0,-0.5466811628308756,154.6105,154.6152,22890.0,50411.0,Echolocation,Myotis nattereri,0.212,0.258,-1,192000.0,/mnt/ubna_data_05/recover-20250317/UBNA_026/20250310_171000.WAV,recover-20250317,UBNA_026,Central Pond
HF,52800.0,1.7517069250354895,159.8525,159.8591,51250.0,55529.0,Echolocation,Pipistrellus pipistrellus,0.148,0.205,-1,192000.0,/mnt/ubna_data_05/recover-20250317/UBNA_026/20250310_171000.WAV,recover-20250317,UBNA_026,Central Pond
LF,22080.0,4.103020373363138,165.3255,165.3337,22890.0,30060.0,Echolocation,Nyctalus leisleri,0.12,0.208,-1,192000.0,/mnt/ubna_data_05/recover-20250317/UBNA_026/20250310_171000.WAV,recover-20250317,UBNA_026,Central Pond
HF,47040.0,9.54150462832481,169.6175,169.623,45234.0,49791.0,Echolocation,Pipistrellus pipistrellus,0.169,0.204,-1,192000.0,/mnt/ubna_data_05/recover-20250317/UBNA_026/20250310_171000.WAV,recover-20250317,UBNA_026,Central Pond
LF,23040.0,4.720506072372755,171.1465,171.1529,22031.0,33999.0,Echolocation,Plecotus austriacus,0.268,0.396,-1,192000.0,/mnt/ubna_data_05/recover-20250317/UBNA_026/20250310_171000.WAV,recover-20250317,UBNA_026,Central Pond
LF,24000.0,-7.422193804125952,176.8325,176.8517,22890.0,26697.0,Echolocation,Nyctalus leisleri,0.155,0.22,-1,192000.0,/mnt/ubna_data_05/recover-20250317/UBNA_026/20250310_171000.WAV,recover-20250317,UBNA_026,Central Pond
LF,21120.0,-0.4803487468510359,179.1365,179.1422,21171.0,51659.0,Echolocation,Myotis nattereri,0.199,0.214,-1,192000.0,/mnt/ubna_data_05/recover-20250317/UBNA_026/20250310_171000.WAV,recover-20250317,UBNA_026,Central Pond
LF,20160.0,-8.876023023886876,179.2435,179.252,20312.0,29376.0,Echolocation,Plecotus austriacus,0.117,0.209,-1,192000.0,/mnt/ubna_data_05/recover-20250317/UBNA_026/20250310_171000.WAV,recover-20250317,UBNA_026,Central Pond
LF,21120.0,-3.8051865528246953,180.1575,180.1646,20312.0,29301.0,Echolocation,Plecotus austriacus,0.13,0.212,-1,192000.0,/mnt/ubna_data_05/recover-20250317/UBNA_026/20250310_171000.WAV,recover-20250317,UBNA_026,Central Pond
LF,21120.0,1.2784842567813535,180.2145,180.2193,22031.0,52372.0,Echolocation,Myotis nattereri,0.205,0.232,-1,192000.0,/mnt/ubna_data_05/recover-20250317/UBNA_026/20250310_171000.WAV,recover-20250317,UBNA_026,Central Pond
LF,20160.0,-7.362843869562803,181.3175,181.3253,22031.0,50542.0,Echolocation,Myotis nattereri,0.185,0.217,-1,192000.0,/mnt/ubna_data_05/recover-20250317/UBNA_026/20250310_171000.WAV,recover-20250317,UBNA_026,Central Pond
LF,23040.0,4.5626482646198925,186.1455,186.1509,22031.0,50300.0,Echolocation,Myotis nattereri,0.215,0.249,-1,192000.0,/mnt/ubna_data_05/recover-20250317/UBNA_026/20250310_171000.WAV,recover-20250317,UBNA_026,Central Pond
LF,20160.0,5.791934690145397,187.3925,187.3967,16875.0,58039.0,Echolocation,Myotis nattereri,0.249,0.269,-1,192000.0,/mnt/ubna_data_05/recover-20250317/UBNA_026/20250310_171000.WAV,recover-20250317,UBNA_026,Central Pond
LF,23040.0,4.394201070544756,189.5705,189.5756,20312.0,55108.0,Echolocation,Myotis nattereri,0.202,0.226,-1,192000.0,/mnt/ubna_data_05/recover-20250317/UBNA_026/20250310_171000.WAV,recover-20250317,UBNA_026,Central Pond
HF,41280.0,2.9786882513537134,190.0035,190.0073,37500.0,71758.0,Echolocation,Myotis mystacinus,0.103,0.221,-1,192000.0,/mnt/ubna_data_05/recover-20250317/UBNA_026/20250310_171000.WAV,recover-20250317,UBNA_026,Central Pond
HF,47040.0,3.300282225607627,192.6565,192.6621,46953.0,51409.0,Echolocation,Pipistrellus pipistrellus,0.226,0.236,-1,192000.0,/mnt/ubna_data_05/recover-20250317/UBNA_026/20250310_171000.WAV,recover-20250317,UBNA_026,Central Pond
HF,74880.0,9.79426001897683,192.8185,192.8382,74453.0,83001.0,Echolocation,Rhinolophus ferrumequinum,0.169,0.239,-1,192000.0,/mnt/ubna_data_05/recover-20250317/UBNA_026/20250310_171000.WAV,recover-20250317,UBNA_026,Central Pond
HF,39360.0,7.192993815930824,193.9295,193.9345,23750.0,65641.0,Echolocation,Myotis nattereri,0.231,0.268,-1,192000.0,/mnt/ubna_data_05/recover-20250317/UBNA_026/20250310_171000.WAV,recover-20250317,UBNA_026,Central Pond
LF,20160.0,2.1897908490243267,196.2805,196.286,17734.0,55552.0,Echolocation,Myotis nattereri,0.24,0.255,-1,192000.0,/mnt/ubna_data_05/recover-20250317/UBNA_026/20250310_171000.WAV,recover-20250317,UBNA_026,Central Pond
HF,39360.0,-1.6431362424130644,198.1685,198.1739,23750.0,65347.0,Echolocation,Myotis nattereri,0.279,0.317,-1,192000.0,/mnt/ubna_data_05/recover-20250317/UBNA_026/20250310_171000.WAV,recover-20250317,UBNA_026,Central Pond
HF,53760.0,3.482072571404954,198.5125,198.51760000000002,51250.0,59194.0,Echolocation,Pipistrellus pipistrellus,0.188,0.23,-1,192000.0,/mnt/ubna_data_05/recover-20250317/UBNA_026/20250310_171000.WAV,recover-20250317,UBNA_026,Central Pond
LF,24000.0,0.39959754826129745,199.1305,199.1371,21171.0,53372.0,Echolocation,Myotis nattereri,0.253,0.275,-1,192000.0,/mnt/ubna_data_05/recover-20250317/UBNA_026/20250310_171000.WAV,recover-20250317,UBNA_026,Central Pond
LF,21120.0,3.3941459926775472,200.4655,200.4711,22890.0,51435.0,Echolocation,Myotis nattereri,0.196,0.22,-1,192000.0,/mnt/ubna_data_05/recover-20250317/UBNA_026/20250310_171000.WAV,recover-20250317,UBNA_026,Central Pond
LF,23040.0,1.8469714410339737,203.0615,203.0669,22031.0,48966.0,Echolocation,Myotis nattereri,0.184,0.207,-1,192000.0,/mnt/ubna_data_05/recover-20250317/UBNA_026/20250310_171000.WAV,recover-20250317,UBNA_026,Central Pond
LF,20160.0,1.349973409489,203.6005,203.6058,22031.0,50522.0,Echolocation,Myotis nattereri,0.299,0.329,-1,192000.0,/mnt/ubna_data_05/recover-20250317/UBNA_026/20250310_171000.WAV,recover-20250317,UBNA_026,Central Pond
LF,23040.0,1.1015367016863071,208.6715,208.6775,22890.0,36182.0,Echolocation,Plecotus austriacus,0.114,0.211,-1,192000.0,/mnt/ubna_data_05/recover-20250317/UBNA_026/20250310_171000.WAV,recover-20250317,UBNA_026,Central Pond
LF,20160.0,1.8394375716546225,208.7595,208.7652,21171.0,49962.0,Echolocation,Myotis nattereri,0.18,0.201,-1,192000.0,/mnt/ubna_data_05/recover-20250317/UBNA_026/20250310_171000.WAV,recover-20250317,UBNA_026,Central Pond
HF,46080.0,2.9206074876006083,217.8855,217.8914,46093.0,51880.0,Echolocation,Pipistrellus pipistrellus,0.202,0.223,-1,192000.0,/mnt/ubna_data_05/recover-20250317/UBNA_026/20250310_171000.WAV,recover-20250317,UBNA_026,Central Pond
HF,47040.0,-8.607605720309081,219.2505,219.2567,46953.0,53799.0,Echolocation,Pipistrellus pipistrellus,0.213,0.224,-1,192000.0,/mnt/ubna_data_05/recover-20250317/UBNA_026/20250310_171000.WAV,recover-20250317,UBNA_026,Central Pond
LF,24000.0,1.5187643228310501,221.1055,221.1118,21171.0,49806.0,Echolocation,Myotis nattereri,0.204,0.231,-1,192000.0,/mnt/ubna_data_05/recover-20250317/UBNA_026/20250310_171000.WAV,recover-20250317,UBNA_026,Central Pond
LF,23040.0,3.70150058677019,221.4415,221.4476,21171.0,52057.0,Echolocation,Myotis nattereri,0.2,0.219,-1,192000.0,/mnt/ubna_data_05/recover-20250317/UBNA_026/20250310_171000.WAV,recover-20250317,UBNA_026,Central Pond
HF,41280.0,6.000238298718906,224.0475,224.0513,24609.0,59558.0,Echolocation,Myotis nattereri,0.213,0.246,-1,192000.0,/mnt/ubna_data_05/recover-20250317/UBNA_026/20250310_171000.WAV,recover-20250317,UBNA_026,Central Pond
LF,23040.0,-3.2914662760546074,226.2505,226.256,22031.0,48004.0,Echolocation,Myotis nattereri,0.183,0.208,-1,192000.0,/mnt/ubna_data_05/recover-20250317/UBNA_026/20250310_171000.WAV,recover-20250317,UBNA_026,Central Pond
HF,46080.0,8.074129544827802,228.8675,228.8721,41796.0,51179.0,Echolocation,Pipistrellus pipistrellus,0.12,0.281,-1,192000.0,/mnt/ubna_data_05/recover-20250317/UBNA_026/20250310_171000.WAV,recover-20250317,UBNA_026,Central Pond
HF,45120.0,-1.9088726653574895,231.7835,231.7897,43515.0,48658.0,Echolocation,Pipistrellus pipistrellus,0.19,0.2,-1,192000.0,/mnt/ubna_data_05/recover-20250317/UBNA_026/20250310_171000.WAV,recover-20250317,UBNA_026,Central Pond
HF,44160.0,1.6206794420280477,240.4915,240.498,42656.0,52143.0,Echolocation,Pipistrellus pipistrellus,0.192,0.222,-1,192000.0,/mnt/ubna_data_05/recover-20250317/UBNA_026/20250310_171000.WAV,recover-20250317,UBNA_026,Central Pond
LF,23040.0,3.441346149135274,242.2845,242.2898,20312.0,52886.0,Echolocation,Myotis nattereri,0.232,0.267,-1,192000.0,/mnt/ubna_data_05/recover-20250317/UBNA_026/20250310_171000.WAV,recover-20250317,UBNA_026,Central Pond
HF,45120.0,4.291532741550916,243.6125,243.6176,22890.0,64065.0,Echolocation,Myotis nattereri,0.242,0.256,-1,192000.0,/mnt/ubna_data_05/recover-20250317/UBNA_026/20250310_171000.WAV,recover-20250317,UBNA_026,Central Pond
LF,21120.0,-1.9916165085080415,245.0365,245.0422,22031.0,31819.0,Echolocation,Plecotus austriacus,0.198,0.302,-1,192000.0,/mnt/ubna_data_05/recover-20250317/UBNA_026/20250310_171000.WAV,recover-20250317,UBNA_026,Central Pond
LF,23040.0,2.465826502948945,250.9455,250.951,22890.0,50708.0,Echolocation,Myotis nattereri,0.212,0.233,-1,192000.0,/mnt/ubna_data_05/recover-20250317/UBNA_026/20250310_171000.WAV,recover-20250317,UBNA_026,Central Pond
HF,43200.0,-0.7055398269356318,251.4705,251.4768,41796.0,46398.0,Echolocation,Pipistrellus pipistrellus,0.213,0.252,-1,192000.0,/mnt/ubna_data_05/recover-20250317/UBNA_026/20250310_171000.WAV,recover-20250317,UBNA_026,Central Pond
HF,78720.0,-3.6557964332198094,252.6515,252.6864,68437.0,82159.0,Echolocation,Rhinolophus ferrumequinum,0.212,0.212,-1,192000.0,/mnt/ubna_data_05/recover-20250317/UBNA_026/20250310_171000.WAV,recover-20250317,UBNA_026,Central Pond
LF,24000.0,8.17263554850063,253.3265,253.3316,22890.0,47449.0,Echolocation,Myotis nattereri,0.183,0.206,-1,192000.0,/mnt/ubna_data_05/recover-20250317/UBNA_026/20250310_171000.WAV,recover-20250317,UBNA_026,Central Pond
HF,48960.0,3.27629061001625,260.8105,260.8154,46953.0,56129.0,Echolocation,Pipistrellus pipistrellus,0.218,0.232,-1,192000.0,/mnt/ubna_data_05/recover-20250317/UBNA_026/20250310_171000.WAV,recover-20250317,UBNA_026,Central Pond
LF,22080.0,2.805709686230747,261.5065,261.5109,24609.0,47648.0,Echolocation,Myotis nattereri,0.148,0.23,-1,192000.0,/mnt/ubna_data_05/recover-20250317/UBNA_026/20250310_171000.WAV,recover-20250317,UBNA_026,Central Pond
LF,21120.0,-0.8601527120071648,262.8315,262.8375,20312.0,29556.0,Echolocation,Plecotus austriacus,0.117,0.206,-1,192000.0,/mnt/ubna_data_05/recover-20250317/UBNA_026/20250310_171000.WAV,recover-20250317,UBNA_026,Central Pond
LF,22080.0,3.9193772691053237,263.0185,263.0241,19453.0,51910.0,Echolocation,Myotis nattereri,0.188,0.202,-1,192000.0,/mnt/ubna_data_05/recover-20250317/UBNA_026/20250310_171000.WAV,recover-20250317,UBNA_026,Central Pond
LF,23040.0,2.695293697234961,263.4155,263.4212,22890.0,50252.0,Echolocation,Myotis nattereri,0.167,0.205,-1,192000.0,/mnt/ubna_data_05/recover-20250317/UBNA_026/20250310_171000.WAV,recover-20250317,UBNA_026,Central Pond
LF,20160.0,3.9751446488711335,266.7365,266.7419,21171.0,53754.0,Echolocation,Myotis nattereri,0.298,0.322,-1,192000.0,/mnt/ubna_data_05/recover-20250317/UBNA_026/20250310_171000.WAV,recover-20250317,UBNA_026,Central Pond
HF,45120.0,13.870928798497301,267.2775,267.2825,32343.0,74777.0,Echolocation,Myotis daubentonii,0.087,0.201,-1,192000.0,/mnt/ubna_data_05/recover-20250317/UBNA_026/20250310_171000.WAV,recover-20250317,UBNA_026,Central Pond
LF,23040.0,6.242856950540904,269.0735,269.0793,20312.0,53185.0,Echolocation,Myotis nattereri,0.217,0.248,-1,192000.0,/mnt/ubna_data_05/recover-20250317/UBNA_026/20250310_171000.WAV,recover-20250317,UBNA_026,Central Pond
HF,70080.0,-14.410687556783486,269.2755,269.3051,68437.0,81681.0,Echolocation,Rhinolophus ferrumequinum,0.204,0.204,-1,192000.0,/mnt/ubna_data_05/recover-20250317/UBNA_026/20250310_171000.WAV,recover-20250317,UBNA_026,Central Pond
HF,46080.0,3.783285499269113,271.1475,271.1534,45234.0,49789.0,Echolocation,Pipistrellus pipistrellus,0.295,0.315,-1,192000.0,/mnt/ubna_data_05/recover-20250317/UBNA_026/20250310_171000.WAV,recover-20250317,UBNA_026,Central Pond
HF,61440.0,12.98098535569181,272.3495,272.3547,60703.0,66530.0,Echolocation,Pipistrellus pygmaeus,0.216,0.218,-1,192000.0,/mnt/ubna_data_05/recover-20250317/UBNA_026/20250310_171000.WAV,recover-20250317,UBNA_026,Central Pond
LF,20160.0,4.022772380599187,273.3645,273.3706,18593.0,53449.0,Echolocation,Myotis nattereri,0.207,0.215,-1,192000.0,/mnt/ubna_data_05/recover-20250317/UBNA_026/20250310_171000.WAV,recover-20250317,UBNA_026,Central Pond
LF,23040.0,2.9869743702933054,273.7245,273.7299,22031.0,36951.0,Echolocation,Plecotus austriacus,0.107,0.211,-1,192000.0,/mnt/ubna_data_05/recover-20250317/UBNA_026/20250310_171000.WAV,recover-20250317,UBNA_026,Central Pond
LF,20160.0,4.169392455687863,274.7995,274.8058,20312.0,55169.0,Echolocation,Myotis nattereri,0.211,0.219,-1,192000.0,/mnt/ubna_data_05/recover-20250317/UBNA_026/20250310_171000.WAV,recover-20250317,UBNA_026,Central Pond
LF,21120.0,-1.1322813139424024,276.0015,276.0055,20312.0,53668.0,Echolocation,Myotis nattereri,0.353,0.412,-1,192000.0,/mnt/ubna_data_05/recover-20250317/UBNA_026/20250310_171000.WAV,recover-20250317,UBNA_026,Central Pond
HF,54720.0,5.883669887026953,276.0885,276.0938,52109.0,58152.0,Echolocation,Pipistrellus pipistrellus,0.191,0.204,-1,192000.0,/mnt/ubna_data_05/recover-20250317/UBNA_026/20250310_171000.WAV,recover-20250317,UBNA_026,Central Pond
HF,50880.0,8.970347032702017,276.0995,276.1064,49531.0,57705.0,Echolocation,Pipistrellus pipistrellus,0.243,0.248,-1,192000.0,/mnt/ubna_data_05/recover-20250317/UBNA_026/20250310_171000.WAV,recover-20250317,UBNA_026,Central Pond
LF,20160.0,2.6181171398641774,280.2575,280.2619,21171.0,48856.0,Echolocation,Myotis nattereri,0.25,0.29,-1,192000.0,/mnt/ubna_data_05/recover-20250317/UBNA_026/20250310_171000.WAV,recover-20250317,UBNA_026,Central Pond
LF,20160.0,1.8787675851665604,280.5695,280.5748,21171.0,52924.0,Echolocation,Myotis nattereri,0.191,0.204,-1,192000.0,/mnt/ubna_data_05/recover-20250317/UBNA_026/20250310_171000.WAV,recover-20250317,UBNA_026,Central Pond
LF,23040.0,0.5174320430737769,281.2415,281.2468,22890.0,48172.0,Echolocation,Myotis nattereri,0.231,0.287,-1,192000.0,/mnt/ubna_data_05/recover-20250317/UBNA_026/20250310_171000.WAV,recover-20250317,UBNA_026,Central Pond
LF,25920.0,3.5893940368881463,281.7435,281.748,23750.0,50202.0,Echolocation,Myotis nattereri,0.275,0.317,-1,192000.0,/mnt/ubna_data_05/recover-20250317/UBNA_026/20250310_171000.WAV,recover-20250317,UBNA_026,Central Pond
LF,24000.0,5.583241700064018,282.91949999999997,282.9252,20312.0,53247.0,Echolocation,Myotis nattereri,0.197,0.211,-1,192000.0,/mnt/ubna_data_05/recover-20250317/UBNA_026/20250310_171000.WAV,recover-20250317,UBNA_026,Central Pond
LF,20160.0,1.8961694588537312,287.1245,287.1311,19453.0,49255.0,Echolocation,Myotis nattereri,0.187,0.211,-1,192000.0,/mnt/ubna_data_05/recover-20250317/UBNA_026/20250310_171000.WAV,recover-20250317,UBNA_026,Central Pond
LF,23040.0,-2.5001439017954343,287.7495,287.7545,22031.0,49721.0,Echolocation,Myotis nattereri,0.232,0.261,-1,192000.0,/mnt/ubna_data_05/recover-20250317/UBNA_026/20250310_171000.WAV,recover-20250317,UBNA_026,Central Pond
LF,23040.0,1.4015083475669106,287.9235,287.9297,20312.0,52478.0,Echolocation,Myotis nattereri,0.198,0.211,-1,192000.0,/mnt/ubna_data_05/recover-20250317/UBNA_026/20250310_171000.WAV,recover-20250317,UBNA_026,Central Pond
HF,39360.0,9.374956759375166,291.1625,291.1672,24609.0,70659.0,Echolocation,Myotis nattereri,0.285,0.322,-1,192000.0,/mnt/ubna_data_05/recover-20250317/UBNA_026/20250310_171000.WAV,recover-20250317,UBNA_026,Central Pond
HF,47040.0,3.279306442258005,294.7475,294.7528,46093.0,54426.0,Echolocation,Pipistrellus pipistrellus,0.315,0.343,-1,192000.0,/mnt/ubna_data_05/recover-20250317/UBNA_026/20250310_171000.WAV,recover-20250317,UBNA_026,Central Pond
HF,42240.0,11.594771844910902,294.8415,294.8462,24609.0,71878.0,Echolocation,Myotis nattereri,0.204,0.231,-1,192000.0,/mnt/ubna_data_05/recover-20250317/UBNA_026/20250310_171000.WAV,recover-20250317,UBNA_026,Central Pond
LF,24000.0,0.959676341218628,298.9635,298.9689,21171.0,49146.0,Echolocation,Myotis nattereri,0.194,0.223,-1,192000.0,/mnt/ubna_data_05/recover-20250317/UBNA_026/20250310_171000.WAV,recover-20250317,UBNA_026,Central Pond
LF,21120.0,1.1058905118475573,1.8295,1.8351,22031.0,48803.0,Echolocation,Myotis nattereri,0.169,0.201,-1,192000.0,/mnt/ubna_data_05/recover-20250317/UBNA_026/20250310_172000.WAV,recover-20250317,UBNA_026,Central Pond
LF,21120.0,7.675366164818465,3.4675,3.4728,17734.0,56354.0,Echolocation,Myotis nattereri,0.206,0.214,-1,192000.0,/mnt/ubna_data_05/recover-20250317/UBNA_026/20250310_172000.WAV,recover-20250317,UBNA_026,Central Pond
LF,24960.0,8.266834079689708,6.4535,6.4583,22031.0,41761.0,Echolocation,Plecotus austriacus,0.153,0.307,-1,192000.0,/mnt/ubna_data_05/recover-20250317/UBNA_026/20250310_172000.WAV,recover-20250317,UBNA_026,Central Pond
LF,21120.0,1.258048021339184,6.6945,6.6998,22031.0,52195.0,Echolocation,Myotis nattereri,0.234,0.263,-1,192000.0,/mnt/ubna_data_05/recover-20250317/UBNA_026/20250310_172000.WAV,recover-20250317,UBNA_026,Central Pond
LF,23040.0,0.9097804407383687,7.7645,7.7687,24609.0,40774.0,Echolocation,Plecotus austriacus,0.183,0.262,-1,192000.0,/mnt/ubna_data_05/recover-20250317/UBNA_026/20250310_172000.WAV,recover-20250317,UBNA_026,Central Pond
LF,22080.0,0.2840441000929208,7.8005,7.8047,23750.0,51631.0,Echolocation,Myotis nattereri,0.235,0.262,-1,192000.0,/mnt/ubna_data_05/recover-20250317/UBNA_026/20250310_172000.WAV,recover-20250317,UBNA_026,Central Pond
LF,22080.0,-0.2932583605457276,8.0715,8.0759,24609.0,43460.0,Echolocation,Myotis nattereri,0.121,0.203,-1,192000.0,/mnt/ubna_data_05/recover-20250317/UBNA_026/20250310_172000.WAV,recover-20250317,UBNA_026,Central Pond
HF,46080.0,-2.7613843414684296,22.5875,22.5949,45234.0,50073.0,Echolocation,Pipistrellus pipistrellus,0.202,0.211,-1,192000.0,/mnt/ubna_data_05/recover-20250317/UBNA_026/20250310_172000.WAV,recover-20250317,UBNA_026,Central Pond
HF,43200.0,8.928589345989913,32.3085,32.314,22890.0,64702.0,Echolocation,Myotis nattereri,0.194,0.213,-1,192000.0,/mnt/ubna_data_05/recover-20250317/UBNA_026/20250310_172000.WAV,recover-20250317,UBNA_026,Central Pond
LF,20160.0,1.289569644644032,87.6725,87.6771,20312.0,52050.0,Echolocation,Myotis nattereri,0.311,0.343,-1,192000.0,/mnt/ubna_data_05/recover-20250317/UBNA_026/20250310_172000.WAV,recover-20250317,UBNA_026,Central Pond
HF,41280.0,9.390081621883384,117.48349999999999,117.4876,17734.0,65125.0,Echolocation,Myotis nattereri,0.191,0.202,-1,192000.0,/mnt/ubna_data_05/recover-20250317/UBNA_026/20250310_172000.WAV,recover-20250317,UBNA_026,Central Pond
LF,20160.0,1.9852927763944348,135.1625,135.1678,21171.0,55897.0,Echolocation,Myotis nattereri,0.204,0.222,-1,192000.0,/mnt/ubna_data_05/recover-20250317/UBNA_026/20250310_172000.WAV,recover-20250317,UBNA_026,Central Pond
LF,20160.0,1.9328246133722944,135.7935,135.799,22031.0,52555.0,Echolocation,Myotis nattereri,0.191,0.209,-1,192000.0,/mnt/ubna_data_05/recover-20250317/UBNA_026/20250310_172000.WAV,recover-20250317,UBNA_026,Central Pond
HF,43200.0,4.389902370828573,138.0015,138.0063,37500.0,71302.0,Echolocation,Myotis mystacinus,0.088,0.245,-1,192000.0,/mnt/ubna_data_05/recover-20250317/UBNA_026/20250310_172000.WAV,recover-20250317,UBNA_026,Central Pond
HF,46080.0,6.528771975892148,140.3655,140.3693,25468.0,60946.0,Echolocation,Myotis nattereri,0.229,0.268,-1,192000.0,/mnt/ubna_data_05/recover-20250317/UBNA_026/20250310_172000.WAV,recover-20250317,UBNA_026,Central Pond
LF,25920.0,1.7862076134226585,159.1805,159.1856,22890.0,49142.0,Echolocation,Myotis nattereri,0.2,0.234,-1,192000.0,/mnt/ubna_data_05/recover-20250317/UBNA_026/20250310_172000.WAV,recover-20250317,UBNA_026,Central Pond
LF,24000.0,3.6969874673465135,161.2205,161.225,23750.0,40703.0,Echolocation,Myotis nattereri,0.122,0.207,-1,192000.0,/mnt/ubna_data_05/recover-20250317/UBNA_026/20250310_172000.WAV,recover-20250317,UBNA_026,Central Pond
HF,45120.0,2.302007206542941,162.2535,162.2583,22890.0,57459.0,Echolocation,Myotis nattereri,0.197,0.219,-1,192000.0,/mnt/ubna_data_05/recover-20250317/UBNA_026/20250310_172000.WAV,recover-20250317,UBNA_026,Central Pond
LF,20160.0,0.8774234243175426,179.1625,179.167,19453.0,56107.0,Echolocation,Myotis nattereri,0.22,0.23,-1,192000.0,/mnt/ubna_data_05/recover-20250317/UBNA_026/20250310_172000.WAV,recover-20250317,UBNA_026,Central Pond
HF,45120.0,5.586015183347871,180.0125,180.0166,25468.0,52335.0,Echolocation,Myotis nattereri,0.207,0.346,-1,192000.0,/mnt/ubna_data_05/recover-20250317/UBNA_026/20250310_172000.WAV,recover-20250317,UBNA_026,Central Pond
HF,46080.0,-5.911187009455393,187.3105,187.3166,45234.0,50498.0,Echolocation,Pipistrellus pipistrellus,0.19,0.203,-1,192000.0,/mnt/ubna_data_05/recover-20250317/UBNA_026/20250310_172000.WAV,recover-20250317,UBNA_026,Central Pond
LF,20160.0,1.8836529498847556,188.8805,188.8949,20312.0,26614.0,Echolocation,Nyctalus noctula,0.084,0.201,-1,192000.0,/mnt/ubna_data_05/recover-20250317/UBNA_026/20250310_172000.WAV,recover-20250317,UBNA_026,Central Pond
LF,21120.0,0.8799292011481218,191.4735,191.4783,23750.0,48205.0,Echolocation,Myotis nattereri,0.196,0.255,-1,192000.0,/mnt/ubna_data_05/recover-20250317/UBNA_026/20250310_172000.WAV,recover-20250317,UBNA_026,Central Pond
HF,44160.0,4.2322760830340735,197.6165,197.6206,23750.0,68598.0,Echolocation,Myotis nattereri,0.31,0.332,-1,192000.0,/mnt/ubna_data_05/recover-20250317/UBNA_026/20250310_172000.WAV,recover-20250317,UBNA_026,Central Pond
LF,21120.0,0.5069483418977914,201.6365,201.6412,23750.0,50953.0,Echolocation,Myotis nattereri,0.264,0.321,-1,192000.0,/mnt/ubna_data_05/recover-20250317/UBNA_026/20250310_172000.WAV,recover-20250317,UBNA_026,Central Pond
HF,44160.0,4.459129079282324,202.9035,202.9084,24609.0,66862.0,Echolocation,Myotis nattereri,0.19,0.25,-1,192000.0,/mnt/ubna_data_05/recover-20250317/UBNA_026/20250310_172000.WAV,recover-20250317,UBNA_026,Central Pond
HF,44160.0,11.455030551259998,203.6305,203.6345,23750.0,83880.0,Echolocation,Myotis nattereri,0.23,0.242,-1,192000.0,/mnt/ubna_data_05/recover-20250317/UBNA_026/20250310_172000.WAV,recover-20250317,UBNA_026,Central Pond
HF,46080.0,4.642382239784372,204.0165,204.0208,23750.0,71765.0,Echolocation,Myotis nattereri,0.21,0.225,-1,192000.0,/mnt/ubna_data_05/recover-20250317/UBNA_026/20250310_172000.WAV,recover-20250317,UBNA_026,Central Pond
HF,47040.0,3.120390823252284,205.5255,205.5318,46093.0,50412.0,Echolocation,Pipistrellus pipistrellus,0.205,0.223,-1,192000.0,/mnt/ubna_data_05/recover-20250317/UBNA_026/20250310_172000.WAV,recover-20250317,UBNA_026,Central Pond
LF,19200.0,-0.4256316884959196,209.9085,209.9257,20312.0,23270.0,Echolocation,Nyctalus leisleri,0.23,0.272,-1,192000.0,/mnt/ubna_data_05/recover-20250317/UBNA_026/20250310_172000.WAV,recover-20250317,UBNA_026,Central Pond
HF,54720.0,5.8560017786035745,210.6045,210.6093,51250.0,57700.0,Echolocation,Pipistrellus pipistrellus,0.28,0.319,-1,192000.0,/mnt/ubna_data_05/recover-20250317/UBNA_026/20250310_172000.WAV,recover-20250317,UBNA_026,Central Pond
HF,47040.0,12.41265723008263,211.1315,211.1358,27187.0,77775.0,Echolocation,Myotis nattereri,0.168,0.214,-1,192000.0,/mnt/ubna_data_05/recover-20250317/UBNA_026/20250310_172000.WAV,recover-20250317,UBNA_026,Central Pond
LF,23040.0,4.0008061993031,212.0035,212.0105,22031.0,31071.0,Echolocation,Plecotus austriacus,0.125,0.203,-1,192000.0,/mnt/ubna_data_05/recover-20250317/UBNA_026/20250310_172000.WAV,recover-20250317,UBNA_026,Central Pond
HF,46080.0,4.500627781730756,212.7695,212.7737,23750.0,65374.0,Echolocation,Myotis nattereri,0.197,0.212,-1,192000.0,/mnt/ubna_data_05/recover-20250317/UBNA_026/20250310_172000.WAV,recover-20250317,UBNA_026,Central Pond
HF,48960.0,8.949067043041566,213.7575,213.7638,47812.0,54865.0,Echolocation,Pipistrellus pipistrellus,0.196,0.2,-1,192000.0,/mnt/ubna_data_05/recover-20250317/UBNA_026/20250310_172000.WAV,recover-20250317,UBNA_026,Central Pond
HF,53760.0,-15.733101493275106,216.5485,216.5555,52968.0,57113.0,Echolocation,Pipistrellus pygmaeus,0.196,0.239,-1,192000.0,/mnt/ubna_data_05/recover-20250317/UBNA_026/20250310_172000.WAV,recover-20250317,UBNA_026,Central Pond
HF,43200.0,5.511897648529452,219.4575,219.4615,26328.0,59048.0,Echolocation,Myotis daubentonii,0.278,0.359,-1,192000.0,/mnt/ubna_data_05/recover-20250317/UBNA_026/20250310_172000.WAV,recover-20250317,UBNA_026,Central Pond
HF,46080.0,13.504946482530693,226.1035,226.1081,16875.0,86404.0,Echolocation,Myotis nattereri,0.209,0.213,-1,192000.0,/mnt/ubna_data_05/recover-20250317/UBNA_026/20250310_172000.WAV,recover-20250317,UBNA_026,Central Pond
LF,23040.0,1.6251995424038614,226.6825,226.6882,22031.0,37266.0,Echolocation,Plecotus austriacus,0.147,0.275,-1,192000.0,/mnt/ubna_data_05/recover-20250317/UBNA_026/20250310_172000.WAV,recover-20250317,UBNA_026,Central Pond
HF,81600.0,5.3244944511082455,230.6265,230.6319,80468.0,93673.0,Echolocation,Pipistrellus pygmaeus,0.24,0.245,-1,192000.0,/mnt/ubna_data_05/recover-20250317/UBNA_026/20250310_172000.WAV,recover-20250317,UBNA_026,Central Pond
LF,22080.0,0.853122079807128,234.7235,234.7286,20312.0,53372.0,Echolocation,Myotis nattereri,0.212,0.227,-1,192000.0,/mnt/ubna_data_05/recover-20250317/UBNA_026/20250310_172000.WAV,recover-20250317,UBNA_026,Central Pond
HF,43200.0,7.437707749942426,240.9455,240.9512,43515.0,48562.0,Echolocation,Pipistrellus pipistrellus,0.159,0.202,-1,192000.0,/mnt/ubna_data_05/recover-20250317/UBNA_026/20250310_172000.WAV,recover-20250317,UBNA_026,Central Pond
HF,43200.0,7.38359532888216,244.0015,244.0054,24609.0,50700.0,Echolocation,Myotis nattereri,0.1,0.256,-1,192000.0,/mnt/ubna_data_05/recover-20250317/UBNA_026/20250310_172000.WAV,recover-20250317,UBNA_026,Central Pond
HF,43200.0,13.855879954037626,244.0015,244.0053,37500.0,57584.0,Echolocation,Myotis daubentonii,0.133,0.23,-1,192000.0,/mnt/ubna_data_05/recover-20250317/UBNA_026/20250310_172000.WAV,recover-20250317,UBNA_026,Central Pond
HF,45120.0,-8.889022617019386,245.4795,245.4864,45234.0,48507.0,Echolocation,Pipistrellus pipistrellus,0.224,0.257,-1,192000.0,/mnt/ubna_data_05/recover-20250317/UBNA_026/20250310_172000.WAV,recover-20250317,UBNA_026,Central Pond
HF,43200.0,1.454349259608216,245.5655,245.5695,24609.0,74779.0,Echolocation,Myotis nattereri,0.201,0.217,-1,192000.0,/mnt/ubna_data_05/recover-20250317/UBNA_026/20250310_172000.WAV,recover-20250317,UBNA_026,Central Pond
HF,43200.0,6.795858957415293,246.8055,246.8099,29765.0,49312.0,Echolocation,Myotis daubentonii,0.223,0.279,-1,192000.0,/mnt/ubna_data_05/recover-20250317/UBNA_026/20250310_172000.WAV,recover-20250317,UBNA_026,Central Pond
HF,43200.0,7.8694469010688985,246.8705,246.8751,19453.0,75883.0,Echolocation,Myotis nattereri,0.208,0.22,-1,192000.0,/mnt/ubna_data_05/recover-20250317/UBNA_026/20250310_172000.WAV,recover-20250317,UBNA_026,Central Pond
LF,22080.0,1.669628393187371,247.5695,247.5753,21171.0,52890.0,Echolocation,Myotis nattereri,0.239,0.263,-1,192000.0,/mnt/ubna_data_05/recover-20250317/UBNA_026/20250310_172000.WAV,recover-20250317,UBNA_026,Central Pond
HF,43200.0,-0.2969694134728396,254.4685,254.47390000000001,22890.0,63808.0,Echolocation,Myotis nattereri,0.189,0.202,-1,192000.0,/mnt/ubna_data_05/recover-20250317/UBNA_026/20250310_172000.WAV,recover-20250317,UBNA_026,Central Pond
HF,53760.0,7.562228270251916,256.16949999999997,256.1752,52109.0,60157.0,Echolocation,Pipistrellus pygmaeus,0.198,0.232,-1,192000.0,/mnt/ubna_data_05/recover-20250317/UBNA_026/20250310_172000.WAV,recover-20250317,UBNA_026,Central Pond
LF,24960.0,1.0414143920815246,257.3815,257.387,22031.0,48725.0,Echolocation,Myotis nattereri,0.172,0.208,-1,192000.0,/mnt/ubna_data_05/recover-20250317/UBNA_026/20250310_172000.WAV,recover-20250317,UBNA_026,Central Pond
LF,21120.0,3.8007893830433885,257.4095,257.4158,19453.0,50089.0,Echolocation,Myotis nattereri,0.193,0.215,-1,192000.0,/mnt/ubna_data_05/recover-20250317/UBNA_026/20250310_172000.WAV,recover-20250317,UBNA_026,Central Pond
HF,53760.0,5.043952431238562,265.0485,265.0543,53828.0,62917.0,Echolocation,Pipistrellus pygmaeus,0.194,0.211,-1,192000.0,/mnt/ubna_data_05/recover-20250317/UBNA_026/20250310_172000.WAV,recover-20250317,UBNA_026,Central Pond
HF,45120.0,0.437785743713515,267.4515,267.4578,45234.0,54145.0,Echolocation,Pipistrellus pipistrellus,0.215,0.221,-1,192000.0,/mnt/ubna_data_05/recover-20250317/UBNA_026/20250310_172000.WAV,recover-20250317,UBNA_026,Central Pond
HF,48000.0,-9.394082962409833,270.9805,270.9858,46093.0,56434.0,Echolocation,Pipistrellus pipistrellus,0.241,0.263,-1,192000.0,/mnt/ubna_data_05/recover-20250317/UBNA_026/20250310_172000.WAV,recover-20250317,UBNA_026,Central Pond
HF,72000.0,-10.10043610448033,273.1545,273.1857,68437.0,82302.0,Echolocation,Rhinolophus ferrumequinum,0.205,0.205,-1,192000.0,/mnt/ubna_data_05/recover-20250317/UBNA_026/20250310_172000.WAV,recover-20250317,UBNA_026,Central Pond
HF,44160.0,2.4552480631921227,276.0035,276.0076,24609.0,56998.0,Echolocation,Myotis nattereri,0.306,0.362,-1,192000.0,/mnt/ubna_data_05/recover-20250317/UBNA_026/20250310_172000.WAV,recover-20250317,UBNA_026,Central Pond
LF,22080.0,0.5715918428964295,277.1905,277.1966,22890.0,32676.0,Echolocation,Plecotus austriacus,0.142,0.272,-1,192000.0,/mnt/ubna_data_05/recover-20250317/UBNA_026/20250310_172000.WAV,recover-20250317,UBNA_026,Central Pond
HF,45120.0,1.5010881103603981,281.0125,281.0178,44375.0,66709.0,Echolocation,Pipistrellus pipistrellus,0.115,0.2,-1,192000.0,/mnt/ubna_data_05/recover-20250317/UBNA_026/20250310_172000.WAV,recover-20250317,UBNA_026,Central Pond
LF,23040.0,0.5972085559267406,290.5125,290.517,20312.0,51344.0,Echolocation,Myotis nattereri,0.194,0.212,-1,192000.0,/mnt/ubna_data_05/recover-20250317/UBNA_026/20250310_172000.WAV,recover-20250317,UBNA_026,Central Pond
LF,24000.0,2.203577408840738,291.7155,291.724,22031.0,35207.0,Echolocation,Plecotus austriacus,0.133,0.231,-1,192000.0,/mnt/ubna_data_05/recover-20250317/UBNA_026/20250310_172000.WAV,recover-20250317,UBNA_026,Central Pond
HF,47040.0,-0.37540280632883055,296.9515,296.9586,46953.0,54951.0,Echolocation,Pipistrellus pipistrellus,0.235,0.239,-1,192000.0,/mnt/ubna_data_05/recover-20250317/UBNA_026/20250310_172000.WAV,recover-20250317,UBNA_026,Central Pond
LF,23040.0,8.428305972681077,89.2385,89.2427,19453.0,44159.0,Echolocation,Plecotus austriacus,0.131,0.227,-1,192000.0,/mnt/ubna_data_05/recover-20250317/UBNA_026/20250310_174000.WAV,recover-20250317,UBNA_026,Central Pond
LF,22080.0,5.010305307268144,191.6815,191.6866,20312.0,36729.0,Echolocation,Plecotus austriacus,0.163,0.219,-1,192000.0,/mnt/ubna_data_05/recover-20250317/UBNA_026/20250310_174000.WAV,recover-20250317,UBNA_026,Central Pond
LF,24960.0,1.2235987567677762,232.3885,232.3986,22890.0,29671.0,Echolocation,Eptesicus serotinus,0.074,0.242,-1,192000.0,/mnt/ubna_data_05/recover-20250317/UBNA_026/20250310_174000.WAV,recover-20250317,UBNA_026,Central Pond
LF,18240.0,3.0917249592252216,281.4855,281.5076,17734.0,20277.0,Echolocation,Nyctalus noctula,0.14,0.213,-1,192000.0,/mnt/ubna_data_05/recover-20250317/UBNA_026/20250310_175000.WAV,recover-20250317,UBNA_026,Central Pond
LF,29760.0,1.924748607265039,110.4255,110.43690000000001,28906.0,34904.0,Echolocation,Eptesicus serotinus,0.153,0.234,-1,192000.0,/mnt/ubna_data_05/recover-20250317/UBNA_026/20250310_180000.WAV,recover-20250317,UBNA_026,Central Pond
LF,21120.0,1.9633761894380029,231.0575,231.0785,20312.0,23801.0,Echolocation,Nyctalus leisleri,0.197,0.337,-1,192000.0,/mnt/ubna_data_05/recover-20250317/UBNA_026/20250310_181000.WAV,recover-20250317,UBNA_026,Central Pond
LF,23040.0,-0.19983947745092834,7.2275,7.2399,23750.0,29315.0,Echolocation,Nyctalus leisleri,0.077,0.215,-1,192000.0,/mnt/ubna_data_05/recover-20250317/UBNA_026/20250310_182000.WAV,recover-20250317,UBNA_026,Central Pond
LF,21120.0,6.73550386672135,39.5445,39.5528,19453.0,27943.0,Echolocation,Plecotus austriacus,0.095,0.223,-1,192000.0,/mnt/ubna_data_05/recover-20250317/UBNA_026/20250310_182000.WAV,recover-20250317,UBNA_026,Central Pond
LF,21120.0,0.7671114836291779,52.073499999999996,52.0887,20312.0,26130.0,Echolocation,Nyctalus noctula,0.138,0.208,-1,192000.0,/mnt/ubna_data_05/recover-20250317/UBNA_026/20250310_182000.WAV,recover-20250317,UBNA_026,Central Pond
LF,24960.0,1.2801819308908402,219.1135,219.125,25468.0,31908.0,Echolocation,Eptesicus serotinus,0.129,0.273,-1,192000.0,/mnt/ubna_data_05/recover-20250317/UBNA_026/20250310_182000.WAV,recover-20250317,UBNA_026,Central Pond
LF,24960.0,0.9960657309252416,178.4365,178.4474,25468.0,31373.0,Echolocation,Nyctalus leisleri,0.155,0.33,-1,192000.0,/mnt/ubna_data_05/recover-20250317/UBNA_026/20250310_190000.WAV,recover-20250317,UBNA_026,Central Pond
LF,29760.0,0.3690856543084584,253.9425,253.9519,28046.0,35763.0,Echolocation,Eptesicus serotinus,0.181,0.278,-1,192000.0,/mnt/ubna_data_05/recover-20250317/UBNA_026/20250310_190000.WAV,recover-20250317,UBNA_026,Central Pond
HF,40320.0,0.22818444036435379,199.1185,199.1323,38359.0,42125.0,Echolocation,Pipistrellus nathusii,0.207,0.223,-1,192000.0,/mnt/ubna_data_05/recover-20250317/UBNA_026/20250310_191000.WAV,recover-20250317,UBNA_026,Central Pond
LF,21120.0,3.994042367997297,54.1695,54.1941,20312.0,23037.0,Echolocation,Nyctalus noctula,0.119,0.225,-1,192000.0,/mnt/ubna_data_05/recover-20250317/UBNA_026/20250310_200000.WAV,recover-20250317,UBNA_026,Central Pond
LF,26880.0,1.2260647072609994,100.7755,100.7868,26328.0,32025.0,Echolocation,Eptesicus serotinus,0.096,0.207,-1,192000.0,/mnt/ubna_data_05/recover-20250317/UBNA_026/20250310_200000.WAV,recover-20250317,UBNA_026,Central Pond
LF,22080.0,1.4522019172903142,258.3595,258.379,22031.0,25350.0,Echolocation,Nyctalus noctula,0.109,0.23,-1,192000.0,/mnt/ubna_data_05/recover-20250317/UBNA_026/20250310_201000.WAV,recover-20250317,UBNA_026,Central Pond
LF,24960.0,0.9204744396142175,37.6125,37.6257,24609.0,29190.0,Echolocation,Nyctalus leisleri,0.115,0.254,-1,192000.0,/mnt/ubna_data_05/recover-20250317/UBNA_026/20250310_202000.WAV,recover-20250317,UBNA_026,Central Pond
LF,19200.0,3.548606367646676,229.2335,229.2575,16875.0,19703.0,Echolocation,Nyctalus noctula,0.23,0.324,-1,192000.0,/mnt/ubna_data_05/recover-20250317/UBNA_026/20250310_205000.WAV,recover-20250317,UBNA_026,Central Pond
LF,24960.0,0.37876448458695144,136.4055,136.4173,23750.0,28634.0,Echolocation,Nyctalus leisleri,0.134,0.29,-1,192000.0,/mnt/ubna_data_05/recover-20250317/UBNA_026/20250310_214000.WAV,recover-20250317,UBNA_026,Central Pond
LF,24960.0,0.7172254859695343,156.7865,156.7987,23750.0,29771.0,Echolocation,Nyctalus leisleri,0.085,0.23,-1,192000.0,/mnt/ubna_data_05/recover-20250317/UBNA_026/20250310_215000.WAV,recover-20250317,UBNA_026,Central Pond
LF,23040.0,1.4899540794796697,1.2995,1.3094,23750.0,31259.0,Echolocation,Eptesicus serotinus,0.127,0.269,-1,192000.0,/mnt/ubna_data_05/recover-20250317/UBNA_026/20250310_223000.WAV,recover-20250317,UBNA_026,Central Pond
LF,22080.0,0.2288944794884729,149.4715,149.4877,22890.0,27311.0,Echolocation,Nyctalus leisleri,0.117,0.205,-1,192000.0,/mnt/ubna_data_05/recover-20250317/UBNA_026/20250310_233000.WAV,recover-20250317,UBNA_026,Central Pond
LF,19200.0,0.3088117890750013,96.4885,96.5058,15156.0,19225.0,Echolocation,Nyctalus noctula,0.163,0.207,-1,192000.0,/mnt/ubna_data_05/recover-20250317/UBNA_026/20250311_000000.WAV,recover-20250317,UBNA_026,Central Pond
LF,23040.0,1.1220810402739274,264.8685,264.878,22890.0,31483.0,Echolocation,Plecotus austriacus,0.056,0.235,-1,192000.0,/mnt/ubna_data_05/recover-20250317/UBNA_026/20250311_000000.WAV,recover-20250317,UBNA_026,Central Pond
LF,24960.0,0.7008383333470174,272.4955,272.5098,24609.0,29115.0,Echolocation,Nyctalus leisleri,0.095,0.21,-1,192000.0,/mnt/ubna_data_05/recover-20250317/UBNA_026/20250311_000000.WAV,recover-20250317,UBNA_026,Central Pond
LF,28800.0,1.1483791028131851,246.8425,246.8535,27187.0,33530.0,Echolocation,Eptesicus serotinus,0.2,0.291,-1,192000.0,/mnt/ubna_data_05/recover-20250317/UBNA_026/20250311_001000.WAV,recover-20250317,UBNA_026,Central Pond
LF,26880.0,0.4324063573434355,297.8045,297.8157,26328.0,33527.0,Echolocation,Eptesicus serotinus,0.195,0.325,-1,192000.0,/mnt/ubna_data_05/recover-20250317/UBNA_026/20250311_003000.WAV,recover-20250317,UBNA_026,Central Pond
LF,28800.0,1.0639997275280895,219.1695,219.1813,28906.0,33727.0,Echolocation,Eptesicus serotinus,0.104,0.224,-1,192000.0,/mnt/ubna_data_05/recover-20250317/UBNA_026/20250311_004000.WAV,recover-20250317,UBNA_026,Central Pond
LF,21120.0,0.6060767247500115,86.63550000000001,86.6543,21171.0,25971.0,Echolocation,Nyctalus noctula,0.174,0.327,-1,192000.0,/mnt/ubna_data_05/recover-20250317/UBNA_026/20250311_011000.WAV,recover-20250317,UBNA_026,Central Pond
LF,20160.0,0.36980477918720106,256.7425,256.7649,21171.0,24749.0,Echolocation,Nyctalus noctula,0.102,0.212,-1,192000.0,/mnt/ubna_data_05/recover-20250317/UBNA_026/20250311_011000.WAV,recover-20250317,UBNA_026,Central Pond
LF,21120.0,-0.3965929326546163,285.1225,285.1363,20312.0,26810.0,Echolocation,Nyctalus noctula,0.144,0.247,-1,192000.0,/mnt/ubna_data_05/recover-20250317/UBNA_026/20250311_012000.WAV,recover-20250317,UBNA_026,Central Pond
LF,20160.0,0.4184421715082651,205.3515,205.3748,21171.0,24939.0,Echolocation,Nyctalus noctula,0.18,0.272,-1,192000.0,/mnt/ubna_data_05/recover-20250317/UBNA_026/20250311_013000.WAV,recover-20250317,UBNA_026,Central Pond
LF,26880.0,1.228147322859182,35.4755,35.485,22890.0,30595.0,Echolocation,Eptesicus serotinus,0.113,0.244,-1,192000.0,/mnt/ubna_data_05/recover-20250317/UBNA_026/20250311_015000.WAV,recover-20250317,UBNA_026,Central Pond
LF,21120.0,0.25618254457044165,175.9135,175.9333,21171.0,25209.0,Echolocation,Nyctalus noctula,0.171,0.281,-1,192000.0,/mnt/ubna_data_05/recover-20250317/UBNA_026/20250311_020000.WAV,recover-20250317,UBNA_026,Central Pond
LF,23040.0,0.6176336014330344,16.0555,16.0684,23750.0,28101.0,Echolocation,Nyctalus leisleri,0.147,0.332,-1,192000.0,/mnt/ubna_data_05/recover-20250317/UBNA_026/20250311_023000.WAV,recover-20250317,UBNA_026,Central Pond
LF,23040.0,0.23734702466236476,38.4755,38.4897,23750.0,29070.0,Echolocation,Eptesicus serotinus,0.091,0.232,-1,192000.0,/mnt/ubna_data_05/recover-20250317/UBNA_026/20250311_023000.WAV,recover-20250317,UBNA_026,Central Pond
LF,27840.0,1.5796716501419217,147.3465,147.3624,27187.0,31873.0,Echolocation,Nyctalus leisleri,0.128,0.244,-1,192000.0,/mnt/ubna_data_05/recover-20250317/UBNA_026/20250311_024000.WAV,recover-20250317,UBNA_026,Central Pond
LF,23040.0,1.0601776925212834,242.3825,242.3927,24609.0,31490.0,Echolocation,Eptesicus serotinus,0.16,0.324,-1,192000.0,/mnt/ubna_data_05/recover-20250317/UBNA_026/20250311_024000.WAV,recover-20250317,UBNA_026,Central Pond
HF,47040.0,2.4381360608796707,252.4325,252.4428,46093.0,52280.0,Echolocation,Pipistrellus pipistrellus,0.245,0.254,-1,192000.0,/mnt/ubna_data_05/recover-20250317/UBNA_026/20250311_025000.WAV,recover-20250317,UBNA_026,Central Pond
HF,46080.0,3.380006237480584,252.6885,252.7001,46093.0,52349.0,Echolocation,Pipistrellus pipistrellus,0.361,0.386,-1,192000.0,/mnt/ubna_data_05/recover-20250317/UBNA_026/20250311_025000.WAV,recover-20250317,UBNA_026,Central Pond
HF,47040.0,3.6477255930458536,252.8915,252.9014,46093.0,52839.0,Echolocation,Pipistrellus pipistrellus,0.371,0.403,-1,192000.0,/mnt/ubna_data_05/recover-20250317/UBNA_026/20250311_025000.WAV,recover-20250317,UBNA_026,Central Pond
HF,47040.0,3.058655575465105,253.0225,253.0326,46953.0,54426.0,Echolocation,Pipistrellus pipistrellus,0.276,0.289,-1,192000.0,/mnt/ubna_data_05/recover-20250317/UBNA_026/20250311_025000.WAV,recover-20250317,UBNA_026,Central Pond
HF,46080.0,7.231546750847464,253.1255,253.1366,45234.0,51311.0,Echolocation,Pipistrellus pipistrellus,0.354,0.366,-1,192000.0,/mnt/ubna_data_05/recover-20250317/UBNA_026/20250311_025000.WAV,recover-20250317,UBNA_026,Central Pond
HF,46080.0,3.635931971106526,253.2935,253.3017,46093.0,53577.0,Echolocation,Pipistrellus pipistrellus,0.425,0.452,-1,192000.0,/mnt/ubna_data_05/recover-20250317/UBNA_026/20250311_025000.WAV,recover-20250317,UBNA_026,Central Pond
HF,46080.0,5.925295072210033,253.3975,253.4045,46093.0,52010.0,Echolocation,Pipistrellus pipistrellus,0.496,0.507,-1,192000.0,/mnt/ubna_data_05/recover-20250317/UBNA_026/20250311_025000.WAV,recover-20250317,UBNA_026,Central Pond
HF,46080.0,6.750229861694475,253.5735,253.5828,44375.0,58774.0,Echolocation,Pipistrellus pipistrellus,0.349,0.404,-1,192000.0,/mnt/ubna_data_05/recover-20250317/UBNA_026/20250311_025000.WAV,recover-20250317,UBNA_026,Central Pond
HF,46080.0,8.864358797043764,253.6695,253.6778,45234.0,57173.0,Echolocation,Pipistrellus pipistrellus,0.518,0.602,-1,192000.0,/mnt/ubna_data_05/recover-20250317/UBNA_026/20250311_025000.WAV,recover-20250317,UBNA_026,Central Pond
HF,46080.0,6.122165468363185,253.7945,253.807,45234.0,58746.0,Echolocation,Pipistrellus pipistrellus,0.299,0.412,-1,192000.0,/mnt/ubna_data_05/recover-20250317/UBNA_026/20250311_025000.WAV,recover-20250317,UBNA_026,Central Pond
HF,46080.0,8.609940683671677,253.8965,253.905,46093.0,60486.0,Echolocation,Pipistrellus pipistrellus,0.501,0.57,-1,192000.0,/mnt/ubna_data_05/recover-20250317/UBNA_026/20250311_025000.WAV,recover-20250317,UBNA_026,Central Pond
HF,47040.0,13.38530448503186,254.1015,254.1105,45234.0,63039.0,Echolocation,Pipistrellus pipistrellus,0.425,0.584,-1,192000.0,/mnt/ubna_data_05/recover-20250317/UBNA_026/20250311_025000.WAV,recover-20250317,UBNA_026,Central Pond
HF,46080.0,20.151741052555234,254.2655,254.2763,43515.0,64521.0,Echolocation,Pipistrellus pipistrellus,0.44,0.543,-1,192000.0,/mnt/ubna_data_05/recover-20250317/UBNA_026/20250311_025000.WAV,recover-20250317,UBNA_026,Central Pond
HF,51840.0,5.384917518349377,254.3575,254.3683,50390.0,60585.0,Echolocation,Pipistrellus pipistrellus,0.186,0.227,-1,192000.0,/mnt/ubna_data_05/recover-20250317/UBNA_026/20250311_025000.WAV,recover-20250317,UBNA_026,Central Pond
HF,45120.0,22.641358057655832,254.5205,254.5317,43515.0,66357.0,Echolocation,Pipistrellus pipistrellus,0.506,0.644,-1,192000.0,/mnt/ubna_data_05/recover-20250317/UBNA_026/20250311_025000.WAV,recover-20250317,UBNA_026,Central Pond
HF,46080.0,19.4353961101545,254.6055,254.6166,44375.0,64205.0,Echolocation,Pipistrellus pipistrellus,0.475,0.586,-1,192000.0,/mnt/ubna_data_05/recover-20250317/UBNA_026/20250311_025000.WAV,recover-20250317,UBNA_026,Central Pond
HF,47040.0,17.538893677573387,254.6935,254.7008,45234.0,60959.0,Echolocation,Pipistrellus pipistrellus,0.516,0.578,-1,192000.0,/mnt/ubna_data_05/recover-20250317/UBNA_026/20250311_025000.WAV,recover-20250317,UBNA_026,Central Pond
HF,47040.0,11.068501814261445,254.8015,254.8091,46093.0,60299.0,Echolocation,Pipistrellus pipistrellus,0.461,0.522,-1,192000.0,/mnt/ubna_data_05/recover-20250317/UBNA_026/20250311_025000.WAV,recover-20250317,UBNA_026,Central Pond
HF,48960.0,10.081527833906314,254.9205,254.9276,42656.0,58501.0,Echolocation,Pipistrellus pipistrellus,0.139,0.257,-1,192000.0,/mnt/ubna_data_05/recover-20250317/UBNA_026/20250311_025000.WAV,recover-20250317,UBNA_026,Central Pond
HF,47040.0,6.36032798497273,255.0285,255.0369,46953.0,58062.0,Echolocation,Pipistrellus pipistrellus,0.389,0.409,-1,192000.0,/mnt/ubna_data_05/recover-20250317/UBNA_026/20250311_025000.WAV,recover-20250317,UBNA_026,Central Pond
HF,50880.0,3.7615824040281156,255.1245,255.1324,48671.0,56762.0,Echolocation,Pipistrellus pipistrellus,0.201,0.204,-1,192000.0,/mnt/ubna_data_05/recover-20250317/UBNA_026/20250311_025000.WAV,recover-20250317,UBNA_026,Central Pond
HF,45120.0,10.48844546905861,255.5315,255.5444,43515.0,51884.0,Echolocation,Pipistrellus pipistrellus,0.414,0.479,-1,192000.0,/mnt/ubna_data_05/recover-20250317/UBNA_026/20250311_025000.WAV,recover-20250317,UBNA_026,Central Pond
HF,46080.0,6.644658831443247,255.7005,255.7142,45234.0,54461.0,Echolocation,Pipistrellus pipistrellus,0.372,0.46,-1,192000.0,/mnt/ubna_data_05/recover-20250317/UBNA_026/20250311_025000.WAV,recover-20250317,UBNA_026,Central Pond
HF,48000.0,4.9242979158761475,255.9025,255.9111,44375.0,60078.0,Echolocation,Pipistrellus pipistrellus,0.269,0.31,-1,192000.0,/mnt/ubna_data_05/recover-20250317/UBNA_026/20250311_025000.WAV,recover-20250317,UBNA_026,Central Pond
HF,46080.0,3.889620142481729,256.0845,256.0931,46093.0,59116.0,Echolocation,Pipistrellus pipistrellus,0.36,0.379,-1,192000.0,/mnt/ubna_data_05/recover-20250317/UBNA_026/20250311_025000.WAV,recover-20250317,UBNA_026,Central Pond
HF,51840.0,12.443208530170299,256.1845,256.191,48671.0,66195.0,Echolocation,Pipistrellus pipistrellus,0.499,0.611,-1,192000.0,/mnt/ubna_data_05/recover-20250317/UBNA_026/20250311_025000.WAV,recover-20250317,UBNA_026,Central Pond
HF,52800.0,5.105181688164517,256.27049999999997,256.2763,46953.0,63048.0,Echolocation,Pipistrellus pipistrellus,0.259,0.334,-1,192000.0,/mnt/ubna_data_05/recover-20250317/UBNA_026/20250311_025000.WAV,recover-20250317,UBNA_026,Central Pond
HF,51840.0,14.696026273765233,256.3535,256.3601,50390.0,63877.0,Echolocation,Pipistrellus pipistrellus,0.404,0.44,-1,192000.0,/mnt/ubna_data_05/recover-20250317/UBNA_026/20250311_025000.WAV,recover-20250317,UBNA_026,Central Pond
HF,48000.0,5.730086778303358,256.4435,256.4497,46093.0,58842.0,Echolocation,Pipistrellus pipistrellus,0.498,0.54,-1,192000.0,/mnt/ubna_data_05/recover-20250317/UBNA_026/20250311_025000.WAV,recover-20250317,UBNA_026,Central Pond
HF,52800.0,15.540857331483032,256.5325,256.5397,46953.0,67207.0,Echolocation,Pipistrellus pipistrellus,0.401,0.525,-1,192000.0,/mnt/ubna_data_05/recover-20250317/UBNA_026/20250311_025000.WAV,recover-20250317,UBNA_026,Central Pond
HF,48000.0,12.162775490863712,256.6275,256.6328,46953.0,61916.0,Echolocation,Pipistrellus pipistrellus,0.528,0.587,-1,192000.0,/mnt/ubna_data_05/recover-20250317/UBNA_026/20250311_025000.WAV,recover-20250317,UBNA_026,Central Pond
HF,48960.0,11.314461917789028,256.7045,256.71,46093.0,62597.0,Echolocation,Pipistrellus pipistrellus,0.606,0.659,-1,192000.0,/mnt/ubna_data_05/recover-20250317/UBNA_026/20250311_025000.WAV,recover-20250317,UBNA_026,Central Pond
HF,53760.0,6.633180327363809,256.7825,256.7881,46093.0,64005.0,Echolocation,Pipistrellus pipistrellus,0.358,0.482,-1,192000.0,/mnt/ubna_data_05/recover-20250317/UBNA_026/20250311_025000.WAV,recover-20250317,UBNA_026,Central Pond
HF,48000.0,12.620443448397204,256.9035,256.91,46093.0,65530.0,Echolocation,Pipistrellus pipistrellus,0.395,0.531,-1,192000.0,/mnt/ubna_data_05/recover-20250317/UBNA_026/20250311_025000.WAV,recover-20250317,UBNA_026,Central Pond
HF,47040.0,20.316680536121137,256.9855,256.995,46093.0,64143.0,Echolocation,Pipistrellus pipistrellus,0.374,0.594,-1,192000.0,/mnt/ubna_data_05/recover-20250317/UBNA_026/20250311_025000.WAV,recover-20250317,UBNA_026,Central Pond
HF,47040.0,20.33218687832395,257.0775,257.0845,45234.0,66550.0,Echolocation,Pipistrellus pipistrellus,0.565,0.688,-1,192000.0,/mnt/ubna_data_05/recover-20250317/UBNA_026/20250311_025000.WAV,recover-20250317,UBNA_026,Central Pond
HF,54720.0,21.365702363068323,257.1525,257.162,44375.0,69315.0,Echolocation,Pipistrellus pipistrellus,0.409,0.598,-1,192000.0,/mnt/ubna_data_05/recover-20250317/UBNA_026/20250311_025000.WAV,recover-20250317,UBNA_026,Central Pond
HF,51840.0,21.44985978905304,257.2195,257.2247,46953.0,67973.0,Echolocation,Pipistrellus pipistrellus,0.475,0.502,-1,192000.0,/mnt/ubna_data_05/recover-20250317/UBNA_026/20250311_025000.WAV,recover-20250317,UBNA_026,Central Pond
HF,51840.0,21.85207623385466,257.2955,257.3018,45234.0,72898.0,Echolocation,Pipistrellus pipistrellus,0.268,0.473,-1,192000.0,/mnt/ubna_data_05/recover-20250317/UBNA_026/20250311_025000.WAV,recover-20250317,UBNA_026,Central Pond
HF,55680.0,22.14980093240946,257.3785,257.3851,51250.0,70394.0,Echolocation,Pipistrellus pipistrellus,0.38,0.423,-1,192000.0,/mnt/ubna_data_05/recover-20250317/UBNA_026/20250311_025000.WAV,recover-20250317,UBNA_026,Central Pond
HF,51840.0,19.802045392903693,257.3805,257.3861,44375.0,82088.0,Echolocation,Pipistrellus pipistrellus,0.199,0.476,-1,192000.0,/mnt/ubna_data_05/recover-20250317/UBNA_026/20250311_025000.WAV,recover-20250317,UBNA_026,Central Pond
HF,54720.0,15.901629092352145,257.4635,257.4693,41796.0,76612.0,Echolocation,Myotis alcathoe,0.173,0.388,-1,192000.0,/mnt/ubna_data_05/recover-20250317/UBNA_026/20250311_025000.WAV,recover-20250317,UBNA_026,Central Pond
HF,47040.0,6.24696074205871,257.8965,257.9026,43515.0,54960.0,Echolocation,Pipistrellus pipistrellus,0.26,0.318,-1,192000.0,/mnt/ubna_data_05/recover-20250317/UBNA_026/20250311_025000.WAV,recover-20250317,UBNA_026,Central Pond
HF,47040.0,9.471433749642513,258.0665,258.073,46953.0,56845.0,Echolocation,Pipistrellus pipistrellus,0.444,0.465,-1,192000.0,/mnt/ubna_data_05/recover-20250317/UBNA_026/20250311_025000.WAV,recover-20250317,UBNA_026,Central Pond
HF,47040.0,12.982842177371804,258.2565,258.2629,43515.0,57845.0,Echolocation,Pipistrellus pipistrellus,0.489,0.54,-1,192000.0,/mnt/ubna_data_05/recover-20250317/UBNA_026/20250311_025000.WAV,recover-20250317,UBNA_026,Central Pond
HF,46080.0,5.7581222503257345,258.3455,258.3537,45234.0,56357.0,Echolocation,Pipistrellus pipistrellus,0.408,0.431,-1,192000.0,/mnt/ubna_data_05/recover-20250317/UBNA_026/20250311_025000.WAV,recover-20250317,UBNA_026,Central Pond
HF,46080.0,9.313142344148734,258.4895,258.4983,45234.0,59983.0,Echolocation,Pipistrellus pipistrellus,0.398,0.508,-1,192000.0,/mnt/ubna_data_05/recover-20250317/UBNA_026/20250311_025000.WAV,recover-20250317,UBNA_026,Central Pond
HF,47040.0,6.6010798057438915,258.5825,258.59159999999997,46093.0,53456.0,Echolocation,Pipistrellus pipistrellus,0.483,0.497,-1,192000.0,/mnt/ubna_data_05/recover-20250317/UBNA_026/20250311_025000.WAV,recover-20250317,UBNA_026,Central Pond
HF,47040.0,10.343162336164688,258.6705,258.6787,46953.0,58833.0,Echolocation,Pipistrellus pipistrellus,0.549,0.597,-1,192000.0,/mnt/ubna_data_05/recover-20250317/UBNA_026/20250311_025000.WAV,recover-20250317,UBNA_026,Central Pond
HF,46080.0,7.083838661119928,258.7615,258.7697,45234.0,51829.0,Echolocation,Pipistrellus pipistrellus,0.492,0.508,-1,192000.0,/mnt/ubna_data_05/recover-20250317/UBNA_026/20250311_025000.WAV,recover-20250317,UBNA_026,Central Pond
HF,46080.0,17.44079846008832,258.8655,258.8732,45234.0,63554.0,Echolocation,Pipistrellus pipistrellus,0.585,0.638,-1,192000.0,/mnt/ubna_data_05/recover-20250317/UBNA_026/20250311_025000.WAV,recover-20250317,UBNA_026,Central Pond
HF,46080.0,15.51871540611347,258.9675,258.9747,45234.0,61387.0,Echolocation,Pipistrellus pipistrellus,0.589,0.687,-1,192000.0,/mnt/ubna_data_05/recover-20250317/UBNA_026/20250311_025000.WAV,recover-20250317,UBNA_026,Central Pond
HF,47040.0,20.565971041073876,259.0565,259.0623,45234.0,65796.0,Echolocation,Pipistrellus pipistrellus,0.634,0.683,-1,192000.0,/mnt/ubna_data_05/recover-20250317/UBNA_026/20250311_025000.WAV,recover-20250317,UBNA_026,Central Pond
HF,48960.0,16.176989435910613,259.14549999999997,259.1552,46093.0,65485.0,Echolocation,Pipistrellus pipistrellus,0.407,0.559,-1,192000.0,/mnt/ubna_data_05/recover-20250317/UBNA_026/20250311_025000.WAV,recover-20250317,UBNA_026,Central Pond
HF,48000.0,18.989766168519896,259.2445,259.2522,46093.0,65341.0,Echolocation,Pipistrellus pipistrellus,0.544,0.682,-1,192000.0,/mnt/ubna_data_05/recover-20250317/UBNA_026/20250311_025000.WAV,recover-20250317,UBNA_026,Central Pond
HF,48960.0,17.195585522866807,259.3375,259.3438,46953.0,63947.0,Echolocation,Pipistrellus pipistrellus,0.576,0.687,-1,192000.0,/mnt/ubna_data_05/recover-20250317/UBNA_026/20250311_025000.WAV,recover-20250317,UBNA_026,Central Pond
HF,48000.0,21.023660075874435,259.4275,259.4342,44375.0,65868.0,Echolocation,Pipistrellus pipistrellus,0.526,0.572,-1,192000.0,/mnt/ubna_data_05/recover-20250317/UBNA_026/20250311_025000.WAV,recover-20250317,UBNA_026,Central Pond
HF,47040.0,22.93111633207463,259.5235,259.5327,44375.0,71543.0,Echolocation,Pipistrellus pipistrellus,0.604,0.664,-1,192000.0,/mnt/ubna_data_05/recover-20250317/UBNA_026/20250311_025000.WAV,recover-20250317,UBNA_026,Central Pond
HF,46080.0,18.013439737339194,259.6805,259.6868,44375.0,60584.0,Echolocation,Pipistrellus pipistrellus,0.569,0.597,-1,192000.0,/mnt/ubna_data_05/recover-20250317/UBNA_026/20250311_025000.WAV,recover-20250317,UBNA_026,Central Pond
HF,47040.0,28.29125061956462,259.7685,259.7752,45234.0,72988.0,Echolocation,Pipistrellus pipistrellus,0.56,0.58,-1,192000.0,/mnt/ubna_data_05/recover-20250317/UBNA_026/20250311_025000.WAV,recover-20250317,UBNA_026,Central Pond
HF,47040.0,19.442690791584866,259.8595,259.8662,43515.0,67428.0,Echolocation,Pipistrellus pipistrellus,0.452,0.501,-1,192000.0,/mnt/ubna_data_05/recover-20250317/UBNA_026/20250311_025000.WAV,recover-20250317,UBNA_026,Central Pond
HF,47040.0,18.185041764383843,259.9495,259.9552,45234.0,61539.0,Echolocation,Pipistrellus pipistrellus,0.542,0.564,-1,192000.0,/mnt/ubna_data_05/recover-20250317/UBNA_026/20250311_025000.WAV,recover-20250317,UBNA_026,Central Pond
HF,48000.0,26.644155111845688,260.0395,260.0467,44375.0,71961.0,Echolocation,Pipistrellus pipistrellus,0.453,0.571,-1,192000.0,/mnt/ubna_data_05/recover-20250317/UBNA_026/20250311_025000.WAV,recover-20250317,UBNA_026,Central Pond
HF,54720.0,10.701902954980964,260.1285,260.1337,47812.0,65706.0,Echolocation,Pipistrellus pipistrellus,0.438,0.502,-1,192000.0,/mnt/ubna_data_05/recover-20250317/UBNA_026/20250311_025000.WAV,recover-20250317,UBNA_026,Central Pond
HF,53760.0,27.275985436389732,260.2175,260.2237,41796.0,87354.0,Echolocation,Pipistrellus pipistrellus,0.308,0.47,-1,192000.0,/mnt/ubna_data_05/recover-20250317/UBNA_026/20250311_025000.WAV,recover-20250317,UBNA_026,Central Pond
HF,48000.0,9.332670393974897,260.3095,260.315,43515.0,67076.0,Echolocation,Pipistrellus pipistrellus,0.296,0.455,-1,192000.0,/mnt/ubna_data_05/recover-20250317/UBNA_026/20250311_025000.WAV,recover-20250317,UBNA_026,Central Pond
HF,48960.0,18.684797319570848,260.3975,260.404,44375.0,66428.0,Echolocation,Pipistrellus pipistrellus,0.432,0.529,-1,192000.0,/mnt/ubna_data_05/recover-20250317/UBNA_026/20250311_025000.WAV,recover-20250317,UBNA_026,Central Pond
HF,47040.0,15.168609315441067,260.4955,260.5006,43515.0,59201.0,Echolocation,Pipistrellus pipistrellus,0.43,0.503,-1,192000.0,/mnt/ubna_data_05/recover-20250317/UBNA_026/20250311_025000.WAV,recover-20250317,UBNA_026,Central Pond
HF,47040.0,26.967975723314815,260.5925,260.5985,45234.0,72275.0,Echolocation,Pipistrellus pipistrellus,0.629,0.667,-1,192000.0,/mnt/ubna_data_05/recover-20250317/UBNA_026/20250311_025000.WAV,recover-20250317,UBNA_026,Central Pond
HF,47040.0,15.075319456189442,260.6885,260.695,44375.0,61778.0,Echolocation,Pipistrellus pipistrellus,0.487,0.548,-1,192000.0,/mnt/ubna_data_05/recover-20250317/UBNA_026/20250311_025000.WAV,recover-20250317,UBNA_026,Central Pond
HF,47040.0,32.309692560293925,260.7865,260.7924,44375.0,75655.0,Echolocation,Pipistrellus pipistrellus,0.549,0.603,-1,192000.0,/mnt/ubna_data_05/recover-20250317/UBNA_026/20250311_025000.WAV,recover-20250317,UBNA_026,Central Pond
HF,48000.0,11.08145711180432,260.8795,260.8838,44375.0,59433.0,Echolocation,Pipistrellus pipistrellus,0.514,0.563,-1,192000.0,/mnt/ubna_data_05/recover-20250317/UBNA_026/20250311_025000.WAV,recover-20250317,UBNA_026,Central Pond
HF,47040.0,28.801333481844473,260.9695,260.9753,45234.0,74495.0,Echolocation,Pipistrellus pipistrellus,0.466,0.51,-1,192000.0,/mnt/ubna_data_05/recover-20250317/UBNA_026/20250311_025000.WAV,recover-20250317,UBNA_026,Central Pond
HF,47040.0,25.307391614395986,261.1415,261.1487,43515.0,76620.0,Echolocation,Pipistrellus pipistrellus,0.534,0.598,-1,192000.0,/mnt/ubna_data_05/recover-20250317/UBNA_026/20250311_025000.WAV,recover-20250317,UBNA_026,Central Pond
HF,45120.0,5.446266155643502,261.2325,261.2408,43515.0,65065.0,Echolocation,Pipistrellus pipistrellus,0.238,0.321,-1,192000.0,/mnt/ubna_data_05/recover-20250317/UBNA_026/20250311_025000.WAV,recover-20250317,UBNA_026,Central Pond
HF,47040.0,21.98203972595031,261.3265,261.334,43515.0,73033.0,Echolocation,Pipistrellus pipistrellus,0.456,0.571,-1,192000.0,/mnt/ubna_data_05/recover-20250317/UBNA_026/20250311_025000.WAV,recover-20250317,UBNA_026,Central Pond
HF,46080.0,5.330305575881909,261.4255,261.4332,45234.0,53667.0,Echolocation,Pipistrellus pipistrellus,0.187,0.201,-1,192000.0,/mnt/ubna_data_05/recover-20250317/UBNA_026/20250311_025000.WAV,recover-20250317,UBNA_026,Central Pond
HF,46080.0,25.806146401608476,261.5175,261.5261,45234.0,65837.0,Echolocation,Pipistrellus pipistrellus,0.361,0.433,-1,192000.0,/mnt/ubna_data_05/recover-20250317/UBNA_026/20250311_025000.WAV,recover-20250317,UBNA_026,Central Pond
HF,46080.0,24.8796833938788,261.7805,261.7866,40937.0,77089.0,Echolocation,Pipistrellus pipistrellus,0.436,0.538,-1,192000.0,/mnt/ubna_data_05/recover-20250317/UBNA_026/20250311_025000.WAV,recover-20250317,UBNA_026,Central Pond
HF,46080.0,21.959771133196064,261.9735,261.98,42656.0,65005.0,Echolocation,Pipistrellus pipistrellus,0.263,0.465,-1,192000.0,/mnt/ubna_data_05/recover-20250317/UBNA_026/20250311_025000.WAV,recover-20250317,UBNA_026,Central Pond
HF,46080.0,22.37726956022588,262.2365,262.2433,42656.0,65204.0,Echolocation,Pipistrellus pipistrellus,0.577,0.647,-1,192000.0,/mnt/ubna_data_05/recover-20250317/UBNA_026/20250311_025000.WAV,recover-20250317,UBNA_026,Central Pond
HF,47040.0,19.53759379318091,262.4325,262.4405,43515.0,62606.0,Echolocation,Pipistrellus pipistrellus,0.554,0.633,-1,192000.0,/mnt/ubna_data_05/recover-20250317/UBNA_026/20250311_025000.WAV,recover-20250317,UBNA_026,Central Pond
HF,46080.0,14.745966727126154,262.6205,262.6263,44375.0,56499.0,Echolocation,Pipistrellus pipistrellus,0.402,0.552,-1,192000.0,/mnt/ubna_data_05/recover-20250317/UBNA_026/20250311_025000.WAV,recover-20250317,UBNA_026,Central Pond
HF,45120.0,13.447615809453563,262.8715,262.8773,42656.0,58546.0,Echolocation,Pipistrellus pipistrellus,0.453,0.558,-1,192000.0,/mnt/ubna_data_05/recover-20250317/UBNA_026/20250311_025000.WAV,recover-20250317,UBNA_026,Central Pond
HF,45120.0,13.27943726391715,263.1475,263.1542,44375.0,54782.0,Echolocation,Pipistrellus pipistrellus,0.6,0.647,-1,192000.0,/mnt/ubna_data_05/recover-20250317/UBNA_026/20250311_025000.WAV,recover-20250317,UBNA_026,Central Pond
HF,45120.0,7.086079465394245,263.3405,263.3508,44375.0,50334.0,Echolocation,Pipistrellus pipistrellus,0.483,0.541,-1,192000.0,/mnt/ubna_data_05/recover-20250317/UBNA_026/20250311_025000.WAV,recover-20250317,UBNA_026,Central Pond
HF,46080.0,5.338538169539532,263.7235,263.7334,45234.0,51567.0,Echolocation,Pipistrellus pipistrellus,0.304,0.333,-1,192000.0,/mnt/ubna_data_05/recover-20250317/UBNA_026/20250311_025000.WAV,recover-20250317,UBNA_026,Central Pond
HF,46080.0,2.1578347071589756,264.2525,264.2625,45234.0,49534.0,Echolocation,Pipistrellus pipistrellus,0.215,0.253,-1,192000.0,/mnt/ubna_data_05/recover-20250317/UBNA_026/20250311_025000.WAV,recover-20250317,UBNA_026,Central Pond
LF,21120.0,0.2805359178049329,247.82150000000001,247.8397,22031.0,26609.0,Echolocation,Nyctalus leisleri,0.109,0.245,-1,192000.0,/mnt/ubna_data_05/recover-20250317/UBNA_026/20250311_030000.WAV,recover-20250317,UBNA_026,Central Pond
LF,23040.0,2.698620524142634,57.941500000000005,57.949600000000004,21171.0,29049.0,Echolocation,Plecotus austriacus,0.076,0.2,-1,192000.0,/mnt/ubna_data_05/recover-20250317/UBNA_026/20250311_032000.WAV,recover-20250317,UBNA_026,Central Pond
HF,49920.0,2.9623938760013964,81.6555,81.6609,46953.0,54791.0,Echolocation,Pipistrellus pipistrellus,0.195,0.204,-1,192000.0,/mnt/ubna_data_05/recover-20250317/UBNA_026/20250311_033000.WAV,recover-20250317,UBNA_026,Central Pond
HF,53760.0,4.009065235148034,81.7345,81.7398,47812.0,61131.0,Echolocation,Pipistrellus pipistrellus,0.299,0.366,-1,192000.0,/mnt/ubna_data_05/recover-20250317/UBNA_026/20250311_033000.WAV,recover-20250317,UBNA_026,Central Pond
HF,48960.0,3.257890218891872,81.89750000000001,81.90299999999999,48671.0,57484.0,Echolocation,Pipistrellus pipistrellus,0.472,0.494,-1,192000.0,/mnt/ubna_data_05/recover-20250317/UBNA_026/20250311_033000.WAV,recover-20250317,UBNA_026,Central Pond
HF,50880.0,4.007233569739107,82.0605,82.0658,47812.0,56506.0,Echolocation,Pipistrellus pipistrellus,0.511,0.518,-1,192000.0,/mnt/ubna_data_05/recover-20250317/UBNA_026/20250311_033000.WAV,recover-20250317,UBNA_026,Central Pond
HF,48000.0,1.7899895712038092,82.1395,82.14699999999999,46953.0,57066.0,Echolocation,Pipistrellus pipistrellus,0.357,0.368,-1,192000.0,/mnt/ubna_data_05/recover-20250317/UBNA_026/20250311_033000.WAV,recover-20250317,UBNA_026,Central Pond
HF,51840.0,6.397737230980319,82.22749999999999,82.2328,48671.0,58056.0,Echolocation,Pipistrellus pipistrellus,0.507,0.516,-1,192000.0,/mnt/ubna_data_05/recover-20250317/UBNA_026/20250311_033000.WAV,recover-20250317,UBNA_026,Central Pond
HF,48000.0,2.3241009252871137,82.3065,82.31360000000001,47812.0,57691.0,Echolocation,Pipistrellus pipistrellus,0.317,0.324,-1,192000.0,/mnt/ubna_data_05/recover-20250317/UBNA_026/20250311_033000.WAV,recover-20250317,UBNA_026,Central Pond
HF,48000.0,4.097994521151572,82.39150000000001,82.398,47812.0,59766.0,Echolocation,Pipistrellus pipistrellus,0.499,0.52,-1,192000.0,/mnt/ubna_data_05/recover-20250317/UBNA_026/20250311_033000.WAV,recover-20250317,UBNA_026,Central Pond
HF,48000.0,2.9422012959358463,82.4685,82.47710000000001,46953.0,58329.0,Echolocation,Pipistrellus pipistrellus,0.211,0.225,-1,192000.0,/mnt/ubna_data_05/recover-20250317/UBNA_026/20250311_033000.WAV,recover-20250317,UBNA_026,Central Pond
HF,51840.0,4.326738945015272,82.5515,82.5577,49531.0,59572.0,Echolocation,Pipistrellus pipistrellus,0.446,0.453,-1,192000.0,/mnt/ubna_data_05/recover-20250317/UBNA_026/20250311_033000.WAV,recover-20250317,UBNA_026,Central Pond
HF,51840.0,3.3078003821939026,82.6275,82.63380000000001,43515.0,54881.0,Echolocation,Pipistrellus pipistrellus,0.263,0.296,-1,192000.0,/mnt/ubna_data_05/recover-20250317/UBNA_026/20250311_033000.WAV,recover-20250317,UBNA_026,Central Pond
HF,48000.0,2.9297007474233983,82.70949999999999,82.7142,47812.0,57624.0,Echolocation,Pipistrellus pipistrellus,0.383,0.393,-1,192000.0,/mnt/ubna_data_05/recover-20250317/UBNA_026/20250311_033000.WAV,recover-20250317,UBNA_026,Central Pond
HF,51840.0,5.7861848599686985,82.79050000000001,82.7947,47812.0,60052.0,Echolocation,Pipistrellus pipistrellus,0.462,0.473,-1,192000.0,/mnt/ubna_data_05/recover-20250317/UBNA_026/20250311_033000.WAV,recover-20250317,UBNA_026,Central Pond
HF,51840.0,8.045371962847202,82.9475,82.9541,47812.0,60881.0,Echolocation,Pipistrellus pipistrellus,0.556,0.582,-1,192000.0,/mnt/ubna_data_05/recover-20250317/UBNA_026/20250311_033000.WAV,recover-20250317,UBNA_026,Central Pond
HF,51840.0,3.690619529113046,83.0265,83.0336,50390.0,59992.0,Echolocation,Pipistrellus pipistrellus,0.287,0.295,-1,192000.0,/mnt/ubna_data_05/recover-20250317/UBNA_026/20250311_033000.WAV,recover-20250317,UBNA_026,Central Pond
HF,47040.0,4.97280168996682,83.1095,83.11580000000001,47812.0,54822.0,Echolocation,Pipistrellus pipistrellus,0.367,0.371,-1,192000.0,/mnt/ubna_data_05/recover-20250317/UBNA_026/20250311_033000.WAV,recover-20250317,UBNA_026,Central Pond
HF,51840.0,11.612355896548948,83.1915,83.1965,47812.0,60604.0,Echolocation,Pipistrellus pipistrellus,0.555,0.573,-1,192000.0,/mnt/ubna_data_05/recover-20250317/UBNA_026/20250311_033000.WAV,recover-20250317,UBNA_026,Central Pond
HF,51840.0,6.547679970202035,83.2685,83.2744,47812.0,59182.0,Echolocation,Pipistrellus pipistrellus,0.354,0.373,-1,192000.0,/mnt/ubna_data_05/recover-20250317/UBNA_026/20250311_033000.WAV,recover-20250317,UBNA_026,Central Pond
HF,51840.0,8.969420241084416,83.3545,83.3618,46093.0,62157.0,Echolocation,Pipistrellus pipistrellus,0.341,0.445,-1,192000.0,/mnt/ubna_data_05/recover-20250317/UBNA_026/20250311_033000.WAV,recover-20250317,UBNA_026,Central Pond
HF,48000.0,6.829676830802271,83.4295,83.4378,46953.0,59759.0,Echolocation,Pipistrellus pipistrellus,0.454,0.495,-1,192000.0,/mnt/ubna_data_05/recover-20250317/UBNA_026/20250311_033000.WAV,recover-20250317,UBNA_026,Central Pond
HF,48000.0,13.075282069516273,83.5155,83.5219,46953.0,61052.0,Echolocation,Pipistrellus pipistrellus,0.53,0.558,-1,192000.0,/mnt/ubna_data_05/recover-20250317/UBNA_026/20250311_033000.WAV,recover-20250317,UBNA_026,Central Pond
HF,48000.0,9.937015017512865,83.5895,83.5958,46953.0,59733.0,Echolocation,Pipistrellus pipistrellus,0.503,0.575,-1,192000.0,/mnt/ubna_data_05/recover-20250317/UBNA_026/20250311_033000.WAV,recover-20250317,UBNA_026,Central Pond
HF,48000.0,9.933268612601129,83.6675,83.674,46953.0,60216.0,Echolocation,Pipistrellus pipistrellus,0.549,0.603,-1,192000.0,/mnt/ubna_data_05/recover-20250317/UBNA_026/20250311_033000.WAV,recover-20250317,UBNA_026,Central Pond
HF,48000.0,12.686337331198928,83.7445,83.75059999999999,46953.0,61478.0,Echolocation,Pipistrellus pipistrellus,0.568,0.623,-1,192000.0,/mnt/ubna_data_05/recover-20250317/UBNA_026/20250311_033000.WAV,recover-20250317,UBNA_026,Central Pond
HF,50880.0,7.425424302874602,83.8125,83.819,46953.0,60525.0,Echolocation,Pipistrellus pipistrellus,0.35,0.369,-1,192000.0,/mnt/ubna_data_05/recover-20250317/UBNA_026/20250311_033000.WAV,recover-20250317,UBNA_026,Central Pond
HF,48000.0,14.571311216451313,83.8815,83.8877,46953.0,61934.0,Echolocation,Pipistrellus pipistrellus,0.526,0.598,-1,192000.0,/mnt/ubna_data_05/recover-20250317/UBNA_026/20250311_033000.WAV,recover-20250317,UBNA_026,Central Pond
HF,51840.0,15.369721324897476,83.9505,83.9556,46953.0,61379.0,Echolocation,Pipistrellus pipistrellus,0.529,0.547,-1,192000.0,/mnt/ubna_data_05/recover-20250317/UBNA_026/20250311_033000.WAV,recover-20250317,UBNA_026,Central Pond
HF,51840.0,10.313727640908077,84.0245,84.0295,47812.0,62962.0,Echolocation,Pipistrellus pipistrellus,0.526,0.56,-1,192000.0,/mnt/ubna_data_05/recover-20250317/UBNA_026/20250311_033000.WAV,recover-20250317,UBNA_026,Central Pond
HF,48000.0,15.927766709007468,84.09649999999999,84.1019,46953.0,63776.0,Echolocation,Pipistrellus pipistrellus,0.581,0.603,-1,192000.0,/mnt/ubna_data_05/recover-20250317/UBNA_026/20250311_033000.WAV,recover-20250317,UBNA_026,Central Pond
HF,48000.0,15.926633002478457,84.1745,84.1797,46953.0,63532.0,Echolocation,Pipistrellus pipistrellus,0.635,0.659,-1,192000.0,/mnt/ubna_data_05/recover-20250317/UBNA_026/20250311_033000.WAV,recover-20250317,UBNA_026,Central Pond
HF,48960.0,12.38475697066666,84.2565,84.262,46953.0,65149.0,Echolocation,Pipistrellus pipistrellus,0.547,0.581,-1,192000.0,/mnt/ubna_data_05/recover-20250317/UBNA_026/20250311_033000.WAV,recover-20250317,UBNA_026,Central Pond
HF,48000.0,17.228115059655714,84.3325,84.3379,46953.0,67138.0,Echolocation,Pipistrellus pipistrellus,0.48,0.522,-1,192000.0,/mnt/ubna_data_05/recover-20250317/UBNA_026/20250311_033000.WAV,recover-20250317,UBNA_026,Central Pond
HF,48000.0,13.734908837393993,84.4085,84.4138,47812.0,63658.0,Echolocation,Pipistrellus pipistrellus,0.6,0.623,-1,192000.0,/mnt/ubna_data_05/recover-20250317/UBNA_026/20250311_033000.WAV,recover-20250317,UBNA_026,Central Pond
HF,51840.0,16.02168089462268,84.4865,84.4923,47812.0,65368.0,Echolocation,Pipistrellus pipistrellus,0.532,0.559,-1,192000.0,/mnt/ubna_data_05/recover-20250317/UBNA_026/20250311_033000.WAV,recover-20250317,UBNA_026,Central Pond
HF,51840.0,14.895678789521806,84.5635,84.5685,44375.0,73106.0,Echolocation,Pipistrellus pipistrellus,0.224,0.331,-1,192000.0,/mnt/ubna_data_05/recover-20250317/UBNA_026/20250311_033000.WAV,recover-20250317,UBNA_026,Central Pond
HF,51840.0,18.680669116368477,84.6425,84.6476,46093.0,72922.0,Echolocation,Pipistrellus pipistrellus,0.481,0.518,-1,192000.0,/mnt/ubna_data_05/recover-20250317/UBNA_026/20250311_033000.WAV,recover-20250317,UBNA_026,Central Pond
HF,48960.0,17.558893951940746,84.7205,84.7253,46093.0,65180.0,Echolocation,Pipistrellus pipistrellus,0.497,0.547,-1,192000.0,/mnt/ubna_data_05/recover-20250317/UBNA_026/20250311_033000.WAV,recover-20250317,UBNA_026,Central Pond
HF,48000.0,18.81822599581075,84.8055,84.8101,46093.0,63328.0,Echolocation,Pipistrellus pipistrellus,0.549,0.584,-1,192000.0,/mnt/ubna_data_05/recover-20250317/UBNA_026/20250311_033000.WAV,recover-20250317,UBNA_026,Central Pond
HF,52800.0,20.487731947165674,84.8875,84.89189999999999,46953.0,67242.0,Echolocation,Pipistrellus pipistrellus,0.556,0.578,-1,192000.0,/mnt/ubna_data_05/recover-20250317/UBNA_026/20250311_033000.WAV,recover-20250317,UBNA_026,Central Pond
HF,51840.0,21.75085792633382,84.9685,84.9727,48671.0,69412.0,Echolocation,Pipistrellus pipistrellus,0.622,0.644,-1,192000.0,/mnt/ubna_data_05/recover-20250317/UBNA_026/20250311_033000.WAV,recover-20250317,UBNA_026,Central Pond
HF,54720.0,22.275155329180887,85.04650000000001,85.0513,46953.0,68439.0,Echolocation,Pipistrellus pipistrellus,0.446,0.48,-1,192000.0,/mnt/ubna_data_05/recover-20250317/UBNA_026/20250311_033000.WAV,recover-20250317,UBNA_026,Central Pond
HF,53760.0,22.80830173546221,85.1305,85.1358,47812.0,72936.0,Echolocation,Pipistrellus pipistrellus,0.592,0.633,-1,192000.0,/mnt/ubna_data_05/recover-20250317/UBNA_026/20250311_033000.WAV,recover-20250317,UBNA_026,Central Pond
HF,52800.0,30.55688049816633,85.20949999999999,85.2132,53828.0,70266.0,Echolocation,Pipistrellus pipistrellus,0.257,0.266,-1,192000.0,/mnt/ubna_data_05/recover-20250317/UBNA_026/20250311_033000.WAV,recover-20250317,UBNA_026,Central Pond
HF,48960.0,31.21067936887347,85.2105,85.2149,48671.0,71912.0,Echolocation,Pipistrellus pipistrellus,0.339,0.344,-1,192000.0,/mnt/ubna_data_05/recover-20250317/UBNA_026/20250311_033000.WAV,recover-20250317,UBNA_026,Central Pond
HF,48960.0,27.21392040790658,85.2115,85.21770000000001,41796.0,89543.0,Echolocation,Pipistrellus pipistrellus,0.179,0.379,-1,192000.0,/mnt/ubna_data_05/recover-20250317/UBNA_026/20250311_033000.WAV,recover-20250317,UBNA_026,Central Pond
HF,48960.0,23.49313405014997,85.2875,85.2926,46093.0,76180.0,Echolocation,Pipistrellus pipistrellus,0.438,0.468,-1,192000.0,/mnt/ubna_data_05/recover-20250317/UBNA_026/20250311_033000.WAV,recover-20250317,UBNA_026,Central Pond
HF,52800.0,22.649954193695798,85.3715,85.3754,52968.0,66248.0,Echolocation,Pipistrellus pipistrellus,0.366,0.388,-1,192000.0,/mnt/ubna_data_05/recover-20250317/UBNA_026/20250311_033000.WAV,recover-20250317,UBNA_026,Central Pond
HF,48960.0,20.559023455489914,85.3725,85.3777,43515.0,83292.0,Echolocation,Myotis alcathoe,0.164,0.346,-1,192000.0,/mnt/ubna_data_05/recover-20250317/UBNA_026/20250311_033000.WAV,recover-20250317,UBNA_026,Central Pond
HF,51840.0,22.502590567509444,85.45349999999999,85.4588,43515.0,86051.0,Echolocation,Pipistrellus pipistrellus,0.17,0.459,-1,192000.0,/mnt/ubna_data_05/recover-20250317/UBNA_026/20250311_033000.WAV,recover-20250317,UBNA_026,Central Pond
HF,48960.0,18.96806353235625,85.5335,85.5389,43515.0,71337.0,Echolocation,Pipistrellus pipistrellus,0.439,0.557,-1,192000.0,/mnt/ubna_data_05/recover-20250317/UBNA_026/20250311_033000.WAV,recover-20250317,UBNA_026,Central Pond
HF,51840.0,28.123670057413133,85.6115,85.6175,47812.0,74492.0,Echolocation,Pipistrellus pipistrellus,0.358,0.369,-1,192000.0,/mnt/ubna_data_05/recover-20250317/UBNA_026/20250311_033000.WAV,recover-20250317,UBNA_026,Central Pond
HF,48960.0,20.785651031157037,85.6945,85.6991,46953.0,61447.0,Echolocation,Pipistrellus pipistrellus,0.538,0.552,-1,192000.0,/mnt/ubna_data_05/recover-20250317/UBNA_026/20250311_033000.WAV,recover-20250317,UBNA_026,Central Pond
HF,48000.0,31.418186826463543,85.77250000000001,85.7783,46953.0,72610.0,Echolocation,Pipistrellus pipistrellus,0.565,0.602,-1,192000.0,/mnt/ubna_data_05/recover-20250317/UBNA_026/20250311_033000.WAV,recover-20250317,UBNA_026,Central Pond
HF,48960.0,14.977031311615061,85.8495,85.8548,46093.0,60622.0,Echolocation,Pipistrellus pipistrellus,0.52,0.584,-1,192000.0,/mnt/ubna_data_05/recover-20250317/UBNA_026/20250311_033000.WAV,recover-20250317,UBNA_026,Central Pond
HF,47040.0,23.825795721231664,85.9295,85.9365,46093.0,70581.0,Echolocation,Pipistrellus pipistrellus,0.414,0.464,-1,192000.0,/mnt/ubna_data_05/recover-20250317/UBNA_026/20250311_033000.WAV,recover-20250317,UBNA_026,Central Pond
HF,48000.0,18.915456178782552,86.0115,86.0178,41796.0,67676.0,Echolocation,Pipistrellus pipistrellus,0.23,0.559,-1,192000.0,/mnt/ubna_data_05/recover-20250317/UBNA_026/20250311_033000.WAV,recover-20250317,UBNA_026,Central Pond
HF,48960.0,4.294842304259948,86.0915,86.098,47812.0,57941.0,Echolocation,Pipistrellus pipistrellus,0.597,0.615,-1,192000.0,/mnt/ubna_data_05/recover-20250317/UBNA_026/20250311_033000.WAV,recover-20250317,UBNA_026,Central Pond
HF,47040.0,18.48235806433387,86.1705,86.1777,45234.0,60819.0,Echolocation,Pipistrellus pipistrellus,0.49,0.558,-1,192000.0,/mnt/ubna_data_05/recover-20250317/UBNA_026/20250311_033000.WAV,recover-20250317,UBNA_026,Central Pond
HF,48960.0,4.660799533157895,86.2585,86.26429999999999,46953.0,54197.0,Echolocation,Pipistrellus pipistrellus,0.391,0.401,-1,192000.0,/mnt/ubna_data_05/recover-20250317/UBNA_026/20250311_033000.WAV,recover-20250317,UBNA_026,Central Pond
HF,47040.0,14.9565890551418,86.3365,86.3446,46093.0,59106.0,Echolocation,Pipistrellus pipistrellus,0.503,0.557,-1,192000.0,/mnt/ubna_data_05/recover-20250317/UBNA_026/20250311_033000.WAV,recover-20250317,UBNA_026,Central Pond
HF,47040.0,3.1994169059472983,86.4235,86.43,46953.0,53464.0,Echolocation,Pipistrellus pipistrellus,0.468,0.473,-1,192000.0,/mnt/ubna_data_05/recover-20250317/UBNA_026/20250311_033000.WAV,recover-20250317,UBNA_026,Central Pond
HF,47040.0,14.697236367152748,86.50450000000001,86.50919999999999,45234.0,58591.0,Echolocation,Pipistrellus pipistrellus,0.623,0.663,-1,192000.0,/mnt/ubna_data_05/recover-20250317/UBNA_026/20250311_033000.WAV,recover-20250317,UBNA_026,Central Pond
HF,46080.0,11.487911616888322,86.6605,86.6692,43515.0,57699.0,Echolocation,Pipistrellus pipistrellus,0.339,0.478,-1,192000.0,/mnt/ubna_data_05/recover-20250317/UBNA_026/20250311_033000.WAV,recover-20250317,UBNA_026,Central Pond
HF,46080.0,3.220457688506752,86.7475,86.7608,46093.0,50998.0,Echolocation,Pipistrellus pipistrellus,0.273,0.283,-1,192000.0,/mnt/ubna_data_05/recover-20250317/UBNA_026/20250311_033000.WAV,recover-20250317,UBNA_026,Central Pond
HF,47040.0,11.071987896404337,86.8225,86.8302,43515.0,61900.0,Echolocation,Pipistrellus pipistrellus,0.287,0.511,-1,192000.0,/mnt/ubna_data_05/recover-20250317/UBNA_026/20250311_033000.WAV,recover-20250317,UBNA_026,Central Pond
HF,46080.0,12.73529271637798,86.9805,86.9892,44375.0,56133.0,Echolocation,Pipistrellus pipistrellus,0.492,0.527,-1,192000.0,/mnt/ubna_data_05/recover-20250317/UBNA_026/20250311_033000.WAV,recover-20250317,UBNA_026,Central Pond
HF,47040.0,9.52553072607043,87.1505,87.15780000000001,45234.0,52558.0,Echolocation,Pipistrellus pipistrellus,0.513,0.53,-1,192000.0,/mnt/ubna_data_05/recover-20250317/UBNA_026/20250311_033000.WAV,recover-20250317,UBNA_026,Central Pond
HF,46080.0,11.126880148269525,87.3085,87.3152,44375.0,55493.0,Echolocation,Pipistrellus pipistrellus,0.579,0.6,-1,192000.0,/mnt/ubna_data_05/recover-20250317/UBNA_026/20250311_033000.WAV,recover-20250317,UBNA_026,Central Pond
HF,47040.0,5.527263524135867,87.4785,87.4901,45234.0,50290.0,Echolocation,Pipistrellus pipistrellus,0.329,0.358,-1,192000.0,/mnt/ubna_data_05/recover-20250317/UBNA_026/20250311_033000.WAV,recover-20250317,UBNA_026,Central Pond
HF,46080.0,5.351990496447753,87.6335,87.6426,44375.0,53824.0,Echolocation,Pipistrellus pipistrellus,0.415,0.452,-1,192000.0,/mnt/ubna_data_05/recover-20250317/UBNA_026/20250311_033000.WAV,recover-20250317,UBNA_026,Central Pond
HF,46080.0,1.945825288559071,87.97749999999999,87.9893,46093.0,50613.0,Echolocation,Pipistrellus pipistrellus,0.209,0.216,-1,192000.0,/mnt/ubna_data_05/recover-20250317/UBNA_026/20250311_033000.WAV,recover-20250317,UBNA_026,Central Pond
LF,21120.0,0.04388502160738854,217.2985,217.3158,22031.0,25574.0,Echolocation,Nyctalus leisleri,0.094,0.201,-1,192000.0,/mnt/ubna_data_05/recover-20250317/UBNA_026/20250311_034000.WAV,recover-20250317,UBNA_026,Central Pond
HF,48000.0,1.3313877580039046,133.8585,133.86860000000001,47812.0,51541.0,Echolocation,Pipistrellus pipistrellus,0.204,0.223,-1,192000.0,/mnt/ubna_data_05/recover-20250317/UBNA_026/20250311_035000.WAV,recover-20250317,UBNA_026,Central Pond
LF,22080.0,0.6358005618144167,194.0015,194.0196,22031.0,26434.0,Echolocation,Nyctalus leisleri,0.138,0.233,-1,192000.0,/mnt/ubna_data_05/recover-20250317/UBNA_026/20250311_035000.WAV,recover-20250317,UBNA_026,Central Pond
LF,23040.0,7.738163852912569,197.27949999999998,197.2873,21171.0,28632.0,Echolocation,Plecotus austriacus,0.13,0.275,-1,192000.0,/mnt/ubna_data_05/recover-20250317/UBNA_026/20250311_035000.WAV,recover-20250317,UBNA_026,Central Pond
LF,27840.0,-0.8024884817353296,176.8585,176.8668,27187.0,35819.0,Echolocation,Eptesicus serotinus,0.175,0.307,-1,192000.0,/mnt/ubna_data_05/recover-20250317/UBNA_026/20250311_042000.WAV,recover-20250317,UBNA_026,Central Pond
LF,23040.0,0.5571769230843087,272.5965,272.6117,23750.0,28360.0,Echolocation,Nyctalus leisleri,0.117,0.217,-1,192000.0,/mnt/ubna_data_05/recover-20250317/UBNA_026/20250311_042000.WAV,recover-20250317,UBNA_026,Central Pond
LF,22080.0,0.3781232808197348,272.9055,272.9174,22890.0,28755.0,Echolocation,Eptesicus serotinus,0.082,0.239,-1,192000.0,/mnt/ubna_data_05/recover-20250317/UBNA_026/20250311_042000.WAV,recover-20250317,UBNA_026,Central Pond
LF,25920.0,1.075142494931599,248.2465,248.2573,24609.0,30314.0,Echolocation,Eptesicus serotinus,0.114,0.263,-1,192000.0,/mnt/ubna_data_05/recover-20250317/UBNA_026/20250311_043000.WAV,recover-20250317,UBNA_026,Central Pond
LF,21120.0,2.4786372898491282,27.0925,27.1048,21171.0,26187.0,Echolocation,Nyctalus leisleri,0.094,0.232,-1,192000.0,/mnt/ubna_data_05/recover-20250317/UBNA_026/20250311_044000.WAV,recover-20250317,UBNA_026,Central Pond
LF,21120.0,1.296636803078359,14.3375,14.3548,21171.0,24234.0,Echolocation,Nyctalus leisleri,0.136,0.247,-1,192000.0,/mnt/ubna_data_05/recover-20250317/UBNA_026/20250311_050000.WAV,recover-20250317,UBNA_026,Central Pond
LF,20160.0,1.350721918227866,49.9005,49.9232,19453.0,22313.0,Echolocation,Nyctalus noctula,0.164,0.24,-1,192000.0,/mnt/ubna_data_05/recover-20250317/UBNA_026/20250311_051000.WAV,recover-20250317,UBNA_026,Central Pond
LF,22080.0,6.722020524199848,123.2535,123.261,20312.0,29437.0,Echolocation,Plecotus austriacus,0.091,0.203,-1,192000.0,/mnt/ubna_data_05/recover-20250317/UBNA_026/20250311_052000.WAV,recover-20250317,UBNA_026,Central Pond
LF,23040.0,-0.42974957341339276,268.3015,268.3179,22890.0,27080.0,Echolocation,Nyctalus leisleri,0.118,0.225,-1,192000.0,/mnt/ubna_data_05/recover-20250317/UBNA_026/20250311_053000.WAV,recover-20250317,UBNA_026,Central Pond
LF,28800.0,0.5299975156185107,283.7765,283.7882,27187.0,32754.0,Echolocation,Eptesicus serotinus,0.154,0.248,-1,192000.0,/mnt/ubna_data_05/recover-20250317/UBNA_026/20250311_053000.WAV,recover-20250317,UBNA_026,Central Pond
LF,25920.0,0.731063370949451,211.2025,211.2131,23750.0,30465.0,Echolocation,Eptesicus serotinus,0.098,0.24,-1,192000.0,/mnt/ubna_data_05/recover-20250317/UBNA_026/20250311_055000.WAV,recover-20250317,UBNA_026,Central Pond
LF,23040.0,0.16682455813549202,34.5505,34.5615,22031.0,28375.0,Echolocation,Nyctalus leisleri,0.077,0.217,-1,192000.0,/mnt/ubna_data_05/recover-20250317/UBNA_026/20250311_061000.WAV,recover-20250317,UBNA_026,Central Pond
LF,29760.0,0.6124035429150425,226.0915,226.1052,28906.0,34080.0,Echolocation,Eptesicus serotinus,0.132,0.245,-1,192000.0,/mnt/ubna_data_05/recover-20250317/UBNA_026/20250311_061000.WAV,recover-20250317,UBNA_026,Central Pond
LF,24000.0,0.17305002918755075,61.4925,61.5066,23750.0,28040.0,Echolocation,Nyctalus leisleri,0.161,0.265,-1,192000.0,/mnt/ubna_data_05/recover-20250317/UBNA_026/20250311_064000.WAV,recover-20250317,UBNA_026,Central Pond
LF,21120.0,2.7134973858882216,147.5205,147.5316,20312.0,27004.0,Echolocation,Nyctalus noctula,0.074,0.233,-1,192000.0,/mnt/ubna_data_05/recover-20250317/UBNA_026/20250311_064000.WAV,recover-20250317,UBNA_026,Central Pond
LF,23040.0,1.3935622802303003,297.1035,297.1128,21171.0,29311.0,Echolocation,Plecotus austriacus,0.086,0.292,-1,192000.0,/mnt/ubna_data_05/recover-20250317/UBNA_026/20250311_064000.WAV,recover-20250317,UBNA_026,Central Pond
HF,44160.0,1.4863104475411562,66.9365,66.9522,43515.0,47588.0,Echolocation,Pipistrellus pipistrellus,0.222,0.257,-1,192000.0,/mnt/ubna_data_05/recover-20250317/UBNA_026/20250311_065000.WAV,recover-20250317,UBNA_026,Central Pond
LF,21120.0,0.6249320367423357,227.4015,227.42340000000002,19453.0,23351.0,Echolocation,Nyctalus noctula,0.139,0.247,-1,192000.0,/mnt/ubna_data_05/recover-20250317/UBNA_026/20250311_070000.WAV,recover-20250317,UBNA_026,Central Pond
LF,20160.0,7.305240041047982,6.7855,6.7946,19453.0,25820.0,Echolocation,Plecotus austriacus,0.098,0.265,-1,192000.0,/mnt/ubna_data_05/recover-20250317/UBNA_026/20250311_071000.WAV,recover-20250317,UBNA_026,Central Pond
HF,50880.0,0.02607074106532163,217.4775,217.4851,47812.0,51794.0,Echolocation,Pipistrellus pipistrellus,0.21,0.224,-1,192000.0,/mnt/ubna_data_05/recover-20250317/UBNA_026/20250311_071000.WAV,recover-20250317,UBNA_026,Central Pond
LF,21120.0,3.8108509653322105,75.6645,75.6764,19453.0,26615.0,Echolocation,Nyctalus noctula,0.152,0.293,-1,192000.0,/mnt/ubna_data_05/recover-20250317/UBNA_026/20250311_073000.WAV,recover-20250317,UBNA_026,Central Pond
LF,22080.0,0.0982273642840441,179.8355,179.8473,22031.0,27517.0,Echolocation,Nyctalus leisleri,0.088,0.21,-1,192000.0,/mnt/ubna_data_05/recover-20250317/UBNA_026/20250311_074000.WAV,recover-20250317,UBNA_026,Central Pond
LF,22080.0,2.889476905086357,129.8915,129.8994,21171.0,30633.0,Echolocation,Plecotus austriacus,0.099,0.343,-1,192000.0,/mnt/ubna_data_05/recover-20250317/UBNA_026/20250311_075000.WAV,recover-20250317,UBNA_026,Central Pond
LF,22080.0,1.6981536884901838,280.4795,280.4871,22031.0,31185.0,Echolocation,Plecotus austriacus,0.105,0.221,-1,192000.0,/mnt/ubna_data_05/recover-20250317/UBNA_026/20250311_075000.WAV,recover-20250317,UBNA_026,Central Pond
HF,49920.0,1.669838214385853,206.3895,206.40109999999999,49531.0,53127.0,Echolocation,Pipistrellus pipistrellus,0.142,0.201,-1,192000.0,/mnt/ubna_data_05/recover-20250317/UBNA_026/20250311_081000.WAV,recover-20250317,UBNA_026,Central Pond
LF,22080.0,0.320611971339225,284.0085,284.0261,22031.0,26108.0,Echolocation,Nyctalus leisleri,0.108,0.228,-1,192000.0,/mnt/ubna_data_05/recover-20250317/UBNA_026/20250311_082000.WAV,recover-20250317,UBNA_026,Central Pond
HF,43200.0,1.7857921705093704,298.6685,298.6767,41796.0,46374.0,Echolocation,Pipistrellus nathusii,0.093,0.259,-1,192000.0,/mnt/ubna_data_05/recover-20250317/UBNA_026/20250311_082000.WAV,recover-20250317,UBNA_026,Central Pond
LF,24960.0,0.4784600755107942,19.2075,19.2214,23750.0,28679.0,Echolocation,Nyctalus leisleri,0.114,0.238,-1,192000.0,/mnt/ubna_data_05/recover-20250317/UBNA_026/20250311_083000.WAV,recover-20250317,UBNA_026,Central Pond
LF,21120.0,0.6836457183705192,236.5045,236.5219,20312.0,25256.0,Echolocation,Nyctalus noctula,0.178,0.285,-1,192000.0,/mnt/ubna_data_05/recover-20250317/UBNA_026/20250311_083000.WAV,recover-20250317,UBNA_026,Central Pond
LF,24000.0,0.5408485622022257,265.9515,265.9596,22031.0,30803.0,Echolocation,Plecotus austriacus,0.082,0.206,-1,192000.0,/mnt/ubna_data_05/recover-20250317/UBNA_026/20250311_083000.WAV,recover-20250317,UBNA_026,Central Pond
LF,22080.0,0.21122791523601925,239.8265,239.8451,22031.0,26400.0,Echolocation,Nyctalus leisleri,0.095,0.207,-1,192000.0,/mnt/ubna_data_05/recover-20250317/UBNA_026/20250311_091000.WAV,recover-20250317,UBNA_026,Central Pond
LF,23040.0,0.0292980538489029,157.82150000000001,157.8343,22890.0,27727.0,Echolocation,Nyctalus leisleri,0.263,0.396,-1,192000.0,/mnt/ubna_data_05/recover-20250317/UBNA_026/20250311_092000.WAV,recover-20250317,UBNA_026,Central Pond
LF,23040.0,0.495373612905814,12.0255,12.0394,23750.0,28159.0,Echolocation,Nyctalus leisleri,0.132,0.227,-1,192000.0,/mnt/ubna_data_05/recover-20250317/UBNA_026/20250311_093000.WAV,recover-20250317,UBNA_026,Central Pond
LF,22080.0,3.424289034563693,53.3215,53.3296,20312.0,29934.0,Echolocation,Plecotus austriacus,0.108,0.365,-1,192000.0,/mnt/ubna_data_05/recover-20250317/UBNA_026/20250311_094000.WAV,recover-20250317,UBNA_026,Central Pond
LF,27840.0,0.7778953743839749,86.5315,86.5432,27187.0,32482.0,Echolocation,Nyctalus leisleri,0.217,0.413,-1,192000.0,/mnt/ubna_data_05/recover-20250317/UBNA_026/20250311_094000.WAV,recover-20250317,UBNA_026,Central Pond
LF,27840.0,0.26494682475723447,197.3285,197.3461,27187.0,31058.0,Echolocation,Nyctalus leisleri,0.128,0.22,-1,192000.0,/mnt/ubna_data_05/recover-20250317/UBNA_026/20250311_094000.WAV,recover-20250317,UBNA_026,Central Pond
LF,25920.0,0.9736503445737343,13.8615,13.8757,24609.0,28861.0,Echolocation,Nyctalus leisleri,0.119,0.229,-1,192000.0,/mnt/ubna_data_05/recover-20250317/UBNA_026/20250311_095000.WAV,recover-20250317,UBNA_026,Central Pond
LF,28800.0,1.8962660305857935,41.1525,41.1636,26328.0,31405.0,Echolocation,Eptesicus serotinus,0.105,0.227,-1,192000.0,/mnt/ubna_data_05/recover-20250317/UBNA_026/20250311_095000.WAV,recover-20250317,UBNA_026,Central Pond
HF,45120.0,1.2852286679606395,180.8475,180.8574,43515.0,46823.0,Echolocation,Pipistrellus pipistrellus,0.23,0.254,-1,192000.0,/mnt/ubna_data_05/recover-20250317/UBNA_026/20250311_095000.WAV,recover-20250317,UBNA_026,Central Pond
LF,25920.0,2.303472197957907,256.5085,256.5167,25468.0,34016.0,Echolocation,Eptesicus serotinus,0.119,0.212,-1,192000.0,/mnt/ubna_data_05/recover-20250317/UBNA_026/20250311_095000.WAV,recover-20250317,UBNA_026,Central Pond
LF,26880.0,4.955440205194513,266.7785,266.7866,24609.0,32153.0,Echolocation,Eptesicus serotinus,0.071,0.213,-1,192000.0,/mnt/ubna_data_05/recover-20250317/UBNA_026/20250311_095000.WAV,recover-20250317,UBNA_026,Central Pond
LF,21120.0,-0.4124778577081224,73.3425,73.3602,21171.0,24704.0,Echolocation,Nyctalus noctula,0.141,0.294,-1,192000.0,/mnt/ubna_data_05/recover-20250317/UBNA_026/20250311_100000.WAV,recover-20250317,UBNA_026,Central Pond
LF,23040.0,0.8780587656364275,281.5755,281.5889,23750.0,29346.0,Echolocation,Eptesicus serotinus,0.079,0.2,-1,192000.0,/mnt/ubna_data_05/recover-20250317/UBNA_026/20250311_101000.WAV,recover-20250317,UBNA_026,Central Pond
LF,23040.0,0.723248360373918,139.5055,139.5172,23750.0,29088.0,Echolocation,Nyctalus leisleri,0.127,0.304,-1,192000.0,/mnt/ubna_data_05/recover-20250317/UBNA_026/20250311_102000.WAV,recover-20250317,UBNA_026,Central Pond
LF,19200.0,3.898586363162071,91.1525,91.1626,16875.0,24369.0,Echolocation,Nyctalus noctula,0.146,0.296,-1,192000.0,/mnt/ubna_data_05/recover-20250317/UBNA_026/20250311_104000.WAV,recover-20250317,UBNA_026,Central Pond
LF,29760.0,0.37135834348516716,18.0015,18.0124,28906.0,34216.0,Echolocation,Nyctalus leisleri,0.118,0.205,-1,192000.0,/mnt/ubna_data_05/recover-20250317/UBNA_026/20250311_105000.WAV,recover-20250317,UBNA_026,Central Pond
LF,28800.0,-0.22203038842919037,132.8375,132.8513,27187.0,32130.0,Echolocation,Nyctalus leisleri,0.174,0.335,-1,192000.0,/mnt/ubna_data_05/recover-20250317/UBNA_026/20250311_105000.WAV,recover-20250317,UBNA_026,Central Pond
LF,24000.0,0.34691844937398697,60.6075,60.6186,23750.0,29252.0,Echolocation,Nyctalus leisleri,0.139,0.305,-1,192000.0,/mnt/ubna_data_05/recover-20250317/UBNA_026/20250311_110000.WAV,recover-20250317,UBNA_026,Central Pond
LF,22080.0,-0.09287781963475807,242.4435,242.4676,21171.0,24721.0,Echolocation,Nyctalus noctula,0.107,0.205,-1,192000.0,/mnt/ubna_data_05/recover-20250317/UBNA_026/20250311_110000.WAV,recover-20250317,UBNA_026,Central Pond
LF,21120.0,0.4281386514259061,269.6005,269.6097,20312.0,28123.0,Echolocation,Nyctalus noctula,0.088,0.278,-1,192000.0,/mnt/ubna_data_05/recover-20250317/UBNA_026/20250311_110000.WAV,recover-20250317,UBNA_026,Central Pond
LF,19200.0,0.6998518863161598,91.5285,91.551,17734.0,21203.0,Echolocation,Nyctalus noctula,0.157,0.22,-1,192000.0,/mnt/ubna_data_05/recover-20250317/UBNA_026/20250311_111000.WAV,recover-20250317,UBNA_026,Central Pond
LF,29760.0,0.7841268239027656,165.2875,165.2989,28046.0,34407.0,Echolocation,Eptesicus serotinus,0.197,0.279,-1,192000.0,/mnt/ubna_data_05/recover-20250317/UBNA_026/20250311_112000.WAV,recover-20250317,UBNA_026,Central Pond
LF,24000.0,0.8974263805908309,180.7935,180.8098,23750.0,28072.0,Echolocation,Nyctalus leisleri,0.129,0.239,-1,192000.0,/mnt/ubna_data_05/recover-20250317/UBNA_026/20250311_113000.WAV,recover-20250317,UBNA_026,Central Pond
HF,45120.0,1.2451074425606354,125.5695,125.57939999999999,44375.0,49209.0,Echolocation,Pipistrellus pipistrellus,0.209,0.228,-1,192000.0,/mnt/ubna_data_05/recover-20250317/UBNA_026/20250311_114000.WAV,recover-20250317,UBNA_026,Central Pond
LF,25920.0,0.470703379813566,197.4795,197.49099999999999,24609.0,30092.0,Echolocation,Nyctalus leisleri,0.151,0.315,-1,192000.0,/mnt/ubna_data_05/recover-20250317/UBNA_026/20250311_114000.WAV,recover-20250317,UBNA_026,Central Pond
LF,21120.0,-0.2617277443922522,54.204499999999996,54.2239,22031.0,26169.0,Echolocation,Nyctalus noctula,0.107,0.235,-1,192000.0,/mnt/ubna_data_05/recover-20250317/UBNA_026/20250311_121000.WAV,recover-20250317,UBNA_026,Central Pond
LF,26880.0,1.015266619822854,237.9805,237.9918,25468.0,31321.0,Echolocation,Eptesicus serotinus,0.116,0.267,-1,192000.0,/mnt/ubna_data_05/recover-20250317/UBNA_026/20250311_121000.WAV,recover-20250317,UBNA_026,Central Pond
HF,48000.0,-0.06543159720285642,71.8065,71.815,47812.0,51014.0,Echolocation,Pipistrellus pipistrellus,0.198,0.225,-1,192000.0,/mnt/ubna_data_05/recover-20250317/UBNA_026/20250311_122000.WAV,recover-20250317,UBNA_026,Central Pond
LF,23040.0,0.48733031545087074,281.7955,281.8099,23750.0,27569.0,Echolocation,Nyctalus leisleri,0.123,0.202,-1,192000.0,/mnt/ubna_data_05/recover-20250317/UBNA_026/20250311_124000.WAV,recover-20250317,UBNA_026,Central Pond
LF,21120.0,1.5719440179312425,16.0985,16.1176,22031.0,25941.0,Echolocation,Nyctalus leisleri,0.135,0.268,-1,192000.0,/mnt/ubna_data_05/recover-20250317/UBNA_026/20250311_131000.WAV,recover-20250317,UBNA_026,Central Pond
LF,27840.0,0.3173177662574084,142.5055,142.5223,27187.0,30823.0,Echolocation,Nyctalus leisleri,0.135,0.222,-1,192000.0,/mnt/ubna_data_05/recover-20250317/UBNA_026/20250311_131000.WAV,recover-20250317,UBNA_026,Central Pond
LF,26880.0,-0.03663738568901373,213.9245,213.9382,27187.0,31778.0,Echolocation,Nyctalus leisleri,0.183,0.308,-1,192000.0,/mnt/ubna_data_05/recover-20250317/UBNA_026/20250311_131000.WAV,recover-20250317,UBNA_026,Central Pond
LF,22080.0,1.0006973970093678,92.5865,92.602,22890.0,27181.0,Echolocation,Nyctalus leisleri,0.117,0.252,-1,192000.0,/mnt/ubna_data_05/recover-20250317/UBNA_026/20250311_132000.WAV,recover-20250317,UBNA_026,Central Pond
LF,22080.0,-1.108700104276636,134.2185,134.2326,22890.0,27156.0,Echolocation,Nyctalus leisleri,0.18,0.317,-1,192000.0,/mnt/ubna_data_05/recover-20250317/UBNA_026/20250311_134000.WAV,recover-20250317,UBNA_026,Central Pond
LF,23040.0,0.9022310741160291,23.2245,23.2406,23750.0,27637.0,Echolocation,Nyctalus leisleri,0.117,0.206,-1,192000.0,/mnt/ubna_data_05/recover-20250317/UBNA_026/20250311_135000.WAV,recover-20250317,UBNA_026,Central Pond
LF,22080.0,0.7734393442125138,93.9295,93.9439,22890.0,26687.0,Echolocation,Nyctalus leisleri,0.114,0.207,-1,192000.0,/mnt/ubna_data_05/recover-20250317/UBNA_026/20250311_142000.WAV,recover-20250317,UBNA_026,Central Pond
LF,22080.0,11.150881238892156,10.6905,10.7143,22031.0,25002.0,Echolocation,Nyctalus leisleri,0.19,0.246,-1,192000.0,/mnt/ubna_data_05/recover-20250317/UBNA_026/20250311_143000.WAV,recover-20250317,UBNA_026,Central Pond
LF,25920.0,-4.99465511529218,11.4325,11.4489,23750.0,27507.0,Echolocation,Nyctalus leisleri,0.227,0.353,-1,192000.0,/mnt/ubna_data_05/recover-20250317/UBNA_026/20250311_143000.WAV,recover-20250317,UBNA_026,Central Pond
LF,22080.0,-6.28280803312506,11.5215,11.538,22890.0,28017.0,Echolocation,Nyctalus leisleri,0.267,0.415,-1,192000.0,/mnt/ubna_data_05/recover-20250317/UBNA_026/20250311_143000.WAV,recover-20250317,UBNA_026,Central Pond
LF,21120.0,8.640123980458242,11.6665,11.6791,13437.0,18404.0,Echolocation,Nyctalus leisleri,0.102,0.212,-1,192000.0,/mnt/ubna_data_05/recover-20250317/UBNA_026/20250311_143000.WAV,recover-20250317,UBNA_026,Central Pond
LF,23040.0,-0.6703242949633664,11.6985,11.7146,23750.0,27894.0,Echolocation,Nyctalus leisleri,0.205,0.327,-1,192000.0,/mnt/ubna_data_05/recover-20250317/UBNA_026/20250311_143000.WAV,recover-20250317,UBNA_026,Central Pond
HF,48960.0,5.721983969828499,39.0315,39.038399999999996,47812.0,52455.0,Echolocation,Pipistrellus pipistrellus,0.179,0.249,-1,192000.0,/mnt/ubna_data_05/recover-20250317/UBNA_026/20250311_143000.WAV,recover-20250317,UBNA_026,Central Pond
LF,23040.0,-3.1041286083025637,39.414500000000004,39.4379,23750.0,27250.0,Echolocation,Nyctalus leisleri,0.145,0.216,-1,192000.0,/mnt/ubna_data_05/recover-20250317/UBNA_026/20250311_143000.WAV,recover-20250317,UBNA_026,Central Pond
LF,20160.0,10.223925336954562,60.0825,60.1075,19453.0,22176.0,Echolocation,Nyctalus leisleri,0.214,0.357,-1,192000.0,/mnt/ubna_data_05/recover-20250317/UBNA_026/20250311_143000.WAV,recover-20250317,UBNA_026,Central Pond
LF,20160.0,7.1924336372035444,60.7785,60.7958,19453.0,23614.0,Echolocation,Nyctalus noctula,0.162,0.262,-1,192000.0,/mnt/ubna_data_05/recover-20250317/UBNA_026/20250311_143000.WAV,recover-20250317,UBNA_026,Central Pond
LF,24000.0,2.5606447114823987,107.3255,107.3432,23750.0,27967.0,Echolocation,Nyctalus leisleri,0.129,0.204,-1,192000.0,/mnt/ubna_data_05/recover-20250317/UBNA_026/20250311_143000.WAV,recover-20250317,UBNA_026,Central Pond
LF,23040.0,5.025304408860652,107.3385,107.3615,22031.0,25564.0,Echolocation,Nyctalus leisleri,0.218,0.257,-1,192000.0,/mnt/ubna_data_05/recover-20250317/UBNA_026/20250311_143000.WAV,recover-20250317,UBNA_026,Central Pond
LF,20160.0,12.551573123788529,107.9855,107.9969,14296.0,19020.0,Echolocation,Eptesicus serotinus,0.106,0.205,-1,192000.0,/mnt/ubna_data_05/recover-20250317/UBNA_026/20250311_143000.WAV,recover-20250317,UBNA_026,Central Pond
LF,21120.0,11.188947281065033,108.5215,108.5343,14296.0,19144.0,Echolocation,Nyctalus leisleri,0.109,0.233,-1,192000.0,/mnt/ubna_data_05/recover-20250317/UBNA_026/20250311_143000.WAV,recover-20250317,UBNA_026,Central Pond
LF,20160.0,13.392873125256061,108.60849999999999,108.6215,14296.0,19211.0,Echolocation,Eptesicus serotinus,0.094,0.25,-1,192000.0,/mnt/ubna_data_05/recover-20250317/UBNA_026/20250311_143000.WAV,recover-20250317,UBNA_026,Central Pond
LF,21120.0,11.835348477801265,184.6925,184.7111,19453.0,23313.0,Echolocation,Nyctalus noctula,0.116,0.221,-1,192000.0,/mnt/ubna_data_05/recover-20250317/UBNA_026/20250311_143000.WAV,recover-20250317,UBNA_026,Central Pond
LF,21120.0,10.44402430177655,184.8435,184.8623,17734.0,22567.0,Echolocation,Nyctalus noctula,0.181,0.278,-1,192000.0,/mnt/ubna_data_05/recover-20250317/UBNA_026/20250311_143000.WAV,recover-20250317,UBNA_026,Central Pond
LF,25920.0,7.554857871943619,185.1345,185.1514,22890.0,27282.0,Echolocation,Nyctalus leisleri,0.17,0.284,-1,192000.0,/mnt/ubna_data_05/recover-20250317/UBNA_026/20250311_143000.WAV,recover-20250317,UBNA_026,Central Pond
LF,21120.0,10.421324087813414,199.4855,199.5038,21171.0,24655.0,Echolocation,Nyctalus noctula,0.173,0.304,-1,192000.0,/mnt/ubna_data_05/recover-20250317/UBNA_026/20250311_143000.WAV,recover-20250317,UBNA_026,Central Pond
LF,21120.0,10.82597787820935,199.6335,199.6506,20312.0,24891.0,Echolocation,Nyctalus noctula,0.273,0.414,-1,192000.0,/mnt/ubna_data_05/recover-20250317/UBNA_026/20250311_143000.WAV,recover-20250317,UBNA_026,Central Pond
LF,21120.0,5.04478420928153,199.9335,199.9494,22031.0,26954.0,Echolocation,Nyctalus noctula,0.211,0.371,-1,192000.0,/mnt/ubna_data_05/recover-20250317/UBNA_026/20250311_143000.WAV,recover-20250317,UBNA_026,Central Pond
HF,45120.0,1.9380786114379602,126.8065,126.821,44375.0,48979.0,Echolocation,Pipistrellus pipistrellus,0.248,0.287,-1,192000.0,/mnt/ubna_data_05/recover-20250317/UBNA_026/20250311_144000.WAV,recover-20250317,UBNA_026,Central Pond
LF,24000.0,0.25493171307862406,165.7365,165.7511,24609.0,29712.0,Echolocation,Eptesicus serotinus,0.085,0.21,-1,192000.0,/mnt/ubna_data_05/recover-20250317/UBNA_026/20250311_144000.WAV,recover-20250317,UBNA_026,Central Pond
LF,21120.0,0.21798868529239399,283.5715,283.5909,21171.0,24461.0,Echolocation,Nyctalus noctula,0.116,0.236,-1,192000.0,/mnt/ubna_data_05/recover-20250317/UBNA_026/20250311_145000.WAV,recover-20250317,UBNA_026,Central Pond
LF,23040.0,0.9569051220095093,65.3105,65.3269,23750.0,27161.0,Echolocation,Nyctalus leisleri,0.169,0.234,-1,192000.0,/mnt/ubna_data_05/recover-20250317/UBNA_026/20250311_154000.WAV,recover-20250317,UBNA_026,Central Pond
LF,24000.0,0.5447412249305411,18.7475,18.7623,22890.0,27637.0,Echolocation,Nyctalus leisleri,0.101,0.238,-1,192000.0,/mnt/ubna_data_05/recover-20250317/UBNA_026/20250311_160000.WAV,recover-20250317,UBNA_026,Central Pond
LF,20160.0,0.6677835452601535,47.2535,47.267700000000005,16015.0,21396.0,Echolocation,Nyctalus noctula,0.14,0.207,-1,192000.0,/mnt/ubna_data_05/recover-20250317/UBNA_026/20250311_160000.WAV,recover-20250317,UBNA_026,Central Pond
LF,22080.0,0.15017376368773508,285.4765,285.492,22890.0,27566.0,Echolocation,Nyctalus leisleri,0.089,0.219,-1,192000.0,/mnt/ubna_data_05/recover-20250317/UBNA_026/20250311_160000.WAV,recover-20250317,UBNA_026,Central Pond
HF,51840.0,0.33924496182130315,187.8615,187.8785,50390.0,53459.0,Echolocation,Pipistrellus pygmaeus,0.123,0.228,-1,192000.0,/mnt/ubna_data_05/recover-20250317/UBNA_026/20250311_163000.WAV,recover-20250317,UBNA_026,Central Pond
LF,21120.0,0.8420629169962095,221.4315,221.4531,22031.0,25982.0,Echolocation,Nyctalus leisleri,0.168,0.259,-1,192000.0,/mnt/ubna_data_05/recover-20250317/UBNA_026/20250311_163000.WAV,recover-20250317,UBNA_026,Central Pond
LF,20160.0,7.209986306645905,157.0895,157.1138,18593.0,21957.0,Echolocation,Nyctalus noctula,0.119,0.234,-1,192000.0,/mnt/ubna_data_05/recover-20250317/UBNA_026/20250311_165000.WAV,recover-20250317,UBNA_026,Central Pond
LF,19200.0,1.4460704089008307,150.1685,150.1911,17734.0,21057.0,Echolocation,Nyctalus noctula,0.164,0.221,-1,192000.0,/mnt/ubna_data_05/recover-20250317/UBNA_026/20250311_170000.WAV,recover-20250317,UBNA_026,Central Pond
LF,23040.0,0.6391632649602235,212.2555,212.2696,23750.0,27489.0,Echolocation,Nyctalus leisleri,0.186,0.253,-1,192000.0,/mnt/ubna_data_05/recover-20250317/UBNA_026/20250311_170000.WAV,recover-20250317,UBNA_026,Central Pond
LF,21120.0,0.9830667097946519,228.4385,228.4592,21171.0,24466.0,Echolocation,Nyctalus leisleri,0.259,0.368,-1,192000.0,/mnt/ubna_data_05/recover-20250317/UBNA_026/20250311_170000.WAV,recover-20250317,UBNA_026,Central Pond
LF,21120.0,0.5971950355980685,284.1005,284.1216,21171.0,24494.0,Echolocation,Nyctalus noctula,0.117,0.247,-1,192000.0,/mnt/ubna_data_05/recover-20250317/UBNA_026/20250311_170000.WAV,recover-20250317,UBNA_026,Central Pond
LF,26880.0,0.820981110859102,48.6415,48.6566,26328.0,31073.0,Echolocation,Nyctalus leisleri,0.126,0.254,-1,192000.0,/mnt/ubna_data_05/recover-20250317/UBNA_026/20250311_172000.WAV,recover-20250317,UBNA_026,Central Pond
LF,28800.0,1.1594930168887778,128.9135,128.9299,28906.0,32585.0,Echolocation,Nyctalus leisleri,0.102,0.21,-1,192000.0,/mnt/ubna_data_05/recover-20250317/UBNA_026/20250311_174000.WAV,recover-20250317,UBNA_026,Central Pond
LF,24000.0,0.5554235025607008,107.5335,107.5463,22890.0,27913.0,Echolocation,Nyctalus leisleri,0.105,0.234,-1,192000.0,/mnt/ubna_data_05/recover-20250317/UBNA_026/20250311_175000.WAV,recover-20250317,UBNA_026,Central Pond
HF,41280.0,0.9032481814061766,49.2945,49.3064,38359.0,42824.0,Echolocation,Pipistrellus nathusii,0.175,0.203,-1,192000.0,/mnt/ubna_data_05/recover-20250317/UBNA_026/20250311_180000.WAV,recover-20250317,UBNA_026,Central Pond
LF,22080.0,6.01487643931943,244.5855,244.5974,21171.0,27249.0,Echolocation,Nyctalus noctula,0.107,0.234,-1,192000.0,/mnt/ubna_data_05/recover-20250317/UBNA_026/20250311_181000.WAV,recover-20250317,UBNA_026,Central Pond
LF,21120.0,2.211231478391956,295.7615,295.7859,18593.0,21641.0,Echolocation,Nyctalus noctula,0.128,0.2,-1,192000.0,/mnt/ubna_data_05/recover-20250317/UBNA_026/20250311_182000.WAV,recover-20250317,UBNA_026,Central Pond
HF,46080.0,0.8080839375693127,296.9865,297.0017,44375.0,48356.0,Echolocation,Pipistrellus pipistrellus,0.166,0.203,-1,192000.0,/mnt/ubna_data_05/recover-20250317/UBNA_026/20250311_182000.WAV,recover-20250317,UBNA_026,Central Pond
LF,21120.0,-0.03010038362634554,116.3045,116.3194,22031.0,27719.0,Echolocation,Nyctalus noctula,0.115,0.219,-1,192000.0,/mnt/ubna_data_05/recover-20250317/UBNA_026/20250311_183000.WAV,recover-20250317,UBNA_026,Central Pond
LF,20160.0,0.45120534123717276,286.7645,286.7828,21171.0,24373.0,Echolocation,Nyctalus noctula,0.095,0.2,-1,192000.0,/mnt/ubna_data_05/recover-20250317/UBNA_026/20250311_183000.WAV,recover-20250317,UBNA_026,Central Pond
LF,23040.0,0.40710714645788354,143.0315,143.0442,23750.0,28402.0,Echolocation,Nyctalus leisleri,0.148,0.274,-1,192000.0,/mnt/ubna_data_05/recover-20250317/UBNA_026/20250311_193000.WAV,recover-20250317,UBNA_026,Central Pond
HF,42240.0,0.4449231568157973,108.2885,108.3015,37500.0,42006.0,Echolocation,Pipistrellus nathusii,0.231,0.269,-1,192000.0,/mnt/ubna_data_05/recover-20250317/UBNA_026/20250311_202000.WAV,recover-20250317,UBNA_026,Central Pond
LF,22080.0,0.26882883167966676,227.4845,227.4981,22031.0,27515.0,Echolocation,Nyctalus leisleri,0.091,0.229,-1,192000.0,/mnt/ubna_data_05/recover-20250317/UBNA_026/20250311_202000.WAV,recover-20250317,UBNA_026,Central Pond
LF,22080.0,1.1879759930385785,230.4865,230.4983,22031.0,27693.0,Echolocation,Nyctalus noctula,0.114,0.27,-1,192000.0,/mnt/ubna_data_05/recover-20250317/UBNA_026/20250311_204000.WAV,recover-20250317,UBNA_026,Central Pond
LF,25920.0,1.1015698879065985,125.8295,125.8402,25468.0,31175.0,Echolocation,Eptesicus serotinus,0.137,0.243,-1,192000.0,/mnt/ubna_data_05/recover-20250317/UBNA_026/20250311_205000.WAV,recover-20250317,UBNA_026,Central Pond
LF,25920.0,0.6931016765735853,293.8395,293.8505,24609.0,31655.0,Echolocation,Eptesicus serotinus,0.095,0.239,-1,192000.0,/mnt/ubna_data_05/recover-20250317/UBNA_026/20250311_212000.WAV,recover-20250317,UBNA_026,Central Pond
LF,28800.0,2.146388254258387,131.6645,131.6766,28906.0,33678.0,Echolocation,Eptesicus serotinus,0.181,0.311,-1,192000.0,/mnt/ubna_data_05/recover-20250317/UBNA_026/20250311_213000.WAV,recover-20250317,UBNA_026,Central Pond
LF,22080.0,4.003024267119376,26.8975,26.9102,21171.0,27077.0,Echolocation,Nyctalus noctula,0.246,0.404,-1,192000.0,/mnt/ubna_data_05/recover-20250317/UBNA_026/20250311_215000.WAV,recover-20250317,UBNA_026,Central Pond
LF,26880.0,0.7747893357326197,63.8165,63.8311,25468.0,29795.0,Echolocation,Nyctalus leisleri,0.162,0.28,-1,192000.0,/mnt/ubna_data_05/recover-20250317/UBNA_026/20250311_221000.WAV,recover-20250317,UBNA_026,Central Pond
LF,24000.0,0.39066655196904554,242.6385,242.65,23750.0,29272.0,Echolocation,Nyctalus leisleri,0.109,0.286,-1,192000.0,/mnt/ubna_data_05/recover-20250317/UBNA_026/20250311_231000.WAV,recover-20250317,UBNA_026,Central Pond
LF,20160.0,-0.6334402625820178,93.5695,93.5923,19453.0,22998.0,Echolocation,Nyctalus noctula,0.195,0.272,-1,192000.0,/mnt/ubna_data_05/recover-20250317/UBNA_026/20250311_235000.WAV,recover-20250317,UBNA_026,Central Pond
LF,20160.0,1.3214097467230652,84.3035,84.3233,20312.0,23743.0,Echolocation,Nyctalus noctula,0.231,0.361,-1,192000.0,/mnt/ubna_data_05/recover-20250317/UBNA_026/20250312_002000.WAV,recover-20250317,UBNA_026,Central Pond
LF,23040.0,0.05556485419865777,162.0015,162.0163,23750.0,28620.0,Echolocation,Nyctalus leisleri,0.127,0.208,-1,192000.0,/mnt/ubna_data_05/recover-20250317/UBNA_026/20250312_003000.WAV,recover-20250317,UBNA_026,Central Pond
LF,22080.0,0.5471254893877088,137.8045,137.8209,22890.0,27387.0,Echolocation,Nyctalus leisleri,0.166,0.288,-1,192000.0,/mnt/ubna_data_05/recover-20250317/UBNA_026/20250312_004000.WAV,recover-20250317,UBNA_026,Central Pond
LF,23040.0,0.4125886478353357,151.6825,151.6985,22890.0,27467.0,Echolocation,Nyctalus leisleri,0.181,0.307,-1,192000.0,/mnt/ubna_data_05/recover-20250317/UBNA_026/20250312_004000.WAV,recover-20250317,UBNA_026,Central Pond
LF,25920.0,0.255759902024125,177.1025,177.114,25468.0,31555.0,Echolocation,Eptesicus serotinus,0.105,0.257,-1,192000.0,/mnt/ubna_data_05/recover-20250317/UBNA_026/20250312_005000.WAV,recover-20250317,UBNA_026,Central Pond
LF,21120.0,0.35391964283112054,186.8435,186.8622,22031.0,25813.0,Echolocation,Nyctalus noctula,0.119,0.217,-1,192000.0,/mnt/ubna_data_05/recover-20250317/UBNA_026/20250312_005000.WAV,recover-20250317,UBNA_026,Central Pond
LF,21120.0,1.6652764577559718,297.3785,297.3953,21171.0,25225.0,Echolocation,Nyctalus noctula,0.102,0.227,-1,192000.0,/mnt/ubna_data_05/recover-20250317/UBNA_026/20250312_005000.WAV,recover-20250317,UBNA_026,Central Pond
LF,28800.0,1.055359131242112,70.8515,70.8628,27187.0,33916.0,Echolocation,Eptesicus serotinus,0.121,0.214,-1,192000.0,/mnt/ubna_data_05/recover-20250317/UBNA_026/20250312_011000.WAV,recover-20250317,UBNA_026,Central Pond
LF,21120.0,4.277171841483392,45.1695,45.1772,16875.0,28505.0,Echolocation,Plecotus austriacus,0.093,0.209,-1,192000.0,/mnt/ubna_data_05/recover-20250317/UBNA_026/20250312_013000.WAV,recover-20250317,UBNA_026,Central Pond
LF,20160.0,-0.3265061295914342,257.8355,257.8568,20312.0,23844.0,Echolocation,Nyctalus noctula,0.132,0.215,-1,192000.0,/mnt/ubna_data_05/recover-20250317/UBNA_026/20250312_013000.WAV,recover-20250317,UBNA_026,Central Pond
LF,29760.0,1.7432572597651501,38.9075,38.918,28046.0,35455.0,Echolocation,Eptesicus serotinus,0.17,0.227,-1,192000.0,/mnt/ubna_data_05/recover-20250317/UBNA_026/20250312_015000.WAV,recover-20250317,UBNA_026,Central Pond
LF,22080.0,0.6852922027938211,250.5765,250.5957,22031.0,26619.0,Echolocation,Nyctalus noctula,0.104,0.215,-1,192000.0,/mnt/ubna_data_05/recover-20250317/UBNA_026/20250312_020000.WAV,recover-20250317,UBNA_026,Central Pond
HF,42240.0,1.2670902765305025,103.4635,103.4755,38359.0,42157.0,Echolocation,Pipistrellus nathusii,0.163,0.204,-1,192000.0,/mnt/ubna_data_05/recover-20250317/UBNA_026/20250312_022000.WAV,recover-20250317,UBNA_026,Central Pond
LF,28800.0,1.2741549297481345,214.1005,214.1102,28906.0,36265.0,Echolocation,Eptesicus serotinus,0.173,0.242,-1,192000.0,/mnt/ubna_data_05/recover-20250317/UBNA_026/20250312_022000.WAV,recover-20250317,UBNA_026,Central Pond
LF,24960.0,2.239460330121577,76.3595,76.3697,24609.0,31341.0,Echolocation,Eptesicus serotinus,0.117,0.202,-1,192000.0,/mnt/ubna_data_05/recover-20250317/UBNA_026/20250312_023000.WAV,recover-20250317,UBNA_026,Central Pond
LF,29760.0,0.8681163428544783,146.5465,146.5563,28046.0,34614.0,Echolocation,Eptesicus serotinus,0.152,0.238,-1,192000.0,/mnt/ubna_data_05/recover-20250317/UBNA_026/20250312_023000.WAV,recover-20250317,UBNA_026,Central Pond
LF,16320.0,0.40677725395548125,274.6465,274.6612,11718.0,18206.0,Echolocation,Nyctalus leisleri,0.129,0.216,-1,192000.0,/mnt/ubna_data_05/recover-20250317/UBNA_026/20250312_023000.WAV,recover-20250317,UBNA_026,Central Pond
LF,21120.0,2.8624119925302187,205.0885,205.0947,19453.0,34312.0,Echolocation,Plecotus austriacus,0.146,0.208,-1,192000.0,/mnt/ubna_data_05/recover-20250317/UBNA_026/20250312_024000.WAV,recover-20250317,UBNA_026,Central Pond
HF,45120.0,0.36372362659912333,291.7445,291.7563,44375.0,48015.0,Echolocation,Pipistrellus pipistrellus,0.226,0.265,-1,192000.0,/mnt/ubna_data_05/recover-20250317/UBNA_026/20250312_024000.WAV,recover-20250317,UBNA_026,Central Pond
HF,45120.0,2.4797104483642234,264.9125,264.9238,44375.0,48806.0,Echolocation,Pipistrellus pipistrellus,0.274,0.342,-1,192000.0,/mnt/ubna_data_05/recover-20250317/UBNA_026/20250312_030000.WAV,recover-20250317,UBNA_026,Central Pond
HF,47040.0,3.3623382816939342,269.3935,269.3999,46093.0,53437.0,Echolocation,Pipistrellus pipistrellus,0.322,0.328,-1,192000.0,/mnt/ubna_data_05/recover-20250317/UBNA_026/20250312_030000.WAV,recover-20250317,UBNA_026,Central Pond
HF,46080.0,4.290926808038199,269.4925,269.5019,45234.0,51583.0,Echolocation,Pipistrellus pipistrellus,0.345,0.367,-1,192000.0,/mnt/ubna_data_05/recover-20250317/UBNA_026/20250312_030000.WAV,recover-20250317,UBNA_026,Central Pond
HF,46080.0,5.573939546369165,269.5865,269.5924,46093.0,59261.0,Echolocation,Pipistrellus pipistrellus,0.499,0.535,-1,192000.0,/mnt/ubna_data_05/recover-20250317/UBNA_026/20250312_030000.WAV,recover-20250317,UBNA_026,Central Pond
HF,46080.0,5.923912077870407,269.7685,269.7771,45234.0,51413.0,Echolocation,Pipistrellus pipistrellus,0.5,0.56,-1,192000.0,/mnt/ubna_data_05/recover-20250317/UBNA_026/20250312_030000.WAV,recover-20250317,UBNA_026,Central Pond
HF,45120.0,6.992865243018077,269.8675,269.8773,44375.0,57644.0,Echolocation,Pipistrellus pipistrellus,0.471,0.529,-1,192000.0,/mnt/ubna_data_05/recover-20250317/UBNA_026/20250312_030000.WAV,recover-20250317,UBNA_026,Central Pond
HF,45120.0,5.635911157083031,270.1345,270.1419,44375.0,51082.0,Echolocation,Pipistrellus pipistrellus,0.468,0.592,-1,192000.0,/mnt/ubna_data_05/recover-20250317/UBNA_026/20250312_030000.WAV,recover-20250317,UBNA_026,Central Pond
HF,45120.0,4.286802578582269,270.3865,270.3928,43515.0,52209.0,Echolocation,Pipistrellus pipistrellus,0.254,0.429,-1,192000.0,/mnt/ubna_data_05/recover-20250317/UBNA_026/20250312_030000.WAV,recover-20250317,UBNA_026,Central Pond
LF,23040.0,-0.7818888418787441,143.1495,143.1596,23750.0,31172.0,Echolocation,Eptesicus serotinus,0.158,0.313,-1,192000.0,/mnt/ubna_data_05/recover-20250317/UBNA_026/20250312_032000.WAV,recover-20250317,UBNA_026,Central Pond
LF,21120.0,0.14261717156475384,21.1675,21.1855,22031.0,26297.0,Echolocation,Nyctalus noctula,0.096,0.202,-1,192000.0,/mnt/ubna_data_05/recover-20250317/UBNA_026/20250312_033000.WAV,recover-20250317,UBNA_026,Central Pond
LF,26880.0,1.4503872124589348,133.9275,133.9379,26328.0,32796.0,Echolocation,Eptesicus serotinus,0.128,0.257,-1,192000.0,/mnt/ubna_data_05/recover-20250317/UBNA_026/20250312_034000.WAV,recover-20250317,UBNA_026,Central Pond
LF,21120.0,5.744763446420585,6.3285,6.3379,20312.0,25676.0,Echolocation,Nyctalus leisleri,0.099,0.211,-1,192000.0,/mnt/ubna_data_05/recover-20250317/UBNA_026/20250312_035000.WAV,recover-20250317,UBNA_026,Central Pond
LF,21120.0,2.8666230246158713,15.8885,15.895,16015.0,28902.0,Echolocation,Plecotus auritus,0.175,0.234,-1,192000.0,/mnt/ubna_data_05/recover-20250317/UBNA_026/20250312_035000.WAV,recover-20250317,UBNA_026,Central Pond
LF,29760.0,1.4816517654338397,58.6135,58.626999999999995,28906.0,32831.0,Echolocation,Eptesicus serotinus,0.116,0.25,-1,192000.0,/mnt/ubna_data_05/recover-20250317/UBNA_026/20250312_040000.WAV,recover-20250317,UBNA_026,Central Pond
LF,21120.0,1.110116929367989,232.59550000000002,232.6011,15156.0,31139.0,Echolocation,Plecotus auritus,0.183,0.212,-1,192000.0,/mnt/ubna_data_05/recover-20250317/UBNA_026/20250312_040000.WAV,recover-20250317,UBNA_026,Central Pond
LF,22080.0,2.0773885520307864,253.8515,253.8617,21171.0,27589.0,Echolocation,Nyctalus leisleri,0.057,0.211,-1,192000.0,/mnt/ubna_data_05/recover-20250317/UBNA_026/20250312_040000.WAV,recover-20250317,UBNA_026,Central Pond
LF,21120.0,2.9797859868576806,273.6885,273.6947,16015.0,28618.0,Echolocation,Plecotus auritus,0.163,0.248,-1,192000.0,/mnt/ubna_data_05/recover-20250317/UBNA_026/20250312_040000.WAV,recover-20250317,UBNA_026,Central Pond
LF,21120.0,-0.2114713399121912,74.76050000000001,74.7821,21171.0,24539.0,Echolocation,Nyctalus leisleri,0.098,0.201,-1,192000.0,/mnt/ubna_data_05/recover-20250317/UBNA_026/20250312_042000.WAV,recover-20250317,UBNA_026,Central Pond
LF,26880.0,0.8739642894890748,204.5565,204.569,26328.0,30501.0,Echolocation,Eptesicus serotinus,0.102,0.218,-1,192000.0,/mnt/ubna_data_05/recover-20250317/UBNA_026/20250312_042000.WAV,recover-20250317,UBNA_026,Central Pond
HF,39360.0,1.2590185323193215,111.66550000000001,111.6781,38359.0,42395.0,Echolocation,Pipistrellus nathusii,0.216,0.25,-1,192000.0,/mnt/ubna_data_05/recover-20250317/UBNA_026/20250312_043000.WAV,recover-20250317,UBNA_026,Central Pond
LF,21120.0,5.230252341418745,120.7335,120.7436,19453.0,25732.0,Echolocation,Nyctalus leisleri,0.062,0.219,-1,192000.0,/mnt/ubna_data_05/recover-20250317/UBNA_026/20250312_043000.WAV,recover-20250317,UBNA_026,Central Pond
LF,22080.0,1.036165340703966,180.8875,180.9066,22031.0,26090.0,Echolocation,Nyctalus leisleri,0.116,0.218,-1,192000.0,/mnt/ubna_data_05/recover-20250317/UBNA_026/20250312_044000.WAV,recover-20250317,UBNA_026,Central Pond
LF,21120.0,0.37185968694981536,67.8125,67.8305,20312.0,24837.0,Echolocation,Nyctalus noctula,0.186,0.289,-1,192000.0,/mnt/ubna_data_05/recover-20250317/UBNA_026/20250312_045000.WAV,recover-20250317,UBNA_026,Central Pond
LF,21120.0,3.3768456339658934,237.1215,237.1296,20312.0,29401.0,Echolocation,Plecotus austriacus,0.08,0.209,-1,192000.0,/mnt/ubna_data_05/recover-20250317/UBNA_026/20250312_050000.WAV,recover-20250317,UBNA_026,Central Pond
LF,22080.0,6.506013639551316,5.4485,5.4541,16875.0,28514.0,Echolocation,Plecotus auritus,0.214,0.303,-1,192000.0,/mnt/ubna_data_05/recover-20250317/UBNA_026/20250312_054000.WAV,recover-20250317,UBNA_026,Central Pond
LF,29760.0,0.2174697441326827,105.0265,105.0363,27187.0,33020.0,Echolocation,Eptesicus serotinus,0.172,0.317,-1,192000.0,/mnt/ubna_data_05/recover-20250317/UBNA_026/20250312_054000.WAV,recover-20250317,UBNA_026,Central Pond
LF,26880.0,0.6352424727084117,200.6195,200.6335,27187.0,30764.0,Echolocation,Nyctalus leisleri,0.115,0.206,-1,192000.0,/mnt/ubna_data_05/recover-20250317/UBNA_026/20250312_054000.WAV,recover-20250317,UBNA_026,Central Pond
LF,20160.0,0.49674737830360893,192.91649999999998,192.9404,19453.0,22581.0,Echolocation,Nyctalus noctula,0.141,0.21,-1,192000.0,/mnt/ubna_data_05/recover-20250317/UBNA_026/20250312_062000.WAV,recover-20250317,UBNA_026,Central Pond
LF,24000.0,0.34255681477393074,295.6875,295.6991,24609.0,30113.0,Echolocation,Eptesicus serotinus,0.131,0.29,-1,192000.0,/mnt/ubna_data_05/recover-20250317/UBNA_026/20250312_062000.WAV,recover-20250317,UBNA_026,Central Pond
LF,21120.0,1.0289804954284607,115.5275,115.5445,21171.0,25679.0,Echolocation,Nyctalus noctula,0.17,0.311,-1,192000.0,/mnt/ubna_data_05/recover-20250317/UBNA_026/20250312_064000.WAV,recover-20250317,UBNA_026,Central Pond
LF,24000.0,0.17122901406044605,114.6055,114.6161,23750.0,29465.0,Echolocation,Nyctalus leisleri,0.105,0.325,-1,192000.0,/mnt/ubna_data_05/recover-20250317/UBNA_026/20250312_065000.WAV,recover-20250317,UBNA_026,Central Pond
LF,26880.0,-2.5883131110548336,138.0885,138.1027,24609.0,30487.0,Echolocation,Eptesicus serotinus,0.108,0.252,-1,192000.0,/mnt/ubna_data_05/recover-20250317/UBNA_026/20250312_065000.WAV,recover-20250317,UBNA_026,Central Pond
LF,29760.0,0.5986436948548536,82.2315,82.2403,28046.0,36466.0,Echolocation,Eptesicus serotinus,0.148,0.227,-1,192000.0,/mnt/ubna_data_05/recover-20250317/UBNA_026/20250312_072000.WAV,recover-20250317,UBNA_026,Central Pond
LF,21120.0,2.4378901603288172,203.1135,203.1198,16875.0,29627.0,Echolocation,Plecotus auritus,0.154,0.244,-1,192000.0,/mnt/ubna_data_05/recover-20250317/UBNA_026/20250312_072000.WAV,recover-20250317,UBNA_026,Central Pond
LF,22080.0,1.2734460721817318,280.9855,280.9997,22031.0,27027.0,Echolocation,Nyctalus noctula,0.098,0.229,-1,192000.0,/mnt/ubna_data_05/recover-20250317/UBNA_026/20250312_072000.WAV,recover-20250317,UBNA_026,Central Pond
LF,21120.0,2.0793825685321132,284.0765,284.0883,20312.0,26635.0,Echolocation,Nyctalus noctula,0.105,0.243,-1,192000.0,/mnt/ubna_data_05/recover-20250317/UBNA_026/20250312_072000.WAV,recover-20250317,UBNA_026,Central Pond
LF,19200.0,4.622132980784413,14.7635,14.7696,16015.0,27248.0,Echolocation,Plecotus auritus,0.159,0.208,-1,192000.0,/mnt/ubna_data_05/recover-20250317/UBNA_026/20250312_073000.WAV,recover-20250317,UBNA_026,Central Pond
LF,27840.0,1.7148131783864493,222.5325,222.5416,26328.0,33028.0,Echolocation,Eptesicus serotinus,0.197,0.315,-1,192000.0,/mnt/ubna_data_05/recover-20250317/UBNA_026/20250312_073000.WAV,recover-20250317,UBNA_026,Central Pond
LF,21120.0,5.313259787084767,272.6045,272.6159,20312.0,25429.0,Echolocation,Nyctalus leisleri,0.09,0.254,-1,192000.0,/mnt/ubna_data_05/recover-20250317/UBNA_026/20250312_073000.WAV,recover-20250317,UBNA_026,Central Pond
LF,21120.0,0.6669879220137283,189.44650000000001,189.4649,20312.0,24253.0,Echolocation,Nyctalus noctula,0.15,0.23,-1,192000.0,/mnt/ubna_data_05/recover-20250317/UBNA_026/20250312_074000.WAV,recover-20250317,UBNA_026,Central Pond
LF,21120.0,1.4960290939738232,30.1025,30.1096,20312.0,30177.0,Echolocation,Plecotus austriacus,0.083,0.207,-1,192000.0,/mnt/ubna_data_05/recover-20250317/UBNA_026/20250312_075000.WAV,recover-20250317,UBNA_026,Central Pond
LF,22080.0,2.3505917235420264,45.2525,45.2628,21171.0,27972.0,Echolocation,Nyctalus noctula,0.097,0.266,-1,192000.0,/mnt/ubna_data_05/recover-20250317/UBNA_026/20250312_075000.WAV,recover-20250317,UBNA_026,Central Pond
LF,23040.0,0.8312053183591486,158.5955,158.6115,22890.0,27457.0,Echolocation,Nyctalus noctula,0.091,0.232,-1,192000.0,/mnt/ubna_data_05/recover-20250317/UBNA_026/20250312_080000.WAV,recover-20250317,UBNA_026,Central Pond
LF,29760.0,0.5895458639777047,240.1865,240.1995,28906.0,33874.0,Echolocation,Eptesicus serotinus,0.14,0.226,-1,192000.0,/mnt/ubna_data_05/recover-20250317/UBNA_026/20250312_080000.WAV,recover-20250317,UBNA_026,Central Pond
LF,21120.0,3.9736404429212286,252.0895,252.1025,20312.0,25699.0,Echolocation,Nyctalus noctula,0.091,0.219,-1,192000.0,/mnt/ubna_data_05/recover-20250317/UBNA_026/20250312_080000.WAV,recover-20250317,UBNA_026,Central Pond
LF,23040.0,1.238233305788718,89.0675,89.0802,23750.0,27717.0,Echolocation,Nyctalus leisleri,0.143,0.23,-1,192000.0,/mnt/ubna_data_05/recover-20250317/UBNA_026/20250312_081000.WAV,recover-20250317,UBNA_026,Central Pond
LF,22080.0,5.161093409634969,143.7185,143.7233,17734.0,32598.0,Echolocation,Plecotus auritus,0.115,0.217,-1,192000.0,/mnt/ubna_data_05/recover-20250317/UBNA_026/20250312_082000.WAV,recover-20250317,UBNA_026,Central Pond
LF,21120.0,0.9855788793486107,238.1025,238.1231,19453.0,23150.0,Echolocation,Nyctalus noctula,0.246,0.365,-1,192000.0,/mnt/ubna_data_05/recover-20250317/UBNA_026/20250312_082000.WAV,recover-20250317,UBNA_026,Central Pond
LF,25920.0,0.24000670540162247,49.9765,49.9876,24609.0,30110.0,Echolocation,Eptesicus serotinus,0.091,0.206,-1,192000.0,/mnt/ubna_data_05/recover-20250317/UBNA_026/20250312_083000.WAV,recover-20250317,UBNA_026,Central Pond
LF,21120.0,7.381303630675741,112.8295,112.8341,16015.0,28462.0,Echolocation,Plecotus auritus,0.168,0.217,-1,192000.0,/mnt/ubna_data_05/recover-20250317/UBNA_026/20250312_083000.WAV,recover-20250317,UBNA_026,Central Pond
LF,23040.0,6.029275412441798,252.7875,252.796,21171.0,29246.0,Echolocation,Plecotus austriacus,0.074,0.202,-1,192000.0,/mnt/ubna_data_05/recover-20250317/UBNA_026/20250312_083000.WAV,recover-20250317,UBNA_026,Central Pond
LF,22080.0,5.961395794814228,33.4945,33.5025,20312.0,28468.0,Echolocation,Plecotus austriacus,0.114,0.257,-1,192000.0,/mnt/ubna_data_05/recover-20250317/UBNA_026/20250312_084000.WAV,recover-20250317,UBNA_026,Central Pond
LF,22080.0,14.401622832284641,54.4975,54.503,16875.0,28541.0,Echolocation,Plecotus austriacus,0.13,0.206,-1,192000.0,/mnt/ubna_data_05/recover-20250317/UBNA_026/20250312_085000.WAV,recover-20250317,UBNA_026,Central Pond
LF,22080.0,0.5059640691074256,263.9815,263.9954,22890.0,27792.0,Echolocation,Nyctalus leisleri,0.11,0.268,-1,192000.0,/mnt/ubna_data_05/recover-20250317/UBNA_026/20250312_090000.WAV,recover-20250317,UBNA_026,Central Pond
LF,28800.0,0.328952513559541,131.4265,131.4385,26328.0,31708.0,Echolocation,Eptesicus serotinus,0.101,0.209,-1,192000.0,/mnt/ubna_data_05/recover-20250317/UBNA_026/20250312_091000.WAV,recover-20250317,UBNA_026,Central Pond
HF,45120.0,1.8202724872100875,237.1445,237.1539,44375.0,48251.0,Echolocation,Pipistrellus pipistrellus,0.268,0.295,-1,192000.0,/mnt/ubna_data_05/recover-20250317/UBNA_026/20250312_092000.WAV,recover-20250317,UBNA_026,Central Pond
LF,22080.0,5.234781724540799,174.4885,174.4966,19453.0,27709.0,Echolocation,Plecotus austriacus,0.078,0.202,-1,192000.0,/mnt/ubna_data_05/recover-20250317/UBNA_026/20250312_093000.WAV,recover-20250317,UBNA_026,Central Pond
LF,22080.0,0.8339164307883089,189.6075,189.6232,22890.0,28525.0,Echolocation,Nyctalus noctula,0.082,0.211,-1,192000.0,/mnt/ubna_data_05/recover-20250317/UBNA_026/20250312_093000.WAV,recover-20250317,UBNA_026,Central Pond
HF,46080.0,1.2927165675386487,269.2855,269.2996,45234.0,48603.0,Echolocation,Pipistrellus pipistrellus,0.224,0.258,-1,192000.0,/mnt/ubna_data_05/recover-20250317/UBNA_026/20250312_093000.WAV,recover-20250317,UBNA_026,Central Pond
LF,20160.0,1.4218995950944269,95.8445,95.8673,18593.0,21754.0,Echolocation,Nyctalus noctula,0.195,0.283,-1,192000.0,/mnt/ubna_data_05/recover-20250317/UBNA_026/20250312_094000.WAV,recover-20250317,UBNA_026,Central Pond
LF,21120.0,3.6033125592696695,197.4985,197.5039,16015.0,31376.0,Echolocation,Plecotus auritus,0.146,0.216,-1,192000.0,/mnt/ubna_data_05/recover-20250317/UBNA_026/20250312_094000.WAV,recover-20250317,UBNA_026,Central Pond
HF,44160.0,0.19945133346333754,25.7055,25.7197,43515.0,45943.0,Echolocation,Pipistrellus pipistrellus,0.181,0.206,-1,192000.0,/mnt/ubna_data_05/recover-20250317/UBNA_026/20250312_095000.WAV,recover-20250317,UBNA_026,Central Pond
LF,20160.0,3.2004066225924395,86.83449999999999,86.8403,16875.0,28224.0,Echolocation,Plecotus auritus,0.165,0.249,-1,192000.0,/mnt/ubna_data_05/recover-20250317/UBNA_026/20250312_100000.WAV,recover-20250317,UBNA_026,Central Pond
LF,23040.0,2.4280149369450914,110.3375,110.3466,21171.0,29636.0,Echolocation,Plecotus austriacus,0.06,0.207,-1,192000.0,/mnt/ubna_data_05/recover-20250317/UBNA_026/20250312_100000.WAV,recover-20250317,UBNA_026,Central Pond
LF,24000.0,1.0675579518282439,189.3825,189.3929,22890.0,31315.0,Echolocation,Nyctalus noctula,0.063,0.226,-1,192000.0,/mnt/ubna_data_05/recover-20250317/UBNA_026/20250312_100000.WAV,recover-20250317,UBNA_026,Central Pond
LF,21120.0,9.848474213534587,17.4955,17.5028,18593.0,26869.0,Echolocation,Plecotus austriacus,0.115,0.201,-1,192000.0,/mnt/ubna_data_05/recover-20250317/UBNA_026/20250312_101000.WAV,recover-20250317,UBNA_026,Central Pond
LF,21120.0,10.389303072001663,105.4575,105.4648,17734.0,27909.0,Echolocation,Plecotus austriacus,0.144,0.202,-1,192000.0,/mnt/ubna_data_05/recover-20250317/UBNA_026/20250312_101000.WAV,recover-20250317,UBNA_026,Central Pond
LF,23040.0,-0.2378087719260609,257.5175,257.5316,22890.0,27393.0,Echolocation,Nyctalus leisleri,0.087,0.239,-1,192000.0,/mnt/ubna_data_05/recover-20250317/UBNA_026/20250312_103000.WAV,recover-20250317,UBNA_026,Central Pond
LF,21120.0,2.6915512872588057,92.9785,92.987,19453.0,28060.0,Echolocation,Plecotus austriacus,0.099,0.234,-1,192000.0,/mnt/ubna_data_05/recover-20250317/UBNA_026/20250312_105000.WAV,recover-20250317,UBNA_026,Central Pond
LF,21120.0,2.9546646916466663,214.2855,214.303,18593.0,23237.0,Echolocation,Nyctalus noctula,0.181,0.263,-1,192000.0,/mnt/ubna_data_05/recover-20250317/UBNA_026/20250312_105000.WAV,recover-20250317,UBNA_026,Central Pond
LF,28800.0,2.8664867659025353,67.6705,67.675,24609.0,39932.0,Echolocation,Plecotus austriacus,0.17,0.253,-1,192000.0,/mnt/ubna_data_05/recover-20250317/UBNA_026/20250312_110000.WAV,recover-20250317,UBNA_026,Central Pond
HF,42240.0,3.89658074890528,177.6185,177.6222,27187.0,47251.0,Echolocation,Plecotus auritus,0.19,0.337,-1,192000.0,/mnt/ubna_data_05/recover-20250317/UBNA_026/20250312_110000.WAV,recover-20250317,UBNA_026,Central Pond
LF,26880.0,3.6444289233019864,222.32150000000001,222.32659999999998,23750.0,40748.0,Echolocation,Plecotus austriacus,0.115,0.233,-1,192000.0,/mnt/ubna_data_05/recover-20250317/UBNA_026/20250312_110000.WAV,recover-20250317,UBNA_026,Central Pond
LF,25920.0,-9.749798228822337,261.2455,261.2553,23750.0,30715.0,Echolocation,Eptesicus serotinus,0.096,0.233,-1,192000.0,/mnt/ubna_data_05/recover-20250317/UBNA_026/20250312_110000.WAV,recover-20250317,UBNA_026,Central Pond
LF,24960.0,1.0289982061480427,290.6735,290.6806,24609.0,34567.0,Echolocation,Eptesicus serotinus,0.091,0.313,-1,192000.0,/mnt/ubna_data_05/recover-20250317/UBNA_026/20250312_110000.WAV,recover-20250317,UBNA_026,Central Pond
LF,28800.0,2.889420674625405,100.89750000000001,100.9072,26328.0,33400.0,Echolocation,Eptesicus serotinus,0.114,0.202,-1,192000.0,/mnt/ubna_data_05/recover-20250317/UBNA_026/20250312_111000.WAV,recover-20250317,UBNA_026,Central Pond
LF,25920.0,0.9167560622925472,40.335499999999996,40.340199999999996,23750.0,36465.0,Echolocation,Plecotus austriacus,0.174,0.229,-1,192000.0,/mnt/ubna_data_05/recover-20250317/UBNA_026/20250312_112000.WAV,recover-20250317,UBNA_026,Central Pond
LF,25920.0,3.8825557512023052,67.3185,67.3237,23750.0,35026.0,Echolocation,Plecotus austriacus,0.167,0.225,-1,192000.0,/mnt/ubna_data_05/recover-20250317/UBNA_026/20250312_112000.WAV,recover-20250317,UBNA_026,Central Pond
LF,20160.0,2.016124226506192,78.0135,78.0231,20312.0,28287.0,Echolocation,Nyctalus noctula,0.068,0.229,-1,192000.0,/mnt/ubna_data_05/recover-20250317/UBNA_026/20250312_112000.WAV,recover-20250317,UBNA_026,Central Pond
LF,23040.0,1.852096058601931,137.8135,137.8249,22890.0,27336.0,Echolocation,Nyctalus leisleri,0.102,0.201,-1,192000.0,/mnt/ubna_data_05/recover-20250317/UBNA_026/20250312_112000.WAV,recover-20250317,UBNA_026,Central Pond
LF,21120.0,1.3901543448510894,180.3985,180.4216,19453.0,23307.0,Echolocation,Nyctalus noctula,0.184,0.257,-1,192000.0,/mnt/ubna_data_05/recover-20250317/UBNA_026/20250312_112000.WAV,recover-20250317,UBNA_026,Central Pond
LF,24960.0,1.2368647998018658,60.5655,60.5789,24609.0,29337.0,Echolocation,Nyctalus leisleri,0.124,0.226,-1,192000.0,/mnt/ubna_data_05/recover-20250317/UBNA_026/20250312_113000.WAV,recover-20250317,UBNA_026,Central Pond
LF,21120.0,14.269161692534258,250.5775,250.5827,19453.0,35411.0,Echolocation,Plecotus austriacus,0.224,0.285,-1,192000.0,/mnt/ubna_data_05/recover-20250317/UBNA_026/20250312_113000.WAV,recover-20250317,UBNA_026,Central Pond
HF,40320.0,3.7735251656089637,211.7345,211.7383,26328.0,51840.0,Echolocation,Myotis nattereri,0.153,0.208,-1,192000.0,/mnt/ubna_data_05/recover-20250317/UBNA_026/20250312_115000.WAV,recover-20250317,UBNA_026,Central Pond
LF,23040.0,0.7566377609306567,251.4295,251.4454,22890.0,27218.0,Echolocation,Nyctalus leisleri,0.187,0.287,-1,192000.0,/mnt/ubna_data_05/recover-20250317/UBNA_026/20250312_115000.WAV,recover-20250317,UBNA_026,Central Pond
LF,29760.0,0.06585003618493285,3.2205,3.2342,28906.0,32905.0,Echolocation,Nyctalus leisleri,0.131,0.233,-1,192000.0,/mnt/ubna_data_05/recover-20250317/UBNA_026/20250312_121000.WAV,recover-20250317,UBNA_026,Central Pond
LF,25920.0,2.3245551702722107,196.4615,196.4722,23750.0,30007.0,Echolocation,Eptesicus serotinus,0.156,0.307,-1,192000.0,/mnt/ubna_data_05/recover-20250317/UBNA_026/20250312_121000.WAV,recover-20250317,UBNA_026,Central Pond
LF,22080.0,-14.010517843329458,269.4215,269.4285,22890.0,31645.0,Echolocation,Plecotus austriacus,0.141,0.268,-1,192000.0,/mnt/ubna_data_05/recover-20250317/UBNA_026/20250312_121000.WAV,recover-20250317,UBNA_026,Central Pond
LF,23040.0,1.6557229089085421,58.9155,58.9196,23750.0,41015.0,Echolocation,Plecotus austriacus,0.138,0.218,-1,192000.0,/mnt/ubna_data_05/recover-20250317/UBNA_026/20250312_122000.WAV,recover-20250317,UBNA_026,Central Pond
LF,21120.0,1.1973454817805278,248.5625,248.5842,21171.0,25479.0,Echolocation,Nyctalus noctula,0.192,0.306,-1,192000.0,/mnt/ubna_data_05/recover-20250317/UBNA_026/20250312_122000.WAV,recover-20250317,UBNA_026,Central Pond
LF,21120.0,0.5360132777641327,271.1525,271.1733,21171.0,25116.0,Echolocation,Nyctalus noctula,0.167,0.304,-1,192000.0,/mnt/ubna_data_05/recover-20250317/UBNA_026/20250312_122000.WAV,recover-20250317,UBNA_026,Central Pond
LF,22080.0,0.8301744171935982,19.0295,19.0488,22890.0,26825.0,Echolocation,Nyctalus leisleri,0.198,0.273,-1,192000.0,/mnt/ubna_data_05/recover-20250317/UBNA_026/20250312_123000.WAV,recover-20250317,UBNA_026,Central Pond
LF,28800.0,1.7771107054708413,39.210499999999996,39.2147,23750.0,42231.0,Echolocation,Plecotus austriacus,0.252,0.355,-1,192000.0,/mnt/ubna_data_05/recover-20250317/UBNA_026/20250312_124000.WAV,recover-20250317,UBNA_026,Central Pond
LF,21120.0,1.625649813503711,94.7025,94.7113,20312.0,30001.0,Echolocation,Nyctalus noctula,0.096,0.297,-1,192000.0,/mnt/ubna_data_05/recover-20250317/UBNA_026/20250312_124000.WAV,recover-20250317,UBNA_026,Central Pond
LF,24960.0,0.026877932729553647,52.6445,52.6548,25468.0,32407.0,Echolocation,Eptesicus serotinus,0.092,0.201,-1,192000.0,/mnt/ubna_data_05/recover-20250317/UBNA_026/20250312_131000.WAV,recover-20250317,UBNA_026,Central Pond
LF,23040.0,-0.7203717613309155,31.389499999999998,31.4083,22031.0,25922.0,Echolocation,Nyctalus leisleri,0.11,0.213,-1,192000.0,/mnt/ubna_data_05/recover-20250317/UBNA_026/20250312_132000.WAV,recover-20250317,UBNA_026,Central Pond
LF,21120.0,-0.013428552807699752,246.9825,247.0022,21171.0,25362.0,Echolocation,Nyctalus noctula,0.192,0.313,-1,192000.0,/mnt/ubna_data_05/recover-20250317/UBNA_026/20250312_132000.WAV,recover-20250317,UBNA_026,Central Pond
HF,44160.0,0.04426391024387508,130.4005,130.4111,44375.0,48310.0,Echolocation,Pipistrellus pipistrellus,0.201,0.221,-1,192000.0,/mnt/ubna_data_05/recover-20250317/UBNA_026/20250312_133000.WAV,recover-20250317,UBNA_026,Central Pond
LF,22080.0,5.589390779484541,7.1125,7.1206,20312.0,28982.0,Echolocation,Plecotus austriacus,0.108,0.248,-1,192000.0,/mnt/ubna_data_05/recover-20250317/UBNA_026/20250312_134000.WAV,recover-20250317,UBNA_026,Central Pond
LF,23040.0,5.454498607680748,56.4005,56.4067,20312.0,30101.0,Echolocation,Plecotus austriacus,0.183,0.26,-1,192000.0,/mnt/ubna_data_05/recover-20250317/UBNA_026/20250312_135000.WAV,recover-20250317,UBNA_026,Central Pond
LF,29760.0,1.4470510754700505,183.3155,183.3324,28906.0,32425.0,Echolocation,Nyctalus leisleri,0.199,0.31,-1,192000.0,/mnt/ubna_data_05/recover-20250317/UBNA_026/20250312_141000.WAV,recover-20250317,UBNA_026,Central Pond
LF,21120.0,4.814925159965642,183.9515,183.9695,19453.0,23653.0,Echolocation,Nyctalus noctula,0.194,0.286,-1,192000.0,/mnt/ubna_data_05/recover-20250317/UBNA_026/20250312_141000.WAV,recover-20250317,UBNA_026,Central Pond
LF,21120.0,6.431273315012664,184.0465,184.0606,19453.0,24059.0,Echolocation,Nyctalus noctula,0.259,0.373,-1,192000.0,/mnt/ubna_data_05/recover-20250317/UBNA_026/20250312_141000.WAV,recover-20250317,UBNA_026,Central Pond
LF,21120.0,4.960075956120358,184.2285,184.2424,19453.0,24416.0,Echolocation,Nyctalus noctula,0.211,0.31,-1,192000.0,/mnt/ubna_data_05/recover-20250317/UBNA_026/20250312_141000.WAV,recover-20250317,UBNA_026,Central Pond
LF,21120.0,4.771983328769476,184.3165,184.3306,19453.0,24396.0,Echolocation,Nyctalus noctula,0.151,0.265,-1,192000.0,/mnt/ubna_data_05/recover-20250317/UBNA_026/20250312_141000.WAV,recover-20250317,UBNA_026,Central Pond
LF,21120.0,3.6111738911034723,184.4025,184.4229,19453.0,22578.0,Echolocation,Nyctalus noctula,0.134,0.209,-1,192000.0,/mnt/ubna_data_05/recover-20250317/UBNA_026/20250312_141000.WAV,recover-20250317,UBNA_026,Central Pond
LF,21120.0,5.288744397348441,252.9025,252.9276,21171.0,24571.0,Echolocation,Nyctalus leisleri,0.147,0.244,-1,192000.0,/mnt/ubna_data_05/recover-20250317/UBNA_026/20250312_141000.WAV,recover-20250317,UBNA_026,Central Pond
LF,21120.0,2.5881899234665933,253.2555,253.2753,20312.0,24153.0,Echolocation,Nyctalus leisleri,0.188,0.353,-1,192000.0,/mnt/ubna_data_05/recover-20250317/UBNA_026/20250312_141000.WAV,recover-20250317,UBNA_026,Central Pond
LF,21120.0,6.55507888629182,253.9485,253.965,20312.0,23202.0,Echolocation,Nyctalus noctula,0.169,0.357,-1,192000.0,/mnt/ubna_data_05/recover-20250317/UBNA_026/20250312_141000.WAV,recover-20250317,UBNA_026,Central Pond
LF,21120.0,4.098114914885304,254.1315,254.1477,19453.0,24127.0,Echolocation,Nyctalus noctula,0.223,0.332,-1,192000.0,/mnt/ubna_data_05/recover-20250317/UBNA_026/20250312_141000.WAV,recover-20250317,UBNA_026,Central Pond
LF,22080.0,5.12746247171016,254.4015,254.4145,20312.0,23744.0,Echolocation,Nyctalus noctula,0.103,0.219,-1,192000.0,/mnt/ubna_data_05/recover-20250317/UBNA_026/20250312_141000.WAV,recover-20250317,UBNA_026,Central Pond
LF,19200.0,11.280331325237691,6.3005,6.3282,17734.0,20647.0,Echolocation,Nyctalus noctula,0.292,0.422,-1,192000.0,/mnt/ubna_data_05/recover-20250317/UBNA_026/20250312_142000.WAV,recover-20250317,UBNA_026,Central Pond
LF,20160.0,3.8443913084597,6.4065,6.4284,15156.0,18937.0,Echolocation,Nyctalus noctula,0.132,0.224,-1,192000.0,/mnt/ubna_data_05/recover-20250317/UBNA_026/20250312_142000.WAV,recover-20250317,UBNA_026,Central Pond
LF,19200.0,10.045848343577505,6.5095,6.5375,17734.0,20456.0,Echolocation,Nyctalus noctula,0.263,0.382,-1,192000.0,/mnt/ubna_data_05/recover-20250317/UBNA_026/20250312_142000.WAV,recover-20250317,UBNA_026,Central Pond
LF,17280.0,4.289200618703044,6.7315,6.7514,16015.0,18787.0,Echolocation,Nyctalus noctula,0.175,0.266,-1,192000.0,/mnt/ubna_data_05/recover-20250317/UBNA_026/20250312_142000.WAV,recover-20250317,UBNA_026,Central Pond
LF,27840.0,0.7568049583942145,236.16649999999998,236.1792,27187.0,31809.0,Echolocation,Eptesicus serotinus,0.11,0.219,-1,192000.0,/mnt/ubna_data_05/recover-20250317/UBNA_026/20250312_142000.WAV,recover-20250317,UBNA_026,Central Pond
LF,28800.0,0.5724970552702037,296.1365,296.1477,28046.0,34499.0,Echolocation,Eptesicus serotinus,0.18,0.295,-1,192000.0,/mnt/ubna_data_05/recover-20250317/UBNA_026/20250312_142000.WAV,recover-20250317,UBNA_026,Central Pond
LF,20160.0,3.756694802532776,90.2665,90.2917,19453.0,22326.0,Echolocation,Nyctalus noctula,0.15,0.239,-1,192000.0,/mnt/ubna_data_05/recover-20250317/UBNA_026/20250312_150000.WAV,recover-20250317,UBNA_026,Central Pond
LF,20160.0,5.062745897699773,90.7495,90.7764,20312.0,23529.0,Echolocation,Nyctalus noctula,0.208,0.287,-1,192000.0,/mnt/ubna_data_05/recover-20250317/UBNA_026/20250312_150000.WAV,recover-20250317,UBNA_026,Central Pond
LF,21120.0,5.584547593306183,121.2895,121.3151,20312.0,23754.0,Echolocation,Nyctalus noctula,0.138,0.211,-1,192000.0,/mnt/ubna_data_05/recover-20250317/UBNA_026/20250312_150000.WAV,recover-20250317,UBNA_026,Central Pond
LF,20160.0,7.443700436039374,121.4615,121.4867,19453.0,22267.0,Echolocation,Nyctalus noctula,0.137,0.244,-1,192000.0,/mnt/ubna_data_05/recover-20250317/UBNA_026/20250312_150000.WAV,recover-20250317,UBNA_026,Central Pond
LF,20160.0,5.692144288539909,121.6405,121.6653,19453.0,22196.0,Echolocation,Nyctalus noctula,0.182,0.276,-1,192000.0,/mnt/ubna_data_05/recover-20250317/UBNA_026/20250312_150000.WAV,recover-20250317,UBNA_026,Central Pond
LF,20160.0,11.717686959481473,135.0895,135.1215,19453.0,22016.0,Echolocation,Nyctalus noctula,0.146,0.211,-1,192000.0,/mnt/ubna_data_05/recover-20250317/UBNA_026/20250312_150000.WAV,recover-20250317,UBNA_026,Central Pond
LF,20160.0,12.176182185361835,135.2695,135.2944,19453.0,22491.0,Echolocation,Nyctalus leisleri,0.249,0.315,-1,192000.0,/mnt/ubna_data_05/recover-20250317/UBNA_026/20250312_150000.WAV,recover-20250317,UBNA_026,Central Pond
LF,20160.0,11.647664731243903,135.44650000000001,135.4746,19453.0,22271.0,Echolocation,Nyctalus noctula,0.149,0.218,-1,192000.0,/mnt/ubna_data_05/recover-20250317/UBNA_026/20250312_150000.WAV,recover-20250317,UBNA_026,Central Pond
LF,20160.0,10.926617321595305,149.9235,149.9498,19453.0,21881.0,Echolocation,Nyctalus noctula,0.185,0.287,-1,192000.0,/mnt/ubna_data_05/recover-20250317/UBNA_026/20250312_150000.WAV,recover-20250317,UBNA_026,Central Pond
LF,20160.0,10.067615562848777,164.8695,164.8965,19453.0,22407.0,Echolocation,Nyctalus leisleri,0.166,0.292,-1,192000.0,/mnt/ubna_data_05/recover-20250317/UBNA_026/20250312_150000.WAV,recover-20250317,UBNA_026,Central Pond
LF,20160.0,5.617911630122531,198.2045,198.232,19453.0,22280.0,Echolocation,Nyctalus leisleri,0.1,0.21,-1,192000.0,/mnt/ubna_data_05/recover-20250317/UBNA_026/20250312_150000.WAV,recover-20250317,UBNA_026,Central Pond
LF,22080.0,-0.11306146426472297,101.37049999999999,101.38550000000001,22890.0,26048.0,Echolocation,Nyctalus leisleri,0.214,0.286,-1,192000.0,/mnt/ubna_data_05/recover-20250317/UBNA_026/20250312_151000.WAV,recover-20250317,UBNA_026,Central Pond
LF,21120.0,1.0814262451000805,89.8815,89.9024,21171.0,24407.0,Echolocation,Nyctalus noctula,0.101,0.202,-1,192000.0,/mnt/ubna_data_05/recover-20250317/UBNA_026/20250312_153000.WAV,recover-20250317,UBNA_026,Central Pond
HF,41280.0,3.1121303765994313,40.7295,40.7334,25468.0,48142.0,Echolocation,Myotis nattereri,0.138,0.221,-1,192000.0,/mnt/ubna_data_05/recover-20250317/UBNA_026/20250312_154000.WAV,recover-20250317,UBNA_026,Central Pond
HF,48000.0,4.3742391589705285,43.9005,43.9043,42656.0,57022.0,Echolocation,Myotis nattereri,0.079,0.243,-1,192000.0,/mnt/ubna_data_05/recover-20250317/UBNA_026/20250312_154000.WAV,recover-20250317,UBNA_026,Central Pond
LF,21120.0,5.820052205327602,62.8535,62.8591,21171.0,34690.0,Echolocation,Plecotus austriacus,0.205,0.262,-1,192000.0,/mnt/ubna_data_05/recover-20250317/UBNA_026/20250312_154000.WAV,recover-20250317,UBNA_026,Central Pond
LF,23040.0,0.4676115713022489,69.5835,69.5901,22890.0,33198.0,Echolocation,Plecotus austriacus,0.138,0.2,-1,192000.0,/mnt/ubna_data_05/recover-20250317/UBNA_026/20250312_154000.WAV,recover-20250317,UBNA_026,Central Pond
HF,40320.0,4.010685972927886,79.2315,79.2347,25468.0,50702.0,Echolocation,Myotis nattereri,0.162,0.225,-1,192000.0,/mnt/ubna_data_05/recover-20250317/UBNA_026/20250312_154000.WAV,recover-20250317,UBNA_026,Central Pond
LF,29760.0,3.146588034826809,111.6675,111.6758,27187.0,34762.0,Echolocation,Eptesicus serotinus,0.12,0.203,-1,192000.0,/mnt/ubna_data_05/recover-20250317/UBNA_026/20250312_154000.WAV,recover-20250317,UBNA_026,Central Pond
LF,28800.0,2.897271268824004,147.2045,147.2107,27187.0,38270.0,Echolocation,Eptesicus serotinus,0.093,0.254,-1,192000.0,/mnt/ubna_data_05/recover-20250317/UBNA_026/20250312_154000.WAV,recover-20250317,UBNA_026,Central Pond
LF,24000.0,2.3335520941529784,152.0955,152.1008,22890.0,37210.0,Echolocation,Plecotus austriacus,0.153,0.209,-1,192000.0,/mnt/ubna_data_05/recover-20250317/UBNA_026/20250312_154000.WAV,recover-20250317,UBNA_026,Central Pond
LF,24960.0,2.510774289080404,152.2395,152.2456,22890.0,32640.0,Echolocation,Plecotus austriacus,0.115,0.24,-1,192000.0,/mnt/ubna_data_05/recover-20250317/UBNA_026/20250312_154000.WAV,recover-20250317,UBNA_026,Central Pond
LF,29760.0,2.2552276746314166,163.7665,163.7775,28906.0,34159.0,Echolocation,Eptesicus serotinus,0.101,0.204,-1,192000.0,/mnt/ubna_data_05/recover-20250317/UBNA_026/20250312_154000.WAV,recover-20250317,UBNA_026,Central Pond
LF,23040.0,2.3893989936894116,164.2665,164.2708,23750.0,39477.0,Echolocation,Plecotus austriacus,0.153,0.203,-1,192000.0,/mnt/ubna_data_05/recover-20250317/UBNA_026/20250312_154000.WAV,recover-20250317,UBNA_026,Central Pond
LF,22080.0,7.600574953612047,165.7685,165.7738,19453.0,33262.0,Echolocation,Plecotus austriacus,0.197,0.258,-1,192000.0,/mnt/ubna_data_05/recover-20250317/UBNA_026/20250312_154000.WAV,recover-20250317,UBNA_026,Central Pond
LF,22080.0,-13.294255501262327,247.7055,247.712,19453.0,31405.0,Echolocation,Plecotus austriacus,0.181,0.278,-1,192000.0,/mnt/ubna_data_05/recover-20250317/UBNA_026/20250312_154000.WAV,recover-20250317,UBNA_026,Central Pond
HF,45120.0,10.680674372384892,72.7855,72.7891,25468.0,58328.0,Echolocation,Myotis nattereri,0.195,0.236,-1,192000.0,/mnt/ubna_data_05/recover-20250317/UBNA_026/20250312_155000.WAV,recover-20250317,UBNA_026,Central Pond
LF,24000.0,0.4213769590808983,145.0515,145.05689999999998,23750.0,39168.0,Echolocation,Plecotus austriacus,0.158,0.225,-1,192000.0,/mnt/ubna_data_05/recover-20250317/UBNA_026/20250312_155000.WAV,recover-20250317,UBNA_026,Central Pond
LF,23040.0,2.105973882274328,238.1185,238.1283,22890.0,29842.0,Echolocation,Nyctalus leisleri,0.068,0.243,-1,192000.0,/mnt/ubna_data_05/recover-20250317/UBNA_026/20250312_155000.WAV,recover-20250317,UBNA_026,Central Pond
LF,21120.0,2.018020845798672,11.7355,11.7539,21171.0,24938.0,Echolocation,Nyctalus noctula,0.121,0.2,-1,192000.0,/mnt/ubna_data_05/recover-20250317/UBNA_026/20250312_160000.WAV,recover-20250317,UBNA_026,Central Pond
LF,21120.0,4.443383257720389,38.6205,38.629,19453.0,28522.0,Echolocation,Plecotus austriacus,0.11,0.213,-1,192000.0,/mnt/ubna_data_05/recover-20250317/UBNA_026/20250312_160000.WAV,recover-20250317,UBNA_026,Central Pond
LF,29760.0,5.856881717895577,45.4035,45.4155,28906.0,34373.0,Echolocation,Eptesicus serotinus,0.152,0.298,-1,192000.0,/mnt/ubna_data_05/recover-20250317/UBNA_026/20250312_160000.WAV,recover-20250317,UBNA_026,Central Pond
LF,29760.0,3.8755301578598935,68.8205,68.8252,27187.0,42126.0,Echolocation,Plecotus auritus,0.13,0.289,-1,192000.0,/mnt/ubna_data_05/recover-20250317/UBNA_026/20250312_160000.WAV,recover-20250317,UBNA_026,Central Pond
HF,45120.0,6.674697784325093,141.6655,141.6692,39218.0,53404.0,Echolocation,Myotis daubentonii,0.122,0.239,-1,192000.0,/mnt/ubna_data_05/recover-20250317/UBNA_026/20250312_160000.WAV,recover-20250317,UBNA_026,Central Pond
HF,46080.0,2.6235202765464276,264.6495,264.6563,44375.0,51661.0,Echolocation,Pipistrellus pipistrellus,0.198,0.226,-1,192000.0,/mnt/ubna_data_05/recover-20250317/UBNA_026/20250312_160000.WAV,recover-20250317,UBNA_026,Central Pond
LF,25920.0,2.6761606985331072,275.3945,275.401,23750.0,33111.0,Echolocation,Plecotus austriacus,0.12,0.203,-1,192000.0,/mnt/ubna_data_05/recover-20250317/UBNA_026/20250312_160000.WAV,recover-20250317,UBNA_026,Central Pond
LF,20160.0,-13.71674259081814,276.7655,276.7833,19453.0,25900.0,Echolocation,Nyctalus noctula,0.179,0.222,-1,192000.0,/mnt/ubna_data_05/recover-20250317/UBNA_026/20250312_160000.WAV,recover-20250317,UBNA_026,Central Pond
HF,39360.0,2.3185110393464314,29.6095,29.6126,29765.0,49103.0,Echolocation,Myotis nattereri,0.078,0.276,-1,192000.0,/mnt/ubna_data_05/recover-20250317/UBNA_026/20250312_161000.WAV,recover-20250317,UBNA_026,Central Pond
LF,28800.0,1.2758859853387814,34.4285,34.433099999999996,23750.0,41368.0,Echolocation,Plecotus austriacus,0.151,0.217,-1,192000.0,/mnt/ubna_data_05/recover-20250317/UBNA_026/20250312_161000.WAV,recover-20250317,UBNA_026,Central Pond
LF,22080.0,3.4908908588615,190.8495,190.8554,20312.0,37963.0,Echolocation,Plecotus austriacus,0.114,0.206,-1,192000.0,/mnt/ubna_data_05/recover-20250317/UBNA_026/20250312_161000.WAV,recover-20250317,UBNA_026,Central Pond
HF,45120.0,3.061121498066228,207.2225,207.23160000000001,41796.0,46384.0,Echolocation,Pipistrellus nathusii,0.134,0.201,-1,192000.0,/mnt/ubna_data_05/recover-20250317/UBNA_026/20250312_161000.WAV,recover-20250317,UBNA_026,Central Pond
LF,27840.0,-1.0474156347099464,218.3845,218.3927,27187.0,34432.0,Echolocation,Nyctalus leisleri,0.086,0.212,-1,192000.0,/mnt/ubna_data_05/recover-20250317/UBNA_026/20250312_161000.WAV,recover-20250317,UBNA_026,Central Pond
HF,43200.0,4.283813150855903,55.2305,55.239000000000004,41796.0,46930.0,Echolocation,Pipistrellus nathusii,0.131,0.233,-1,192000.0,/mnt/ubna_data_05/recover-20250317/UBNA_026/20250312_162000.WAV,recover-20250317,UBNA_026,Central Pond
LF,29760.0,2.5812396516937834,163.6735,163.6841,28046.0,34028.0,Echolocation,Eptesicus serotinus,0.159,0.285,-1,192000.0,/mnt/ubna_data_05/recover-20250317/UBNA_026/20250312_162000.WAV,recover-20250317,UBNA_026,Central Pond
LF,24960.0,3.1608529137087213,187.7875,187.7931,23750.0,37017.0,Echolocation,Plecotus austriacus,0.157,0.209,-1,192000.0,/mnt/ubna_data_05/recover-20250317/UBNA_026/20250312_162000.WAV,recover-20250317,UBNA_026,Central Pond
HF,41280.0,9.048023526652603,251.4775,251.4821,21171.0,59801.0,Echolocation,Myotis nattereri,0.209,0.221,-1,192000.0,/mnt/ubna_data_05/recover-20250317/UBNA_026/20250312_162000.WAV,recover-20250317,UBNA_026,Central Pond
HF,43200.0,2.248298294153393,52.6215,52.6388,41796.0,45751.0,Echolocation,Pipistrellus pipistrellus,0.118,0.201,-1,192000.0,/mnt/ubna_data_05/recover-20250317/UBNA_026/20250312_163000.WAV,recover-20250317,UBNA_026,Central Pond
HF,41280.0,5.735255386818029,226.0615,226.0702,40078.0,45205.0,Echolocation,Pipistrellus nathusii,0.179,0.211,-1,192000.0,/mnt/ubna_data_05/recover-20250317/UBNA_026/20250312_163000.WAV,recover-20250317,UBNA_026,Central Pond
LF,29760.0,2.1455603828101073,231.2665,231.2764,27187.0,34886.0,Echolocation,Eptesicus serotinus,0.2,0.278,-1,192000.0,/mnt/ubna_data_05/recover-20250317/UBNA_026/20250312_163000.WAV,recover-20250317,UBNA_026,Central Pond
LF,29760.0,1.9787536490894877,71.1615,71.1731,28046.0,32923.0,Echolocation,Eptesicus serotinus,0.149,0.308,-1,192000.0,/mnt/ubna_data_05/recover-20250317/UBNA_026/20250312_164000.WAV,recover-20250317,UBNA_026,Central Pond
HF,44160.0,0.6220896996670119,94.2175,94.2269,41796.0,47019.0,Echolocation,Pipistrellus nathusii,0.123,0.254,-1,192000.0,/mnt/ubna_data_05/recover-20250317/UBNA_026/20250312_164000.WAV,recover-20250317,UBNA_026,Central Pond
HF,42240.0,4.719691245711256,209.9175,209.9252,40937.0,47204.0,Echolocation,Pipistrellus nathusii,0.329,0.384,-1,192000.0,/mnt/ubna_data_05/recover-20250317/UBNA_026/20250312_164000.WAV,recover-20250317,UBNA_026,Central Pond
LF,29760.0,0.28546037727775864,215.7225,215.7347,28906.0,33156.0,Echolocation,Nyctalus leisleri,0.124,0.228,-1,192000.0,/mnt/ubna_data_05/recover-20250317/UBNA_026/20250312_164000.WAV,recover-20250317,UBNA_026,Central Pond
LF,24000.0,3.0127091093759977,83.7535,83.7589,24609.0,37490.0,Echolocation,Plecotus austriacus,0.139,0.203,-1,192000.0,/mnt/ubna_data_05/recover-20250317/UBNA_026/20250312_165000.WAV,recover-20250317,UBNA_026,Central Pond
LF,28800.0,1.777809602030658,130.4495,130.46,26328.0,32258.0,Echolocation,Eptesicus serotinus,0.134,0.248,-1,192000.0,/mnt/ubna_data_05/recover-20250317/UBNA_026/20250312_165000.WAV,recover-20250317,UBNA_026,Central Pond
LF,20160.0,2.55335083718593,257.6015,257.6074,18593.0,31677.0,Echolocation,Plecotus auritus,0.126,0.213,-1,192000.0,/mnt/ubna_data_05/recover-20250317/UBNA_026/20250312_165000.WAV,recover-20250317,UBNA_026,Central Pond
LF,23040.0,2.145414833621565,18.7735,18.7869,23750.0,28851.0,Echolocation,Eptesicus serotinus,0.1,0.222,-1,192000.0,/mnt/ubna_data_05/recover-20250317/UBNA_026/20250312_170000.WAV,recover-20250317,UBNA_026,Central Pond
LF,21120.0,1.8885331997740153,41.2435,41.2499,18593.0,31007.0,Echolocation,Plecotus auritus,0.12,0.229,-1,192000.0,/mnt/ubna_data_05/recover-20250317/UBNA_026/20250312_170000.WAV,recover-20250317,UBNA_026,Central Pond
LF,22080.0,0.41655954978182835,122.9625,122.9789,22890.0,26828.0,Echolocation,Nyctalus leisleri,0.107,0.22,-1,192000.0,/mnt/ubna_data_05/recover-20250317/UBNA_026/20250312_170000.WAV,recover-20250317,UBNA_026,Central Pond
LF,23040.0,3.1291487941266505,167.2355,167.2399,22890.0,40121.0,Echolocation,Plecotus austriacus,0.138,0.201,-1,192000.0,/mnt/ubna_data_05/recover-20250317/UBNA_026/20250312_170000.WAV,recover-20250317,UBNA_026,Central Pond
HF,43200.0,4.429178183876315,175.5085,175.5187,41796.0,45831.0,Echolocation,Pipistrellus nathusii,0.083,0.211,-1,192000.0,/mnt/ubna_data_05/recover-20250317/UBNA_026/20250312_170000.WAV,recover-20250317,UBNA_026,Central Pond
LF,21120.0,4.145040112178102,297.8115,297.8212,19453.0,27460.0,Echolocation,Plecotus austriacus,0.087,0.221,-1,192000.0,/mnt/ubna_data_05/recover-20250317/UBNA_026/20250312_170000.WAV,recover-20250317,UBNA_026,Central Pond
LF,25920.0,5.9114099782298135,50.5025,50.5084,22890.0,38569.0,Echolocation,Plecotus austriacus,0.183,0.245,-1,192000.0,/mnt/ubna_data_05/recover-20250317/UBNA_026/20250312_171000.WAV,recover-20250317,UBNA_026,Central Pond
LF,22080.0,6.600422762464568,121.0555,121.0603,17734.0,31691.0,Echolocation,Plecotus auritus,0.133,0.238,-1,192000.0,/mnt/ubna_data_05/recover-20250317/UBNA_026/20250312_171000.WAV,recover-20250317,UBNA_026,Central Pond
LF,22080.0,0.03318674840821959,182.0075,182.0201,22031.0,27722.0,Echolocation,Nyctalus leisleri,0.088,0.207,-1,192000.0,/mnt/ubna_data_05/recover-20250317/UBNA_026/20250312_171000.WAV,recover-20250317,UBNA_026,Central Pond
LF,21120.0,1.7809474614579908,270.1205,270.1398,19453.0,23590.0,Echolocation,Nyctalus noctula,0.181,0.302,-1,192000.0,/mnt/ubna_data_05/recover-20250317/UBNA_026/20250312_171000.WAV,recover-20250317,UBNA_026,Central Pond
LF,28800.0,2.9206881158482174,13.3925,13.3999,27187.0,37057.0,Echolocation,Eptesicus serotinus,0.18,0.325,-1,192000.0,/mnt/ubna_data_05/recover-20250317/UBNA_026/20250312_172000.WAV,recover-20250317,UBNA_026,Central Pond
LF,19200.0,4.627266473272016,90.4285,90.4543,18593.0,21245.0,Echolocation,Nyctalus noctula,0.266,0.341,-1,192000.0,/mnt/ubna_data_05/recover-20250317/UBNA_026/20250312_172000.WAV,recover-20250317,UBNA_026,Central Pond
LF,19200.0,5.38515293055724,90.8845,90.9148,16875.0,20293.0,Echolocation,Nyctalus noctula,0.263,0.313,-1,192000.0,/mnt/ubna_data_05/recover-20250317/UBNA_026/20250312_172000.WAV,recover-20250317,UBNA_026,Central Pond
LF,23040.0,-1.03780867605489,197.9855,197.9995,22890.0,26988.0,Echolocation,Nyctalus leisleri,0.106,0.245,-1,192000.0,/mnt/ubna_data_05/recover-20250317/UBNA_026/20250312_172000.WAV,recover-20250317,UBNA_026,Central Pond
LF,25920.0,5.799057157801198,234.4035,234.4096,22031.0,34930.0,Echolocation,Plecotus austriacus,0.173,0.224,-1,192000.0,/mnt/ubna_data_05/recover-20250317/UBNA_026/20250312_173000.WAV,recover-20250317,UBNA_026,Central Pond
LF,21120.0,4.383791065217261,131.4205,131.4305,19453.0,26269.0,Echolocation,Plecotus austriacus,0.076,0.239,-1,192000.0,/mnt/ubna_data_05/recover-20250317/UBNA_026/20250312_174000.WAV,recover-20250317,UBNA_026,Central Pond
LF,22080.0,-0.4278734010412152,231.5805,231.5952,22890.0,28061.0,Echolocation,Nyctalus leisleri,0.149,0.3,-1,192000.0,/mnt/ubna_data_05/recover-20250317/UBNA_026/20250312_174000.WAV,recover-20250317,UBNA_026,Central Pond
LF,22080.0,-0.09915720837287709,104.0035,104.022,22031.0,26894.0,Echolocation,Nyctalus noctula,0.102,0.215,-1,192000.0,/mnt/ubna_data_05/recover-20250317/UBNA_026/20250312_180000.WAV,recover-20250317,UBNA_026,Central Pond
HF,53760.0,3.0774510816425926,202.4635,202.4756,51250.0,55852.0,Echolocation,Pipistrellus pipistrellus,0.161,0.232,-1,192000.0,/mnt/ubna_data_05/recover-20250317/UBNA_026/20250312_181000.WAV,recover-20250317,UBNA_026,Central Pond
LF,25920.0,0.6157466522032549,223.9275,223.94,25468.0,30834.0,Echolocation,Nyctalus leisleri,0.114,0.26,-1,192000.0,/mnt/ubna_data_05/recover-20250317/UBNA_026/20250312_181000.WAV,recover-20250317,UBNA_026,Central Pond
LF,28800.0,0.7271814926355822,26.2585,26.2688,27187.0,35928.0,Echolocation,Eptesicus serotinus,0.146,0.21,-1,192000.0,/mnt/ubna_data_05/recover-20250317/UBNA_026/20250312_182000.WAV,recover-20250317,UBNA_026,Central Pond
LF,24960.0,1.2827365782534588,137.0725,137.0842,25468.0,30491.0,Echolocation,Nyctalus leisleri,0.151,0.333,-1,192000.0,/mnt/ubna_data_05/recover-20250317/UBNA_026/20250312_182000.WAV,recover-20250317,UBNA_026,Central Pond
LF,24000.0,0.09290627983902369,15.3525,15.3655,23750.0,27993.0,Echolocation,Nyctalus leisleri,0.114,0.242,-1,192000.0,/mnt/ubna_data_05/recover-20250317/UBNA_026/20250312_183000.WAV,recover-20250317,UBNA_026,Central Pond
LF,21120.0,0.1497034755316911,17.1165,17.1327,22031.0,26462.0,Echolocation,Nyctalus leisleri,0.099,0.219,-1,192000.0,/mnt/ubna_data_05/recover-20250317/UBNA_026/20250312_183000.WAV,recover-20250317,UBNA_026,Central Pond
LF,29760.0,-0.3925682851210655,63.0195,63.0353,28906.0,32593.0,Echolocation,Nyctalus leisleri,0.122,0.237,-1,192000.0,/mnt/ubna_data_05/recover-20250317/UBNA_026/20250312_183000.WAV,recover-20250317,UBNA_026,Central Pond
LF,24960.0,-0.09390280303257155,155.8705,155.8816,24609.0,30164.0,Echolocation,Eptesicus serotinus,0.105,0.239,-1,192000.0,/mnt/ubna_data_05/recover-20250317/UBNA_026/20250312_183000.WAV,recover-20250317,UBNA_026,Central Pond
LF,26880.0,1.5488667875654798,195.6225,195.6347,25468.0,31935.0,Echolocation,Eptesicus serotinus,0.101,0.201,-1,192000.0,/mnt/ubna_data_05/recover-20250317/UBNA_026/20250312_184000.WAV,recover-20250317,UBNA_026,Central Pond
LF,29760.0,1.2043094455878387,205.9215,205.9344,28906.0,33204.0,Echolocation,Eptesicus serotinus,0.136,0.249,-1,192000.0,/mnt/ubna_data_05/recover-20250317/UBNA_026/20250312_190000.WAV,recover-20250317,UBNA_026,Central Pond
LF,24960.0,1.940317675295268,158.7765,158.7902,23750.0,27091.0,Echolocation,Nyctalus leisleri,0.167,0.219,-1,192000.0,/mnt/ubna_data_05/recover-20250317/UBNA_026/20250312_192000.WAV,recover-20250317,UBNA_026,Central Pond
LF,25920.0,-0.43246078707453306,276.4135,276.4247,25468.0,30859.0,Echolocation,Eptesicus serotinus,0.093,0.203,-1,192000.0,/mnt/ubna_data_05/recover-20250317/UBNA_026/20250312_192000.WAV,recover-20250317,UBNA_026,Central Pond
HF,42240.0,1.631621332389607,293.5485,293.5602,41796.0,44986.0,Echolocation,Pipistrellus nathusii,0.21,0.231,-1,192000.0,/mnt/ubna_data_05/recover-20250317/UBNA_026/20250312_192000.WAV,recover-20250317,UBNA_026,Central Pond
LF,21120.0,-0.020023663220471173,185.1865,185.207,21171.0,25505.0,Echolocation,Nyctalus noctula,0.125,0.221,-1,192000.0,/mnt/ubna_data_05/recover-20250317/UBNA_026/20250312_193000.WAV,recover-20250317,UBNA_026,Central Pond
LF,23040.0,0.851241857598012,186.8435,186.8562,22890.0,29235.0,Echolocation,Nyctalus noctula,0.078,0.208,-1,192000.0,/mnt/ubna_data_05/recover-20250317/UBNA_026/20250312_193000.WAV,recover-20250317,UBNA_026,Central Pond
LF,24960.0,1.9553707640160287,204.1315,204.1436,24609.0,30356.0,Echolocation,Eptesicus serotinus,0.1,0.209,-1,192000.0,/mnt/ubna_data_05/recover-20250317/UBNA_026/20250312_194000.WAV,recover-20250317,UBNA_026,Central Pond
LF,28800.0,4.794846654532074,131.3015,131.3096,27187.0,34958.0,Echolocation,Eptesicus serotinus,0.153,0.302,-1,192000.0,/mnt/ubna_data_05/recover-20250317/UBNA_026/20250312_195000.WAV,recover-20250317,UBNA_026,Central Pond
LF,26880.0,0.20408306665645598,26.6605,26.6723,25468.0,30163.0,Echolocation,Nyctalus leisleri,0.223,0.379,-1,192000.0,/mnt/ubna_data_05/recover-20250317/UBNA_026/20250312_201000.WAV,recover-20250317,UBNA_026,Central Pond
LF,23040.0,-0.3333590150405829,107.7075,107.71719999999999,23750.0,31226.0,Echolocation,Eptesicus serotinus,0.102,0.302,-1,192000.0,/mnt/ubna_data_05/recover-20250317/UBNA_026/20250312_201000.WAV,recover-20250317,UBNA_026,Central Pond
LF,23040.0,1.5232531710282142,12.4435,12.4543,22890.0,29345.0,Echolocation,Nyctalus noctula,0.081,0.264,-1,192000.0,/mnt/ubna_data_05/recover-20250317/UBNA_026/20250312_204000.WAV,recover-20250317,UBNA_026,Central Pond
HF,40320.0,0.372379343348461,182.9575,182.9698,37500.0,41653.0,Echolocation,Pipistrellus nathusii,0.253,0.282,-1,192000.0,/mnt/ubna_data_05/recover-20250317/UBNA_026/20250312_205000.WAV,recover-20250317,UBNA_026,Central Pond
LF,20160.0,8.956649145348845,258.3265,258.3319,18593.0,36937.0,Echolocation,Plecotus austriacus,0.151,0.206,-1,192000.0,/mnt/ubna_data_05/recover-20250317/UBNA_026/20250312_205000.WAV,recover-20250317,UBNA_026,Central Pond
LF,22080.0,0.964619517801278,36.6065,36.6238,22031.0,25638.0,Echolocation,Nyctalus leisleri,0.107,0.208,-1,192000.0,/mnt/ubna_data_05/recover-20250317/UBNA_026/20250312_212000.WAV,recover-20250317,UBNA_026,Central Pond
LF,22080.0,0.4446616511900745,204.1515,204.1678,22031.0,26236.0,Echolocation,Nyctalus noctula,0.102,0.232,-1,192000.0,/mnt/ubna_data_05/recover-20250317/UBNA_026/20250312_212000.WAV,recover-20250317,UBNA_026,Central Pond
LF,22080.0,0.6211168387990125,294.04449999999997,294.061,22890.0,27162.0,Echolocation,Nyctalus leisleri,0.133,0.242,-1,192000.0,/mnt/ubna_data_05/recover-20250317/UBNA_026/20250312_212000.WAV,recover-20250317,UBNA_026,Central Pond
LF,21120.0,1.049982761898613,129.3015,129.317,20312.0,24273.0,Echolocation,Nyctalus noctula,0.121,0.225,-1,192000.0,/mnt/ubna_data_05/recover-20250317/UBNA_026/20250312_215000.WAV,recover-20250317,UBNA_026,Central Pond
LF,26880.0,-0.707961029031433,196.2305,196.2426,24609.0,29744.0,Echolocation,Eptesicus serotinus,0.091,0.242,-1,192000.0,/mnt/ubna_data_05/recover-20250317/UBNA_026/20250312_220000.WAV,recover-20250317,UBNA_026,Central Pond
HF,45120.0,1.3072418562318684,209.9755,209.9851,45234.0,48291.0,Echolocation,Pipistrellus pipistrellus,0.172,0.2,-1,192000.0,/mnt/ubna_data_05/recover-20250317/UBNA_026/20250312_220000.WAV,recover-20250317,UBNA_026,Central Pond
LF,24960.0,0.893504731824088,100.4805,100.4958,24609.0,28851.0,Echolocation,Nyctalus leisleri,0.114,0.229,-1,192000.0,/mnt/ubna_data_05/recover-20250317/UBNA_026/20250312_221000.WAV,recover-20250317,UBNA_026,Central Pond
LF,28800.0,1.2611974106066466,46.7445,46.7559,27187.0,33996.0,Echolocation,Eptesicus serotinus,0.145,0.222,-1,192000.0,/mnt/ubna_data_05/recover-20250317/UBNA_026/20250312_223000.WAV,recover-20250317,UBNA_026,Central Pond
HF,48000.0,2.0426920825484824,214.7055,214.719,46953.0,50720.0,Echolocation,Pipistrellus pipistrellus,0.182,0.204,-1,192000.0,/mnt/ubna_data_05/recover-20250317/UBNA_026/20250312_223000.WAV,recover-20250317,UBNA_026,Central Pond
LF,23040.0,0.14913313121285648,107.9375,107.9507,22890.0,27994.0,Echolocation,Nyctalus leisleri,0.095,0.243,-1,192000.0,/mnt/ubna_data_05/recover-20250317/UBNA_026/20250312_232000.WAV,recover-20250317,UBNA_026,Central Pond
LF,22080.0,0.7643418354053556,270.3555,270.3717,22031.0,26042.0,Echolocation,Nyctalus noctula,0.105,0.225,-1,192000.0,/mnt/ubna_data_05/recover-20250317/UBNA_026/20250312_232000.WAV,recover-20250317,UBNA_026,Central Pond
LF,22080.0,0.8049133960054295,299.4715,299.4884,22031.0,25157.0,Echolocation,Nyctalus leisleri,0.142,0.202,-1,192000.0,/mnt/ubna_data_05/recover-20250317/UBNA_026/20250312_233000.WAV,recover-20250317,UBNA_026,Central Pond
LF,22080.0,0.5901036667774049,138.5045,138.5203,22890.0,26345.0,Echolocation,Nyctalus leisleri,0.182,0.294,-1,192000.0,/mnt/ubna_data_05/recover-20250317/UBNA_026/20250312_235000.WAV,recover-20250317,UBNA_026,Central Pond
LF,24960.0,1.5045086375534846,279.2045,279.2172,25468.0,30810.0,Echolocation,Eptesicus serotinus,0.097,0.205,-1,192000.0,/mnt/ubna_data_05/recover-20250317/UBNA_026/20250312_235000.WAV,recover-20250317,UBNA_026,Central Pond
LF,21120.0,11.493936158212634,255.6465,255.6528,18593.0,28126.0,Echolocation,Plecotus austriacus,0.195,0.308,-1,192000.0,/mnt/ubna_data_05/recover-20250317/UBNA_026/20250313_000000.WAV,recover-20250317,UBNA_026,Central Pond
LF,21120.0,2.252321682570045,116.9785,116.9925,19453.0,26288.0,Echolocation,Nyctalus noctula,0.162,0.278,-1,192000.0,/mnt/ubna_data_05/recover-20250317/UBNA_026/20250313_001000.WAV,recover-20250317,UBNA_026,Central Pond
HF,39360.0,1.3619820822895892,207.23250000000002,207.2429,37500.0,43760.0,Echolocation,Pipistrellus nathusii,0.153,0.203,-1,192000.0,/mnt/ubna_data_05/recover-20250317/UBNA_026/20250313_001000.WAV,recover-20250317,UBNA_026,Central Pond
LF,22080.0,0.8091345005446547,291.7535,291.7744,21171.0,24733.0,Echolocation,Nyctalus noctula,0.123,0.257,-1,192000.0,/mnt/ubna_data_05/recover-20250317/UBNA_026/20250313_010000.WAV,recover-20250317,UBNA_026,Central Pond
LF,25920.0,0.8776833657966593,157.1735,157.1842,25468.0,31503.0,Echolocation,Eptesicus serotinus,0.087,0.214,-1,192000.0,/mnt/ubna_data_05/recover-20250317/UBNA_026/20250313_011000.WAV,recover-20250317,UBNA_026,Central Pond
LF,24960.0,0.45384268901382263,234.3805,234.3922,23750.0,29335.0,Echolocation,Nyctalus leisleri,0.104,0.258,-1,192000.0,/mnt/ubna_data_05/recover-20250317/UBNA_026/20250313_011000.WAV,recover-20250317,UBNA_026,Central Pond
LF,21120.0,0.9637829667642868,298.7495,298.7687,21171.0,26164.0,Echolocation,Nyctalus noctula,0.158,0.265,-1,192000.0,/mnt/ubna_data_05/recover-20250317/UBNA_026/20250313_012000.WAV,recover-20250317,UBNA_026,Central Pond
LF,29760.0,0.5611395616709971,58.1525,58.1637,28906.0,33878.0,Echolocation,Eptesicus serotinus,0.141,0.219,-1,192000.0,/mnt/ubna_data_05/recover-20250317/UBNA_026/20250313_013000.WAV,recover-20250317,UBNA_026,Central Pond
LF,22080.0,2.757753650474627,76.2405,76.2484,19453.0,28535.0,Echolocation,Plecotus austriacus,0.124,0.228,-1,192000.0,/mnt/ubna_data_05/recover-20250317/UBNA_026/20250313_013000.WAV,recover-20250317,UBNA_026,Central Pond
LF,29760.0,1.9009609853858669,95.1845,95.1939,28046.0,35602.0,Echolocation,Eptesicus serotinus,0.154,0.215,-1,192000.0,/mnt/ubna_data_05/recover-20250317/UBNA_026/20250313_013000.WAV,recover-20250317,UBNA_026,Central Pond
LF,21120.0,1.0128858474447884,222.2135,222.2337,20312.0,24198.0,Echolocation,Nyctalus noctula,0.143,0.249,-1,192000.0,/mnt/ubna_data_05/recover-20250317/UBNA_026/20250313_013000.WAV,recover-20250317,UBNA_026,Central Pond
LF,24960.0,-0.695047766775697,294.3605,294.3734,23750.0,28716.0,Echolocation,Nyctalus leisleri,0.102,0.218,-1,192000.0,/mnt/ubna_data_05/recover-20250317/UBNA_026/20250313_013000.WAV,recover-20250317,UBNA_026,Central Pond
LF,20160.0,0.9073131533676503,49.5135,49.519999999999996,16875.0,29923.0,Echolocation,Plecotus auritus,0.138,0.204,-1,192000.0,/mnt/ubna_data_05/recover-20250317/UBNA_026/20250313_014000.WAV,recover-20250317,UBNA_026,Central Pond
LF,21120.0,4.556610405845831,149.6655,149.6709,16015.0,29564.0,Echolocation,Plecotus auritus,0.196,0.257,-1,192000.0,/mnt/ubna_data_05/recover-20250317/UBNA_026/20250313_014000.WAV,recover-20250317,UBNA_026,Central Pond
LF,24000.0,0.563684573692248,152.0085,152.0192,24609.0,31595.0,Echolocation,Eptesicus serotinus,0.103,0.216,-1,192000.0,/mnt/ubna_data_05/recover-20250317/UBNA_026/20250313_015000.WAV,recover-20250317,UBNA_026,Central Pond
LF,22080.0,1.9641711111768225,161.8995,161.908,20312.0,29360.0,Echolocation,Plecotus austriacus,0.085,0.215,-1,192000.0,/mnt/ubna_data_05/recover-20250317/UBNA_026/20250313_021000.WAV,recover-20250317,UBNA_026,Central Pond
LF,22080.0,5.0625128807574615,83.2385,83.24510000000001,20312.0,31133.0,Echolocation,Plecotus austriacus,0.17,0.277,-1,192000.0,/mnt/ubna_data_05/recover-20250317/UBNA_026/20250313_023000.WAV,recover-20250317,UBNA_026,Central Pond
LF,21120.0,0.8655979336743014,120.3735,120.3931,22031.0,25748.0,Echolocation,Nyctalus leisleri,0.139,0.221,-1,192000.0,/mnt/ubna_data_05/recover-20250317/UBNA_026/20250313_023000.WAV,recover-20250317,UBNA_026,Central Pond
LF,23040.0,-0.5437324278970199,291.3695,291.3862,22031.0,26001.0,Echolocation,Nyctalus leisleri,0.108,0.247,-1,192000.0,/mnt/ubna_data_05/recover-20250317/UBNA_026/20250313_023000.WAV,recover-20250317,UBNA_026,Central Pond
LF,22080.0,1.006001757623984,188.3155,188.3324,22890.0,27153.0,Echolocation,Nyctalus leisleri,0.085,0.215,-1,192000.0,/mnt/ubna_data_05/recover-20250317/UBNA_026/20250313_024000.WAV,recover-20250317,UBNA_026,Central Pond
LF,28800.0,0.9132570502886439,221.9335,221.9425,27187.0,35574.0,Echolocation,Eptesicus serotinus,0.164,0.246,-1,192000.0,/mnt/ubna_data_05/recover-20250317/UBNA_026/20250313_024000.WAV,recover-20250317,UBNA_026,Central Pond
LF,22080.0,-3.827414733363214,70.9595,70.965,18593.0,29175.0,Echolocation,Plecotus austriacus,0.136,0.27,-1,192000.0,/mnt/ubna_data_05/recover-20250317/UBNA_026/20250313_030000.WAV,recover-20250317,UBNA_026,Central Pond
HF,44160.0,3.452905566703683,217.6845,217.6941,44375.0,48408.0,Echolocation,Pipistrellus pipistrellus,0.205,0.222,-1,192000.0,/mnt/ubna_data_05/recover-20250317/UBNA_026/20250313_030000.WAV,recover-20250317,UBNA_026,Central Pond
LF,21120.0,-20.409881759278008,253.3815,253.4047,20312.0,24216.0,Echolocation,Nyctalus noctula,0.165,0.235,-1,192000.0,/mnt/ubna_data_05/recover-20250317/UBNA_026/20250313_030000.WAV,recover-20250317,UBNA_026,Central Pond
HF,43200.0,11.050842266939389,272.7165,272.7218,18593.0,53575.0,Echolocation,Myotis nattereri,0.226,0.238,-1,192000.0,/mnt/ubna_data_05/recover-20250317/UBNA_026/20250313_030000.WAV,recover-20250317,UBNA_026,Central Pond
LF,23040.0,-0.042808731060904666,232.3085,232.3225,22890.0,27293.0,Echolocation,Nyctalus leisleri,0.103,0.246,-1,192000.0,/mnt/ubna_data_05/recover-20250317/UBNA_026/20250313_031000.WAV,recover-20250317,UBNA_026,Central Pond
LF,21120.0,1.8491792278174786,29.1845,29.1902,16875.0,31340.0,Echolocation,Plecotus auritus,0.131,0.21,-1,192000.0,/mnt/ubna_data_05/recover-20250317/UBNA_026/20250313_032000.WAV,recover-20250317,UBNA_026,Central Pond
HF,47040.0,6.539674420645794,43.3715,43.3752,28046.0,65365.0,Echolocation,Myotis nattereri,0.221,0.279,-1,192000.0,/mnt/ubna_data_05/recover-20250317/UBNA_026/20250313_032000.WAV,recover-20250317,UBNA_026,Central Pond
LF,22080.0,2.4018278552299472,91.5515,91.558,20312.0,37830.0,Echolocation,Plecotus austriacus,0.095,0.2,-1,192000.0,/mnt/ubna_data_05/recover-20250317/UBNA_026/20250313_032000.WAV,recover-20250317,UBNA_026,Central Pond
LF,21120.0,-1.0455229162986415,15.1075,15.1275,21171.0,24751.0,Echolocation,Nyctalus noctula,0.139,0.222,-1,192000.0,/mnt/ubna_data_05/recover-20250317/UBNA_026/20250313_033000.WAV,recover-20250317,UBNA_026,Central Pond
HF,45120.0,4.12066631846685,41.417500000000004,41.4257,43515.0,50147.0,Echolocation,Pipistrellus pipistrellus,0.091,0.217,-1,192000.0,/mnt/ubna_data_05/recover-20250317/UBNA_026/20250313_033000.WAV,recover-20250317,UBNA_026,Central Pond
LF,21120.0,-16.32896439284094,201.9455,201.9534,20312.0,29848.0,Echolocation,Plecotus austriacus,0.157,0.314,-1,192000.0,/mnt/ubna_data_05/recover-20250317/UBNA_026/20250313_033000.WAV,recover-20250317,UBNA_026,Central Pond
LF,21120.0,1.6854230887746198,39.298500000000004,39.309200000000004,18593.0,25926.0,Echolocation,Nyctalus noctula,0.088,0.216,-1,192000.0,/mnt/ubna_data_05/recover-20250317/UBNA_026/20250313_034000.WAV,recover-20250317,UBNA_026,Central Pond
HF,51840.0,0.7645587974480246,129.7115,129.7228,49531.0,54469.0,Echolocation,Pipistrellus pipistrellus,0.197,0.228,-1,192000.0,/mnt/ubna_data_05/recover-20250317/UBNA_026/20250313_034000.WAV,recover-20250317,UBNA_026,Central Pond
LF,22080.0,6.254053638079914,30.0845,30.0924,20312.0,28627.0,Echolocation,Plecotus austriacus,0.108,0.21,-1,192000.0,/mnt/ubna_data_05/recover-20250317/UBNA_026/20250313_035000.WAV,recover-20250317,UBNA_026,Central Pond
LF,29760.0,1.6192072178760992,164.04149999999998,164.0516,28046.0,34333.0,Echolocation,Eptesicus serotinus,0.175,0.278,-1,192000.0,/mnt/ubna_data_05/recover-20250317/UBNA_026/20250313_035000.WAV,recover-20250317,UBNA_026,Central Pond
LF,20160.0,1.4208283044113408,170.6775,170.6938,19453.0,25113.0,Echolocation,Nyctalus noctula,0.146,0.226,-1,192000.0,/mnt/ubna_data_05/recover-20250317/UBNA_026/20250313_035000.WAV,recover-20250317,UBNA_026,Central Pond
LF,23040.0,3.753539649570476,60.6235,60.6312,21171.0,31524.0,Echolocation,Plecotus austriacus,0.093,0.214,-1,192000.0,/mnt/ubna_data_05/recover-20250317/UBNA_026/20250313_040000.WAV,recover-20250317,UBNA_026,Central Pond
LF,22080.0,-2.53729243243453,261.2985,261.3143,22031.0,24986.0,Echolocation,Nyctalus leisleri,0.148,0.215,-1,192000.0,/mnt/ubna_data_05/recover-20250317/UBNA_026/20250313_040000.WAV,recover-20250317,UBNA_026,Central Pond
LF,21120.0,2.5565469853021434,29.9675,29.9763,21171.0,29632.0,Echolocation,Plecotus austriacus,0.073,0.243,-1,192000.0,/mnt/ubna_data_05/recover-20250317/UBNA_026/20250313_041000.WAV,recover-20250317,UBNA_026,Central Pond
LF,26880.0,3.1530651422459584,298.5785,298.5859,24609.0,33736.0,Echolocation,Eptesicus serotinus,0.076,0.208,-1,192000.0,/mnt/ubna_data_05/recover-20250317/UBNA_026/20250313_041000.WAV,recover-20250317,UBNA_026,Central Pond
LF,27840.0,0.7230458950556615,132.6115,132.6225,26328.0,31345.0,Echolocation,Eptesicus serotinus,0.127,0.242,-1,192000.0,/mnt/ubna_data_05/recover-20250317/UBNA_026/20250313_042000.WAV,recover-20250317,UBNA_026,Central Pond
LF,20160.0,0.29501984544858617,190.1385,190.149,19453.0,26370.0,Echolocation,Nyctalus noctula,0.088,0.225,-1,192000.0,/mnt/ubna_data_05/recover-20250317/UBNA_026/20250313_042000.WAV,recover-20250317,UBNA_026,Central Pond
LF,22080.0,1.5360882825214306,263.8015,263.8089,23750.0,33877.0,Echolocation,Plecotus austriacus,0.079,0.285,-1,192000.0,/mnt/ubna_data_05/recover-20250317/UBNA_026/20250313_042000.WAV,recover-20250317,UBNA_026,Central Pond
HF,43200.0,3.4479013937004304,64.8025,64.8117,40937.0,46067.0,Echolocation,Pipistrellus nathusii,0.132,0.214,-1,192000.0,/mnt/ubna_data_05/recover-20250317/UBNA_026/20250313_043000.WAV,recover-20250317,UBNA_026,Central Pond
HF,43200.0,2.9891871705854505,99.8825,99.8939,40937.0,46268.0,Echolocation,Pipistrellus nathusii,0.14,0.233,-1,192000.0,/mnt/ubna_data_05/recover-20250317/UBNA_026/20250313_043000.WAV,recover-20250317,UBNA_026,Central Pond
LF,28800.0,1.4579515418977365,126.6895,126.7004,27187.0,35219.0,Echolocation,Eptesicus serotinus,0.147,0.21,-1,192000.0,/mnt/ubna_data_05/recover-20250317/UBNA_026/20250313_043000.WAV,recover-20250317,UBNA_026,Central Pond
LF,28800.0,2.492213447258026,213.4405,213.4517,28046.0,32841.0,Echolocation,Eptesicus serotinus,0.189,0.319,-1,192000.0,/mnt/ubna_data_05/recover-20250317/UBNA_026/20250313_043000.WAV,recover-20250317,UBNA_026,Central Pond
LF,21120.0,1.1430235877178623,252.1735,252.184,21171.0,27322.0,Echolocation,Nyctalus leisleri,0.083,0.251,-1,192000.0,/mnt/ubna_data_05/recover-20250317/UBNA_026/20250313_043000.WAV,recover-20250317,UBNA_026,Central Pond
LF,26880.0,-8.85642533690165,268.5155,268.5283,25468.0,29882.0,Echolocation,Eptesicus serotinus,0.101,0.206,-1,192000.0,/mnt/ubna_data_05/recover-20250317/UBNA_026/20250313_043000.WAV,recover-20250317,UBNA_026,Central Pond
LF,21120.0,2.8760858008142316,229.7235,229.733,20312.0,27995.0,Echolocation,Plecotus austriacus,0.074,0.247,-1,192000.0,/mnt/ubna_data_05/recover-20250317/UBNA_026/20250313_044000.WAV,recover-20250317,UBNA_026,Central Pond
LF,27840.0,1.3681529795820113,249.4835,249.4877,23750.0,39945.0,Echolocation,Plecotus austriacus,0.152,0.257,-1,192000.0,/mnt/ubna_data_05/recover-20250317/UBNA_026/20250313_044000.WAV,recover-20250317,UBNA_026,Central Pond
LF,21120.0,3.9489719165507546,128.4085,128.4243,20312.0,22385.0,Echolocation,Nyctalus leisleri,0.253,0.273,-1,192000.0,/mnt/ubna_data_05/recover-20250317/UBNA_026/20250313_045000.WAV,recover-20250317,UBNA_026,Central Pond
LF,22080.0,2.6140067749533937,116.1325,116.14150000000001,21171.0,28537.0,Echolocation,Plecotus austriacus,0.057,0.218,-1,192000.0,/mnt/ubna_data_05/recover-20250317/UBNA_026/20250313_050000.WAV,recover-20250317,UBNA_026,Central Pond
LF,22080.0,5.754821922064684,142.4565,142.4621,18593.0,31050.0,Echolocation,Plecotus austriacus,0.147,0.201,-1,192000.0,/mnt/ubna_data_05/recover-20250317/UBNA_026/20250313_050000.WAV,recover-20250317,UBNA_026,Central Pond
LF,20160.0,0.7188015854475066,294.2785,294.297,20312.0,23866.0,Echolocation,Nyctalus noctula,0.115,0.206,-1,192000.0,/mnt/ubna_data_05/recover-20250317/UBNA_026/20250313_050000.WAV,recover-20250317,UBNA_026,Central Pond
LF,21120.0,8.316361620047562,8.1055,8.1145,19453.0,26511.0,Echolocation,Plecotus austriacus,0.08,0.206,-1,192000.0,/mnt/ubna_data_05/recover-20250317/UBNA_026/20250313_051000.WAV,recover-20250317,UBNA_026,Central Pond
LF,28800.0,5.067893884015309,30.8435,30.8476,22890.0,41738.0,Echolocation,Plecotus austriacus,0.173,0.244,-1,192000.0,/mnt/ubna_data_05/recover-20250317/UBNA_026/20250313_051000.WAV,recover-20250317,UBNA_026,Central Pond
LF,25920.0,3.055632628050859,117.8545,117.85849999999999,23750.0,40885.0,Echolocation,Plecotus austriacus,0.184,0.272,-1,192000.0,/mnt/ubna_data_05/recover-20250317/UBNA_026/20250313_051000.WAV,recover-20250317,UBNA_026,Central Pond
LF,28800.0,5.43599412469963,263.1955,263.2046,28046.0,35247.0,Echolocation,Eptesicus serotinus,0.16,0.232,-1,192000.0,/mnt/ubna_data_05/recover-20250317/UBNA_026/20250313_051000.WAV,recover-20250317,UBNA_026,Central Pond
LF,20160.0,1.8413578050343329,285.4075,285.4234,20312.0,24668.0,Echolocation,Nyctalus noctula,0.125,0.208,-1,192000.0,/mnt/ubna_data_05/recover-20250317/UBNA_026/20250313_051000.WAV,recover-20250317,UBNA_026,Central Pond
LF,21120.0,1.960686944818146,25.8835,25.8892,15156.0,29280.0,Echolocation,Plecotus auritus,0.22,0.257,-1,192000.0,/mnt/ubna_data_05/recover-20250317/UBNA_026/20250313_052000.WAV,recover-20250317,UBNA_026,Central Pond
LF,27840.0,1.474731664846669,52.0075,52.013999999999996,25468.0,38850.0,Echolocation,Eptesicus serotinus,0.106,0.276,-1,192000.0,/mnt/ubna_data_05/recover-20250317/UBNA_026/20250313_052000.WAV,recover-20250317,UBNA_026,Central Pond
HF,43200.0,2.5784851107123203,125.8265,125.834,40078.0,47924.0,Echolocation,Pipistrellus nathusii,0.109,0.219,-1,192000.0,/mnt/ubna_data_05/recover-20250317/UBNA_026/20250313_052000.WAV,recover-20250317,UBNA_026,Central Pond
LF,28800.0,1.7566516198086508,43.539500000000004,43.5475,27187.0,34592.0,Echolocation,Eptesicus serotinus,0.202,0.366,-1,192000.0,/mnt/ubna_data_05/recover-20250317/UBNA_026/20250313_053000.WAV,recover-20250317,UBNA_026,Central Pond
LF,23040.0,3.6824152974161772,52.0045,52.0081,23750.0,42748.0,Echolocation,Plecotus austriacus,0.171,0.218,-1,192000.0,/mnt/ubna_data_05/recover-20250317/UBNA_026/20250313_053000.WAV,recover-20250317,UBNA_026,Central Pond
LF,29760.0,1.6032302709927457,129.6925,129.7015,28046.0,33812.0,Echolocation,Eptesicus serotinus,0.138,0.221,-1,192000.0,/mnt/ubna_data_05/recover-20250317/UBNA_026/20250313_053000.WAV,recover-20250317,UBNA_026,Central Pond
LF,28800.0,1.8259691774461317,209.8205,209.8249,22890.0,37565.0,Echolocation,Plecotus austriacus,0.174,0.229,-1,192000.0,/mnt/ubna_data_05/recover-20250317/UBNA_026/20250313_053000.WAV,recover-20250317,UBNA_026,Central Pond
LF,29760.0,5.889543346059596,236.2095,236.2137,22890.0,44459.0,Echolocation,Plecotus austriacus,0.162,0.24,-1,192000.0,/mnt/ubna_data_05/recover-20250317/UBNA_026/20250313_053000.WAV,recover-20250317,UBNA_026,Central Pond
LF,22080.0,3.014536856635753,282.2825,282.2883,14296.0,29957.0,Echolocation,Plecotus auritus,0.173,0.212,-1,192000.0,/mnt/ubna_data_05/recover-20250317/UBNA_026/20250313_053000.WAV,recover-20250317,UBNA_026,Central Pond
LF,28800.0,4.4673773164454555,138.4235,138.4307,25468.0,35544.0,Echolocation,Eptesicus serotinus,0.058,0.21,-1,192000.0,/mnt/ubna_data_05/recover-20250317/UBNA_026/20250313_054000.WAV,recover-20250317,UBNA_026,Central Pond
LF,20160.0,0.3806900854572673,233.5745,233.5946,20312.0,24777.0,Echolocation,Nyctalus noctula,0.167,0.247,-1,192000.0,/mnt/ubna_data_05/recover-20250317/UBNA_026/20250313_054000.WAV,recover-20250317,UBNA_026,Central Pond
HF,44160.0,2.384866282597648,233.7295,233.7392,43515.0,46804.0,Echolocation,Pipistrellus pipistrellus,0.163,0.215,-1,192000.0,/mnt/ubna_data_05/recover-20250317/UBNA_026/20250313_054000.WAV,recover-20250317,UBNA_026,Central Pond
LF,20160.0,7.060639914698832,96.1985,96.2039,15156.0,32158.0,Echolocation,Plecotus auritus,0.181,0.24,-1,192000.0,/mnt/ubna_data_05/recover-20250317/UBNA_026/20250313_055000.WAV,recover-20250317,UBNA_026,Central Pond
HF,43200.0,1.6347907244761686,97.9015,97.9051,25468.0,51253.0,Echolocation,Myotis nattereri,0.153,0.221,-1,192000.0,/mnt/ubna_data_05/recover-20250317/UBNA_026/20250313_060000.WAV,recover-20250317,UBNA_026,Central Pond
LF,21120.0,-0.02676448387981098,193.9725,193.9885,22031.0,25923.0,Echolocation,Nyctalus noctula,0.132,0.269,-1,192000.0,/mnt/ubna_data_05/recover-20250317/UBNA_026/20250313_060000.WAV,recover-20250317,UBNA_026,Central Pond
LF,24960.0,9.03418438287886,204.3945,204.4,22031.0,38355.0,Echolocation,Plecotus austriacus,0.206,0.251,-1,192000.0,/mnt/ubna_data_05/recover-20250317/UBNA_026/20250313_060000.WAV,recover-20250317,UBNA_026,Central Pond
LF,24960.0,3.4680388729594256,242.8685,242.8741,22890.0,37662.0,Echolocation,Plecotus austriacus,0.193,0.261,-1,192000.0,/mnt/ubna_data_05/recover-20250317/UBNA_026/20250313_060000.WAV,recover-20250317,UBNA_026,Central Pond
LF,28800.0,4.811324170586034,13.1125,13.1167,24609.0,47012.0,Echolocation,Myotis nattereri,0.16,0.211,-1,192000.0,/mnt/ubna_data_05/recover-20250317/UBNA_026/20250313_061000.WAV,recover-20250317,UBNA_026,Central Pond
LF,23040.0,0.9399447537467577,40.2695,40.2877,22890.0,27235.0,Echolocation,Nyctalus leisleri,0.115,0.235,-1,192000.0,/mnt/ubna_data_05/recover-20250317/UBNA_026/20250313_061000.WAV,recover-20250317,UBNA_026,Central Pond
LF,22080.0,-0.7841429436246383,156.4945,156.5141,21171.0,24845.0,Echolocation,Nyctalus noctula,0.157,0.285,-1,192000.0,/mnt/ubna_data_05/recover-20250317/UBNA_026/20250313_062000.WAV,recover-20250317,UBNA_026,Central Pond
HF,46080.0,4.594188417385185,292.3015,292.3115,43515.0,48041.0,Echolocation,Pipistrellus pipistrellus,0.142,0.239,-1,192000.0,/mnt/ubna_data_05/recover-20250317/UBNA_026/20250313_062000.WAV,recover-20250317,UBNA_026,Central Pond
LF,20160.0,-0.1409547483796495,256.8855,256.9049,18593.0,22629.0,Echolocation,Nyctalus noctula,0.188,0.274,-1,192000.0,/mnt/ubna_data_05/recover-20250317/UBNA_026/20250313_063000.WAV,recover-20250317,UBNA_026,Central Pond
LF,24000.0,0.3821344447462571,39.8565,39.8692,23750.0,27736.0,Echolocation,Nyctalus leisleri,0.14,0.234,-1,192000.0,/mnt/ubna_data_05/recover-20250317/UBNA_026/20250313_064000.WAV,recover-20250317,UBNA_026,Central Pond
LF,21120.0,9.08961779418118,106.5895,106.5946,17734.0,32148.0,Echolocation,Plecotus austriacus,0.184,0.237,-1,192000.0,/mnt/ubna_data_05/recover-20250317/UBNA_026/20250313_064000.WAV,recover-20250317,UBNA_026,Central Pond
LF,24000.0,1.1096138622544842,161.7415,161.7498,24609.0,33521.0,Echolocation,Eptesicus serotinus,0.112,0.259,-1,192000.0,/mnt/ubna_data_05/recover-20250317/UBNA_026/20250313_064000.WAV,recover-20250317,UBNA_026,Central Pond
LF,22080.0,0.604128318725776,43.289500000000004,43.3047,22890.0,27538.0,Echolocation,Nyctalus leisleri,0.224,0.348,-1,192000.0,/mnt/ubna_data_05/recover-20250317/UBNA_026/20250313_065000.WAV,recover-20250317,UBNA_026,Central Pond
HF,47040.0,7.406240424552868,48.680499999999995,48.6843,24609.0,55779.0,Echolocation,Myotis nattereri,0.204,0.236,-1,192000.0,/mnt/ubna_data_05/recover-20250317/UBNA_026/20250313_065000.WAV,recover-20250317,UBNA_026,Central Pond
LF,24000.0,2.653905080664471,78.3935,78.39920000000001,22890.0,36888.0,Echolocation,Plecotus austriacus,0.191,0.267,-1,192000.0,/mnt/ubna_data_05/recover-20250317/UBNA_026/20250313_065000.WAV,recover-20250317,UBNA_026,Central Pond
LF,22080.0,1.4856082819223915,234.3865,234.4049,22031.0,25404.0,Echolocation,Nyctalus noctula,0.095,0.224,-1,192000.0,/mnt/ubna_data_05/recover-20250317/UBNA_026/20250313_065000.WAV,recover-20250317,UBNA_026,Central Pond
LF,26880.0,1.1900051981154127,244.8655,244.8703,23750.0,35676.0,Echolocation,Plecotus austriacus,0.151,0.215,-1,192000.0,/mnt/ubna_data_05/recover-20250317/UBNA_026/20250313_065000.WAV,recover-20250317,UBNA_026,Central Pond
LF,23040.0,1.467396001382559,4.9395,4.9475,21171.0,29512.0,Echolocation,Plecotus austriacus,0.101,0.215,-1,192000.0,/mnt/ubna_data_05/recover-20250317/UBNA_026/20250313_070000.WAV,recover-20250317,UBNA_026,Central Pond
LF,26880.0,2.8318047550156846,53.8155,53.819900000000004,23750.0,39437.0,Echolocation,Plecotus austriacus,0.179,0.237,-1,192000.0,/mnt/ubna_data_05/recover-20250317/UBNA_026/20250313_070000.WAV,recover-20250317,UBNA_026,Central Pond
LF,21120.0,1.0292670036485472,84.8955,84.9169,21171.0,24866.0,Echolocation,Nyctalus noctula,0.116,0.228,-1,192000.0,/mnt/ubna_data_05/recover-20250317/UBNA_026/20250313_070000.WAV,recover-20250317,UBNA_026,Central Pond
HF,44160.0,4.096997043164127,90.0995,90.1085,43515.0,47873.0,Echolocation,Pipistrellus pipistrellus,0.217,0.27,-1,192000.0,/mnt/ubna_data_05/recover-20250317/UBNA_026/20250313_070000.WAV,recover-20250317,UBNA_026,Central Pond
LF,21120.0,0.5863299433467224,102.0655,102.0845,22031.0,26013.0,Echolocation,Nyctalus noctula,0.125,0.254,-1,192000.0,/mnt/ubna_data_05/recover-20250317/UBNA_026/20250313_070000.WAV,recover-20250317,UBNA_026,Central Pond
LF,29760.0,5.807307913927221,110.0615,110.06909999999999,27187.0,35920.0,Echolocation,Eptesicus serotinus,0.081,0.202,-1,192000.0,/mnt/ubna_data_05/recover-20250317/UBNA_026/20250313_070000.WAV,recover-20250317,UBNA_026,Central Pond
LF,29760.0,3.898424299759266,124.2005,124.205,23750.0,37471.0,Echolocation,Plecotus austriacus,0.157,0.204,-1,192000.0,/mnt/ubna_data_05/recover-20250317/UBNA_026/20250313_070000.WAV,recover-20250317,UBNA_026,Central Pond
LF,21120.0,4.39052289400292,146.9225,146.9281,16015.0,30957.0,Echolocation,Plecotus auritus,0.137,0.206,-1,192000.0,/mnt/ubna_data_05/recover-20250317/UBNA_026/20250313_070000.WAV,recover-20250317,UBNA_026,Central Pond
LF,28800.0,2.3185825393737187,199.5455,199.5563,27187.0,32972.0,Echolocation,Eptesicus serotinus,0.168,0.29,-1,192000.0,/mnt/ubna_data_05/recover-20250317/UBNA_026/20250313_070000.WAV,recover-20250317,UBNA_026,Central Pond
LF,28800.0,2.505529974233837,206.5525,206.561,28046.0,36628.0,Echolocation,Eptesicus serotinus,0.2,0.285,-1,192000.0,/mnt/ubna_data_05/recover-20250317/UBNA_026/20250313_070000.WAV,recover-20250317,UBNA_026,Central Pond
LF,21120.0,1.3564640363554714,232.1475,232.1669,21171.0,24395.0,Echolocation,Nyctalus noctula,0.111,0.216,-1,192000.0,/mnt/ubna_data_05/recover-20250317/UBNA_026/20250313_070000.WAV,recover-20250317,UBNA_026,Central Pond
HF,44160.0,2.2807839341523826,48.1565,48.1639,40937.0,48396.0,Echolocation,Myotis daubentonii,0.062,0.206,-1,192000.0,/mnt/ubna_data_05/recover-20250317/UBNA_026/20250313_071000.WAV,recover-20250317,UBNA_026,Central Pond
HF,57600.0,0.6619102182410443,59.6175,59.6272,57265.0,61621.0,Echolocation,Pipistrellus pygmaeus,0.217,0.234,-1,192000.0,/mnt/ubna_data_05/recover-20250317/UBNA_026/20250313_071000.WAV,recover-20250317,UBNA_026,Central Pond
HF,43200.0,3.939776574383165,85.5595,85.5685,43515.0,46631.0,Echolocation,Pipistrellus pipistrellus,0.209,0.233,-1,192000.0,/mnt/ubna_data_05/recover-20250317/UBNA_026/20250313_071000.WAV,recover-20250317,UBNA_026,Central Pond
HF,43200.0,4.004639117112593,202.8535,202.8614,41796.0,53284.0,Echolocation,Pipistrellus nathusii,0.182,0.374,-1,192000.0,/mnt/ubna_data_05/recover-20250317/UBNA_026/20250313_071000.WAV,recover-20250317,UBNA_026,Central Pond
LF,26880.0,8.328815401852365,251.3385,251.344,24609.0,36574.0,Echolocation,Plecotus austriacus,0.19,0.251,-1,192000.0,/mnt/ubna_data_05/recover-20250317/UBNA_026/20250313_071000.WAV,recover-20250317,UBNA_026,Central Pond
LF,28800.0,4.400474437930716,286.2815,286.287,24609.0,36802.0,Echolocation,Plecotus austriacus,0.159,0.207,-1,192000.0,/mnt/ubna_data_05/recover-20250317/UBNA_026/20250313_071000.WAV,recover-20250317,UBNA_026,Central Pond
LF,22080.0,-5.448453373409189,18.8605,18.8712,22031.0,29095.0,Echolocation,Nyctalus leisleri,0.091,0.208,-1,192000.0,/mnt/ubna_data_05/recover-20250317/UBNA_026/20250313_072000.WAV,recover-20250317,UBNA_026,Central Pond
HF,45120.0,1.9428139728372136,26.9705,26.9811,42656.0,46785.0,Echolocation,Pipistrellus nathusii,0.16,0.223,-1,192000.0,/mnt/ubna_data_05/recover-20250317/UBNA_026/20250313_072000.WAV,recover-20250317,UBNA_026,Central Pond
HF,43200.0,5.064534940585293,74.3385,74.3429,23750.0,51018.0,Echolocation,Myotis nattereri,0.173,0.208,-1,192000.0,/mnt/ubna_data_05/recover-20250317/UBNA_026/20250313_072000.WAV,recover-20250317,UBNA_026,Central Pond
LF,29760.0,2.833139436466883,184.9355,184.9398,25468.0,41790.0,Echolocation,Plecotus auritus,0.099,0.21,-1,192000.0,/mnt/ubna_data_05/recover-20250317/UBNA_026/20250313_072000.WAV,recover-20250317,UBNA_026,Central Pond
LF,29760.0,3.857413935929865,199.7265,199.73250000000002,28906.0,38402.0,Echolocation,Eptesicus serotinus,0.11,0.268,-1,192000.0,/mnt/ubna_data_05/recover-20250317/UBNA_026/20250313_072000.WAV,recover-20250317,UBNA_026,Central Pond
HF,41280.0,4.928756994100475,224.2605,224.264,28046.0,52985.0,Echolocation,Myotis nattereri,0.154,0.228,-1,192000.0,/mnt/ubna_data_05/recover-20250317/UBNA_026/20250313_072000.WAV,recover-20250317,UBNA_026,Central Pond
LF,20160.0,-18.276137030289053,229.5915,229.6029,19453.0,27613.0,Echolocation,Nyctalus noctula,0.132,0.207,-1,192000.0,/mnt/ubna_data_05/recover-20250317/UBNA_026/20250313_072000.WAV,recover-20250317,UBNA_026,Central Pond
HF,45120.0,1.0358262702752379,249.9805,249.9888,44375.0,48712.0,Echolocation,Pipistrellus pipistrellus,0.198,0.212,-1,192000.0,/mnt/ubna_data_05/recover-20250317/UBNA_026/20250313_072000.WAV,recover-20250317,UBNA_026,Central Pond
HF,43200.0,3.482175335383734,17.3375,17.3414,32343.0,50006.0,Echolocation,Myotis daubentonii,0.149,0.229,-1,192000.0,/mnt/ubna_data_05/recover-20250317/UBNA_026/20250313_073000.WAV,recover-20250317,UBNA_026,Central Pond
HF,41280.0,15.123164500454042,25.9685,25.9729,19453.0,65374.0,Echolocation,Myotis nattereri,0.318,0.328,-1,192000.0,/mnt/ubna_data_05/recover-20250317/UBNA_026/20250313_073000.WAV,recover-20250317,UBNA_026,Central Pond
HF,44160.0,4.215877107349703,73.64750000000001,73.6513,26328.0,48186.0,Echolocation,Myotis nattereri,0.163,0.32,-1,192000.0,/mnt/ubna_data_05/recover-20250317/UBNA_026/20250313_073000.WAV,recover-20250317,UBNA_026,Central Pond
LF,21120.0,-6.471520084661555,138.6275,138.6438,20312.0,23943.0,Echolocation,Nyctalus leisleri,0.189,0.233,-1,192000.0,/mnt/ubna_data_05/recover-20250317/UBNA_026/20250313_073000.WAV,recover-20250317,UBNA_026,Central Pond
HF,43200.0,7.0342156922084556,239.0195,239.0231,26328.0,56262.0,Echolocation,Myotis nattereri,0.211,0.274,-1,192000.0,/mnt/ubna_data_05/recover-20250317/UBNA_026/20250313_073000.WAV,recover-20250317,UBNA_026,Central Pond
HF,44160.0,5.539042663041389,239.4935,239.4971,26328.0,56553.0,Echolocation,Myotis nattereri,0.158,0.208,-1,192000.0,/mnt/ubna_data_05/recover-20250317/UBNA_026/20250313_073000.WAV,recover-20250317,UBNA_026,Central Pond
LF,28800.0,-2.4311298344884955,295.9295,295.9403,27187.0,33443.0,Echolocation,Eptesicus serotinus,0.21,0.291,-1,192000.0,/mnt/ubna_data_05/recover-20250317/UBNA_026/20250313_073000.WAV,recover-20250317,UBNA_026,Central Pond
HF,45120.0,4.693314668741842,1.6925,1.6996,40937.0,50314.0,Echolocation,Pipistrellus nathusii,0.16,0.354,-1,192000.0,/mnt/ubna_data_05/recover-20250317/UBNA_026/20250313_074000.WAV,recover-20250317,UBNA_026,Central Pond
LF,27840.0,2.103330312917451,16.3085,16.319,26328.0,30992.0,Echolocation,Eptesicus serotinus,0.089,0.204,-1,192000.0,/mnt/ubna_data_05/recover-20250317/UBNA_026/20250313_074000.WAV,recover-20250317,UBNA_026,Central Pond
LF,29760.0,1.503253569659747,30.2125,30.2253,28906.0,33464.0,Echolocation,Nyctalus leisleri,0.201,0.349,-1,192000.0,/mnt/ubna_data_05/recover-20250317/UBNA_026/20250313_074000.WAV,recover-20250317,UBNA_026,Central Pond
LF,28800.0,1.5324327948455794,173.6945,173.7044,27187.0,33814.0,Echolocation,Eptesicus serotinus,0.177,0.266,-1,192000.0,/mnt/ubna_data_05/recover-20250317/UBNA_026/20250313_074000.WAV,recover-20250317,UBNA_026,Central Pond
LF,23040.0,7.050122288899267,241.5835,241.5949,23750.0,28590.0,Echolocation,Nyctalus leisleri,0.112,0.234,-1,192000.0,/mnt/ubna_data_05/recover-20250317/UBNA_026/20250313_074000.WAV,recover-20250317,UBNA_026,Central Pond
LF,29760.0,4.438700968883981,289.2935,289.3004,27187.0,36064.0,Echolocation,Eptesicus serotinus,0.262,0.443,-1,192000.0,/mnt/ubna_data_05/recover-20250317/UBNA_026/20250313_074000.WAV,recover-20250317,UBNA_026,Central Pond
LF,23040.0,1.120273252909675,44.7085,44.7235,22890.0,26989.0,Echolocation,Nyctalus leisleri,0.092,0.209,-1,192000.0,/mnt/ubna_data_05/recover-20250317/UBNA_026/20250313_075000.WAV,recover-20250317,UBNA_026,Central Pond
LF,26880.0,1.5378784894967457,51.7855,51.789100000000005,24609.0,42594.0,Echolocation,Plecotus austriacus,0.187,0.262,-1,192000.0,/mnt/ubna_data_05/recover-20250317/UBNA_026/20250313_075000.WAV,recover-20250317,UBNA_026,Central Pond
LF,24000.0,-0.325206076580702,141.15449999999998,141.1644,23750.0,31413.0,Echolocation,Eptesicus serotinus,0.102,0.234,-1,192000.0,/mnt/ubna_data_05/recover-20250317/UBNA_026/20250313_075000.WAV,recover-20250317,UBNA_026,Central Pond
LF,28800.0,5.198281684043407,142.6305,142.636,26328.0,36835.0,Echolocation,Plecotus auritus,0.135,0.276,-1,192000.0,/mnt/ubna_data_05/recover-20250317/UBNA_026/20250313_075000.WAV,recover-20250317,UBNA_026,Central Pond
LF,26880.0,-2.6230507114870347,155.0095,155.0223,25468.0,29446.0,Echolocation,Nyctalus leisleri,0.112,0.221,-1,192000.0,/mnt/ubna_data_05/recover-20250317/UBNA_026/20250313_075000.WAV,recover-20250317,UBNA_026,Central Pond
LF,22080.0,-0.8872514070696071,274.5125,274.5275,22890.0,27594.0,Echolocation,Nyctalus leisleri,0.086,0.201,-1,192000.0,/mnt/ubna_data_05/recover-20250317/UBNA_026/20250313_075000.WAV,recover-20250317,UBNA_026,Central Pond
HF,41280.0,4.6648104614355885,278.9915,278.9959,25468.0,47572.0,Echolocation,Myotis nattereri,0.153,0.25,-1,192000.0,/mnt/ubna_data_05/recover-20250317/UBNA_026/20250313_075000.WAV,recover-20250317,UBNA_026,Central Pond
LF,22080.0,0.31907376981185115,59.2335,59.2468,22031.0,27511.0,Echolocation,Nyctalus leisleri,0.093,0.232,-1,192000.0,/mnt/ubna_data_05/recover-20250317/UBNA_026/20250313_080000.WAV,recover-20250317,UBNA_026,Central Pond
LF,23040.0,2.4507451691480067,149.5525,149.5602,23750.0,32667.0,Echolocation,Plecotus austriacus,0.095,0.249,-1,192000.0,/mnt/ubna_data_05/recover-20250317/UBNA_026/20250313_080000.WAV,recover-20250317,UBNA_026,Central Pond
LF,21120.0,3.0020676950331016,201.7515,201.7582,22031.0,32692.0,Echolocation,Plecotus austriacus,0.11,0.2,-1,192000.0,/mnt/ubna_data_05/recover-20250317/UBNA_026/20250313_080000.WAV,recover-20250317,UBNA_026,Central Pond
LF,23040.0,2.661622712297907,225.82150000000001,225.8268,22031.0,35604.0,Echolocation,Plecotus austriacus,0.156,0.208,-1,192000.0,/mnt/ubna_data_05/recover-20250317/UBNA_026/20250313_080000.WAV,recover-20250317,UBNA_026,Central Pond
LF,28800.0,4.439698213285725,285.6965,285.7053,27187.0,34529.0,Echolocation,Eptesicus serotinus,0.113,0.243,-1,192000.0,/mnt/ubna_data_05/recover-20250317/UBNA_026/20250313_080000.WAV,recover-20250317,UBNA_026,Central Pond
LF,27840.0,-3.8660812875200046,29.9585,29.9684,26328.0,31615.0,Echolocation,Eptesicus serotinus,0.119,0.238,-1,192000.0,/mnt/ubna_data_05/recover-20250317/UBNA_026/20250313_081000.WAV,recover-20250317,UBNA_026,Central Pond
LF,23040.0,2.0336625738167378,92.7295,92.7371,23750.0,37255.0,Echolocation,Plecotus austriacus,0.082,0.225,-1,192000.0,/mnt/ubna_data_05/recover-20250317/UBNA_026/20250313_081000.WAV,recover-20250317,UBNA_026,Central Pond
LF,25920.0,3.693281336499259,99.5985,99.6028,23750.0,37244.0,Echolocation,Plecotus austriacus,0.181,0.251,-1,192000.0,/mnt/ubna_data_05/recover-20250317/UBNA_026/20250313_081000.WAV,recover-20250317,UBNA_026,Central Pond
LF,26880.0,2.569826932786805,102.3735,102.3777,23750.0,40997.0,Echolocation,Plecotus austriacus,0.163,0.247,-1,192000.0,/mnt/ubna_data_05/recover-20250317/UBNA_026/20250313_081000.WAV,recover-20250317,UBNA_026,Central Pond
LF,22080.0,5.701630281291531,107.4415,107.4478,20312.0,30222.0,Echolocation,Plecotus austriacus,0.165,0.268,-1,192000.0,/mnt/ubna_data_05/recover-20250317/UBNA_026/20250313_081000.WAV,recover-20250317,UBNA_026,Central Pond
LF,24000.0,2.376151485944924,139.7775,139.78300000000002,22890.0,41557.0,Echolocation,Plecotus austriacus,0.152,0.241,-1,192000.0,/mnt/ubna_data_05/recover-20250317/UBNA_026/20250313_081000.WAV,recover-20250317,UBNA_026,Central Pond
HF,45120.0,3.1807821980187927,142.9905,142.9989,43515.0,48151.0,Echolocation,Pipistrellus pipistrellus,0.106,0.238,-1,192000.0,/mnt/ubna_data_05/recover-20250317/UBNA_026/20250313_081000.WAV,recover-20250317,UBNA_026,Central Pond
HF,44160.0,4.981405170603244,151.6165,151.6236,40937.0,46810.0,Echolocation,Pipistrellus nathusii,0.138,0.256,-1,192000.0,/mnt/ubna_data_05/recover-20250317/UBNA_026/20250313_081000.WAV,recover-20250317,UBNA_026,Central Pond
LF,24000.0,2.7944365211729822,158.0145,158.0237,23750.0,30675.0,Echolocation,Eptesicus serotinus,0.082,0.228,-1,192000.0,/mnt/ubna_data_05/recover-20250317/UBNA_026/20250313_081000.WAV,recover-20250317,UBNA_026,Central Pond
LF,28800.0,3.0807653158296544,168.9425,168.9497,27187.0,36852.0,Echolocation,Eptesicus serotinus,0.081,0.215,-1,192000.0,/mnt/ubna_data_05/recover-20250317/UBNA_026/20250313_081000.WAV,recover-20250317,UBNA_026,Central Pond
LF,26880.0,1.3212266252116498,201.79149999999998,201.8041,25468.0,30800.0,Echolocation,Eptesicus serotinus,0.122,0.251,-1,192000.0,/mnt/ubna_data_05/recover-20250317/UBNA_026/20250313_081000.WAV,recover-20250317,UBNA_026,Central Pond
HF,43200.0,6.234771606630497,282.0075,282.0111,26328.0,52353.0,Echolocation,Myotis daubentonii,0.111,0.258,-1,192000.0,/mnt/ubna_data_05/recover-20250317/UBNA_026/20250313_081000.WAV,recover-20250317,UBNA_026,Central Pond
HF,44160.0,7.734964727555882,47.2695,47.273700000000005,23750.0,57862.0,Echolocation,Myotis nattereri,0.267,0.295,-1,192000.0,/mnt/ubna_data_05/recover-20250317/UBNA_026/20250313_082000.WAV,recover-20250317,UBNA_026,Central Pond
LF,28800.0,3.9707557623443925,183.9415,183.94819999999999,25468.0,35131.0,Echolocation,Eptesicus serotinus,0.103,0.288,-1,192000.0,/mnt/ubna_data_05/recover-20250317/UBNA_026/20250313_082000.WAV,recover-20250317,UBNA_026,Central Pond
LF,23040.0,0.14876144254247073,191.5725,191.5851,22890.0,27273.0,Echolocation,Nyctalus leisleri,0.095,0.202,-1,192000.0,/mnt/ubna_data_05/recover-20250317/UBNA_026/20250313_082000.WAV,recover-20250317,UBNA_026,Central Pond
LF,22080.0,0.40679640664791994,295.8515,295.8657,23750.0,28856.0,Echolocation,Nyctalus leisleri,0.105,0.219,-1,192000.0,/mnt/ubna_data_05/recover-20250317/UBNA_026/20250313_082000.WAV,recover-20250317,UBNA_026,Central Pond
HF,45120.0,3.561903458550822,5.2785,5.2873,44375.0,47778.0,Echolocation,Pipistrellus pipistrellus,0.247,0.276,-1,192000.0,/mnt/ubna_data_05/recover-20250317/UBNA_026/20250313_083000.WAV,recover-20250317,UBNA_026,Central Pond
LF,23040.0,2.9523543822471643,60.2915,60.2989,22890.0,33386.0,Echolocation,Plecotus austriacus,0.112,0.217,-1,192000.0,/mnt/ubna_data_05/recover-20250317/UBNA_026/20250313_083000.WAV,recover-20250317,UBNA_026,Central Pond
LF,20160.0,3.3131565043719675,92.6685,92.6799,20312.0,26667.0,Echolocation,Nyctalus noctula,0.091,0.2,-1,192000.0,/mnt/ubna_data_05/recover-20250317/UBNA_026/20250313_083000.WAV,recover-20250317,UBNA_026,Central Pond
LF,22080.0,1.2041277347080608,98.5885,98.6033,22890.0,27173.0,Echolocation,Nyctalus leisleri,0.202,0.294,-1,192000.0,/mnt/ubna_data_05/recover-20250317/UBNA_026/20250313_083000.WAV,recover-20250317,UBNA_026,Central Pond
LF,22080.0,0.03476709134298793,111.4485,111.4658,22890.0,27199.0,Echolocation,Nyctalus leisleri,0.111,0.2,-1,192000.0,/mnt/ubna_data_05/recover-20250317/UBNA_026/20250313_083000.WAV,recover-20250317,UBNA_026,Central Pond
LF,28800.0,1.6878238520180264,119.4315,119.436,24609.0,37113.0,Echolocation,Plecotus austriacus,0.135,0.201,-1,192000.0,/mnt/ubna_data_05/recover-20250317/UBNA_026/20250313_083000.WAV,recover-20250317,UBNA_026,Central Pond
LF,23040.0,-22.57196892519003,158.8245,158.8333,20312.0,28782.0,Echolocation,Plecotus austriacus,0.086,0.212,-1,192000.0,/mnt/ubna_data_05/recover-20250317/UBNA_026/20250313_083000.WAV,recover-20250317,UBNA_026,Central Pond
HF,43200.0,6.598744695776334,166.0635,166.068,30625.0,52527.0,Echolocation,Myotis daubentonii,0.209,0.284,-1,192000.0,/mnt/ubna_data_05/recover-20250317/UBNA_026/20250313_083000.WAV,recover-20250317,UBNA_026,Central Pond
LF,27840.0,-1.482360916434072,177.7765,177.7867,25468.0,31359.0,Echolocation,Eptesicus serotinus,0.182,0.347,-1,192000.0,/mnt/ubna_data_05/recover-20250317/UBNA_026/20250313_083000.WAV,recover-20250317,UBNA_026,Central Pond
LF,28800.0,2.896250766752662,196.9655,196.9745,26328.0,35329.0,Echolocation,Eptesicus serotinus,0.167,0.27,-1,192000.0,/mnt/ubna_data_05/recover-20250317/UBNA_026/20250313_083000.WAV,recover-20250317,UBNA_026,Central Pond
LF,28800.0,3.6772430154693847,205.3805,205.3852,25468.0,39869.0,Echolocation,Plecotus austriacus,0.13,0.207,-1,192000.0,/mnt/ubna_data_05/recover-20250317/UBNA_026/20250313_083000.WAV,recover-20250317,UBNA_026,Central Pond
LF,28800.0,2.3150879041635912,219.7745,219.7872,27187.0,31783.0,Echolocation,Eptesicus serotinus,0.106,0.224,-1,192000.0,/mnt/ubna_data_05/recover-20250317/UBNA_026/20250313_083000.WAV,recover-20250317,UBNA_026,Central Pond
HF,43200.0,3.7750503797386434,230.4545,230.4629,41796.0,47564.0,Echolocation,Pipistrellus nathusii,0.117,0.281,-1,192000.0,/mnt/ubna_data_05/recover-20250317/UBNA_026/20250313_083000.WAV,recover-20250317,UBNA_026,Central Pond
HF,44160.0,4.385733893274929,234.7935,234.8013,43515.0,48998.0,Echolocation,Pipistrellus pipistrellus,0.308,0.357,-1,192000.0,/mnt/ubna_data_05/recover-20250317/UBNA_026/20250313_083000.WAV,recover-20250317,UBNA_026,Central Pond
LF,29760.0,0.9929413508023246,275.3525,275.3635,28906.0,33681.0,Echolocation,Eptesicus serotinus,0.118,0.214,-1,192000.0,/mnt/ubna_data_05/recover-20250317/UBNA_026/20250313_083000.WAV,recover-20250317,UBNA_026,Central Pond
HF,41280.0,2.8901860981158185,6.9545,6.9589,34921.0,46074.0,Echolocation,Myotis daubentonii,0.132,0.217,-1,192000.0,/mnt/ubna_data_05/recover-20250317/UBNA_026/20250313_084000.WAV,recover-20250317,UBNA_026,Central Pond
LF,28800.0,1.5412093895978274,43.9675,43.9767,26328.0,33721.0,Echolocation,Eptesicus serotinus,0.142,0.266,-1,192000.0,/mnt/ubna_data_05/recover-20250317/UBNA_026/20250313_084000.WAV,recover-20250317,UBNA_026,Central Pond
LF,21120.0,0.9659336647340224,134.6735,134.6845,19453.0,27339.0,Echolocation,Nyctalus noctula,0.165,0.349,-1,192000.0,/mnt/ubna_data_05/recover-20250317/UBNA_026/20250313_084000.WAV,recover-20250317,UBNA_026,Central Pond
LF,28800.0,-1.064942114067476,167.2225,167.2351,26328.0,32816.0,Echolocation,Eptesicus serotinus,0.129,0.214,-1,192000.0,/mnt/ubna_data_05/recover-20250317/UBNA_026/20250313_084000.WAV,recover-20250317,UBNA_026,Central Pond
LF,26880.0,2.5055142628134464,220.3475,220.3524,24609.0,36651.0,Echolocation,Plecotus austriacus,0.186,0.292,-1,192000.0,/mnt/ubna_data_05/recover-20250317/UBNA_026/20250313_084000.WAV,recover-20250317,UBNA_026,Central Pond
HF,38400.0,4.6534491444258546,225.4855,225.4892,29765.0,53374.0,Echolocation,Myotis daubentonii,0.123,0.227,-1,192000.0,/mnt/ubna_data_05/recover-20250317/UBNA_026/20250313_084000.WAV,recover-20250317,UBNA_026,Central Pond
LF,23040.0,3.616683416077908,41.2785,41.2901,23750.0,29306.0,Echolocation,Eptesicus serotinus,0.089,0.2,-1,192000.0,/mnt/ubna_data_05/recover-20250317/UBNA_026/20250313_085000.WAV,recover-20250317,UBNA_026,Central Pond
LF,26880.0,2.8426534881544487,121.5265,121.5371,25468.0,32046.0,Echolocation,Eptesicus serotinus,0.124,0.208,-1,192000.0,/mnt/ubna_data_05/recover-20250317/UBNA_026/20250313_085000.WAV,recover-20250317,UBNA_026,Central Pond
LF,21120.0,1.4925607709642899,135.4885,135.507,22031.0,25814.0,Echolocation,Nyctalus leisleri,0.123,0.225,-1,192000.0,/mnt/ubna_data_05/recover-20250317/UBNA_026/20250313_085000.WAV,recover-20250317,UBNA_026,Central Pond
LF,28800.0,6.4308375576634305,150.0865,150.0913,25468.0,38661.0,Echolocation,Plecotus austriacus,0.149,0.257,-1,192000.0,/mnt/ubna_data_05/recover-20250317/UBNA_026/20250313_085000.WAV,recover-20250317,UBNA_026,Central Pond
LF,24960.0,4.622032982098254,159.4105,159.4222,24609.0,30939.0,Echolocation,Nyctalus leisleri,0.118,0.201,-1,192000.0,/mnt/ubna_data_05/recover-20250317/UBNA_026/20250313_085000.WAV,recover-20250317,UBNA_026,Central Pond
LF,29760.0,2.742894861972829,189.67849999999999,189.6877,27187.0,33988.0,Echolocation,Eptesicus serotinus,0.162,0.313,-1,192000.0,/mnt/ubna_data_05/recover-20250317/UBNA_026/20250313_085000.WAV,recover-20250317,UBNA_026,Central Pond
LF,21120.0,6.311396211412052,234.1855,234.193,19453.0,28824.0,Echolocation,Plecotus austriacus,0.188,0.264,-1,192000.0,/mnt/ubna_data_05/recover-20250317/UBNA_026/20250313_085000.WAV,recover-20250317,UBNA_026,Central Pond
LF,21120.0,-17.918715406363045,265.7675,265.7725,22031.0,32619.0,Echolocation,Plecotus austriacus,0.15,0.246,-1,192000.0,/mnt/ubna_data_05/recover-20250317/UBNA_026/20250313_085000.WAV,recover-20250317,UBNA_026,Central Pond
LF,20160.0,2.0516419218552935,153.0835,153.1057,18593.0,21946.0,Echolocation,Nyctalus noctula,0.14,0.201,-1,192000.0,/mnt/ubna_data_05/recover-20250317/UBNA_026/20250313_090000.WAV,recover-20250317,UBNA_026,Central Pond
LF,21120.0,2.243851073438246,203.3745,203.3799,22031.0,33427.0,Echolocation,Plecotus austriacus,0.128,0.201,-1,192000.0,/mnt/ubna_data_05/recover-20250317/UBNA_026/20250313_090000.WAV,recover-20250317,UBNA_026,Central Pond
HF,57600.0,0.6624307763847315,209.5505,209.5661,57265.0,62363.0,Echolocation,Pipistrellus pygmaeus,0.198,0.203,-1,192000.0,/mnt/ubna_data_05/recover-20250317/UBNA_026/20250313_090000.WAV,recover-20250317,UBNA_026,Central Pond
LF,29760.0,4.25150447881264,274.8345,274.8394,26328.0,37925.0,Echolocation,Plecotus auritus,0.117,0.225,-1,192000.0,/mnt/ubna_data_05/recover-20250317/UBNA_026/20250313_090000.WAV,recover-20250317,UBNA_026,Central Pond
LF,21120.0,0.5270217560228939,294.4825,294.5034,20312.0,23718.0,Echolocation,Nyctalus noctula,0.191,0.346,-1,192000.0,/mnt/ubna_data_05/recover-20250317/UBNA_026/20250313_090000.WAV,recover-20250317,UBNA_026,Central Pond
LF,28800.0,1.1666850515154608,112.0995,112.1089,26328.0,33814.0,Echolocation,Eptesicus serotinus,0.185,0.339,-1,192000.0,/mnt/ubna_data_05/recover-20250317/UBNA_026/20250313_091000.WAV,recover-20250317,UBNA_026,Central Pond
LF,23040.0,1.562290429767066,297.2965,297.3064,22031.0,29296.0,Echolocation,Nyctalus noctula,0.056,0.217,-1,192000.0,/mnt/ubna_data_05/recover-20250317/UBNA_026/20250313_091000.WAV,recover-20250317,UBNA_026,Central Pond
LF,20160.0,1.27316339450153,94.0715,94.0812,20312.0,28158.0,Echolocation,Plecotus austriacus,0.072,0.228,-1,192000.0,/mnt/ubna_data_05/recover-20250317/UBNA_026/20250313_092000.WAV,recover-20250317,UBNA_026,Central Pond
HF,43200.0,4.903837051816671,255.1245,255.1358,41796.0,46073.0,Echolocation,Pipistrellus nathusii,0.148,0.272,-1,192000.0,/mnt/ubna_data_05/recover-20250317/UBNA_026/20250313_092000.WAV,recover-20250317,UBNA_026,Central Pond
HF,42240.0,1.9754521392640796,277.0045,277.0131,41796.0,46619.0,Echolocation,Pipistrellus nathusii,0.156,0.333,-1,192000.0,/mnt/ubna_data_05/recover-20250317/UBNA_026/20250313_092000.WAV,recover-20250317,UBNA_026,Central Pond
LF,29760.0,3.09700909703818,293.0155,293.0199,23750.0,43195.0,Echolocation,Plecotus austriacus,0.15,0.211,-1,192000.0,/mnt/ubna_data_05/recover-20250317/UBNA_026/20250313_092000.WAV,recover-20250317,UBNA_026,Central Pond
LF,25920.0,0.8529494335526328,3.7965,3.8125,24609.0,28631.0,Echolocation,Nyctalus leisleri,0.136,0.21,-1,192000.0,/mnt/ubna_data_05/recover-20250317/UBNA_026/20250313_093000.WAV,recover-20250317,UBNA_026,Central Pond
LF,24000.0,1.6570161124910163,89.12950000000001,89.1449,23750.0,28583.0,Echolocation,Nyctalus leisleri,0.093,0.213,-1,192000.0,/mnt/ubna_data_05/recover-20250317/UBNA_026/20250313_093000.WAV,recover-20250317,UBNA_026,Central Pond
LF,22080.0,0.9869398198571612,6.0765,6.0895,22031.0,27795.0,Echolocation,Nyctalus noctula,0.085,0.202,-1,192000.0,/mnt/ubna_data_05/recover-20250317/UBNA_026/20250313_094000.WAV,recover-20250317,UBNA_026,Central Pond
LF,24960.0,-0.051447233964012705,12.5965,12.6084,25468.0,30807.0,Echolocation,Nyctalus leisleri,0.133,0.281,-1,192000.0,/mnt/ubna_data_05/recover-20250317/UBNA_026/20250313_094000.WAV,recover-20250317,UBNA_026,Central Pond
HF,42240.0,3.756197164433444,69.5945,69.5996,37500.0,47001.0,Echolocation,Myotis daubentonii,0.117,0.209,-1,192000.0,/mnt/ubna_data_05/recover-20250317/UBNA_026/20250313_095000.WAV,recover-20250317,UBNA_026,Central Pond
LF,25920.0,0.4460286589050685,110.3945,110.4089,25468.0,29880.0,Echolocation,Nyctalus leisleri,0.183,0.335,-1,192000.0,/mnt/ubna_data_05/recover-20250317/UBNA_026/20250313_095000.WAV,recover-20250317,UBNA_026,Central Pond
LF,26880.0,-0.17819565049945563,125.4245,125.436,26328.0,32010.0,Echolocation,Eptesicus serotinus,0.126,0.229,-1,192000.0,/mnt/ubna_data_05/recover-20250317/UBNA_026/20250313_095000.WAV,recover-20250317,UBNA_026,Central Pond
HF,80640.0,0.18453023115354383,194.7425,194.7932,68437.0,83957.0,Echolocation,Rhinolophus ferrumequinum,0.218,0.218,-1,192000.0,/mnt/ubna_data_05/recover-20250317/UBNA_026/20250313_095000.WAV,recover-20250317,UBNA_026,Central Pond
LF,23040.0,0.6074663048572885,64.6675,64.6793,23750.0,29000.0,Echolocation,Nyctalus leisleri,0.078,0.213,-1,192000.0,/mnt/ubna_data_05/recover-20250317/UBNA_026/20250313_100000.WAV,recover-20250317,UBNA_026,Central Pond
LF,23040.0,0.38933239426754696,295.3605,295.3736,23750.0,29255.0,Echolocation,Eptesicus serotinus,0.106,0.24,-1,192000.0,/mnt/ubna_data_05/recover-20250317/UBNA_026/20250313_100000.WAV,recover-20250317,UBNA_026,Central Pond
LF,24000.0,0.09687596955053,202.3545,202.3671,23750.0,29289.0,Echolocation,Eptesicus serotinus,0.088,0.207,-1,192000.0,/mnt/ubna_data_05/recover-20250317/UBNA_026/20250313_101000.WAV,recover-20250317,UBNA_026,Central Pond
HF,40320.0,1.1802565643897704,6.1685,6.1815,39218.0,42591.0,Echolocation,Pipistrellus nathusii,0.18,0.212,-1,192000.0,/mnt/ubna_data_05/recover-20250317/UBNA_026/20250313_102000.WAV,recover-20250317,UBNA_026,Central Pond
LF,22080.0,1.8472218772155555,47.8545,47.859899999999996,16875.0,31828.0,Echolocation,Plecotus auritus,0.132,0.21,-1,192000.0,/mnt/ubna_data_05/recover-20250317/UBNA_026/20250313_102000.WAV,recover-20250317,UBNA_026,Central Pond
LF,28800.0,1.42337774980207,81.77850000000001,81.7873,27187.0,34864.0,Echolocation,Eptesicus serotinus,0.13,0.215,-1,192000.0,/mnt/ubna_data_05/recover-20250317/UBNA_026/20250313_102000.WAV,recover-20250317,UBNA_026,Central Pond
LF,20160.0,5.768485492525418,143.4635,143.4724,19453.0,26712.0,Echolocation,Plecotus austriacus,0.066,0.2,-1,192000.0,/mnt/ubna_data_05/recover-20250317/UBNA_026/20250313_104000.WAV,recover-20250317,UBNA_026,Central Pond
LF,27840.0,1.0047684579143428,58.4585,58.4697,27187.0,32655.0,Echolocation,Nyctalus leisleri,0.245,0.453,-1,192000.0,/mnt/ubna_data_05/recover-20250317/UBNA_026/20250313_105000.WAV,recover-20250317,UBNA_026,Central Pond
LF,25920.0,1.3095591201909818,97.1335,97.1481,25468.0,29886.0,Echolocation,Nyctalus leisleri,0.146,0.25,-1,192000.0,/mnt/ubna_data_05/recover-20250317/UBNA_026/20250313_110000.WAV,recover-20250317,UBNA_026,Central Pond
LF,21120.0,0.7549866249579301,84.6265,84.6443,22031.0,26380.0,Echolocation,Nyctalus leisleri,0.111,0.23,-1,192000.0,/mnt/ubna_data_05/recover-20250317/UBNA_026/20250313_111000.WAV,recover-20250317,UBNA_026,Central Pond
LF,24960.0,0.9054804804134775,212.7675,212.7815,25468.0,29618.0,Echolocation,Nyctalus leisleri,0.101,0.217,-1,192000.0,/mnt/ubna_data_05/recover-20250317/UBNA_026/20250313_111000.WAV,recover-20250317,UBNA_026,Central Pond
LF,22080.0,-0.06683479321458494,49.5125,49.5302,22031.0,26278.0,Echolocation,Nyctalus leisleri,0.146,0.279,-1,192000.0,/mnt/ubna_data_05/recover-20250317/UBNA_026/20250313_113000.WAV,recover-20250317,UBNA_026,Central Pond
LF,23040.0,0.04654318579417543,65.9315,65.9462,22890.0,28174.0,Echolocation,Nyctalus noctula,0.127,0.295,-1,192000.0,/mnt/ubna_data_05/recover-20250317/UBNA_026/20250313_113000.WAV,recover-20250317,UBNA_026,Central Pond
HF,46080.0,0.6915162012464461,80.8235,80.8325,44375.0,48754.0,Echolocation,Pipistrellus pipistrellus,0.191,0.205,-1,192000.0,/mnt/ubna_data_05/recover-20250317/UBNA_026/20250313_114000.WAV,recover-20250317,UBNA_026,Central Pond
LF,25920.0,-0.04825084443176378,265.3645,265.3779,25468.0,30393.0,Echolocation,Nyctalus leisleri,0.134,0.25,-1,192000.0,/mnt/ubna_data_05/recover-20250317/UBNA_026/20250313_115000.WAV,recover-20250317,UBNA_026,Central Pond
LF,23040.0,1.338387275321356,103.0615,103.0704,22031.0,29673.0,Echolocation,Plecotus austriacus,0.051,0.2,-1,192000.0,/mnt/ubna_data_05/recover-20250317/UBNA_026/20250313_120000.WAV,recover-20250317,UBNA_026,Central Pond
LF,28800.0,1.8952732357737463,68.7365,68.7466,27187.0,33336.0,Echolocation,Eptesicus serotinus,0.126,0.214,-1,192000.0,/mnt/ubna_data_05/recover-20250317/UBNA_026/20250313_121000.WAV,recover-20250317,UBNA_026,Central Pond
HF,45120.0,7.368049306091509,217.5705,217.5799,42656.0,49636.0,Echolocation,Pipistrellus pipistrellus,0.094,0.229,-1,192000.0,/mnt/ubna_data_05/recover-20250317/UBNA_026/20250313_122000.WAV,recover-20250317,UBNA_026,Central Pond
LF,22080.0,1.1066156683249209,276.5865,276.5949,19453.0,28517.0,Echolocation,Plecotus austriacus,0.091,0.213,-1,192000.0,/mnt/ubna_data_05/recover-20250317/UBNA_026/20250313_122000.WAV,recover-20250317,UBNA_026,Central Pond
LF,26880.0,0.6456465985808244,288.4325,288.4428,26328.0,32301.0,Echolocation,Eptesicus serotinus,0.119,0.242,-1,192000.0,/mnt/ubna_data_05/recover-20250317/UBNA_026/20250313_122000.WAV,recover-20250317,UBNA_026,Central Pond
HF,42240.0,5.824615032289718,7.2605,7.2638,29765.0,50958.0,Echolocation,Myotis nattereri,0.206,0.361,-1,192000.0,/mnt/ubna_data_05/recover-20250317/UBNA_026/20250313_123000.WAV,recover-20250317,UBNA_026,Central Pond
LF,21120.0,4.9045391495870625,12.7755,12.7957,19453.0,23059.0,Echolocation,Nyctalus noctula,0.136,0.202,-1,192000.0,/mnt/ubna_data_05/recover-20250317/UBNA_026/20250313_123000.WAV,recover-20250317,UBNA_026,Central Pond
LF,19200.0,2.1327918477749663,182.2125,182.2365,18593.0,21234.0,Echolocation,Nyctalus noctula,0.156,0.216,-1,192000.0,/mnt/ubna_data_05/recover-20250317/UBNA_026/20250313_124000.WAV,recover-20250317,UBNA_026,Central Pond
LF,22080.0,1.0806221228936967,21.0285,21.0406,22031.0,29040.0,Echolocation,Nyctalus noctula,0.131,0.269,-1,192000.0,/mnt/ubna_data_05/recover-20250317/UBNA_026/20250313_130000.WAV,recover-20250317,UBNA_026,Central Pond
LF,20160.0,0.4797123494027978,112.3275,112.3479,20312.0,23509.0,Echolocation,Nyctalus leisleri,0.114,0.245,-1,192000.0,/mnt/ubna_data_05/recover-20250317/UBNA_026/20250313_130000.WAV,recover-20250317,UBNA_026,Central Pond
LF,26880.0,0.5675316510429465,168.0375,168.0471,26328.0,34019.0,Echolocation,Eptesicus serotinus,0.119,0.272,-1,192000.0,/mnt/ubna_data_05/recover-20250317/UBNA_026/20250313_130000.WAV,recover-20250317,UBNA_026,Central Pond
LF,28800.0,0.6737976062811918,68.9235,68.9352,28906.0,35215.0,Echolocation,Nyctalus leisleri,0.21,0.382,-1,192000.0,/mnt/ubna_data_05/recover-20250317/UBNA_026/20250313_132000.WAV,recover-20250317,UBNA_026,Central Pond
LF,29760.0,1.4904316931579613,122.5335,122.5448,28906.0,35295.0,Echolocation,Eptesicus serotinus,0.179,0.265,-1,192000.0,/mnt/ubna_data_05/recover-20250317/UBNA_026/20250313_133000.WAV,recover-20250317,UBNA_026,Central Pond
LF,23040.0,1.1807293447904346,147.3905,147.4022,22890.0,29068.0,Echolocation,Nyctalus leisleri,0.075,0.206,-1,192000.0,/mnt/ubna_data_05/recover-20250317/UBNA_026/20250313_134000.WAV,recover-20250317,UBNA_026,Central Pond
LF,26880.0,0.611626711441,17.8235,17.8373,26328.0,30580.0,Echolocation,Nyctalus leisleri,0.124,0.23,-1,192000.0,/mnt/ubna_data_05/recover-20250317/UBNA_026/20250313_140000.WAV,recover-20250317,UBNA_026,Central Pond
LF,19200.0,0.29372124929974935,141.2845,141.3033,17734.0,22293.0,Echolocation,Nyctalus noctula,0.156,0.216,-1,192000.0,/mnt/ubna_data_05/recover-20250317/UBNA_026/20250313_140000.WAV,recover-20250317,UBNA_026,Central Pond
LF,23040.0,0.0956900373991089,143.9685,143.9851,23750.0,26914.0,Echolocation,Nyctalus leisleri,0.148,0.22,-1,192000.0,/mnt/ubna_data_05/recover-20250317/UBNA_026/20250313_140000.WAV,recover-20250317,UBNA_026,Central Pond
LF,20160.0,0.533094014618196,181.4795,181.4926,18593.0,24651.0,Echolocation,Nyctalus noctula,0.141,0.222,-1,192000.0,/mnt/ubna_data_05/recover-20250317/UBNA_026/20250313_140000.WAV,recover-20250317,UBNA_026,Central Pond
LF,20160.0,1.564152760253532,145.5825,145.60320000000002,18593.0,22696.0,Echolocation,Nyctalus noctula,0.147,0.211,-1,192000.0,/mnt/ubna_data_05/recover-20250317/UBNA_026/20250313_141000.WAV,recover-20250317,UBNA_026,Central Pond
LF,26880.0,0.3103957203045963,207.8745,207.8856,25468.0,32057.0,Echolocation,Eptesicus serotinus,0.107,0.202,-1,192000.0,/mnt/ubna_data_05/recover-20250317/UBNA_026/20250313_145000.WAV,recover-20250317,UBNA_026,Central Pond
HF,46080.0,1.3202946237866477,112.5215,112.5286,40937.0,52495.0,Echolocation,Pipistrellus nathusii,0.104,0.222,-1,192000.0,/mnt/ubna_data_05/recover-20250317/UBNA_026/20250313_150000.WAV,recover-20250317,UBNA_026,Central Pond
LF,21120.0,0.5856374776078397,126.0875,126.1053,22031.0,26157.0,Echolocation,Nyctalus noctula,0.1,0.215,-1,192000.0,/mnt/ubna_data_05/recover-20250317/UBNA_026/20250313_151000.WAV,recover-20250317,UBNA_026,Central Pond
LF,23040.0,1.4086468054090213,208.1895,208.2013,23750.0,28367.0,Echolocation,Nyctalus leisleri,0.158,0.312,-1,192000.0,/mnt/ubna_data_05/recover-20250317/UBNA_026/20250313_151000.WAV,recover-20250317,UBNA_026,Central Pond
LF,21120.0,1.8823190804525072,294.6545,294.675,20312.0,22992.0,Echolocation,Nyctalus leisleri,0.138,0.257,-1,192000.0,/mnt/ubna_data_05/recover-20250317/UBNA_026/20250313_151000.WAV,recover-20250317,UBNA_026,Central Pond
LF,20160.0,1.512285089576807,126.4735,126.4934,20312.0,23962.0,Echolocation,Nyctalus noctula,0.162,0.257,-1,192000.0,/mnt/ubna_data_05/recover-20250317/UBNA_026/20250313_152000.WAV,recover-20250317,UBNA_026,Central Pond
LF,29760.0,0.47554630156729816,196.0235,196.03640000000001,28906.0,33028.0,Echolocation,Eptesicus serotinus,0.117,0.208,-1,192000.0,/mnt/ubna_data_05/recover-20250317/UBNA_026/20250313_152000.WAV,recover-20250317,UBNA_026,Central Pond
HF,44160.0,1.1418767075855958,198.5545,198.5683,44375.0,48206.0,Echolocation,Pipistrellus pipistrellus,0.163,0.206,-1,192000.0,/mnt/ubna_data_05/recover-20250317/UBNA_026/20250313_153000.WAV,recover-20250317,UBNA_026,Central Pond
LF,19200.0,4.007393866906808,142.5845,142.6111,16875.0,19934.0,Echolocation,Nyctalus noctula,0.177,0.237,-1,192000.0,/mnt/ubna_data_05/recover-20250317/UBNA_026/20250313_155000.WAV,recover-20250317,UBNA_026,Central Pond
LF,24000.0,-0.9953696719484686,167.1395,167.1521,23750.0,28099.0,Echolocation,Nyctalus leisleri,0.13,0.223,-1,192000.0,/mnt/ubna_data_05/recover-20250317/UBNA_026/20250313_155000.WAV,recover-20250317,UBNA_026,Central Pond
LF,22080.0,1.4238607791754223,30.0815,30.1051,20312.0,23917.0,Echolocation,Nyctalus noctula,0.156,0.244,-1,192000.0,/mnt/ubna_data_05/recover-20250317/UBNA_026/20250313_160000.WAV,recover-20250317,UBNA_026,Central Pond
LF,28800.0,1.155182513087203,140.9335,140.9412,28046.0,36704.0,Echolocation,Eptesicus serotinus,0.158,0.229,-1,192000.0,/mnt/ubna_data_05/recover-20250317/UBNA_026/20250313_160000.WAV,recover-20250317,UBNA_026,Central Pond
LF,22080.0,0.725606129662088,165.3225,165.3413,21171.0,25381.0,Echolocation,Nyctalus noctula,0.194,0.328,-1,192000.0,/mnt/ubna_data_05/recover-20250317/UBNA_026/20250313_160000.WAV,recover-20250317,UBNA_026,Central Pond
LF,24960.0,0.9423140707885703,130.7955,130.81,23750.0,28614.0,Echolocation,Nyctalus leisleri,0.104,0.218,-1,192000.0,/mnt/ubna_data_05/recover-20250317/UBNA_026/20250313_163000.WAV,recover-20250317,UBNA_026,Central Pond
LF,27840.0,0.3530644587213871,51.6605,51.672200000000004,25468.0,31831.0,Echolocation,Eptesicus serotinus,0.1,0.204,-1,192000.0,/mnt/ubna_data_05/recover-20250317/UBNA_026/20250313_165000.WAV,recover-20250317,UBNA_026,Central Pond
LF,22080.0,-0.1329787270786598,27.7725,27.7931,21171.0,24972.0,Echolocation,Nyctalus noctula,0.121,0.235,-1,192000.0,/mnt/ubna_data_05/recover-20250317/UBNA_026/20250313_170000.WAV,recover-20250317,UBNA_026,Central Pond
LF,22080.0,0.6875116242163372,262.8585,262.8757,22031.0,25686.0,Echolocation,Nyctalus leisleri,0.151,0.27,-1,192000.0,/mnt/ubna_data_05/recover-20250317/UBNA_026/20250313_170000.WAV,recover-20250317,UBNA_026,Central Pond
LF,24000.0,0.037559160680350784,277.7715,277.7851,23750.0,28024.0,Echolocation,Nyctalus leisleri,0.118,0.219,-1,192000.0,/mnt/ubna_data_05/recover-20250317/UBNA_026/20250313_170000.WAV,recover-20250317,UBNA_026,Central Pond
LF,21120.0,1.7992320388260148,89.6405,89.6637,20312.0,23252.0,Echolocation,Nyctalus leisleri,0.115,0.222,-1,192000.0,/mnt/ubna_data_05/recover-20250317/UBNA_026/20250313_172000.WAV,recover-20250317,UBNA_026,Central Pond
LF,22080.0,0.691580204630033,90.9515,90.9669,21171.0,25940.0,Echolocation,Nyctalus noctula,0.15,0.266,-1,192000.0,/mnt/ubna_data_05/recover-20250317/UBNA_026/20250313_172000.WAV,recover-20250317,UBNA_026,Central Pond
LF,22080.0,0.41690429207920343,215.1155,215.1317,22890.0,26626.0,Echolocation,Nyctalus leisleri,0.141,0.243,-1,192000.0,/mnt/ubna_data_05/recover-20250317/UBNA_026/20250313_172000.WAV,recover-20250317,UBNA_026,Central Pond
LF,28800.0,0.6497384261904444,28.0275,28.0389,28906.0,34110.0,Echolocation,Eptesicus serotinus,0.154,0.259,-1,192000.0,/mnt/ubna_data_05/recover-20250317/UBNA_026/20250313_173000.WAV,recover-20250317,UBNA_026,Central Pond
LF,27840.0,2.7213524080340927,251.3675,251.3719,23750.0,41451.0,Echolocation,Plecotus austriacus,0.209,0.301,-1,192000.0,/mnt/ubna_data_05/recover-20250317/UBNA_026/20250313_173000.WAV,recover-20250317,UBNA_026,Central Pond
LF,23040.0,1.0174234504894024,266.6515,266.6681,23750.0,27984.0,Echolocation,Nyctalus leisleri,0.139,0.228,-1,192000.0,/mnt/ubna_data_05/recover-20250317/UBNA_026/20250313_180000.WAV,recover-20250317,UBNA_026,Central Pond
LF,22080.0,0.5390475115638199,230.5155,230.5294,22890.0,28522.0,Echolocation,Nyctalus leisleri,0.103,0.262,-1,192000.0,/mnt/ubna_data_05/recover-20250317/UBNA_026/20250313_182000.WAV,recover-20250317,UBNA_026,Central Pond
LF,23040.0,2.806370751661471,297.8925,297.8983,19453.0,30773.0,Echolocation,Plecotus auritus,0.127,0.23,-1,192000.0,/mnt/ubna_data_05/recover-20250317/UBNA_026/20250313_182000.WAV,recover-20250317,UBNA_026,Central Pond
LF,29760.0,-0.39222022344416174,224.4875,224.49869999999999,28906.0,34065.0,Echolocation,Eptesicus serotinus,0.108,0.218,-1,192000.0,/mnt/ubna_data_05/recover-20250317/UBNA_026/20250313_183000.WAV,recover-20250317,UBNA_026,Central Pond
HF,45120.0,1.3148746550672021,251.4325,251.4441,43515.0,47755.0,Echolocation,Pipistrellus pipistrellus,0.158,0.234,-1,192000.0,/mnt/ubna_data_05/recover-20250317/UBNA_026/20250313_183000.WAV,recover-20250317,UBNA_026,Central Pond
LF,25920.0,-0.03370663218916784,271.0345,271.05,25468.0,29532.0,Echolocation,Nyctalus leisleri,0.133,0.224,-1,192000.0,/mnt/ubna_data_05/recover-20250317/UBNA_026/20250313_183000.WAV,recover-20250317,UBNA_026,Central Pond
LF,23040.0,0.6799495215316549,136.8315,136.8459,23750.0,28020.0,Echolocation,Nyctalus leisleri,0.144,0.268,-1,192000.0,/mnt/ubna_data_05/recover-20250317/UBNA_026/20250313_185000.WAV,recover-20250317,UBNA_026,Central Pond
LF,21120.0,2.88481350490101,148.8805,148.8856,18593.0,33198.0,Echolocation,Plecotus austriacus,0.149,0.242,-1,192000.0,/mnt/ubna_data_05/recover-20250317/UBNA_026/20250313_185000.WAV,recover-20250317,UBNA_026,Central Pond
LF,26880.0,1.1120597512142165,267.8515,267.8648,26328.0,31130.0,Echolocation,Nyctalus leisleri,0.12,0.223,-1,192000.0,/mnt/ubna_data_05/recover-20250317/UBNA_026/20250313_185000.WAV,recover-20250317,UBNA_026,Central Pond
LF,24000.0,0.05764613668588909,59.075500000000005,59.090900000000005,23750.0,27886.0,Echolocation,Nyctalus leisleri,0.107,0.208,-1,192000.0,/mnt/ubna_data_05/recover-20250317/UBNA_026/20250313_191000.WAV,recover-20250317,UBNA_026,Central Pond
LF,21120.0,0.38032159180398906,62.5835,62.6056,21171.0,25478.0,Echolocation,Nyctalus noctula,0.15,0.307,-1,192000.0,/mnt/ubna_data_05/recover-20250317/UBNA_026/20250313_191000.WAV,recover-20250317,UBNA_026,Central Pond
LF,24960.0,0.9772306783506151,83.2425,83.2579,22890.0,27955.0,Echolocation,Nyctalus leisleri,0.111,0.229,-1,192000.0,/mnt/ubna_data_05/recover-20250317/UBNA_026/20250313_191000.WAV,recover-20250317,UBNA_026,Central Pond
LF,28800.0,1.373869825174826,244.7595,244.7683,27187.0,34996.0,Echolocation,Eptesicus serotinus,0.127,0.207,-1,192000.0,/mnt/ubna_data_05/recover-20250317/UBNA_026/20250313_193000.WAV,recover-20250317,UBNA_026,Central Pond
HF,45120.0,4.270973672445183,284.5045,284.5107,43515.0,50390.0,Echolocation,Pipistrellus pipistrellus,0.223,0.267,-1,192000.0,/mnt/ubna_data_05/recover-20250317/UBNA_026/20250313_193000.WAV,recover-20250317,UBNA_026,Central Pond
LF,28800.0,6.4699842014613465,284.7685,284.7733,28046.0,43146.0,Echolocation,Myotis daubentonii,0.134,0.225,-1,192000.0,/mnt/ubna_data_05/recover-20250317/UBNA_026/20250313_193000.WAV,recover-20250317,UBNA_026,Central Pond
HF,39360.0,-2.644161090110445,288.0055,288.0092,26328.0,64104.0,Echolocation,Myotis nattereri,0.198,0.311,-1,192000.0,/mnt/ubna_data_05/recover-20250317/UBNA_026/20250313_193000.WAV,recover-20250317,UBNA_026,Central Pond
HF,52800.0,7.851263183275617,292.4975,292.5018,51250.0,57951.0,Echolocation,Pipistrellus pipistrellus,0.191,0.208,-1,192000.0,/mnt/ubna_data_05/recover-20250317/UBNA_026/20250313_193000.WAV,recover-20250317,UBNA_026,Central Pond
HF,52800.0,4.020882755829131,293.5755,293.581,50390.0,56876.0,Echolocation,Pipistrellus pipistrellus,0.196,0.217,-1,192000.0,/mnt/ubna_data_05/recover-20250317/UBNA_026/20250313_193000.WAV,recover-20250317,UBNA_026,Central Pond
HF,51840.0,5.603123814471599,295.7445,295.7509,49531.0,59419.0,Echolocation,Pipistrellus pipistrellus,0.24,0.258,-1,192000.0,/mnt/ubna_data_05/recover-20250317/UBNA_026/20250313_193000.WAV,recover-20250317,UBNA_026,Central Pond
HF,46080.0,0.4424296866182959,299.7145,299.7205,45234.0,49810.0,Echolocation,Pipistrellus pipistrellus,0.205,0.22,-1,192000.0,/mnt/ubna_data_05/recover-20250317/UBNA_026/20250313_193000.WAV,recover-20250317,UBNA_026,Central Pond
HF,45120.0,3.4765194253099256,9.9575,9.9675,44375.0,48153.0,Echolocation,Pipistrellus pipistrellus,0.243,0.266,-1,192000.0,/mnt/ubna_data_05/recover-20250317/UBNA_026/20250313_194000.WAV,recover-20250317,UBNA_026,Central Pond
HF,42240.0,4.549884941625002,24.7955,24.7996,24609.0,55433.0,Echolocation,Myotis nattereri,0.167,0.204,-1,192000.0,/mnt/ubna_data_05/recover-20250317/UBNA_026/20250313_194000.WAV,recover-20250317,UBNA_026,Central Pond
LF,27840.0,6.558128099708228,24.9885,24.9925,24609.0,40741.0,Echolocation,Plecotus austriacus,0.164,0.241,-1,192000.0,/mnt/ubna_data_05/recover-20250317/UBNA_026/20250313_194000.WAV,recover-20250317,UBNA_026,Central Pond
LF,23040.0,1.8059386905767494,30.2085,30.2126,23750.0,41501.0,Echolocation,Plecotus auritus,0.15,0.233,-1,192000.0,/mnt/ubna_data_05/recover-20250317/UBNA_026/20250313_194000.WAV,recover-20250317,UBNA_026,Central Pond
HF,43200.0,6.093628702376033,104.5915,104.598,42656.0,45941.0,Echolocation,Pipistrellus pipistrellus,0.194,0.204,-1,192000.0,/mnt/ubna_data_05/recover-20250317/UBNA_026/20250313_194000.WAV,recover-20250317,UBNA_026,Central Pond
LF,22080.0,0.3766152366977357,219.7765,219.7914,22031.0,25080.0,Echolocation,Nyctalus leisleri,0.138,0.23,-1,192000.0,/mnt/ubna_data_05/recover-20250317/UBNA_026/20250313_194000.WAV,recover-20250317,UBNA_026,Central Pond
LF,20160.0,2.623654710120075,88.0745,88.0812,17734.0,32829.0,Echolocation,Plecotus austriacus,0.143,0.211,-1,192000.0,/mnt/ubna_data_05/recover-20250317/UBNA_026/20250313_200000.WAV,recover-20250317,UBNA_026,Central Pond
LF,20160.0,4.953317573530986,182.5785,182.5831,17734.0,35318.0,Echolocation,Plecotus austriacus,0.165,0.229,-1,192000.0,/mnt/ubna_data_05/recover-20250317/UBNA_026/20250313_200000.WAV,recover-20250317,UBNA_026,Central Pond
LF,25920.0,3.3714646657192637,265.2605,265.2719,22890.0,28451.0,Echolocation,Nyctalus leisleri,0.089,0.222,-1,192000.0,/mnt/ubna_data_05/recover-20250317/UBNA_026/20250313_200000.WAV,recover-20250317,UBNA_026,Central Pond
LF,24000.0,-0.490994385492694,267.1085,267.1211,22890.0,28483.0,Echolocation,Nyctalus leisleri,0.097,0.248,-1,192000.0,/mnt/ubna_data_05/recover-20250317/UBNA_026/20250313_201000.WAV,recover-20250317,UBNA_026,Central Pond
LF,20160.0,0.9255489536696532,30.1155,30.1355,19453.0,24348.0,Echolocation,Nyctalus noctula,0.198,0.262,-1,192000.0,/mnt/ubna_data_05/recover-20250317/UBNA_026/20250313_202000.WAV,recover-20250317,UBNA_026,Central Pond
LF,23040.0,0.5682938623631888,139.2365,139.2511,22890.0,27582.0,Echolocation,Nyctalus leisleri,0.104,0.242,-1,192000.0,/mnt/ubna_data_05/recover-20250317/UBNA_026/20250313_202000.WAV,recover-20250317,UBNA_026,Central Pond
LF,22080.0,2.638660790262208,233.9265,233.9336,18593.0,29063.0,Echolocation,Plecotus auritus,0.099,0.216,-1,192000.0,/mnt/ubna_data_05/recover-20250317/UBNA_026/20250313_202000.WAV,recover-20250317,UBNA_026,Central Pond
LF,21120.0,3.306713352324694,14.3855,14.3961,20312.0,27197.0,Echolocation,Nyctalus noctula,0.069,0.228,-1,192000.0,/mnt/ubna_data_05/recover-20250317/UBNA_026/20250313_203000.WAV,recover-20250317,UBNA_026,Central Pond
LF,29760.0,0.9543214089120313,62.9345,62.949,29765.0,33996.0,Echolocation,Nyctalus leisleri,0.113,0.228,-1,192000.0,/mnt/ubna_data_05/recover-20250317/UBNA_026/20250313_210000.WAV,recover-20250317,UBNA_026,Central Pond
LF,17280.0,3.326730438386945,141.3795,141.3959,16015.0,19997.0,Echolocation,Nyctalus noctula,0.168,0.269,-1,192000.0,/mnt/ubna_data_05/recover-20250317/UBNA_026/20250313_210000.WAV,recover-20250317,UBNA_026,Central Pond
LF,20160.0,0.7576438564590362,159.1265,159.1489,19453.0,23364.0,Echolocation,Nyctalus noctula,0.207,0.28,-1,192000.0,/mnt/ubna_data_05/recover-20250317/UBNA_026/20250313_211000.WAV,recover-20250317,UBNA_026,Central Pond
LF,21120.0,3.411026276910561,288.5025,288.5075,16015.0,31212.0,Echolocation,Plecotus auritus,0.184,0.235,-1,192000.0,/mnt/ubna_data_05/recover-20250317/UBNA_026/20250313_211000.WAV,recover-20250317,UBNA_026,Central Pond
HF,44160.0,-8.012370513678402,16.1975,16.204,43515.0,47995.0,Echolocation,Pipistrellus pipistrellus,0.225,0.234,-1,192000.0,/mnt/ubna_data_05/recover-20250317/UBNA_026/20250313_212000.WAV,recover-20250317,UBNA_026,Central Pond
LF,26880.0,4.879496753821456,72.8085,72.8209,24609.0,29608.0,Echolocation,Nyctalus leisleri,0.128,0.225,-1,192000.0,/mnt/ubna_data_05/recover-20250317/UBNA_026/20250313_212000.WAV,recover-20250317,UBNA_026,Central Pond
LF,22080.0,4.913793205804347,79.5035,79.5097,22031.0,36813.0,Echolocation,Plecotus austriacus,0.151,0.212,-1,192000.0,/mnt/ubna_data_05/recover-20250317/UBNA_026/20250313_212000.WAV,recover-20250317,UBNA_026,Central Pond
HF,41280.0,7.913434007356006,289.0415,289.0455,24609.0,56062.0,Echolocation,Myotis nattereri,0.192,0.237,-1,192000.0,/mnt/ubna_data_05/recover-20250317/UBNA_026/20250313_212000.WAV,recover-20250317,UBNA_026,Central Pond
LF,26880.0,3.248539200351519,230.7765,230.7822,24609.0,35218.0,Echolocation,Plecotus austriacus,0.179,0.247,-1,192000.0,/mnt/ubna_data_05/recover-20250317/UBNA_026/20250313_213000.WAV,recover-20250317,UBNA_026,Central Pond
LF,21120.0,6.571293722708701,235.9185,235.92419999999998,18593.0,29501.0,Echolocation,Plecotus austriacus,0.128,0.211,-1,192000.0,/mnt/ubna_data_05/recover-20250317/UBNA_026/20250313_213000.WAV,recover-20250317,UBNA_026,Central Pond
LF,21120.0,1.2292528294879852,291.1895,291.204,19453.0,24832.0,Echolocation,Nyctalus noctula,0.191,0.293,-1,192000.0,/mnt/ubna_data_05/recover-20250317/UBNA_026/20250313_213000.WAV,recover-20250317,UBNA_026,Central Pond
HF,43200.0,3.5625879458510648,34.2675,34.2779,40937.0,45055.0,Echolocation,Pipistrellus nathusii,0.146,0.225,-1,192000.0,/mnt/ubna_data_05/recover-20250317/UBNA_026/20250313_214000.WAV,recover-20250317,UBNA_026,Central Pond
LF,24000.0,0.8692604594564601,77.7645,77.7758,22890.0,27929.0,Echolocation,Nyctalus leisleri,0.09,0.263,-1,192000.0,/mnt/ubna_data_05/recover-20250317/UBNA_026/20250313_214000.WAV,recover-20250317,UBNA_026,Central Pond
LF,22080.0,4.12486771057586,86.0475,86.0524,16875.0,39253.0,Echolocation,Plecotus auritus,0.135,0.28,-1,192000.0,/mnt/ubna_data_05/recover-20250317/UBNA_026/20250313_214000.WAV,recover-20250317,UBNA_026,Central Pond
LF,22080.0,0.21857279216392256,260.9715,260.9878,22031.0,26183.0,Echolocation,Nyctalus leisleri,0.171,0.272,-1,192000.0,/mnt/ubna_data_05/recover-20250317/UBNA_026/20250313_214000.WAV,recover-20250317,UBNA_026,Central Pond
LF,21120.0,9.08162468665598,26.3935,26.3975,17734.0,49948.0,Echolocation,Myotis nattereri,0.143,0.204,-1,192000.0,/mnt/ubna_data_05/recover-20250317/UBNA_026/20250313_215000.WAV,recover-20250317,UBNA_026,Central Pond
LF,29760.0,0.1460859642161042,144.0595,144.0743,29765.0,33205.0,Echolocation,Nyctalus leisleri,0.116,0.25,-1,192000.0,/mnt/ubna_data_05/recover-20250317/UBNA_026/20250313_222000.WAV,recover-20250317,UBNA_026,Central Pond
LF,21120.0,2.9548339826429144,256.7845,256.791,22031.0,34622.0,Echolocation,Plecotus austriacus,0.144,0.205,-1,192000.0,/mnt/ubna_data_05/recover-20250317/UBNA_026/20250313_223000.WAV,recover-20250317,UBNA_026,Central Pond
LF,22080.0,-0.3042529692652807,195.6145,195.6312,22890.0,27461.0,Echolocation,Nyctalus leisleri,0.11,0.231,-1,192000.0,/mnt/ubna_data_05/recover-20250317/UBNA_026/20250313_224000.WAV,recover-20250317,UBNA_026,Central Pond
HF,46080.0,2.132529379376719,226.8365,226.8563,44375.0,47265.0,Echolocation,Pipistrellus pipistrellus,0.183,0.202,-1,192000.0,/mnt/ubna_data_05/recover-20250317/UBNA_026/20250313_224000.WAV,recover-20250317,UBNA_026,Central Pond
LF,21120.0,12.914415609650192,172.1735,172.1775,17734.0,46776.0,Echolocation,Plecotus austriacus,0.111,0.252,-1,192000.0,/mnt/ubna_data_05/recover-20250317/UBNA_026/20250313_225000.WAV,recover-20250317,UBNA_026,Central Pond
LF,24000.0,0.9597802319847782,173.2345,173.2463,23750.0,29838.0,Echolocation,Eptesicus serotinus,0.105,0.242,-1,192000.0,/mnt/ubna_data_05/recover-20250317/UBNA_026/20250313_225000.WAV,recover-20250317,UBNA_026,Central Pond
LF,21120.0,6.963180882878586,154.1595,154.1647,17734.0,37452.0,Echolocation,Plecotus austriacus,0.135,0.211,-1,192000.0,/mnt/ubna_data_05/recover-20250317/UBNA_026/20250313_230000.WAV,recover-20250317,UBNA_026,Central Pond
LF,21120.0,8.692030406853616,237.9135,237.9183,17734.0,48728.0,Echolocation,Myotis nattereri,0.131,0.211,-1,192000.0,/mnt/ubna_data_05/recover-20250317/UBNA_026/20250313_230000.WAV,recover-20250317,UBNA_026,Central Pond
LF,21120.0,4.072195912346653,72.2965,72.3009,17734.0,37925.0,Echolocation,Plecotus austriacus,0.128,0.202,-1,192000.0,/mnt/ubna_data_05/recover-20250317/UBNA_026/20250313_231000.WAV,recover-20250317,UBNA_026,Central Pond
LF,20160.0,-0.21051845515687842,7.0535,7.0688,15156.0,20275.0,Echolocation,Nyctalus noctula,0.198,0.26,-1,192000.0,/mnt/ubna_data_05/recover-20250317/UBNA_026/20250313_234000.WAV,recover-20250317,UBNA_026,Central Pond
HF,39360.0,1.5498862981608672,98.3035,98.3134,35781.0,42047.0,Echolocation,Pipistrellus nathusii,0.167,0.255,-1,192000.0,/mnt/ubna_data_05/recover-20250317/UBNA_026/20250313_234000.WAV,recover-20250317,UBNA_026,Central Pond
LF,23040.0,0.744696049116343,264.3125,264.3279,22890.0,28149.0,Echolocation,Nyctalus leisleri,0.125,0.277,-1,192000.0,/mnt/ubna_data_05/recover-20250317/UBNA_026/20250313_234000.WAV,recover-20250317,UBNA_026,Central Pond
LF,26880.0,4.421875973544957,29.8085,29.8272,27187.0,30128.0,Echolocation,Nyctalus leisleri,0.149,0.222,-1,192000.0,/mnt/ubna_data_05/recover-20250317/UBNA_026/20250313_235000.WAV,recover-20250317,UBNA_026,Central Pond
LF,21120.0,1.6421822768941854,106.6055,106.6227,21171.0,25763.0,Echolocation,Nyctalus noctula,0.169,0.267,-1,192000.0,/mnt/ubna_data_05/recover-20250317/UBNA_026/20250313_235000.WAV,recover-20250317,UBNA_026,Central Pond
LF,21120.0,0.4565487033383358,37.658500000000004,37.6772,21171.0,24719.0,Echolocation,Nyctalus leisleri,0.115,0.213,-1,192000.0,/mnt/ubna_data_05/recover-20250317/UBNA_026/20250314_001000.WAV,recover-20250317,UBNA_026,Central Pond
LF,26880.0,0.39251014728390166,18.5135,18.5273,25468.0,30461.0,Echolocation,Nyctalus leisleri,0.124,0.244,-1,192000.0,/mnt/ubna_data_05/recover-20250317/UBNA_026/20250314_003000.WAV,recover-20250317,UBNA_026,Central Pond
LF,24960.0,0.6609133661239499,63.1835,63.1949,23750.0,28671.0,Echolocation,Nyctalus leisleri,0.089,0.207,-1,192000.0,/mnt/ubna_data_05/recover-20250317/UBNA_026/20250314_004000.WAV,recover-20250317,UBNA_026,Central Pond
LF,20160.0,0.8207306516267378,129.1565,129.1738,19453.0,24091.0,Echolocation,Nyctalus noctula,0.14,0.214,-1,192000.0,/mnt/ubna_data_05/recover-20250317/UBNA_026/20250314_012000.WAV,recover-20250317,UBNA_026,Central Pond
HF,45120.0,-0.012256447526426864,218.0015,218.016,40078.0,44527.0,Echolocation,Pipistrellus nathusii,0.176,0.212,-1,192000.0,/mnt/ubna_data_05/recover-20250317/UBNA_026/20250314_012000.WAV,recover-20250317,UBNA_026,Central Pond
LF,28800.0,1.1429380839017904,86.5485,86.5583,28046.0,36378.0,Echolocation,Eptesicus serotinus,0.167,0.233,-1,192000.0,/mnt/ubna_data_05/recover-20250317/UBNA_026/20250314_013000.WAV,recover-20250317,UBNA_026,Central Pond
LF,24000.0,0.595182694807816,260.4475,260.4597,24609.0,31074.0,Echolocation,Eptesicus serotinus,0.111,0.231,-1,192000.0,/mnt/ubna_data_05/recover-20250317/UBNA_026/20250314_013000.WAV,recover-20250317,UBNA_026,Central Pond
HF,45120.0,9.020912051679218,32.7945,32.8136,45234.0,48450.0,Echolocation,Pipistrellus pipistrellus,0.357,0.412,-1,192000.0,/mnt/ubna_data_05/recover-20250317/UBNA_026/20250314_014000.WAV,recover-20250317,UBNA_026,Central Pond
LF,17280.0,1.6775294395782756,150.8125,150.8337,16875.0,20040.0,Echolocation,Nyctalus noctula,0.145,0.211,-1,192000.0,/mnt/ubna_data_05/recover-20250317/UBNA_026/20250314_014000.WAV,recover-20250317,UBNA_026,Central Pond
LF,24960.0,-0.03468657510889316,138.59550000000002,138.6093,24609.0,29531.0,Echolocation,Nyctalus leisleri,0.094,0.201,-1,192000.0,/mnt/ubna_data_05/recover-20250317/UBNA_026/20250314_021000.WAV,recover-20250317,UBNA_026,Central Pond
LF,23040.0,0.15836465044858358,235.1435,235.1548,23750.0,29263.0,Echolocation,Nyctalus leisleri,0.123,0.303,-1,192000.0,/mnt/ubna_data_05/recover-20250317/UBNA_026/20250314_021000.WAV,recover-20250317,UBNA_026,Central Pond
LF,21120.0,0.5896059607911,121.2955,121.3167,20312.0,22931.0,Echolocation,Nyctalus noctula,0.103,0.2,-1,192000.0,/mnt/ubna_data_05/recover-20250317/UBNA_026/20250314_022000.WAV,recover-20250317,UBNA_026,Central Pond
HF,45120.0,1.869873737991552,218.9825,218.9918,45234.0,50262.0,Echolocation,Pipistrellus pipistrellus,0.182,0.206,-1,192000.0,/mnt/ubna_data_05/recover-20250317/UBNA_026/20250314_022000.WAV,recover-20250317,UBNA_026,Central Pond
LF,20160.0,0.9689685178501537,78.4935,78.51689999999999,20312.0,23549.0,Echolocation,Nyctalus noctula,0.132,0.23,-1,192000.0,/mnt/ubna_data_05/recover-20250317/UBNA_026/20250314_023000.WAV,recover-20250317,UBNA_026,Central Pond
LF,21120.0,1.7866098320960346,101.7855,101.8075,21171.0,24465.0,Echolocation,Nyctalus leisleri,0.129,0.206,-1,192000.0,/mnt/ubna_data_05/recover-20250317/UBNA_026/20250314_024000.WAV,recover-20250317,UBNA_026,Central Pond
LF,22080.0,7.2338984100347385,113.0155,113.031,21171.0,24603.0,Echolocation,Nyctalus leisleri,0.268,0.418,-1,192000.0,/mnt/ubna_data_05/recover-20250317/UBNA_026/20250314_024000.WAV,recover-20250317,UBNA_026,Central Pond
LF,27840.0,1.089640533720499,120.5265,120.5402,26328.0,31035.0,Echolocation,Nyctalus leisleri,0.096,0.201,-1,192000.0,/mnt/ubna_data_05/recover-20250317/UBNA_026/20250314_025000.WAV,recover-20250317,UBNA_026,Central Pond
LF,21120.0,0.2217783209083245,209.3525,209.37369999999999,20312.0,23829.0,Echolocation,Nyctalus noctula,0.126,0.209,-1,192000.0,/mnt/ubna_data_05/recover-20250317/UBNA_026/20250314_025000.WAV,recover-20250317,UBNA_026,Central Pond
LF,24000.0,0.8076694275087621,83.2565,83.2706,23750.0,28892.0,Echolocation,Nyctalus leisleri,0.092,0.208,-1,192000.0,/mnt/ubna_data_05/recover-20250317/UBNA_026/20250314_030000.WAV,recover-20250317,UBNA_026,Central Pond
LF,24960.0,1.047114119270235,175.3565,175.3706,25468.0,31027.0,Echolocation,Eptesicus serotinus,0.129,0.257,-1,192000.0,/mnt/ubna_data_05/recover-20250317/UBNA_026/20250314_031000.WAV,recover-20250317,UBNA_026,Central Pond
LF,23040.0,1.0434550580531217,74.9455,74.9624,22890.0,27275.0,Echolocation,Nyctalus leisleri,0.116,0.273,-1,192000.0,/mnt/ubna_data_05/recover-20250317/UBNA_026/20250314_032000.WAV,recover-20250317,UBNA_026,Central Pond
HF,52800.0,1.8657370324404254,122.3985,122.4061,51250.0,56080.0,Echolocation,Pipistrellus pygmaeus,0.111,0.23,-1,192000.0,/mnt/ubna_data_05/recover-20250317/UBNA_026/20250314_032000.WAV,recover-20250317,UBNA_026,Central Pond
HF,48960.0,4.216300708755906,129.9065,129.9109,48671.0,57436.0,Echolocation,Pipistrellus pipistrellus,0.218,0.24,-1,192000.0,/mnt/ubna_data_05/recover-20250317/UBNA_026/20250314_033000.WAV,recover-20250317,UBNA_026,Central Pond
HF,47040.0,2.977129880327821,130.7795,130.7856,44375.0,53556.0,Echolocation,Pipistrellus pipistrellus,0.121,0.255,-1,192000.0,/mnt/ubna_data_05/recover-20250317/UBNA_026/20250314_033000.WAV,recover-20250317,UBNA_026,Central Pond
HF,50880.0,6.524168873753221,130.8985,130.9018,45234.0,64248.0,Echolocation,Myotis mystacinus,0.143,0.239,-1,192000.0,/mnt/ubna_data_05/recover-20250317/UBNA_026/20250314_033000.WAV,recover-20250317,UBNA_026,Central Pond
HF,55680.0,6.221415396163179,131.9345,131.9425,54687.0,59636.0,Echolocation,Pipistrellus pygmaeus,0.201,0.22,-1,192000.0,/mnt/ubna_data_05/recover-20250317/UBNA_026/20250314_033000.WAV,recover-20250317,UBNA_026,Central Pond
HF,51840.0,9.809809217023105,132.2075,132.2103,46093.0,64106.0,Echolocation,Myotis mystacinus,0.16,0.289,-1,192000.0,/mnt/ubna_data_05/recover-20250317/UBNA_026/20250314_033000.WAV,recover-20250317,UBNA_026,Central Pond
HF,51840.0,7.76421235646686,132.2885,132.2926,40937.0,64551.0,Echolocation,Myotis mystacinus,0.124,0.286,-1,192000.0,/mnt/ubna_data_05/recover-20250317/UBNA_026/20250314_033000.WAV,recover-20250317,UBNA_026,Central Pond
HF,52800.0,4.5754699722598895,132.3655,132.3707,46953.0,59285.0,Echolocation,Pipistrellus pipistrellus,0.17,0.266,-1,192000.0,/mnt/ubna_data_05/recover-20250317/UBNA_026/20250314_033000.WAV,recover-20250317,UBNA_026,Central Pond
HF,52800.0,7.35446764355594,132.4365,132.4415,46093.0,62557.0,Echolocation,Myotis alcathoe,0.135,0.395,-1,192000.0,/mnt/ubna_data_05/recover-20250317/UBNA_026/20250314_033000.WAV,recover-20250317,UBNA_026,Central Pond
HF,51840.0,4.327096377609464,132.5155,132.5194,46953.0,61423.0,Echolocation,Pipistrellus pipistrellus,0.105,0.318,-1,192000.0,/mnt/ubna_data_05/recover-20250317/UBNA_026/20250314_033000.WAV,recover-20250317,UBNA_026,Central Pond
HF,48960.0,4.005803920047205,139.7435,139.75130000000001,44375.0,59080.0,Echolocation,Pipistrellus pipistrellus,0.171,0.305,-1,192000.0,/mnt/ubna_data_05/recover-20250317/UBNA_026/20250314_033000.WAV,recover-20250317,UBNA_026,Central Pond
HF,51840.0,4.69564343541537,140.8525,140.8577,50390.0,57645.0,Echolocation,Pipistrellus pipistrellus,0.166,0.235,-1,192000.0,/mnt/ubna_data_05/recover-20250317/UBNA_026/20250314_033000.WAV,recover-20250317,UBNA_026,Central Pond
HF,52800.0,6.183727387025117,140.9335,140.9382,42656.0,60970.0,Echolocation,Myotis daubentonii,0.144,0.33,-1,192000.0,/mnt/ubna_data_05/recover-20250317/UBNA_026/20250314_033000.WAV,recover-20250317,UBNA_026,Central Pond
HF,52800.0,8.483834839256064,140.9335,140.9389,52109.0,58794.0,Echolocation,Pipistrellus pygmaeus,0.25,0.262,-1,192000.0,/mnt/ubna_data_05/recover-20250317/UBNA_026/20250314_033000.WAV,recover-20250317,UBNA_026,Central Pond
HF,51840.0,7.955771587458056,141.0155,141.0213,45234.0,62451.0,Echolocation,Pipistrellus nathusii,0.147,0.471,-1,192000.0,/mnt/ubna_data_05/recover-20250317/UBNA_026/20250314_033000.WAV,recover-20250317,UBNA_026,Central Pond
HF,51840.0,7.7342544344462025,141.1005,141.1071,51250.0,58800.0,Echolocation,Pipistrellus pygmaeus,0.195,0.379,-1,192000.0,/mnt/ubna_data_05/recover-20250317/UBNA_026/20250314_033000.WAV,recover-20250317,UBNA_026,Central Pond
HF,52800.0,6.322901953899729,141.1845,141.1907,43515.0,61311.0,Echolocation,Pipistrellus pipistrellus,0.1,0.38,-1,192000.0,/mnt/ubna_data_05/recover-20250317/UBNA_026/20250314_033000.WAV,recover-20250317,UBNA_026,Central Pond
HF,52800.0,8.128825639597117,141.1855,141.1911,52109.0,60823.0,Echolocation,Pipistrellus pygmaeus,0.281,0.308,-1,192000.0,/mnt/ubna_data_05/recover-20250317/UBNA_026/20250314_033000.WAV,recover-20250317,UBNA_026,Central Pond
HF,52800.0,10.323826571991784,141.2695,141.274,52109.0,57425.0,Echolocation,Pipistrellus pygmaeus,0.36,0.389,-1,192000.0,/mnt/ubna_data_05/recover-20250317/UBNA_026/20250314_033000.WAV,recover-20250317,UBNA_026,Central Pond
HF,52800.0,7.5195115797677525,141.3425,141.34629999999999,47812.0,57455.0,Echolocation,Pipistrellus pipistrellus,0.24,0.463,-1,192000.0,/mnt/ubna_data_05/recover-20250317/UBNA_026/20250314_033000.WAV,recover-20250317,UBNA_026,Central Pond
HF,48000.0,5.79681754412202,141.4005,141.4059,44375.0,58787.0,Echolocation,Pipistrellus pipistrellus,0.118,0.429,-1,192000.0,/mnt/ubna_data_05/recover-20250317/UBNA_026/20250314_033000.WAV,recover-20250317,UBNA_026,Central Pond
HF,48000.0,3.368263696992602,141.4535,141.4576,45234.0,61809.0,Echolocation,Myotis mystacinus,0.068,0.226,-1,192000.0,/mnt/ubna_data_05/recover-20250317/UBNA_026/20250314_033000.WAV,recover-20250317,UBNA_026,Central Pond
HF,52800.0,4.349757702857485,141.5045,141.50900000000001,41796.0,60994.0,Echolocation,Myotis daubentonii,0.155,0.394,-1,192000.0,/mnt/ubna_data_05/recover-20250317/UBNA_026/20250314_033000.WAV,recover-20250317,UBNA_026,Central Pond
HF,52800.0,10.143925621708227,141.8425,141.8464,46953.0,61762.0,Echolocation,Pipistrellus pipistrellus,0.14,0.316,-1,192000.0,/mnt/ubna_data_05/recover-20250317/UBNA_026/20250314_033000.WAV,recover-20250317,UBNA_026,Central Pond
HF,52800.0,10.390267157158188,141.9015,141.9075,51250.0,63794.0,Echolocation,Pipistrellus pipistrellus,0.259,0.512,-1,192000.0,/mnt/ubna_data_05/recover-20250317/UBNA_026/20250314_033000.WAV,recover-20250317,UBNA_026,Central Pond
HF,52800.0,9.551748121042907,142.0975,142.1037,52109.0,61388.0,Echolocation,Pipistrellus pipistrellus,0.232,0.329,-1,192000.0,/mnt/ubna_data_05/recover-20250317/UBNA_026/20250314_033000.WAV,recover-20250317,UBNA_026,Central Pond
HF,51840.0,6.370294739424196,142.1705,142.1745,45234.0,61191.0,Echolocation,Myotis alcathoe,0.16,0.397,-1,192000.0,/mnt/ubna_data_05/recover-20250317/UBNA_026/20250314_033000.WAV,recover-20250317,UBNA_026,Central Pond
HF,52800.0,9.939361622299923,142.2415,142.2461,50390.0,60363.0,Echolocation,Pipistrellus pipistrellus,0.281,0.387,-1,192000.0,/mnt/ubna_data_05/recover-20250317/UBNA_026/20250314_033000.WAV,recover-20250317,UBNA_026,Central Pond
HF,49920.0,0.938941844058263,146.4735,146.4787,49531.0,57639.0,Echolocation,Pipistrellus pipistrellus,0.217,0.231,-1,192000.0,/mnt/ubna_data_05/recover-20250317/UBNA_026/20250314_033000.WAV,recover-20250317,UBNA_026,Central Pond
HF,49920.0,3.6805811071295413,146.5845,146.5887,46953.0,57953.0,Echolocation,Pipistrellus pipistrellus,0.381,0.418,-1,192000.0,/mnt/ubna_data_05/recover-20250317/UBNA_026/20250314_033000.WAV,recover-20250317,UBNA_026,Central Pond
HF,47040.0,3.249299677531873,146.9655,146.9701,46093.0,58371.0,Echolocation,Pipistrellus pipistrellus,0.174,0.317,-1,192000.0,/mnt/ubna_data_05/recover-20250317/UBNA_026/20250314_033000.WAV,recover-20250317,UBNA_026,Central Pond
HF,46080.0,2.834140132476899,147.6335,147.63830000000002,45234.0,56367.0,Echolocation,Pipistrellus pipistrellus,0.366,0.401,-1,192000.0,/mnt/ubna_data_05/recover-20250317/UBNA_026/20250314_033000.WAV,recover-20250317,UBNA_026,Central Pond
HF,48000.0,8.466443888588792,147.7045,147.709,46953.0,61683.0,Echolocation,Pipistrellus pipistrellus,0.397,0.546,-1,192000.0,/mnt/ubna_data_05/recover-20250317/UBNA_026/20250314_033000.WAV,recover-20250317,UBNA_026,Central Pond
HF,52800.0,6.235083742721629,147.7835,147.7882,45234.0,61652.0,Echolocation,Pipistrellus pipistrellus,0.289,0.566,-1,192000.0,/mnt/ubna_data_05/recover-20250317/UBNA_026/20250314_033000.WAV,recover-20250317,UBNA_026,Central Pond
HF,51840.0,7.907610838159897,147.8605,147.8671,51250.0,57521.0,Echolocation,Pipistrellus pipistrellus,0.197,0.313,-1,192000.0,/mnt/ubna_data_05/recover-20250317/UBNA_026/20250314_033000.WAV,recover-20250317,UBNA_026,Central Pond
HF,52800.0,8.690651830900675,147.9375,147.9419,43515.0,56989.0,Echolocation,Pipistrellus pipistrellus,0.211,0.502,-1,192000.0,/mnt/ubna_data_05/recover-20250317/UBNA_026/20250314_033000.WAV,recover-20250317,UBNA_026,Central Pond
HF,47040.0,5.530587228377777,148.0155,148.0187,42656.0,61666.0,Echolocation,Myotis mystacinus,0.195,0.338,-1,192000.0,/mnt/ubna_data_05/recover-20250317/UBNA_026/20250314_033000.WAV,recover-20250317,UBNA_026,Central Pond
HF,51840.0,6.856059508533987,148.0815,148.0852,42656.0,60567.0,Echolocation,Myotis mystacinus,0.183,0.395,-1,192000.0,/mnt/ubna_data_05/recover-20250317/UBNA_026/20250314_033000.WAV,recover-20250317,UBNA_026,Central Pond
HF,52800.0,8.05724527275382,148.1475,148.1508,46093.0,61110.0,Echolocation,Myotis mystacinus,0.244,0.38,-1,192000.0,/mnt/ubna_data_05/recover-20250317/UBNA_026/20250314_033000.WAV,recover-20250317,UBNA_026,Central Pond
HF,52800.0,7.699918702909276,148.2225,148.2255,47812.0,57396.0,Echolocation,Pipistrellus pipistrellus,0.151,0.393,-1,192000.0,/mnt/ubna_data_05/recover-20250317/UBNA_026/20250314_033000.WAV,recover-20250317,UBNA_026,Central Pond
HF,52800.0,10.354035424296207,148.2985,148.3028,50390.0,58722.0,Echolocation,Pipistrellus pipistrellus,0.12,0.208,-1,192000.0,/mnt/ubna_data_05/recover-20250317/UBNA_026/20250314_033000.WAV,recover-20250317,UBNA_026,Central Pond
HF,52800.0,8.147110592754418,148.2985,148.30349999999999,45234.0,59324.0,Echolocation,Pipistrellus pipistrellus,0.074,0.282,-1,192000.0,/mnt/ubna_data_05/recover-20250317/UBNA_026/20250314_033000.WAV,recover-20250317,UBNA_026,Central Pond
HF,45120.0,2.385417483823911,148.3645,148.3689,44375.0,52105.0,Echolocation,Pipistrellus pipistrellus,0.268,0.335,-1,192000.0,/mnt/ubna_data_05/recover-20250317/UBNA_026/20250314_033000.WAV,recover-20250317,UBNA_026,Central Pond
HF,52800.0,7.622475145665531,148.4925,148.4997,50390.0,60769.0,Echolocation,Pipistrellus pipistrellus,0.128,0.278,-1,192000.0,/mnt/ubna_data_05/recover-20250317/UBNA_026/20250314_033000.WAV,recover-20250317,UBNA_026,Central Pond
HF,46080.0,6.28214945900295,148.57150000000001,148.5747,45234.0,59265.0,Echolocation,Myotis mystacinus,0.16,0.405,-1,192000.0,/mnt/ubna_data_05/recover-20250317/UBNA_026/20250314_033000.WAV,recover-20250317,UBNA_026,Central Pond
HF,52800.0,8.146817670018706,148.64249999999998,148.6462,42656.0,59951.0,Echolocation,Myotis mystacinus,0.11,0.286,-1,192000.0,/mnt/ubna_data_05/recover-20250317/UBNA_026/20250314_033000.WAV,recover-20250317,UBNA_026,Central Pond
HF,52800.0,7.3827499289647385,148.7055,148.7094,45234.0,60786.0,Echolocation,Myotis alcathoe,0.117,0.336,-1,192000.0,/mnt/ubna_data_05/recover-20250317/UBNA_026/20250314_033000.WAV,recover-20250317,UBNA_026,Central Pond
HF,52800.0,7.096550004190552,148.7725,148.776,45234.0,63929.0,Echolocation,Myotis alcathoe,0.122,0.331,-1,192000.0,/mnt/ubna_data_05/recover-20250317/UBNA_026/20250314_033000.WAV,recover-20250317,UBNA_026,Central Pond
HF,47040.0,4.996509919440694,149.0285,149.032,44375.0,60579.0,Echolocation,Myotis mystacinus,0.1,0.23,-1,192000.0,/mnt/ubna_data_05/recover-20250317/UBNA_026/20250314_033000.WAV,recover-20250317,UBNA_026,Central Pond
HF,52800.0,7.262937950105387,149.1115,149.1145,45234.0,59594.0,Echolocation,Myotis mystacinus,0.162,0.386,-1,192000.0,/mnt/ubna_data_05/recover-20250317/UBNA_026/20250314_033000.WAV,recover-20250317,UBNA_026,Central Pond
HF,52800.0,7.543528841389761,149.1955,149.20080000000002,48671.0,59791.0,Echolocation,Pipistrellus pipistrellus,0.117,0.242,-1,192000.0,/mnt/ubna_data_05/recover-20250317/UBNA_026/20250314_033000.WAV,recover-20250317,UBNA_026,Central Pond
HF,51840.0,5.6714294776074485,149.2765,149.2792,46953.0,60430.0,Echolocation,Pipistrellus pipistrellus,0.18,0.439,-1,192000.0,/mnt/ubna_data_05/recover-20250317/UBNA_026/20250314_033000.WAV,recover-20250317,UBNA_026,Central Pond
HF,55680.0,9.89910647889975,149.4755,149.4778,47812.0,59514.0,Echolocation,Myotis alcathoe,0.12,0.352,-1,192000.0,/mnt/ubna_data_05/recover-20250317/UBNA_026/20250314_033000.WAV,recover-20250317,UBNA_026,Central Pond
HF,52800.0,8.973278467089568,149.5605,149.5652,50390.0,57968.0,Echolocation,Pipistrellus pipistrellus,0.335,0.461,-1,192000.0,/mnt/ubna_data_05/recover-20250317/UBNA_026/20250314_033000.WAV,recover-20250317,UBNA_026,Central Pond
LF,21120.0,0.8048859436684406,110.4815,110.497,21171.0,27611.0,Echolocation,Nyctalus noctula,0.149,0.244,-1,192000.0,/mnt/ubna_data_05/recover-20250317/UBNA_026/20250314_034000.WAV,recover-20250317,UBNA_026,Central Pond
LF,22080.0,1.7701808714987868,276.7015,276.7178,22031.0,25903.0,Echolocation,Nyctalus leisleri,0.106,0.226,-1,192000.0,/mnt/ubna_data_05/recover-20250317/UBNA_026/20250314_034000.WAV,recover-20250317,UBNA_026,Central Pond
LF,23040.0,-0.23245060439337464,139.9205,139.93540000000002,23750.0,29609.0,Echolocation,Nyctalus leisleri,0.081,0.209,-1,192000.0,/mnt/ubna_data_05/recover-20250317/UBNA_026/20250314_035000.WAV,recover-20250317,UBNA_026,Central Pond
LF,25920.0,0.9608806013211362,255.44650000000001,255.461,26328.0,30558.0,Echolocation,Nyctalus leisleri,0.179,0.305,-1,192000.0,/mnt/ubna_data_05/recover-20250317/UBNA_026/20250314_035000.WAV,recover-20250317,UBNA_026,Central Pond
LF,20160.0,0.0931585953841608,158.4675,158.4906,21171.0,24964.0,Echolocation,Nyctalus noctula,0.129,0.246,-1,192000.0,/mnt/ubna_data_05/recover-20250317/UBNA_026/20250314_041000.WAV,recover-20250317,UBNA_026,Central Pond
LF,23040.0,-0.8798896767115922,91.7755,91.7854,23750.0,31381.0,Echolocation,Eptesicus serotinus,0.087,0.206,-1,192000.0,/mnt/ubna_data_05/recover-20250317/UBNA_026/20250314_042000.WAV,recover-20250317,UBNA_026,Central Pond
LF,21120.0,0.34001989565288354,16.6195,16.6367,20312.0,24603.0,Echolocation,Nyctalus noctula,0.13,0.205,-1,192000.0,/mnt/ubna_data_05/recover-20250317/UBNA_026/20250314_045000.WAV,recover-20250317,UBNA_026,Central Pond
LF,21120.0,3.260674978098172,180.0275,180.0467,20312.0,24208.0,Echolocation,Nyctalus noctula,0.164,0.268,-1,192000.0,/mnt/ubna_data_05/recover-20250317/UBNA_026/20250314_045000.WAV,recover-20250317,UBNA_026,Central Pond
LF,22080.0,0.5575414750475947,251.5765,251.5944,22031.0,26003.0,Echolocation,Nyctalus leisleri,0.119,0.213,-1,192000.0,/mnt/ubna_data_05/recover-20250317/UBNA_026/20250314_045000.WAV,recover-20250317,UBNA_026,Central Pond
LF,22080.0,0.2539093036802168,93.3485,93.3597,22031.0,29352.0,Echolocation,Nyctalus noctula,0.1,0.236,-1,192000.0,/mnt/ubna_data_05/recover-20250317/UBNA_026/20250314_050000.WAV,recover-20250317,UBNA_026,Central Pond
LF,21120.0,-1.0073206075078212,94.6175,94.638,21171.0,24928.0,Echolocation,Nyctalus noctula,0.124,0.243,-1,192000.0,/mnt/ubna_data_05/recover-20250317/UBNA_026/20250314_050000.WAV,recover-20250317,UBNA_026,Central Pond
LF,22080.0,-0.43570748540918086,280.3615,280.3719,22890.0,29931.0,Echolocation,Eptesicus serotinus,0.084,0.224,-1,192000.0,/mnt/ubna_data_05/recover-20250317/UBNA_026/20250314_051000.WAV,recover-20250317,UBNA_026,Central Pond
LF,23040.0,0.8144095965504838,65.5885,65.6052,22890.0,26597.0,Echolocation,Nyctalus leisleri,0.17,0.258,-1,192000.0,/mnt/ubna_data_05/recover-20250317/UBNA_026/20250314_052000.WAV,recover-20250317,UBNA_026,Central Pond
LF,21120.0,5.08292758006831,86.0445,86.0667,20312.0,23299.0,Echolocation,Nyctalus noctula,0.126,0.206,-1,192000.0,/mnt/ubna_data_05/recover-20250317/UBNA_026/20250314_052000.WAV,recover-20250317,UBNA_026,Central Pond
LF,19200.0,0.16947885415112918,86.5855,86.61070000000001,16875.0,20153.0,Echolocation,Nyctalus noctula,0.175,0.245,-1,192000.0,/mnt/ubna_data_05/recover-20250317/UBNA_026/20250314_052000.WAV,recover-20250317,UBNA_026,Central Pond
LF,24960.0,1.0948946717029908,160.6875,160.7019,23750.0,28302.0,Echolocation,Nyctalus leisleri,0.149,0.269,-1,192000.0,/mnt/ubna_data_05/recover-20250317/UBNA_026/20250314_052000.WAV,recover-20250317,UBNA_026,Central Pond
LF,24000.0,-0.16371696927912516,156.4655,156.4789,23750.0,28078.0,Echolocation,Nyctalus leisleri,0.089,0.201,-1,192000.0,/mnt/ubna_data_05/recover-20250317/UBNA_026/20250314_053000.WAV,recover-20250317,UBNA_026,Central Pond
LF,23040.0,0.2724475200184747,209.9675,209.9839,22890.0,27057.0,Echolocation,Nyctalus leisleri,0.096,0.208,-1,192000.0,/mnt/ubna_data_05/recover-20250317/UBNA_026/20250314_053000.WAV,recover-20250317,UBNA_026,Central Pond
HF,42240.0,1.7226264420793183,221.17849999999999,221.1966,41796.0,45526.0,Echolocation,Pipistrellus pipistrellus,0.157,0.232,-1,192000.0,/mnt/ubna_data_05/recover-20250317/UBNA_026/20250314_054000.WAV,recover-20250317,UBNA_026,Central Pond
LF,23040.0,1.4744948021739337,224.6145,224.6254,23750.0,30514.0,Echolocation,Eptesicus serotinus,0.087,0.252,-1,192000.0,/mnt/ubna_data_05/recover-20250317/UBNA_026/20250314_054000.WAV,recover-20250317,UBNA_026,Central Pond
LF,21120.0,0.5881729372924828,10.9265,10.9484,20312.0,23441.0,Echolocation,Nyctalus noctula,0.105,0.207,-1,192000.0,/mnt/ubna_data_05/recover-20250317/UBNA_026/20250314_055000.WAV,recover-20250317,UBNA_026,Central Pond
LF,29760.0,1.5994537794781796,6.2265,6.2365,28046.0,35741.0,Echolocation,Eptesicus serotinus,0.157,0.22,-1,192000.0,/mnt/ubna_data_05/recover-20250317/UBNA_026/20250314_062000.WAV,recover-20250317,UBNA_026,Central Pond
HF,44160.0,0.6922179588014926,127.5495,127.5622,43515.0,47074.0,Echolocation,Pipistrellus pipistrellus,0.173,0.204,-1,192000.0,/mnt/ubna_data_05/recover-20250317/UBNA_026/20250314_064000.WAV,recover-20250317,UBNA_026,Central Pond
LF,23040.0,0.512251269524061,66.3445,66.3614,23750.0,27955.0,Echolocation,Nyctalus leisleri,0.112,0.202,-1,192000.0,/mnt/ubna_data_05/recover-20250317/UBNA_026/20250314_065000.WAV,recover-20250317,UBNA_026,Central Pond
LF,23040.0,1.377013189772913,69.3305,69.3436,22890.0,26599.0,Echolocation,Nyctalus leisleri,0.1,0.201,-1,192000.0,/mnt/ubna_data_05/recover-20250317/UBNA_026/20250314_065000.WAV,recover-20250317,UBNA_026,Central Pond
LF,27840.0,0.39024336294992445,263.6955,263.7042,26328.0,33921.0,Echolocation,Eptesicus serotinus,0.167,0.278,-1,192000.0,/mnt/ubna_data_05/recover-20250317/UBNA_026/20250314_065000.WAV,recover-20250317,UBNA_026,Central Pond
HF,43200.0,0.8788994233317188,140.4885,140.4995,38359.0,43530.0,Echolocation,Pipistrellus nathusii,0.165,0.209,-1,192000.0,/mnt/ubna_data_05/recover-20250317/UBNA_026/20250314_072000.WAV,recover-20250317,UBNA_026,Central Pond
LF,21120.0,0.2844093186842737,182.0985,182.1195,19453.0,22685.0,Echolocation,Nyctalus noctula,0.214,0.346,-1,192000.0,/mnt/ubna_data_05/recover-20250317/UBNA_026/20250314_075000.WAV,recover-20250317,UBNA_026,Central Pond
LF,21120.0,0.19449769268630346,194.1255,194.1456,21171.0,25542.0,Echolocation,Nyctalus noctula,0.131,0.23,-1,192000.0,/mnt/ubna_data_05/recover-20250317/UBNA_026/20250314_075000.WAV,recover-20250317,UBNA_026,Central Pond
LF,24000.0,0.8428605220438313,206.5765,206.5904,23750.0,29212.0,Echolocation,Nyctalus leisleri,0.093,0.209,-1,192000.0,/mnt/ubna_data_05/recover-20250317/UBNA_026/20250314_075000.WAV,recover-20250317,UBNA_026,Central Pond
LF,22080.0,3.0630629655467483,70.1795,70.19839999999999,20312.0,24575.0,Echolocation,Nyctalus noctula,0.12,0.208,-1,192000.0,/mnt/ubna_data_05/recover-20250317/UBNA_026/20250314_080000.WAV,recover-20250317,UBNA_026,Central Pond
LF,24960.0,-0.6691503489476442,289.8495,289.8611,24609.0,29425.0,Echolocation,Nyctalus leisleri,0.125,0.286,-1,192000.0,/mnt/ubna_data_05/recover-20250317/UBNA_026/20250314_081000.WAV,recover-20250317,UBNA_026,Central Pond
LF,21120.0,0.8032427977476928,66.5005,66.5183,22031.0,26450.0,Echolocation,Nyctalus noctula,0.097,0.232,-1,192000.0,/mnt/ubna_data_05/recover-20250317/UBNA_026/20250314_083000.WAV,recover-20250317,UBNA_026,Central Pond
LF,28800.0,0.7190768175316806,134.3255,134.3371,26328.0,31946.0,Echolocation,Eptesicus serotinus,0.111,0.211,-1,192000.0,/mnt/ubna_data_05/recover-20250317/UBNA_026/20250314_083000.WAV,recover-20250317,UBNA_026,Central Pond
LF,22080.0,-2.9520915983065406,267.0885,267.1116,21171.0,24931.0,Echolocation,Nyctalus noctula,0.123,0.213,-1,192000.0,/mnt/ubna_data_05/recover-20250317/UBNA_026/20250314_083000.WAV,recover-20250317,UBNA_026,Central Pond
LF,29760.0,0.9285191505721934,22.3175,22.3281,27187.0,33759.0,Echolocation,Eptesicus serotinus,0.174,0.288,-1,192000.0,/mnt/ubna_data_05/recover-20250317/UBNA_026/20250314_084000.WAV,recover-20250317,UBNA_026,Central Pond
HF,48960.0,2.194450469581471,54.6015,54.6149,47812.0,51546.0,Echolocation,Pipistrellus pipistrellus,0.192,0.211,-1,192000.0,/mnt/ubna_data_05/recover-20250317/UBNA_026/20250314_084000.WAV,recover-20250317,UBNA_026,Central Pond
LF,22080.0,0.4642066712447602,238.2805,238.2972,22890.0,25887.0,Echolocation,Nyctalus leisleri,0.153,0.201,-1,192000.0,/mnt/ubna_data_05/recover-20250317/UBNA_026/20250314_084000.WAV,recover-20250317,UBNA_026,Central Pond
LF,22080.0,0.7828924019602879,131.0365,131.054,22031.0,25889.0,Echolocation,Nyctalus leisleri,0.112,0.205,-1,192000.0,/mnt/ubna_data_05/recover-20250317/UBNA_026/20250314_085000.WAV,recover-20250317,UBNA_026,Central Pond
LF,22080.0,1.8803955357188658,234.69650000000001,234.7097,22031.0,27220.0,Echolocation,Nyctalus leisleri,0.087,0.209,-1,192000.0,/mnt/ubna_data_05/recover-20250317/UBNA_026/20250314_090000.WAV,recover-20250317,UBNA_026,Central Pond
LF,21120.0,1.2225194195936269,50.941500000000005,50.960899999999995,21171.0,24706.0,Echolocation,Nyctalus noctula,0.1,0.207,-1,192000.0,/mnt/ubna_data_05/recover-20250317/UBNA_026/20250314_091000.WAV,recover-20250317,UBNA_026,Central Pond
LF,21120.0,1.4350538361899792,185.7885,185.8107,20312.0,23245.0,Echolocation,Nyctalus leisleri,0.119,0.204,-1,192000.0,/mnt/ubna_data_05/recover-20250317/UBNA_026/20250314_091000.WAV,recover-20250317,UBNA_026,Central Pond
LF,22080.0,0.11582757003579328,290.9465,290.96320000000003,22031.0,25939.0,Echolocation,Nyctalus leisleri,0.104,0.245,-1,192000.0,/mnt/ubna_data_05/recover-20250317/UBNA_026/20250314_091000.WAV,recover-20250317,UBNA_026,Central Pond
LF,24960.0,0.6490701692662603,15.7975,15.8086,25468.0,31475.0,Echolocation,Eptesicus serotinus,0.122,0.252,-1,192000.0,/mnt/ubna_data_05/recover-20250317/UBNA_026/20250314_092000.WAV,recover-20250317,UBNA_026,Central Pond
LF,27840.0,2.1046586141760186,157.7995,157.8041,23750.0,39998.0,Echolocation,Plecotus auritus,0.174,0.288,-1,192000.0,/mnt/ubna_data_05/recover-20250317/UBNA_026/20250314_092000.WAV,recover-20250317,UBNA_026,Central Pond
HF,45120.0,2.12038713129381,162.5635,162.5681,35781.0,47288.0,Echolocation,Myotis daubentonii,0.166,0.222,-1,192000.0,/mnt/ubna_data_05/recover-20250317/UBNA_026/20250314_092000.WAV,recover-20250317,UBNA_026,Central Pond
LF,21120.0,-0.10195575919617623,149.6595,149.6773,20312.0,23799.0,Echolocation,Nyctalus noctula,0.126,0.219,-1,192000.0,/mnt/ubna_data_05/recover-20250317/UBNA_026/20250314_093000.WAV,recover-20250317,UBNA_026,Central Pond
LF,23040.0,4.701487073335034,78.6125,78.6258,22890.0,28307.0,Echolocation,Nyctalus leisleri,0.074,0.204,-1,192000.0,/mnt/ubna_data_05/recover-20250317/UBNA_026/20250314_094000.WAV,recover-20250317,UBNA_026,Central Pond
LF,29760.0,0.12001899692310879,41.3175,41.3283,29765.0,36034.0,Echolocation,Eptesicus serotinus,0.173,0.321,-1,192000.0,/mnt/ubna_data_05/recover-20250317/UBNA_026/20250314_100000.WAV,recover-20250317,UBNA_026,Central Pond
LF,18240.0,0.9412448476723814,18.6445,18.6593,11718.0,18103.0,Echolocation,Nyctalus leisleri,0.169,0.273,-1,192000.0,/mnt/ubna_data_05/recover-20250317/UBNA_026/20250314_102000.WAV,recover-20250317,UBNA_026,Central Pond
LF,23040.0,0.14406903737054433,83.6865,83.6989,22890.0,27405.0,Echolocation,Nyctalus leisleri,0.159,0.364,-1,192000.0,/mnt/ubna_data_05/recover-20250317/UBNA_026/20250314_104000.WAV,recover-20250317,UBNA_026,Central Pond
LF,21120.0,1.3065504289118093,161.3505,161.3691,20312.0,23750.0,Echolocation,Nyctalus leisleri,0.186,0.288,-1,192000.0,/mnt/ubna_data_05/recover-20250317/UBNA_026/20250314_110000.WAV,recover-20250317,UBNA_026,Central Pond
LF,29760.0,1.0911404484103686,210.9845,210.9969,28906.0,33120.0,Echolocation,Eptesicus serotinus,0.119,0.235,-1,192000.0,/mnt/ubna_data_05/recover-20250317/UBNA_026/20250314_110000.WAV,recover-20250317,UBNA_026,Central Pond
HF,72000.0,0.04689548234186808,188.0585,188.1085,68437.0,83865.0,Echolocation,Rhinolophus ferrumequinum,0.213,0.213,-1,192000.0,/mnt/ubna_data_05/recover-20250317/UBNA_026/20250314_111000.WAV,recover-20250317,UBNA_026,Central Pond
LF,27840.0,0.4147056456547749,105.0025,105.0142,28046.0,32991.0,Echolocation,Nyctalus leisleri,0.117,0.22,-1,192000.0,/mnt/ubna_data_05/recover-20250317/UBNA_026/20250314_112000.WAV,recover-20250317,UBNA_026,Central Pond
LF,21120.0,1.1879490927233682,163.5905,163.6072,22031.0,26056.0,Echolocation,Nyctalus leisleri,0.109,0.223,-1,192000.0,/mnt/ubna_data_05/recover-20250317/UBNA_026/20250314_113000.WAV,recover-20250317,UBNA_026,Central Pond
LF,24960.0,0.16116029572940188,254.9365,254.9485,25468.0,30445.0,Echolocation,Nyctalus leisleri,0.131,0.263,-1,192000.0,/mnt/ubna_data_05/recover-20250317/UBNA_026/20250314_113000.WAV,recover-20250317,UBNA_026,Central Pond
LF,21120.0,0.3223585408350219,236.7765,236.7937,22031.0,26328.0,Echolocation,Nyctalus leisleri,0.1,0.202,-1,192000.0,/mnt/ubna_data_05/recover-20250317/UBNA_026/20250314_114000.WAV,recover-20250317,UBNA_026,Central Pond
LF,26880.0,1.1789392416235576,118.5565,118.5723,26328.0,30790.0,Echolocation,Nyctalus leisleri,0.163,0.264,-1,192000.0,/mnt/ubna_data_05/recover-20250317/UBNA_026/20250314_123000.WAV,recover-20250317,UBNA_026,Central Pond
LF,28800.0,1.1556792978661266,164.8465,164.8529,27187.0,37164.0,Echolocation,Plecotus auritus,0.079,0.211,-1,192000.0,/mnt/ubna_data_05/recover-20250317/UBNA_026/20250314_123000.WAV,recover-20250317,UBNA_026,Central Pond
LF,20160.0,0.542629947786037,32.9015,32.9218,20312.0,23242.0,Echolocation,Nyctalus leisleri,0.134,0.272,-1,192000.0,/mnt/ubna_data_05/recover-20250317/UBNA_026/20250314_130000.WAV,recover-20250317,UBNA_026,Central Pond
LF,20160.0,1.361089817472033,188.4275,188.4483,20312.0,23680.0,Echolocation,Nyctalus noctula,0.16,0.246,-1,192000.0,/mnt/ubna_data_05/recover-20250317/UBNA_026/20250314_133000.WAV,recover-20250317,UBNA_026,Central Pond
LF,21120.0,1.6619201742224046,20.5705,20.5915,20312.0,23423.0,Echolocation,Nyctalus noctula,0.163,0.266,-1,192000.0,/mnt/ubna_data_05/recover-20250317/UBNA_026/20250314_140000.WAV,recover-20250317,UBNA_026,Central Pond
LF,21120.0,2.1061130799573706,34.3565,34.3762,20312.0,24752.0,Echolocation,Nyctalus noctula,0.228,0.315,-1,192000.0,/mnt/ubna_data_05/recover-20250317/UBNA_026/20250314_140000.WAV,recover-20250317,UBNA_026,Central Pond
LF,20160.0,1.0317046172643374,34.6385,34.661,19453.0,21990.0,Echolocation,Nyctalus noctula,0.281,0.41,-1,192000.0,/mnt/ubna_data_05/recover-20250317/UBNA_026/20250314_140000.WAV,recover-20250317,UBNA_026,Central Pond
LF,21120.0,3.436212524673439,80.39150000000001,80.4081,20312.0,23868.0,Echolocation,Nyctalus noctula,0.258,0.382,-1,192000.0,/mnt/ubna_data_05/recover-20250317/UBNA_026/20250314_140000.WAV,recover-20250317,UBNA_026,Central Pond
LF,20160.0,2.9803894564916695,80.5245,80.54599999999999,20312.0,23742.0,Echolocation,Nyctalus noctula,0.21,0.374,-1,192000.0,/mnt/ubna_data_05/recover-20250317/UBNA_026/20250314_140000.WAV,recover-20250317,UBNA_026,Central Pond
LF,21120.0,1.4327465574250198,80.6615,80.6815,19453.0,23388.0,Echolocation,Nyctalus noctula,0.213,0.409,-1,192000.0,/mnt/ubna_data_05/recover-20250317/UBNA_026/20250314_140000.WAV,recover-20250317,UBNA_026,Central Pond
LF,29760.0,2.6354977152101364,298.3695,298.3874,28046.0,32851.0,Echolocation,Eptesicus serotinus,0.099,0.211,-1,192000.0,/mnt/ubna_data_05/recover-20250317/UBNA_026/20250314_140000.WAV,recover-20250317,UBNA_026,Central Pond
LF,26880.0,3.4204278827578607,298.7075,298.7254,28046.0,32439.0,Echolocation,Nyctalus leisleri,0.163,0.298,-1,192000.0,/mnt/ubna_data_05/recover-20250317/UBNA_026/20250314_140000.WAV,recover-20250317,UBNA_026,Central Pond
LF,22080.0,7.250361589864953,299.3185,299.3412,22031.0,24623.0,Echolocation,Nyctalus leisleri,0.27,0.284,-1,192000.0,/mnt/ubna_data_05/recover-20250317/UBNA_026/20250314_140000.WAV,recover-20250317,UBNA_026,Central Pond
LF,22080.0,4.164805304618079,299.4365,299.4596,21171.0,24945.0,Echolocation,Nyctalus leisleri,0.138,0.22,-1,192000.0,/mnt/ubna_data_05/recover-20250317/UBNA_026/20250314_140000.WAV,recover-20250317,UBNA_026,Central Pond
LF,22080.0,5.50294046943316,299.5655,299.5923,20312.0,23960.0,Echolocation,Nyctalus leisleri,0.129,0.202,-1,192000.0,/mnt/ubna_data_05/recover-20250317/UBNA_026/20250314_140000.WAV,recover-20250317,UBNA_026,Central Pond
LF,29760.0,1.7015068278003742,119.0725,119.0806,28046.0,40271.0,Echolocation,Eptesicus serotinus,0.148,0.203,-1,192000.0,/mnt/ubna_data_05/recover-20250317/UBNA_026/20250314_143000.WAV,recover-20250317,UBNA_026,Central Pond
LF,20160.0,2.920045166205063,14.7255,14.7354,17734.0,25369.0,Echolocation,Nyctalus noctula,0.115,0.24,-1,192000.0,/mnt/ubna_data_05/recover-20250317/UBNA_026/20250314_144000.WAV,recover-20250317,UBNA_026,Central Pond
LF,20160.0,10.21409639848641,37.4895,37.5088,18593.0,22100.0,Echolocation,Nyctalus noctula,0.206,0.355,-1,192000.0,/mnt/ubna_data_05/recover-20250317/UBNA_026/20250314_145000.WAV,recover-20250317,UBNA_026,Central Pond
LF,16320.0,3.5959336124036927,184.7715,184.7833,11718.0,20687.0,Echolocation,Eptesicus serotinus,0.103,0.21,-1,192000.0,/mnt/ubna_data_05/recover-20250317/UBNA_026/20250314_150000.WAV,recover-20250317,UBNA_026,Central Pond
LF,29760.0,3.003837776349262,62.341499999999996,62.3602,29765.0,33521.0,Echolocation,Nyctalus leisleri,0.103,0.211,-1,192000.0,/mnt/ubna_data_05/recover-20250317/UBNA_026/20250314_153000.WAV,recover-20250317,UBNA_026,Central Pond
LF,19200.0,4.763677885439383,298.1635,298.188,17734.0,20747.0,Echolocation,Nyctalus noctula,0.242,0.344,-1,192000.0,/mnt/ubna_data_05/recover-20250317/UBNA_026/20250314_154000.WAV,recover-20250317,UBNA_026,Central Pond
LF,21120.0,8.09442838754192,298.8595,298.8793,19453.0,23397.0,Echolocation,Nyctalus noctula,0.148,0.283,-1,192000.0,/mnt/ubna_data_05/recover-20250317/UBNA_026/20250314_154000.WAV,recover-20250317,UBNA_026,Central Pond
LF,20160.0,5.732478380146509,299.4905,299.5109,18593.0,22819.0,Echolocation,Nyctalus noctula,0.207,0.283,-1,192000.0,/mnt/ubna_data_05/recover-20250317/UBNA_026/20250314_154000.WAV,recover-20250317,UBNA_026,Central Pond
LF,20160.0,2.695471217702152,7.2785,7.3008,19453.0,22909.0,Echolocation,Nyctalus noctula,0.219,0.318,-1,192000.0,/mnt/ubna_data_05/recover-20250317/UBNA_026/20250314_155000.WAV,recover-20250317,UBNA_026,Central Pond
LF,23040.0,0.12733815287325734,74.2475,74.2631,22031.0,26975.0,Echolocation,Nyctalus leisleri,0.206,0.396,-1,192000.0,/mnt/ubna_data_05/recover-20250317/UBNA_026/20250314_155000.WAV,recover-20250317,UBNA_026,Central Pond
LF,20160.0,2.6605817191145578,76.3235,76.3489,19453.0,22342.0,Echolocation,Nyctalus noctula,0.142,0.251,-1,192000.0,/mnt/ubna_data_05/recover-20250317/UBNA_026/20250314_155000.WAV,recover-20250317,UBNA_026,Central Pond
LF,21120.0,1.2699736080663082,98.4595,98.478,21171.0,24769.0,Echolocation,Nyctalus noctula,0.104,0.209,-1,192000.0,/mnt/ubna_data_05/recover-20250317/UBNA_026/20250314_155000.WAV,recover-20250317,UBNA_026,Central Pond
LF,21120.0,0.23051064333915158,99.8095,99.8272,21171.0,24954.0,Echolocation,Nyctalus noctula,0.113,0.201,-1,192000.0,/mnt/ubna_data_05/recover-20250317/UBNA_026/20250314_155000.WAV,recover-20250317,UBNA_026,Central Pond
HF,42240.0,3.937404063036214,147.5075,147.523,41796.0,44278.0,Echolocation,Pipistrellus nathusii,0.161,0.25,-1,192000.0,/mnt/ubna_data_05/recover-20250317/UBNA_026/20250314_155000.WAV,recover-20250317,UBNA_026,Central Pond
LF,20160.0,-0.1895585008245863,113.0145,113.0384,18593.0,21482.0,Echolocation,Nyctalus noctula,0.141,0.21,-1,192000.0,/mnt/ubna_data_05/recover-20250317/UBNA_026/20250314_160000.WAV,recover-20250317,UBNA_026,Central Pond
HF,45120.0,1.9587660341168698,133.7875,133.8042,44375.0,47562.0,Echolocation,Pipistrellus pipistrellus,0.203,0.247,-1,192000.0,/mnt/ubna_data_05/recover-20250317/UBNA_026/20250314_170000.WAV,recover-20250317,UBNA_026,Central Pond
LF,26880.0,0.6111027108412829,289.64549999999997,289.6563,25468.0,31159.0,Echolocation,Eptesicus serotinus,0.124,0.242,-1,192000.0,/mnt/ubna_data_05/recover-20250317/UBNA_026/20250314_172000.WAV,recover-20250317,UBNA_026,Central Pond
LF,23040.0,-0.48871803882412157,226.41649999999998,226.4325,23750.0,28102.0,Echolocation,Nyctalus leisleri,0.114,0.216,-1,192000.0,/mnt/ubna_data_05/recover-20250317/UBNA_026/20250314_174000.WAV,recover-20250317,UBNA_026,Central Pond
HF,46080.0,3.3205334080527242,87.38550000000001,87.40129999999999,46093.0,48286.0,Echolocation,Pipistrellus pipistrellus,0.19,0.231,-1,192000.0,/mnt/ubna_data_05/recover-20250317/UBNA_026/20250314_175000.WAV,recover-20250317,UBNA_026,Central Pond
LF,22080.0,0.2991828751498208,86.6365,86.6529,22890.0,26137.0,Echolocation,Nyctalus leisleri,0.15,0.211,-1,192000.0,/mnt/ubna_data_05/recover-20250317/UBNA_026/20250314_181000.WAV,recover-20250317,UBNA_026,Central Pond
HF,44160.0,3.189646979358755,17.0295,17.0328,25468.0,57092.0,Echolocation,Myotis nattereri,0.165,0.223,-1,192000.0,/mnt/ubna_data_05/recover-20250317/UBNA_026/20250314_184000.WAV,recover-20250317,UBNA_026,Central Pond
LF,21120.0,0.027704584187347808,217.1865,217.21,18593.0,21745.0,Echolocation,Nyctalus noctula,0.136,0.204,-1,192000.0,/mnt/ubna_data_05/recover-20250317/UBNA_026/20250314_185000.WAV,recover-20250317,UBNA_026,Central Pond
LF,28800.0,0.1640347603034174,271.0295,271.039,26328.0,33179.0,Echolocation,Eptesicus serotinus,0.125,0.214,-1,192000.0,/mnt/ubna_data_05/recover-20250317/UBNA_026/20250314_185000.WAV,recover-20250317,UBNA_026,Central Pond
HF,51840.0,1.733360363582606,58.5015,58.5128,51250.0,55293.0,Echolocation,Pipistrellus pipistrellus,0.147,0.249,-1,192000.0,/mnt/ubna_data_05/recover-20250317/UBNA_026/20250314_190000.WAV,recover-20250317,UBNA_026,Central Pond
LF,21120.0,1.1801897143395297,105.3325,105.3528,20312.0,24318.0,Echolocation,Nyctalus noctula,0.135,0.209,-1,192000.0,/mnt/ubna_data_05/recover-20250317/UBNA_026/20250314_190000.WAV,recover-20250317,UBNA_026,Central Pond
LF,23040.0,-0.589136686176107,288.1505,288.1652,23750.0,28144.0,Echolocation,Nyctalus leisleri,0.13,0.252,-1,192000.0,/mnt/ubna_data_05/recover-20250317/UBNA_026/20250314_190000.WAV,recover-20250317,UBNA_026,Central Pond
LF,29760.0,1.5233511712801704,152.1455,152.1569,28906.0,34737.0,Echolocation,Eptesicus serotinus,0.204,0.326,-1,192000.0,/mnt/ubna_data_05/recover-20250317/UBNA_026/20250314_191000.WAV,recover-20250317,UBNA_026,Central Pond
LF,26880.0,0.7677189013691903,157.1205,157.1299,25468.0,32062.0,Echolocation,Eptesicus serotinus,0.1,0.204,-1,192000.0,/mnt/ubna_data_05/recover-20250317/UBNA_026/20250314_192000.WAV,recover-20250317,UBNA_026,Central Pond
LF,20160.0,1.7068369950860929,295.2485,295.2678,20312.0,24367.0,Echolocation,Nyctalus noctula,0.118,0.223,-1,192000.0,/mnt/ubna_data_05/recover-20250317/UBNA_026/20250314_192000.WAV,recover-20250317,UBNA_026,Central Pond
LF,23040.0,1.742982476607367,172.1835,172.19819999999999,22890.0,26190.0,Echolocation,Nyctalus leisleri,0.168,0.237,-1,192000.0,/mnt/ubna_data_05/recover-20250317/UBNA_026/20250314_193000.WAV,recover-20250317,UBNA_026,Central Pond
LF,22080.0,3.4251654123370088,187.6175,187.6327,22031.0,26951.0,Echolocation,Nyctalus leisleri,0.09,0.235,-1,192000.0,/mnt/ubna_data_05/recover-20250317/UBNA_026/20250314_194000.WAV,recover-20250317,UBNA_026,Central Pond
LF,22080.0,7.038385337948128,57.335499999999996,57.3398,18593.0,32788.0,Echolocation,Plecotus austriacus,0.255,0.351,-1,192000.0,/mnt/ubna_data_05/recover-20250317/UBNA_026/20250314_200000.WAV,recover-20250317,UBNA_026,Central Pond
LF,22080.0,0.8981542892849314,27.8225,27.8433,21171.0,25049.0,Echolocation,Nyctalus leisleri,0.127,0.275,-1,192000.0,/mnt/ubna_data_05/recover-20250317/UBNA_026/20250314_201000.WAV,recover-20250317,UBNA_026,Central Pond
LF,20160.0,0.9748820449799843,79.1615,79.1833,18593.0,22164.0,Echolocation,Nyctalus noctula,0.192,0.267,-1,192000.0,/mnt/ubna_data_05/recover-20250317/UBNA_026/20250314_203000.WAV,recover-20250317,UBNA_026,Central Pond
LF,22080.0,10.892858137757692,214.0705,214.0751,18593.0,38867.0,Echolocation,Plecotus austriacus,0.146,0.22,-1,192000.0,/mnt/ubna_data_05/recover-20250317/UBNA_026/20250314_203000.WAV,recover-20250317,UBNA_026,Central Pond
LF,22080.0,6.426866160558998,7.6025,7.6078,19453.0,31729.0,Echolocation,Plecotus austriacus,0.168,0.216,-1,192000.0,/mnt/ubna_data_05/recover-20250317/UBNA_026/20250314_204000.WAV,recover-20250317,UBNA_026,Central Pond
LF,20160.0,0.6469925169173486,45.5995,45.6224,18593.0,21879.0,Echolocation,Nyctalus noctula,0.142,0.205,-1,192000.0,/mnt/ubna_data_05/recover-20250317/UBNA_026/20250314_204000.WAV,recover-20250317,UBNA_026,Central Pond
LF,21120.0,0.08413479481017672,143.3965,143.4156,21171.0,24873.0,Echolocation,Nyctalus noctula,0.151,0.298,-1,192000.0,/mnt/ubna_data_05/recover-20250317/UBNA_026/20250314_204000.WAV,recover-20250317,UBNA_026,Central Pond
HF,49920.0,1.083055049462527,143.6365,143.648,50390.0,53852.0,Echolocation,Pipistrellus pipistrellus,0.16,0.204,-1,192000.0,/mnt/ubna_data_05/recover-20250317/UBNA_026/20250314_204000.WAV,recover-20250317,UBNA_026,Central Pond
LF,22080.0,1.1605932019903817,165.05349999999999,165.0678,22890.0,27139.0,Echolocation,Nyctalus leisleri,0.129,0.249,-1,192000.0,/mnt/ubna_data_05/recover-20250317/UBNA_026/20250314_204000.WAV,recover-20250317,UBNA_026,Central Pond
LF,21120.0,0.8761907742780749,1.0485,1.0695,19453.0,22657.0,Echolocation,Nyctalus noctula,0.157,0.243,-1,192000.0,/mnt/ubna_data_05/recover-20250317/UBNA_026/20250314_205000.WAV,recover-20250317,UBNA_026,Central Pond
HF,46080.0,1.7475817589597167,51.7225,51.7322,44375.0,49038.0,Echolocation,Pipistrellus pipistrellus,0.188,0.224,-1,192000.0,/mnt/ubna_data_05/recover-20250317/UBNA_026/20250314_205000.WAV,recover-20250317,UBNA_026,Central Pond
LF,29760.0,0.4536779268800829,137.7455,137.7539,28906.0,37624.0,Echolocation,Eptesicus serotinus,0.205,0.287,-1,192000.0,/mnt/ubna_data_05/recover-20250317/UBNA_026/20250314_205000.WAV,recover-20250317,UBNA_026,Central Pond
LF,23040.0,0.16935429986974815,188.1675,188.1789,22890.0,28731.0,Echolocation,Nyctalus leisleri,0.121,0.351,-1,192000.0,/mnt/ubna_data_05/recover-20250317/UBNA_026/20250314_210000.WAV,recover-20250317,UBNA_026,Central Pond
LF,22080.0,1.2396482363594101,77.6755,77.6905,22890.0,27409.0,Echolocation,Nyctalus leisleri,0.083,0.209,-1,192000.0,/mnt/ubna_data_05/recover-20250317/UBNA_026/20250314_212000.WAV,recover-20250317,UBNA_026,Central Pond
LF,22080.0,1.168016944170722,88.72749999999999,88.7486,21171.0,24842.0,Echolocation,Nyctalus leisleri,0.117,0.23,-1,192000.0,/mnt/ubna_data_05/recover-20250317/UBNA_026/20250314_214000.WAV,recover-20250317,UBNA_026,Central Pond
HF,48960.0,2.3771018194376174,39.9595,39.9679,48671.0,58534.0,Echolocation,Pipistrellus pipistrellus,0.217,0.249,-1,192000.0,/mnt/ubna_data_05/recover-20250317/UBNA_026/20250314_220000.WAV,recover-20250317,UBNA_026,Central Pond
LF,25920.0,-0.33276912477202775,257.6615,257.6756,25468.0,29277.0,Echolocation,Nyctalus leisleri,0.183,0.282,-1,192000.0,/mnt/ubna_data_05/recover-20250317/UBNA_026/20250314_220000.WAV,recover-20250317,UBNA_026,Central Pond
LF,22080.0,1.209145746637102,277.1935,277.2088,22031.0,26500.0,Echolocation,Nyctalus noctula,0.119,0.241,-1,192000.0,/mnt/ubna_data_05/recover-20250317/UBNA_026/20250314_220000.WAV,recover-20250317,UBNA_026,Central Pond
LF,23040.0,0.6343274186708394,87.6105,87.6274,23750.0,27794.0,Echolocation,Nyctalus leisleri,0.12,0.216,-1,192000.0,/mnt/ubna_data_05/recover-20250317/UBNA_026/20250314_221000.WAV,recover-20250317,UBNA_026,Central Pond
LF,22080.0,0.6052793890182494,98.52250000000001,98.5373,22890.0,27934.0,Echolocation,Nyctalus noctula,0.085,0.236,-1,192000.0,/mnt/ubna_data_05/recover-20250317/UBNA_026/20250314_221000.WAV,recover-20250317,UBNA_026,Central Pond
LF,20160.0,4.706413702569213,223.2765,223.3036,18593.0,21492.0,Echolocation,Nyctalus noctula,0.149,0.212,-1,192000.0,/mnt/ubna_data_05/recover-20250317/UBNA_026/20250314_222000.WAV,recover-20250317,UBNA_026,Central Pond
LF,25920.0,-0.23680464064224288,241.3245,241.3403,25468.0,29256.0,Echolocation,Nyctalus leisleri,0.159,0.234,-1,192000.0,/mnt/ubna_data_05/recover-20250317/UBNA_026/20250314_222000.WAV,recover-20250317,UBNA_026,Central Pond
LF,21120.0,1.6945139579500188,61.8825,61.9067,19453.0,22419.0,Echolocation,Nyctalus noctula,0.128,0.268,-1,192000.0,/mnt/ubna_data_05/recover-20250317/UBNA_026/20250314_223000.WAV,recover-20250317,UBNA_026,Central Pond
LF,22080.0,4.455136012046246,75.5895,75.6115,21171.0,25238.0,Echolocation,Nyctalus noctula,0.112,0.207,-1,192000.0,/mnt/ubna_data_05/recover-20250317/UBNA_026/20250314_223000.WAV,recover-20250317,UBNA_026,Central Pond
LF,22080.0,1.5452067748736358,118.8425,118.8656,20312.0,23657.0,Echolocation,Nyctalus noctula,0.197,0.306,-1,192000.0,/mnt/ubna_data_05/recover-20250317/UBNA_026/20250314_223000.WAV,recover-20250317,UBNA_026,Central Pond
LF,19200.0,10.412083320287051,118.8775,118.9011,17734.0,20728.0,Echolocation,Nyctalus noctula,0.359,0.44,-1,192000.0,/mnt/ubna_data_05/recover-20250317/UBNA_026/20250314_223000.WAV,recover-20250317,UBNA_026,Central Pond
LF,23040.0,4.362325989988543,140.1315,140.1527,22890.0,27465.0,Echolocation,Nyctalus leisleri,0.104,0.203,-1,192000.0,/mnt/ubna_data_05/recover-20250317/UBNA_026/20250314_223000.WAV,recover-20250317,UBNA_026,Central Pond
LF,22080.0,13.246957794243038,140.30349999999999,140.3294,21171.0,23838.0,Echolocation,Nyctalus leisleri,0.229,0.26,-1,192000.0,/mnt/ubna_data_05/recover-20250317/UBNA_026/20250314_223000.WAV,recover-20250317,UBNA_026,Central Pond
HF,47040.0,1.560281585266995,177.3065,177.3167,46953.0,50444.0,Echolocation,Pipistrellus pipistrellus,0.222,0.249,-1,192000.0,/mnt/ubna_data_05/recover-20250317/UBNA_026/20250314_223000.WAV,recover-20250317,UBNA_026,Central Pond
LF,18240.0,4.3370549241831124,184.2015,184.228,16875.0,20025.0,Echolocation,Nyctalus noctula,0.235,0.307,-1,192000.0,/mnt/ubna_data_05/recover-20250317/UBNA_026/20250314_223000.WAV,recover-20250317,UBNA_026,Central Pond
LF,20160.0,5.779822576567208,187.4265,187.4575,16015.0,19531.0,Echolocation,Nyctalus noctula,0.167,0.218,-1,192000.0,/mnt/ubna_data_05/recover-20250317/UBNA_026/20250314_223000.WAV,recover-20250317,UBNA_026,Central Pond
LF,17280.0,4.068402098215193,188.3075,188.3318,16015.0,19564.0,Echolocation,Nyctalus leisleri,0.153,0.281,-1,192000.0,/mnt/ubna_data_05/recover-20250317/UBNA_026/20250314_223000.WAV,recover-20250317,UBNA_026,Central Pond
LF,20160.0,1.6813109355312863,217.3575,217.3743,17734.0,22689.0,Echolocation,Nyctalus noctula,0.147,0.21,-1,192000.0,/mnt/ubna_data_05/recover-20250317/UBNA_026/20250314_223000.WAV,recover-20250317,UBNA_026,Central Pond
LF,20160.0,3.038353268535923,265.1065,265.1318,18593.0,21524.0,Echolocation,Nyctalus noctula,0.223,0.292,-1,192000.0,/mnt/ubna_data_05/recover-20250317/UBNA_026/20250314_223000.WAV,recover-20250317,UBNA_026,Central Pond
LF,21120.0,0.6017455879208939,282.1415,282.1623,21171.0,25187.0,Echolocation,Nyctalus noctula,0.138,0.284,-1,192000.0,/mnt/ubna_data_05/recover-20250317/UBNA_026/20250314_223000.WAV,recover-20250317,UBNA_026,Central Pond
LF,21120.0,0.08515442757665728,94.0015,94.0131,22031.0,26605.0,Echolocation,Nyctalus leisleri,0.142,0.206,-1,192000.0,/mnt/ubna_data_05/recover-20250317/UBNA_026/20250314_225000.WAV,recover-20250317,UBNA_026,Central Pond
LF,21120.0,1.0223142443872193,296.1465,296.1713,18593.0,21153.0,Echolocation,Nyctalus noctula,0.162,0.225,-1,192000.0,/mnt/ubna_data_05/recover-20250317/UBNA_026/20250314_225000.WAV,recover-20250317,UBNA_026,Central Pond
LF,25920.0,0.9728793469519202,171.5845,171.596,25468.0,31628.0,Echolocation,Eptesicus serotinus,0.191,0.352,-1,192000.0,/mnt/ubna_data_05/recover-20250317/UBNA_026/20250314_230000.WAV,recover-20250317,UBNA_026,Central Pond
LF,24960.0,-0.3061936774295243,205.5875,205.5991,23750.0,29568.0,Echolocation,Nyctalus leisleri,0.097,0.27,-1,192000.0,/mnt/ubna_data_05/recover-20250317/UBNA_026/20250314_230000.WAV,recover-20250317,UBNA_026,Central Pond
LF,21120.0,0.5264546700498185,230.7865,230.8056,21171.0,25169.0,Echolocation,Nyctalus noctula,0.117,0.208,-1,192000.0,/mnt/ubna_data_05/recover-20250317/UBNA_026/20250314_231000.WAV,recover-20250317,UBNA_026,Central Pond
LF,22080.0,0.8825830945132289,141.2295,141.2453,22031.0,27127.0,Echolocation,Nyctalus noctula,0.144,0.309,-1,192000.0,/mnt/ubna_data_05/recover-20250317/UBNA_026/20250314_232000.WAV,recover-20250317,UBNA_026,Central Pond
LF,20160.0,0.3442048249361811,63.8965,63.9155,20312.0,23014.0,Echolocation,Nyctalus noctula,0.13,0.231,-1,192000.0,/mnt/ubna_data_05/recover-20250317/UBNA_026/20250314_234000.WAV,recover-20250317,UBNA_026,Central Pond
LF,22080.0,0.7709648926690207,234.3345,234.3447,22031.0,30173.0,Echolocation,Nyctalus noctula,0.134,0.305,-1,192000.0,/mnt/ubna_data_05/recover-20250317/UBNA_026/20250314_235000.WAV,recover-20250317,UBNA_026,Central Pond
HF,43200.0,0.6918495590388075,245.0575,245.0694,43515.0,47337.0,Echolocation,Pipistrellus pipistrellus,0.183,0.215,-1,192000.0,/mnt/ubna_data_05/recover-20250317/UBNA_026/20250314_235000.WAV,recover-20250317,UBNA_026,Central Pond
LF,22080.0,7.801658874569756,133.9525,133.9698,21171.0,23284.0,Echolocation,Nyctalus leisleri,0.217,0.227,-1,192000.0,/mnt/ubna_data_05/recover-20250317/UBNA_026/20250315_000000.WAV,recover-20250317,UBNA_026,Central Pond
LF,22080.0,1.0579786623268552,119.7775,119.7948,22031.0,26492.0,Echolocation,Nyctalus noctula,0.1,0.228,-1,192000.0,/mnt/ubna_data_05/recover-20250317/UBNA_026/20250315_001000.WAV,recover-20250317,UBNA_026,Central Pond
LF,22080.0,0.574786055447122,50.5065,50.5273,21171.0,24763.0,Echolocation,Nyctalus leisleri,0.108,0.22,-1,192000.0,/mnt/ubna_data_05/recover-20250317/UBNA_026/20250315_002000.WAV,recover-20250317,UBNA_026,Central Pond
LF,28800.0,-0.11826571885696711,89.9055,89.92060000000001,28046.0,32471.0,Echolocation,Nyctalus leisleri,0.109,0.225,-1,192000.0,/mnt/ubna_data_05/recover-20250317/UBNA_026/20250315_002000.WAV,recover-20250317,UBNA_026,Central Pond
LF,22080.0,-0.36416609925684373,259.9115,259.9276,22890.0,26935.0,Echolocation,Nyctalus leisleri,0.16,0.32,-1,192000.0,/mnt/ubna_data_05/recover-20250317/UBNA_026/20250315_002000.WAV,recover-20250317,UBNA_026,Central Pond
LF,22080.0,0.7105888694361245,156.2085,156.2276,22031.0,26412.0,Echolocation,Nyctalus noctula,0.118,0.248,-1,192000.0,/mnt/ubna_data_05/recover-20250317/UBNA_026/20250315_003000.WAV,recover-20250317,UBNA_026,Central Pond
LF,20160.0,0.6689450445125549,113.8295,113.8548,18593.0,21493.0,Echolocation,Nyctalus noctula,0.15,0.213,-1,192000.0,/mnt/ubna_data_05/recover-20250317/UBNA_026/20250315_005000.WAV,recover-20250317,UBNA_026,Central Pond
LF,29760.0,2.765936032712907,253.3165,253.3287,28906.0,33985.0,Echolocation,Eptesicus serotinus,0.192,0.276,-1,192000.0,/mnt/ubna_data_05/recover-20250317/UBNA_026/20250315_011000.WAV,recover-20250317,UBNA_026,Central Pond
LF,24000.0,0.5210851573292783,121.5375,121.5525,23750.0,28400.0,Echolocation,Nyctalus leisleri,0.091,0.203,-1,192000.0,/mnt/ubna_data_05/recover-20250317/UBNA_026/20250315_013000.WAV,recover-20250317,UBNA_026,Central Pond
LF,23040.0,1.2017209518842842,123.6715,123.6852,22890.0,27229.0,Echolocation,Nyctalus leisleri,0.149,0.271,-1,192000.0,/mnt/ubna_data_05/recover-20250317/UBNA_026/20250315_013000.WAV,recover-20250317,UBNA_026,Central Pond
LF,26880.0,-0.2838149684262865,141.4095,141.4217,25468.0,30529.0,Echolocation,Nyctalus leisleri,0.109,0.218,-1,192000.0,/mnt/ubna_data_05/recover-20250317/UBNA_026/20250315_014000.WAV,recover-20250317,UBNA_026,Central Pond
LF,21120.0,0.6808168298438211,172.0655,172.0821,21171.0,24284.0,Echolocation,Nyctalus noctula,0.181,0.329,-1,192000.0,/mnt/ubna_data_05/recover-20250317/UBNA_026/20250315_015000.WAV,recover-20250317,UBNA_026,Central Pond
LF,23040.0,0.6149379622575384,5.1375,5.1489,24609.0,29948.0,Echolocation,Eptesicus serotinus,0.123,0.278,-1,192000.0,/mnt/ubna_data_05/recover-20250317/UBNA_026/20250315_021000.WAV,recover-20250317,UBNA_026,Central Pond
LF,20160.0,2.2356496357663476,32.0725,32.0789,14296.0,28279.0,Echolocation,Plecotus auritus,0.171,0.203,-1,192000.0,/mnt/ubna_data_05/recover-20250317/UBNA_026/20250315_021000.WAV,recover-20250317,UBNA_026,Central Pond
LF,20160.0,1.2049721589882463,184.9635,184.9822,18593.0,23046.0,Echolocation,Nyctalus noctula,0.218,0.291,-1,192000.0,/mnt/ubna_data_05/recover-20250317/UBNA_026/20250315_021000.WAV,recover-20250317,UBNA_026,Central Pond
LF,25920.0,0.4501408595596601,281.2465,281.2546,22890.0,31572.0,Echolocation,Plecotus austriacus,0.07,0.236,-1,192000.0,/mnt/ubna_data_05/recover-20250317/UBNA_026/20250315_021000.WAV,recover-20250317,UBNA_026,Central Pond
LF,21120.0,0.14068715038410756,9.6455,9.6562,19453.0,27576.0,Echolocation,Nyctalus noctula,0.176,0.338,-1,192000.0,/mnt/ubna_data_05/recover-20250317/UBNA_026/20250315_022000.WAV,recover-20250317,UBNA_026,Central Pond
LF,22080.0,4.541586128431938,129.6195,129.6282,20312.0,28026.0,Echolocation,Plecotus austriacus,0.089,0.215,-1,192000.0,/mnt/ubna_data_05/recover-20250317/UBNA_026/20250315_022000.WAV,recover-20250317,UBNA_026,Central Pond
LF,25920.0,0.7930976706749137,200.3445,200.35,23750.0,34881.0,Echolocation,Plecotus austriacus,0.182,0.278,-1,192000.0,/mnt/ubna_data_05/recover-20250317/UBNA_026/20250315_023000.WAV,recover-20250317,UBNA_026,Central Pond
LF,25920.0,2.477515734700326,27.6485,27.659,23750.0,30493.0,Echolocation,Eptesicus serotinus,0.082,0.204,-1,192000.0,/mnt/ubna_data_05/recover-20250317/UBNA_026/20250315_024000.WAV,recover-20250317,UBNA_026,Central Pond
LF,24960.0,1.2005059202034798,115.1215,115.13419999999999,24609.0,29604.0,Echolocation,Eptesicus serotinus,0.105,0.236,-1,192000.0,/mnt/ubna_data_05/recover-20250317/UBNA_026/20250315_024000.WAV,recover-20250317,UBNA_026,Central Pond
LF,25920.0,1.134203005498868,211.5055,211.5116,22890.0,33945.0,Echolocation,Plecotus austriacus,0.111,0.205,-1,192000.0,/mnt/ubna_data_05/recover-20250317/UBNA_026/20250315_024000.WAV,recover-20250317,UBNA_026,Central Pond
LF,25920.0,2.293019289661588,218.6925,218.7012,24609.0,34361.0,Echolocation,Eptesicus serotinus,0.102,0.216,-1,192000.0,/mnt/ubna_data_05/recover-20250317/UBNA_026/20250315_025000.WAV,recover-20250317,UBNA_026,Central Pond
LF,26880.0,1.1879353871994192,261.4875,261.4983,26328.0,31974.0,Echolocation,Nyctalus leisleri,0.103,0.223,-1,192000.0,/mnt/ubna_data_05/recover-20250317/UBNA_026/20250315_030000.WAV,recover-20250317,UBNA_026,Central Pond
LF,19200.0,3.0081636513755643,18.7595,18.779,18593.0,22317.0,Echolocation,Nyctalus noctula,0.144,0.205,-1,192000.0,/mnt/ubna_data_05/recover-20250317/UBNA_026/20250315_031000.WAV,recover-20250317,UBNA_026,Central Pond
HF,45120.0,1.5986475620769,220.8405,220.8488,44375.0,49797.0,Echolocation,Pipistrellus pipistrellus,0.221,0.229,-1,192000.0,/mnt/ubna_data_05/recover-20250317/UBNA_026/20250315_031000.WAV,recover-20250317,UBNA_026,Central Pond
HF,45120.0,3.259229722005788,221.0365,221.0444,45234.0,51339.0,Echolocation,Pipistrellus pipistrellus,0.412,0.425,-1,192000.0,/mnt/ubna_data_05/recover-20250317/UBNA_026/20250315_031000.WAV,recover-20250317,UBNA_026,Central Pond
HF,47040.0,3.8380772029403203,221.4305,221.442,45234.0,52076.0,Echolocation,Pipistrellus pipistrellus,0.184,0.209,-1,192000.0,/mnt/ubna_data_05/recover-20250317/UBNA_026/20250315_031000.WAV,recover-20250317,UBNA_026,Central Pond
HF,46080.0,4.72426694492191,221.5205,221.5291,45234.0,51161.0,Echolocation,Pipistrellus pipistrellus,0.412,0.434,-1,192000.0,/mnt/ubna_data_05/recover-20250317/UBNA_026/20250315_031000.WAV,recover-20250317,UBNA_026,Central Pond
HF,45120.0,5.721942750926314,221.6275,221.6364,44375.0,56239.0,Echolocation,Pipistrellus pipistrellus,0.45,0.563,-1,192000.0,/mnt/ubna_data_05/recover-20250317/UBNA_026/20250315_031000.WAV,recover-20250317,UBNA_026,Central Pond
HF,46080.0,8.440203934460103,221.7205,221.7289,44375.0,58337.0,Echolocation,Pipistrellus pipistrellus,0.443,0.512,-1,192000.0,/mnt/ubna_data_05/recover-20250317/UBNA_026/20250315_031000.WAV,recover-20250317,UBNA_026,Central Pond
HF,46080.0,4.079138547795435,221.8145,221.8258,43515.0,54386.0,Echolocation,Pipistrellus pipistrellus,0.35,0.396,-1,192000.0,/mnt/ubna_data_05/recover-20250317/UBNA_026/20250315_031000.WAV,recover-20250317,UBNA_026,Central Pond
HF,46080.0,5.074775160146134,221.9145,221.92340000000002,46093.0,54914.0,Echolocation,Pipistrellus pipistrellus,0.362,0.378,-1,192000.0,/mnt/ubna_data_05/recover-20250317/UBNA_026/20250315_031000.WAV,recover-20250317,UBNA_026,Central Pond
HF,46080.0,13.849285423125536,222.0075,222.0134,44375.0,57138.0,Echolocation,Pipistrellus pipistrellus,0.624,0.646,-1,192000.0,/mnt/ubna_data_05/recover-20250317/UBNA_026/20250315_031000.WAV,recover-20250317,UBNA_026,Central Pond
HF,46080.0,7.012895555843656,222.1015,222.1087,46093.0,56040.0,Echolocation,Pipistrellus pipistrellus,0.392,0.407,-1,192000.0,/mnt/ubna_data_05/recover-20250317/UBNA_026/20250315_031000.WAV,recover-20250317,UBNA_026,Central Pond
HF,46080.0,8.517993848395253,222.1985,222.2065,44375.0,62570.0,Echolocation,Pipistrellus pipistrellus,0.282,0.465,-1,192000.0,/mnt/ubna_data_05/recover-20250317/UBNA_026/20250315_031000.WAV,recover-20250317,UBNA_026,Central Pond
HF,46080.0,10.40281076307952,222.2965,222.3034,44375.0,62308.0,Echolocation,Pipistrellus pipistrellus,0.483,0.582,-1,192000.0,/mnt/ubna_data_05/recover-20250317/UBNA_026/20250315_031000.WAV,recover-20250317,UBNA_026,Central Pond
HF,46080.0,15.450537028664534,222.3915,222.3987,45234.0,63663.0,Echolocation,Pipistrellus pipistrellus,0.62,0.721,-1,192000.0,/mnt/ubna_data_05/recover-20250317/UBNA_026/20250315_031000.WAV,recover-20250317,UBNA_026,Central Pond
HF,45120.0,13.815964474526243,222.4805,222.4884,43515.0,62679.0,Echolocation,Pipistrellus pipistrellus,0.596,0.647,-1,192000.0,/mnt/ubna_data_05/recover-20250317/UBNA_026/20250315_031000.WAV,recover-20250317,UBNA_026,Central Pond
HF,46080.0,14.73347721042622,222.5685,222.5752,43515.0,63184.0,Echolocation,Pipistrellus pipistrellus,0.419,0.606,-1,192000.0,/mnt/ubna_data_05/recover-20250317/UBNA_026/20250315_031000.WAV,recover-20250317,UBNA_026,Central Pond
HF,46080.0,17.752391714164233,222.6585,222.6661,45234.0,64801.0,Echolocation,Pipistrellus pipistrellus,0.529,0.688,-1,192000.0,/mnt/ubna_data_05/recover-20250317/UBNA_026/20250315_031000.WAV,recover-20250317,UBNA_026,Central Pond
HF,48000.0,18.9234327112392,222.7455,222.7505,43515.0,64073.0,Echolocation,Pipistrellus pipistrellus,0.542,0.594,-1,192000.0,/mnt/ubna_data_05/recover-20250317/UBNA_026/20250315_031000.WAV,recover-20250317,UBNA_026,Central Pond
HF,48960.0,12.820048338100714,222.8305,222.8368,46093.0,60132.0,Echolocation,Pipistrellus pipistrellus,0.524,0.555,-1,192000.0,/mnt/ubna_data_05/recover-20250317/UBNA_026/20250315_031000.WAV,recover-20250317,UBNA_026,Central Pond
HF,47040.0,17.649477865740664,222.9155,222.9223,42656.0,69070.0,Echolocation,Pipistrellus pipistrellus,0.403,0.574,-1,192000.0,/mnt/ubna_data_05/recover-20250317/UBNA_026/20250315_031000.WAV,recover-20250317,UBNA_026,Central Pond
HF,48000.0,13.472099141608787,223.0015,223.0072,45234.0,58108.0,Echolocation,Pipistrellus pipistrellus,0.555,0.58,-1,192000.0,/mnt/ubna_data_05/recover-20250317/UBNA_026/20250315_031000.WAV,recover-20250317,UBNA_026,Central Pond
HF,48000.0,14.59262040536971,223.0975,223.1046,46093.0,62768.0,Echolocation,Pipistrellus pipistrellus,0.446,0.468,-1,192000.0,/mnt/ubna_data_05/recover-20250317/UBNA_026/20250315_031000.WAV,recover-20250317,UBNA_026,Central Pond
HF,46080.0,14.11213416818674,223.1905,223.1975,44375.0,58368.0,Echolocation,Pipistrellus pipistrellus,0.474,0.516,-1,192000.0,/mnt/ubna_data_05/recover-20250317/UBNA_026/20250315_031000.WAV,recover-20250317,UBNA_026,Central Pond
HF,47040.0,16.258668030459862,223.2815,223.2876,44375.0,63397.0,Echolocation,Pipistrellus pipistrellus,0.584,0.616,-1,192000.0,/mnt/ubna_data_05/recover-20250317/UBNA_026/20250315_031000.WAV,recover-20250317,UBNA_026,Central Pond
HF,46080.0,12.981239393298383,223.3765,223.3827,42656.0,59212.0,Echolocation,Pipistrellus pipistrellus,0.317,0.505,-1,192000.0,/mnt/ubna_data_05/recover-20250317/UBNA_026/20250315_031000.WAV,recover-20250317,UBNA_026,Central Pond
HF,46080.0,26.68904364657636,223.4705,223.4762,43515.0,68080.0,Echolocation,Pipistrellus pipistrellus,0.578,0.621,-1,192000.0,/mnt/ubna_data_05/recover-20250317/UBNA_026/20250315_031000.WAV,recover-20250317,UBNA_026,Central Pond
HF,47040.0,21.72666938253886,223.5565,223.56380000000001,41796.0,70194.0,Echolocation,Pipistrellus pipistrellus,0.347,0.447,-1,192000.0,/mnt/ubna_data_05/recover-20250317/UBNA_026/20250315_031000.WAV,recover-20250317,UBNA_026,Central Pond
HF,47040.0,10.660904303916771,223.6545,223.6634,44375.0,59382.0,Echolocation,Pipistrellus pipistrellus,0.506,0.603,-1,192000.0,/mnt/ubna_data_05/recover-20250317/UBNA_026/20250315_031000.WAV,recover-20250317,UBNA_026,Central Pond
HF,45120.0,18.02660061109134,223.7485,223.7544,41796.0,57409.0,Echolocation,Pipistrellus pipistrellus,0.479,0.524,-1,192000.0,/mnt/ubna_data_05/recover-20250317/UBNA_026/20250315_031000.WAV,recover-20250317,UBNA_026,Central Pond
HF,45120.0,23.897339918300386,223.8425,223.8478,41796.0,64477.0,Echolocation,Pipistrellus pipistrellus,0.638,0.662,-1,192000.0,/mnt/ubna_data_05/recover-20250317/UBNA_026/20250315_031000.WAV,recover-20250317,UBNA_026,Central Pond
HF,46080.0,24.18072275999418,223.9495,223.955,43515.0,58385.0,Echolocation,Pipistrellus pipistrellus,0.514,0.566,-1,192000.0,/mnt/ubna_data_05/recover-20250317/UBNA_026/20250315_031000.WAV,recover-20250317,UBNA_026,Central Pond
HF,48000.0,29.33680443878316,224.04149999999998,224.0483,43515.0,63956.0,Echolocation,Pipistrellus pipistrellus,0.501,0.644,-1,192000.0,/mnt/ubna_data_05/recover-20250317/UBNA_026/20250315_031000.WAV,recover-20250317,UBNA_026,Central Pond
HF,47040.0,26.851566712784795,224.1355,224.1421,42656.0,65658.0,Echolocation,Pipistrellus pipistrellus,0.459,0.653,-1,192000.0,/mnt/ubna_data_05/recover-20250317/UBNA_026/20250315_031000.WAV,recover-20250317,UBNA_026,Central Pond
HF,45120.0,14.996218271496213,224.2345,224.2425,43515.0,55723.0,Echolocation,Pipistrellus pipistrellus,0.255,0.447,-1,192000.0,/mnt/ubna_data_05/recover-20250317/UBNA_026/20250315_031000.WAV,recover-20250317,UBNA_026,Central Pond
HF,45120.0,23.96958966460148,224.3265,224.3351,42656.0,61444.0,Echolocation,Pipistrellus pipistrellus,0.238,0.447,-1,192000.0,/mnt/ubna_data_05/recover-20250317/UBNA_026/20250315_031000.WAV,recover-20250317,UBNA_026,Central Pond
HF,46080.0,27.830510696674267,224.4325,224.4389,41796.0,65514.0,Echolocation,Pipistrellus pipistrellus,0.405,0.543,-1,192000.0,/mnt/ubna_data_05/recover-20250317/UBNA_026/20250315_031000.WAV,recover-20250317,UBNA_026,Central Pond
HF,44160.0,5.981144004532307,224.5335,224.5486,43515.0,52173.0,Echolocation,Pipistrellus pipistrellus,0.258,0.426,-1,192000.0,/mnt/ubna_data_05/recover-20250317/UBNA_026/20250315_031000.WAV,recover-20250317,UBNA_026,Central Pond
HF,45120.0,23.116687958990628,224.6265,224.6367,41796.0,61836.0,Echolocation,Pipistrellus pipistrellus,0.298,0.509,-1,192000.0,/mnt/ubna_data_05/recover-20250317/UBNA_026/20250315_031000.WAV,recover-20250317,UBNA_026,Central Pond
HF,45120.0,12.313175913769891,224.7205,224.7308,43515.0,53286.0,Echolocation,Pipistrellus pipistrellus,0.156,0.345,-1,192000.0,/mnt/ubna_data_05/recover-20250317/UBNA_026/20250315_031000.WAV,recover-20250317,UBNA_026,Central Pond
HF,45120.0,5.309798864695271,224.8195,224.8303,43515.0,49454.0,Echolocation,Pipistrellus pipistrellus,0.385,0.545,-1,192000.0,/mnt/ubna_data_05/recover-20250317/UBNA_026/20250315_031000.WAV,recover-20250317,UBNA_026,Central Pond
HF,44160.0,14.715354588753062,224.9095,224.9178,42656.0,56858.0,Echolocation,Pipistrellus pipistrellus,0.193,0.454,-1,192000.0,/mnt/ubna_data_05/recover-20250317/UBNA_026/20250315_031000.WAV,recover-20250317,UBNA_026,Central Pond
HF,43200.0,10.622536795571087,225.0785,225.0869,43515.0,52437.0,Echolocation,Pipistrellus pipistrellus,0.337,0.556,-1,192000.0,/mnt/ubna_data_05/recover-20250317/UBNA_026/20250315_031000.WAV,recover-20250317,UBNA_026,Central Pond
HF,43200.0,8.989384725010098,225.1715,225.1818,43515.0,50217.0,Echolocation,Pipistrellus pipistrellus,0.301,0.555,-1,192000.0,/mnt/ubna_data_05/recover-20250317/UBNA_026/20250315_031000.WAV,recover-20250317,UBNA_026,Central Pond
HF,44160.0,18.605514316493977,225.2595,225.268,41796.0,61640.0,Echolocation,Pipistrellus pipistrellus,0.238,0.501,-1,192000.0,/mnt/ubna_data_05/recover-20250317/UBNA_026/20250315_031000.WAV,recover-20250317,UBNA_026,Central Pond
HF,44160.0,2.418046032479508,225.3645,225.3718,43515.0,48829.0,Echolocation,Pipistrellus pipistrellus,0.168,0.221,-1,192000.0,/mnt/ubna_data_05/recover-20250317/UBNA_026/20250315_031000.WAV,recover-20250317,UBNA_026,Central Pond
HF,43200.0,10.731612080953674,225.45850000000002,225.4688,42656.0,55279.0,Echolocation,Pipistrellus nathusii,0.204,0.404,-1,192000.0,/mnt/ubna_data_05/recover-20250317/UBNA_026/20250315_031000.WAV,recover-20250317,UBNA_026,Central Pond
HF,44160.0,5.552867270206928,225.5655,225.577,43515.0,48429.0,Echolocation,Pipistrellus pipistrellus,0.406,0.565,-1,192000.0,/mnt/ubna_data_05/recover-20250317/UBNA_026/20250315_031000.WAV,recover-20250317,UBNA_026,Central Pond
HF,44160.0,11.298992974701907,225.66649999999998,225.6749,42656.0,56667.0,Echolocation,Pipistrellus pipistrellus,0.29,0.548,-1,192000.0,/mnt/ubna_data_05/recover-20250317/UBNA_026/20250315_031000.WAV,recover-20250317,UBNA_026,Central Pond
HF,45120.0,11.106201735202267,225.8665,225.8768,42656.0,53333.0,Echolocation,Pipistrellus nathusii,0.189,0.498,-1,192000.0,/mnt/ubna_data_05/recover-20250317/UBNA_026/20250315_031000.WAV,recover-20250317,UBNA_026,Central Pond
HF,44160.0,8.211351584055478,226.0445,226.0536,41796.0,51046.0,Echolocation,Pipistrellus nathusii,0.4,0.474,-1,192000.0,/mnt/ubna_data_05/recover-20250317/UBNA_026/20250315_031000.WAV,recover-20250317,UBNA_026,Central Pond
HF,44160.0,10.82553498140513,226.1395,226.1497,42656.0,47626.0,Echolocation,Pipistrellus pipistrellus,0.199,0.438,-1,192000.0,/mnt/ubna_data_05/recover-20250317/UBNA_026/20250315_031000.WAV,recover-20250317,UBNA_026,Central Pond
HF,44160.0,1.8622345019529305,226.2385,226.24790000000002,41796.0,47135.0,Echolocation,Pipistrellus nathusii,0.234,0.345,-1,192000.0,/mnt/ubna_data_05/recover-20250317/UBNA_026/20250315_031000.WAV,recover-20250317,UBNA_026,Central Pond
HF,44160.0,5.729261076489961,226.3275,226.3368,42656.0,48877.0,Echolocation,Pipistrellus nathusii,0.296,0.401,-1,192000.0,/mnt/ubna_data_05/recover-20250317/UBNA_026/20250315_031000.WAV,recover-20250317,UBNA_026,Central Pond
HF,44160.0,8.055117620064747,226.4275,226.4346,41796.0,47862.0,Echolocation,Pipistrellus nathusii,0.412,0.514,-1,192000.0,/mnt/ubna_data_05/recover-20250317/UBNA_026/20250315_031000.WAV,recover-20250317,UBNA_026,Central Pond
HF,43200.0,4.17165908346481,226.5215,226.5305,43515.0,49773.0,Echolocation,Pipistrellus nathusii,0.201,0.407,-1,192000.0,/mnt/ubna_data_05/recover-20250317/UBNA_026/20250315_031000.WAV,recover-20250317,UBNA_026,Central Pond
HF,45120.0,4.134724763705051,226.7165,226.7272,42656.0,47653.0,Echolocation,Pipistrellus nathusii,0.217,0.329,-1,192000.0,/mnt/ubna_data_05/recover-20250317/UBNA_026/20250315_031000.WAV,recover-20250317,UBNA_026,Central Pond
HF,44160.0,4.122423657618645,227.2225,227.2302,43515.0,48729.0,Echolocation,Pipistrellus pipistrellus,0.31,0.571,-1,192000.0,/mnt/ubna_data_05/recover-20250317/UBNA_026/20250315_031000.WAV,recover-20250317,UBNA_026,Central Pond
LF,21120.0,1.3646192623574482,61.4975,61.5144,22031.0,26237.0,Echolocation,Nyctalus leisleri,0.123,0.27,-1,192000.0,/mnt/ubna_data_05/recover-20250317/UBNA_026/20250315_032000.WAV,recover-20250317,UBNA_026,Central Pond
LF,21120.0,1.8228384040435395,79.0815,79.09049999999999,20312.0,27892.0,Echolocation,Plecotus austriacus,0.06,0.227,-1,192000.0,/mnt/ubna_data_05/recover-20250317/UBNA_026/20250315_032000.WAV,recover-20250317,UBNA_026,Central Pond
HF,48960.0,3.8236879539880797,97.6895,97.6948,46953.0,57696.0,Echolocation,Pipistrellus pipistrellus,0.504,0.532,-1,192000.0,/mnt/ubna_data_05/recover-20250317/UBNA_026/20250315_032000.WAV,recover-20250317,UBNA_026,Central Pond
HF,48960.0,3.0170656544334222,97.8725,97.8804,48671.0,57747.0,Echolocation,Pipistrellus pipistrellus,0.202,0.221,-1,192000.0,/mnt/ubna_data_05/recover-20250317/UBNA_026/20250315_032000.WAV,recover-20250317,UBNA_026,Central Pond
HF,46080.0,2.9443479758388063,97.9535,97.9601,45234.0,52851.0,Echolocation,Pipistrellus pipistrellus,0.225,0.234,-1,192000.0,/mnt/ubna_data_05/recover-20250317/UBNA_026/20250315_032000.WAV,recover-20250317,UBNA_026,Central Pond
HF,48960.0,5.141280097630368,98.0305,98.0361,46953.0,57555.0,Echolocation,Pipistrellus pipistrellus,0.45,0.477,-1,192000.0,/mnt/ubna_data_05/recover-20250317/UBNA_026/20250315_032000.WAV,recover-20250317,UBNA_026,Central Pond
HF,48000.0,3.08269065695262,98.1115,98.1173,46093.0,55430.0,Echolocation,Pipistrellus pipistrellus,0.431,0.451,-1,192000.0,/mnt/ubna_data_05/recover-20250317/UBNA_026/20250315_032000.WAV,recover-20250317,UBNA_026,Central Pond
HF,47040.0,5.491182794248994,98.1955,98.2021,46093.0,60730.0,Echolocation,Pipistrellus pipistrellus,0.328,0.383,-1,192000.0,/mnt/ubna_data_05/recover-20250317/UBNA_026/20250315_032000.WAV,recover-20250317,UBNA_026,Central Pond
HF,48000.0,7.61449098021818,98.3545,98.3605,45234.0,59085.0,Echolocation,Pipistrellus pipistrellus,0.521,0.581,-1,192000.0,/mnt/ubna_data_05/recover-20250317/UBNA_026/20250315_032000.WAV,recover-20250317,UBNA_026,Central Pond
HF,47040.0,1.92718827370564,98.4325,98.4429,46093.0,61533.0,Echolocation,Pipistrellus pipistrellus,0.257,0.307,-1,192000.0,/mnt/ubna_data_05/recover-20250317/UBNA_026/20250315_032000.WAV,recover-20250317,UBNA_026,Central Pond
HF,52800.0,5.1105693826823275,98.5075,98.5145,46953.0,62738.0,Echolocation,Pipistrellus pipistrellus,0.298,0.361,-1,192000.0,/mnt/ubna_data_05/recover-20250317/UBNA_026/20250315_032000.WAV,recover-20250317,UBNA_026,Central Pond
HF,47040.0,4.181558777805716,98.5865,98.5937,44375.0,57983.0,Echolocation,Pipistrellus pipistrellus,0.359,0.402,-1,192000.0,/mnt/ubna_data_05/recover-20250317/UBNA_026/20250315_032000.WAV,recover-20250317,UBNA_026,Central Pond
HF,52800.0,4.027362122135067,98.6585,98.6655,47812.0,60309.0,Echolocation,Pipistrellus pipistrellus,0.329,0.354,-1,192000.0,/mnt/ubna_data_05/recover-20250317/UBNA_026/20250315_032000.WAV,recover-20250317,UBNA_026,Central Pond
HF,52800.0,10.267602249321332,98.7205,98.7286,45234.0,65423.0,Echolocation,Pipistrellus pipistrellus,0.317,0.491,-1,192000.0,/mnt/ubna_data_05/recover-20250317/UBNA_026/20250315_032000.WAV,recover-20250317,UBNA_026,Central Pond
HF,47040.0,9.659284655805918,98.7865,98.7927,46093.0,61117.0,Echolocation,Pipistrellus pipistrellus,0.39,0.45,-1,192000.0,/mnt/ubna_data_05/recover-20250317/UBNA_026/20250315_032000.WAV,recover-20250317,UBNA_026,Central Pond
HF,46080.0,6.496723003833486,98.8615,98.8694,46093.0,58054.0,Echolocation,Pipistrellus pipistrellus,0.281,0.293,-1,192000.0,/mnt/ubna_data_05/recover-20250317/UBNA_026/20250315_032000.WAV,recover-20250317,UBNA_026,Central Pond
HF,48000.0,7.296950505957306,98.9355,98.9419,45234.0,62319.0,Echolocation,Pipistrellus pipistrellus,0.34,0.481,-1,192000.0,/mnt/ubna_data_05/recover-20250317/UBNA_026/20250315_032000.WAV,recover-20250317,UBNA_026,Central Pond
HF,52800.0,8.563479719123446,99.0015,99.0079,46953.0,63135.0,Echolocation,Pipistrellus pipistrellus,0.502,0.588,-1,192000.0,/mnt/ubna_data_05/recover-20250317/UBNA_026/20250315_032000.WAV,recover-20250317,UBNA_026,Central Pond
HF,48000.0,7.388503796130378,99.0725,99.078,47812.0,64374.0,Echolocation,Pipistrellus pipistrellus,0.532,0.562,-1,192000.0,/mnt/ubna_data_05/recover-20250317/UBNA_026/20250315_032000.WAV,recover-20250317,UBNA_026,Central Pond
HF,54720.0,10.70490849110338,99.1405,99.1472,46953.0,65157.0,Echolocation,Pipistrellus pipistrellus,0.633,0.677,-1,192000.0,/mnt/ubna_data_05/recover-20250317/UBNA_026/20250315_032000.WAV,recover-20250317,UBNA_026,Central Pond
HF,48000.0,7.161680571989988,99.2105,99.2174,46953.0,58800.0,Echolocation,Pipistrellus pipistrellus,0.537,0.559,-1,192000.0,/mnt/ubna_data_05/recover-20250317/UBNA_026/20250315_032000.WAV,recover-20250317,UBNA_026,Central Pond
HF,52800.0,12.040660782534648,99.2905,99.2967,47812.0,63368.0,Echolocation,Pipistrellus pipistrellus,0.596,0.646,-1,192000.0,/mnt/ubna_data_05/recover-20250317/UBNA_026/20250315_032000.WAV,recover-20250317,UBNA_026,Central Pond
HF,48000.0,6.5758797260601245,99.37950000000001,99.3863,47812.0,61433.0,Echolocation,Pipistrellus pipistrellus,0.528,0.57,-1,192000.0,/mnt/ubna_data_05/recover-20250317/UBNA_026/20250315_032000.WAV,recover-20250317,UBNA_026,Central Pond
HF,48000.0,8.087839156654187,99.4575,99.4643,46953.0,62195.0,Echolocation,Pipistrellus pipistrellus,0.531,0.602,-1,192000.0,/mnt/ubna_data_05/recover-20250317/UBNA_026/20250315_032000.WAV,recover-20250317,UBNA_026,Central Pond
HF,48000.0,12.101214082837382,99.5445,99.5506,45234.0,62225.0,Echolocation,Pipistrellus pipistrellus,0.486,0.555,-1,192000.0,/mnt/ubna_data_05/recover-20250317/UBNA_026/20250315_032000.WAV,recover-20250317,UBNA_026,Central Pond
HF,48960.0,9.688072514260522,99.6215,99.62819999999999,45234.0,61472.0,Echolocation,Pipistrellus pipistrellus,0.396,0.539,-1,192000.0,/mnt/ubna_data_05/recover-20250317/UBNA_026/20250315_032000.WAV,recover-20250317,UBNA_026,Central Pond
HF,51840.0,12.735134401779376,99.6965,99.7028,46093.0,67894.0,Echolocation,Pipistrellus pipistrellus,0.352,0.561,-1,192000.0,/mnt/ubna_data_05/recover-20250317/UBNA_026/20250315_032000.WAV,recover-20250317,UBNA_026,Central Pond
HF,52800.0,10.970895572290305,99.7685,99.7755,46093.0,64223.0,Echolocation,Pipistrellus pipistrellus,0.401,0.502,-1,192000.0,/mnt/ubna_data_05/recover-20250317/UBNA_026/20250315_032000.WAV,recover-20250317,UBNA_026,Central Pond
HF,52800.0,11.841732879333753,99.8425,99.8482,48671.0,63279.0,Echolocation,Pipistrellus pipistrellus,0.398,0.443,-1,192000.0,/mnt/ubna_data_05/recover-20250317/UBNA_026/20250315_032000.WAV,recover-20250317,UBNA_026,Central Pond
HF,47040.0,12.132109903296893,99.9225,99.9291,46093.0,63082.0,Echolocation,Pipistrellus pipistrellus,0.416,0.585,-1,192000.0,/mnt/ubna_data_05/recover-20250317/UBNA_026/20250315_032000.WAV,recover-20250317,UBNA_026,Central Pond
HF,48000.0,13.321248865639213,100.0815,100.088,46093.0,61465.0,Echolocation,Pipistrellus pipistrellus,0.239,0.453,-1,192000.0,/mnt/ubna_data_05/recover-20250317/UBNA_026/20250315_032000.WAV,recover-20250317,UBNA_026,Central Pond
HF,52800.0,8.09018041404064,100.1515,100.1557,44375.0,63502.0,Echolocation,Myotis alcathoe,0.155,0.325,-1,192000.0,/mnt/ubna_data_05/recover-20250317/UBNA_026/20250315_032000.WAV,recover-20250317,UBNA_026,Central Pond
HF,48960.0,6.333563236784459,100.23349999999999,100.2415,46953.0,63968.0,Echolocation,Pipistrellus pipistrellus,0.305,0.47,-1,192000.0,/mnt/ubna_data_05/recover-20250317/UBNA_026/20250315_032000.WAV,recover-20250317,UBNA_026,Central Pond
HF,52800.0,7.510265319177384,100.2945,100.3028,50390.0,61105.0,Echolocation,Pipistrellus pipistrellus,0.199,0.287,-1,192000.0,/mnt/ubna_data_05/recover-20250317/UBNA_026/20250315_032000.WAV,recover-20250317,UBNA_026,Central Pond
HF,51840.0,7.542682643803083,100.3545,100.3609,48671.0,60208.0,Echolocation,Pipistrellus pipistrellus,0.245,0.295,-1,192000.0,/mnt/ubna_data_05/recover-20250317/UBNA_026/20250315_032000.WAV,recover-20250317,UBNA_026,Central Pond
HF,52800.0,3.9867757059052202,100.4015,100.4115,51250.0,58805.0,Echolocation,Pipistrellus pipistrellus,0.166,0.249,-1,192000.0,/mnt/ubna_data_05/recover-20250317/UBNA_026/20250315_032000.WAV,recover-20250317,UBNA_026,Central Pond
HF,52800.0,9.155878643954674,100.4695,100.4731,44375.0,70156.0,Echolocation,Myotis alcathoe,0.181,0.318,-1,192000.0,/mnt/ubna_data_05/recover-20250317/UBNA_026/20250315_032000.WAV,recover-20250317,UBNA_026,Central Pond
HF,53760.0,6.159718066308322,100.8255,100.8338,52109.0,62516.0,Echolocation,Pipistrellus pipistrellus,0.281,0.355,-1,192000.0,/mnt/ubna_data_05/recover-20250317/UBNA_026/20250315_032000.WAV,recover-20250317,UBNA_026,Central Pond
HF,53760.0,3.7547819304622703,100.9845,100.9958,51250.0,57874.0,Echolocation,Pipistrellus pipistrellus,0.13,0.209,-1,192000.0,/mnt/ubna_data_05/recover-20250317/UBNA_026/20250315_032000.WAV,recover-20250317,UBNA_026,Central Pond
HF,47040.0,4.380073827585108,103.7905,103.7959,45234.0,57688.0,Echolocation,Pipistrellus pipistrellus,0.111,0.293,-1,192000.0,/mnt/ubna_data_05/recover-20250317/UBNA_026/20250315_032000.WAV,recover-20250317,UBNA_026,Central Pond
HF,48000.0,2.471357418948194,104.2555,104.2635,46093.0,52218.0,Echolocation,Pipistrellus pipistrellus,0.279,0.298,-1,192000.0,/mnt/ubna_data_05/recover-20250317/UBNA_026/20250315_032000.WAV,recover-20250317,UBNA_026,Central Pond
HF,48000.0,3.6616115592352925,105.0035,105.01089999999999,46093.0,60073.0,Echolocation,Pipistrellus pipistrellus,0.14,0.239,-1,192000.0,/mnt/ubna_data_05/recover-20250317/UBNA_026/20250315_032000.WAV,recover-20250317,UBNA_026,Central Pond
HF,46080.0,4.574760008214164,105.0785,105.0853,44375.0,60129.0,Echolocation,Pipistrellus pipistrellus,0.06,0.202,-1,192000.0,/mnt/ubna_data_05/recover-20250317/UBNA_026/20250315_032000.WAV,recover-20250317,UBNA_026,Central Pond
HF,46080.0,5.804644872985008,105.2425,105.2496,45234.0,58394.0,Echolocation,Pipistrellus pipistrellus,0.107,0.206,-1,192000.0,/mnt/ubna_data_05/recover-20250317/UBNA_026/20250315_032000.WAV,recover-20250317,UBNA_026,Central Pond
HF,45120.0,3.082286151759491,105.4855,105.4916,43515.0,55316.0,Echolocation,Pipistrellus pipistrellus,0.135,0.277,-1,192000.0,/mnt/ubna_data_05/recover-20250317/UBNA_026/20250315_032000.WAV,recover-20250317,UBNA_026,Central Pond
LF,22080.0,1.6238156004077098,198.7595,198.7719,21171.0,27607.0,Echolocation,Nyctalus noctula,0.141,0.295,-1,192000.0,/mnt/ubna_data_05/recover-20250317/UBNA_026/20250315_032000.WAV,recover-20250317,UBNA_026,Central Pond
LF,21120.0,9.154045609254043,16.7865,16.7914,17734.0,42044.0,Echolocation,Plecotus austriacus,0.124,0.209,-1,192000.0,/mnt/ubna_data_05/recover-20250317/UBNA_026/20250315_033000.WAV,recover-20250317,UBNA_026,Central Pond
LF,23040.0,0.4654509464012788,138.0065,138.0181,23750.0,29298.0,Echolocation,Nyctalus leisleri,0.109,0.244,-1,192000.0,/mnt/ubna_data_05/recover-20250317/UBNA_026/20250315_033000.WAV,recover-20250317,UBNA_026,Central Pond
HF,46080.0,4.343670254870718,47.091499999999996,47.101299999999995,46093.0,53625.0,Echolocation,Pipistrellus pipistrellus,0.382,0.399,-1,192000.0,/mnt/ubna_data_05/recover-20250317/UBNA_026/20250315_034000.WAV,recover-20250317,UBNA_026,Central Pond
HF,48000.0,1.2873062552983303,47.2445,47.2504,46953.0,56346.0,Echolocation,Pipistrellus pipistrellus,0.395,0.403,-1,192000.0,/mnt/ubna_data_05/recover-20250317/UBNA_026/20250315_034000.WAV,recover-20250317,UBNA_026,Central Pond
HF,46080.0,3.8709555502756454,47.3315,47.343599999999995,45234.0,52413.0,Echolocation,Pipistrellus pipistrellus,0.25,0.275,-1,192000.0,/mnt/ubna_data_05/recover-20250317/UBNA_026/20250315_034000.WAV,recover-20250317,UBNA_026,Central Pond
HF,45120.0,2.9098411076012405,47.573499999999996,47.589,44375.0,49735.0,Echolocation,Pipistrellus pipistrellus,0.215,0.232,-1,192000.0,/mnt/ubna_data_05/recover-20250317/UBNA_026/20250315_034000.WAV,recover-20250317,UBNA_026,Central Pond
HF,48000.0,3.729708654575747,47.658500000000004,47.6674,46953.0,59562.0,Echolocation,Pipistrellus pipistrellus,0.397,0.424,-1,192000.0,/mnt/ubna_data_05/recover-20250317/UBNA_026/20250315_034000.WAV,recover-20250317,UBNA_026,Central Pond
HF,46080.0,6.269275105540917,47.7415,47.7508,45234.0,57194.0,Echolocation,Pipistrellus pipistrellus,0.401,0.547,-1,192000.0,/mnt/ubna_data_05/recover-20250317/UBNA_026/20250315_034000.WAV,recover-20250317,UBNA_026,Central Pond
HF,48960.0,8.739688087403676,47.8215,47.8271,47812.0,62072.0,Echolocation,Pipistrellus pipistrellus,0.704,0.719,-1,192000.0,/mnt/ubna_data_05/recover-20250317/UBNA_026/20250315_034000.WAV,recover-20250317,UBNA_026,Central Pond
HF,48960.0,3.4601764013903025,47.9075,47.9139,47812.0,59577.0,Echolocation,Pipistrellus pipistrellus,0.524,0.546,-1,192000.0,/mnt/ubna_data_05/recover-20250317/UBNA_026/20250315_034000.WAV,recover-20250317,UBNA_026,Central Pond
HF,47040.0,12.919587991520231,48.0775,48.083600000000004,46093.0,62508.0,Echolocation,Pipistrellus pipistrellus,0.527,0.62,-1,192000.0,/mnt/ubna_data_05/recover-20250317/UBNA_026/20250315_034000.WAV,recover-20250317,UBNA_026,Central Pond
HF,51840.0,12.461390022190677,48.1545,48.159,48671.0,63188.0,Echolocation,Pipistrellus pipistrellus,0.688,0.708,-1,192000.0,/mnt/ubna_data_05/recover-20250317/UBNA_026/20250315_034000.WAV,recover-20250317,UBNA_026,Central Pond
HF,48960.0,9.434992055237197,48.3095,48.316900000000004,46953.0,62620.0,Echolocation,Pipistrellus pipistrellus,0.445,0.518,-1,192000.0,/mnt/ubna_data_05/recover-20250317/UBNA_026/20250315_034000.WAV,recover-20250317,UBNA_026,Central Pond
HF,48960.0,7.0449832051321675,48.3955,48.4023,48671.0,54944.0,Echolocation,Pipistrellus pipistrellus,0.516,0.524,-1,192000.0,/mnt/ubna_data_05/recover-20250317/UBNA_026/20250315_034000.WAV,recover-20250317,UBNA_026,Central Pond
HF,48960.0,10.800194506674337,48.4875,48.492999999999995,47812.0,60697.0,Echolocation,Pipistrellus pipistrellus,0.587,0.609,-1,192000.0,/mnt/ubna_data_05/recover-20250317/UBNA_026/20250315_034000.WAV,recover-20250317,UBNA_026,Central Pond
HF,52800.0,11.511173585107844,48.579499999999996,48.584,49531.0,59393.0,Echolocation,Pipistrellus pipistrellus,0.41,0.438,-1,192000.0,/mnt/ubna_data_05/recover-20250317/UBNA_026/20250315_034000.WAV,recover-20250317,UBNA_026,Central Pond
HF,51840.0,11.15788547043065,48.6695,48.675799999999995,46953.0,63358.0,Echolocation,Pipistrellus pipistrellus,0.461,0.534,-1,192000.0,/mnt/ubna_data_05/recover-20250317/UBNA_026/20250315_034000.WAV,recover-20250317,UBNA_026,Central Pond
HF,51840.0,16.41257010039859,48.7615,48.7661,47812.0,61049.0,Echolocation,Pipistrellus pipistrellus,0.55,0.584,-1,192000.0,/mnt/ubna_data_05/recover-20250317/UBNA_026/20250315_034000.WAV,recover-20250317,UBNA_026,Central Pond
HF,51840.0,20.000942139759125,48.8505,48.857,45234.0,65857.0,Echolocation,Pipistrellus pipistrellus,0.496,0.573,-1,192000.0,/mnt/ubna_data_05/recover-20250317/UBNA_026/20250315_034000.WAV,recover-20250317,UBNA_026,Central Pond
HF,48000.0,19.856485160795682,48.935500000000005,48.9406,46093.0,65793.0,Echolocation,Pipistrellus pipistrellus,0.559,0.598,-1,192000.0,/mnt/ubna_data_05/recover-20250317/UBNA_026/20250315_034000.WAV,recover-20250317,UBNA_026,Central Pond
HF,47040.0,13.769292626250829,49.0305,49.0353,44375.0,56567.0,Echolocation,Pipistrellus pipistrellus,0.438,0.491,-1,192000.0,/mnt/ubna_data_05/recover-20250317/UBNA_026/20250315_034000.WAV,recover-20250317,UBNA_026,Central Pond
HF,47040.0,13.040849313709126,49.1155,49.1233,46953.0,62205.0,Echolocation,Pipistrellus pipistrellus,0.487,0.55,-1,192000.0,/mnt/ubna_data_05/recover-20250317/UBNA_026/20250315_034000.WAV,recover-20250317,UBNA_026,Central Pond
HF,47040.0,20.966155211893263,49.305499999999995,49.3107,43515.0,62375.0,Echolocation,Pipistrellus pipistrellus,0.563,0.635,-1,192000.0,/mnt/ubna_data_05/recover-20250317/UBNA_026/20250315_034000.WAV,recover-20250317,UBNA_026,Central Pond
HF,46080.0,10.780793621576235,49.3985,49.407,45234.0,59325.0,Echolocation,Pipistrellus pipistrellus,0.492,0.54,-1,192000.0,/mnt/ubna_data_05/recover-20250317/UBNA_026/20250315_034000.WAV,recover-20250317,UBNA_026,Central Pond
HF,46080.0,21.870057156336276,49.4915,49.4979,45234.0,62649.0,Echolocation,Pipistrellus pipistrellus,0.573,0.625,-1,192000.0,/mnt/ubna_data_05/recover-20250317/UBNA_026/20250315_034000.WAV,recover-20250317,UBNA_026,Central Pond
HF,48960.0,22.227674461665814,49.6545,49.6619,45234.0,64134.0,Echolocation,Pipistrellus pipistrellus,0.514,0.633,-1,192000.0,/mnt/ubna_data_05/recover-20250317/UBNA_026/20250315_034000.WAV,recover-20250317,UBNA_026,Central Pond
HF,46080.0,17.912378902866596,49.7425,49.75,44375.0,61009.0,Echolocation,Pipistrellus pipistrellus,0.391,0.486,-1,192000.0,/mnt/ubna_data_05/recover-20250317/UBNA_026/20250315_034000.WAV,recover-20250317,UBNA_026,Central Pond
HF,46080.0,27.451288938127387,49.8315,49.8384,45234.0,65657.0,Echolocation,Pipistrellus pipistrellus,0.585,0.64,-1,192000.0,/mnt/ubna_data_05/recover-20250317/UBNA_026/20250315_034000.WAV,recover-20250317,UBNA_026,Central Pond
HF,47040.0,9.60396674646921,49.9165,49.9215,45234.0,56221.0,Echolocation,Pipistrellus pipistrellus,0.535,0.561,-1,192000.0,/mnt/ubna_data_05/recover-20250317/UBNA_026/20250315_034000.WAV,recover-20250317,UBNA_026,Central Pond
HF,46080.0,16.75159201061115,50.0015,50.0078,44375.0,62149.0,Echolocation,Pipistrellus pipistrellus,0.321,0.378,-1,192000.0,/mnt/ubna_data_05/recover-20250317/UBNA_026/20250315_034000.WAV,recover-20250317,UBNA_026,Central Pond
HF,46080.0,7.291353803864783,50.0925,50.1007,45234.0,57760.0,Echolocation,Pipistrellus pipistrellus,0.355,0.389,-1,192000.0,/mnt/ubna_data_05/recover-20250317/UBNA_026/20250315_034000.WAV,recover-20250317,UBNA_026,Central Pond
HF,46080.0,20.6851566318646,50.177499999999995,50.1839,44375.0,62457.0,Echolocation,Pipistrellus pipistrellus,0.532,0.609,-1,192000.0,/mnt/ubna_data_05/recover-20250317/UBNA_026/20250315_034000.WAV,recover-20250317,UBNA_026,Central Pond
HF,46080.0,28.645152920829346,50.2735,50.279399999999995,44375.0,62379.0,Echolocation,Pipistrellus pipistrellus,0.574,0.63,-1,192000.0,/mnt/ubna_data_05/recover-20250317/UBNA_026/20250315_034000.WAV,recover-20250317,UBNA_026,Central Pond
HF,45120.0,19.365980881307156,50.3635,50.3733,43515.0,64081.0,Echolocation,Pipistrellus pipistrellus,0.457,0.613,-1,192000.0,/mnt/ubna_data_05/recover-20250317/UBNA_026/20250315_034000.WAV,recover-20250317,UBNA_026,Central Pond
HF,45120.0,10.855825665608151,50.4465,50.455200000000005,44375.0,57517.0,Echolocation,Pipistrellus pipistrellus,0.59,0.693,-1,192000.0,/mnt/ubna_data_05/recover-20250317/UBNA_026/20250315_034000.WAV,recover-20250317,UBNA_026,Central Pond
HF,45120.0,7.7466271905270165,50.5295,50.537800000000004,45234.0,52397.0,Echolocation,Pipistrellus pipistrellus,0.483,0.573,-1,192000.0,/mnt/ubna_data_05/recover-20250317/UBNA_026/20250315_034000.WAV,recover-20250317,UBNA_026,Central Pond
HF,45120.0,9.56447948027386,50.6095,50.6174,45234.0,52274.0,Echolocation,Pipistrellus pipistrellus,0.572,0.66,-1,192000.0,/mnt/ubna_data_05/recover-20250317/UBNA_026/20250315_034000.WAV,recover-20250317,UBNA_026,Central Pond
HF,45120.0,9.139739051259534,50.6905,50.7029,44375.0,51332.0,Echolocation,Pipistrellus pipistrellus,0.486,0.56,-1,192000.0,/mnt/ubna_data_05/recover-20250317/UBNA_026/20250315_034000.WAV,recover-20250317,UBNA_026,Central Pond
HF,45120.0,13.597185687989482,50.7735,50.7832,43515.0,59156.0,Echolocation,Pipistrellus pipistrellus,0.421,0.582,-1,192000.0,/mnt/ubna_data_05/recover-20250317/UBNA_026/20250315_034000.WAV,recover-20250317,UBNA_026,Central Pond
HF,46080.0,17.23232582678435,50.8615,50.8695,43515.0,62182.0,Echolocation,Pipistrellus pipistrellus,0.56,0.69,-1,192000.0,/mnt/ubna_data_05/recover-20250317/UBNA_026/20250315_034000.WAV,recover-20250317,UBNA_026,Central Pond
HF,45120.0,20.859680973875893,51.0325,51.0392,43515.0,62740.0,Echolocation,Pipistrellus pipistrellus,0.662,0.744,-1,192000.0,/mnt/ubna_data_05/recover-20250317/UBNA_026/20250315_034000.WAV,recover-20250317,UBNA_026,Central Pond
HF,45120.0,4.28049602322204,51.1275,51.134699999999995,45234.0,56068.0,Echolocation,Pipistrellus pipistrellus,0.488,0.519,-1,192000.0,/mnt/ubna_data_05/recover-20250317/UBNA_026/20250315_034000.WAV,recover-20250317,UBNA_026,Central Pond
HF,45120.0,15.90675880972178,51.286500000000004,51.2933,43515.0,60499.0,Echolocation,Pipistrellus pipistrellus,0.59,0.661,-1,192000.0,/mnt/ubna_data_05/recover-20250317/UBNA_026/20250315_034000.WAV,recover-20250317,UBNA_026,Central Pond
HF,44160.0,9.598378979476724,51.448499999999996,51.4577,43515.0,50466.0,Echolocation,Pipistrellus pipistrellus,0.495,0.537,-1,192000.0,/mnt/ubna_data_05/recover-20250317/UBNA_026/20250315_034000.WAV,recover-20250317,UBNA_026,Central Pond
HF,45120.0,10.718824779356911,51.536500000000004,51.543800000000005,43515.0,58027.0,Echolocation,Pipistrellus pipistrellus,0.551,0.612,-1,192000.0,/mnt/ubna_data_05/recover-20250317/UBNA_026/20250315_034000.WAV,recover-20250317,UBNA_026,Central Pond
HF,44160.0,5.44039266645039,51.7175,51.725300000000004,43515.0,49795.0,Echolocation,Pipistrellus pipistrellus,0.497,0.519,-1,192000.0,/mnt/ubna_data_05/recover-20250317/UBNA_026/20250315_034000.WAV,recover-20250317,UBNA_026,Central Pond
HF,44160.0,5.8289269178637495,51.8735,51.8828,43515.0,50959.0,Echolocation,Pipistrellus pipistrellus,0.486,0.505,-1,192000.0,/mnt/ubna_data_05/recover-20250317/UBNA_026/20250315_034000.WAV,recover-20250317,UBNA_026,Central Pond
HF,45120.0,5.722047896044961,52.1355,52.1446,43515.0,54949.0,Echolocation,Pipistrellus pipistrellus,0.174,0.299,-1,192000.0,/mnt/ubna_data_05/recover-20250317/UBNA_026/20250315_034000.WAV,recover-20250317,UBNA_026,Central Pond
HF,45120.0,2.3771647261584423,53.0105,53.0169,44375.0,50224.0,Echolocation,Pipistrellus pipistrellus,0.312,0.319,-1,192000.0,/mnt/ubna_data_05/recover-20250317/UBNA_026/20250315_034000.WAV,recover-20250317,UBNA_026,Central Pond
LF,20160.0,0.6234422878173694,96.3925,96.4147,19453.0,22645.0,Echolocation,Nyctalus noctula,0.122,0.209,-1,192000.0,/mnt/ubna_data_05/recover-20250317/UBNA_026/20250315_034000.WAV,recover-20250317,UBNA_026,Central Pond
LF,21120.0,-0.59200259096586,265.3455,265.3669,20312.0,23619.0,Echolocation,Nyctalus noctula,0.167,0.276,-1,192000.0,/mnt/ubna_data_05/recover-20250317/UBNA_026/20250315_034000.WAV,recover-20250317,UBNA_026,Central Pond
LF,21120.0,10.547249091192636,281.4695,281.4745,17734.0,42744.0,Echolocation,Plecotus austriacus,0.129,0.221,-1,192000.0,/mnt/ubna_data_05/recover-20250317/UBNA_026/20250315_034000.WAV,recover-20250317,UBNA_026,Central Pond
LF,22080.0,-0.116303906463495,290.6625,290.6782,22890.0,26946.0,Echolocation,Nyctalus leisleri,0.111,0.213,-1,192000.0,/mnt/ubna_data_05/recover-20250317/UBNA_026/20250315_034000.WAV,recover-20250317,UBNA_026,Central Pond
HF,42240.0,1.7162965149744205,295.4235,295.4295,40937.0,50630.0,Echolocation,Pipistrellus nathusii,0.101,0.211,-1,192000.0,/mnt/ubna_data_05/recover-20250317/UBNA_026/20250315_034000.WAV,recover-20250317,UBNA_026,Central Pond
HF,42240.0,2.471153155596587,295.5915,295.6014,40937.0,48614.0,Echolocation,Pipistrellus nathusii,0.184,0.216,-1,192000.0,/mnt/ubna_data_05/recover-20250317/UBNA_026/20250315_034000.WAV,recover-20250317,UBNA_026,Central Pond
HF,44160.0,1.8681010095032222,295.6815,295.6883,40937.0,52389.0,Echolocation,Pipistrellus nathusii,0.083,0.247,-1,192000.0,/mnt/ubna_data_05/recover-20250317/UBNA_026/20250315_034000.WAV,recover-20250317,UBNA_026,Central Pond
HF,42240.0,3.044394602216935,54.911500000000004,54.930800000000005,41796.0,43818.0,Echolocation,Pipistrellus pipistrellus,0.191,0.247,-1,192000.0,/mnt/ubna_data_05/recover-20250317/UBNA_026/20250315_035000.WAV,recover-20250317,UBNA_026,Central Pond
LF,21120.0,4.510834541533578,42.3065,42.3146,19453.0,28314.0,Echolocation,Plecotus austriacus,0.091,0.251,-1,192000.0,/mnt/ubna_data_05/recover-20250317/UBNA_026/20250315_040000.WAV,recover-20250317,UBNA_026,Central Pond
LF,24960.0,1.6516309006266314,83.3145,83.324,23750.0,31890.0,Echolocation,Eptesicus serotinus,0.115,0.229,-1,192000.0,/mnt/ubna_data_05/recover-20250317/UBNA_026/20250315_040000.WAV,recover-20250317,UBNA_026,Central Pond
LF,26880.0,1.0861495479732062,142.9195,142.9287,23750.0,30912.0,Echolocation,Eptesicus serotinus,0.104,0.223,-1,192000.0,/mnt/ubna_data_05/recover-20250317/UBNA_026/20250315_040000.WAV,recover-20250317,UBNA_026,Central Pond
HF,50880.0,2.40726915791971,194.5855,194.5977,50390.0,54602.0,Echolocation,Pipistrellus pipistrellus,0.148,0.213,-1,192000.0,/mnt/ubna_data_05/recover-20250317/UBNA_026/20250315_040000.WAV,recover-20250317,UBNA_026,Central Pond
LF,20160.0,2.2620381314503812,220.7165,220.7255,18593.0,26742.0,Echolocation,Plecotus austriacus,0.071,0.23,-1,192000.0,/mnt/ubna_data_05/recover-20250317/UBNA_026/20250315_040000.WAV,recover-20250317,UBNA_026,Central Pond
LF,27840.0,1.6047225174063287,243.6695,243.6763,25468.0,36245.0,Echolocation,Eptesicus serotinus,0.135,0.334,-1,192000.0,/mnt/ubna_data_05/recover-20250317/UBNA_026/20250315_040000.WAV,recover-20250317,UBNA_026,Central Pond
LF,26880.0,1.0521807930492892,248.0785,248.092,25468.0,29856.0,Echolocation,Nyctalus leisleri,0.117,0.219,-1,192000.0,/mnt/ubna_data_05/recover-20250317/UBNA_026/20250315_040000.WAV,recover-20250317,UBNA_026,Central Pond
LF,22080.0,3.0915959040691803,27.7765,27.7838,20312.0,28586.0,Echolocation,Plecotus austriacus,0.109,0.218,-1,192000.0,/mnt/ubna_data_05/recover-20250317/UBNA_026/20250315_041000.WAV,recover-20250317,UBNA_026,Central Pond
LF,23040.0,2.767670865275478,56.5025,56.513999999999996,22031.0,27155.0,Echolocation,Nyctalus leisleri,0.09,0.21,-1,192000.0,/mnt/ubna_data_05/recover-20250317/UBNA_026/20250315_041000.WAV,recover-20250317,UBNA_026,Central Pond
LF,21120.0,2.360312913649663,75.8165,75.8251,20312.0,28370.0,Echolocation,Plecotus austriacus,0.104,0.304,-1,192000.0,/mnt/ubna_data_05/recover-20250317/UBNA_026/20250315_041000.WAV,recover-20250317,UBNA_026,Central Pond
LF,22080.0,1.208633391691027,8.0055,8.0189,22031.0,26814.0,Echolocation,Nyctalus leisleri,0.111,0.239,-1,192000.0,/mnt/ubna_data_05/recover-20250317/UBNA_026/20250315_043000.WAV,recover-20250317,UBNA_026,Central Pond
LF,29760.0,0.6971765586132161,26.9045,26.9209,28906.0,32812.0,Echolocation,Nyctalus leisleri,0.093,0.202,-1,192000.0,/mnt/ubna_data_05/recover-20250317/UBNA_026/20250315_044000.WAV,recover-20250317,UBNA_026,Central Pond
LF,29760.0,2.8763395798612352,144.8245,144.8357,28906.0,34175.0,Echolocation,Eptesicus serotinus,0.142,0.211,-1,192000.0,/mnt/ubna_data_05/recover-20250317/UBNA_026/20250315_044000.WAV,recover-20250317,UBNA_026,Central Pond
LF,28800.0,2.585041423008772,216.3725,216.3832,26328.0,32157.0,Echolocation,Eptesicus serotinus,0.129,0.239,-1,192000.0,/mnt/ubna_data_05/recover-20250317/UBNA_026/20250315_044000.WAV,recover-20250317,UBNA_026,Central Pond
HF,52800.0,3.050955448899733,245.7685,245.7783,49531.0,57624.0,Echolocation,Pipistrellus pipistrellus,0.173,0.216,-1,192000.0,/mnt/ubna_data_05/recover-20250317/UBNA_026/20250315_044000.WAV,recover-20250317,UBNA_026,Central Pond
HF,51840.0,6.684593317802485,245.8625,245.8706,50390.0,58071.0,Echolocation,Pipistrellus pipistrellus,0.304,0.471,-1,192000.0,/mnt/ubna_data_05/recover-20250317/UBNA_026/20250315_044000.WAV,recover-20250317,UBNA_026,Central Pond
HF,52800.0,6.1632209895105605,245.9415,245.94819999999999,51250.0,58037.0,Echolocation,Pipistrellus pipistrellus,0.298,0.468,-1,192000.0,/mnt/ubna_data_05/recover-20250317/UBNA_026/20250315_044000.WAV,recover-20250317,UBNA_026,Central Pond
HF,52800.0,8.618484670269176,246.0385,246.0437,51250.0,57481.0,Echolocation,Pipistrellus pygmaeus,0.444,0.487,-1,192000.0,/mnt/ubna_data_05/recover-20250317/UBNA_026/20250315_044000.WAV,recover-20250317,UBNA_026,Central Pond
HF,51840.0,7.546179752248112,246.1295,246.1346,48671.0,56197.0,Echolocation,Pipistrellus pipistrellus,0.215,0.272,-1,192000.0,/mnt/ubna_data_05/recover-20250317/UBNA_026/20250315_044000.WAV,recover-20250317,UBNA_026,Central Pond
HF,51840.0,9.094816246755947,246.2235,246.2298,51250.0,60253.0,Echolocation,Pipistrellus pygmaeus,0.232,0.472,-1,192000.0,/mnt/ubna_data_05/recover-20250317/UBNA_026/20250315_044000.WAV,recover-20250317,UBNA_026,Central Pond
HF,51840.0,7.374701342346448,246.3125,246.3172,47812.0,59710.0,Echolocation,Pipistrellus pipistrellus,0.22,0.328,-1,192000.0,/mnt/ubna_data_05/recover-20250317/UBNA_026/20250315_044000.WAV,recover-20250317,UBNA_026,Central Pond
HF,51840.0,12.383853614079454,246.4035,246.4093,50390.0,59696.0,Echolocation,Pipistrellus pipistrellus,0.266,0.445,-1,192000.0,/mnt/ubna_data_05/recover-20250317/UBNA_026/20250315_044000.WAV,recover-20250317,UBNA_026,Central Pond
HF,52800.0,13.233286443340583,246.4945,246.5005,51250.0,59784.0,Echolocation,Pipistrellus pygmaeus,0.256,0.298,-1,192000.0,/mnt/ubna_data_05/recover-20250317/UBNA_026/20250315_044000.WAV,recover-20250317,UBNA_026,Central Pond
HF,52800.0,16.60619954480768,246.5875,246.5936,50390.0,59679.0,Echolocation,Pipistrellus pygmaeus,0.171,0.309,-1,192000.0,/mnt/ubna_data_05/recover-20250317/UBNA_026/20250315_044000.WAV,recover-20250317,UBNA_026,Central Pond
HF,51840.0,15.106403030762156,246.7345,246.7394,49531.0,61174.0,Echolocation,Pipistrellus pipistrellus,0.332,0.455,-1,192000.0,/mnt/ubna_data_05/recover-20250317/UBNA_026/20250315_044000.WAV,recover-20250317,UBNA_026,Central Pond
HF,53760.0,9.797555593968454,246.8145,246.8202,49531.0,59319.0,Echolocation,Pipistrellus pipistrellus,0.164,0.257,-1,192000.0,/mnt/ubna_data_05/recover-20250317/UBNA_026/20250315_044000.WAV,recover-20250317,UBNA_026,Central Pond
HF,51840.0,13.291349681431083,246.9295,246.9384,50390.0,58307.0,Echolocation,Pipistrellus pygmaeus,0.265,0.369,-1,192000.0,/mnt/ubna_data_05/recover-20250317/UBNA_026/20250315_044000.WAV,recover-20250317,UBNA_026,Central Pond
HF,51840.0,11.509635733238996,247.0155,247.0199,49531.0,58295.0,Echolocation,Pipistrellus pipistrellus,0.271,0.409,-1,192000.0,/mnt/ubna_data_05/recover-20250317/UBNA_026/20250315_044000.WAV,recover-20250317,UBNA_026,Central Pond
HF,54720.0,15.57833229462336,247.1025,247.1099,50390.0,62772.0,Echolocation,Pipistrellus pipistrellus,0.254,0.522,-1,192000.0,/mnt/ubna_data_05/recover-20250317/UBNA_026/20250315_044000.WAV,recover-20250317,UBNA_026,Central Pond
HF,52800.0,10.347961071452861,247.1835,247.1911,49531.0,62040.0,Echolocation,Pipistrellus pipistrellus,0.209,0.413,-1,192000.0,/mnt/ubna_data_05/recover-20250317/UBNA_026/20250315_044000.WAV,recover-20250317,UBNA_026,Central Pond
HF,52800.0,17.870031680712955,247.2705,247.2773,52109.0,62419.0,Echolocation,Pipistrellus pygmaeus,0.355,0.417,-1,192000.0,/mnt/ubna_data_05/recover-20250317/UBNA_026/20250315_044000.WAV,recover-20250317,UBNA_026,Central Pond
HF,52800.0,9.026892121034646,247.3565,247.3623,48671.0,59967.0,Echolocation,Pipistrellus pipistrellus,0.177,0.249,-1,192000.0,/mnt/ubna_data_05/recover-20250317/UBNA_026/20250315_044000.WAV,recover-20250317,UBNA_026,Central Pond
HF,51840.0,14.136720422910326,247.44650000000001,247.4534,50390.0,61034.0,Echolocation,Pipistrellus pipistrellus,0.335,0.513,-1,192000.0,/mnt/ubna_data_05/recover-20250317/UBNA_026/20250315_044000.WAV,recover-20250317,UBNA_026,Central Pond
HF,51840.0,17.764828376867566,247.5305,247.5384,49531.0,65481.0,Echolocation,Pipistrellus pipistrellus,0.338,0.514,-1,192000.0,/mnt/ubna_data_05/recover-20250317/UBNA_026/20250315_044000.WAV,recover-20250317,UBNA_026,Central Pond
HF,52800.0,8.687303865927525,247.6135,247.6173,49531.0,58888.0,Echolocation,Pipistrellus pipistrellus,0.27,0.38,-1,192000.0,/mnt/ubna_data_05/recover-20250317/UBNA_026/20250315_044000.WAV,recover-20250317,UBNA_026,Central Pond
HF,52800.0,16.788164974897896,247.7055,247.7178,49531.0,65542.0,Echolocation,Pipistrellus pipistrellus,0.332,0.52,-1,192000.0,/mnt/ubna_data_05/recover-20250317/UBNA_026/20250315_044000.WAV,recover-20250317,UBNA_026,Central Pond
HF,51840.0,9.520446412553977,247.7895,247.7973,51250.0,60570.0,Echolocation,Pipistrellus pipistrellus,0.295,0.585,-1,192000.0,/mnt/ubna_data_05/recover-20250317/UBNA_026/20250315_044000.WAV,recover-20250317,UBNA_026,Central Pond
HF,50880.0,16.271872723491526,247.8775,247.8855,49531.0,62157.0,Echolocation,Pipistrellus pipistrellus,0.395,0.595,-1,192000.0,/mnt/ubna_data_05/recover-20250317/UBNA_026/20250315_044000.WAV,recover-20250317,UBNA_026,Central Pond
HF,58560.0,6.617364922725858,247.8775,247.8831,58984.0,67900.0,Echolocation,Pipistrellus pygmaeus,0.301,0.304,-1,192000.0,/mnt/ubna_data_05/recover-20250317/UBNA_026/20250315_044000.WAV,recover-20250317,UBNA_026,Central Pond
HF,51840.0,8.732195346608863,247.9695,247.9755,49531.0,58784.0,Echolocation,Pipistrellus pipistrellus,0.288,0.379,-1,192000.0,/mnt/ubna_data_05/recover-20250317/UBNA_026/20250315_044000.WAV,recover-20250317,UBNA_026,Central Pond
HF,51840.0,16.022899934839003,248.0575,248.0682,48671.0,69532.0,Echolocation,Pipistrellus pipistrellus,0.354,0.524,-1,192000.0,/mnt/ubna_data_05/recover-20250317/UBNA_026/20250315_044000.WAV,recover-20250317,UBNA_026,Central Pond
HF,52800.0,11.770204573884042,248.1495,248.1572,45234.0,56582.0,Echolocation,Pipistrellus pipistrellus,0.123,0.225,-1,192000.0,/mnt/ubna_data_05/recover-20250317/UBNA_026/20250315_044000.WAV,recover-20250317,UBNA_026,Central Pond
HF,52800.0,10.213317888701578,248.1515,248.1578,50390.0,59457.0,Echolocation,Pipistrellus pipistrellus,0.172,0.229,-1,192000.0,/mnt/ubna_data_05/recover-20250317/UBNA_026/20250315_044000.WAV,recover-20250317,UBNA_026,Central Pond
HF,51840.0,13.518947464189035,248.2375,248.2454,49531.0,67078.0,Echolocation,Pipistrellus pipistrellus,0.383,0.586,-1,192000.0,/mnt/ubna_data_05/recover-20250317/UBNA_026/20250315_044000.WAV,recover-20250317,UBNA_026,Central Pond
HF,53760.0,10.24207182198785,248.3285,248.3353,50390.0,62528.0,Echolocation,Pipistrellus pipistrellus,0.252,0.39,-1,192000.0,/mnt/ubna_data_05/recover-20250317/UBNA_026/20250315_044000.WAV,recover-20250317,UBNA_026,Central Pond
HF,52800.0,16.73101748678779,248.4215,248.4307,48671.0,64828.0,Echolocation,Pipistrellus pipistrellus,0.43,0.564,-1,192000.0,/mnt/ubna_data_05/recover-20250317/UBNA_026/20250315_044000.WAV,recover-20250317,UBNA_026,Central Pond
HF,54720.0,10.418418213039518,248.4805,248.4884,49531.0,66907.0,Echolocation,Pipistrellus pipistrellus,0.34,0.472,-1,192000.0,/mnt/ubna_data_05/recover-20250317/UBNA_026/20250315_044000.WAV,recover-20250317,UBNA_026,Central Pond
HF,52800.0,7.764145227577226,248.5565,248.564,50390.0,60189.0,Echolocation,Pipistrellus pipistrellus,0.262,0.339,-1,192000.0,/mnt/ubna_data_05/recover-20250317/UBNA_026/20250315_044000.WAV,recover-20250317,UBNA_026,Central Pond
HF,52800.0,15.47277453164487,248.6455,248.6551,47812.0,62526.0,Echolocation,Pipistrellus pipistrellus,0.38,0.474,-1,192000.0,/mnt/ubna_data_05/recover-20250317/UBNA_026/20250315_044000.WAV,recover-20250317,UBNA_026,Central Pond
HF,52800.0,11.695416449698834,248.7215,248.7295,46953.0,62408.0,Echolocation,Pipistrellus pipistrellus,0.249,0.391,-1,192000.0,/mnt/ubna_data_05/recover-20250317/UBNA_026/20250315_044000.WAV,recover-20250317,UBNA_026,Central Pond
HF,53760.0,16.909212112438556,248.8245,248.8321,49531.0,66282.0,Echolocation,Pipistrellus pipistrellus,0.411,0.489,-1,192000.0,/mnt/ubna_data_05/recover-20250317/UBNA_026/20250315_044000.WAV,recover-20250317,UBNA_026,Central Pond
HF,51840.0,5.149611953847771,248.9555,248.9627,46093.0,60216.0,Echolocation,Pipistrellus pipistrellus,0.264,0.347,-1,192000.0,/mnt/ubna_data_05/recover-20250317/UBNA_026/20250315_044000.WAV,recover-20250317,UBNA_026,Central Pond
HF,51840.0,16.235282250865644,249.0145,249.0249,46093.0,64402.0,Echolocation,Pipistrellus pipistrellus,0.321,0.394,-1,192000.0,/mnt/ubna_data_05/recover-20250317/UBNA_026/20250315_044000.WAV,recover-20250317,UBNA_026,Central Pond
HF,51840.0,3.747226429297151,249.0995,249.1059,45234.0,57692.0,Echolocation,Pipistrellus pipistrellus,0.164,0.253,-1,192000.0,/mnt/ubna_data_05/recover-20250317/UBNA_026/20250315_044000.WAV,recover-20250317,UBNA_026,Central Pond
HF,53760.0,15.068953948276985,249.1925,249.2014,49531.0,65255.0,Echolocation,Pipistrellus pipistrellus,0.377,0.532,-1,192000.0,/mnt/ubna_data_05/recover-20250317/UBNA_026/20250315_044000.WAV,recover-20250317,UBNA_026,Central Pond
HF,51840.0,7.293608393777468,249.2005,249.2073,48671.0,61739.0,Echolocation,Pipistrellus pipistrellus,0.187,0.232,-1,192000.0,/mnt/ubna_data_05/recover-20250317/UBNA_026/20250315_044000.WAV,recover-20250317,UBNA_026,Central Pond
HF,54720.0,8.890268671917184,249.2725,249.2791,47812.0,61273.0,Echolocation,Pipistrellus pipistrellus,0.313,0.362,-1,192000.0,/mnt/ubna_data_05/recover-20250317/UBNA_026/20250315_044000.WAV,recover-20250317,UBNA_026,Central Pond
HF,51840.0,17.998052780763384,249.3615,249.3684,48671.0,64593.0,Echolocation,Pipistrellus pipistrellus,0.331,0.44,-1,192000.0,/mnt/ubna_data_05/recover-20250317/UBNA_026/20250315_044000.WAV,recover-20250317,UBNA_026,Central Pond
HF,51840.0,6.445689931169216,249.4435,249.4514,47812.0,60798.0,Echolocation,Pipistrellus pipistrellus,0.288,0.327,-1,192000.0,/mnt/ubna_data_05/recover-20250317/UBNA_026/20250315_044000.WAV,recover-20250317,UBNA_026,Central Pond
HF,51840.0,11.619695169707411,249.5505,249.5584,47812.0,62032.0,Echolocation,Pipistrellus pipistrellus,0.453,0.532,-1,192000.0,/mnt/ubna_data_05/recover-20250317/UBNA_026/20250315_044000.WAV,recover-20250317,UBNA_026,Central Pond
HF,51840.0,2.421626383167778,249.7035,249.71,50390.0,59188.0,Echolocation,Pipistrellus pipistrellus,0.201,0.268,-1,192000.0,/mnt/ubna_data_05/recover-20250317/UBNA_026/20250315_044000.WAV,recover-20250317,UBNA_026,Central Pond
HF,51840.0,9.553785024461405,249.7725,249.7789,49531.0,63518.0,Echolocation,Pipistrellus pipistrellus,0.409,0.489,-1,192000.0,/mnt/ubna_data_05/recover-20250317/UBNA_026/20250315_044000.WAV,recover-20250317,UBNA_026,Central Pond
HF,51840.0,4.067295996057194,249.8695,249.87630000000001,50390.0,58926.0,Echolocation,Pipistrellus pipistrellus,0.18,0.267,-1,192000.0,/mnt/ubna_data_05/recover-20250317/UBNA_026/20250315_044000.WAV,recover-20250317,UBNA_026,Central Pond
HF,51840.0,10.330924181083294,249.9835,249.9908,46953.0,63205.0,Echolocation,Pipistrellus pipistrellus,0.255,0.379,-1,192000.0,/mnt/ubna_data_05/recover-20250317/UBNA_026/20250315_044000.WAV,recover-20250317,UBNA_026,Central Pond
HF,51840.0,2.639938216079625,250.0775,250.086,50390.0,55424.0,Echolocation,Pipistrellus pipistrellus,0.163,0.203,-1,192000.0,/mnt/ubna_data_05/recover-20250317/UBNA_026/20250315_044000.WAV,recover-20250317,UBNA_026,Central Pond
HF,51840.0,4.88226793258479,250.1685,250.1763,48671.0,60900.0,Echolocation,Pipistrellus pipistrellus,0.39,0.453,-1,192000.0,/mnt/ubna_data_05/recover-20250317/UBNA_026/20250315_044000.WAV,recover-20250317,UBNA_026,Central Pond
HF,51840.0,5.7233537434595485,250.3455,250.3526,47812.0,60136.0,Echolocation,Pipistrellus pipistrellus,0.48,0.542,-1,192000.0,/mnt/ubna_data_05/recover-20250317/UBNA_026/20250315_044000.WAV,recover-20250317,UBNA_026,Central Pond
HF,51840.0,6.641404732809123,250.5375,250.5437,47812.0,57970.0,Echolocation,Pipistrellus pipistrellus,0.632,0.657,-1,192000.0,/mnt/ubna_data_05/recover-20250317/UBNA_026/20250315_044000.WAV,recover-20250317,UBNA_026,Central Pond
HF,51840.0,5.0861064667402145,250.7355,250.7447,51250.0,56573.0,Echolocation,Pipistrellus pipistrellus,0.175,0.237,-1,192000.0,/mnt/ubna_data_05/recover-20250317/UBNA_026/20250315_044000.WAV,recover-20250317,UBNA_026,Central Pond
LF,24960.0,1.485844380376225,276.5675,276.5761,22890.0,31462.0,Echolocation,Eptesicus serotinus,0.066,0.206,-1,192000.0,/mnt/ubna_data_05/recover-20250317/UBNA_026/20250315_044000.WAV,recover-20250317,UBNA_026,Central Pond
LF,21120.0,2.401211105099011,287.0655,287.0748,20312.0,27664.0,Echolocation,Plecotus austriacus,0.071,0.215,-1,192000.0,/mnt/ubna_data_05/recover-20250317/UBNA_026/20250315_044000.WAV,recover-20250317,UBNA_026,Central Pond
LF,19200.0,1.316005281066093,54.320499999999996,54.3418,17734.0,20999.0,Echolocation,Nyctalus noctula,0.132,0.203,-1,192000.0,/mnt/ubna_data_05/recover-20250317/UBNA_026/20250315_045000.WAV,recover-20250317,UBNA_026,Central Pond
LF,28800.0,2.7990046491001164,88.5605,88.5662,26328.0,37805.0,Echolocation,Plecotus auritus,0.124,0.318,-1,192000.0,/mnt/ubna_data_05/recover-20250317/UBNA_026/20250315_045000.WAV,recover-20250317,UBNA_026,Central Pond
LF,22080.0,2.587704369561937,191.4345,191.4389,23750.0,38876.0,Echolocation,Plecotus austriacus,0.18,0.233,-1,192000.0,/mnt/ubna_data_05/recover-20250317/UBNA_026/20250315_045000.WAV,recover-20250317,UBNA_026,Central Pond
HF,44160.0,7.352369318199447,212.0025,212.0058,39218.0,61936.0,Echolocation,Myotis mystacinus,0.117,0.26,-1,192000.0,/mnt/ubna_data_05/recover-20250317/UBNA_026/20250315_045000.WAV,recover-20250317,UBNA_026,Central Pond
LF,23040.0,0.1787138212611809,229.0985,229.1132,23750.0,28447.0,Echolocation,Nyctalus leisleri,0.157,0.321,-1,192000.0,/mnt/ubna_data_05/recover-20250317/UBNA_026/20250315_045000.WAV,recover-20250317,UBNA_026,Central Pond
LF,21120.0,3.4038391099484286,273.4025,273.4083,16015.0,28264.0,Echolocation,Plecotus auritus,0.16,0.205,-1,192000.0,/mnt/ubna_data_05/recover-20250317/UBNA_026/20250315_045000.WAV,recover-20250317,UBNA_026,Central Pond
LF,21120.0,2.4006011230314455,275.2925,275.3016,20312.0,28107.0,Echolocation,Plecotus austriacus,0.08,0.226,-1,192000.0,/mnt/ubna_data_05/recover-20250317/UBNA_026/20250315_045000.WAV,recover-20250317,UBNA_026,Central Pond
LF,28800.0,2.3189852241874713,288.6295,288.6402,28906.0,35871.0,Echolocation,Eptesicus serotinus,0.215,0.299,-1,192000.0,/mnt/ubna_data_05/recover-20250317/UBNA_026/20250315_045000.WAV,recover-20250317,UBNA_026,Central Pond
LF,23040.0,0.2119861601519259,222.4835,222.5008,23750.0,27626.0,Echolocation,Nyctalus leisleri,0.105,0.203,-1,192000.0,/mnt/ubna_data_05/recover-20250317/UBNA_026/20250315_050000.WAV,recover-20250317,UBNA_026,Central Pond
LF,22080.0,0.6448326652534946,247.9165,247.9333,22031.0,27056.0,Echolocation,Nyctalus noctula,0.106,0.206,-1,192000.0,/mnt/ubna_data_05/recover-20250317/UBNA_026/20250315_052000.WAV,recover-20250317,UBNA_026,Central Pond
LF,28800.0,0.15642658752725389,212.3135,212.3241,25468.0,32592.0,Echolocation,Eptesicus serotinus,0.12,0.227,-1,192000.0,/mnt/ubna_data_05/recover-20250317/UBNA_026/20250315_055000.WAV,recover-20250317,UBNA_026,Central Pond
LF,21120.0,0.04673871991048352,243.3295,243.3495,19453.0,23134.0,Echolocation,Nyctalus noctula,0.157,0.228,-1,192000.0,/mnt/ubna_data_05/recover-20250317/UBNA_026/20250315_055000.WAV,recover-20250317,UBNA_026,Central Pond
LF,21120.0,0.5300402605006391,273.8985,273.9204,20312.0,23919.0,Echolocation,Nyctalus noctula,0.134,0.215,-1,192000.0,/mnt/ubna_data_05/recover-20250317/UBNA_026/20250315_055000.WAV,recover-20250317,UBNA_026,Central Pond
LF,20160.0,10.90883103501076,42.832499999999996,42.8426,20312.0,22639.0,Echolocation,Nyctalus leisleri,0.162,0.215,-1,192000.0,/mnt/ubna_data_05/recover-20250317/UBNA_026/20250315_060000.WAV,recover-20250317,UBNA_026,Central Pond
LF,23040.0,0.7103413545638292,163.8815,163.8879,20312.0,31434.0,Echolocation,Plecotus auritus,0.129,0.244,-1,192000.0,/mnt/ubna_data_05/recover-20250317/UBNA_026/20250315_060000.WAV,recover-20250317,UBNA_026,Central Pond
LF,21120.0,1.1148015762264458,236.6885,236.7091,22031.0,26027.0,Echolocation,Nyctalus leisleri,0.119,0.209,-1,192000.0,/mnt/ubna_data_05/recover-20250317/UBNA_026/20250315_060000.WAV,recover-20250317,UBNA_026,Central Pond
LF,26880.0,0.6308935765092185,127.3615,127.3702,25468.0,33246.0,Echolocation,Eptesicus serotinus,0.158,0.315,-1,192000.0,/mnt/ubna_data_05/recover-20250317/UBNA_026/20250315_061000.WAV,recover-20250317,UBNA_026,Central Pond
LF,22080.0,-0.1540272823024738,239.4305,239.4451,22890.0,28076.0,Echolocation,Nyctalus noctula,0.111,0.284,-1,192000.0,/mnt/ubna_data_05/recover-20250317/UBNA_026/20250315_061000.WAV,recover-20250317,UBNA_026,Central Pond
LF,25920.0,2.858722761493207,100.0195,100.0299,23750.0,31032.0,Echolocation,Eptesicus serotinus,0.107,0.216,-1,192000.0,/mnt/ubna_data_05/recover-20250317/UBNA_026/20250315_062000.WAV,recover-20250317,UBNA_026,Central Pond
LF,21120.0,3.7146594848353445,15.3765,15.385,20312.0,29136.0,Echolocation,Plecotus austriacus,0.086,0.206,-1,192000.0,/mnt/ubna_data_05/recover-20250317/UBNA_026/20250315_064000.WAV,recover-20250317,UBNA_026,Central Pond
LF,22080.0,5.748545046270543,147.2095,147.2191,20312.0,28049.0,Echolocation,Plecotus austriacus,0.062,0.218,-1,192000.0,/mnt/ubna_data_05/recover-20250317/UBNA_026/20250315_064000.WAV,recover-20250317,UBNA_026,Central Pond
LF,22080.0,1.7965232763790506,277.9265,277.942,21171.0,27470.0,Echolocation,Nyctalus noctula,0.132,0.217,-1,192000.0,/mnt/ubna_data_05/recover-20250317/UBNA_026/20250315_064000.WAV,recover-20250317,UBNA_026,Central Pond
LF,23040.0,-0.15651210583666256,161.8635,161.8787,22890.0,27668.0,Echolocation,Nyctalus leisleri,0.146,0.304,-1,192000.0,/mnt/ubna_data_05/recover-20250317/UBNA_026/20250315_065000.WAV,recover-20250317,UBNA_026,Central Pond
LF,22080.0,5.898371777935165,188.7335,188.7438,20312.0,25978.0,Echolocation,Nyctalus leisleri,0.103,0.232,-1,192000.0,/mnt/ubna_data_05/recover-20250317/UBNA_026/20250315_065000.WAV,recover-20250317,UBNA_026,Central Pond
HF,42240.0,3.040137359620523,253.7625,253.7796,41796.0,44556.0,Echolocation,Pipistrellus pipistrellus,0.161,0.281,-1,192000.0,/mnt/ubna_data_05/recover-20250317/UBNA_026/20250315_065000.WAV,recover-20250317,UBNA_026,Central Pond
LF,21120.0,8.354941359902181,255.2205,255.2283,19453.0,28502.0,Echolocation,Plecotus austriacus,0.132,0.239,-1,192000.0,/mnt/ubna_data_05/recover-20250317/UBNA_026/20250315_065000.WAV,recover-20250317,UBNA_026,Central Pond
HF,50880.0,1.268281256181985,77.8925,77.9055,50390.0,54028.0,Echolocation,Pipistrellus pipistrellus,0.106,0.208,-1,192000.0,/mnt/ubna_data_05/recover-20250317/UBNA_026/20250315_070000.WAV,recover-20250317,UBNA_026,Central Pond
LF,20160.0,-0.12991925148915287,89.7645,89.7851,21171.0,25222.0,Echolocation,Nyctalus noctula,0.128,0.227,-1,192000.0,/mnt/ubna_data_05/recover-20250317/UBNA_026/20250315_070000.WAV,recover-20250317,UBNA_026,Central Pond
LF,24000.0,-0.7546091035463758,215.8765,215.8925,22890.0,27226.0,Echolocation,Nyctalus leisleri,0.117,0.209,-1,192000.0,/mnt/ubna_data_05/recover-20250317/UBNA_026/20250315_070000.WAV,recover-20250317,UBNA_026,Central Pond
LF,21120.0,0.2207338984137277,53.5075,53.529399999999995,18593.0,21619.0,Echolocation,Nyctalus noctula,0.148,0.219,-1,192000.0,/mnt/ubna_data_05/recover-20250317/UBNA_026/20250315_071000.WAV,recover-20250317,UBNA_026,Central Pond
LF,28800.0,0.3928243153043799,118.0685,118.0776,28046.0,37423.0,Echolocation,Eptesicus serotinus,0.169,0.226,-1,192000.0,/mnt/ubna_data_05/recover-20250317/UBNA_026/20250315_071000.WAV,recover-20250317,UBNA_026,Central Pond
HF,39360.0,2.217525303937897,185.0815,185.0854,30625.0,47242.0,Echolocation,Myotis daubentonii,0.162,0.205,-1,192000.0,/mnt/ubna_data_05/recover-20250317/UBNA_026/20250315_071000.WAV,recover-20250317,UBNA_026,Central Pond
LF,21120.0,15.03442229186037,149.4415,149.4506,20312.0,23970.0,Echolocation,Nyctalus leisleri,0.134,0.224,-1,192000.0,/mnt/ubna_data_05/recover-20250317/UBNA_026/20250315_072000.WAV,recover-20250317,UBNA_026,Central Pond
LF,21120.0,14.122892947792128,156.7455,156.7504,18593.0,33383.0,Echolocation,Plecotus austriacus,0.2,0.256,-1,192000.0,/mnt/ubna_data_05/recover-20250317/UBNA_026/20250315_072000.WAV,recover-20250317,UBNA_026,Central Pond
LF,20160.0,2.081401076134283,160.17849999999999,160.1852,19453.0,32180.0,Echolocation,Plecotus austriacus,0.102,0.2,-1,192000.0,/mnt/ubna_data_05/recover-20250317/UBNA_026/20250315_072000.WAV,recover-20250317,UBNA_026,Central Pond
LF,21120.0,2.9406652647352924,161.1295,161.1341,16015.0,32720.0,Echolocation,Plecotus auritus,0.164,0.256,-1,192000.0,/mnt/ubna_data_05/recover-20250317/UBNA_026/20250315_072000.WAV,recover-20250317,UBNA_026,Central Pond
LF,20160.0,4.353817142955332,164.5945,164.5998,19453.0,34171.0,Echolocation,Plecotus austriacus,0.191,0.263,-1,192000.0,/mnt/ubna_data_05/recover-20250317/UBNA_026/20250315_072000.WAV,recover-20250317,UBNA_026,Central Pond
LF,21120.0,8.090702433653066,166.0015,166.0067,19453.0,29915.0,Echolocation,Plecotus austriacus,0.074,0.204,-1,192000.0,/mnt/ubna_data_05/recover-20250317/UBNA_026/20250315_072000.WAV,recover-20250317,UBNA_026,Central Pond
LF,24960.0,2.7781996896127596,208.4405,208.4452,24609.0,39197.0,Echolocation,Plecotus austriacus,0.156,0.217,-1,192000.0,/mnt/ubna_data_05/recover-20250317/UBNA_026/20250315_072000.WAV,recover-20250317,UBNA_026,Central Pond
LF,25920.0,3.4377910982493383,230.1715,230.1766,23750.0,35689.0,Echolocation,Plecotus austriacus,0.166,0.218,-1,192000.0,/mnt/ubna_data_05/recover-20250317/UBNA_026/20250315_072000.WAV,recover-20250317,UBNA_026,Central Pond
HF,42240.0,7.35532107459965,231.9875,231.9912,25468.0,61438.0,Echolocation,Myotis nattereri,0.15,0.223,-1,192000.0,/mnt/ubna_data_05/recover-20250317/UBNA_026/20250315_072000.WAV,recover-20250317,UBNA_026,Central Pond
LF,22080.0,2.7600097825012755,29.6205,29.6347,19453.0,24985.0,Echolocation,Nyctalus noctula,0.11,0.2,-1,192000.0,/mnt/ubna_data_05/recover-20250317/UBNA_026/20250315_073000.WAV,recover-20250317,UBNA_026,Central Pond
LF,20160.0,0.23627942769981344,126.3305,126.3502,18593.0,23065.0,Echolocation,Nyctalus noctula,0.156,0.208,-1,192000.0,/mnt/ubna_data_05/recover-20250317/UBNA_026/20250315_074000.WAV,recover-20250317,UBNA_026,Central Pond
LF,20160.0,2.4426923677468713,81.6775,81.6858,19453.0,27771.0,Echolocation,Plecotus austriacus,0.094,0.214,-1,192000.0,/mnt/ubna_data_05/recover-20250317/UBNA_026/20250315_082000.WAV,recover-20250317,UBNA_026,Central Pond
LF,21120.0,2.576067414301692,33.9495,33.9553,17734.0,29139.0,Echolocation,Plecotus auritus,0.162,0.271,-1,192000.0,/mnt/ubna_data_05/recover-20250317/UBNA_026/20250315_083000.WAV,recover-20250317,UBNA_026,Central Pond
LF,22080.0,2.9565397990824667,43.9395,43.949799999999996,20312.0,26902.0,Echolocation,Nyctalus noctula,0.066,0.206,-1,192000.0,/mnt/ubna_data_05/recover-20250317/UBNA_026/20250315_083000.WAV,recover-20250317,UBNA_026,Central Pond
LF,21120.0,2.6067588739639573,134.3295,134.3452,20312.0,23784.0,Echolocation,Nyctalus leisleri,0.095,0.211,-1,192000.0,/mnt/ubna_data_05/recover-20250317/UBNA_026/20250315_083000.WAV,recover-20250317,UBNA_026,Central Pond
LF,22080.0,5.131895554424041,164.0495,164.057,20312.0,28191.0,Echolocation,Plecotus austriacus,0.113,0.214,-1,192000.0,/mnt/ubna_data_05/recover-20250317/UBNA_026/20250315_083000.WAV,recover-20250317,UBNA_026,Central Pond
LF,26880.0,0.5028506802738448,282.3885,282.3992,25468.0,30795.0,Echolocation,Nyctalus leisleri,0.124,0.282,-1,192000.0,/mnt/ubna_data_05/recover-20250317/UBNA_026/20250315_090000.WAV,recover-20250317,UBNA_026,Central Pond
LF,20160.0,0.11418925565564274,21.3825,21.4066,18593.0,21372.0,Echolocation,Nyctalus noctula,0.17,0.239,-1,192000.0,/mnt/ubna_data_05/recover-20250317/UBNA_026/20250315_091000.WAV,recover-20250317,UBNA_026,Central Pond
HF,42240.0,2.7344441485491866,263.6765,263.6886,40937.0,46107.0,Echolocation,Pipistrellus nathusii,0.191,0.238,-1,192000.0,/mnt/ubna_data_05/recover-20250317/UBNA_026/20250315_091000.WAV,recover-20250317,UBNA_026,Central Pond
LF,21120.0,0.34392536180558037,212.6125,212.6342,21171.0,24841.0,Echolocation,Nyctalus noctula,0.113,0.209,-1,192000.0,/mnt/ubna_data_05/recover-20250317/UBNA_026/20250315_092000.WAV,recover-20250317,UBNA_026,Central Pond
LF,22080.0,4.690739835927043,250.0885,250.0956,19453.0,28450.0,Echolocation,Plecotus austriacus,0.112,0.215,-1,192000.0,/mnt/ubna_data_05/recover-20250317/UBNA_026/20250315_093000.WAV,recover-20250317,UBNA_026,Central Pond
LF,22080.0,4.501628832891181,273.8775,273.8857,20312.0,27450.0,Echolocation,Plecotus austriacus,0.091,0.23,-1,192000.0,/mnt/ubna_data_05/recover-20250317/UBNA_026/20250315_095000.WAV,recover-20250317,UBNA_026,Central Pond
LF,21120.0,0.06449447748075963,35.4655,35.481700000000004,22031.0,26975.0,Echolocation,Nyctalus leisleri,0.1,0.213,-1,192000.0,/mnt/ubna_data_05/recover-20250317/UBNA_026/20250315_100000.WAV,recover-20250317,UBNA_026,Central Pond
LF,26880.0,2.3187806816875423,93.0075,93.0171,25468.0,31581.0,Echolocation,Eptesicus serotinus,0.107,0.21,-1,192000.0,/mnt/ubna_data_05/recover-20250317/UBNA_026/20250315_101000.WAV,recover-20250317,UBNA_026,Central Pond
LF,22080.0,0.5281217189310092,4.0555,4.0661,22031.0,29273.0,Echolocation,Nyctalus noctula,0.08,0.254,-1,192000.0,/mnt/ubna_data_05/recover-20250317/UBNA_026/20250315_102000.WAV,recover-20250317,UBNA_026,Central Pond
LF,21120.0,2.606945442871125,26.5685,26.5773,20312.0,29147.0,Echolocation,Plecotus austriacus,0.091,0.284,-1,192000.0,/mnt/ubna_data_05/recover-20250317/UBNA_026/20250315_102000.WAV,recover-20250317,UBNA_026,Central Pond
LF,21120.0,2.9518299438884505,41.5295,41.534800000000004,15156.0,32748.0,Echolocation,Plecotus auritus,0.203,0.252,-1,192000.0,/mnt/ubna_data_05/recover-20250317/UBNA_026/20250315_102000.WAV,recover-20250317,UBNA_026,Central Pond
LF,29760.0,0.35960591973506884,170.6455,170.6551,27187.0,34794.0,Echolocation,Eptesicus serotinus,0.139,0.24,-1,192000.0,/mnt/ubna_data_05/recover-20250317/UBNA_026/20250315_102000.WAV,recover-20250317,UBNA_026,Central Pond
LF,21120.0,-4.159019011749524,181.1605,181.1698,17734.0,26481.0,Echolocation,Nyctalus noctula,0.066,0.2,-1,192000.0,/mnt/ubna_data_05/recover-20250317/UBNA_026/20250315_102000.WAV,recover-20250317,UBNA_026,Central Pond
LF,22080.0,1.5189093655434993,249.8605,249.8699,22031.0,29879.0,Echolocation,Eptesicus serotinus,0.06,0.228,-1,192000.0,/mnt/ubna_data_05/recover-20250317/UBNA_026/20250315_102000.WAV,recover-20250317,UBNA_026,Central Pond
LF,29760.0,0.34114333250087825,256.3875,256.39549999999997,27187.0,35025.0,Echolocation,Eptesicus serotinus,0.151,0.263,-1,192000.0,/mnt/ubna_data_05/recover-20250317/UBNA_026/20250315_102000.WAV,recover-20250317,UBNA_026,Central Pond
LF,25920.0,1.2124690613749298,16.7185,16.7285,25468.0,31663.0,Echolocation,Eptesicus serotinus,0.178,0.283,-1,192000.0,/mnt/ubna_data_05/recover-20250317/UBNA_026/20250315_103000.WAV,recover-20250317,UBNA_026,Central Pond
LF,22080.0,-5.838574749734239,24.4745,24.4843,21171.0,28787.0,Echolocation,Eptesicus serotinus,0.067,0.215,-1,192000.0,/mnt/ubna_data_05/recover-20250317/UBNA_026/20250315_103000.WAV,recover-20250317,UBNA_026,Central Pond
LF,21120.0,3.114305906560375,91.3205,91.3264,17734.0,34239.0,Echolocation,Plecotus austriacus,0.113,0.209,-1,192000.0,/mnt/ubna_data_05/recover-20250317/UBNA_026/20250315_103000.WAV,recover-20250317,UBNA_026,Central Pond
LF,26880.0,1.7606627970133915,126.5805,126.5881,27187.0,36796.0,Echolocation,Eptesicus serotinus,0.147,0.24,-1,192000.0,/mnt/ubna_data_05/recover-20250317/UBNA_026/20250315_103000.WAV,recover-20250317,UBNA_026,Central Pond
LF,20160.0,2.7096533726403527,168.0885,168.0952,14296.0,27267.0,Echolocation,Plecotus auritus,0.16,0.221,-1,192000.0,/mnt/ubna_data_05/recover-20250317/UBNA_026/20250315_103000.WAV,recover-20250317,UBNA_026,Central Pond
LF,28800.0,1.9160256579241621,177.0985,177.1084,26328.0,33547.0,Echolocation,Eptesicus serotinus,0.144,0.215,-1,192000.0,/mnt/ubna_data_05/recover-20250317/UBNA_026/20250315_103000.WAV,recover-20250317,UBNA_026,Central Pond
LF,21120.0,3.5943002047703847,190.3305,190.335,16015.0,33663.0,Echolocation,Plecotus auritus,0.136,0.2,-1,192000.0,/mnt/ubna_data_05/recover-20250317/UBNA_026/20250315_103000.WAV,recover-20250317,UBNA_026,Central Pond
LF,22080.0,-1.5718692785755486,213.5265,213.5371,22890.0,28267.0,Echolocation,Nyctalus leisleri,0.079,0.217,-1,192000.0,/mnt/ubna_data_05/recover-20250317/UBNA_026/20250315_103000.WAV,recover-20250317,UBNA_026,Central Pond
LF,21120.0,-1.8320340557391184,214.7925,214.7972,17734.0,32730.0,Echolocation,Plecotus austriacus,0.131,0.235,-1,192000.0,/mnt/ubna_data_05/recover-20250317/UBNA_026/20250315_103000.WAV,recover-20250317,UBNA_026,Central Pond
HF,45120.0,0.826972115696707,236.9645,236.97469999999998,43515.0,47035.0,Echolocation,Pipistrellus pipistrellus,0.207,0.232,-1,192000.0,/mnt/ubna_data_05/recover-20250317/UBNA_026/20250315_103000.WAV,recover-20250317,UBNA_026,Central Pond
LF,25920.0,3.0675678491662124,292.9675,292.975,24609.0,34814.0,Echolocation,Plecotus austriacus,0.104,0.251,-1,192000.0,/mnt/ubna_data_05/recover-20250317/UBNA_026/20250315_103000.WAV,recover-20250317,UBNA_026,Central Pond
LF,25920.0,9.19683697220891,23.5495,23.5534,22031.0,38829.0,Echolocation,Plecotus austriacus,0.2,0.273,-1,192000.0,/mnt/ubna_data_05/recover-20250317/UBNA_026/20250315_104000.WAV,recover-20250317,UBNA_026,Central Pond
LF,28800.0,3.8408977903163803,24.9485,24.9566,26328.0,34967.0,Echolocation,Eptesicus serotinus,0.11,0.207,-1,192000.0,/mnt/ubna_data_05/recover-20250317/UBNA_026/20250315_104000.WAV,recover-20250317,UBNA_026,Central Pond
LF,29760.0,0.39328710525177774,31.0785,31.0889,28906.0,33795.0,Echolocation,Nyctalus leisleri,0.183,0.315,-1,192000.0,/mnt/ubna_data_05/recover-20250317/UBNA_026/20250315_104000.WAV,recover-20250317,UBNA_026,Central Pond
HF,45120.0,4.938712300662183,50.5465,50.554,42656.0,48839.0,Echolocation,Pipistrellus pipistrellus,0.066,0.234,-1,192000.0,/mnt/ubna_data_05/recover-20250317/UBNA_026/20250315_104000.WAV,recover-20250317,UBNA_026,Central Pond
HF,43200.0,2.722982487707552,66.2845,66.2926,41796.0,46978.0,Echolocation,Pipistrellus nathusii,0.088,0.265,-1,192000.0,/mnt/ubna_data_05/recover-20250317/UBNA_026/20250315_104000.WAV,recover-20250317,UBNA_026,Central Pond
HF,45120.0,2.550459232579584,83.9105,83.9181,43515.0,48017.0,Echolocation,Pipistrellus pipistrellus,0.158,0.213,-1,192000.0,/mnt/ubna_data_05/recover-20250317/UBNA_026/20250315_104000.WAV,recover-20250317,UBNA_026,Central Pond
HF,43200.0,2.426681064073776,149.0385,149.0426,34921.0,48165.0,Echolocation,Myotis daubentonii,0.118,0.203,-1,192000.0,/mnt/ubna_data_05/recover-20250317/UBNA_026/20250315_104000.WAV,recover-20250317,UBNA_026,Central Pond
HF,42240.0,4.456444366554256,159.2565,159.2619,39218.0,49618.0,Echolocation,Myotis daubentonii,0.176,0.242,-1,192000.0,/mnt/ubna_data_05/recover-20250317/UBNA_026/20250315_104000.WAV,recover-20250317,UBNA_026,Central Pond
LF,29760.0,2.802123871653934,159.4215,159.4297,28046.0,35327.0,Echolocation,Eptesicus serotinus,0.2,0.322,-1,192000.0,/mnt/ubna_data_05/recover-20250317/UBNA_026/20250315_104000.WAV,recover-20250317,UBNA_026,Central Pond
LF,29760.0,2.616421340385731,182.7955,182.8027,28046.0,36405.0,Echolocation,Eptesicus serotinus,0.103,0.208,-1,192000.0,/mnt/ubna_data_05/recover-20250317/UBNA_026/20250315_104000.WAV,recover-20250317,UBNA_026,Central Pond
LF,20160.0,1.0373004038276346,222.7755,222.7825,16875.0,28009.0,Echolocation,Plecotus auritus,0.103,0.219,-1,192000.0,/mnt/ubna_data_05/recover-20250317/UBNA_026/20250315_104000.WAV,recover-20250317,UBNA_026,Central Pond
HF,41280.0,1.8510385624391814,277.6355,277.6393,33203.0,47538.0,Echolocation,Myotis daubentonii,0.102,0.203,-1,192000.0,/mnt/ubna_data_05/recover-20250317/UBNA_026/20250315_104000.WAV,recover-20250317,UBNA_026,Central Pond
HF,40320.0,2.499834673527252,294.9715,294.9761,29765.0,46835.0,Echolocation,Myotis daubentonii,0.144,0.219,-1,192000.0,/mnt/ubna_data_05/recover-20250317/UBNA_026/20250315_104000.WAV,recover-20250317,UBNA_026,Central Pond
LF,22080.0,0.1547151554601351,296.8325,296.8417,22890.0,31271.0,Echolocation,Eptesicus serotinus,0.059,0.205,-1,192000.0,/mnt/ubna_data_05/recover-20250317/UBNA_026/20250315_104000.WAV,recover-20250317,UBNA_026,Central Pond
LF,25920.0,1.9694651259690166,75.7495,75.7595,24609.0,30291.0,Echolocation,Eptesicus serotinus,0.134,0.27,-1,192000.0,/mnt/ubna_data_05/recover-20250317/UBNA_026/20250315_105000.WAV,recover-20250317,UBNA_026,Central Pond
LF,23040.0,0.9691261458148659,132.6405,132.6509,22031.0,28811.0,Echolocation,Nyctalus leisleri,0.058,0.218,-1,192000.0,/mnt/ubna_data_05/recover-20250317/UBNA_026/20250315_105000.WAV,recover-20250317,UBNA_026,Central Pond
LF,21120.0,1.746517639077145,163.6515,163.6586,21171.0,32169.0,Echolocation,Plecotus austriacus,0.135,0.219,-1,192000.0,/mnt/ubna_data_05/recover-20250317/UBNA_026/20250315_105000.WAV,recover-20250317,UBNA_026,Central Pond
LF,22080.0,1.161843169583823,36.5995,36.6085,20312.0,28191.0,Echolocation,Plecotus austriacus,0.051,0.205,-1,192000.0,/mnt/ubna_data_05/recover-20250317/UBNA_026/20250315_110000.WAV,recover-20250317,UBNA_026,Central Pond
LF,22080.0,0.7362169202076402,42.2935,42.3134,21171.0,25118.0,Echolocation,Nyctalus leisleri,0.106,0.239,-1,192000.0,/mnt/ubna_data_05/recover-20250317/UBNA_026/20250315_110000.WAV,recover-20250317,UBNA_026,Central Pond
LF,22080.0,1.0005447324621204,42.841499999999996,42.8472,21171.0,32763.0,Echolocation,Plecotus austriacus,0.184,0.245,-1,192000.0,/mnt/ubna_data_05/recover-20250317/UBNA_026/20250315_110000.WAV,recover-20250317,UBNA_026,Central Pond
LF,29760.0,-1.2589215283722393,106.37049999999999,106.3817,28906.0,34093.0,Echolocation,Eptesicus serotinus,0.114,0.214,-1,192000.0,/mnt/ubna_data_05/recover-20250317/UBNA_026/20250315_110000.WAV,recover-20250317,UBNA_026,Central Pond
LF,21120.0,-2.4576872137257055,136.3815,136.3871,21171.0,33453.0,Echolocation,Plecotus austriacus,0.112,0.216,-1,192000.0,/mnt/ubna_data_05/recover-20250317/UBNA_026/20250315_110000.WAV,recover-20250317,UBNA_026,Central Pond
LF,25920.0,2.980116111718459,142.2225,142.2322,23750.0,30592.0,Echolocation,Eptesicus serotinus,0.184,0.303,-1,192000.0,/mnt/ubna_data_05/recover-20250317/UBNA_026/20250315_110000.WAV,recover-20250317,UBNA_026,Central Pond
LF,25920.0,-0.4868580796802419,156.4235,156.4346,25468.0,31690.0,Echolocation,Nyctalus leisleri,0.118,0.282,-1,192000.0,/mnt/ubna_data_05/recover-20250317/UBNA_026/20250315_110000.WAV,recover-20250317,UBNA_026,Central Pond
LF,22080.0,-0.7515999514324465,242.8045,242.8119,22031.0,32140.0,Echolocation,Plecotus austriacus,0.096,0.216,-1,192000.0,/mnt/ubna_data_05/recover-20250317/UBNA_026/20250315_110000.WAV,recover-20250317,UBNA_026,Central Pond
LF,23040.0,2.0405177455682755,290.1935,290.1997,22890.0,35035.0,Echolocation,Plecotus austriacus,0.138,0.208,-1,192000.0,/mnt/ubna_data_05/recover-20250317/UBNA_026/20250315_110000.WAV,recover-20250317,UBNA_026,Central Pond
LF,29760.0,1.1177991425768146,39.4335,39.441900000000004,28046.0,35798.0,Echolocation,Eptesicus serotinus,0.11,0.235,-1,192000.0,/mnt/ubna_data_05/recover-20250317/UBNA_026/20250315_111000.WAV,recover-20250317,UBNA_026,Central Pond
LF,21120.0,0.6248800205991566,58.8835,58.8994,21171.0,25819.0,Echolocation,Nyctalus noctula,0.115,0.213,-1,192000.0,/mnt/ubna_data_05/recover-20250317/UBNA_026/20250315_111000.WAV,recover-20250317,UBNA_026,Central Pond
HF,43200.0,3.995343961237548,62.5085,62.5122,31484.0,53751.0,Echolocation,Myotis daubentonii,0.171,0.233,-1,192000.0,/mnt/ubna_data_05/recover-20250317/UBNA_026/20250315_111000.WAV,recover-20250317,UBNA_026,Central Pond
LF,23040.0,2.5857938682718578,273.6365,273.6412,23750.0,38907.0,Echolocation,Plecotus auritus,0.103,0.249,-1,192000.0,/mnt/ubna_data_05/recover-20250317/UBNA_026/20250315_111000.WAV,recover-20250317,UBNA_026,Central Pond
LF,21120.0,5.065715741241991,275.5325,275.5373,16015.0,30304.0,Echolocation,Plecotus auritus,0.247,0.311,-1,192000.0,/mnt/ubna_data_05/recover-20250317/UBNA_026/20250315_111000.WAV,recover-20250317,UBNA_026,Central Pond
LF,28800.0,3.0377006734951135,286.4135,286.423,27187.0,33488.0,Echolocation,Eptesicus serotinus,0.167,0.248,-1,192000.0,/mnt/ubna_data_05/recover-20250317/UBNA_026/20250315_111000.WAV,recover-20250317,UBNA_026,Central Pond
LF,28800.0,0.8143717556643421,19.9375,19.948,27187.0,33281.0,Echolocation,Eptesicus serotinus,0.143,0.219,-1,192000.0,/mnt/ubna_data_05/recover-20250317/UBNA_026/20250315_112000.WAV,recover-20250317,UBNA_026,Central Pond
LF,22080.0,3.3077879612843075,40.9885,40.9934,22890.0,41683.0,Echolocation,Plecotus austriacus,0.189,0.293,-1,192000.0,/mnt/ubna_data_05/recover-20250317/UBNA_026/20250315_112000.WAV,recover-20250317,UBNA_026,Central Pond
LF,24000.0,2.3879125011188593,46.814499999999995,46.8251,24609.0,30034.0,Echolocation,Eptesicus serotinus,0.123,0.244,-1,192000.0,/mnt/ubna_data_05/recover-20250317/UBNA_026/20250315_112000.WAV,recover-20250317,UBNA_026,Central Pond
HF,43200.0,7.080414290057587,97.8175,97.8263,39218.0,44477.0,Echolocation,Pipistrellus nathusii,0.127,0.203,-1,192000.0,/mnt/ubna_data_05/recover-20250317/UBNA_026/20250315_112000.WAV,recover-20250317,UBNA_026,Central Pond
LF,21120.0,-4.157672878676083,125.2085,125.2147,16875.0,28622.0,Echolocation,Plecotus auritus,0.181,0.28,-1,192000.0,/mnt/ubna_data_05/recover-20250317/UBNA_026/20250315_112000.WAV,recover-20250317,UBNA_026,Central Pond
LF,28800.0,2.3249593066475285,156.6005,156.6082,26328.0,36474.0,Echolocation,Eptesicus serotinus,0.07,0.204,-1,192000.0,/mnt/ubna_data_05/recover-20250317/UBNA_026/20250315_112000.WAV,recover-20250317,UBNA_026,Central Pond
LF,28800.0,4.073671782858781,168.4675,168.4731,23750.0,36569.0,Echolocation,Plecotus austriacus,0.126,0.205,-1,192000.0,/mnt/ubna_data_05/recover-20250317/UBNA_026/20250315_112000.WAV,recover-20250317,UBNA_026,Central Pond
LF,21120.0,0.40703088118881575,186.9525,186.9603,17734.0,27500.0,Echolocation,Plecotus austriacus,0.104,0.306,-1,192000.0,/mnt/ubna_data_05/recover-20250317/UBNA_026/20250315_112000.WAV,recover-20250317,UBNA_026,Central Pond
LF,29760.0,1.8585034323074476,257.0085,257.0164,29765.0,38225.0,Echolocation,Eptesicus serotinus,0.138,0.234,-1,192000.0,/mnt/ubna_data_05/recover-20250317/UBNA_026/20250315_112000.WAV,recover-20250317,UBNA_026,Central Pond
LF,28800.0,3.2181664414622757,275.4715,275.4764,25468.0,37225.0,Echolocation,Plecotus auritus,0.09,0.201,-1,192000.0,/mnt/ubna_data_05/recover-20250317/UBNA_026/20250315_112000.WAV,recover-20250317,UBNA_026,Central Pond
LF,20160.0,0.9281879933689858,285.3925,285.4018,18593.0,28086.0,Echolocation,Plecotus austriacus,0.087,0.206,-1,192000.0,/mnt/ubna_data_05/recover-20250317/UBNA_026/20250315_112000.WAV,recover-20250317,UBNA_026,Central Pond
LF,28800.0,2.433038005475419,41.466499999999996,41.4726,25468.0,35644.0,Echolocation,Plecotus auritus,0.098,0.213,-1,192000.0,/mnt/ubna_data_05/recover-20250317/UBNA_026/20250315_113000.WAV,recover-20250317,UBNA_026,Central Pond
LF,21120.0,0.4288067685045833,68.1215,68.131,21171.0,30078.0,Echolocation,Plecotus austriacus,0.068,0.219,-1,192000.0,/mnt/ubna_data_05/recover-20250317/UBNA_026/20250315_113000.WAV,recover-20250317,UBNA_026,Central Pond
HF,44160.0,4.1300563951034315,89.5195,89.5282,40937.0,46001.0,Echolocation,Pipistrellus nathusii,0.198,0.237,-1,192000.0,/mnt/ubna_data_05/recover-20250317/UBNA_026/20250315_113000.WAV,recover-20250317,UBNA_026,Central Pond
LF,21120.0,2.1552700603752633,125.0055,125.0216,20312.0,25296.0,Echolocation,Nyctalus noctula,0.152,0.239,-1,192000.0,/mnt/ubna_data_05/recover-20250317/UBNA_026/20250315_113000.WAV,recover-20250317,UBNA_026,Central Pond
LF,22080.0,3.8887111390681737,133.1815,133.1895,20312.0,28629.0,Echolocation,Plecotus austriacus,0.121,0.224,-1,192000.0,/mnt/ubna_data_05/recover-20250317/UBNA_026/20250315_113000.WAV,recover-20250317,UBNA_026,Central Pond
LF,20160.0,-16.48816696092662,155.7245,155.7455,17734.0,22727.0,Echolocation,Nyctalus noctula,0.214,0.251,-1,192000.0,/mnt/ubna_data_05/recover-20250317/UBNA_026/20250315_113000.WAV,recover-20250317,UBNA_026,Central Pond
LF,29760.0,2.924604365961334,203.9235,203.9316,28046.0,34817.0,Echolocation,Eptesicus serotinus,0.189,0.296,-1,192000.0,/mnt/ubna_data_05/recover-20250317/UBNA_026/20250315_113000.WAV,recover-20250317,UBNA_026,Central Pond
LF,23040.0,0.9777498888650697,271.8375,271.8435,22031.0,35591.0,Echolocation,Plecotus austriacus,0.16,0.207,-1,192000.0,/mnt/ubna_data_05/recover-20250317/UBNA_026/20250315_113000.WAV,recover-20250317,UBNA_026,Central Pond
LF,21120.0,3.4968510967998294,283.7775,283.7846,19453.0,28908.0,Echolocation,Plecotus austriacus,0.133,0.247,-1,192000.0,/mnt/ubna_data_05/recover-20250317/UBNA_026/20250315_113000.WAV,recover-20250317,UBNA_026,Central Pond
LF,24000.0,2.302239436805142,61.8305,61.8416,22890.0,29657.0,Echolocation,Eptesicus serotinus,0.141,0.321,-1,192000.0,/mnt/ubna_data_05/recover-20250317/UBNA_026/20250315_114000.WAV,recover-20250317,UBNA_026,Central Pond
LF,22080.0,2.6267224547184256,74.5955,74.6067,22031.0,29396.0,Echolocation,Eptesicus serotinus,0.073,0.221,-1,192000.0,/mnt/ubna_data_05/recover-20250317/UBNA_026/20250315_114000.WAV,recover-20250317,UBNA_026,Central Pond
LF,23040.0,2.9642292212328702,129.6465,129.6506,22890.0,41055.0,Echolocation,Plecotus austriacus,0.142,0.203,-1,192000.0,/mnt/ubna_data_05/recover-20250317/UBNA_026/20250315_114000.WAV,recover-20250317,UBNA_026,Central Pond
LF,28800.0,1.0225520021738552,257.9375,257.9436,24609.0,36541.0,Echolocation,Plecotus auritus,0.099,0.218,-1,192000.0,/mnt/ubna_data_05/recover-20250317/UBNA_026/20250315_114000.WAV,recover-20250317,UBNA_026,Central Pond
LF,25920.0,-0.24280744123809378,258.6785,258.6904,25468.0,30333.0,Echolocation,Eptesicus serotinus,0.107,0.227,-1,192000.0,/mnt/ubna_data_05/recover-20250317/UBNA_026/20250315_114000.WAV,recover-20250317,UBNA_026,Central Pond
HF,46080.0,1.6537256804543052,263.2795,263.2879,44375.0,48890.0,Echolocation,Pipistrellus pipistrellus,0.199,0.213,-1,192000.0,/mnt/ubna_data_05/recover-20250317/UBNA_026/20250315_114000.WAV,recover-20250317,UBNA_026,Central Pond
LF,20160.0,0.8452803552202206,290.7025,290.7237,20312.0,24240.0,Echolocation,Nyctalus noctula,0.189,0.292,-1,192000.0,/mnt/ubna_data_05/recover-20250317/UBNA_026/20250315_114000.WAV,recover-20250317,UBNA_026,Central Pond
LF,28800.0,1.6933205546634822,25.9485,25.9557,27187.0,36805.0,Echolocation,Eptesicus serotinus,0.112,0.232,-1,192000.0,/mnt/ubna_data_05/recover-20250317/UBNA_026/20250315_115000.WAV,recover-20250317,UBNA_026,Central Pond
LF,24960.0,3.2682508351379846,68.1275,68.1341,23750.0,34929.0,Echolocation,Plecotus austriacus,0.126,0.268,-1,192000.0,/mnt/ubna_data_05/recover-20250317/UBNA_026/20250315_115000.WAV,recover-20250317,UBNA_026,Central Pond
LF,28800.0,3.4071183082482497,189.2455,189.2526,27187.0,35880.0,Echolocation,Eptesicus serotinus,0.072,0.216,-1,192000.0,/mnt/ubna_data_05/recover-20250317/UBNA_026/20250315_115000.WAV,recover-20250317,UBNA_026,Central Pond
LF,23040.0,-13.148928005293284,211.7035,211.7096,17734.0,38386.0,Echolocation,Plecotus austriacus,0.182,0.285,-1,192000.0,/mnt/ubna_data_05/recover-20250317/UBNA_026/20250315_115000.WAV,recover-20250317,UBNA_026,Central Pond
LF,23040.0,3.7122019723448374,273.4755,273.4881,23750.0,29037.0,Echolocation,Eptesicus serotinus,0.121,0.225,-1,192000.0,/mnt/ubna_data_05/recover-20250317/UBNA_026/20250315_115000.WAV,recover-20250317,UBNA_026,Central Pond
HF,44160.0,5.576808328059334,207.1305,207.1398,41796.0,51150.0,Echolocation,Pipistrellus pipistrellus,0.096,0.259,-1,192000.0,/mnt/ubna_data_05/recover-20250317/UBNA_026/20250315_120000.WAV,recover-20250317,UBNA_026,Central Pond
LF,23040.0,2.45046508228099,265.5315,265.5415,22031.0,27892.0,Echolocation,Nyctalus leisleri,0.065,0.216,-1,192000.0,/mnt/ubna_data_05/recover-20250317/UBNA_026/20250315_120000.WAV,recover-20250317,UBNA_026,Central Pond
HF,43200.0,4.6234063249466875,270.5415,270.5511,40937.0,45711.0,Echolocation,Pipistrellus nathusii,0.234,0.298,-1,192000.0,/mnt/ubna_data_05/recover-20250317/UBNA_026/20250315_120000.WAV,recover-20250317,UBNA_026,Central Pond
HF,41280.0,6.2023687798899285,119.0585,119.0672,40937.0,45922.0,Echolocation,Pipistrellus nathusii,0.255,0.331,-1,192000.0,/mnt/ubna_data_05/recover-20250317/UBNA_026/20250315_121000.WAV,recover-20250317,UBNA_026,Central Pond
LF,28800.0,4.789219722449392,147.0615,147.0713,26328.0,33173.0,Echolocation,Eptesicus serotinus,0.152,0.259,-1,192000.0,/mnt/ubna_data_05/recover-20250317/UBNA_026/20250315_121000.WAV,recover-20250317,UBNA_026,Central Pond
LF,28800.0,2.483120259955997,153.9855,153.9975,27187.0,33375.0,Echolocation,Eptesicus serotinus,0.121,0.204,-1,192000.0,/mnt/ubna_data_05/recover-20250317/UBNA_026/20250315_121000.WAV,recover-20250317,UBNA_026,Central Pond
LF,24960.0,-4.726081216895875,177.4685,177.4776,22890.0,31259.0,Echolocation,Nyctalus leisleri,0.071,0.221,-1,192000.0,/mnt/ubna_data_05/recover-20250317/UBNA_026/20250315_121000.WAV,recover-20250317,UBNA_026,Central Pond
LF,21120.0,2.5962603198304004,190.9885,190.9977,20312.0,28536.0,Echolocation,Plecotus austriacus,0.076,0.216,-1,192000.0,/mnt/ubna_data_05/recover-20250317/UBNA_026/20250315_121000.WAV,recover-20250317,UBNA_026,Central Pond
LF,22080.0,1.0360864280352837,191.6575,191.6647,22031.0,34877.0,Echolocation,Plecotus austriacus,0.183,0.266,-1,192000.0,/mnt/ubna_data_05/recover-20250317/UBNA_026/20250315_121000.WAV,recover-20250317,UBNA_026,Central Pond
LF,25920.0,2.242394201231486,227.0945,227.1029,24609.0,34067.0,Echolocation,Eptesicus serotinus,0.081,0.216,-1,192000.0,/mnt/ubna_data_05/recover-20250317/UBNA_026/20250315_121000.WAV,recover-20250317,UBNA_026,Central Pond
LF,28800.0,4.965374131834347,262.9615,262.9674,26328.0,37764.0,Echolocation,Plecotus austriacus,0.102,0.201,-1,192000.0,/mnt/ubna_data_05/recover-20250317/UBNA_026/20250315_121000.WAV,recover-20250317,UBNA_026,Central Pond
LF,23040.0,-0.0346158444667503,33.2815,33.2945,23750.0,27780.0,Echolocation,Nyctalus leisleri,0.13,0.217,-1,192000.0,/mnt/ubna_data_05/recover-20250317/UBNA_026/20250315_122000.WAV,recover-20250317,UBNA_026,Central Pond
LF,28800.0,1.619092985571976,62.6555,62.6635,27187.0,35061.0,Echolocation,Eptesicus serotinus,0.141,0.257,-1,192000.0,/mnt/ubna_data_05/recover-20250317/UBNA_026/20250315_123000.WAV,recover-20250317,UBNA_026,Central Pond
HF,39360.0,5.141180388608214,163.0585,163.0621,26328.0,58296.0,Echolocation,Myotis nattereri,0.168,0.204,-1,192000.0,/mnt/ubna_data_05/recover-20250317/UBNA_026/20250315_123000.WAV,recover-20250317,UBNA_026,Central Pond
LF,28800.0,4.285332999967881,207.7005,207.7096,27187.0,35801.0,Echolocation,Eptesicus serotinus,0.167,0.24,-1,192000.0,/mnt/ubna_data_05/recover-20250317/UBNA_026/20250315_123000.WAV,recover-20250317,UBNA_026,Central Pond
LF,26880.0,0.6893363576551301,239.8665,239.8757,25468.0,32998.0,Echolocation,Eptesicus serotinus,0.153,0.251,-1,192000.0,/mnt/ubna_data_05/recover-20250317/UBNA_026/20250315_123000.WAV,recover-20250317,UBNA_026,Central Pond
LF,22080.0,0.6450341324594882,97.8925,97.9025,20312.0,28013.0,Echolocation,Nyctalus noctula,0.063,0.204,-1,192000.0,/mnt/ubna_data_05/recover-20250317/UBNA_026/20250315_124000.WAV,recover-20250317,UBNA_026,Central Pond
LF,28800.0,2.2389669221263024,148.4805,148.489,28046.0,35661.0,Echolocation,Eptesicus serotinus,0.169,0.243,-1,192000.0,/mnt/ubna_data_05/recover-20250317/UBNA_026/20250315_124000.WAV,recover-20250317,UBNA_026,Central Pond
LF,22080.0,-1.02918656365865,153.9715,153.983,22890.0,27039.0,Echolocation,Eptesicus serotinus,0.089,0.201,-1,192000.0,/mnt/ubna_data_05/recover-20250317/UBNA_026/20250315_124000.WAV,recover-20250317,UBNA_026,Central Pond
LF,22080.0,4.034652495223637,193.0015,193.0153,21171.0,26654.0,Echolocation,Nyctalus noctula,0.121,0.229,-1,192000.0,/mnt/ubna_data_05/recover-20250317/UBNA_026/20250315_124000.WAV,recover-20250317,UBNA_026,Central Pond
LF,20160.0,6.203358961268845,284.4305,284.4378,18593.0,28685.0,Echolocation,Plecotus austriacus,0.102,0.251,-1,192000.0,/mnt/ubna_data_05/recover-20250317/UBNA_026/20250315_124000.WAV,recover-20250317,UBNA_026,Central Pond
LF,21120.0,2.696328158651796,43.088499999999996,43.0946,18593.0,31602.0,Echolocation,Plecotus austriacus,0.134,0.224,-1,192000.0,/mnt/ubna_data_05/recover-20250317/UBNA_026/20250315_125000.WAV,recover-20250317,UBNA_026,Central Pond
LF,22080.0,0.4702297947360965,102.9765,102.9845,21171.0,30182.0,Echolocation,Plecotus austriacus,0.078,0.251,-1,192000.0,/mnt/ubna_data_05/recover-20250317/UBNA_026/20250315_125000.WAV,recover-20250317,UBNA_026,Central Pond
LF,25920.0,2.958967216667734,158.4185,158.4243,24609.0,39535.0,Echolocation,Plecotus austriacus,0.155,0.336,-1,192000.0,/mnt/ubna_data_05/recover-20250317/UBNA_026/20250315_125000.WAV,recover-20250317,UBNA_026,Central Pond
LF,24960.0,1.0872624901857473,167.8845,167.8951,23750.0,29849.0,Echolocation,Eptesicus serotinus,0.084,0.239,-1,192000.0,/mnt/ubna_data_05/recover-20250317/UBNA_026/20250315_125000.WAV,recover-20250317,UBNA_026,Central Pond
LF,22080.0,1.2051081910643497,174.3975,174.4106,22890.0,28072.0,Echolocation,Nyctalus leisleri,0.094,0.24,-1,192000.0,/mnt/ubna_data_05/recover-20250317/UBNA_026/20250315_125000.WAV,recover-20250317,UBNA_026,Central Pond
LF,26880.0,0.9731677931244525,192.8045,192.8149,27187.0,33145.0,Echolocation,Eptesicus serotinus,0.15,0.235,-1,192000.0,/mnt/ubna_data_05/recover-20250317/UBNA_026/20250315_125000.WAV,recover-20250317,UBNA_026,Central Pond
LF,22080.0,11.274734759232931,86.5455,86.5518,16875.0,35021.0,Echolocation,Plecotus austriacus,0.151,0.229,-1,192000.0,/mnt/ubna_data_05/recover-20250317/UBNA_026/20250315_130000.WAV,recover-20250317,UBNA_026,Central Pond
HF,45120.0,2.6596727761009853,122.3025,122.3133,43515.0,49671.0,Echolocation,Pipistrellus pipistrellus,0.163,0.248,-1,192000.0,/mnt/ubna_data_05/recover-20250317/UBNA_026/20250315_130000.WAV,recover-20250317,UBNA_026,Central Pond
HF,48000.0,1.144107882652957,246.2495,246.2618,46093.0,50667.0,Echolocation,Pipistrellus pipistrellus,0.186,0.202,-1,192000.0,/mnt/ubna_data_05/recover-20250317/UBNA_026/20250315_130000.WAV,recover-20250317,UBNA_026,Central Pond
LF,26880.0,0.4237047771203314,117.1685,117.181,26328.0,30269.0,Echolocation,Nyctalus leisleri,0.144,0.239,-1,192000.0,/mnt/ubna_data_05/recover-20250317/UBNA_026/20250315_131000.WAV,recover-20250317,UBNA_026,Central Pond
LF,22080.0,4.777146023412535,295.1915,295.1973,20312.0,35293.0,Echolocation,Plecotus austriacus,0.163,0.209,-1,192000.0,/mnt/ubna_data_05/recover-20250317/UBNA_026/20250315_132000.WAV,recover-20250317,UBNA_026,Central Pond
LF,26880.0,1.2332287003332527,59.8745,59.8892,27187.0,32026.0,Echolocation,Eptesicus serotinus,0.093,0.204,-1,192000.0,/mnt/ubna_data_05/recover-20250317/UBNA_026/20250315_135000.WAV,recover-20250317,UBNA_026,Central Pond
LF,23040.0,0.7954402263142478,263.7725,263.7839,23750.0,29238.0,Echolocation,Nyctalus leisleri,0.091,0.248,-1,192000.0,/mnt/ubna_data_05/recover-20250317/UBNA_026/20250315_135000.WAV,recover-20250317,UBNA_026,Central Pond
LF,21120.0,2.5837515176859203,112.8235,112.8513,20312.0,23268.0,Echolocation,Nyctalus noctula,0.111,0.205,-1,192000.0,/mnt/ubna_data_05/recover-20250317/UBNA_026/20250315_140000.WAV,recover-20250317,UBNA_026,Central Pond
LF,21120.0,-0.07564789153733978,12.0565,12.0764,22031.0,25279.0,Echolocation,Nyctalus leisleri,0.121,0.203,-1,192000.0,/mnt/ubna_data_05/recover-20250317/UBNA_026/20250315_142000.WAV,recover-20250317,UBNA_026,Central Pond
HF,48960.0,1.1517390209531297,80.58449999999999,80.5924,47812.0,55687.0,Echolocation,Pipistrellus pipistrellus,0.271,0.291,-1,192000.0,/mnt/ubna_data_05/recover-20250317/UBNA_026/20250315_142000.WAV,recover-20250317,UBNA_026,Central Pond
LF,20160.0,3.806758046585302,125.0685,125.07300000000001,15156.0,33508.0,Echolocation,Plecotus auritus,0.17,0.236,-1,192000.0,/mnt/ubna_data_05/recover-20250317/UBNA_026/20250315_142000.WAV,recover-20250317,UBNA_026,Central Pond
LF,21120.0,15.081857604069405,180.9545,180.9868,18593.0,21709.0,Echolocation,Nyctalus noctula,0.113,0.201,-1,192000.0,/mnt/ubna_data_05/recover-20250317/UBNA_026/20250315_142000.WAV,recover-20250317,UBNA_026,Central Pond
LF,23040.0,4.991063891154404,181.0865,181.109,22890.0,26736.0,Echolocation,Nyctalus leisleri,0.295,0.353,-1,192000.0,/mnt/ubna_data_05/recover-20250317/UBNA_026/20250315_142000.WAV,recover-20250317,UBNA_026,Central Pond
LF,20160.0,11.851405532843003,181.1915,181.2206,19453.0,22150.0,Echolocation,Nyctalus leisleri,0.124,0.21,-1,192000.0,/mnt/ubna_data_05/recover-20250317/UBNA_026/20250315_142000.WAV,recover-20250317,UBNA_026,Central Pond
LF,27840.0,6.7157167385366705,182.1515,182.163,28906.0,34633.0,Echolocation,Eptesicus serotinus,0.171,0.304,-1,192000.0,/mnt/ubna_data_05/recover-20250317/UBNA_026/20250315_142000.WAV,recover-20250317,UBNA_026,Central Pond
LF,28800.0,3.9476464203786747,195.6355,195.6497,28046.0,33170.0,Echolocation,Nyctalus leisleri,0.121,0.252,-1,192000.0,/mnt/ubna_data_05/recover-20250317/UBNA_026/20250315_142000.WAV,recover-20250317,UBNA_026,Central Pond
LF,22080.0,0.3207007893972414,120.3915,120.4121,21171.0,25236.0,Echolocation,Nyctalus noctula,0.141,0.262,-1,192000.0,/mnt/ubna_data_05/recover-20250317/UBNA_026/20250315_144000.WAV,recover-20250317,UBNA_026,Central Pond
LF,23040.0,0.7547304177257096,229.6095,229.6214,23750.0,29290.0,Echolocation,Nyctalus leisleri,0.154,0.331,-1,192000.0,/mnt/ubna_data_05/recover-20250317/UBNA_026/20250315_145000.WAV,recover-20250317,UBNA_026,Central Pond
LF,20160.0,4.406172489769658,281.0725,281.0775,16015.0,34887.0,Echolocation,Plecotus auritus,0.148,0.234,-1,192000.0,/mnt/ubna_data_05/recover-20250317/UBNA_026/20250315_145000.WAV,recover-20250317,UBNA_026,Central Pond
LF,29760.0,1.8523825328120807,26.0765,26.0828,26328.0,38302.0,Echolocation,Plecotus auritus,0.095,0.201,-1,192000.0,/mnt/ubna_data_05/recover-20250317/UBNA_026/20250315_151000.WAV,recover-20250317,UBNA_026,Central Pond
LF,21120.0,0.07163609758091392,159.7775,159.8033,20312.0,23633.0,Echolocation,Nyctalus noctula,0.145,0.227,-1,192000.0,/mnt/ubna_data_05/recover-20250317/UBNA_026/20250315_151000.WAV,recover-20250317,UBNA_026,Central Pond
LF,29760.0,1.274228319179713,262.2955,262.3101,28906.0,32866.0,Echolocation,Nyctalus leisleri,0.104,0.21,-1,192000.0,/mnt/ubna_data_05/recover-20250317/UBNA_026/20250315_152000.WAV,recover-20250317,UBNA_026,Central Pond
LF,22080.0,-0.07569506431072381,20.2335,20.2501,22031.0,25725.0,Echolocation,Nyctalus leisleri,0.164,0.243,-1,192000.0,/mnt/ubna_data_05/recover-20250317/UBNA_026/20250315_153000.WAV,recover-20250317,UBNA_026,Central Pond
LF,21120.0,3.282686698699488,106.0485,106.0584,18593.0,26115.0,Echolocation,Nyctalus noctula,0.067,0.2,-1,192000.0,/mnt/ubna_data_05/recover-20250317/UBNA_026/20250315_154000.WAV,recover-20250317,UBNA_026,Central Pond
LF,21120.0,7.434794949106256,258.1395,258.1452,18593.0,35333.0,Echolocation,Plecotus austriacus,0.207,0.272,-1,192000.0,/mnt/ubna_data_05/recover-20250317/UBNA_026/20250315_154000.WAV,recover-20250317,UBNA_026,Central Pond
LF,21120.0,4.820211654480238,1.7395,1.7476,18593.0,27973.0,Echolocation,Plecotus austriacus,0.117,0.254,-1,192000.0,/mnt/ubna_data_05/recover-20250317/UBNA_026/20250315_160000.WAV,recover-20250317,UBNA_026,Central Pond
LF,20160.0,1.716768532240245,257.6105,257.6297,18593.0,22717.0,Echolocation,Nyctalus noctula,0.157,0.218,-1,192000.0,/mnt/ubna_data_05/recover-20250317/UBNA_026/20250315_160000.WAV,recover-20250317,UBNA_026,Central Pond
LF,22080.0,0.7185594303385419,291.6645,291.6811,22890.0,25696.0,Echolocation,Nyctalus leisleri,0.156,0.206,-1,192000.0,/mnt/ubna_data_05/recover-20250317/UBNA_026/20250315_160000.WAV,recover-20250317,UBNA_026,Central Pond
HF,42240.0,4.11354542779958,35.6495,35.6528,28046.0,50909.0,Echolocation,Myotis nattereri,0.101,0.258,-1,192000.0,/mnt/ubna_data_05/recover-20250317/UBNA_026/20250315_161000.WAV,recover-20250317,UBNA_026,Central Pond
LF,29760.0,7.05536333357197,180.0055,180.0094,25468.0,41622.0,Echolocation,Plecotus austriacus,0.155,0.294,-1,192000.0,/mnt/ubna_data_05/recover-20250317/UBNA_026/20250315_161000.WAV,recover-20250317,UBNA_026,Central Pond
HF,45120.0,1.649942741785709,189.8685,189.8809,45234.0,47980.0,Echolocation,Pipistrellus pipistrellus,0.182,0.217,-1,192000.0,/mnt/ubna_data_05/recover-20250317/UBNA_026/20250315_161000.WAV,recover-20250317,UBNA_026,Central Pond
LF,22080.0,4.699291092172163,267.0895,267.1135,21171.0,23820.0,Echolocation,Nyctalus leisleri,0.186,0.212,-1,192000.0,/mnt/ubna_data_05/recover-20250317/UBNA_026/20250315_161000.WAV,recover-20250317,UBNA_026,Central Pond
LF,21120.0,3.432595441347202,295.9135,295.924,19453.0,25559.0,Echolocation,Nyctalus noctula,0.07,0.201,-1,192000.0,/mnt/ubna_data_05/recover-20250317/UBNA_026/20250315_162000.WAV,recover-20250317,UBNA_026,Central Pond
HF,42240.0,6.034167643900137,36.9685,36.9722,28906.0,48992.0,Echolocation,Myotis daubentonii,0.136,0.242,-1,192000.0,/mnt/ubna_data_05/recover-20250317/UBNA_026/20250315_163000.WAV,recover-20250317,UBNA_026,Central Pond
LF,25920.0,0.03984720791213574,67.0835,67.0973,25468.0,29655.0,Echolocation,Nyctalus leisleri,0.12,0.232,-1,192000.0,/mnt/ubna_data_05/recover-20250317/UBNA_026/20250315_163000.WAV,recover-20250317,UBNA_026,Central Pond
LF,25920.0,0.37691857326111217,114.3845,114.3897,23750.0,36219.0,Echolocation,Plecotus auritus,0.111,0.208,-1,192000.0,/mnt/ubna_data_05/recover-20250317/UBNA_026/20250315_165000.WAV,recover-20250317,UBNA_026,Central Pond
LF,22080.0,1.4273273205368637,118.4355,118.4508,22031.0,26324.0,Echolocation,Nyctalus leisleri,0.112,0.225,-1,192000.0,/mnt/ubna_data_05/recover-20250317/UBNA_026/20250315_165000.WAV,recover-20250317,UBNA_026,Central Pond
LF,23040.0,4.065233382685898,210.1295,210.1377,21171.0,30058.0,Echolocation,Plecotus austriacus,0.097,0.247,-1,192000.0,/mnt/ubna_data_05/recover-20250317/UBNA_026/20250315_171000.WAV,recover-20250317,UBNA_026,Central Pond
LF,21120.0,-3.0459244679532156,209.2885,209.3017,21171.0,26202.0,Echolocation,Nyctalus leisleri,0.07,0.205,-1,192000.0,/mnt/ubna_data_05/recover-20250317/UBNA_026/20250315_172000.WAV,recover-20250317,UBNA_026,Central Pond
LF,23040.0,1.2809807869796268,267.2675,267.2824,22890.0,26582.0,Echolocation,Nyctalus leisleri,0.129,0.247,-1,192000.0,/mnt/ubna_data_05/recover-20250317/UBNA_026/20250315_172000.WAV,recover-20250317,UBNA_026,Central Pond
LF,21120.0,3.6684192383652814,135.9755,135.9823,16015.0,29031.0,Echolocation,Plecotus auritus,0.146,0.223,-1,192000.0,/mnt/ubna_data_05/recover-20250317/UBNA_026/20250315_173000.WAV,recover-20250317,UBNA_026,Central Pond
LF,25920.0,1.2880371262474006,11.6075,11.6162,23750.0,31984.0,Echolocation,Eptesicus serotinus,0.134,0.304,-1,192000.0,/mnt/ubna_data_05/recover-20250317/UBNA_026/20250315_174000.WAV,recover-20250317,UBNA_026,Central Pond
LF,25920.0,1.5378639099315539,22.6855,22.6958,23750.0,30779.0,Echolocation,Eptesicus serotinus,0.083,0.223,-1,192000.0,/mnt/ubna_data_05/recover-20250317/UBNA_026/20250315_174000.WAV,recover-20250317,UBNA_026,Central Pond
LF,21120.0,0.3165905904305604,150.4395,150.4567,21171.0,25923.0,Echolocation,Nyctalus noctula,0.087,0.21,-1,192000.0,/mnt/ubna_data_05/recover-20250317/UBNA_026/20250315_175000.WAV,recover-20250317,UBNA_026,Central Pond
LF,20160.0,2.1432114373272917,150.8245,150.8305,15156.0,29264.0,Echolocation,Plecotus auritus,0.179,0.212,-1,192000.0,/mnt/ubna_data_05/recover-20250317/UBNA_026/20250315_175000.WAV,recover-20250317,UBNA_026,Central Pond
LF,26880.0,2.081414567830643,165.3835,165.394,25468.0,30193.0,Echolocation,Eptesicus serotinus,0.125,0.24,-1,192000.0,/mnt/ubna_data_05/recover-20250317/UBNA_026/20250315_175000.WAV,recover-20250317,UBNA_026,Central Pond
LF,22080.0,1.2972875056853268,180.1265,180.139,22890.0,28998.0,Echolocation,Eptesicus serotinus,0.092,0.236,-1,192000.0,/mnt/ubna_data_05/recover-20250317/UBNA_026/20250315_175000.WAV,recover-20250317,UBNA_026,Central Pond
LF,21120.0,0.5432412372700989,42.4955,42.5106,22031.0,26822.0,Echolocation,Nyctalus leisleri,0.095,0.213,-1,192000.0,/mnt/ubna_data_05/recover-20250317/UBNA_026/20250315_180000.WAV,recover-20250317,UBNA_026,Central Pond
LF,19200.0,11.999780851916512,78.74549999999999,78.7674,18593.0,21460.0,Echolocation,Nyctalus noctula,0.372,0.463,-1,192000.0,/mnt/ubna_data_05/recover-20250317/UBNA_026/20250315_180000.WAV,recover-20250317,UBNA_026,Central Pond
HF,44160.0,1.8308372201539582,216.1745,216.1831,44375.0,48890.0,Echolocation,Pipistrellus pipistrellus,0.234,0.251,-1,192000.0,/mnt/ubna_data_05/recover-20250317/UBNA_026/20250315_180000.WAV,recover-20250317,UBNA_026,Central Pond
LF,26880.0,0.4520440356464977,285.4915,285.5032,25468.0,31107.0,Echolocation,Eptesicus serotinus,0.119,0.205,-1,192000.0,/mnt/ubna_data_05/recover-20250317/UBNA_026/20250315_180000.WAV,recover-20250317,UBNA_026,Central Pond
LF,21120.0,0.45605044149137974,274.5015,274.5176,21171.0,25378.0,Echolocation,Nyctalus noctula,0.122,0.221,-1,192000.0,/mnt/ubna_data_05/recover-20250317/UBNA_026/20250315_182000.WAV,recover-20250317,UBNA_026,Central Pond
LF,23040.0,2.646491543008759,95.6135,95.635,22890.0,26276.0,Echolocation,Nyctalus leisleri,0.195,0.25,-1,192000.0,/mnt/ubna_data_05/recover-20250317/UBNA_026/20250315_183000.WAV,recover-20250317,UBNA_026,Central Pond
LF,23040.0,5.732443074924644,95.7935,95.8122,22890.0,25783.0,Echolocation,Nyctalus leisleri,0.171,0.212,-1,192000.0,/mnt/ubna_data_05/recover-20250317/UBNA_026/20250315_183000.WAV,recover-20250317,UBNA_026,Central Pond
LF,22080.0,-1.708966696498567,60.9745,60.9971,21171.0,24228.0,Echolocation,Nyctalus leisleri,0.103,0.207,-1,192000.0,/mnt/ubna_data_05/recover-20250317/UBNA_026/20250315_184000.WAV,recover-20250317,UBNA_026,Central Pond
LF,21120.0,0.6014681592903399,88.42150000000001,88.4466,20312.0,23865.0,Echolocation,Nyctalus noctula,0.121,0.203,-1,192000.0,/mnt/ubna_data_05/recover-20250317/UBNA_026/20250315_184000.WAV,recover-20250317,UBNA_026,Central Pond
LF,20160.0,0.8580905959647509,257.8745,257.8943,19453.0,22696.0,Echolocation,Nyctalus noctula,0.154,0.238,-1,192000.0,/mnt/ubna_data_05/recover-20250317/UBNA_026/20250315_191000.WAV,recover-20250317,UBNA_026,Central Pond
LF,25920.0,1.5043967235655475,87.60249999999999,87.6074,23750.0,38309.0,Echolocation,Plecotus austriacus,0.164,0.246,-1,192000.0,/mnt/ubna_data_05/recover-20250317/UBNA_026/20250315_192000.WAV,recover-20250317,UBNA_026,Central Pond
LF,25920.0,3.199286610979963,174.95850000000002,174.9651,23750.0,32451.0,Echolocation,Plecotus austriacus,0.101,0.202,-1,192000.0,/mnt/ubna_data_05/recover-20250317/UBNA_026/20250315_192000.WAV,recover-20250317,UBNA_026,Central Pond
LF,21120.0,2.6037137426986448,244.9915,245.0031,20312.0,27320.0,Echolocation,Nyctalus noctula,0.09,0.216,-1,192000.0,/mnt/ubna_data_05/recover-20250317/UBNA_026/20250315_192000.WAV,recover-20250317,UBNA_026,Central Pond
LF,28800.0,3.031941463720396,251.1985,251.2087,27187.0,33489.0,Echolocation,Eptesicus serotinus,0.13,0.234,-1,192000.0,/mnt/ubna_data_05/recover-20250317/UBNA_026/20250315_192000.WAV,recover-20250317,UBNA_026,Central Pond
LF,25920.0,-1.025070413641693,264.2685,264.2804,23750.0,28982.0,Echolocation,Nyctalus leisleri,0.082,0.213,-1,192000.0,/mnt/ubna_data_05/recover-20250317/UBNA_026/20250315_192000.WAV,recover-20250317,UBNA_026,Central Pond
HF,41280.0,2.973894030246847,60.2585,60.2631,35781.0,47102.0,Echolocation,Myotis daubentonii,0.122,0.203,-1,192000.0,/mnt/ubna_data_05/recover-20250317/UBNA_026/20250315_193000.WAV,recover-20250317,UBNA_026,Central Pond
LF,24960.0,1.2330839546150312,101.1455,101.1499,24609.0,41790.0,Echolocation,Plecotus austriacus,0.145,0.238,-1,192000.0,/mnt/ubna_data_05/recover-20250317/UBNA_026/20250315_193000.WAV,recover-20250317,UBNA_026,Central Pond
LF,20160.0,2.4612709350263193,131.7775,131.784,18593.0,29312.0,Echolocation,Plecotus austriacus,0.121,0.236,-1,192000.0,/mnt/ubna_data_05/recover-20250317/UBNA_026/20250315_193000.WAV,recover-20250317,UBNA_026,Central Pond
LF,28800.0,2.708218540087427,143.3015,143.3095,27187.0,35845.0,Echolocation,Eptesicus serotinus,0.111,0.207,-1,192000.0,/mnt/ubna_data_05/recover-20250317/UBNA_026/20250315_193000.WAV,recover-20250317,UBNA_026,Central Pond
LF,22080.0,2.5130253870958614,267.5245,267.532,22031.0,31483.0,Echolocation,Plecotus austriacus,0.13,0.226,-1,192000.0,/mnt/ubna_data_05/recover-20250317/UBNA_026/20250315_193000.WAV,recover-20250317,UBNA_026,Central Pond
LF,23040.0,-13.530456481800158,269.4065,269.4117,22031.0,38487.0,Echolocation,Plecotus austriacus,0.169,0.268,-1,192000.0,/mnt/ubna_data_05/recover-20250317/UBNA_026/20250315_193000.WAV,recover-20250317,UBNA_026,Central Pond
HF,70080.0,-14.37970528231466,24.7205,24.7591,68437.0,83049.0,Echolocation,Rhinolophus ferrumequinum,0.249,0.249,-1,192000.0,/mnt/ubna_data_05/recover-20250317/UBNA_026/20250315_194000.WAV,recover-20250317,UBNA_026,Central Pond
LF,26880.0,8.549418294034476,31.1145,31.1203,22031.0,33038.0,Echolocation,Plecotus austriacus,0.201,0.252,-1,192000.0,/mnt/ubna_data_05/recover-20250317/UBNA_026/20250315_194000.WAV,recover-20250317,UBNA_026,Central Pond
LF,26880.0,1.495633537979097,56.9745,56.978899999999996,24609.0,41500.0,Echolocation,Plecotus austriacus,0.14,0.209,-1,192000.0,/mnt/ubna_data_05/recover-20250317/UBNA_026/20250315_194000.WAV,recover-20250317,UBNA_026,Central Pond
HF,46080.0,4.0848990246684656,154.8045,154.8081,39218.0,64770.0,Echolocation,Myotis nattereri,0.118,0.267,-1,192000.0,/mnt/ubna_data_05/recover-20250317/UBNA_026/20250315_194000.WAV,recover-20250317,UBNA_026,Central Pond
LF,29760.0,1.3210991021351746,245.2835,245.2916,27187.0,35510.0,Echolocation,Eptesicus serotinus,0.229,0.338,-1,192000.0,/mnt/ubna_data_05/recover-20250317/UBNA_026/20250315_194000.WAV,recover-20250317,UBNA_026,Central Pond
LF,21120.0,2.5933983044468296,168.5975,168.6033,18593.0,30391.0,Echolocation,Plecotus auritus,0.127,0.241,-1,192000.0,/mnt/ubna_data_05/recover-20250317/UBNA_026/20250315_195000.WAV,recover-20250317,UBNA_026,Central Pond
LF,23040.0,0.7701345087075986,285.5715,285.5862,22890.0,27360.0,Echolocation,Nyctalus leisleri,0.132,0.288,-1,192000.0,/mnt/ubna_data_05/recover-20250317/UBNA_026/20250315_195000.WAV,recover-20250317,UBNA_026,Central Pond
LF,19200.0,2.436179259628964,99.2905,99.313,18593.0,21830.0,Echolocation,Nyctalus noctula,0.187,0.256,-1,192000.0,/mnt/ubna_data_05/recover-20250317/UBNA_026/20250315_200000.WAV,recover-20250317,UBNA_026,Central Pond
LF,24960.0,0.5335053974641029,98.9735,98.9868,24609.0,29779.0,Echolocation,Eptesicus serotinus,0.092,0.212,-1,192000.0,/mnt/ubna_data_05/recover-20250317/UBNA_026/20250315_201000.WAV,recover-20250317,UBNA_026,Central Pond
LF,27840.0,0.8353236090352317,142.2215,142.23239999999998,26328.0,32496.0,Echolocation,Eptesicus serotinus,0.118,0.247,-1,192000.0,/mnt/ubna_data_05/recover-20250317/UBNA_026/20250315_201000.WAV,recover-20250317,UBNA_026,Central Pond
LF,22080.0,-13.332409666580126,271.5215,271.5298,20312.0,28466.0,Echolocation,Plecotus austriacus,0.096,0.249,-1,192000.0,/mnt/ubna_data_05/recover-20250317/UBNA_026/20250315_202000.WAV,recover-20250317,UBNA_026,Central Pond
LF,25920.0,5.990000062671336,174.4205,174.4253,22890.0,37411.0,Echolocation,Plecotus austriacus,0.175,0.223,-1,192000.0,/mnt/ubna_data_05/recover-20250317/UBNA_026/20250315_203000.WAV,recover-20250317,UBNA_026,Central Pond
HF,44160.0,3.7466319465392175,201.8025,201.8064,28046.0,52560.0,Echolocation,Myotis nattereri,0.157,0.242,-1,192000.0,/mnt/ubna_data_05/recover-20250317/UBNA_026/20250315_203000.WAV,recover-20250317,UBNA_026,Central Pond
LF,22080.0,4.878751347530712,47.3895,47.3983,21171.0,28220.0,Echolocation,Plecotus austriacus,0.085,0.205,-1,192000.0,/mnt/ubna_data_05/recover-20250317/UBNA_026/20250315_204000.WAV,recover-20250317,UBNA_026,Central Pond
LF,23040.0,6.2352587943615525,152.3715,152.3835,22890.0,27230.0,Echolocation,Eptesicus serotinus,0.1,0.219,-1,192000.0,/mnt/ubna_data_05/recover-20250317/UBNA_026/20250315_204000.WAV,recover-20250317,UBNA_026,Central Pond
LF,28800.0,3.9083037249816446,227.64249999999998,227.6463,25468.0,41411.0,Echolocation,Plecotus austriacus,0.295,0.401,-1,192000.0,/mnt/ubna_data_05/recover-20250317/UBNA_026/20250315_204000.WAV,recover-20250317,UBNA_026,Central Pond
LF,22080.0,4.227996464151168,133.9305,133.939,20312.0,30100.0,Echolocation,Plecotus austriacus,0.091,0.2,-1,192000.0,/mnt/ubna_data_05/recover-20250317/UBNA_026/20250315_205000.WAV,recover-20250317,UBNA_026,Central Pond
LF,28800.0,2.6411150428155583,204.6855,204.693,26328.0,34474.0,Echolocation,Eptesicus serotinus,0.105,0.223,-1,192000.0,/mnt/ubna_data_05/recover-20250317/UBNA_026/20250315_205000.WAV,recover-20250317,UBNA_026,Central Pond
LF,22080.0,4.128810949304109,20.7775,20.7868,20312.0,27539.0,Echolocation,Plecotus austriacus,0.077,0.232,-1,192000.0,/mnt/ubna_data_05/recover-20250317/UBNA_026/20250315_210000.WAV,recover-20250317,UBNA_026,Central Pond
LF,26880.0,1.6609696841639354,48.3405,48.3495,26328.0,32202.0,Echolocation,Eptesicus serotinus,0.149,0.23,-1,192000.0,/mnt/ubna_data_05/recover-20250317/UBNA_026/20250315_210000.WAV,recover-20250317,UBNA_026,Central Pond
LF,29760.0,0.9622811051885558,49.4925,49.5047,28906.0,33161.0,Echolocation,Eptesicus serotinus,0.16,0.266,-1,192000.0,/mnt/ubna_data_05/recover-20250317/UBNA_026/20250315_210000.WAV,recover-20250317,UBNA_026,Central Pond
LF,24000.0,2.4839201260733597,209.8545,209.8701,22890.0,25807.0,Echolocation,Nyctalus leisleri,0.165,0.21,-1,192000.0,/mnt/ubna_data_05/recover-20250317/UBNA_026/20250315_210000.WAV,recover-20250317,UBNA_026,Central Pond
LF,29760.0,5.792363430703345,228.0015,228.0055,24609.0,42743.0,Echolocation,Plecotus austriacus,0.076,0.217,-1,192000.0,/mnt/ubna_data_05/recover-20250317/UBNA_026/20250315_210000.WAV,recover-20250317,UBNA_026,Central Pond
HF,43200.0,2.1887520338028494,237.4955,237.5094,42656.0,46480.0,Echolocation,Pipistrellus nathusii,0.157,0.238,-1,192000.0,/mnt/ubna_data_05/recover-20250317/UBNA_026/20250315_210000.WAV,recover-20250317,UBNA_026,Central Pond
LF,24000.0,1.3812974704412693,255.9415,255.9487,22890.0,33709.0,Echolocation,Plecotus auritus,0.079,0.231,-1,192000.0,/mnt/ubna_data_05/recover-20250317/UBNA_026/20250315_210000.WAV,recover-20250317,UBNA_026,Central Pond
LF,21120.0,0.9906750774723252,267.4765,267.4967,22031.0,25680.0,Echolocation,Nyctalus leisleri,0.136,0.247,-1,192000.0,/mnt/ubna_data_05/recover-20250317/UBNA_026/20250315_210000.WAV,recover-20250317,UBNA_026,Central Pond
LF,23040.0,0.03265154654609214,172.2665,172.2737,21171.0,30500.0,Echolocation,Plecotus austriacus,0.145,0.223,-1,192000.0,/mnt/ubna_data_05/recover-20250317/UBNA_026/20250315_211000.WAV,recover-20250317,UBNA_026,Central Pond
LF,28800.0,3.9858181246068614,194.1275,194.1334,26328.0,36396.0,Echolocation,Plecotus austriacus,0.117,0.207,-1,192000.0,/mnt/ubna_data_05/recover-20250317/UBNA_026/20250315_211000.WAV,recover-20250317,UBNA_026,Central Pond
LF,22080.0,-10.518906414513333,211.8845,211.8998,22031.0,27398.0,Echolocation,Eptesicus serotinus,0.08,0.237,-1,192000.0,/mnt/ubna_data_05/recover-20250317/UBNA_026/20250315_211000.WAV,recover-20250317,UBNA_026,Central Pond
HF,42240.0,3.445182308760923,267.6955,267.7052,41796.0,45470.0,Echolocation,Pipistrellus nathusii,0.083,0.202,-1,192000.0,/mnt/ubna_data_05/recover-20250317/UBNA_026/20250315_211000.WAV,recover-20250317,UBNA_026,Central Pond
LF,28800.0,1.1495726751699702,74.4735,74.4871,27187.0,30966.0,Echolocation,Nyctalus leisleri,0.122,0.206,-1,192000.0,/mnt/ubna_data_05/recover-20250317/UBNA_026/20250315_212000.WAV,recover-20250317,UBNA_026,Central Pond
LF,23040.0,-0.40886307954039053,120.4035,120.4155,23750.0,29258.0,Echolocation,Nyctalus leisleri,0.08,0.213,-1,192000.0,/mnt/ubna_data_05/recover-20250317/UBNA_026/20250315_212000.WAV,recover-20250317,UBNA_026,Central Pond
LF,26880.0,8.783130163519196,236.6565,236.6671,24609.0,29460.0,Echolocation,Eptesicus serotinus,0.086,0.224,-1,192000.0,/mnt/ubna_data_05/recover-20250317/UBNA_026/20250315_212000.WAV,recover-20250317,UBNA_026,Central Pond
LF,25920.0,3.5185263296710287,108.9115,108.9164,22890.0,38403.0,Echolocation,Plecotus austriacus,0.167,0.211,-1,192000.0,/mnt/ubna_data_05/recover-20250317/UBNA_026/20250315_213000.WAV,recover-20250317,UBNA_026,Central Pond
LF,28800.0,1.0340283394229504,116.2615,116.2723,28046.0,33954.0,Echolocation,Eptesicus serotinus,0.147,0.227,-1,192000.0,/mnt/ubna_data_05/recover-20250317/UBNA_026/20250315_213000.WAV,recover-20250317,UBNA_026,Central Pond
LF,22080.0,1.7881550787445808,227.3025,227.3096,21171.0,31120.0,Echolocation,Plecotus austriacus,0.126,0.269,-1,192000.0,/mnt/ubna_data_05/recover-20250317/UBNA_026/20250315_213000.WAV,recover-20250317,UBNA_026,Central Pond
LF,25920.0,4.701202297872447,261.8975,261.903,23750.0,38994.0,Echolocation,Plecotus austriacus,0.193,0.25,-1,192000.0,/mnt/ubna_data_05/recover-20250317/UBNA_026/20250315_213000.WAV,recover-20250317,UBNA_026,Central Pond
LF,23040.0,0.9399397297219938,221.3675,221.3843,23750.0,28156.0,Echolocation,Nyctalus leisleri,0.098,0.201,-1,192000.0,/mnt/ubna_data_05/recover-20250317/UBNA_026/20250315_215000.WAV,recover-20250317,UBNA_026,Central Pond
LF,21120.0,0.7341327145988574,246.0915,246.1063,21171.0,26359.0,Echolocation,Nyctalus noctula,0.234,0.422,-1,192000.0,/mnt/ubna_data_05/recover-20250317/UBNA_026/20250315_224000.WAV,recover-20250317,UBNA_026,Central Pond
LF,21120.0,4.5532116618642,142.5695,142.5751,17734.0,38438.0,Echolocation,Plecotus austriacus,0.2,0.325,-1,192000.0,/mnt/ubna_data_05/recover-20250317/UBNA_026/20250315_225000.WAV,recover-20250317,UBNA_026,Central Pond
LF,23040.0,0.42751331223257616,167.6005,167.6131,23750.0,28024.0,Echolocation,Nyctalus leisleri,0.104,0.209,-1,192000.0,/mnt/ubna_data_05/recover-20250317/UBNA_026/20250315_233000.WAV,recover-20250317,UBNA_026,Central Pond
LF,22080.0,1.7257835113363738,225.3875,225.4036,22031.0,26891.0,Echolocation,Nyctalus noctula,0.118,0.242,-1,192000.0,/mnt/ubna_data_05/recover-20250317/UBNA_026/20250315_233000.WAV,recover-20250317,UBNA_026,Central Pond
LF,21120.0,0.4538539357388688,163.4245,163.4442,20312.0,23517.0,Echolocation,Nyctalus noctula,0.126,0.215,-1,192000.0,/mnt/ubna_data_05/recover-20250317/UBNA_026/20250315_234000.WAV,recover-20250317,UBNA_026,Central Pond
LF,26880.0,2.8090308281714647,206.4515,206.469,26328.0,29900.0,Echolocation,Nyctalus leisleri,0.149,0.238,-1,192000.0,/mnt/ubna_data_05/recover-20250317/UBNA_026/20250315_235000.WAV,recover-20250317,UBNA_026,Central Pond
LF,26880.0,0.6143809912529937,232.8805,232.892,27187.0,33260.0,Echolocation,Eptesicus serotinus,0.154,0.241,-1,192000.0,/mnt/ubna_data_05/recover-20250317/UBNA_026/20250316_000000.WAV,recover-20250317,UBNA_026,Central Pond
LF,22080.0,0.044194575974450825,237.1915,237.212,21171.0,24251.0,Echolocation,Nyctalus noctula,0.102,0.205,-1,192000.0,/mnt/ubna_data_05/recover-20250317/UBNA_026/20250316_000000.WAV,recover-20250317,UBNA_026,Central Pond
LF,22080.0,0.3616670993063615,31.5595,31.5744,22031.0,27562.0,Echolocation,Nyctalus noctula,0.118,0.229,-1,192000.0,/mnt/ubna_data_05/recover-20250317/UBNA_026/20250316_002000.WAV,recover-20250317,UBNA_026,Central Pond
LF,23040.0,-0.050235527716212314,233.5445,233.5549,22031.0,28633.0,Echolocation,Nyctalus noctula,0.077,0.22,-1,192000.0,/mnt/ubna_data_05/recover-20250317/UBNA_026/20250316_004000.WAV,recover-20250317,UBNA_026,Central Pond
LF,22080.0,1.4046766348146311,171.2625,171.2824,21171.0,25577.0,Echolocation,Nyctalus noctula,0.163,0.263,-1,192000.0,/mnt/ubna_data_05/recover-20250317/UBNA_026/20250316_005000.WAV,recover-20250317,UBNA_026,Central Pond
LF,22080.0,5.760613729163527,196.4155,196.4236,20312.0,28075.0,Echolocation,Plecotus austriacus,0.086,0.221,-1,192000.0,/mnt/ubna_data_05/recover-20250317/UBNA_026/20250316_005000.WAV,recover-20250317,UBNA_026,Central Pond
LF,22080.0,0.25056739620121604,233.4025,233.4209,22031.0,25481.0,Echolocation,Nyctalus noctula,0.102,0.212,-1,192000.0,/mnt/ubna_data_05/recover-20250317/UBNA_026/20250316_005000.WAV,recover-20250317,UBNA_026,Central Pond
LF,26880.0,2.703760000853874,54.429500000000004,54.4351,23750.0,37457.0,Echolocation,Plecotus austriacus,0.139,0.223,-1,192000.0,/mnt/ubna_data_05/recover-20250317/UBNA_026/20250316_010000.WAV,recover-20250317,UBNA_026,Central Pond
LF,28800.0,0.9529179468288235,163.1375,163.1431,26328.0,37394.0,Echolocation,Plecotus auritus,0.115,0.237,-1,192000.0,/mnt/ubna_data_05/recover-20250317/UBNA_026/20250316_010000.WAV,recover-20250317,UBNA_026,Central Pond
LF,21120.0,1.742350817756839,175.6145,175.6198,14296.0,29593.0,Echolocation,Plecotus auritus,0.195,0.223,-1,192000.0,/mnt/ubna_data_05/recover-20250317/UBNA_026/20250316_010000.WAV,recover-20250317,UBNA_026,Central Pond
LF,26880.0,2.637632154469843,245.6305,245.6355,25468.0,36813.0,Echolocation,Plecotus auritus,0.146,0.237,-1,192000.0,/mnt/ubna_data_05/recover-20250317/UBNA_026/20250316_010000.WAV,recover-20250317,UBNA_026,Central Pond
LF,22080.0,0.5945164532614379,85.2165,85.22970000000001,22890.0,27982.0,Echolocation,Nyctalus leisleri,0.078,0.202,-1,192000.0,/mnt/ubna_data_05/recover-20250317/UBNA_026/20250316_011000.WAV,recover-20250317,UBNA_026,Central Pond
HF,43200.0,3.9404944011554335,139.6705,139.675,23750.0,51845.0,Echolocation,Myotis nattereri,0.192,0.218,-1,192000.0,/mnt/ubna_data_05/recover-20250317/UBNA_026/20250316_011000.WAV,recover-20250317,UBNA_026,Central Pond
HF,45120.0,5.8796162372943765,167.1215,167.125,28906.0,53445.0,Echolocation,Myotis nattereri,0.168,0.253,-1,192000.0,/mnt/ubna_data_05/recover-20250317/UBNA_026/20250316_011000.WAV,recover-20250317,UBNA_026,Central Pond
LF,29760.0,6.913675926166753,1.9465,1.9502,24609.0,42086.0,Echolocation,Plecotus austriacus,0.183,0.275,-1,192000.0,/mnt/ubna_data_05/recover-20250317/UBNA_026/20250316_012000.WAV,recover-20250317,UBNA_026,Central Pond
LF,28800.0,1.3742701878839951,29.6925,29.7018,27187.0,34796.0,Echolocation,Eptesicus serotinus,0.13,0.216,-1,192000.0,/mnt/ubna_data_05/recover-20250317/UBNA_026/20250316_012000.WAV,recover-20250317,UBNA_026,Central Pond
LF,28800.0,0.6339661684091125,63.2265,63.2377,27187.0,32306.0,Echolocation,Eptesicus serotinus,0.127,0.245,-1,192000.0,/mnt/ubna_data_05/recover-20250317/UBNA_026/20250316_012000.WAV,recover-20250317,UBNA_026,Central Pond
LF,21120.0,2.278901079611242,152.8845,152.9035,20312.0,24630.0,Echolocation,Nyctalus noctula,0.174,0.26,-1,192000.0,/mnt/ubna_data_05/recover-20250317/UBNA_026/20250316_012000.WAV,recover-20250317,UBNA_026,Central Pond
LF,29760.0,3.1438834740154005,185.0875,185.1008,28906.0,34183.0,Echolocation,Eptesicus serotinus,0.108,0.202,-1,192000.0,/mnt/ubna_data_05/recover-20250317/UBNA_026/20250316_012000.WAV,recover-20250317,UBNA_026,Central Pond
LF,29760.0,0.956065423419155,46.6035,46.6125,27187.0,34211.0,Echolocation,Eptesicus serotinus,0.142,0.224,-1,192000.0,/mnt/ubna_data_05/recover-20250317/UBNA_026/20250316_013000.WAV,recover-20250317,UBNA_026,Central Pond
LF,25920.0,2.4359769856965676,137.3655,137.3715,25468.0,40190.0,Echolocation,Plecotus auritus,0.079,0.205,-1,192000.0,/mnt/ubna_data_05/recover-20250317/UBNA_026/20250316_013000.WAV,recover-20250317,UBNA_026,Central Pond
LF,26880.0,4.09024073147161,109.25450000000001,109.2647,25468.0,31449.0,Echolocation,Eptesicus serotinus,0.11,0.218,-1,192000.0,/mnt/ubna_data_05/recover-20250317/UBNA_026/20250316_014000.WAV,recover-20250317,UBNA_026,Central Pond
LF,21120.0,1.052545424485334,297.0625,297.0731,20312.0,27940.0,Echolocation,Nyctalus noctula,0.113,0.284,-1,192000.0,/mnt/ubna_data_05/recover-20250317/UBNA_026/20250316_015000.WAV,recover-20250317,UBNA_026,Central Pond
HF,42240.0,8.315721769861216,165.8055,165.8134,40078.0,45128.0,Echolocation,Pipistrellus nathusii,0.147,0.292,-1,192000.0,/mnt/ubna_data_05/recover-20250317/UBNA_026/20250316_020000.WAV,recover-20250317,UBNA_026,Central Pond
LF,23040.0,19.72199968984979,294.9525,294.9587,19453.0,34844.0,Echolocation,Plecotus austriacus,0.161,0.215,-1,192000.0,/mnt/ubna_data_05/recover-20250317/UBNA_026/20250316_020000.WAV,recover-20250317,UBNA_026,Central Pond
LF,29760.0,1.3660110559562355,13.4675,13.4797,28906.0,33326.0,Echolocation,Eptesicus serotinus,0.129,0.207,-1,192000.0,/mnt/ubna_data_05/recover-20250317/UBNA_026/20250316_021000.WAV,recover-20250317,UBNA_026,Central Pond
LF,28800.0,3.9617321949992252,129.3835,129.3879,22890.0,37301.0,Echolocation,Plecotus austriacus,0.195,0.307,-1,192000.0,/mnt/ubna_data_05/recover-20250317/UBNA_026/20250316_021000.WAV,recover-20250317,UBNA_026,Central Pond
HF,39360.0,2.3537048358920734,169.9565,169.9603,25468.0,53983.0,Echolocation,Myotis nattereri,0.196,0.242,-1,192000.0,/mnt/ubna_data_05/recover-20250317/UBNA_026/20250316_021000.WAV,recover-20250317,UBNA_026,Central Pond
LF,25920.0,1.5523141184240654,284.4465,284.4507,24609.0,41449.0,Echolocation,Plecotus austriacus,0.116,0.211,-1,192000.0,/mnt/ubna_data_05/recover-20250317/UBNA_026/20250316_021000.WAV,recover-20250317,UBNA_026,Central Pond
HF,39360.0,6.216066778819815,288.0015,288.0062,23750.0,59775.0,Echolocation,Myotis nattereri,0.197,0.24,-1,192000.0,/mnt/ubna_data_05/recover-20250317/UBNA_026/20250316_021000.WAV,recover-20250317,UBNA_026,Central Pond
LF,25920.0,1.7338833451377282,270.3645,270.3747,23750.0,30779.0,Echolocation,Eptesicus serotinus,0.092,0.227,-1,192000.0,/mnt/ubna_data_05/recover-20250317/UBNA_026/20250316_022000.WAV,recover-20250317,UBNA_026,Central Pond
LF,21120.0,3.0971262520116376,82.7575,82.7798,19453.0,22658.0,Echolocation,Nyctalus noctula,0.163,0.258,-1,192000.0,/mnt/ubna_data_05/recover-20250317/UBNA_026/20250316_023000.WAV,recover-20250317,UBNA_026,Central Pond
LF,22080.0,3.4978525231570967,115.9375,115.9454,21171.0,30522.0,Echolocation,Plecotus austriacus,0.123,0.204,-1,192000.0,/mnt/ubna_data_05/recover-20250317/UBNA_026/20250316_023000.WAV,recover-20250317,UBNA_026,Central Pond
LF,29760.0,4.138079403494896,213.5315,213.5368,27187.0,42007.0,Echolocation,Plecotus auritus,0.081,0.226,-1,192000.0,/mnt/ubna_data_05/recover-20250317/UBNA_026/20250316_023000.WAV,recover-20250317,UBNA_026,Central Pond
LF,25920.0,4.090971023072681,293.8085,293.8132,23750.0,37388.0,Echolocation,Plecotus austriacus,0.151,0.217,-1,192000.0,/mnt/ubna_data_05/recover-20250317/UBNA_026/20250316_023000.WAV,recover-20250317,UBNA_026,Central Pond
LF,19200.0,2.0361875208933338,18.3585,18.3825,18593.0,21552.0,Echolocation,Nyctalus noctula,0.211,0.295,-1,192000.0,/mnt/ubna_data_05/recover-20250317/UBNA_026/20250316_024000.WAV,recover-20250317,UBNA_026,Central Pond
LF,22080.0,3.4938070527630787,98.6105,98.6196,20312.0,29222.0,Echolocation,Nyctalus noctula,0.155,0.387,-1,192000.0,/mnt/ubna_data_05/recover-20250317/UBNA_026/20250316_025000.WAV,recover-20250317,UBNA_026,Central Pond
LF,22080.0,1.0544838397802179,176.0935,176.1088,22890.0,27375.0,Echolocation,Nyctalus leisleri,0.09,0.206,-1,192000.0,/mnt/ubna_data_05/recover-20250317/UBNA_026/20250316_025000.WAV,recover-20250317,UBNA_026,Central Pond
LF,22080.0,0.03184372171891021,166.4275,166.44650000000001,22031.0,26794.0,Echolocation,Nyctalus noctula,0.097,0.217,-1,192000.0,/mnt/ubna_data_05/recover-20250317/UBNA_026/20250316_030000.WAV,recover-20250317,UBNA_026,Central Pond
LF,23040.0,0.15558217009015785,71.2475,71.2618,22890.0,27231.0,Echolocation,Nyctalus leisleri,0.132,0.265,-1,192000.0,/mnt/ubna_data_05/recover-20250317/UBNA_026/20250316_032000.WAV,recover-20250317,UBNA_026,Central Pond
LF,21120.0,0.7574008452014862,147.9415,147.9623,21171.0,24853.0,Echolocation,Nyctalus noctula,0.156,0.258,-1,192000.0,/mnt/ubna_data_05/recover-20250317/UBNA_026/20250316_032000.WAV,recover-20250317,UBNA_026,Central Pond
LF,22080.0,0.44240047529857723,84.5145,84.5304,22890.0,27552.0,Echolocation,Nyctalus leisleri,0.152,0.253,-1,192000.0,/mnt/ubna_data_05/recover-20250317/UBNA_026/20250316_034000.WAV,recover-20250317,UBNA_026,Central Pond
HF,43200.0,1.5922575501140315,139.58350000000002,139.593,41796.0,47098.0,Echolocation,Pipistrellus nathusii,0.135,0.206,-1,192000.0,/mnt/ubna_data_05/recover-20250317/UBNA_026/20250316_034000.WAV,recover-20250317,UBNA_026,Central Pond
LF,23040.0,0.4769576084599043,186.3315,186.3471,23750.0,28308.0,Echolocation,Nyctalus leisleri,0.098,0.207,-1,192000.0,/mnt/ubna_data_05/recover-20250317/UBNA_026/20250316_034000.WAV,recover-20250317,UBNA_026,Central Pond
LF,22080.0,4.073515408606382,251.9775,251.9872,20312.0,27344.0,Echolocation,Plecotus austriacus,0.069,0.235,-1,192000.0,/mnt/ubna_data_05/recover-20250317/UBNA_026/20250316_045000.WAV,recover-20250317,UBNA_026,Central Pond
HF,46080.0,0.6426133802977086,3.8845,3.8933,46093.0,49813.0,Echolocation,Pipistrellus pipistrellus,0.212,0.243,-1,192000.0,/mnt/ubna_data_05/recover-20250317/UBNA_026/20250316_050000.WAV,recover-20250317,UBNA_026,Central Pond
LF,24960.0,0.969052255310257,71.1585,71.1662,23750.0,32785.0,Echolocation,Plecotus austriacus,0.061,0.234,-1,192000.0,/mnt/ubna_data_05/recover-20250317/UBNA_026/20250316_051000.WAV,recover-20250317,UBNA_026,Central Pond
LF,28800.0,2.067528930449238,1.5725,1.581,27187.0,34348.0,Echolocation,Eptesicus serotinus,0.132,0.24,-1,192000.0,/mnt/ubna_data_05/recover-20250317/UBNA_026/20250316_052000.WAV,recover-20250317,UBNA_026,Central Pond
LF,24960.0,-0.5971985566894997,20.1595,20.1683,22890.0,31660.0,Echolocation,Plecotus austriacus,0.086,0.27,-1,192000.0,/mnt/ubna_data_05/recover-20250317/UBNA_026/20250316_052000.WAV,recover-20250317,UBNA_026,Central Pond
LF,28800.0,0.28135383958861443,49.6035,49.6077,25468.0,40952.0,Echolocation,Plecotus auritus,0.1,0.201,-1,192000.0,/mnt/ubna_data_05/recover-20250317/UBNA_026/20250316_052000.WAV,recover-20250317,UBNA_026,Central Pond
LF,21120.0,-0.8423612445375941,189.3455,189.3645,22031.0,25494.0,Echolocation,Nyctalus noctula,0.091,0.209,-1,192000.0,/mnt/ubna_data_05/recover-20250317/UBNA_026/20250316_052000.WAV,recover-20250317,UBNA_026,Central Pond
LF,28800.0,4.4994668591669615,256.3665,256.3713,24609.0,37099.0,Echolocation,Plecotus austriacus,0.18,0.324,-1,192000.0,/mnt/ubna_data_05/recover-20250317/UBNA_026/20250316_052000.WAV,recover-20250317,UBNA_026,Central Pond
LF,22080.0,0.5062138138410289,23.3955,23.407,22031.0,28666.0,Echolocation,Nyctalus noctula,0.088,0.209,-1,192000.0,/mnt/ubna_data_05/recover-20250317/UBNA_026/20250316_053000.WAV,recover-20250317,UBNA_026,Central Pond
LF,23040.0,-0.03640704747829974,141.8795,141.89,23750.0,30855.0,Echolocation,Eptesicus serotinus,0.108,0.205,-1,192000.0,/mnt/ubna_data_05/recover-20250317/UBNA_026/20250316_053000.WAV,recover-20250317,UBNA_026,Central Pond
LF,19200.0,1.1612395811878589,278.7325,278.7383,14296.0,30443.0,Echolocation,Plecotus auritus,0.179,0.201,-1,192000.0,/mnt/ubna_data_05/recover-20250317/UBNA_026/20250316_053000.WAV,recover-20250317,UBNA_026,Central Pond
LF,26880.0,1.7803648854390484,288.7925,288.7969,22890.0,40055.0,Echolocation,Plecotus austriacus,0.196,0.311,-1,192000.0,/mnt/ubna_data_05/recover-20250317/UBNA_026/20250316_053000.WAV,recover-20250317,UBNA_026,Central Pond
LF,22080.0,0.33891260090806835,47.917500000000004,47.9264,22031.0,31188.0,Echolocation,Nyctalus noctula,0.076,0.307,-1,192000.0,/mnt/ubna_data_05/recover-20250317/UBNA_026/20250316_054000.WAV,recover-20250317,UBNA_026,Central Pond
LF,22080.0,0.5073055714074135,50.9125,50.923,20312.0,27847.0,Echolocation,Nyctalus noctula,0.083,0.224,-1,192000.0,/mnt/ubna_data_05/recover-20250317/UBNA_026/20250316_054000.WAV,recover-20250317,UBNA_026,Central Pond
LF,26880.0,3.7063218765131185,76.5725,76.5771,25468.0,40861.0,Echolocation,Plecotus auritus,0.139,0.269,-1,192000.0,/mnt/ubna_data_05/recover-20250317/UBNA_026/20250316_054000.WAV,recover-20250317,UBNA_026,Central Pond
LF,29760.0,2.5482533487250576,151.4995,151.5077,28906.0,38502.0,Echolocation,Eptesicus serotinus,0.142,0.219,-1,192000.0,/mnt/ubna_data_05/recover-20250317/UBNA_026/20250316_054000.WAV,recover-20250317,UBNA_026,Central Pond
LF,22080.0,1.4647956831441054,151.5345,151.5414,22031.0,33079.0,Echolocation,Plecotus austriacus,0.077,0.203,-1,192000.0,/mnt/ubna_data_05/recover-20250317/UBNA_026/20250316_054000.WAV,recover-20250317,UBNA_026,Central Pond
LF,25920.0,1.9725796961730508,204.1085,204.11430000000001,23750.0,35216.0,Echolocation,Plecotus austriacus,0.224,0.302,-1,192000.0,/mnt/ubna_data_05/recover-20250317/UBNA_026/20250316_054000.WAV,recover-20250317,UBNA_026,Central Pond
LF,28800.0,0.6040476399358465,66.0945,66.0997,25468.0,37172.0,Echolocation,Plecotus austriacus,0.096,0.218,-1,192000.0,/mnt/ubna_data_05/recover-20250317/UBNA_026/20250316_060000.WAV,recover-20250317,UBNA_026,Central Pond
HF,43200.0,2.423333452388614,89.7405,89.7514,42656.0,46235.0,Echolocation,Pipistrellus nathusii,0.106,0.212,-1,192000.0,/mnt/ubna_data_05/recover-20250317/UBNA_026/20250316_060000.WAV,recover-20250317,UBNA_026,Central Pond
LF,29760.0,1.3223835520151486,103.6955,103.6997,23750.0,40688.0,Echolocation,Plecotus austriacus,0.164,0.26,-1,192000.0,/mnt/ubna_data_05/recover-20250317/UBNA_026/20250316_060000.WAV,recover-20250317,UBNA_026,Central Pond
LF,28800.0,0.7273630982194602,195.2835,195.2926,27187.0,34426.0,Echolocation,Eptesicus serotinus,0.104,0.237,-1,192000.0,/mnt/ubna_data_05/recover-20250317/UBNA_026/20250316_060000.WAV,recover-20250317,UBNA_026,Central Pond
LF,23040.0,1.7698280302763236,267.1965,267.2075,23750.0,31493.0,Echolocation,Nyctalus leisleri,0.095,0.295,-1,192000.0,/mnt/ubna_data_05/recover-20250317/UBNA_026/20250316_060000.WAV,recover-20250317,UBNA_026,Central Pond
HF,40320.0,2.4512864812118518,297.1835,297.1871,27187.0,60648.0,Echolocation,Myotis nattereri,0.178,0.243,-1,192000.0,/mnt/ubna_data_05/recover-20250317/UBNA_026/20250316_060000.WAV,recover-20250317,UBNA_026,Central Pond
LF,26880.0,1.7963185071268168,7.5015,7.5057,23750.0,40155.0,Echolocation,Plecotus austriacus,0.172,0.231,-1,192000.0,/mnt/ubna_data_05/recover-20250317/UBNA_026/20250316_061000.WAV,recover-20250317,UBNA_026,Central Pond
LF,28800.0,1.7086629000095332,95.6815,95.6926,27187.0,33445.0,Echolocation,Eptesicus serotinus,0.155,0.27,-1,192000.0,/mnt/ubna_data_05/recover-20250317/UBNA_026/20250316_061000.WAV,recover-20250317,UBNA_026,Central Pond
LF,22080.0,0.8834874960190647,97.0085,97.026,22031.0,26751.0,Echolocation,Nyctalus noctula,0.1,0.215,-1,192000.0,/mnt/ubna_data_05/recover-20250317/UBNA_026/20250316_061000.WAV,recover-20250317,UBNA_026,Central Pond
LF,25920.0,1.1998211479362215,13.1085,13.1184,24609.0,31692.0,Echolocation,Eptesicus serotinus,0.144,0.317,-1,192000.0,/mnt/ubna_data_05/recover-20250317/UBNA_026/20250316_062000.WAV,recover-20250317,UBNA_026,Central Pond
LF,21120.0,2.278953159199969,83.7985,83.80420000000001,15156.0,30305.0,Echolocation,Plecotus auritus,0.229,0.27,-1,192000.0,/mnt/ubna_data_05/recover-20250317/UBNA_026/20250316_062000.WAV,recover-20250317,UBNA_026,Central Pond
LF,22080.0,2.3424164596890953,103.9165,103.9248,20312.0,28927.0,Echolocation,Plecotus austriacus,0.083,0.215,-1,192000.0,/mnt/ubna_data_05/recover-20250317/UBNA_026/20250316_062000.WAV,recover-20250317,UBNA_026,Central Pond
LF,24960.0,1.2253094760265661,285.9155,285.9258,23750.0,30746.0,Echolocation,Eptesicus serotinus,0.126,0.244,-1,192000.0,/mnt/ubna_data_05/recover-20250317/UBNA_026/20250316_062000.WAV,recover-20250317,UBNA_026,Central Pond
LF,28800.0,2.2813626188991782,296.7065,296.7161,26328.0,33307.0,Echolocation,Eptesicus serotinus,0.121,0.224,-1,192000.0,/mnt/ubna_data_05/recover-20250317/UBNA_026/20250316_062000.WAV,recover-20250317,UBNA_026,Central Pond
LF,21120.0,0.45488021806320866,3.9435,3.9542,22031.0,29651.0,Echolocation,Nyctalus noctula,0.091,0.255,-1,192000.0,/mnt/ubna_data_05/recover-20250317/UBNA_026/20250316_063000.WAV,recover-20250317,UBNA_026,Central Pond
LF,21120.0,4.058787392893554,153.5435,153.5494,16875.0,30229.0,Echolocation,Plecotus auritus,0.145,0.213,-1,192000.0,/mnt/ubna_data_05/recover-20250317/UBNA_026/20250316_063000.WAV,recover-20250317,UBNA_026,Central Pond
LF,28800.0,0.9448572251785919,170.2565,170.2624,25468.0,35767.0,Echolocation,Plecotus auritus,0.094,0.233,-1,192000.0,/mnt/ubna_data_05/recover-20250317/UBNA_026/20250316_063000.WAV,recover-20250317,UBNA_026,Central Pond
LF,23040.0,3.435453313767752,225.7645,225.7735,21171.0,28574.0,Echolocation,Eptesicus serotinus,0.054,0.226,-1,192000.0,/mnt/ubna_data_05/recover-20250317/UBNA_026/20250316_063000.WAV,recover-20250317,UBNA_026,Central Pond
LF,22080.0,1.010049777716236,228.55349999999999,228.5742,21171.0,25052.0,Echolocation,Nyctalus leisleri,0.113,0.242,-1,192000.0,/mnt/ubna_data_05/recover-20250317/UBNA_026/20250316_063000.WAV,recover-20250317,UBNA_026,Central Pond
LF,26880.0,2.5783064360022716,237.9605,237.9666,25468.0,40398.0,Echolocation,Plecotus auritus,0.096,0.223,-1,192000.0,/mnt/ubna_data_05/recover-20250317/UBNA_026/20250316_063000.WAV,recover-20250317,UBNA_026,Central Pond
LF,28800.0,4.33733586774907,270.4835,270.4883,26328.0,38977.0,Echolocation,Plecotus austriacus,0.099,0.204,-1,192000.0,/mnt/ubna_data_05/recover-20250317/UBNA_026/20250316_063000.WAV,recover-20250317,UBNA_026,Central Pond
LF,20160.0,5.870351253860957,14.8975,14.9036,16015.0,31051.0,Echolocation,Plecotus auritus,0.135,0.202,-1,192000.0,/mnt/ubna_data_05/recover-20250317/UBNA_026/20250316_064000.WAV,recover-20250317,UBNA_026,Central Pond
LF,25920.0,1.8535311548363493,170.4555,170.4668,26328.0,31341.0,Echolocation,Nyctalus leisleri,0.082,0.203,-1,192000.0,/mnt/ubna_data_05/recover-20250317/UBNA_026/20250316_064000.WAV,recover-20250317,UBNA_026,Central Pond
LF,25920.0,-19.38326328521749,210.9315,210.9434,23750.0,29854.0,Echolocation,Eptesicus serotinus,0.122,0.213,-1,192000.0,/mnt/ubna_data_05/recover-20250317/UBNA_026/20250316_064000.WAV,recover-20250317,UBNA_026,Central Pond
LF,24000.0,0.3690358321750573,253.2515,253.2653,23750.0,27904.0,Echolocation,Nyctalus leisleri,0.092,0.215,-1,192000.0,/mnt/ubna_data_05/recover-20250317/UBNA_026/20250316_064000.WAV,recover-20250317,UBNA_026,Central Pond
LF,22080.0,0.9626999360775103,25.4005,25.4168,22890.0,27078.0,Echolocation,Nyctalus leisleri,0.082,0.209,-1,192000.0,/mnt/ubna_data_05/recover-20250317/UBNA_026/20250316_065000.WAV,recover-20250317,UBNA_026,Central Pond
LF,20160.0,0.5784711543726089,32.8565,32.8645,19453.0,28078.0,Echolocation,Plecotus auritus,0.093,0.256,-1,192000.0,/mnt/ubna_data_05/recover-20250317/UBNA_026/20250316_065000.WAV,recover-20250317,UBNA_026,Central Pond
LF,23040.0,2.313425276266833,46.5265,46.5412,22890.0,27964.0,Echolocation,Nyctalus noctula,0.078,0.223,-1,192000.0,/mnt/ubna_data_05/recover-20250317/UBNA_026/20250316_065000.WAV,recover-20250317,UBNA_026,Central Pond
LF,22080.0,-6.433794677358491,67.7915,67.8015,22890.0,29894.0,Echolocation,Nyctalus leisleri,0.07,0.234,-1,192000.0,/mnt/ubna_data_05/recover-20250317/UBNA_026/20250316_065000.WAV,recover-20250317,UBNA_026,Central Pond
LF,20160.0,5.737259465887926,101.6845,101.6909,21171.0,35953.0,Echolocation,Plecotus austriacus,0.143,0.202,-1,192000.0,/mnt/ubna_data_05/recover-20250317/UBNA_026/20250316_065000.WAV,recover-20250317,UBNA_026,Central Pond
HF,42240.0,3.0170716581573616,103.0915,103.0958,37500.0,50248.0,Echolocation,Myotis daubentonii,0.143,0.207,-1,192000.0,/mnt/ubna_data_05/recover-20250317/UBNA_026/20250316_065000.WAV,recover-20250317,UBNA_026,Central Pond
LF,25920.0,3.0138876411538558,151.6095,151.6169,24609.0,34836.0,Echolocation,Plecotus auritus,0.059,0.209,-1,192000.0,/mnt/ubna_data_05/recover-20250317/UBNA_026/20250316_065000.WAV,recover-20250317,UBNA_026,Central Pond
LF,28800.0,2.9713498081890637,158.0095,158.0158,25468.0,36074.0,Echolocation,Plecotus austriacus,0.08,0.211,-1,192000.0,/mnt/ubna_data_05/recover-20250317/UBNA_026/20250316_065000.WAV,recover-20250317,UBNA_026,Central Pond
LF,26880.0,2.673024990267236,167.9875,167.9959,26328.0,36664.0,Echolocation,Eptesicus serotinus,0.112,0.259,-1,192000.0,/mnt/ubna_data_05/recover-20250317/UBNA_026/20250316_065000.WAV,recover-20250317,UBNA_026,Central Pond
LF,22080.0,10.873413614680095,224.2825,224.2881,18593.0,29757.0,Echolocation,Plecotus austriacus,0.16,0.203,-1,192000.0,/mnt/ubna_data_05/recover-20250317/UBNA_026/20250316_065000.WAV,recover-20250317,UBNA_026,Central Pond
LF,29760.0,5.02160122618137,242.8415,242.8523,28046.0,34520.0,Echolocation,Eptesicus serotinus,0.176,0.287,-1,192000.0,/mnt/ubna_data_05/recover-20250317/UBNA_026/20250316_065000.WAV,recover-20250317,UBNA_026,Central Pond
LF,27840.0,2.560522490043885,252.4065,252.4117,22890.0,43567.0,Echolocation,Myotis nattereri,0.093,0.2,-1,192000.0,/mnt/ubna_data_05/recover-20250317/UBNA_026/20250316_065000.WAV,recover-20250317,UBNA_026,Central Pond
HF,44160.0,2.927578809109894,33.3535,33.3637,42656.0,48410.0,Echolocation,Pipistrellus pipistrellus,0.109,0.212,-1,192000.0,/mnt/ubna_data_05/recover-20250317/UBNA_026/20250316_070000.WAV,recover-20250317,UBNA_026,Central Pond
LF,29760.0,2.8381600381122016,34.6155,34.623599999999996,27187.0,34798.0,Echolocation,Eptesicus serotinus,0.135,0.267,-1,192000.0,/mnt/ubna_data_05/recover-20250317/UBNA_026/20250316_070000.WAV,recover-20250317,UBNA_026,Central Pond
LF,29760.0,1.5037197273588896,56.4155,56.426500000000004,28906.0,34407.0,Echolocation,Eptesicus serotinus,0.173,0.255,-1,192000.0,/mnt/ubna_data_05/recover-20250317/UBNA_026/20250316_070000.WAV,recover-20250317,UBNA_026,Central Pond
HF,43200.0,1.1129858470643268,78.8505,78.8557,33203.0,44869.0,Echolocation,Myotis daubentonii,0.064,0.21,-1,192000.0,/mnt/ubna_data_05/recover-20250317/UBNA_026/20250316_070000.WAV,recover-20250317,UBNA_026,Central Pond
LF,26880.0,1.1864961743883993,166.5895,166.5983,26328.0,34609.0,Echolocation,Eptesicus serotinus,0.127,0.225,-1,192000.0,/mnt/ubna_data_05/recover-20250317/UBNA_026/20250316_070000.WAV,recover-20250317,UBNA_026,Central Pond
LF,28800.0,2.090514238662359,216.2305,216.2386,27187.0,34790.0,Echolocation,Eptesicus serotinus,0.13,0.226,-1,192000.0,/mnt/ubna_data_05/recover-20250317/UBNA_026/20250316_070000.WAV,recover-20250317,UBNA_026,Central Pond
LF,23040.0,1.9876349686428836,217.3435,217.34890000000001,22031.0,34872.0,Echolocation,Plecotus austriacus,0.2,0.273,-1,192000.0,/mnt/ubna_data_05/recover-20250317/UBNA_026/20250316_070000.WAV,recover-20250317,UBNA_026,Central Pond
LF,21120.0,2.2967587945318666,245.8655,245.8774,22031.0,26890.0,Echolocation,Eptesicus serotinus,0.078,0.206,-1,192000.0,/mnt/ubna_data_05/recover-20250317/UBNA_026/20250316_070000.WAV,recover-20250317,UBNA_026,Central Pond
LF,25920.0,0.6583301197152742,249.0035,249.0115,23750.0,32496.0,Echolocation,Eptesicus serotinus,0.071,0.202,-1,192000.0,/mnt/ubna_data_05/recover-20250317/UBNA_026/20250316_070000.WAV,recover-20250317,UBNA_026,Central Pond
LF,22080.0,1.1809066176913972,254.0495,254.0604,20312.0,27441.0,Echolocation,Nyctalus noctula,0.057,0.2,-1,192000.0,/mnt/ubna_data_05/recover-20250317/UBNA_026/20250316_070000.WAV,recover-20250317,UBNA_026,Central Pond
LF,23040.0,0.5169464966964997,256.9235,256.94259999999997,22031.0,25684.0,Echolocation,Nyctalus noctula,0.099,0.213,-1,192000.0,/mnt/ubna_data_05/recover-20250317/UBNA_026/20250316_070000.WAV,recover-20250317,UBNA_026,Central Pond
LF,23040.0,2.533889574144225,274.2825,274.2941,22890.0,28059.0,Echolocation,Nyctalus leisleri,0.086,0.206,-1,192000.0,/mnt/ubna_data_05/recover-20250317/UBNA_026/20250316_070000.WAV,recover-20250317,UBNA_026,Central Pond
LF,23040.0,2.2036903019689795,3.3735,3.3825,21171.0,29169.0,Echolocation,Plecotus austriacus,0.08,0.22,-1,192000.0,/mnt/ubna_data_05/recover-20250317/UBNA_026/20250316_071000.WAV,recover-20250317,UBNA_026,Central Pond
LF,21120.0,0.5802602197132031,6.4175,6.4372,20312.0,24219.0,Echolocation,Nyctalus noctula,0.118,0.202,-1,192000.0,/mnt/ubna_data_05/recover-20250317/UBNA_026/20250316_071000.WAV,recover-20250317,UBNA_026,Central Pond
HF,43200.0,5.568284390736503,7.2095,7.2141,27187.0,46525.0,Echolocation,Plecotus auritus,0.114,0.213,-1,192000.0,/mnt/ubna_data_05/recover-20250317/UBNA_026/20250316_071000.WAV,recover-20250317,UBNA_026,Central Pond
LF,20160.0,0.8043939979316534,69.1375,69.1472,21171.0,28116.0,Echolocation,Nyctalus noctula,0.068,0.207,-1,192000.0,/mnt/ubna_data_05/recover-20250317/UBNA_026/20250316_071000.WAV,recover-20250317,UBNA_026,Central Pond
LF,28800.0,1.3730343598051877,118.6955,118.7054,28046.0,36240.0,Echolocation,Eptesicus serotinus,0.154,0.221,-1,192000.0,/mnt/ubna_data_05/recover-20250317/UBNA_026/20250316_071000.WAV,recover-20250317,UBNA_026,Central Pond
HF,43200.0,2.579464411533286,134.1135,134.1224,40937.0,47891.0,Echolocation,Pipistrellus nathusii,0.114,0.212,-1,192000.0,/mnt/ubna_data_05/recover-20250317/UBNA_026/20250316_071000.WAV,recover-20250317,UBNA_026,Central Pond
LF,24960.0,1.4870325437925513,183.9545,183.9659,23750.0,28457.0,Echolocation,Eptesicus serotinus,0.095,0.235,-1,192000.0,/mnt/ubna_data_05/recover-20250317/UBNA_026/20250316_071000.WAV,recover-20250317,UBNA_026,Central Pond
LF,25920.0,3.1938808360492352,189.7035,189.7147,26328.0,31768.0,Echolocation,Eptesicus serotinus,0.114,0.205,-1,192000.0,/mnt/ubna_data_05/recover-20250317/UBNA_026/20250316_071000.WAV,recover-20250317,UBNA_026,Central Pond
LF,21120.0,3.6020642407674948,258.0465,258.055,20312.0,28558.0,Echolocation,Plecotus austriacus,0.093,0.229,-1,192000.0,/mnt/ubna_data_05/recover-20250317/UBNA_026/20250316_071000.WAV,recover-20250317,UBNA_026,Central Pond
LF,28800.0,1.4752698446447314,7.3815,7.3906,27187.0,33529.0,Echolocation,Eptesicus serotinus,0.168,0.252,-1,192000.0,/mnt/ubna_data_05/recover-20250317/UBNA_026/20250316_072000.WAV,recover-20250317,UBNA_026,Central Pond
LF,29760.0,1.3635296383788342,23.6065,23.6112,27187.0,38627.0,Echolocation,Plecotus auritus,0.127,0.262,-1,192000.0,/mnt/ubna_data_05/recover-20250317/UBNA_026/20250316_072000.WAV,recover-20250317,UBNA_026,Central Pond
LF,21120.0,0.8505118989078289,29.1735,29.1806,21171.0,31474.0,Echolocation,Plecotus austriacus,0.082,0.208,-1,192000.0,/mnt/ubna_data_05/recover-20250317/UBNA_026/20250316_072000.WAV,recover-20250317,UBNA_026,Central Pond
LF,19200.0,-11.421953879890951,144.6155,144.6208,16015.0,36474.0,Echolocation,Plecotus auritus,0.17,0.216,-1,192000.0,/mnt/ubna_data_05/recover-20250317/UBNA_026/20250316_072000.WAV,recover-20250317,UBNA_026,Central Pond
LF,22080.0,1.0793335794053245,161.8045,161.8148,22031.0,28796.0,Echolocation,Nyctalus noctula,0.056,0.21,-1,192000.0,/mnt/ubna_data_05/recover-20250317/UBNA_026/20250316_072000.WAV,recover-20250317,UBNA_026,Central Pond
HF,43200.0,4.416734191375261,222.5425,222.553,40078.0,45347.0,Echolocation,Pipistrellus nathusii,0.135,0.226,-1,192000.0,/mnt/ubna_data_05/recover-20250317/UBNA_026/20250316_072000.WAV,recover-20250317,UBNA_026,Central Pond
LF,21120.0,2.8472882357154807,8.1145,8.1222,20312.0,28730.0,Echolocation,Plecotus austriacus,0.114,0.219,-1,192000.0,/mnt/ubna_data_05/recover-20250317/UBNA_026/20250316_073000.WAV,recover-20250317,UBNA_026,Central Pond
HF,39360.0,-0.36597885385992457,82.4245,82.4373,39218.0,42174.0,Echolocation,Pipistrellus nathusii,0.199,0.209,-1,192000.0,/mnt/ubna_data_05/recover-20250317/UBNA_026/20250316_073000.WAV,recover-20250317,UBNA_026,Central Pond
LF,23040.0,0.49419415979882764,100.2795,100.28659999999999,23750.0,33931.0,Echolocation,Plecotus austriacus,0.06,0.203,-1,192000.0,/mnt/ubna_data_05/recover-20250317/UBNA_026/20250316_073000.WAV,recover-20250317,UBNA_026,Central Pond
LF,28800.0,2.5264357248807654,100.3415,100.3492,27187.0,34415.0,Echolocation,Eptesicus serotinus,0.289,0.422,-1,192000.0,/mnt/ubna_data_05/recover-20250317/UBNA_026/20250316_073000.WAV,recover-20250317,UBNA_026,Central Pond
LF,25920.0,2.5039694412603035,128.5565,128.5666,24609.0,30166.0,Echolocation,Eptesicus serotinus,0.09,0.204,-1,192000.0,/mnt/ubna_data_05/recover-20250317/UBNA_026/20250316_073000.WAV,recover-20250317,UBNA_026,Central Pond
LF,28800.0,2.4270925705273507,212.0695,212.08,27187.0,33691.0,Echolocation,Eptesicus serotinus,0.173,0.288,-1,192000.0,/mnt/ubna_data_05/recover-20250317/UBNA_026/20250316_073000.WAV,recover-20250317,UBNA_026,Central Pond
HF,42240.0,2.99667022645324,222.0995,222.1111,40078.0,43581.0,Echolocation,Pipistrellus nathusii,0.15,0.202,-1,192000.0,/mnt/ubna_data_05/recover-20250317/UBNA_026/20250316_073000.WAV,recover-20250317,UBNA_026,Central Pond
HF,43200.0,2.3483430972310764,223.7105,223.7218,40937.0,45527.0,Echolocation,Pipistrellus nathusii,0.203,0.253,-1,192000.0,/mnt/ubna_data_05/recover-20250317/UBNA_026/20250316_073000.WAV,recover-20250317,UBNA_026,Central Pond
LF,29760.0,-0.5023383291986964,250.3265,250.341,28906.0,32735.0,Echolocation,Nyctalus leisleri,0.103,0.231,-1,192000.0,/mnt/ubna_data_05/recover-20250317/UBNA_026/20250316_073000.WAV,recover-20250317,UBNA_026,Central Pond
LF,21120.0,0.9062924116341197,40.3565,40.3732,21171.0,25924.0,Echolocation,Nyctalus noctula,0.192,0.307,-1,192000.0,/mnt/ubna_data_05/recover-20250317/UBNA_026/20250316_074000.WAV,recover-20250317,UBNA_026,Central Pond
HF,42240.0,3.7624520726739608,187.3405,187.3508,40937.0,44527.0,Echolocation,Pipistrellus nathusii,0.138,0.207,-1,192000.0,/mnt/ubna_data_05/recover-20250317/UBNA_026/20250316_074000.WAV,recover-20250317,UBNA_026,Central Pond
LF,29760.0,1.818058004723822,235.3825,235.3909,27187.0,34730.0,Echolocation,Eptesicus serotinus,0.147,0.234,-1,192000.0,/mnt/ubna_data_05/recover-20250317/UBNA_026/20250316_074000.WAV,recover-20250317,UBNA_026,Central Pond
LF,24000.0,1.5528667637252118,244.3205,244.3341,23750.0,28004.0,Echolocation,Nyctalus leisleri,0.095,0.218,-1,192000.0,/mnt/ubna_data_05/recover-20250317/UBNA_026/20250316_074000.WAV,recover-20250317,UBNA_026,Central Pond
LF,21120.0,1.2104886921012716,287.0695,287.0787,19453.0,27631.0,Echolocation,Nyctalus noctula,0.065,0.204,-1,192000.0,/mnt/ubna_data_05/recover-20250317/UBNA_026/20250316_074000.WAV,recover-20250317,UBNA_026,Central Pond
LF,21120.0,-12.591513494391613,7.5205,7.5304,18593.0,26877.0,Echolocation,Nyctalus noctula,0.091,0.25,-1,192000.0,/mnt/ubna_data_05/recover-20250317/UBNA_026/20250316_075000.WAV,recover-20250317,UBNA_026,Central Pond
LF,22080.0,2.7890528138530484,50.0015,50.0078,21171.0,29192.0,Echolocation,Plecotus austriacus,0.073,0.208,-1,192000.0,/mnt/ubna_data_05/recover-20250317/UBNA_026/20250316_075000.WAV,recover-20250317,UBNA_026,Central Pond
LF,22080.0,4.336979996267431,160.2215,160.2285,16875.0,28329.0,Echolocation,Plecotus auritus,0.118,0.222,-1,192000.0,/mnt/ubna_data_05/recover-20250317/UBNA_026/20250316_075000.WAV,recover-20250317,UBNA_026,Central Pond
LF,21120.0,2.458874537500554,169.0985,169.1065,20312.0,29599.0,Echolocation,Plecotus austriacus,0.077,0.203,-1,192000.0,/mnt/ubna_data_05/recover-20250317/UBNA_026/20250316_075000.WAV,recover-20250317,UBNA_026,Central Pond
LF,21120.0,2.7313843522059225,195.3775,195.3864,20312.0,27748.0,Echolocation,Nyctalus noctula,0.066,0.274,-1,192000.0,/mnt/ubna_data_05/recover-20250317/UBNA_026/20250316_075000.WAV,recover-20250317,UBNA_026,Central Pond
LF,29760.0,1.8158650423426839,195.5785,195.5878,27187.0,34911.0,Echolocation,Eptesicus serotinus,0.142,0.218,-1,192000.0,/mnt/ubna_data_05/recover-20250317/UBNA_026/20250316_075000.WAV,recover-20250317,UBNA_026,Central Pond
LF,22080.0,-0.3756334972502054,207.2455,207.2604,22890.0,27805.0,Echolocation,Nyctalus leisleri,0.077,0.206,-1,192000.0,/mnt/ubna_data_05/recover-20250317/UBNA_026/20250316_075000.WAV,recover-20250317,UBNA_026,Central Pond
LF,21120.0,2.805987792290459,214.6665,214.6767,19453.0,27548.0,Echolocation,Nyctalus noctula,0.175,0.367,-1,192000.0,/mnt/ubna_data_05/recover-20250317/UBNA_026/20250316_075000.WAV,recover-20250317,UBNA_026,Central Pond
LF,25920.0,0.180218990373416,258.1925,258.2027,23750.0,31349.0,Echolocation,Eptesicus serotinus,0.129,0.256,-1,192000.0,/mnt/ubna_data_05/recover-20250317/UBNA_026/20250316_075000.WAV,recover-20250317,UBNA_026,Central Pond
LF,28800.0,1.6245297043015134,212.7315,212.7435,28046.0,34324.0,Echolocation,Eptesicus serotinus,0.144,0.213,-1,192000.0,/mnt/ubna_data_05/recover-20250317/UBNA_026/20250316_080000.WAV,recover-20250317,UBNA_026,Central Pond
LF,21120.0,0.6001927276379231,25.1995,25.219,20312.0,23687.0,Echolocation,Nyctalus noctula,0.114,0.223,-1,192000.0,/mnt/ubna_data_05/recover-20250317/UBNA_026/20250316_081000.WAV,recover-20250317,UBNA_026,Central Pond
LF,23040.0,2.0481299694496693,57.5785,57.590599999999995,22890.0,27118.0,Echolocation,Nyctalus leisleri,0.136,0.284,-1,192000.0,/mnt/ubna_data_05/recover-20250317/UBNA_026/20250316_081000.WAV,recover-20250317,UBNA_026,Central Pond
LF,22080.0,-0.6265295860680888,114.5365,114.5503,22031.0,28546.0,Echolocation,Nyctalus noctula,0.122,0.294,-1,192000.0,/mnt/ubna_data_05/recover-20250317/UBNA_026/20250316_081000.WAV,recover-20250317,UBNA_026,Central Pond
LF,22080.0,2.9899864307853137,219.1655,219.1728,18593.0,28389.0,Echolocation,Plecotus austriacus,0.089,0.201,-1,192000.0,/mnt/ubna_data_05/recover-20250317/UBNA_026/20250316_081000.WAV,recover-20250317,UBNA_026,Central Pond
LF,22080.0,2.2509630176993762,236.7175,236.7248,17734.0,27751.0,Echolocation,Plecotus auritus,0.125,0.241,-1,192000.0,/mnt/ubna_data_05/recover-20250317/UBNA_026/20250316_081000.WAV,recover-20250317,UBNA_026,Central Pond
HF,41280.0,2.4322090469768014,50.2035,50.2111,40078.0,45804.0,Echolocation,Pipistrellus nathusii,0.328,0.416,-1,192000.0,/mnt/ubna_data_05/recover-20250317/UBNA_026/20250316_082000.WAV,recover-20250317,UBNA_026,Central Pond
LF,25920.0,1.1225469728535056,129.8575,129.872,26328.0,30978.0,Echolocation,Nyctalus leisleri,0.12,0.257,-1,192000.0,/mnt/ubna_data_05/recover-20250317/UBNA_026/20250316_082000.WAV,recover-20250317,UBNA_026,Central Pond
LF,28800.0,1.8292817896601676,133.4755,133.4858,27187.0,34297.0,Echolocation,Eptesicus serotinus,0.178,0.252,-1,192000.0,/mnt/ubna_data_05/recover-20250317/UBNA_026/20250316_082000.WAV,recover-20250317,UBNA_026,Central Pond
LF,26880.0,1.6371708572930264,148.6445,148.6527,24609.0,31626.0,Echolocation,Eptesicus serotinus,0.095,0.217,-1,192000.0,/mnt/ubna_data_05/recover-20250317/UBNA_026/20250316_082000.WAV,recover-20250317,UBNA_026,Central Pond
LF,20160.0,3.3859493871882207,252.8675,252.8738,14296.0,27946.0,Echolocation,Plecotus auritus,0.204,0.238,-1,192000.0,/mnt/ubna_data_05/recover-20250317/UBNA_026/20250316_082000.WAV,recover-20250317,UBNA_026,Central Pond
LF,24960.0,2.789243294136472,46.088499999999996,46.092600000000004,24609.0,37818.0,Echolocation,Plecotus austriacus,0.115,0.231,-1,192000.0,/mnt/ubna_data_05/recover-20250317/UBNA_026/20250316_083000.WAV,recover-20250317,UBNA_026,Central Pond
LF,25920.0,2.015171791780156,81.7755,81.7843,23750.0,30893.0,Echolocation,Eptesicus serotinus,0.124,0.254,-1,192000.0,/mnt/ubna_data_05/recover-20250317/UBNA_026/20250316_083000.WAV,recover-20250317,UBNA_026,Central Pond
LF,22080.0,1.2754564782838242,86.6755,86.6871,21171.0,27249.0,Echolocation,Nyctalus noctula,0.082,0.222,-1,192000.0,/mnt/ubna_data_05/recover-20250317/UBNA_026/20250316_083000.WAV,recover-20250317,UBNA_026,Central Pond
LF,28800.0,0.40974109923555185,114.5885,114.595,26328.0,35841.0,Echolocation,Plecotus auritus,0.115,0.263,-1,192000.0,/mnt/ubna_data_05/recover-20250317/UBNA_026/20250316_083000.WAV,recover-20250317,UBNA_026,Central Pond
LF,25920.0,2.401380761391342,118.0755,118.0818,23750.0,33787.0,Echolocation,Plecotus austriacus,0.137,0.251,-1,192000.0,/mnt/ubna_data_05/recover-20250317/UBNA_026/20250316_083000.WAV,recover-20250317,UBNA_026,Central Pond
LF,25920.0,2.3709872608178872,144.3475,144.3558,23750.0,31964.0,Echolocation,Plecotus austriacus,0.078,0.261,-1,192000.0,/mnt/ubna_data_05/recover-20250317/UBNA_026/20250316_083000.WAV,recover-20250317,UBNA_026,Central Pond
LF,22080.0,1.1932252999454955,151.7675,151.786,21171.0,25264.0,Echolocation,Nyctalus noctula,0.124,0.224,-1,192000.0,/mnt/ubna_data_05/recover-20250317/UBNA_026/20250316_083000.WAV,recover-20250317,UBNA_026,Central Pond
LF,28800.0,1.955831233600704,184.7455,184.751,25468.0,40125.0,Echolocation,Plecotus auritus,0.089,0.226,-1,192000.0,/mnt/ubna_data_05/recover-20250317/UBNA_026/20250316_083000.WAV,recover-20250317,UBNA_026,Central Pond
LF,25920.0,0.7737812522389256,185.6805,185.6906,23750.0,30367.0,Echolocation,Eptesicus serotinus,0.096,0.249,-1,192000.0,/mnt/ubna_data_05/recover-20250317/UBNA_026/20250316_083000.WAV,recover-20250317,UBNA_026,Central Pond
LF,22080.0,1.3993372264909198,260.1925,260.2087,22890.0,27099.0,Echolocation,Nyctalus leisleri,0.091,0.209,-1,192000.0,/mnt/ubna_data_05/recover-20250317/UBNA_026/20250316_083000.WAV,recover-20250317,UBNA_026,Central Pond
LF,28800.0,1.724662174249567,284.6485,284.6572,27187.0,35459.0,Echolocation,Eptesicus serotinus,0.136,0.222,-1,192000.0,/mnt/ubna_data_05/recover-20250317/UBNA_026/20250316_083000.WAV,recover-20250317,UBNA_026,Central Pond
LF,29760.0,2.209607400282312,32.6225,32.6329,28046.0,35718.0,Echolocation,Eptesicus serotinus,0.167,0.217,-1,192000.0,/mnt/ubna_data_05/recover-20250317/UBNA_026/20250316_084000.WAV,recover-20250317,UBNA_026,Central Pond
LF,23040.0,3.4929123443877925,190.9565,190.9665,21171.0,28538.0,Echolocation,Plecotus austriacus,0.057,0.207,-1,192000.0,/mnt/ubna_data_05/recover-20250317/UBNA_026/20250316_084000.WAV,recover-20250317,UBNA_026,Central Pond
HF,43200.0,1.2023243242691786,205.2045,205.2115,41796.0,50523.0,Echolocation,Pipistrellus pipistrellus,0.13,0.315,-1,192000.0,/mnt/ubna_data_05/recover-20250317/UBNA_026/20250316_084000.WAV,recover-20250317,UBNA_026,Central Pond
LF,21120.0,-0.07892238386285562,268.5035,268.5122,19453.0,27452.0,Echolocation,Plecotus austriacus,0.075,0.208,-1,192000.0,/mnt/ubna_data_05/recover-20250317/UBNA_026/20250316_084000.WAV,recover-20250317,UBNA_026,Central Pond
LF,28800.0,2.175011510763238,293.9385,293.9474,26328.0,33570.0,Echolocation,Eptesicus serotinus,0.128,0.222,-1,192000.0,/mnt/ubna_data_05/recover-20250317/UBNA_026/20250316_084000.WAV,recover-20250317,UBNA_026,Central Pond
LF,20160.0,3.6380805652555392,14.7845,14.7922,17734.0,27925.0,Echolocation,Plecotus austriacus,0.104,0.235,-1,192000.0,/mnt/ubna_data_05/recover-20250317/UBNA_026/20250316_085000.WAV,recover-20250317,UBNA_026,Central Pond
LF,21120.0,3.2496415807835923,103.5175,103.5284,21171.0,27377.0,Echolocation,Nyctalus noctula,0.077,0.234,-1,192000.0,/mnt/ubna_data_05/recover-20250317/UBNA_026/20250316_085000.WAV,recover-20250317,UBNA_026,Central Pond
LF,25920.0,-1.1309231624399487,104.98949999999999,104.9997,24609.0,30368.0,Echolocation,Eptesicus serotinus,0.163,0.276,-1,192000.0,/mnt/ubna_data_05/recover-20250317/UBNA_026/20250316_085000.WAV,recover-20250317,UBNA_026,Central Pond
LF,28800.0,1.854432628618947,114.4785,114.48910000000001,25468.0,31657.0,Echolocation,Eptesicus serotinus,0.128,0.223,-1,192000.0,/mnt/ubna_data_05/recover-20250317/UBNA_026/20250316_085000.WAV,recover-20250317,UBNA_026,Central Pond
LF,25920.0,2.015467312307111,128.9525,128.9617,25468.0,32564.0,Echolocation,Eptesicus serotinus,0.141,0.241,-1,192000.0,/mnt/ubna_data_05/recover-20250317/UBNA_026/20250316_085000.WAV,recover-20250317,UBNA_026,Central Pond
HF,43200.0,4.1463945661539094,215.9085,215.9182,40937.0,45839.0,Echolocation,Pipistrellus nathusii,0.121,0.221,-1,192000.0,/mnt/ubna_data_05/recover-20250317/UBNA_026/20250316_085000.WAV,recover-20250317,UBNA_026,Central Pond
LF,21120.0,1.3755497328410158,218.5765,218.5868,21171.0,29004.0,Echolocation,Nyctalus noctula,0.185,0.359,-1,192000.0,/mnt/ubna_data_05/recover-20250317/UBNA_026/20250316_085000.WAV,recover-20250317,UBNA_026,Central Pond
LF,22080.0,2.8538013813472904,23.5635,23.5748,22890.0,29582.0,Echolocation,Eptesicus serotinus,0.079,0.201,-1,192000.0,/mnt/ubna_data_05/recover-20250317/UBNA_026/20250316_090000.WAV,recover-20250317,UBNA_026,Central Pond
LF,25920.0,1.15066422978737,87.0835,87.0947,23750.0,28942.0,Echolocation,Eptesicus serotinus,0.082,0.203,-1,192000.0,/mnt/ubna_data_05/recover-20250317/UBNA_026/20250316_090000.WAV,recover-20250317,UBNA_026,Central Pond
LF,26880.0,3.0506972088207966,135.69650000000001,135.7058,24609.0,32688.0,Echolocation,Eptesicus serotinus,0.094,0.203,-1,192000.0,/mnt/ubna_data_05/recover-20250317/UBNA_026/20250316_090000.WAV,recover-20250317,UBNA_026,Central Pond
HF,40320.0,2.0137714990636746,244.7205,244.731,40078.0,44124.0,Echolocation,Pipistrellus nathusii,0.17,0.238,-1,192000.0,/mnt/ubna_data_05/recover-20250317/UBNA_026/20250316_090000.WAV,recover-20250317,UBNA_026,Central Pond
LF,21120.0,1.6483341164080498,299.3485,299.3579,21171.0,29308.0,Echolocation,Plecotus austriacus,0.066,0.256,-1,192000.0,/mnt/ubna_data_05/recover-20250317/UBNA_026/20250316_090000.WAV,recover-20250317,UBNA_026,Central Pond
LF,22080.0,2.7064180121682617,60.1875,60.2036,22890.0,27053.0,Echolocation,Nyctalus leisleri,0.115,0.244,-1,192000.0,/mnt/ubna_data_05/recover-20250317/UBNA_026/20250316_091000.WAV,recover-20250317,UBNA_026,Central Pond
LF,21120.0,1.7447149187461175,68.2655,68.2731,21171.0,29864.0,Echolocation,Plecotus austriacus,0.075,0.202,-1,192000.0,/mnt/ubna_data_05/recover-20250317/UBNA_026/20250316_091000.WAV,recover-20250317,UBNA_026,Central Pond
LF,28800.0,1.3597038132881412,142.2855,142.2947,28046.0,33836.0,Echolocation,Eptesicus serotinus,0.176,0.303,-1,192000.0,/mnt/ubna_data_05/recover-20250317/UBNA_026/20250316_091000.WAV,recover-20250317,UBNA_026,Central Pond
LF,25920.0,0.8206750925618154,148.8165,148.8247,23750.0,31550.0,Echolocation,Eptesicus serotinus,0.121,0.284,-1,192000.0,/mnt/ubna_data_05/recover-20250317/UBNA_026/20250316_091000.WAV,recover-20250317,UBNA_026,Central Pond
LF,20160.0,2.57471161762223,161.83350000000002,161.8392,15156.0,27886.0,Echolocation,Plecotus auritus,0.186,0.236,-1,192000.0,/mnt/ubna_data_05/recover-20250317/UBNA_026/20250316_091000.WAV,recover-20250317,UBNA_026,Central Pond
HF,41280.0,2.301979963072609,231.33350000000002,231.3434,40078.0,44481.0,Echolocation,Pipistrellus nathusii,0.156,0.253,-1,192000.0,/mnt/ubna_data_05/recover-20250317/UBNA_026/20250316_091000.WAV,recover-20250317,UBNA_026,Central Pond
LF,29760.0,2.860979300344652,256.2475,256.2566,27187.0,34602.0,Echolocation,Eptesicus serotinus,0.174,0.289,-1,192000.0,/mnt/ubna_data_05/recover-20250317/UBNA_026/20250316_091000.WAV,recover-20250317,UBNA_026,Central Pond
LF,21120.0,6.099369795687355,287.9205,287.925,16875.0,37721.0,Echolocation,Plecotus auritus,0.117,0.241,-1,192000.0,/mnt/ubna_data_05/recover-20250317/UBNA_026/20250316_091000.WAV,recover-20250317,UBNA_026,Central Pond
LF,20160.0,3.576831544760238,104.0535,104.0616,19453.0,28377.0,Echolocation,Plecotus auritus,0.065,0.212,-1,192000.0,/mnt/ubna_data_05/recover-20250317/UBNA_026/20250316_092000.WAV,recover-20250317,UBNA_026,Central Pond
LF,19200.0,2.067210541702148,119.9735,119.9784,16875.0,32061.0,Echolocation,Plecotus auritus,0.238,0.379,-1,192000.0,/mnt/ubna_data_05/recover-20250317/UBNA_026/20250316_092000.WAV,recover-20250317,UBNA_026,Central Pond
LF,25920.0,2.0459082219330953,131.3995,131.4087,23750.0,31009.0,Echolocation,Eptesicus serotinus,0.108,0.235,-1,192000.0,/mnt/ubna_data_05/recover-20250317/UBNA_026/20250316_092000.WAV,recover-20250317,UBNA_026,Central Pond
LF,25920.0,0.6975928677616865,152.1125,152.1217,22890.0,30478.0,Echolocation,Eptesicus serotinus,0.113,0.273,-1,192000.0,/mnt/ubna_data_05/recover-20250317/UBNA_026/20250316_092000.WAV,recover-20250317,UBNA_026,Central Pond
LF,22080.0,1.469665575997121,183.2345,183.2441,22031.0,30165.0,Echolocation,Eptesicus serotinus,0.067,0.241,-1,192000.0,/mnt/ubna_data_05/recover-20250317/UBNA_026/20250316_092000.WAV,recover-20250317,UBNA_026,Central Pond
LF,23040.0,-0.867084253024623,183.6755,183.6798,22890.0,39621.0,Echolocation,Plecotus austriacus,0.122,0.212,-1,192000.0,/mnt/ubna_data_05/recover-20250317/UBNA_026/20250316_092000.WAV,recover-20250317,UBNA_026,Central Pond
LF,28800.0,0.6338420468027208,184.1225,184.1333,25468.0,31525.0,Echolocation,Eptesicus serotinus,0.107,0.218,-1,192000.0,/mnt/ubna_data_05/recover-20250317/UBNA_026/20250316_092000.WAV,recover-20250317,UBNA_026,Central Pond
LF,28800.0,0.36022757613230066,264.3045,264.313,28906.0,36595.0,Echolocation,Eptesicus serotinus,0.14,0.223,-1,192000.0,/mnt/ubna_data_05/recover-20250317/UBNA_026/20250316_092000.WAV,recover-20250317,UBNA_026,Central Pond
LF,22080.0,0.24925647506386986,37.6485,37.6591,20312.0,27170.0,Echolocation,Nyctalus noctula,0.076,0.217,-1,192000.0,/mnt/ubna_data_05/recover-20250317/UBNA_026/20250316_093000.WAV,recover-20250317,UBNA_026,Central Pond
LF,28800.0,0.7286410174178027,47.2025,47.2114,27187.0,34073.0,Echolocation,Eptesicus serotinus,0.118,0.208,-1,192000.0,/mnt/ubna_data_05/recover-20250317/UBNA_026/20250316_093000.WAV,recover-20250317,UBNA_026,Central Pond
LF,22080.0,1.7070379186706557,97.7925,97.7976,16875.0,29880.0,Echolocation,Plecotus auritus,0.225,0.317,-1,192000.0,/mnt/ubna_data_05/recover-20250317/UBNA_026/20250316_093000.WAV,recover-20250317,UBNA_026,Central Pond
LF,28800.0,1.7113092778287067,98.75450000000001,98.7647,26328.0,33034.0,Echolocation,Eptesicus serotinus,0.155,0.232,-1,192000.0,/mnt/ubna_data_05/recover-20250317/UBNA_026/20250316_093000.WAV,recover-20250317,UBNA_026,Central Pond
LF,21120.0,2.880441938154971,136.2545,136.2692,18593.0,24412.0,Echolocation,Nyctalus noctula,0.128,0.203,-1,192000.0,/mnt/ubna_data_05/recover-20250317/UBNA_026/20250316_093000.WAV,recover-20250317,UBNA_026,Central Pond
HF,41280.0,2.054539916761006,174.9615,174.9719,38359.0,46269.0,Echolocation,Pipistrellus nathusii,0.159,0.203,-1,192000.0,/mnt/ubna_data_05/recover-20250317/UBNA_026/20250316_093000.WAV,recover-20250317,UBNA_026,Central Pond
LF,25920.0,0.9599216644613311,245.2025,245.2132,23750.0,29972.0,Echolocation,Eptesicus serotinus,0.149,0.309,-1,192000.0,/mnt/ubna_data_05/recover-20250317/UBNA_026/20250316_093000.WAV,recover-20250317,UBNA_026,Central Pond
LF,20160.0,5.086216071324521,279.2895,279.2958,17734.0,29341.0,Echolocation,Plecotus austriacus,0.132,0.247,-1,192000.0,/mnt/ubna_data_05/recover-20250317/UBNA_026/20250316_093000.WAV,recover-20250317,UBNA_026,Central Pond
LF,19200.0,2.925395999732671,18.0355,18.042,16875.0,27841.0,Echolocation,Plecotus auritus,0.154,0.247,-1,192000.0,/mnt/ubna_data_05/recover-20250317/UBNA_026/20250316_094000.WAV,recover-20250317,UBNA_026,Central Pond
LF,24960.0,0.0743234283402249,20.4365,20.4454,23750.0,30922.0,Echolocation,Eptesicus serotinus,0.084,0.223,-1,192000.0,/mnt/ubna_data_05/recover-20250317/UBNA_026/20250316_094000.WAV,recover-20250317,UBNA_026,Central Pond
HF,38400.0,0.9305824904323401,22.8795,22.8921,38359.0,42808.0,Echolocation,Pipistrellus nathusii,0.26,0.282,-1,192000.0,/mnt/ubna_data_05/recover-20250317/UBNA_026/20250316_094000.WAV,recover-20250317,UBNA_026,Central Pond
LF,22080.0,1.466634681302677,82.2255,82.2382,22890.0,28462.0,Echolocation,Nyctalus leisleri,0.089,0.25,-1,192000.0,/mnt/ubna_data_05/recover-20250317/UBNA_026/20250316_094000.WAV,recover-20250317,UBNA_026,Central Pond
LF,28800.0,0.5422965470994788,99.0845,99.0942,27187.0,33940.0,Echolocation,Eptesicus serotinus,0.148,0.262,-1,192000.0,/mnt/ubna_data_05/recover-20250317/UBNA_026/20250316_094000.WAV,recover-20250317,UBNA_026,Central Pond
LF,22080.0,0.5874118965307821,183.0845,183.0926,22031.0,31296.0,Echolocation,Plecotus austriacus,0.06,0.203,-1,192000.0,/mnt/ubna_data_05/recover-20250317/UBNA_026/20250316_094000.WAV,recover-20250317,UBNA_026,Central Pond
LF,20160.0,4.362971688801064,4.3005,4.3069,17734.0,30312.0,Echolocation,Plecotus auritus,0.122,0.224,-1,192000.0,/mnt/ubna_data_05/recover-20250317/UBNA_026/20250316_095000.WAV,recover-20250317,UBNA_026,Central Pond
LF,28800.0,0.1448929860446218,19.6855,19.694,27187.0,34227.0,Echolocation,Eptesicus serotinus,0.122,0.204,-1,192000.0,/mnt/ubna_data_05/recover-20250317/UBNA_026/20250316_095000.WAV,recover-20250317,UBNA_026,Central Pond
LF,28800.0,1.2600870988493342,65.4605,65.4668,26328.0,36109.0,Echolocation,Plecotus auritus,0.105,0.207,-1,192000.0,/mnt/ubna_data_05/recover-20250317/UBNA_026/20250316_095000.WAV,recover-20250317,UBNA_026,Central Pond
HF,43200.0,3.6644041621079744,74.4075,74.4152,41796.0,46791.0,Echolocation,Pipistrellus pipistrellus,0.102,0.237,-1,192000.0,/mnt/ubna_data_05/recover-20250317/UBNA_026/20250316_095000.WAV,recover-20250317,UBNA_026,Central Pond
LF,21120.0,4.206678635924128,177.1645,177.176,21171.0,26557.0,Echolocation,Nyctalus noctula,0.076,0.22,-1,192000.0,/mnt/ubna_data_05/recover-20250317/UBNA_026/20250316_095000.WAV,recover-20250317,UBNA_026,Central Pond
LF,25920.0,1.5380456156388254,192.7065,192.718,23750.0,29494.0,Echolocation,Eptesicus serotinus,0.115,0.231,-1,192000.0,/mnt/ubna_data_05/recover-20250317/UBNA_026/20250316_095000.WAV,recover-20250317,UBNA_026,Central Pond
LF,25920.0,0.9057542658714439,269.0375,269.0472,23750.0,30695.0,Echolocation,Eptesicus serotinus,0.092,0.239,-1,192000.0,/mnt/ubna_data_05/recover-20250317/UBNA_026/20250316_095000.WAV,recover-20250317,UBNA_026,Central Pond
LF,28800.0,1.2885431174844206,299.8485,299.8559,28046.0,39663.0,Echolocation,Eptesicus serotinus,0.127,0.22,-1,192000.0,/mnt/ubna_data_05/recover-20250317/UBNA_026/20250316_095000.WAV,recover-20250317,UBNA_026,Central Pond
LF,19200.0,4.838897081696255,3.9455,3.9563,15156.0,25178.0,Echolocation,Nyctalus noctula,0.137,0.229,-1,192000.0,/mnt/ubna_data_05/recover-20250317/UBNA_026/20250316_100000.WAV,recover-20250317,UBNA_026,Central Pond
HF,43200.0,7.996670421599878,22.5775,22.5866,40937.0,45107.0,Echolocation,Pipistrellus pipistrellus,0.053,0.234,-1,192000.0,/mnt/ubna_data_05/recover-20250317/UBNA_026/20250316_100000.WAV,recover-20250317,UBNA_026,Central Pond
HF,42240.0,3.5955762215904863,147.1045,147.1101,35781.0,46477.0,Echolocation,Myotis daubentonii,0.115,0.258,-1,192000.0,/mnt/ubna_data_05/recover-20250317/UBNA_026/20250316_100000.WAV,recover-20250317,UBNA_026,Central Pond
LF,20160.0,6.466185063792901,151.6905,151.6985,18593.0,28214.0,Echolocation,Plecotus austriacus,0.107,0.338,-1,192000.0,/mnt/ubna_data_05/recover-20250317/UBNA_026/20250316_100000.WAV,recover-20250317,UBNA_026,Central Pond
LF,21120.0,5.8211607186742444,160.4025,160.408,16875.0,31159.0,Echolocation,Plecotus auritus,0.159,0.236,-1,192000.0,/mnt/ubna_data_05/recover-20250317/UBNA_026/20250316_100000.WAV,recover-20250317,UBNA_026,Central Pond
HF,53760.0,7.353585971575391,186.2625,186.2683,51250.0,58029.0,Echolocation,Pipistrellus pipistrellus,0.143,0.244,-1,192000.0,/mnt/ubna_data_05/recover-20250317/UBNA_026/20250316_100000.WAV,recover-20250317,UBNA_026,Central Pond
LF,28800.0,2.0789538441725597,197.9245,197.9335,27187.0,34400.0,Echolocation,Eptesicus serotinus,0.133,0.221,-1,192000.0,/mnt/ubna_data_05/recover-20250317/UBNA_026/20250316_100000.WAV,recover-20250317,UBNA_026,Central Pond
LF,26880.0,-2.15050355314959,197.9855,197.9962,26328.0,33619.0,Echolocation,Eptesicus serotinus,0.136,0.204,-1,192000.0,/mnt/ubna_data_05/recover-20250317/UBNA_026/20250316_100000.WAV,recover-20250317,UBNA_026,Central Pond
LF,21120.0,2.971701121311084,204.6845,204.7013,20312.0,24550.0,Echolocation,Nyctalus noctula,0.112,0.201,-1,192000.0,/mnt/ubna_data_05/recover-20250317/UBNA_026/20250316_100000.WAV,recover-20250317,UBNA_026,Central Pond
LF,23040.0,0.3636198329090387,208.9425,208.9525,24609.0,29690.0,Echolocation,Eptesicus serotinus,0.133,0.268,-1,192000.0,/mnt/ubna_data_05/recover-20250317/UBNA_026/20250316_100000.WAV,recover-20250317,UBNA_026,Central Pond
LF,24000.0,1.8320553311693217,230.22050000000002,230.2326,24609.0,29757.0,Echolocation,Eptesicus serotinus,0.144,0.272,-1,192000.0,/mnt/ubna_data_05/recover-20250317/UBNA_026/20250316_100000.WAV,recover-20250317,UBNA_026,Central Pond
LF,22080.0,-0.2977836807202474,233.5675,233.5755,20312.0,28951.0,Echolocation,Plecotus austriacus,0.134,0.369,-1,192000.0,/mnt/ubna_data_05/recover-20250317/UBNA_026/20250316_100000.WAV,recover-20250317,UBNA_026,Central Pond
LF,28800.0,2.05668798248633,3.0315,3.0401,26328.0,34746.0,Echolocation,Eptesicus serotinus,0.18,0.285,-1,192000.0,/mnt/ubna_data_05/recover-20250317/UBNA_026/20250316_101000.WAV,recover-20250317,UBNA_026,Central Pond
LF,21120.0,-10.974948070948454,41.6235,41.6339,20312.0,27315.0,Echolocation,Nyctalus leisleri,0.079,0.235,-1,192000.0,/mnt/ubna_data_05/recover-20250317/UBNA_026/20250316_101000.WAV,recover-20250317,UBNA_026,Central Pond
LF,20160.0,3.753911902419294,51.4595,51.4672,18593.0,27764.0,Echolocation,Plecotus austriacus,0.09,0.222,-1,192000.0,/mnt/ubna_data_05/recover-20250317/UBNA_026/20250316_101000.WAV,recover-20250317,UBNA_026,Central Pond
LF,28800.0,1.138783237443199,81.4605,81.4684,27187.0,35246.0,Echolocation,Eptesicus serotinus,0.111,0.222,-1,192000.0,/mnt/ubna_data_05/recover-20250317/UBNA_026/20250316_101000.WAV,recover-20250317,UBNA_026,Central Pond
LF,28800.0,0.5287151232548557,85.6835,85.6926,28046.0,35242.0,Echolocation,Eptesicus serotinus,0.172,0.233,-1,192000.0,/mnt/ubna_data_05/recover-20250317/UBNA_026/20250316_101000.WAV,recover-20250317,UBNA_026,Central Pond
LF,20160.0,2.6333130357468755,119.0095,119.01429999999999,16015.0,30578.0,Echolocation,Plecotus auritus,0.189,0.252,-1,192000.0,/mnt/ubna_data_05/recover-20250317/UBNA_026/20250316_101000.WAV,recover-20250317,UBNA_026,Central Pond
LF,21120.0,4.654656756375565,138.4945,138.5048,20312.0,26954.0,Echolocation,Nyctalus leisleri,0.056,0.206,-1,192000.0,/mnt/ubna_data_05/recover-20250317/UBNA_026/20250316_101000.WAV,recover-20250317,UBNA_026,Central Pond
LF,24960.0,0.3429867966706386,184.8385,184.8522,23750.0,28239.0,Echolocation,Nyctalus leisleri,0.088,0.207,-1,192000.0,/mnt/ubna_data_05/recover-20250317/UBNA_026/20250316_101000.WAV,recover-20250317,UBNA_026,Central Pond
LF,25920.0,1.8439827265526327,291.8405,291.8509,24609.0,30508.0,Echolocation,Eptesicus serotinus,0.119,0.216,-1,192000.0,/mnt/ubna_data_05/recover-20250317/UBNA_026/20250316_101000.WAV,recover-20250317,UBNA_026,Central Pond
LF,24000.0,0.7559654497189525,296.3825,296.3922,22890.0,30361.0,Echolocation,Nyctalus leisleri,0.052,0.2,-1,192000.0,/mnt/ubna_data_05/recover-20250317/UBNA_026/20250316_101000.WAV,recover-20250317,UBNA_026,Central Pond
LF,21120.0,2.1779731620626985,5.8045,5.8139,21171.0,27934.0,Echolocation,Nyctalus noctula,0.054,0.215,-1,192000.0,/mnt/ubna_data_05/recover-20250317/UBNA_026/20250316_102000.WAV,recover-20250317,UBNA_026,Central Pond
LF,22080.0,2.384591336321648,63.1825,63.1888,20312.0,31454.0,Echolocation,Plecotus auritus,0.096,0.216,-1,192000.0,/mnt/ubna_data_05/recover-20250317/UBNA_026/20250316_102000.WAV,recover-20250317,UBNA_026,Central Pond
LF,21120.0,1.6140114156553473,120.7015,120.7203,22031.0,26286.0,Echolocation,Nyctalus noctula,0.106,0.206,-1,192000.0,/mnt/ubna_data_05/recover-20250317/UBNA_026/20250316_102000.WAV,recover-20250317,UBNA_026,Central Pond
HF,41280.0,1.6213648813726314,139.1205,139.1321,40078.0,43924.0,Echolocation,Pipistrellus nathusii,0.184,0.241,-1,192000.0,/mnt/ubna_data_05/recover-20250317/UBNA_026/20250316_102000.WAV,recover-20250317,UBNA_026,Central Pond
LF,29760.0,1.2785477474816755,149.0215,149.0318,28046.0,34355.0,Echolocation,Eptesicus serotinus,0.177,0.253,-1,192000.0,/mnt/ubna_data_05/recover-20250317/UBNA_026/20250316_102000.WAV,recover-20250317,UBNA_026,Central Pond
LF,27840.0,1.4923193894362803,157.8725,157.8806,28046.0,36236.0,Echolocation,Eptesicus serotinus,0.154,0.242,-1,192000.0,/mnt/ubna_data_05/recover-20250317/UBNA_026/20250316_102000.WAV,recover-20250317,UBNA_026,Central Pond
HF,46080.0,1.1262964511065525,162.9085,162.9233,43515.0,47258.0,Echolocation,Pipistrellus pipistrellus,0.183,0.219,-1,192000.0,/mnt/ubna_data_05/recover-20250317/UBNA_026/20250316_102000.WAV,recover-20250317,UBNA_026,Central Pond
LF,21120.0,4.327255265467304,167.3045,167.3126,19453.0,27562.0,Echolocation,Plecotus austriacus,0.101,0.209,-1,192000.0,/mnt/ubna_data_05/recover-20250317/UBNA_026/20250316_102000.WAV,recover-20250317,UBNA_026,Central Pond
LF,22080.0,2.333799695283518,229.9055,229.9112,19453.0,31322.0,Echolocation,Plecotus austriacus,0.142,0.237,-1,192000.0,/mnt/ubna_data_05/recover-20250317/UBNA_026/20250316_102000.WAV,recover-20250317,UBNA_026,Central Pond
LF,26880.0,3.2785884469402453,101.7225,101.7281,23750.0,35575.0,Echolocation,Plecotus austriacus,0.17,0.261,-1,192000.0,/mnt/ubna_data_05/recover-20250317/UBNA_026/20250316_103000.WAV,recover-20250317,UBNA_026,Central Pond
LF,28800.0,2.359962981174025,190.9945,191.0044,27187.0,34246.0,Echolocation,Eptesicus serotinus,0.124,0.228,-1,192000.0,/mnt/ubna_data_05/recover-20250317/UBNA_026/20250316_103000.WAV,recover-20250317,UBNA_026,Central Pond
LF,28800.0,1.1606345422358426,204.5965,204.6058,27187.0,33594.0,Echolocation,Eptesicus serotinus,0.149,0.242,-1,192000.0,/mnt/ubna_data_05/recover-20250317/UBNA_026/20250316_103000.WAV,recover-20250317,UBNA_026,Central Pond
LF,28800.0,3.7435524100243316,288.8215,288.8274,26328.0,36984.0,Echolocation,Plecotus auritus,0.102,0.239,-1,192000.0,/mnt/ubna_data_05/recover-20250317/UBNA_026/20250316_103000.WAV,recover-20250317,UBNA_026,Central Pond
LF,21120.0,-3.3038750353068966,22.4195,22.4293,19453.0,27083.0,Echolocation,Nyctalus noctula,0.062,0.224,-1,192000.0,/mnt/ubna_data_05/recover-20250317/UBNA_026/20250316_104000.WAV,recover-20250317,UBNA_026,Central Pond
LF,21120.0,3.5352737851298572,29.0625,29.07,17734.0,28132.0,Echolocation,Plecotus auritus,0.104,0.278,-1,192000.0,/mnt/ubna_data_05/recover-20250317/UBNA_026/20250316_104000.WAV,recover-20250317,UBNA_026,Central Pond
LF,21120.0,2.594951978709932,40.6805,40.6881,18593.0,29469.0,Echolocation,Plecotus auritus,0.121,0.396,-1,192000.0,/mnt/ubna_data_05/recover-20250317/UBNA_026/20250316_104000.WAV,recover-20250317,UBNA_026,Central Pond
LF,22080.0,1.313831182112454,191.2205,191.2267,15156.0,30791.0,Echolocation,Plecotus auritus,0.18,0.219,-1,192000.0,/mnt/ubna_data_05/recover-20250317/UBNA_026/20250316_104000.WAV,recover-20250317,UBNA_026,Central Pond
LF,22080.0,1.5508215292125573,288.9955,289.0052,22890.0,30673.0,Echolocation,Nyctalus leisleri,0.062,0.229,-1,192000.0,/mnt/ubna_data_05/recover-20250317/UBNA_026/20250316_104000.WAV,recover-20250317,UBNA_026,Central Pond
LF,22080.0,1.7048162507495892,72.9205,72.9307,21171.0,28098.0,Echolocation,Nyctalus noctula,0.065,0.245,-1,192000.0,/mnt/ubna_data_05/recover-20250317/UBNA_026/20250316_105000.WAV,recover-20250317,UBNA_026,Central Pond
HF,42240.0,4.660827685500587,140.8095,140.819,39218.0,44168.0,Echolocation,Pipistrellus nathusii,0.174,0.267,-1,192000.0,/mnt/ubna_data_05/recover-20250317/UBNA_026/20250316_105000.WAV,recover-20250317,UBNA_026,Central Pond
LF,28800.0,2.713367568912306,176.9915,177.0004,28046.0,35906.0,Echolocation,Eptesicus serotinus,0.154,0.228,-1,192000.0,/mnt/ubna_data_05/recover-20250317/UBNA_026/20250316_105000.WAV,recover-20250317,UBNA_026,Central Pond
LF,21120.0,2.0906717393377487,177.0885,177.09890000000001,20312.0,26396.0,Echolocation,Nyctalus leisleri,0.102,0.251,-1,192000.0,/mnt/ubna_data_05/recover-20250317/UBNA_026/20250316_105000.WAV,recover-20250317,UBNA_026,Central Pond
LF,21120.0,1.9768398854853948,240.3575,240.3636,16015.0,30739.0,Echolocation,Plecotus auritus,0.179,0.229,-1,192000.0,/mnt/ubna_data_05/recover-20250317/UBNA_026/20250316_105000.WAV,recover-20250317,UBNA_026,Central Pond
LF,22080.0,4.551083421088867,245.6725,245.6813,20312.0,28917.0,Echolocation,Plecotus austriacus,0.09,0.282,-1,192000.0,/mnt/ubna_data_05/recover-20250317/UBNA_026/20250316_105000.WAV,recover-20250317,UBNA_026,Central Pond
LF,22080.0,0.2028035757072266,15.9675,15.9853,22031.0,25724.0,Echolocation,Nyctalus leisleri,0.175,0.257,-1,192000.0,/mnt/ubna_data_05/recover-20250317/UBNA_026/20250316_110000.WAV,recover-20250317,UBNA_026,Central Pond
LF,22080.0,4.681547888031981,19.8965,19.903,19453.0,29683.0,Echolocation,Plecotus austriacus,0.102,0.244,-1,192000.0,/mnt/ubna_data_05/recover-20250317/UBNA_026/20250316_110000.WAV,recover-20250317,UBNA_026,Central Pond
LF,22080.0,2.593217552186566,62.8665,62.8767,21171.0,28028.0,Echolocation,Nyctalus noctula,0.075,0.228,-1,192000.0,/mnt/ubna_data_05/recover-20250317/UBNA_026/20250316_110000.WAV,recover-20250317,UBNA_026,Central Pond
LF,24960.0,1.7622895891268757,100.49549999999999,100.5022,22031.0,32800.0,Echolocation,Plecotus austriacus,0.137,0.2,-1,192000.0,/mnt/ubna_data_05/recover-20250317/UBNA_026/20250316_110000.WAV,recover-20250317,UBNA_026,Central Pond
LF,19200.0,0.20112941738723045,132.4105,132.4281,15156.0,18982.0,Echolocation,Nyctalus noctula,0.144,0.209,-1,192000.0,/mnt/ubna_data_05/recover-20250317/UBNA_026/20250316_110000.WAV,recover-20250317,UBNA_026,Central Pond
LF,19200.0,2.3805015281688675,147.7765,147.7835,17734.0,28729.0,Echolocation,Plecotus austriacus,0.113,0.22,-1,192000.0,/mnt/ubna_data_05/recover-20250317/UBNA_026/20250316_110000.WAV,recover-20250317,UBNA_026,Central Pond
LF,21120.0,4.120138240292955,199.65449999999998,199.663,18593.0,27203.0,Echolocation,Plecotus austriacus,0.086,0.222,-1,192000.0,/mnt/ubna_data_05/recover-20250317/UBNA_026/20250316_110000.WAV,recover-20250317,UBNA_026,Central Pond
LF,21120.0,0.22502969611035606,236.3625,236.3738,20312.0,27284.0,Echolocation,Nyctalus noctula,0.094,0.229,-1,192000.0,/mnt/ubna_data_05/recover-20250317/UBNA_026/20250316_110000.WAV,recover-20250317,UBNA_026,Central Pond
LF,23040.0,2.405280865716339,276.1005,276.1097,22890.0,30185.0,Echolocation,Eptesicus serotinus,0.086,0.228,-1,192000.0,/mnt/ubna_data_05/recover-20250317/UBNA_026/20250316_110000.WAV,recover-20250317,UBNA_026,Central Pond
LF,20160.0,12.822051889446183,134.6305,134.636,18593.0,34982.0,Echolocation,Plecotus austriacus,0.16,0.218,-1,192000.0,/mnt/ubna_data_05/recover-20250317/UBNA_026/20250316_111000.WAV,recover-20250317,UBNA_026,Central Pond
LF,28800.0,2.360108411344921,162.2485,162.2536,27187.0,36987.0,Echolocation,Plecotus auritus,0.118,0.238,-1,192000.0,/mnt/ubna_data_05/recover-20250317/UBNA_026/20250316_111000.WAV,recover-20250317,UBNA_026,Central Pond
LF,23040.0,5.5648060601595395,173.8115,173.8207,20312.0,28143.0,Echolocation,Plecotus austriacus,0.074,0.212,-1,192000.0,/mnt/ubna_data_05/recover-20250317/UBNA_026/20250316_111000.WAV,recover-20250317,UBNA_026,Central Pond
LF,21120.0,3.8813534981806512,204.5045,204.5124,20312.0,28111.0,Echolocation,Plecotus austriacus,0.105,0.245,-1,192000.0,/mnt/ubna_data_05/recover-20250317/UBNA_026/20250316_111000.WAV,recover-20250317,UBNA_026,Central Pond
LF,25920.0,2.47648998265834,298.8245,298.8296,23750.0,34390.0,Echolocation,Plecotus austriacus,0.151,0.275,-1,192000.0,/mnt/ubna_data_05/recover-20250317/UBNA_026/20250316_111000.WAV,recover-20250317,UBNA_026,Central Pond
LF,21120.0,2.7003700106789053,13.3025,13.3106,19453.0,27844.0,Echolocation,Plecotus austriacus,0.091,0.255,-1,192000.0,/mnt/ubna_data_05/recover-20250317/UBNA_026/20250316_112000.WAV,recover-20250317,UBNA_026,Central Pond
LF,24000.0,1.7996686891414813,17.4715,17.4766,22890.0,34212.0,Echolocation,Plecotus austriacus,0.173,0.258,-1,192000.0,/mnt/ubna_data_05/recover-20250317/UBNA_026/20250316_112000.WAV,recover-20250317,UBNA_026,Central Pond
LF,23040.0,3.7103354545305294,132.6565,132.666,22031.0,29073.0,Echolocation,Plecotus austriacus,0.059,0.203,-1,192000.0,/mnt/ubna_data_05/recover-20250317/UBNA_026/20250316_112000.WAV,recover-20250317,UBNA_026,Central Pond
LF,21120.0,8.241333473168803,149.4095,149.4177,20312.0,27501.0,Echolocation,Plecotus austriacus,0.087,0.261,-1,192000.0,/mnt/ubna_data_05/recover-20250317/UBNA_026/20250316_112000.WAV,recover-20250317,UBNA_026,Central Pond
LF,22080.0,6.825159058792893,198.7525,198.7611,20312.0,26723.0,Echolocation,Nyctalus leisleri,0.095,0.242,-1,192000.0,/mnt/ubna_data_05/recover-20250317/UBNA_026/20250316_112000.WAV,recover-20250317,UBNA_026,Central Pond
LF,19200.0,2.8160207450631387,243.0795,243.086,16015.0,29161.0,Echolocation,Plecotus auritus,0.251,0.323,-1,192000.0,/mnt/ubna_data_05/recover-20250317/UBNA_026/20250316_112000.WAV,recover-20250317,UBNA_026,Central Pond
LF,21120.0,5.080567479928152,251.5935,251.5997,17734.0,28412.0,Echolocation,Plecotus austriacus,0.109,0.204,-1,192000.0,/mnt/ubna_data_05/recover-20250317/UBNA_026/20250316_112000.WAV,recover-20250317,UBNA_026,Central Pond
LF,26880.0,1.263341300235201,2.4725,2.4842,25468.0,30778.0,Echolocation,Eptesicus serotinus,0.11,0.244,-1,192000.0,/mnt/ubna_data_05/recover-20250317/UBNA_026/20250316_113000.WAV,recover-20250317,UBNA_026,Central Pond
LF,28800.0,2.004240116016747,169.4405,169.4454,27187.0,39441.0,Echolocation,Plecotus austriacus,0.087,0.224,-1,192000.0,/mnt/ubna_data_05/recover-20250317/UBNA_026/20250316_113000.WAV,recover-20250317,UBNA_026,Central Pond
LF,24000.0,1.11774890880835,183.9825,183.9968,22890.0,28621.0,Echolocation,Nyctalus leisleri,0.079,0.211,-1,192000.0,/mnt/ubna_data_05/recover-20250317/UBNA_026/20250316_113000.WAV,recover-20250317,UBNA_026,Central Pond
LF,22080.0,0.9649350664728444,198.1695,198.1791,22031.0,29790.0,Echolocation,Eptesicus serotinus,0.082,0.228,-1,192000.0,/mnt/ubna_data_05/recover-20250317/UBNA_026/20250316_113000.WAV,recover-20250317,UBNA_026,Central Pond
HF,44160.0,1.7116503318129872,244.0795,244.0894,43515.0,46703.0,Echolocation,Pipistrellus pipistrellus,0.255,0.282,-1,192000.0,/mnt/ubna_data_05/recover-20250317/UBNA_026/20250316_113000.WAV,recover-20250317,UBNA_026,Central Pond
LF,23040.0,2.1112037158104893,3.0885,3.094,22890.0,35101.0,Echolocation,Plecotus austriacus,0.149,0.216,-1,192000.0,/mnt/ubna_data_05/recover-20250317/UBNA_026/20250316_114000.WAV,recover-20250317,UBNA_026,Central Pond
LF,21120.0,1.2053674766455638,15.6345,15.6541,22031.0,26083.0,Echolocation,Nyctalus leisleri,0.112,0.231,-1,192000.0,/mnt/ubna_data_05/recover-20250317/UBNA_026/20250316_114000.WAV,recover-20250317,UBNA_026,Central Pond
LF,28800.0,1.1331185648091087,25.8085,25.8139,26328.0,37998.0,Echolocation,Plecotus auritus,0.116,0.208,-1,192000.0,/mnt/ubna_data_05/recover-20250317/UBNA_026/20250316_114000.WAV,recover-20250317,UBNA_026,Central Pond
LF,21120.0,6.222917818592556,52.576499999999996,52.5847,19453.0,27573.0,Echolocation,Plecotus austriacus,0.07,0.222,-1,192000.0,/mnt/ubna_data_05/recover-20250317/UBNA_026/20250316_114000.WAV,recover-20250317,UBNA_026,Central Pond
LF,29760.0,2.3277255922004136,75.7235,75.7311,27187.0,37456.0,Echolocation,Eptesicus serotinus,0.107,0.223,-1,192000.0,/mnt/ubna_data_05/recover-20250317/UBNA_026/20250316_114000.WAV,recover-20250317,UBNA_026,Central Pond
LF,22080.0,3.3316268017626394,197.4405,197.4455,16875.0,28265.0,Echolocation,Plecotus auritus,0.2,0.273,-1,192000.0,/mnt/ubna_data_05/recover-20250317/UBNA_026/20250316_114000.WAV,recover-20250317,UBNA_026,Central Pond
LF,28800.0,2.377386260443759,217.1845,217.1902,26328.0,36894.0,Echolocation,Plecotus auritus,0.122,0.236,-1,192000.0,/mnt/ubna_data_05/recover-20250317/UBNA_026/20250316_114000.WAV,recover-20250317,UBNA_026,Central Pond
LF,26880.0,-0.2920899340574235,244.8955,244.9084,25468.0,30243.0,Echolocation,Nyctalus leisleri,0.182,0.329,-1,192000.0,/mnt/ubna_data_05/recover-20250317/UBNA_026/20250316_114000.WAV,recover-20250317,UBNA_026,Central Pond
LF,23040.0,2.230191692394994,120.6985,120.7101,22031.0,27769.0,Echolocation,Nyctalus noctula,0.078,0.216,-1,192000.0,/mnt/ubna_data_05/recover-20250317/UBNA_026/20250316_115000.WAV,recover-20250317,UBNA_026,Central Pond
LF,25920.0,2.703949846530816,199.5045,199.514,24609.0,30637.0,Echolocation,Eptesicus serotinus,0.106,0.231,-1,192000.0,/mnt/ubna_data_05/recover-20250317/UBNA_026/20250316_115000.WAV,recover-20250317,UBNA_026,Central Pond
LF,25920.0,2.7567927400943644,8.1245,8.1312,23750.0,32987.0,Echolocation,Plecotus austriacus,0.102,0.281,-1,192000.0,/mnt/ubna_data_05/recover-20250317/UBNA_026/20250316_120000.WAV,recover-20250317,UBNA_026,Central Pond
LF,28800.0,1.5551007678283817,9.5515,9.5608,28046.0,34286.0,Echolocation,Eptesicus serotinus,0.114,0.202,-1,192000.0,/mnt/ubna_data_05/recover-20250317/UBNA_026/20250316_120000.WAV,recover-20250317,UBNA_026,Central Pond
LF,27840.0,1.9283166332948158,29.5445,29.5533,25468.0,34165.0,Echolocation,Eptesicus serotinus,0.079,0.209,-1,192000.0,/mnt/ubna_data_05/recover-20250317/UBNA_026/20250316_120000.WAV,recover-20250317,UBNA_026,Central Pond
LF,23040.0,3.425656246384372,56.2905,56.3048,22031.0,24702.0,Echolocation,Nyctalus leisleri,0.198,0.255,-1,192000.0,/mnt/ubna_data_05/recover-20250317/UBNA_026/20250316_120000.WAV,recover-20250317,UBNA_026,Central Pond
LF,24000.0,1.8847518526581408,66.6615,66.6683,22031.0,31343.0,Echolocation,Plecotus austriacus,0.155,0.208,-1,192000.0,/mnt/ubna_data_05/recover-20250317/UBNA_026/20250316_120000.WAV,recover-20250317,UBNA_026,Central Pond
LF,25920.0,2.651544700871903,210.8145,210.8219,23750.0,32949.0,Echolocation,Plecotus austriacus,0.099,0.213,-1,192000.0,/mnt/ubna_data_05/recover-20250317/UBNA_026/20250316_120000.WAV,recover-20250317,UBNA_026,Central Pond
LF,25920.0,-0.22896065946433936,78.6165,78.6229,22890.0,33705.0,Echolocation,Plecotus austriacus,0.112,0.202,-1,192000.0,/mnt/ubna_data_05/recover-20250317/UBNA_026/20250316_121000.WAV,recover-20250317,UBNA_026,Central Pond
LF,22080.0,5.7275898641198815,83.1275,83.1324,18593.0,30532.0,Echolocation,Plecotus austriacus,0.141,0.236,-1,192000.0,/mnt/ubna_data_05/recover-20250317/UBNA_026/20250316_121000.WAV,recover-20250317,UBNA_026,Central Pond
LF,29760.0,1.3572708121674049,108.3105,108.319,27187.0,34895.0,Echolocation,Eptesicus serotinus,0.175,0.296,-1,192000.0,/mnt/ubna_data_05/recover-20250317/UBNA_026/20250316_121000.WAV,recover-20250317,UBNA_026,Central Pond
LF,21120.0,3.152219453780747,184.7015,184.7096,19453.0,28095.0,Echolocation,Plecotus austriacus,0.084,0.238,-1,192000.0,/mnt/ubna_data_05/recover-20250317/UBNA_026/20250316_121000.WAV,recover-20250317,UBNA_026,Central Pond
LF,25920.0,2.272584982988623,225.8705,225.8804,24609.0,31390.0,Echolocation,Eptesicus serotinus,0.163,0.328,-1,192000.0,/mnt/ubna_data_05/recover-20250317/UBNA_026/20250316_121000.WAV,recover-20250317,UBNA_026,Central Pond
LF,20160.0,3.8848795990583476,248.7765,248.7849,18593.0,27981.0,Echolocation,Plecotus austriacus,0.085,0.215,-1,192000.0,/mnt/ubna_data_05/recover-20250317/UBNA_026/20250316_121000.WAV,recover-20250317,UBNA_026,Central Pond
LF,20160.0,2.705377371985274,258.9685,258.973,15156.0,31864.0,Echolocation,Plecotus auritus,0.161,0.226,-1,192000.0,/mnt/ubna_data_05/recover-20250317/UBNA_026/20250316_121000.WAV,recover-20250317,UBNA_026,Central Pond
LF,28800.0,1.6204624558459688,262.0315,262.0414,27187.0,34387.0,Echolocation,Eptesicus serotinus,0.159,0.221,-1,192000.0,/mnt/ubna_data_05/recover-20250317/UBNA_026/20250316_121000.WAV,recover-20250317,UBNA_026,Central Pond
LF,20160.0,6.45223391733713,266.22950000000003,266.2354,16015.0,29653.0,Echolocation,Plecotus auritus,0.127,0.208,-1,192000.0,/mnt/ubna_data_05/recover-20250317/UBNA_026/20250316_121000.WAV,recover-20250317,UBNA_026,Central Pond
LF,21120.0,4.571237390487991,94.1055,94.1113,16875.0,29026.0,Echolocation,Plecotus auritus,0.26,0.391,-1,192000.0,/mnt/ubna_data_05/recover-20250317/UBNA_026/20250316_122000.WAV,recover-20250317,UBNA_026,Central Pond
LF,26880.0,0.5387986520677097,172.5075,172.5174,24609.0,30469.0,Echolocation,Eptesicus serotinus,0.137,0.28,-1,192000.0,/mnt/ubna_data_05/recover-20250317/UBNA_026/20250316_122000.WAV,recover-20250317,UBNA_026,Central Pond
LF,28800.0,2.0338200302152316,203.3205,203.3298,26328.0,33341.0,Echolocation,Eptesicus serotinus,0.106,0.217,-1,192000.0,/mnt/ubna_data_05/recover-20250317/UBNA_026/20250316_122000.WAV,recover-20250317,UBNA_026,Central Pond
LF,20160.0,1.7565506888042974,251.3055,251.31119999999999,16875.0,29378.0,Echolocation,Plecotus auritus,0.133,0.212,-1,192000.0,/mnt/ubna_data_05/recover-20250317/UBNA_026/20250316_122000.WAV,recover-20250317,UBNA_026,Central Pond
LF,22080.0,1.5929435708645399,12.8015,12.8091,19453.0,29251.0,Echolocation,Plecotus austriacus,0.139,0.31,-1,192000.0,/mnt/ubna_data_05/recover-20250317/UBNA_026/20250316_123000.WAV,recover-20250317,UBNA_026,Central Pond
HF,42240.0,2.448796994580999,94.6685,94.6805,40937.0,44420.0,Echolocation,Pipistrellus nathusii,0.269,0.309,-1,192000.0,/mnt/ubna_data_05/recover-20250317/UBNA_026/20250316_123000.WAV,recover-20250317,UBNA_026,Central Pond
LF,23040.0,1.9143713170134178,147.9175,147.9367,22031.0,25989.0,Echolocation,Nyctalus noctula,0.113,0.247,-1,192000.0,/mnt/ubna_data_05/recover-20250317/UBNA_026/20250316_123000.WAV,recover-20250317,UBNA_026,Central Pond
LF,21120.0,2.085393717367165,200.3085,200.3265,19453.0,24548.0,Echolocation,Nyctalus noctula,0.175,0.257,-1,192000.0,/mnt/ubna_data_05/recover-20250317/UBNA_026/20250316_123000.WAV,recover-20250317,UBNA_026,Central Pond
LF,22080.0,4.941546056433041,38.3845,38.393100000000004,20312.0,29046.0,Echolocation,Plecotus austriacus,0.061,0.24,-1,192000.0,/mnt/ubna_data_05/recover-20250317/UBNA_026/20250316_124000.WAV,recover-20250317,UBNA_026,Central Pond
HF,42240.0,3.2626110206926167,136.1395,136.1429,29765.0,54865.0,Echolocation,Myotis nattereri,0.089,0.206,-1,192000.0,/mnt/ubna_data_05/recover-20250317/UBNA_026/20250316_124000.WAV,recover-20250317,UBNA_026,Central Pond
LF,21120.0,3.3635901886438186,146.8435,146.8516,21171.0,29447.0,Echolocation,Plecotus austriacus,0.079,0.208,-1,192000.0,/mnt/ubna_data_05/recover-20250317/UBNA_026/20250316_124000.WAV,recover-20250317,UBNA_026,Central Pond
LF,22080.0,1.8647911521951686,255.1375,255.1504,22031.0,27614.0,Echolocation,Nyctalus leisleri,0.071,0.216,-1,192000.0,/mnt/ubna_data_05/recover-20250317/UBNA_026/20250316_124000.WAV,recover-20250317,UBNA_026,Central Pond
LF,27840.0,2.697429134725175,273.4095,273.417,27187.0,36440.0,Echolocation,Eptesicus serotinus,0.132,0.23,-1,192000.0,/mnt/ubna_data_05/recover-20250317/UBNA_026/20250316_124000.WAV,recover-20250317,UBNA_026,Central Pond
LF,21120.0,2.930203305421349,189.9795,189.9872,18593.0,28004.0,Echolocation,Plecotus austriacus,0.102,0.238,-1,192000.0,/mnt/ubna_data_05/recover-20250317/UBNA_026/20250316_125000.WAV,recover-20250317,UBNA_026,Central Pond
LF,26880.0,1.255028180007252,176.2135,176.221,24609.0,33270.0,Echolocation,Eptesicus serotinus,0.188,0.368,-1,192000.0,/mnt/ubna_data_05/recover-20250317/UBNA_026/20250316_130000.WAV,recover-20250317,UBNA_026,Central Pond
LF,21120.0,5.907735120746862,242.8055,242.8209,18593.0,23793.0,Echolocation,Nyctalus noctula,0.165,0.237,-1,192000.0,/mnt/ubna_data_05/recover-20250317/UBNA_026/20250316_130000.WAV,recover-20250317,UBNA_026,Central Pond
LF,24000.0,1.737854544952272,69.6105,69.6212,23750.0,28977.0,Echolocation,Nyctalus leisleri,0.099,0.279,-1,192000.0,/mnt/ubna_data_05/recover-20250317/UBNA_026/20250316_131000.WAV,recover-20250317,UBNA_026,Central Pond
LF,19200.0,4.123648310798927,86.52850000000001,86.5359,16875.0,27151.0,Echolocation,Plecotus auritus,0.109,0.203,-1,192000.0,/mnt/ubna_data_05/recover-20250317/UBNA_026/20250316_131000.WAV,recover-20250317,UBNA_026,Central Pond
LF,21120.0,6.806491038087218,126.2485,126.2595,20312.0,23788.0,Echolocation,Nyctalus leisleri,0.146,0.205,-1,192000.0,/mnt/ubna_data_05/recover-20250317/UBNA_026/20250316_131000.WAV,recover-20250317,UBNA_026,Central Pond
LF,28800.0,1.6384427411956608,257.9665,257.9761,28046.0,35280.0,Echolocation,Eptesicus serotinus,0.129,0.204,-1,192000.0,/mnt/ubna_data_05/recover-20250317/UBNA_026/20250316_131000.WAV,recover-20250317,UBNA_026,Central Pond
HF,43200.0,5.5657536242173,69.6385,69.6481,40078.0,46558.0,Echolocation,Myotis daubentonii,0.054,0.223,-1,192000.0,/mnt/ubna_data_05/recover-20250317/UBNA_026/20250316_132000.WAV,recover-20250317,UBNA_026,Central Pond
LF,21120.0,-11.744636009980967,12.2315,12.2474,20312.0,24992.0,Echolocation,Nyctalus noctula,0.111,0.245,-1,192000.0,/mnt/ubna_data_05/recover-20250317/UBNA_026/20250316_133000.WAV,recover-20250317,UBNA_026,Central Pond
LF,28800.0,0.9299046729157522,15.2375,15.2436,26328.0,36205.0,Echolocation,Plecotus auritus,0.111,0.232,-1,192000.0,/mnt/ubna_data_05/recover-20250317/UBNA_026/20250316_133000.WAV,recover-20250317,UBNA_026,Central Pond
LF,21120.0,3.8885003012885226,27.0575,27.0651,18593.0,28344.0,Echolocation,Plecotus austriacus,0.125,0.254,-1,192000.0,/mnt/ubna_data_05/recover-20250317/UBNA_026/20250316_133000.WAV,recover-20250317,UBNA_026,Central Pond
LF,22080.0,1.359531051762242,190.5375,190.5438,14296.0,31349.0,Echolocation,Plecotus auritus,0.233,0.259,-1,192000.0,/mnt/ubna_data_05/recover-20250317/UBNA_026/20250316_133000.WAV,recover-20250317,UBNA_026,Central Pond
LF,28800.0,-10.463009515038394,215.2785,215.2878,27187.0,33043.0,Echolocation,Eptesicus serotinus,0.166,0.264,-1,192000.0,/mnt/ubna_data_05/recover-20250317/UBNA_026/20250316_133000.WAV,recover-20250317,UBNA_026,Central Pond
LF,22080.0,3.4421032330033725,247.5965,247.6052,19453.0,28166.0,Echolocation,Plecotus austriacus,0.104,0.3,-1,192000.0,/mnt/ubna_data_05/recover-20250317/UBNA_026/20250316_134000.WAV,recover-20250317,UBNA_026,Central Pond
LF,24960.0,1.9369015076864018,292.3965,292.4091,24609.0,29454.0,Echolocation,Eptesicus serotinus,0.1,0.24,-1,192000.0,/mnt/ubna_data_05/recover-20250317/UBNA_026/20250316_134000.WAV,recover-20250317,UBNA_026,Central Pond
LF,28800.0,2.026286261716212,167.3955,167.4041,26328.0,34399.0,Echolocation,Eptesicus serotinus,0.093,0.208,-1,192000.0,/mnt/ubna_data_05/recover-20250317/UBNA_026/20250316_135000.WAV,recover-20250317,UBNA_026,Central Pond
LF,23040.0,1.0732311148237779,0.6965,0.7099,23750.0,29444.0,Echolocation,Eptesicus serotinus,0.088,0.207,-1,192000.0,/mnt/ubna_data_05/recover-20250317/UBNA_026/20250316_140000.WAV,recover-20250317,UBNA_026,Central Pond
LF,20160.0,3.9994864173162794,2.9615,2.9681,15156.0,29651.0,Echolocation,Plecotus auritus,0.189,0.228,-1,192000.0,/mnt/ubna_data_05/recover-20250317/UBNA_026/20250316_140000.WAV,recover-20250317,UBNA_026,Central Pond
LF,25920.0,1.7457884487650455,15.2855,15.2959,23750.0,30550.0,Echolocation,Nyctalus leisleri,0.092,0.308,-1,192000.0,/mnt/ubna_data_05/recover-20250317/UBNA_026/20250316_140000.WAV,recover-20250317,UBNA_026,Central Pond
LF,21120.0,1.5850592604238698,61.0605,61.0715,21171.0,27619.0,Echolocation,Nyctalus noctula,0.102,0.24,-1,192000.0,/mnt/ubna_data_05/recover-20250317/UBNA_026/20250316_140000.WAV,recover-20250317,UBNA_026,Central Pond
LF,22080.0,2.022407092814031,85.6395,85.6463,15156.0,28698.0,Echolocation,Plecotus auritus,0.167,0.202,-1,192000.0,/mnt/ubna_data_05/recover-20250317/UBNA_026/20250316_140000.WAV,recover-20250317,UBNA_026,Central Pond
LF,20160.0,5.7248110341107985,87.8065,87.8364,18593.0,21586.0,Echolocation,Nyctalus noctula,0.153,0.206,-1,192000.0,/mnt/ubna_data_05/recover-20250317/UBNA_026/20250316_140000.WAV,recover-20250317,UBNA_026,Central Pond
LF,22080.0,4.922645120382464,87.8295,87.8483,22031.0,24453.0,Echolocation,Nyctalus leisleri,0.224,0.234,-1,192000.0,/mnt/ubna_data_05/recover-20250317/UBNA_026/20250316_140000.WAV,recover-20250317,UBNA_026,Central Pond
LF,19200.0,3.4779878671950715,104.1405,104.1458,16015.0,30603.0,Echolocation,Plecotus auritus,0.147,0.209,-1,192000.0,/mnt/ubna_data_05/recover-20250317/UBNA_026/20250316_140000.WAV,recover-20250317,UBNA_026,Central Pond
HF,44160.0,0.2696474286392308,123.0405,123.0508,40937.0,45679.0,Echolocation,Pipistrellus nathusii,0.188,0.218,-1,192000.0,/mnt/ubna_data_05/recover-20250317/UBNA_026/20250316_140000.WAV,recover-20250317,UBNA_026,Central Pond
LF,29760.0,1.8172937698278915,129.8415,129.8513,27187.0,34441.0,Echolocation,Eptesicus serotinus,0.133,0.202,-1,192000.0,/mnt/ubna_data_05/recover-20250317/UBNA_026/20250316_140000.WAV,recover-20250317,UBNA_026,Central Pond
LF,20160.0,8.403134131168038,139.1145,139.1372,18593.0,21990.0,Echolocation,Nyctalus noctula,0.303,0.414,-1,192000.0,/mnt/ubna_data_05/recover-20250317/UBNA_026/20250316_140000.WAV,recover-20250317,UBNA_026,Central Pond
LF,20160.0,6.272477880026051,153.3945,153.4215,18593.0,22158.0,Echolocation,Nyctalus noctula,0.172,0.281,-1,192000.0,/mnt/ubna_data_05/recover-20250317/UBNA_026/20250316_140000.WAV,recover-20250317,UBNA_026,Central Pond
LF,20160.0,10.685537876984277,153.6355,153.6637,18593.0,21733.0,Echolocation,Nyctalus noctula,0.249,0.338,-1,192000.0,/mnt/ubna_data_05/recover-20250317/UBNA_026/20250316_140000.WAV,recover-20250317,UBNA_026,Central Pond
LF,23040.0,3.8367525604753183,155.4325,155.4475,22031.0,26719.0,Echolocation,Nyctalus leisleri,0.157,0.293,-1,192000.0,/mnt/ubna_data_05/recover-20250317/UBNA_026/20250316_140000.WAV,recover-20250317,UBNA_026,Central Pond
LF,25920.0,2.1177864916116342,173.8245,173.8353,24609.0,29749.0,Echolocation,Eptesicus serotinus,0.14,0.274,-1,192000.0,/mnt/ubna_data_05/recover-20250317/UBNA_026/20250316_140000.WAV,recover-20250317,UBNA_026,Central Pond
LF,21120.0,-0.5560555054786416,194.5275,194.5469,20312.0,23914.0,Echolocation,Nyctalus noctula,0.112,0.201,-1,192000.0,/mnt/ubna_data_05/recover-20250317/UBNA_026/20250316_140000.WAV,recover-20250317,UBNA_026,Central Pond
LF,23040.0,3.381754054138887,219.1035,219.1117,22031.0,30435.0,Echolocation,Eptesicus serotinus,0.071,0.23,-1,192000.0,/mnt/ubna_data_05/recover-20250317/UBNA_026/20250316_140000.WAV,recover-20250317,UBNA_026,Central Pond
LF,22080.0,3.468291599349475,257.8665,257.8775,22890.0,29188.0,Echolocation,Nyctalus leisleri,0.076,0.236,-1,192000.0,/mnt/ubna_data_05/recover-20250317/UBNA_026/20250316_140000.WAV,recover-20250317,UBNA_026,Central Pond
LF,22080.0,5.310848942577932,274.0695,274.0799,20312.0,26375.0,Echolocation,Nyctalus leisleri,0.083,0.225,-1,192000.0,/mnt/ubna_data_05/recover-20250317/UBNA_026/20250316_140000.WAV,recover-20250317,UBNA_026,Central Pond
LF,20160.0,3.6583916342743,4.2645,4.2808,18593.0,23555.0,Echolocation,Nyctalus noctula,0.15,0.226,-1,192000.0,/mnt/ubna_data_05/recover-20250317/UBNA_026/20250316_141000.WAV,recover-20250317,UBNA_026,Central Pond
LF,22080.0,4.89580156022996,40.3935,40.3999,16875.0,28243.0,Echolocation,Plecotus auritus,0.113,0.214,-1,192000.0,/mnt/ubna_data_05/recover-20250317/UBNA_026/20250316_141000.WAV,recover-20250317,UBNA_026,Central Pond
LF,23040.0,2.649053085792907,79.7345,79.74510000000001,23750.0,31459.0,Echolocation,Eptesicus serotinus,0.104,0.233,-1,192000.0,/mnt/ubna_data_05/recover-20250317/UBNA_026/20250316_141000.WAV,recover-20250317,UBNA_026,Central Pond
LF,28800.0,0.9978424689223344,239.9655,239.9741,26328.0,35353.0,Echolocation,Eptesicus serotinus,0.169,0.255,-1,192000.0,/mnt/ubna_data_05/recover-20250317/UBNA_026/20250316_141000.WAV,recover-20250317,UBNA_026,Central Pond
LF,24960.0,2.412805522213383,84.2935,84.3043,23750.0,29943.0,Echolocation,Eptesicus serotinus,0.119,0.25,-1,192000.0,/mnt/ubna_data_05/recover-20250317/UBNA_026/20250316_142000.WAV,recover-20250317,UBNA_026,Central Pond
LF,25920.0,1.6533972909178416,86.78450000000001,86.7908,22890.0,33825.0,Echolocation,Plecotus austriacus,0.136,0.233,-1,192000.0,/mnt/ubna_data_05/recover-20250317/UBNA_026/20250316_142000.WAV,recover-20250317,UBNA_026,Central Pond
LF,24000.0,1.6464283552486993,144.6405,144.65370000000001,23750.0,28130.0,Echolocation,Eptesicus serotinus,0.098,0.226,-1,192000.0,/mnt/ubna_data_05/recover-20250317/UBNA_026/20250316_142000.WAV,recover-20250317,UBNA_026,Central Pond
LF,22080.0,2.624717537761368,218.9945,219.004,22031.0,29845.0,Echolocation,Plecotus austriacus,0.061,0.203,-1,192000.0,/mnt/ubna_data_05/recover-20250317/UBNA_026/20250316_142000.WAV,recover-20250317,UBNA_026,Central Pond
LF,21120.0,5.624959110705207,230.4725,230.4804,19453.0,27765.0,Echolocation,Plecotus austriacus,0.068,0.217,-1,192000.0,/mnt/ubna_data_05/recover-20250317/UBNA_026/20250316_142000.WAV,recover-20250317,UBNA_026,Central Pond
LF,26880.0,1.6074566455160766,42.2285,42.2337,23750.0,35891.0,Echolocation,Plecotus austriacus,0.13,0.2,-1,192000.0,/mnt/ubna_data_05/recover-20250317/UBNA_026/20250316_143000.WAV,recover-20250317,UBNA_026,Central Pond
LF,24960.0,2.275027917438855,50.216499999999996,50.225,22890.0,31710.0,Echolocation,Eptesicus serotinus,0.084,0.218,-1,192000.0,/mnt/ubna_data_05/recover-20250317/UBNA_026/20250316_143000.WAV,recover-20250317,UBNA_026,Central Pond
LF,29760.0,1.4219435090940677,60.3185,60.3291,28046.0,34635.0,Echolocation,Eptesicus serotinus,0.18,0.243,-1,192000.0,/mnt/ubna_data_05/recover-20250317/UBNA_026/20250316_143000.WAV,recover-20250317,UBNA_026,Central Pond
LF,20160.0,1.6845671042189794,74.9335,74.9442,17734.0,24839.0,Echolocation,Nyctalus noctula,0.117,0.22,-1,192000.0,/mnt/ubna_data_05/recover-20250317/UBNA_026/20250316_143000.WAV,recover-20250317,UBNA_026,Central Pond
LF,21120.0,3.4045780293625554,81.1575,81.1761,21171.0,25748.0,Echolocation,Nyctalus noctula,0.117,0.215,-1,192000.0,/mnt/ubna_data_05/recover-20250317/UBNA_026/20250316_143000.WAV,recover-20250317,UBNA_026,Central Pond
LF,25920.0,3.6622156599248443,82.50450000000001,82.5178,25468.0,29565.0,Echolocation,Nyctalus leisleri,0.186,0.325,-1,192000.0,/mnt/ubna_data_05/recover-20250317/UBNA_026/20250316_143000.WAV,recover-20250317,UBNA_026,Central Pond
HF,40320.0,3.269261397839134,82.5065,82.5177,38359.0,41597.0,Echolocation,Pipistrellus nathusii,0.261,0.294,-1,192000.0,/mnt/ubna_data_05/recover-20250317/UBNA_026/20250316_143000.WAV,recover-20250317,UBNA_026,Central Pond
LF,21120.0,3.5532317785518175,203.0265,203.0319,22890.0,35450.0,Echolocation,Plecotus austriacus,0.102,0.214,-1,192000.0,/mnt/ubna_data_05/recover-20250317/UBNA_026/20250316_143000.WAV,recover-20250317,UBNA_026,Central Pond
LF,23040.0,5.443654286350923,203.7835,203.7936,22031.0,28464.0,Echolocation,Nyctalus leisleri,0.072,0.226,-1,192000.0,/mnt/ubna_data_05/recover-20250317/UBNA_026/20250316_143000.WAV,recover-20250317,UBNA_026,Central Pond
HF,50880.0,0.37101772274938166,6.3495,6.3583,47812.0,52275.0,Echolocation,Pipistrellus pipistrellus,0.196,0.232,-1,192000.0,/mnt/ubna_data_05/recover-20250317/UBNA_026/20250316_144000.WAV,recover-20250317,UBNA_026,Central Pond
LF,22080.0,7.936488095868068,60.2405,60.2507,21171.0,26996.0,Echolocation,Nyctalus leisleri,0.058,0.208,-1,192000.0,/mnt/ubna_data_05/recover-20250317/UBNA_026/20250316_144000.WAV,recover-20250317,UBNA_026,Central Pond
LF,21120.0,1.6779381904482713,85.9765,85.9845,19453.0,27896.0,Echolocation,Plecotus austriacus,0.114,0.3,-1,192000.0,/mnt/ubna_data_05/recover-20250317/UBNA_026/20250316_144000.WAV,recover-20250317,UBNA_026,Central Pond
LF,20160.0,6.234953233081535,108.1865,108.1928,16875.0,28471.0,Echolocation,Plecotus austriacus,0.126,0.22,-1,192000.0,/mnt/ubna_data_05/recover-20250317/UBNA_026/20250316_144000.WAV,recover-20250317,UBNA_026,Central Pond
LF,29760.0,5.055664061658182,200.2645,200.2764,28046.0,35748.0,Echolocation,Eptesicus serotinus,0.182,0.25,-1,192000.0,/mnt/ubna_data_05/recover-20250317/UBNA_026/20250316_144000.WAV,recover-20250317,UBNA_026,Central Pond
LF,21120.0,2.5432853066987215,266.0555,266.0598,16015.0,37339.0,Echolocation,Plecotus auritus,0.145,0.207,-1,192000.0,/mnt/ubna_data_05/recover-20250317/UBNA_026/20250316_144000.WAV,recover-20250317,UBNA_026,Central Pond
LF,28800.0,0.3828686293340835,69.7225,69.7334,26328.0,32184.0,Echolocation,Eptesicus serotinus,0.131,0.244,-1,192000.0,/mnt/ubna_data_05/recover-20250317/UBNA_026/20250316_145000.WAV,recover-20250317,UBNA_026,Central Pond
HF,42240.0,1.6671260751883674,115.4615,115.4795,41796.0,46073.0,Echolocation,Pipistrellus nathusii,0.152,0.21,-1,192000.0,/mnt/ubna_data_05/recover-20250317/UBNA_026/20250316_145000.WAV,recover-20250317,UBNA_026,Central Pond
LF,22080.0,2.019140265418338,268.7475,268.7567,21171.0,29015.0,Echolocation,Eptesicus serotinus,0.055,0.22,-1,192000.0,/mnt/ubna_data_05/recover-20250317/UBNA_026/20250316_145000.WAV,recover-20250317,UBNA_026,Central Pond
LF,28800.0,2.604158487753691,16.4715,16.4813,27187.0,33166.0,Echolocation,Eptesicus serotinus,0.145,0.223,-1,192000.0,/mnt/ubna_data_05/recover-20250317/UBNA_026/20250316_151000.WAV,recover-20250317,UBNA_026,Central Pond
LF,24000.0,2.474925254256312,71.4375,71.4493,23750.0,29092.0,Echolocation,Nyctalus leisleri,0.11,0.328,-1,192000.0,/mnt/ubna_data_05/recover-20250317/UBNA_026/20250316_151000.WAV,recover-20250317,UBNA_026,Central Pond
LF,20160.0,3.2466955539914544,112.85249999999999,112.8596,16015.0,27173.0,Echolocation,Plecotus auritus,0.134,0.211,-1,192000.0,/mnt/ubna_data_05/recover-20250317/UBNA_026/20250316_151000.WAV,recover-20250317,UBNA_026,Central Pond
LF,21120.0,2.9971593607113007,119.0245,119.0321,21171.0,30765.0,Echolocation,Plecotus austriacus,0.074,0.243,-1,192000.0,/mnt/ubna_data_05/recover-20250317/UBNA_026/20250316_151000.WAV,recover-20250317,UBNA_026,Central Pond
LF,21120.0,4.401167385119855,220.1935,220.1992,16015.0,28433.0,Echolocation,Plecotus auritus,0.196,0.26,-1,192000.0,/mnt/ubna_data_05/recover-20250317/UBNA_026/20250316_151000.WAV,recover-20250317,UBNA_026,Central Pond
LF,22080.0,1.6318516941493042,265.5635,265.5793,22031.0,27584.0,Echolocation,Nyctalus noctula,0.087,0.225,-1,192000.0,/mnt/ubna_data_05/recover-20250317/UBNA_026/20250316_151000.WAV,recover-20250317,UBNA_026,Central Pond
LF,24000.0,1.618233800114466,281.6405,281.653,22890.0,28323.0,Echolocation,Nyctalus leisleri,0.113,0.263,-1,192000.0,/mnt/ubna_data_05/recover-20250317/UBNA_026/20250316_152000.WAV,recover-20250317,UBNA_026,Central Pond
LF,23040.0,3.758885359578117,5.4755,5.4861,22031.0,27311.0,Echolocation,Nyctalus leisleri,0.091,0.207,-1,192000.0,/mnt/ubna_data_05/recover-20250317/UBNA_026/20250316_154000.WAV,recover-20250317,UBNA_026,Central Pond
LF,25920.0,1.9507051043193944,114.6495,114.65780000000001,23750.0,31421.0,Echolocation,Eptesicus serotinus,0.095,0.288,-1,192000.0,/mnt/ubna_data_05/recover-20250317/UBNA_026/20250316_154000.WAV,recover-20250317,UBNA_026,Central Pond
LF,21120.0,2.385857918729967,105.6345,105.6403,22031.0,35334.0,Echolocation,Plecotus austriacus,0.176,0.231,-1,192000.0,/mnt/ubna_data_05/recover-20250317/UBNA_026/20250316_155000.WAV,recover-20250317,UBNA_026,Central Pond
HF,48960.0,1.1900006391315274,12.5995,12.6076,48671.0,53294.0,Echolocation,Pipistrellus pipistrellus,0.245,0.261,-1,192000.0,/mnt/ubna_data_05/recover-20250317/UBNA_026/20250316_160000.WAV,recover-20250317,UBNA_026,Central Pond
LF,25920.0,2.183895632546658,168.5945,168.603,23750.0,31612.0,Echolocation,Eptesicus serotinus,0.104,0.249,-1,192000.0,/mnt/ubna_data_05/recover-20250317/UBNA_026/20250316_160000.WAV,recover-20250317,UBNA_026,Central Pond
LF,21120.0,2.925938100761182,181.6005,181.6066,16015.0,29678.0,Echolocation,Plecotus auritus,0.129,0.205,-1,192000.0,/mnt/ubna_data_05/recover-20250317/UBNA_026/20250316_160000.WAV,recover-20250317,UBNA_026,Central Pond
LF,20160.0,2.8320510841917663,245.5815,245.588,16875.0,28933.0,Echolocation,Plecotus auritus,0.146,0.275,-1,192000.0,/mnt/ubna_data_05/recover-20250317/UBNA_026/20250316_160000.WAV,recover-20250317,UBNA_026,Central Pond
LF,22080.0,1.5735465516126748,296.0925,296.0992,20312.0,30053.0,Echolocation,Plecotus auritus,0.103,0.238,-1,192000.0,/mnt/ubna_data_05/recover-20250317/UBNA_026/20250316_160000.WAV,recover-20250317,UBNA_026,Central Pond
LF,25920.0,0.8312182078921657,162.9315,162.9407,23750.0,31034.0,Echolocation,Eptesicus serotinus,0.102,0.252,-1,192000.0,/mnt/ubna_data_05/recover-20250317/UBNA_026/20250316_161000.WAV,recover-20250317,UBNA_026,Central Pond
LF,19200.0,2.022450271972234,12.1945,12.2195,16875.0,19468.0,Echolocation,Nyctalus noctula,0.138,0.201,-1,192000.0,/mnt/ubna_data_05/recover-20250317/UBNA_026/20250316_162000.WAV,recover-20250317,UBNA_026,Central Pond
LF,25920.0,2.214499000740199,293.6595,293.6643,23750.0,38131.0,Echolocation,Plecotus austriacus,0.243,0.313,-1,192000.0,/mnt/ubna_data_05/recover-20250317/UBNA_026/20250316_162000.WAV,recover-20250317,UBNA_026,Central Pond
LF,21120.0,1.0451888975381065,255.4065,255.4236,22031.0,26069.0,Echolocation,Nyctalus leisleri,0.102,0.208,-1,192000.0,/mnt/ubna_data_05/recover-20250317/UBNA_026/20250316_163000.WAV,recover-20250317,UBNA_026,Central Pond
HF,44160.0,0.9511045214707171,263.0885,263.1035,43515.0,47111.0,Echolocation,Pipistrellus pipistrellus,0.192,0.227,-1,192000.0,/mnt/ubna_data_05/recover-20250317/UBNA_026/20250316_163000.WAV,recover-20250317,UBNA_026,Central Pond
HF,72000.0,0.5515695731930578,5.8325,5.8767,68437.0,82789.0,Echolocation,Rhinolophus ferrumequinum,0.203,0.203,-1,192000.0,/mnt/ubna_data_05/recover-20250317/UBNA_026/20250316_164000.WAV,recover-20250317,UBNA_026,Central Pond
LF,24000.0,0.6479166884707057,26.4325,26.443,24609.0,30809.0,Echolocation,Eptesicus serotinus,0.135,0.328,-1,192000.0,/mnt/ubna_data_05/recover-20250317/UBNA_026/20250316_164000.WAV,recover-20250317,UBNA_026,Central Pond
LF,20160.0,6.719573918366189,83.2745,83.3002,18593.0,21629.0,Echolocation,Nyctalus noctula,0.284,0.371,-1,192000.0,/mnt/ubna_data_05/recover-20250317/UBNA_026/20250316_165000.WAV,recover-20250317,UBNA_026,Central Pond
LF,24000.0,-0.4990375277579095,296.7995,296.8129,24609.0,30079.0,Echolocation,Nyctalus leisleri,0.105,0.246,-1,192000.0,/mnt/ubna_data_05/recover-20250317/UBNA_026/20250316_165000.WAV,recover-20250317,UBNA_026,Central Pond
LF,27840.0,0.4000341703615331,125.6005,125.6108,27187.0,35292.0,Echolocation,Eptesicus serotinus,0.148,0.208,-1,192000.0,/mnt/ubna_data_05/recover-20250317/UBNA_026/20250316_170000.WAV,recover-20250317,UBNA_026,Central Pond
LF,25920.0,7.076579971320128,8.4365,8.4504,24609.0,27769.0,Echolocation,Nyctalus leisleri,0.176,0.213,-1,192000.0,/mnt/ubna_data_05/recover-20250317/UBNA_026/20250316_172000.WAV,recover-20250317,UBNA_026,Central Pond
LF,21120.0,0.6541451905675157,234.7055,234.7255,20312.0,24075.0,Echolocation,Nyctalus noctula,0.118,0.226,-1,192000.0,/mnt/ubna_data_05/recover-20250317/UBNA_026/20250316_174000.WAV,recover-20250317,UBNA_026,Central Pond
LF,20160.0,5.639472693986111,176.54149999999998,176.5615,18593.0,22253.0,Echolocation,Nyctalus noctula,0.338,0.442,-1,192000.0,/mnt/ubna_data_05/recover-20250317/UBNA_026/20250316_175000.WAV,recover-20250317,UBNA_026,Central Pond
LF,22080.0,-0.19765815921593113,32.841499999999996,32.855199999999996,22890.0,28184.0,Echolocation,Nyctalus leisleri,0.108,0.281,-1,192000.0,/mnt/ubna_data_05/recover-20250317/UBNA_026/20250316_180000.WAV,recover-20250317,UBNA_026,Central Pond
LF,23040.0,2.2682575599178003,81.58449999999999,81.607,22890.0,27865.0,Echolocation,Nyctalus leisleri,0.16,0.345,-1,192000.0,/mnt/ubna_data_05/recover-20250317/UBNA_026/20250316_180000.WAV,recover-20250317,UBNA_026,Central Pond
LF,22080.0,17.227537800023967,83.1465,83.1676,16015.0,21799.0,Echolocation,Nyctalus noctula,0.168,0.217,-1,192000.0,/mnt/ubna_data_05/recover-20250317/UBNA_026/20250316_180000.WAV,recover-20250317,UBNA_026,Central Pond
LF,22080.0,13.433378077946102,83.2925,83.3147,21171.0,23493.0,Echolocation,Nyctalus leisleri,0.269,0.301,-1,192000.0,/mnt/ubna_data_05/recover-20250317/UBNA_026/20250316_180000.WAV,recover-20250317,UBNA_026,Central Pond
LF,23040.0,16.84435058625875,83.4425,83.4633,21171.0,23838.0,Echolocation,Nyctalus leisleri,0.223,0.271,-1,192000.0,/mnt/ubna_data_05/recover-20250317/UBNA_026/20250316_180000.WAV,recover-20250317,UBNA_026,Central Pond
LF,17280.0,12.085540325105077,83.5995,83.6194,16015.0,20526.0,Echolocation,Nyctalus noctula,0.138,0.22,-1,192000.0,/mnt/ubna_data_05/recover-20250317/UBNA_026/20250316_180000.WAV,recover-20250317,UBNA_026,Central Pond
LF,25920.0,0.9678784202806143,66.5795,66.5892,26328.0,33720.0,Echolocation,Eptesicus serotinus,0.112,0.203,-1,192000.0,/mnt/ubna_data_05/recover-20250317/UBNA_026/20250316_181000.WAV,recover-20250317,UBNA_026,Central Pond
LF,20160.0,2.3712235975902543,162.9405,162.9624,18593.0,22030.0,Echolocation,Nyctalus noctula,0.186,0.266,-1,192000.0,/mnt/ubna_data_05/recover-20250317/UBNA_026/20250316_181000.WAV,recover-20250317,UBNA_026,Central Pond
LF,20160.0,2.011904853955728,178.40449999999998,178.4287,19453.0,22401.0,Echolocation,Nyctalus noctula,0.17,0.247,-1,192000.0,/mnt/ubna_data_05/recover-20250317/UBNA_026/20250316_181000.WAV,recover-20250317,UBNA_026,Central Pond
LF,29760.0,0.2249324704194186,199.3645,199.3765,28906.0,34740.0,Echolocation,Eptesicus serotinus,0.154,0.255,-1,192000.0,/mnt/ubna_data_05/recover-20250317/UBNA_026/20250316_181000.WAV,recover-20250317,UBNA_026,Central Pond
HF,43200.0,1.8183376024614861,157.2125,157.2207,42656.0,47150.0,Echolocation,Pipistrellus pipistrellus,0.192,0.274,-1,192000.0,/mnt/ubna_data_05/recover-20250317/UBNA_026/20250316_183000.WAV,recover-20250317,UBNA_026,Central Pond
LF,22080.0,0.5569489489444263,292.1975,292.2203,22031.0,25530.0,Echolocation,Nyctalus leisleri,0.127,0.231,-1,192000.0,/mnt/ubna_data_05/recover-20250317/UBNA_026/20250316_183000.WAV,recover-20250317,UBNA_026,Central Pond
LF,21120.0,0.09740975828636986,143.8635,143.8791,22031.0,26541.0,Echolocation,Nyctalus leisleri,0.093,0.208,-1,192000.0,/mnt/ubna_data_05/recover-20250317/UBNA_026/20250316_185000.WAV,recover-20250317,UBNA_026,Central Pond
LF,22080.0,4.181747104699302,276.0495,276.068,21171.0,23553.0,Echolocation,Nyctalus leisleri,0.239,0.262,-1,192000.0,/mnt/ubna_data_05/recover-20250317/UBNA_026/20250316_185000.WAV,recover-20250317,UBNA_026,Central Pond
LF,20160.0,0.13108237038496107,286.5975,286.6214,19453.0,22452.0,Echolocation,Nyctalus noctula,0.167,0.24,-1,192000.0,/mnt/ubna_data_05/recover-20250317/UBNA_026/20250316_191000.WAV,recover-20250317,UBNA_026,Central Pond
LF,22080.0,0.8306516279955461,165.9805,165.9947,22890.0,26971.0,Echolocation,Nyctalus leisleri,0.1,0.201,-1,192000.0,/mnt/ubna_data_05/recover-20250317/UBNA_026/20250316_195000.WAV,recover-20250317,UBNA_026,Central Pond
LF,20160.0,2.8566751094519875,184.7675,184.7911,19453.0,21795.0,Echolocation,Nyctalus noctula,0.304,0.409,-1,192000.0,/mnt/ubna_data_05/recover-20250317/UBNA_026/20250316_195000.WAV,recover-20250317,UBNA_026,Central Pond
LF,22080.0,0.08331450968125245,168.4025,168.4201,22031.0,25797.0,Echolocation,Nyctalus leisleri,0.187,0.284,-1,192000.0,/mnt/ubna_data_05/recover-20250317/UBNA_026/20250316_201000.WAV,recover-20250317,UBNA_026,Central Pond
LF,20160.0,0.8895246877453966,280.8855,280.909,21171.0,24939.0,Echolocation,Nyctalus noctula,0.116,0.212,-1,192000.0,/mnt/ubna_data_05/recover-20250317/UBNA_026/20250316_201000.WAV,recover-20250317,UBNA_026,Central Pond
LF,24000.0,0.3670613744006774,278.4255,278.4394,23750.0,29141.0,Echolocation,Nyctalus leisleri,0.085,0.213,-1,192000.0,/mnt/ubna_data_05/recover-20250317/UBNA_026/20250316_203000.WAV,recover-20250317,UBNA_026,Central Pond
LF,20160.0,4.894268234028595,277.8595,277.8842,19453.0,22319.0,Echolocation,Nyctalus noctula,0.123,0.21,-1,192000.0,/mnt/ubna_data_05/recover-20250317/UBNA_026/20250316_220000.WAV,recover-20250317,UBNA_026,Central Pond
LF,24000.0,0.9247330155927135,13.1685,13.1826,24609.0,28622.0,Echolocation,Nyctalus leisleri,0.146,0.243,-1,192000.0,/mnt/ubna_data_05/recover-20250317/UBNA_026/20250316_221000.WAV,recover-20250317,UBNA_026,Central Pond
HF,46080.0,3.0243317226229345,293.4605,293.4788,45234.0,47868.0,Echolocation,Pipistrellus pipistrellus,0.22,0.28,-1,192000.0,/mnt/ubna_data_05/recover-20250317/UBNA_026/20250316_223000.WAV,recover-20250317,UBNA_026,Central Pond
LF,22080.0,1.7244730313522898,92.37950000000001,92.3984,22890.0,27087.0,Echolocation,Nyctalus leisleri,0.138,0.234,-1,192000.0,/mnt/ubna_data_05/recover-20250317/UBNA_026/20250316_225000.WAV,recover-20250317,UBNA_026,Central Pond
LF,29760.0,-0.24474339881823073,157.1055,157.1178,28906.0,33105.0,Echolocation,Nyctalus leisleri,0.113,0.237,-1,192000.0,/mnt/ubna_data_05/recover-20250317/UBNA_026/20250316_225000.WAV,recover-20250317,UBNA_026,Central Pond
LF,21120.0,1.1686371389280654,256.2995,256.3181,21171.0,25780.0,Echolocation,Nyctalus noctula,0.151,0.242,-1,192000.0,/mnt/ubna_data_05/recover-20250317/UBNA_026/20250316_225000.WAV,recover-20250317,UBNA_026,Central Pond
LF,21120.0,4.120518155487111,117.7355,117.74080000000001,18593.0,31611.0,Echolocation,Plecotus auritus,0.11,0.222,-1,192000.0,/mnt/ubna_data_05/recover-20250317/UBNA_026/20250316_230000.WAV,recover-20250317,UBNA_026,Central Pond
LF,29760.0,-0.10080501264693409,249.0135,249.022,29765.0,38442.0,Echolocation,Eptesicus serotinus,0.164,0.25,-1,192000.0,/mnt/ubna_data_05/recover-20250317/UBNA_026/20250316_231000.WAV,recover-20250317,UBNA_026,Central Pond
LF,23040.0,0.0023621274641239774,0.9945,1.0052,23750.0,29494.0,Echolocation,Eptesicus serotinus,0.102,0.238,-1,192000.0,/mnt/ubna_data_05/recover-20250317/UBNA_026/20250316_234000.WAV,recover-20250317,UBNA_026,Central Pond
LF,22080.0,0.17778104227028974,129.2515,129.26839999999999,22031.0,26779.0,Echolocation,Nyctalus leisleri,0.132,0.253,-1,192000.0,/mnt/ubna_data_05/recover-20250317/UBNA_026/20250316_235000.WAV,recover-20250317,UBNA_026,Central Pond
LF,26880.0,1.0667044467794207,268.5015,268.5112,26328.0,37555.0,Echolocation,Eptesicus serotinus,0.093,0.211,-1,192000.0,/mnt/ubna_data_05/recover-20250317/UBNA_026/20250317_000000.WAV,recover-20250317,UBNA_026,Central Pond
LF,20160.0,0.47337418951337834,169.8285,169.8499,19453.0,22202.0,Echolocation,Nyctalus noctula,0.134,0.217,-1,192000.0,/mnt/ubna_data_05/recover-20250317/UBNA_026/20250317_002000.WAV,recover-20250317,UBNA_026,Central Pond
LF,25920.0,0.9318120020394727,169.9015,169.9147,25468.0,31654.0,Echolocation,Eptesicus serotinus,0.105,0.211,-1,192000.0,/mnt/ubna_data_05/recover-20250317/UBNA_026/20250317_002000.WAV,recover-20250317,UBNA_026,Central Pond
LF,22080.0,1.4936455090973244,73.2905,73.3095,22031.0,25465.0,Echolocation,Nyctalus leisleri,0.138,0.241,-1,192000.0,/mnt/ubna_data_05/recover-20250317/UBNA_026/20250317_004000.WAV,recover-20250317,UBNA_026,Central Pond
LF,22080.0,1.8800282861269924,87.1805,87.1957,21171.0,25840.0,Echolocation,Nyctalus noctula,0.118,0.219,-1,192000.0,/mnt/ubna_data_05/recover-20250317/UBNA_026/20250317_004000.WAV,recover-20250317,UBNA_026,Central Pond
LF,22080.0,-0.09317437920246709,211.4245,211.4451,22031.0,25609.0,Echolocation,Nyctalus leisleri,0.138,0.201,-1,192000.0,/mnt/ubna_data_05/recover-20250317/UBNA_026/20250317_012000.WAV,recover-20250317,UBNA_026,Central Pond
LF,23040.0,0.30810046465361723,131.7435,131.7605,22890.0,26749.0,Echolocation,Nyctalus leisleri,0.199,0.287,-1,192000.0,/mnt/ubna_data_05/recover-20250317/UBNA_026/20250317_013000.WAV,recover-20250317,UBNA_026,Central Pond
HF,45120.0,1.7319856650905552,247.9175,247.9292,44375.0,49132.0,Echolocation,Pipistrellus pipistrellus,0.243,0.286,-1,192000.0,/mnt/ubna_data_05/recover-20250317/UBNA_026/20250317_013000.WAV,recover-20250317,UBNA_026,Central Pond
LF,22080.0,-0.46371979701313726,29.8685,29.8839,22031.0,26401.0,Echolocation,Nyctalus noctula,0.099,0.208,-1,192000.0,/mnt/ubna_data_05/recover-20250317/UBNA_026/20250317_014000.WAV,recover-20250317,UBNA_026,Central Pond
LF,24000.0,0.36645590701307934,174.7125,174.7262,22890.0,27612.0,Echolocation,Nyctalus leisleri,0.144,0.277,-1,192000.0,/mnt/ubna_data_05/recover-20250317/UBNA_026/20250317_014000.WAV,recover-20250317,UBNA_026,Central Pond
LF,24000.0,1.111355584923306,53.6145,53.6249,23750.0,30240.0,Echolocation,Eptesicus serotinus,0.074,0.202,-1,192000.0,/mnt/ubna_data_05/recover-20250317/UBNA_026/20250317_020000.WAV,recover-20250317,UBNA_026,Central Pond
LF,25920.0,0.7031048729709686,100.35249999999999,100.3632,26328.0,32499.0,Echolocation,Eptesicus serotinus,0.175,0.273,-1,192000.0,/mnt/ubna_data_05/recover-20250317/UBNA_026/20250317_023000.WAV,recover-20250317,UBNA_026,Central Pond
LF,26880.0,0.8978302507309128,26.5565,26.5695,25468.0,30076.0,Echolocation,Nyctalus leisleri,0.151,0.301,-1,192000.0,/mnt/ubna_data_05/recover-20250317/UBNA_026/20250317_030000.WAV,recover-20250317,UBNA_026,Central Pond
LF,28800.0,1.1108040652163484,84.8455,84.8506,27187.0,37530.0,Echolocation,Plecotus auritus,0.127,0.226,-1,192000.0,/mnt/ubna_data_05/recover-20250317/UBNA_026/20250317_030000.WAV,recover-20250317,UBNA_026,Central Pond
HF,52800.0,4.240899253783899,112.4285,112.4351,52109.0,59196.0,Echolocation,Pipistrellus pipistrellus,0.215,0.288,-1,192000.0,/mnt/ubna_data_05/recover-20250317/UBNA_026/20250317_031000.WAV,recover-20250317,UBNA_026,Central Pond
HF,48960.0,3.4346651890118336,112.51650000000001,112.5231,46953.0,61797.0,Echolocation,Pipistrellus pipistrellus,0.251,0.345,-1,192000.0,/mnt/ubna_data_05/recover-20250317/UBNA_026/20250317_031000.WAV,recover-20250317,UBNA_026,Central Pond
HF,53760.0,7.373962640486592,112.7655,112.7707,48671.0,58826.0,Echolocation,Pipistrellus pipistrellus,0.228,0.307,-1,192000.0,/mnt/ubna_data_05/recover-20250317/UBNA_026/20250317_031000.WAV,recover-20250317,UBNA_026,Central Pond
HF,54720.0,5.229059780625615,112.9335,112.9396,47812.0,61165.0,Echolocation,Pipistrellus pipistrellus,0.188,0.337,-1,192000.0,/mnt/ubna_data_05/recover-20250317/UBNA_026/20250317_031000.WAV,recover-20250317,UBNA_026,Central Pond
HF,52800.0,7.4148902454838055,113.0095,113.0162,47812.0,64946.0,Echolocation,Pipistrellus pipistrellus,0.207,0.348,-1,192000.0,/mnt/ubna_data_05/recover-20250317/UBNA_026/20250317_031000.WAV,recover-20250317,UBNA_026,Central Pond
HF,51840.0,5.210069201400795,113.08449999999999,113.09049999999999,51250.0,60249.0,Echolocation,Pipistrellus pipistrellus,0.314,0.352,-1,192000.0,/mnt/ubna_data_05/recover-20250317/UBNA_026/20250317_031000.WAV,recover-20250317,UBNA_026,Central Pond
HF,51840.0,7.9858987639500985,113.1615,113.1666,50390.0,59725.0,Echolocation,Pipistrellus pipistrellus,0.379,0.433,-1,192000.0,/mnt/ubna_data_05/recover-20250317/UBNA_026/20250317_031000.WAV,recover-20250317,UBNA_026,Central Pond
HF,51840.0,4.852175321207904,113.2375,113.2437,47812.0,63713.0,Echolocation,Pipistrellus pipistrellus,0.226,0.379,-1,192000.0,/mnt/ubna_data_05/recover-20250317/UBNA_026/20250317_031000.WAV,recover-20250317,UBNA_026,Central Pond
HF,51840.0,6.864733131246595,113.3845,113.3895,49531.0,60068.0,Echolocation,Pipistrellus pipistrellus,0.41,0.459,-1,192000.0,/mnt/ubna_data_05/recover-20250317/UBNA_026/20250317_031000.WAV,recover-20250317,UBNA_026,Central Pond
HF,51840.0,4.320646599121297,113.4625,113.4697,50390.0,64592.0,Echolocation,Pipistrellus pipistrellus,0.424,0.49,-1,192000.0,/mnt/ubna_data_05/recover-20250317/UBNA_026/20250317_031000.WAV,recover-20250317,UBNA_026,Central Pond
HF,51840.0,2.6795040633400076,113.5355,113.5406,50390.0,60356.0,Echolocation,Pipistrellus pipistrellus,0.186,0.224,-1,192000.0,/mnt/ubna_data_05/recover-20250317/UBNA_026/20250317_031000.WAV,recover-20250317,UBNA_026,Central Pond
HF,52800.0,5.41890755558347,113.8655,113.8693,49531.0,59228.0,Echolocation,Pipistrellus pipistrellus,0.325,0.387,-1,192000.0,/mnt/ubna_data_05/recover-20250317/UBNA_026/20250317_031000.WAV,recover-20250317,UBNA_026,Central Pond
HF,53760.0,3.3368282936928626,113.9685,113.9742,52109.0,62294.0,Echolocation,Pipistrellus pipistrellus,0.183,0.248,-1,192000.0,/mnt/ubna_data_05/recover-20250317/UBNA_026/20250317_031000.WAV,recover-20250317,UBNA_026,Central Pond
HF,53760.0,4.684556930597933,114.11449999999999,114.1225,48671.0,61324.0,Echolocation,Pipistrellus pipistrellus,0.119,0.202,-1,192000.0,/mnt/ubna_data_05/recover-20250317/UBNA_026/20250317_031000.WAV,recover-20250317,UBNA_026,Central Pond
HF,52800.0,7.3033897768233205,114.2015,114.206,51250.0,58414.0,Echolocation,Pipistrellus pipistrellus,0.391,0.534,-1,192000.0,/mnt/ubna_data_05/recover-20250317/UBNA_026/20250317_031000.WAV,recover-20250317,UBNA_026,Central Pond
HF,53760.0,9.463210143098795,114.2795,114.28399999999999,47812.0,64148.0,Echolocation,Pipistrellus pipistrellus,0.186,0.44,-1,192000.0,/mnt/ubna_data_05/recover-20250317/UBNA_026/20250317_031000.WAV,recover-20250317,UBNA_026,Central Pond
HF,51840.0,5.610144257796281,114.6135,114.6189,43515.0,60011.0,Echolocation,Pipistrellus pipistrellus,0.096,0.344,-1,192000.0,/mnt/ubna_data_05/recover-20250317/UBNA_026/20250317_031000.WAV,recover-20250317,UBNA_026,Central Pond
HF,47040.0,6.574634899179898,114.77850000000001,114.7837,43515.0,58374.0,Echolocation,Pipistrellus pipistrellus,0.13,0.492,-1,192000.0,/mnt/ubna_data_05/recover-20250317/UBNA_026/20250317_031000.WAV,recover-20250317,UBNA_026,Central Pond
HF,51840.0,9.721165485097405,114.9475,114.9556,46093.0,61680.0,Echolocation,Pipistrellus pipistrellus,0.171,0.359,-1,192000.0,/mnt/ubna_data_05/recover-20250317/UBNA_026/20250317_031000.WAV,recover-20250317,UBNA_026,Central Pond
HF,48000.0,14.035885991591805,115.1225,115.1285,41796.0,60574.0,Echolocation,Pipistrellus nathusii,0.133,0.49,-1,192000.0,/mnt/ubna_data_05/recover-20250317/UBNA_026/20250317_031000.WAV,recover-20250317,UBNA_026,Central Pond
HF,46080.0,4.589161052975122,115.2265,115.2346,43515.0,56199.0,Echolocation,Pipistrellus pipistrellus,0.115,0.333,-1,192000.0,/mnt/ubna_data_05/recover-20250317/UBNA_026/20250317_031000.WAV,recover-20250317,UBNA_026,Central Pond
HF,47040.0,13.976313232968668,115.3165,115.3221,42656.0,57678.0,Echolocation,Pipistrellus nathusii,0.153,0.498,-1,192000.0,/mnt/ubna_data_05/recover-20250317/UBNA_026/20250317_031000.WAV,recover-20250317,UBNA_026,Central Pond
HF,46080.0,8.95277736807412,115.50450000000001,115.5101,41796.0,57448.0,Echolocation,Pipistrellus nathusii,0.21,0.516,-1,192000.0,/mnt/ubna_data_05/recover-20250317/UBNA_026/20250317_031000.WAV,recover-20250317,UBNA_026,Central Pond
HF,46080.0,7.3123575748378205,115.5895,115.5951,41796.0,61537.0,Echolocation,Myotis daubentonii,0.104,0.31,-1,192000.0,/mnt/ubna_data_05/recover-20250317/UBNA_026/20250317_031000.WAV,recover-20250317,UBNA_026,Central Pond
HF,47040.0,2.5631458440256445,116.3195,116.32730000000001,45234.0,52858.0,Echolocation,Pipistrellus pipistrellus,0.296,0.399,-1,192000.0,/mnt/ubna_data_05/recover-20250317/UBNA_026/20250317_031000.WAV,recover-20250317,UBNA_026,Central Pond
HF,45120.0,2.4583097886967185,117.0585,117.07130000000001,43515.0,47317.0,Echolocation,Pipistrellus pipistrellus,0.153,0.202,-1,192000.0,/mnt/ubna_data_05/recover-20250317/UBNA_026/20250317_031000.WAV,recover-20250317,UBNA_026,Central Pond
HF,51840.0,4.07166148017944,106.2875,106.2941,48671.0,55964.0,Echolocation,Pipistrellus pipistrellus,0.254,0.271,-1,192000.0,/mnt/ubna_data_05/recover-20250317/UBNA_026/20250317_032000.WAV,recover-20250317,UBNA_026,Central Pond
HF,54720.0,4.879670076437999,106.4525,106.4571,48671.0,64293.0,Echolocation,Pipistrellus pipistrellus,0.321,0.421,-1,192000.0,/mnt/ubna_data_05/recover-20250317/UBNA_026/20250317_032000.WAV,recover-20250317,UBNA_026,Central Pond
HF,52800.0,9.695117089687184,106.8885,106.8933,42656.0,69084.0,Echolocation,Myotis mystacinus,0.133,0.365,-1,192000.0,/mnt/ubna_data_05/recover-20250317/UBNA_026/20250317_032000.WAV,recover-20250317,UBNA_026,Central Pond
HF,52800.0,3.79348974522292,106.97149999999999,106.9768,45234.0,65090.0,Echolocation,Pipistrellus pipistrellus,0.08,0.224,-1,192000.0,/mnt/ubna_data_05/recover-20250317/UBNA_026/20250317_032000.WAV,recover-20250317,UBNA_026,Central Pond
HF,47040.0,7.166728430718771,107.0655,107.0709,43515.0,61776.0,Echolocation,Pipistrellus pipistrellus,0.138,0.467,-1,192000.0,/mnt/ubna_data_05/recover-20250317/UBNA_026/20250317_032000.WAV,recover-20250317,UBNA_026,Central Pond
HF,47040.0,11.66876015510772,107.1545,107.15950000000001,44375.0,58246.0,Echolocation,Pipistrellus pipistrellus,0.444,0.621,-1,192000.0,/mnt/ubna_data_05/recover-20250317/UBNA_026/20250317_032000.WAV,recover-20250317,UBNA_026,Central Pond
HF,47040.0,16.241903433824326,107.2425,107.2497,43515.0,66098.0,Echolocation,Pipistrellus pipistrellus,0.217,0.583,-1,192000.0,/mnt/ubna_data_05/recover-20250317/UBNA_026/20250317_032000.WAV,recover-20250317,UBNA_026,Central Pond
HF,46080.0,9.831675732028657,107.3365,107.3424,43515.0,62315.0,Echolocation,Pipistrellus pipistrellus,0.206,0.57,-1,192000.0,/mnt/ubna_data_05/recover-20250317/UBNA_026/20250317_032000.WAV,recover-20250317,UBNA_026,Central Pond
HF,52800.0,8.13736891624011,107.4005,107.40520000000001,46093.0,72776.0,Echolocation,Myotis alcathoe,0.155,0.283,-1,192000.0,/mnt/ubna_data_05/recover-20250317/UBNA_026/20250317_032000.WAV,recover-20250317,UBNA_026,Central Pond
HF,54720.0,6.244521272939423,107.4445,107.4504,52109.0,65224.0,Echolocation,Pipistrellus pipistrellus,0.115,0.222,-1,192000.0,/mnt/ubna_data_05/recover-20250317/UBNA_026/20250317_032000.WAV,recover-20250317,UBNA_026,Central Pond
HF,52800.0,6.684348425329438,108.2465,108.2514,46953.0,65388.0,Echolocation,Pipistrellus pipistrellus,0.094,0.282,-1,192000.0,/mnt/ubna_data_05/recover-20250317/UBNA_026/20250317_032000.WAV,recover-20250317,UBNA_026,Central Pond
HF,52800.0,18.138491148031953,108.3175,108.322,46093.0,73864.0,Echolocation,Myotis alcathoe,0.173,0.419,-1,192000.0,/mnt/ubna_data_05/recover-20250317/UBNA_026/20250317_032000.WAV,recover-20250317,UBNA_026,Central Pond
HF,48000.0,18.194350351120924,108.3895,108.3948,44375.0,74720.0,Echolocation,Pipistrellus pipistrellus,0.325,0.604,-1,192000.0,/mnt/ubna_data_05/recover-20250317/UBNA_026/20250317_032000.WAV,recover-20250317,UBNA_026,Central Pond
HF,52800.0,19.627931955403586,108.4685,108.4734,45234.0,74351.0,Echolocation,Pipistrellus pipistrellus,0.153,0.377,-1,192000.0,/mnt/ubna_data_05/recover-20250317/UBNA_026/20250317_032000.WAV,recover-20250317,UBNA_026,Central Pond
HF,51840.0,11.135126388913939,108.5505,108.5543,45234.0,73883.0,Echolocation,Myotis alcathoe,0.181,0.476,-1,192000.0,/mnt/ubna_data_05/recover-20250317/UBNA_026/20250317_032000.WAV,recover-20250317,UBNA_026,Central Pond
HF,51840.0,10.312936607924518,108.6325,108.6363,43515.0,72507.0,Echolocation,Myotis mystacinus,0.163,0.407,-1,192000.0,/mnt/ubna_data_05/recover-20250317/UBNA_026/20250317_032000.WAV,recover-20250317,UBNA_026,Central Pond
HF,51840.0,11.966996452806129,108.7125,108.7174,43515.0,66442.0,Echolocation,Myotis alcathoe,0.09,0.401,-1,192000.0,/mnt/ubna_data_05/recover-20250317/UBNA_026/20250317_032000.WAV,recover-20250317,UBNA_026,Central Pond
HF,51840.0,13.98836611144275,108.7955,108.7991,48671.0,65228.0,Echolocation,Pipistrellus pipistrellus,0.375,0.439,-1,192000.0,/mnt/ubna_data_05/recover-20250317/UBNA_026/20250317_032000.WAV,recover-20250317,UBNA_026,Central Pond
HF,48960.0,16.137404409534874,108.8815,108.8854,46093.0,67279.0,Echolocation,Pipistrellus pipistrellus,0.275,0.448,-1,192000.0,/mnt/ubna_data_05/recover-20250317/UBNA_026/20250317_032000.WAV,recover-20250317,UBNA_026,Central Pond
HF,48000.0,13.799585664489175,109.0455,109.0489,46093.0,70202.0,Echolocation,Myotis alcathoe,0.167,0.355,-1,192000.0,/mnt/ubna_data_05/recover-20250317/UBNA_026/20250317_032000.WAV,recover-20250317,UBNA_026,Central Pond
HF,47040.0,16.864412806829776,109.1935,109.1986,43515.0,71758.0,Echolocation,Myotis alcathoe,0.138,0.399,-1,192000.0,/mnt/ubna_data_05/recover-20250317/UBNA_026/20250317_032000.WAV,recover-20250317,UBNA_026,Central Pond
HF,46080.0,8.404739146745133,109.2775,109.28229999999999,40937.0,71652.0,Echolocation,Myotis mystacinus,0.186,0.456,-1,192000.0,/mnt/ubna_data_05/recover-20250317/UBNA_026/20250317_032000.WAV,recover-20250317,UBNA_026,Central Pond
HF,52800.0,22.032593066087543,109.3575,109.3636,47812.0,61237.0,Echolocation,Pipistrellus pipistrellus,0.254,0.304,-1,192000.0,/mnt/ubna_data_05/recover-20250317/UBNA_026/20250317_032000.WAV,recover-20250317,UBNA_026,Central Pond
HF,48960.0,19.60309511488314,109.35849999999999,109.3639,41796.0,75615.0,Echolocation,Myotis brandtii,0.089,0.262,-1,192000.0,/mnt/ubna_data_05/recover-20250317/UBNA_026/20250317_032000.WAV,recover-20250317,UBNA_026,Central Pond
HF,52800.0,21.08611348231332,109.4385,109.4435,43515.0,72329.0,Echolocation,Myotis alcathoe,0.138,0.448,-1,192000.0,/mnt/ubna_data_05/recover-20250317/UBNA_026/20250317_032000.WAV,recover-20250317,UBNA_026,Central Pond
HF,48000.0,20.67110365098411,109.5275,109.5325,41796.0,68077.0,Echolocation,Myotis mystacinus,0.09,0.44,-1,192000.0,/mnt/ubna_data_05/recover-20250317/UBNA_026/20250317_032000.WAV,recover-20250317,UBNA_026,Central Pond
HF,52800.0,22.256523700450547,109.6185,109.62389999999999,41796.0,77379.0,Echolocation,Myotis mystacinus,0.12,0.445,-1,192000.0,/mnt/ubna_data_05/recover-20250317/UBNA_026/20250317_032000.WAV,recover-20250317,UBNA_026,Central Pond
HF,48960.0,24.49197875234935,109.7145,109.7197,41796.0,72549.0,Echolocation,Myotis alcathoe,0.149,0.438,-1,192000.0,/mnt/ubna_data_05/recover-20250317/UBNA_026/20250317_032000.WAV,recover-20250317,UBNA_026,Central Pond
HF,52800.0,19.29514251002423,109.8025,109.8077,42656.0,85988.0,Echolocation,Myotis alcathoe,0.154,0.513,-1,192000.0,/mnt/ubna_data_05/recover-20250317/UBNA_026/20250317_032000.WAV,recover-20250317,UBNA_026,Central Pond
HF,52800.0,23.51333847010528,109.89150000000001,109.8971,40937.0,83602.0,Echolocation,Myotis alcathoe,0.186,0.46,-1,192000.0,/mnt/ubna_data_05/recover-20250317/UBNA_026/20250317_032000.WAV,recover-20250317,UBNA_026,Central Pond
HF,48000.0,17.119584116798087,109.97749999999999,109.9829,42656.0,71560.0,Echolocation,Myotis alcathoe,0.093,0.39,-1,192000.0,/mnt/ubna_data_05/recover-20250317/UBNA_026/20250317_032000.WAV,recover-20250317,UBNA_026,Central Pond
HF,51840.0,21.878180923155774,110.0645,110.0695,44375.0,69303.0,Echolocation,Myotis brandtii,0.167,0.353,-1,192000.0,/mnt/ubna_data_05/recover-20250317/UBNA_026/20250317_032000.WAV,recover-20250317,UBNA_026,Central Pond
HF,51840.0,16.14972478679316,110.1455,110.1507,44375.0,65083.0,Echolocation,Myotis brandtii,0.149,0.453,-1,192000.0,/mnt/ubna_data_05/recover-20250317/UBNA_026/20250317_032000.WAV,recover-20250317,UBNA_026,Central Pond
HF,48000.0,25.15461306477402,110.2405,110.2461,42656.0,76472.0,Echolocation,Myotis brandtii,0.2,0.323,-1,192000.0,/mnt/ubna_data_05/recover-20250317/UBNA_026/20250317_032000.WAV,recover-20250317,UBNA_026,Central Pond
HF,48960.0,15.488049851837262,110.3265,110.3319,42656.0,66392.0,Echolocation,Myotis brandtii,0.191,0.365,-1,192000.0,/mnt/ubna_data_05/recover-20250317/UBNA_026/20250317_032000.WAV,recover-20250317,UBNA_026,Central Pond
HF,48000.0,18.17859649360251,110.4175,110.4234,42656.0,69331.0,Echolocation,Myotis brandtii,0.181,0.381,-1,192000.0,/mnt/ubna_data_05/recover-20250317/UBNA_026/20250317_032000.WAV,recover-20250317,UBNA_026,Central Pond
HF,52800.0,25.876188299603335,110.4855,110.49170000000001,43515.0,83139.0,Echolocation,Myotis brandtii,0.216,0.357,-1,192000.0,/mnt/ubna_data_05/recover-20250317/UBNA_026/20250317_032000.WAV,recover-20250317,UBNA_026,Central Pond
HF,52800.0,26.33516851373322,110.5475,110.5535,43515.0,82537.0,Echolocation,Myotis brandtii,0.142,0.225,-1,192000.0,/mnt/ubna_data_05/recover-20250317/UBNA_026/20250317_032000.WAV,recover-20250317,UBNA_026,Central Pond
HF,52800.0,24.34082173158462,110.5485,110.5543,39218.0,85881.0,Echolocation,Myotis brandtii,0.149,0.216,-1,192000.0,/mnt/ubna_data_05/recover-20250317/UBNA_026/20250317_032000.WAV,recover-20250317,UBNA_026,Central Pond
HF,52800.0,18.06738840125824,110.6275,110.6325,40937.0,75470.0,Echolocation,Myotis brandtii,0.157,0.265,-1,192000.0,/mnt/ubna_data_05/recover-20250317/UBNA_026/20250317_032000.WAV,recover-20250317,UBNA_026,Central Pond
HF,54720.0,26.52495704223496,110.7065,110.7122,41796.0,81354.0,Echolocation,Myotis brandtii,0.249,0.386,-1,192000.0,/mnt/ubna_data_05/recover-20250317/UBNA_026/20250317_032000.WAV,recover-20250317,UBNA_026,Central Pond
HF,52800.0,21.725577240680973,110.7945,110.7997,42656.0,72380.0,Echolocation,Myotis brandtii,0.289,0.484,-1,192000.0,/mnt/ubna_data_05/recover-20250317/UBNA_026/20250317_032000.WAV,recover-20250317,UBNA_026,Central Pond
HF,48960.0,13.843585049304313,110.8825,110.8873,46093.0,63128.0,Echolocation,Pipistrellus nathusii,0.156,0.411,-1,192000.0,/mnt/ubna_data_05/recover-20250317/UBNA_026/20250317_032000.WAV,recover-20250317,UBNA_026,Central Pond
HF,48000.0,18.081223764190337,110.9665,110.9719,41796.0,74134.0,Echolocation,Myotis brandtii,0.28,0.456,-1,192000.0,/mnt/ubna_data_05/recover-20250317/UBNA_026/20250317_032000.WAV,recover-20250317,UBNA_026,Central Pond
HF,53760.0,10.426188789232784,111.0505,111.0557,44375.0,63583.0,Echolocation,Myotis brandtii,0.136,0.358,-1,192000.0,/mnt/ubna_data_05/recover-20250317/UBNA_026/20250317_032000.WAV,recover-20250317,UBNA_026,Central Pond
HF,53760.0,23.268469304081655,111.1255,111.1308,46953.0,69399.0,Echolocation,Myotis brandtii,0.122,0.306,-1,192000.0,/mnt/ubna_data_05/recover-20250317/UBNA_026/20250317_032000.WAV,recover-20250317,UBNA_026,Central Pond
HF,47040.0,16.8991779998952,111.2125,111.21770000000001,42656.0,66550.0,Echolocation,Myotis brandtii,0.176,0.413,-1,192000.0,/mnt/ubna_data_05/recover-20250317/UBNA_026/20250317_032000.WAV,recover-20250317,UBNA_026,Central Pond
HF,47040.0,12.38758278871179,111.4065,111.4115,43515.0,61608.0,Echolocation,Myotis brandtii,0.137,0.424,-1,192000.0,/mnt/ubna_data_05/recover-20250317/UBNA_026/20250317_032000.WAV,recover-20250317,UBNA_026,Central Pond
HF,47040.0,4.424281584174686,111.49549999999999,111.4998,45234.0,57903.0,Echolocation,Myotis brandtii,0.076,0.257,-1,192000.0,/mnt/ubna_data_05/recover-20250317/UBNA_026/20250317_032000.WAV,recover-20250317,UBNA_026,Central Pond
HF,48000.0,14.438334834706685,111.5765,111.582,42656.0,69141.0,Echolocation,Myotis brandtii,0.177,0.332,-1,192000.0,/mnt/ubna_data_05/recover-20250317/UBNA_026/20250317_032000.WAV,recover-20250317,UBNA_026,Central Pond
HF,48960.0,8.292262311041075,111.6665,111.6729,46093.0,59840.0,Echolocation,Pipistrellus nathusii,0.133,0.306,-1,192000.0,/mnt/ubna_data_05/recover-20250317/UBNA_026/20250317_032000.WAV,recover-20250317,UBNA_026,Central Pond
HF,47040.0,9.325653698242052,111.7565,111.7617,44375.0,66410.0,Echolocation,Myotis brandtii,0.13,0.36,-1,192000.0,/mnt/ubna_data_05/recover-20250317/UBNA_026/20250317_032000.WAV,recover-20250317,UBNA_026,Central Pond
HF,48000.0,6.164143045294076,111.8475,111.8545,45234.0,61704.0,Echolocation,Pipistrellus pipistrellus,0.088,0.275,-1,192000.0,/mnt/ubna_data_05/recover-20250317/UBNA_026/20250317_032000.WAV,recover-20250317,UBNA_026,Central Pond
HF,54720.0,18.65917539561458,111.9425,111.9479,42656.0,72756.0,Echolocation,Myotis brandtii,0.273,0.413,-1,192000.0,/mnt/ubna_data_05/recover-20250317/UBNA_026/20250317_032000.WAV,recover-20250317,UBNA_026,Central Pond
HF,47040.0,3.7607979679698738,112.0305,112.0392,47812.0,52786.0,Echolocation,Pipistrellus pipistrellus,0.216,0.236,-1,192000.0,/mnt/ubna_data_05/recover-20250317/UBNA_026/20250317_032000.WAV,recover-20250317,UBNA_026,Central Pond
HF,47040.0,9.080771188296097,112.1235,112.12950000000001,42656.0,64584.0,Echolocation,Myotis brandtii,0.127,0.343,-1,192000.0,/mnt/ubna_data_05/recover-20250317/UBNA_026/20250317_032000.WAV,recover-20250317,UBNA_026,Central Pond
HF,47040.0,12.65552677234128,112.2185,112.2239,43515.0,59608.0,Echolocation,Pipistrellus nathusii,0.115,0.333,-1,192000.0,/mnt/ubna_data_05/recover-20250317/UBNA_026/20250317_032000.WAV,recover-20250317,UBNA_026,Central Pond
HF,48000.0,9.51077553933588,112.3985,112.4045,45234.0,55880.0,Echolocation,Pipistrellus pipistrellus,0.287,0.397,-1,192000.0,/mnt/ubna_data_05/recover-20250317/UBNA_026/20250317_032000.WAV,recover-20250317,UBNA_026,Central Pond
HF,48000.0,8.210886410151858,112.4885,112.495,44375.0,59883.0,Echolocation,Pipistrellus pipistrellus,0.085,0.297,-1,192000.0,/mnt/ubna_data_05/recover-20250317/UBNA_026/20250317_032000.WAV,recover-20250317,UBNA_026,Central Pond
HF,48000.0,4.213858733313698,112.6585,112.6625,43515.0,59335.0,Echolocation,Myotis mystacinus,0.075,0.238,-1,192000.0,/mnt/ubna_data_05/recover-20250317/UBNA_026/20250317_032000.WAV,recover-20250317,UBNA_026,Central Pond
HF,48000.0,3.3031949988155436,234.3205,234.3269,46953.0,54649.0,Echolocation,Pipistrellus pipistrellus,0.428,0.437,-1,192000.0,/mnt/ubna_data_05/recover-20250317/UBNA_026/20250317_032000.WAV,recover-20250317,UBNA_026,Central Pond
HF,47040.0,5.8324873515928335,234.6605,234.6663,46093.0,56069.0,Echolocation,Pipistrellus pipistrellus,0.534,0.551,-1,192000.0,/mnt/ubna_data_05/recover-20250317/UBNA_026/20250317_032000.WAV,recover-20250317,UBNA_026,Central Pond
HF,47040.0,2.901969333335704,234.90449999999998,234.9103,46093.0,55000.0,Echolocation,Pipistrellus pipistrellus,0.46,0.474,-1,192000.0,/mnt/ubna_data_05/recover-20250317/UBNA_026/20250317_032000.WAV,recover-20250317,UBNA_026,Central Pond
HF,48960.0,5.118501899297412,234.9885,234.9943,47812.0,61299.0,Echolocation,Pipistrellus pipistrellus,0.506,0.529,-1,192000.0,/mnt/ubna_data_05/recover-20250317/UBNA_026/20250317_032000.WAV,recover-20250317,UBNA_026,Central Pond
HF,47040.0,3.347683326654111,235.0765,235.0831,46953.0,56989.0,Echolocation,Pipistrellus pipistrellus,0.498,0.52,-1,192000.0,/mnt/ubna_data_05/recover-20250317/UBNA_026/20250317_032000.WAV,recover-20250317,UBNA_026,Central Pond
HF,48000.0,2.672165964478882,235.1615,235.17079999999999,46953.0,55616.0,Echolocation,Pipistrellus pipistrellus,0.287,0.297,-1,192000.0,/mnt/ubna_data_05/recover-20250317/UBNA_026/20250317_032000.WAV,recover-20250317,UBNA_026,Central Pond
HF,48960.0,12.471380373202273,235.2555,235.261,47812.0,60257.0,Echolocation,Pipistrellus pipistrellus,0.511,0.524,-1,192000.0,/mnt/ubna_data_05/recover-20250317/UBNA_026/20250317_032000.WAV,recover-20250317,UBNA_026,Central Pond
HF,47040.0,9.265458964702892,235.3425,235.34890000000001,46953.0,56229.0,Echolocation,Pipistrellus pipistrellus,0.529,0.568,-1,192000.0,/mnt/ubna_data_05/recover-20250317/UBNA_026/20250317_032000.WAV,recover-20250317,UBNA_026,Central Pond
HF,46080.0,11.644061139928734,235.5215,235.528,46093.0,55120.0,Echolocation,Pipistrellus pipistrellus,0.595,0.621,-1,192000.0,/mnt/ubna_data_05/recover-20250317/UBNA_026/20250317_032000.WAV,recover-20250317,UBNA_026,Central Pond
HF,54720.0,6.95187991535109,235.6065,235.6127,48671.0,60710.0,Echolocation,Pipistrellus pipistrellus,0.522,0.535,-1,192000.0,/mnt/ubna_data_05/recover-20250317/UBNA_026/20250317_032000.WAV,recover-20250317,UBNA_026,Central Pond
HF,46080.0,13.770470251271803,235.7715,235.7764,45234.0,59801.0,Echolocation,Pipistrellus pipistrellus,0.654,0.679,-1,192000.0,/mnt/ubna_data_05/recover-20250317/UBNA_026/20250317_032000.WAV,recover-20250317,UBNA_026,Central Pond
HF,52800.0,11.250461463615835,235.8555,235.8613,47812.0,64166.0,Echolocation,Pipistrellus pipistrellus,0.586,0.636,-1,192000.0,/mnt/ubna_data_05/recover-20250317/UBNA_026/20250317_032000.WAV,recover-20250317,UBNA_026,Central Pond
HF,52800.0,11.006806041172181,235.9405,235.9496,46953.0,64232.0,Echolocation,Pipistrellus pipistrellus,0.525,0.6,-1,192000.0,/mnt/ubna_data_05/recover-20250317/UBNA_026/20250317_032000.WAV,recover-20250317,UBNA_026,Central Pond
HF,46080.0,12.317700579792275,236.0275,236.0334,44375.0,62066.0,Echolocation,Pipistrellus pipistrellus,0.508,0.566,-1,192000.0,/mnt/ubna_data_05/recover-20250317/UBNA_026/20250317_032000.WAV,recover-20250317,UBNA_026,Central Pond
HF,46080.0,12.653396931486192,236.1195,236.1261,45234.0,64730.0,Echolocation,Pipistrellus pipistrellus,0.55,0.618,-1,192000.0,/mnt/ubna_data_05/recover-20250317/UBNA_026/20250317_032000.WAV,recover-20250317,UBNA_026,Central Pond
HF,52800.0,16.910746814067977,236.2125,236.2188,46953.0,63119.0,Echolocation,Pipistrellus pipistrellus,0.456,0.479,-1,192000.0,/mnt/ubna_data_05/recover-20250317/UBNA_026/20250317_032000.WAV,recover-20250317,UBNA_026,Central Pond
HF,52800.0,16.37701842376487,236.2965,236.3036,46953.0,64832.0,Echolocation,Pipistrellus pipistrellus,0.422,0.459,-1,192000.0,/mnt/ubna_data_05/recover-20250317/UBNA_026/20250317_032000.WAV,recover-20250317,UBNA_026,Central Pond
HF,46080.0,19.042366442316684,236.3845,236.3908,44375.0,65807.0,Echolocation,Pipistrellus pipistrellus,0.546,0.605,-1,192000.0,/mnt/ubna_data_05/recover-20250317/UBNA_026/20250317_032000.WAV,recover-20250317,UBNA_026,Central Pond
HF,47040.0,18.806371513460544,236.4775,236.4844,45234.0,66858.0,Echolocation,Pipistrellus pipistrellus,0.475,0.575,-1,192000.0,/mnt/ubna_data_05/recover-20250317/UBNA_026/20250317_032000.WAV,recover-20250317,UBNA_026,Central Pond
HF,48000.0,15.756704229828697,236.5645,236.5703,46093.0,62649.0,Echolocation,Pipistrellus pipistrellus,0.558,0.592,-1,192000.0,/mnt/ubna_data_05/recover-20250317/UBNA_026/20250317_032000.WAV,recover-20250317,UBNA_026,Central Pond
HF,46080.0,24.081041296463013,236.6535,236.6589,45234.0,72861.0,Echolocation,Pipistrellus pipistrellus,0.69,0.71,-1,192000.0,/mnt/ubna_data_05/recover-20250317/UBNA_026/20250317_032000.WAV,recover-20250317,UBNA_026,Central Pond
HF,46080.0,22.25822519188639,236.7415,236.7472,45234.0,67503.0,Echolocation,Pipistrellus pipistrellus,0.562,0.619,-1,192000.0,/mnt/ubna_data_05/recover-20250317/UBNA_026/20250317_032000.WAV,recover-20250317,UBNA_026,Central Pond
HF,47040.0,25.069641655168557,236.9035,236.9094,44375.0,66430.0,Echolocation,Pipistrellus pipistrellus,0.58,0.604,-1,192000.0,/mnt/ubna_data_05/recover-20250317/UBNA_026/20250317_032000.WAV,recover-20250317,UBNA_026,Central Pond
HF,48000.0,18.725459338827775,236.9925,236.9984,46093.0,61953.0,Echolocation,Pipistrellus pipistrellus,0.495,0.561,-1,192000.0,/mnt/ubna_data_05/recover-20250317/UBNA_026/20250317_032000.WAV,recover-20250317,UBNA_026,Central Pond
HF,46080.0,22.866437151993026,237.0785,237.0849,46093.0,65471.0,Echolocation,Pipistrellus pipistrellus,0.5,0.55,-1,192000.0,/mnt/ubna_data_05/recover-20250317/UBNA_026/20250317_032000.WAV,recover-20250317,UBNA_026,Central Pond
HF,50880.0,18.84800948489679,237.1615,237.1671,47812.0,60898.0,Echolocation,Pipistrellus pipistrellus,0.43,0.451,-1,192000.0,/mnt/ubna_data_05/recover-20250317/UBNA_026/20250317_032000.WAV,recover-20250317,UBNA_026,Central Pond
HF,46080.0,22.544804767406994,237.2405,237.2478,45234.0,64837.0,Echolocation,Pipistrellus pipistrellus,0.451,0.531,-1,192000.0,/mnt/ubna_data_05/recover-20250317/UBNA_026/20250317_032000.WAV,recover-20250317,UBNA_026,Central Pond
HF,52800.0,10.115862394626397,237.3265,237.3318,46953.0,61617.0,Echolocation,Pipistrellus pipistrellus,0.392,0.424,-1,192000.0,/mnt/ubna_data_05/recover-20250317/UBNA_026/20250317_032000.WAV,recover-20250317,UBNA_026,Central Pond
HF,46080.0,19.628190234408457,237.4005,237.4098,45234.0,66184.0,Echolocation,Pipistrellus pipistrellus,0.396,0.506,-1,192000.0,/mnt/ubna_data_05/recover-20250317/UBNA_026/20250317_032000.WAV,recover-20250317,UBNA_026,Central Pond
HF,48960.0,15.518990967573147,237.4865,237.4949,47812.0,58671.0,Echolocation,Pipistrellus pipistrellus,0.48,0.495,-1,192000.0,/mnt/ubna_data_05/recover-20250317/UBNA_026/20250317_032000.WAV,recover-20250317,UBNA_026,Central Pond
HF,47040.0,18.88421936844382,237.5705,237.576,46093.0,65126.0,Echolocation,Pipistrellus pipistrellus,0.581,0.614,-1,192000.0,/mnt/ubna_data_05/recover-20250317/UBNA_026/20250317_032000.WAV,recover-20250317,UBNA_026,Central Pond
HF,52800.0,-0.9258304757783643,237.5785,237.58350000000002,41796.0,82148.0,Echolocation,Myotis mystacinus,0.093,0.223,-1,192000.0,/mnt/ubna_data_05/recover-20250317/UBNA_026/20250317_032000.WAV,recover-20250317,UBNA_026,Central Pond
HF,47040.0,21.08424767758283,237.6605,237.6668,44375.0,69666.0,Echolocation,Pipistrellus pipistrellus,0.486,0.524,-1,192000.0,/mnt/ubna_data_05/recover-20250317/UBNA_026/20250317_032000.WAV,recover-20250317,UBNA_026,Central Pond
HF,47040.0,5.047049229007219,237.6685,237.6745,46093.0,73583.0,Echolocation,Pipistrellus pipistrellus,0.304,0.316,-1,192000.0,/mnt/ubna_data_05/recover-20250317/UBNA_026/20250317_032000.WAV,recover-20250317,UBNA_026,Central Pond
HF,48000.0,16.692012086308733,237.7525,237.75979999999998,46953.0,57861.0,Echolocation,Pipistrellus pipistrellus,0.66,0.715,-1,192000.0,/mnt/ubna_data_05/recover-20250317/UBNA_026/20250317_032000.WAV,recover-20250317,UBNA_026,Central Pond
HF,46080.0,22.58998014253139,237.8405,237.8483,45234.0,65651.0,Echolocation,Pipistrellus pipistrellus,0.562,0.622,-1,192000.0,/mnt/ubna_data_05/recover-20250317/UBNA_026/20250317_032000.WAV,recover-20250317,UBNA_026,Central Pond
HF,48960.0,14.61221348204389,237.9395,237.9467,46953.0,57986.0,Echolocation,Pipistrellus pipistrellus,0.521,0.539,-1,192000.0,/mnt/ubna_data_05/recover-20250317/UBNA_026/20250317_032000.WAV,recover-20250317,UBNA_026,Central Pond
HF,46080.0,21.20765999381235,238.0245,238.0315,44375.0,63062.0,Echolocation,Pipistrellus pipistrellus,0.491,0.564,-1,192000.0,/mnt/ubna_data_05/recover-20250317/UBNA_026/20250317_032000.WAV,recover-20250317,UBNA_026,Central Pond
HF,47040.0,13.173509742215998,238.1175,238.1258,46093.0,53390.0,Echolocation,Pipistrellus pipistrellus,0.556,0.582,-1,192000.0,/mnt/ubna_data_05/recover-20250317/UBNA_026/20250317_032000.WAV,recover-20250317,UBNA_026,Central Pond
HF,48000.0,21.685013759278853,238.2065,238.2135,44375.0,63270.0,Echolocation,Pipistrellus pipistrellus,0.582,0.614,-1,192000.0,/mnt/ubna_data_05/recover-20250317/UBNA_026/20250317_032000.WAV,recover-20250317,UBNA_026,Central Pond
HF,48000.0,9.50175411483804,238.2975,238.30689999999998,46953.0,57444.0,Echolocation,Pipistrellus pipistrellus,0.52,0.548,-1,192000.0,/mnt/ubna_data_05/recover-20250317/UBNA_026/20250317_032000.WAV,recover-20250317,UBNA_026,Central Pond
HF,46080.0,17.23788396860123,238.3865,238.3953,45234.0,60133.0,Echolocation,Pipistrellus pipistrellus,0.503,0.571,-1,192000.0,/mnt/ubna_data_05/recover-20250317/UBNA_026/20250317_032000.WAV,recover-20250317,UBNA_026,Central Pond
HF,47040.0,13.958497942614674,238.48250000000002,238.4901,46093.0,59734.0,Echolocation,Pipistrellus pipistrellus,0.572,0.611,-1,192000.0,/mnt/ubna_data_05/recover-20250317/UBNA_026/20250317_032000.WAV,recover-20250317,UBNA_026,Central Pond
HF,46080.0,18.82893851522585,238.5675,238.5757,44375.0,63627.0,Echolocation,Pipistrellus pipistrellus,0.542,0.58,-1,192000.0,/mnt/ubna_data_05/recover-20250317/UBNA_026/20250317_032000.WAV,recover-20250317,UBNA_026,Central Pond
HF,46080.0,14.017311338453997,238.65449999999998,238.6637,43515.0,60628.0,Echolocation,Pipistrellus pipistrellus,0.331,0.512,-1,192000.0,/mnt/ubna_data_05/recover-20250317/UBNA_026/20250317_032000.WAV,recover-20250317,UBNA_026,Central Pond
HF,46080.0,9.719789653563165,238.7445,238.7527,45234.0,54346.0,Echolocation,Pipistrellus pipistrellus,0.54,0.577,-1,192000.0,/mnt/ubna_data_05/recover-20250317/UBNA_026/20250317_032000.WAV,recover-20250317,UBNA_026,Central Pond
HF,47040.0,3.817775231491327,238.8385,238.8447,46093.0,52828.0,Echolocation,Pipistrellus pipistrellus,0.417,0.423,-1,192000.0,/mnt/ubna_data_05/recover-20250317/UBNA_026/20250317_032000.WAV,recover-20250317,UBNA_026,Central Pond
HF,46080.0,17.73332425924619,238.9245,238.9317,43515.0,61870.0,Echolocation,Pipistrellus pipistrellus,0.585,0.692,-1,192000.0,/mnt/ubna_data_05/recover-20250317/UBNA_026/20250317_032000.WAV,recover-20250317,UBNA_026,Central Pond
HF,47040.0,6.665808308003289,239.01749999999998,239.0246,46953.0,53171.0,Echolocation,Pipistrellus pipistrellus,0.34,0.345,-1,192000.0,/mnt/ubna_data_05/recover-20250317/UBNA_026/20250317_032000.WAV,recover-20250317,UBNA_026,Central Pond
HF,44160.0,14.589902880780867,239.1855,239.1948,43515.0,61878.0,Echolocation,Pipistrellus pipistrellus,0.546,0.634,-1,192000.0,/mnt/ubna_data_05/recover-20250317/UBNA_026/20250317_032000.WAV,recover-20250317,UBNA_026,Central Pond
HF,46080.0,7.723929732681034,239.2845,239.2912,46093.0,54552.0,Echolocation,Pipistrellus pipistrellus,0.515,0.565,-1,192000.0,/mnt/ubna_data_05/recover-20250317/UBNA_026/20250317_032000.WAV,recover-20250317,UBNA_026,Central Pond
HF,45120.0,12.779979653687409,239.3745,239.3845,44375.0,62043.0,Echolocation,Pipistrellus pipistrellus,0.523,0.609,-1,192000.0,/mnt/ubna_data_05/recover-20250317/UBNA_026/20250317_032000.WAV,recover-20250317,UBNA_026,Central Pond
HF,46080.0,11.869383395040183,239.4635,239.473,45234.0,54848.0,Echolocation,Pipistrellus pipistrellus,0.417,0.465,-1,192000.0,/mnt/ubna_data_05/recover-20250317/UBNA_026/20250317_032000.WAV,recover-20250317,UBNA_026,Central Pond
HF,48000.0,4.088494730122428,239.5575,239.5632,46093.0,53374.0,Echolocation,Pipistrellus pipistrellus,0.422,0.433,-1,192000.0,/mnt/ubna_data_05/recover-20250317/UBNA_026/20250317_032000.WAV,recover-20250317,UBNA_026,Central Pond
HF,45120.0,10.205822404377798,239.7215,239.7294,44375.0,59315.0,Echolocation,Pipistrellus pipistrellus,0.547,0.617,-1,192000.0,/mnt/ubna_data_05/recover-20250317/UBNA_026/20250317_032000.WAV,recover-20250317,UBNA_026,Central Pond
HF,46080.0,6.338112572648038,239.8205,239.8273,45234.0,51727.0,Echolocation,Pipistrellus pipistrellus,0.546,0.565,-1,192000.0,/mnt/ubna_data_05/recover-20250317/UBNA_026/20250317_032000.WAV,recover-20250317,UBNA_026,Central Pond
HF,44160.0,12.02113517978136,239.9835,239.9892,43515.0,55549.0,Echolocation,Pipistrellus pipistrellus,0.599,0.65,-1,192000.0,/mnt/ubna_data_05/recover-20250317/UBNA_026/20250317_032000.WAV,recover-20250317,UBNA_026,Central Pond
HF,46080.0,3.8497147673961027,240.1695,240.1819,45234.0,49470.0,Echolocation,Pipistrellus pipistrellus,0.186,0.201,-1,192000.0,/mnt/ubna_data_05/recover-20250317/UBNA_026/20250317_032000.WAV,recover-20250317,UBNA_026,Central Pond
HF,46080.0,4.49200465391637,240.4325,240.44,44375.0,56549.0,Echolocation,Pipistrellus pipistrellus,0.282,0.34,-1,192000.0,/mnt/ubna_data_05/recover-20250317/UBNA_026/20250317_032000.WAV,recover-20250317,UBNA_026,Central Pond
HF,45120.0,6.770402118540117,240.7185,240.7257,43515.0,52386.0,Echolocation,Pipistrellus pipistrellus,0.476,0.556,-1,192000.0,/mnt/ubna_data_05/recover-20250317/UBNA_026/20250317_032000.WAV,recover-20250317,UBNA_026,Central Pond
HF,45120.0,3.6305248436409494,240.9895,241.0004,43515.0,48124.0,Echolocation,Pipistrellus pipistrellus,0.14,0.266,-1,192000.0,/mnt/ubna_data_05/recover-20250317/UBNA_026/20250317_032000.WAV,recover-20250317,UBNA_026,Central Pond
HF,44160.0,2.9752362014193556,241.4695,241.4781,44375.0,49498.0,Echolocation,Pipistrellus pipistrellus,0.239,0.246,-1,192000.0,/mnt/ubna_data_05/recover-20250317/UBNA_026/20250317_032000.WAV,recover-20250317,UBNA_026,Central Pond
HF,46080.0,2.3764926050297848,241.8345,241.8456,44375.0,51965.0,Echolocation,Pipistrellus pipistrellus,0.158,0.212,-1,192000.0,/mnt/ubna_data_05/recover-20250317/UBNA_026/20250317_032000.WAV,recover-20250317,UBNA_026,Central Pond
LF,29760.0,1.0579815863535746,286.7935,286.8024,28046.0,36197.0,Echolocation,Eptesicus serotinus,0.135,0.205,-1,192000.0,/mnt/ubna_data_05/recover-20250317/UBNA_026/20250317_032000.WAV,recover-20250317,UBNA_026,Central Pond
LF,24960.0,0.015210345110194413,205.7335,205.7485,24609.0,28640.0,Echolocation,Nyctalus leisleri,0.132,0.207,-1,192000.0,/mnt/ubna_data_05/recover-20250317/UBNA_026/20250317_035000.WAV,recover-20250317,UBNA_026,Central Pond
HF,46080.0,5.095098675759107,269.1325,269.1408,46093.0,54666.0,Echolocation,Pipistrellus pipistrellus,0.393,0.478,-1,192000.0,/mnt/ubna_data_05/recover-20250317/UBNA_026/20250317_035000.WAV,recover-20250317,UBNA_026,Central Pond
HF,46080.0,8.684097284609912,269.5035,269.5104,46093.0,53449.0,Echolocation,Pipistrellus pipistrellus,0.476,0.501,-1,192000.0,/mnt/ubna_data_05/recover-20250317/UBNA_026/20250317_035000.WAV,recover-20250317,UBNA_026,Central Pond
HF,46080.0,3.3064847254205687,269.5945,269.6019,43515.0,56893.0,Echolocation,Pipistrellus pipistrellus,0.246,0.308,-1,192000.0,/mnt/ubna_data_05/recover-20250317/UBNA_026/20250317_035000.WAV,recover-20250317,UBNA_026,Central Pond
HF,48000.0,7.64462803278761,269.6895,269.6961,46093.0,58489.0,Echolocation,Pipistrellus pipistrellus,0.316,0.403,-1,192000.0,/mnt/ubna_data_05/recover-20250317/UBNA_026/20250317_035000.WAV,recover-20250317,UBNA_026,Central Pond
HF,48000.0,2.1033950502908714,269.7825,269.7885,47812.0,59783.0,Echolocation,Pipistrellus pipistrellus,0.348,0.363,-1,192000.0,/mnt/ubna_data_05/recover-20250317/UBNA_026/20250317_035000.WAV,recover-20250317,UBNA_026,Central Pond
HF,47040.0,7.50506077629603,269.9475,269.9549,46093.0,57972.0,Echolocation,Pipistrellus pipistrellus,0.425,0.506,-1,192000.0,/mnt/ubna_data_05/recover-20250317/UBNA_026/20250317_035000.WAV,recover-20250317,UBNA_026,Central Pond
HF,47040.0,6.633919461143812,270.0445,270.0531,46093.0,56934.0,Echolocation,Pipistrellus pipistrellus,0.358,0.39,-1,192000.0,/mnt/ubna_data_05/recover-20250317/UBNA_026/20250317_035000.WAV,recover-20250317,UBNA_026,Central Pond
HF,48000.0,4.313519192706259,270.2195,270.2282,46093.0,55728.0,Echolocation,Pipistrellus pipistrellus,0.332,0.347,-1,192000.0,/mnt/ubna_data_05/recover-20250317/UBNA_026/20250317_035000.WAV,recover-20250317,UBNA_026,Central Pond
HF,48000.0,10.552895684648112,270.3165,270.324,46953.0,59965.0,Echolocation,Pipistrellus pipistrellus,0.411,0.47,-1,192000.0,/mnt/ubna_data_05/recover-20250317/UBNA_026/20250317_035000.WAV,recover-20250317,UBNA_026,Central Pond
HF,48000.0,3.875122828140693,270.4785,270.4859,47812.0,61140.0,Echolocation,Pipistrellus pipistrellus,0.47,0.56,-1,192000.0,/mnt/ubna_data_05/recover-20250317/UBNA_026/20250317_035000.WAV,recover-20250317,UBNA_026,Central Pond
HF,47040.0,12.906427584796777,270.6455,270.6544,45234.0,61014.0,Echolocation,Pipistrellus pipistrellus,0.467,0.579,-1,192000.0,/mnt/ubna_data_05/recover-20250317/UBNA_026/20250317_035000.WAV,recover-20250317,UBNA_026,Central Pond
HF,47040.0,12.406053141574429,270.7345,270.7436,45234.0,61249.0,Echolocation,Pipistrellus pipistrellus,0.37,0.556,-1,192000.0,/mnt/ubna_data_05/recover-20250317/UBNA_026/20250317_035000.WAV,recover-20250317,UBNA_026,Central Pond
HF,48000.0,11.677966323662044,270.8285,270.8369,46093.0,60899.0,Echolocation,Pipistrellus pipistrellus,0.33,0.439,-1,192000.0,/mnt/ubna_data_05/recover-20250317/UBNA_026/20250317_035000.WAV,recover-20250317,UBNA_026,Central Pond
HF,48000.0,12.320530782393252,270.9195,270.926,46093.0,61079.0,Echolocation,Pipistrellus pipistrellus,0.481,0.553,-1,192000.0,/mnt/ubna_data_05/recover-20250317/UBNA_026/20250317_035000.WAV,recover-20250317,UBNA_026,Central Pond
HF,51840.0,13.38594556801954,271.0145,271.0222,44375.0,60632.0,Echolocation,Pipistrellus pipistrellus,0.444,0.515,-1,192000.0,/mnt/ubna_data_05/recover-20250317/UBNA_026/20250317_035000.WAV,recover-20250317,UBNA_026,Central Pond
HF,47040.0,13.444336482649577,271.1075,271.1155,43515.0,57193.0,Echolocation,Pipistrellus pipistrellus,0.433,0.586,-1,192000.0,/mnt/ubna_data_05/recover-20250317/UBNA_026/20250317_035000.WAV,recover-20250317,UBNA_026,Central Pond
HF,47040.0,19.431766855464737,271.2695,271.2775,44375.0,64362.0,Echolocation,Pipistrellus pipistrellus,0.399,0.522,-1,192000.0,/mnt/ubna_data_05/recover-20250317/UBNA_026/20250317_035000.WAV,recover-20250317,UBNA_026,Central Pond
HF,47040.0,15.575736392415314,271.3645,271.3707,42656.0,61934.0,Echolocation,Pipistrellus pipistrellus,0.316,0.571,-1,192000.0,/mnt/ubna_data_05/recover-20250317/UBNA_026/20250317_035000.WAV,recover-20250317,UBNA_026,Central Pond
HF,53760.0,20.22533863038378,271.5375,271.5452,44375.0,63262.0,Echolocation,Pipistrellus pipistrellus,0.483,0.564,-1,192000.0,/mnt/ubna_data_05/recover-20250317/UBNA_026/20250317_035000.WAV,recover-20250317,UBNA_026,Central Pond
HF,46080.0,13.009112149586848,271.6315,271.6375,43515.0,59323.0,Echolocation,Pipistrellus pipistrellus,0.5,0.567,-1,192000.0,/mnt/ubna_data_05/recover-20250317/UBNA_026/20250317_035000.WAV,recover-20250317,UBNA_026,Central Pond
HF,52800.0,23.374435345003945,271.7985,271.8055,46093.0,68325.0,Echolocation,Pipistrellus pipistrellus,0.416,0.467,-1,192000.0,/mnt/ubna_data_05/recover-20250317/UBNA_026/20250317_035000.WAV,recover-20250317,UBNA_026,Central Pond
HF,46080.0,13.105510772115396,271.8985,271.9075,45234.0,59453.0,Echolocation,Pipistrellus pipistrellus,0.442,0.562,-1,192000.0,/mnt/ubna_data_05/recover-20250317/UBNA_026/20250317_035000.WAV,recover-20250317,UBNA_026,Central Pond
HF,47040.0,24.768595201370402,272.0705,272.0777,46093.0,62517.0,Echolocation,Pipistrellus pipistrellus,0.538,0.592,-1,192000.0,/mnt/ubna_data_05/recover-20250317/UBNA_026/20250317_035000.WAV,recover-20250317,UBNA_026,Central Pond
HF,47040.0,15.060220207240476,272.1625,272.1682,45234.0,59999.0,Echolocation,Pipistrellus pipistrellus,0.506,0.527,-1,192000.0,/mnt/ubna_data_05/recover-20250317/UBNA_026/20250317_035000.WAV,recover-20250317,UBNA_026,Central Pond
HF,48000.0,32.18697816642781,272.3325,272.3385,46953.0,68082.0,Echolocation,Pipistrellus pipistrellus,0.471,0.487,-1,192000.0,/mnt/ubna_data_05/recover-20250317/UBNA_026/20250317_035000.WAV,recover-20250317,UBNA_026,Central Pond
HF,47040.0,28.907121627974355,272.3335,272.3397,40078.0,84681.0,Echolocation,Myotis alcathoe,0.084,0.243,-1,192000.0,/mnt/ubna_data_05/recover-20250317/UBNA_026/20250317_035000.WAV,recover-20250317,UBNA_026,Central Pond
HF,47040.0,23.78958713918978,272.4295,272.4347,45234.0,65225.0,Echolocation,Pipistrellus pipistrellus,0.447,0.492,-1,192000.0,/mnt/ubna_data_05/recover-20250317/UBNA_026/20250317_035000.WAV,recover-20250317,UBNA_026,Central Pond
HF,47040.0,26.91427661117413,272.5175,272.5267,46953.0,64712.0,Echolocation,Pipistrellus pipistrellus,0.386,0.415,-1,192000.0,/mnt/ubna_data_05/recover-20250317/UBNA_026/20250317_035000.WAV,recover-20250317,UBNA_026,Central Pond
HF,48000.0,8.955293072466425,272.6155,272.6212,46953.0,63928.0,Echolocation,Pipistrellus pipistrellus,0.498,0.501,-1,192000.0,/mnt/ubna_data_05/recover-20250317/UBNA_026/20250317_035000.WAV,recover-20250317,UBNA_026,Central Pond
HF,47040.0,12.647752367433654,272.7095,272.714,45234.0,59796.0,Echolocation,Pipistrellus pipistrellus,0.474,0.503,-1,192000.0,/mnt/ubna_data_05/recover-20250317/UBNA_026/20250317_035000.WAV,recover-20250317,UBNA_026,Central Pond
HF,48000.0,19.907601914278242,272.8065,272.8128,46953.0,64622.0,Echolocation,Pipistrellus pipistrellus,0.369,0.407,-1,192000.0,/mnt/ubna_data_05/recover-20250317/UBNA_026/20250317_035000.WAV,recover-20250317,UBNA_026,Central Pond
HF,50880.0,10.817143851902351,272.9145,272.9228,45234.0,60648.0,Echolocation,Pipistrellus pipistrellus,0.321,0.458,-1,192000.0,/mnt/ubna_data_05/recover-20250317/UBNA_026/20250317_035000.WAV,recover-20250317,UBNA_026,Central Pond
HF,51840.0,9.946170866461312,273.0765,273.0828,47812.0,66946.0,Echolocation,Pipistrellus pipistrellus,0.426,0.433,-1,192000.0,/mnt/ubna_data_05/recover-20250317/UBNA_026/20250317_035000.WAV,recover-20250317,UBNA_026,Central Pond
HF,47040.0,30.37292200127679,273.1685,273.1748,46093.0,68311.0,Echolocation,Pipistrellus pipistrellus,0.498,0.536,-1,192000.0,/mnt/ubna_data_05/recover-20250317/UBNA_026/20250317_035000.WAV,recover-20250317,UBNA_026,Central Pond
HF,46080.0,18.509900167484,273.2575,273.2642,44375.0,62221.0,Echolocation,Pipistrellus pipistrellus,0.243,0.471,-1,192000.0,/mnt/ubna_data_05/recover-20250317/UBNA_026/20250317_035000.WAV,recover-20250317,UBNA_026,Central Pond
HF,48000.0,26.637589585516128,273.3555,273.362,46093.0,70092.0,Echolocation,Pipistrellus pipistrellus,0.346,0.366,-1,192000.0,/mnt/ubna_data_05/recover-20250317/UBNA_026/20250317_035000.WAV,recover-20250317,UBNA_026,Central Pond
HF,48960.0,28.59968573994259,273.4505,273.4569,46953.0,67535.0,Echolocation,Pipistrellus pipistrellus,0.473,0.485,-1,192000.0,/mnt/ubna_data_05/recover-20250317/UBNA_026/20250317_035000.WAV,recover-20250317,UBNA_026,Central Pond
HF,48000.0,6.676957784857779,273.5465,273.5512,41796.0,61848.0,Echolocation,Pipistrellus pipistrellus,0.214,0.443,-1,192000.0,/mnt/ubna_data_05/recover-20250317/UBNA_026/20250317_035000.WAV,recover-20250317,UBNA_026,Central Pond
HF,47040.0,27.225798512255338,273.6435,273.6495,45234.0,64834.0,Echolocation,Pipistrellus pipistrellus,0.484,0.568,-1,192000.0,/mnt/ubna_data_05/recover-20250317/UBNA_026/20250317_035000.WAV,recover-20250317,UBNA_026,Central Pond
HF,46080.0,14.132123750312374,273.7415,273.7472,45234.0,58734.0,Echolocation,Pipistrellus pipistrellus,0.315,0.483,-1,192000.0,/mnt/ubna_data_05/recover-20250317/UBNA_026/20250317_035000.WAV,recover-20250317,UBNA_026,Central Pond
HF,45120.0,24.415069401991207,273.8355,273.8405,44375.0,69969.0,Echolocation,Pipistrellus pipistrellus,0.655,0.685,-1,192000.0,/mnt/ubna_data_05/recover-20250317/UBNA_026/20250317_035000.WAV,recover-20250317,UBNA_026,Central Pond
HF,46080.0,20.279509732394594,273.9245,273.9297,46093.0,66474.0,Echolocation,Pipistrellus pipistrellus,0.473,0.559,-1,192000.0,/mnt/ubna_data_05/recover-20250317/UBNA_026/20250317_035000.WAV,recover-20250317,UBNA_026,Central Pond
HF,46080.0,15.757820304000337,274.0045,274.0089,42656.0,58579.0,Echolocation,Pipistrellus pipistrellus,0.376,0.503,-1,192000.0,/mnt/ubna_data_05/recover-20250317/UBNA_026/20250317_035000.WAV,recover-20250317,UBNA_026,Central Pond
HF,46080.0,20.560218752063815,274.0945,274.1004,42656.0,62869.0,Echolocation,Pipistrellus pipistrellus,0.384,0.567,-1,192000.0,/mnt/ubna_data_05/recover-20250317/UBNA_026/20250317_035000.WAV,recover-20250317,UBNA_026,Central Pond
HF,45120.0,18.05672036962923,274.1855,274.1908,43515.0,61096.0,Echolocation,Pipistrellus pipistrellus,0.477,0.605,-1,192000.0,/mnt/ubna_data_05/recover-20250317/UBNA_026/20250317_035000.WAV,recover-20250317,UBNA_026,Central Pond
HF,45120.0,8.010226094665201,274.2725,274.2774,44375.0,55697.0,Echolocation,Pipistrellus pipistrellus,0.522,0.598,-1,192000.0,/mnt/ubna_data_05/recover-20250317/UBNA_026/20250317_035000.WAV,recover-20250317,UBNA_026,Central Pond
HF,47040.0,22.56480193510917,274.3605,274.3654,44375.0,60812.0,Echolocation,Pipistrellus pipistrellus,0.427,0.532,-1,192000.0,/mnt/ubna_data_05/recover-20250317/UBNA_026/20250317_035000.WAV,recover-20250317,UBNA_026,Central Pond
HF,47040.0,19.759526538940225,274.4485,274.4546,43515.0,64034.0,Echolocation,Pipistrellus pipistrellus,0.275,0.5,-1,192000.0,/mnt/ubna_data_05/recover-20250317/UBNA_026/20250317_035000.WAV,recover-20250317,UBNA_026,Central Pond
HF,46080.0,14.732577502949692,274.5415,274.5481,43515.0,59663.0,Echolocation,Pipistrellus pipistrellus,0.219,0.512,-1,192000.0,/mnt/ubna_data_05/recover-20250317/UBNA_026/20250317_035000.WAV,recover-20250317,UBNA_026,Central Pond
HF,46080.0,3.419774348574367,274.6355,274.6425,46093.0,55667.0,Echolocation,Pipistrellus pipistrellus,0.199,0.208,-1,192000.0,/mnt/ubna_data_05/recover-20250317/UBNA_026/20250317_035000.WAV,recover-20250317,UBNA_026,Central Pond
HF,47040.0,16.07293890072566,274.7305,274.7367,43515.0,63260.0,Echolocation,Pipistrellus pipistrellus,0.33,0.575,-1,192000.0,/mnt/ubna_data_05/recover-20250317/UBNA_026/20250317_035000.WAV,recover-20250317,UBNA_026,Central Pond
HF,46080.0,6.332569574691288,274.8985,274.9058,45234.0,55951.0,Echolocation,Pipistrellus pipistrellus,0.424,0.504,-1,192000.0,/mnt/ubna_data_05/recover-20250317/UBNA_026/20250317_035000.WAV,recover-20250317,UBNA_026,Central Pond
HF,51840.0,3.8796030279316307,275.2555,275.2611,44375.0,55801.0,Echolocation,Pipistrellus pipistrellus,0.359,0.4,-1,192000.0,/mnt/ubna_data_05/recover-20250317/UBNA_026/20250317_035000.WAV,recover-20250317,UBNA_026,Central Pond
HF,48960.0,3.162834905475644,275.3435,275.3494,47812.0,55311.0,Echolocation,Pipistrellus pipistrellus,0.257,0.265,-1,192000.0,/mnt/ubna_data_05/recover-20250317/UBNA_026/20250317_035000.WAV,recover-20250317,UBNA_026,Central Pond
HF,47040.0,5.326788836878467,275.5115,275.5177,45234.0,57896.0,Echolocation,Pipistrellus pipistrellus,0.139,0.263,-1,192000.0,/mnt/ubna_data_05/recover-20250317/UBNA_026/20250317_035000.WAV,recover-20250317,UBNA_026,Central Pond
HF,48000.0,9.06235211425599,275.5975,275.6049,43515.0,63605.0,Echolocation,Pipistrellus pipistrellus,0.218,0.422,-1,192000.0,/mnt/ubna_data_05/recover-20250317/UBNA_026/20250317_035000.WAV,recover-20250317,UBNA_026,Central Pond
LF,25920.0,0.7470578678164366,123.0885,123.1033,25468.0,29623.0,Echolocation,Nyctalus leisleri,0.129,0.212,-1,192000.0,/mnt/ubna_data_05/recover-20250317/UBNA_026/20250317_040000.WAV,recover-20250317,UBNA_026,Central Pond
LF,22080.0,0.9703611965484147,44.1895,44.2098,22890.0,26525.0,Echolocation,Nyctalus leisleri,0.137,0.207,-1,192000.0,/mnt/ubna_data_05/recover-20250317/UBNA_026/20250317_042000.WAV,recover-20250317,UBNA_026,Central Pond
LF,23040.0,0.18553775040468906,85.1895,85.2048,22890.0,27208.0,Echolocation,Nyctalus leisleri,0.12,0.238,-1,192000.0,/mnt/ubna_data_05/recover-20250317/UBNA_026/20250317_042000.WAV,recover-20250317,UBNA_026,Central Pond
LF,24000.0,1.491760052687455,23.7845,23.7979,23750.0,27931.0,Echolocation,Nyctalus leisleri,0.141,0.287,-1,192000.0,/mnt/ubna_data_05/recover-20250317/UBNA_026/20250317_043000.WAV,recover-20250317,UBNA_026,Central Pond
LF,26880.0,8.322232931062727,206.1045,206.1196,24609.0,29585.0,Echolocation,Nyctalus leisleri,0.127,0.276,-1,192000.0,/mnt/ubna_data_05/recover-20250317/UBNA_026/20250317_043000.WAV,recover-20250317,UBNA_026,Central Pond
LF,26880.0,0.5961331619611729,27.9665,27.9761,27187.0,34465.0,Echolocation,Eptesicus serotinus,0.128,0.206,-1,192000.0,/mnt/ubna_data_05/recover-20250317/UBNA_026/20250317_044000.WAV,recover-20250317,UBNA_026,Central Pond
LF,25920.0,0.6705974994631201,170.4745,170.4882,25468.0,29526.0,Echolocation,Nyctalus leisleri,0.123,0.22,-1,192000.0,/mnt/ubna_data_05/recover-20250317/UBNA_026/20250317_050000.WAV,recover-20250317,UBNA_026,Central Pond
LF,20160.0,0.3535503618510084,35.0435,35.0625,19453.0,23573.0,Echolocation,Nyctalus noctula,0.185,0.273,-1,192000.0,/mnt/ubna_data_05/recover-20250317/UBNA_026/20250317_051000.WAV,recover-20250317,UBNA_026,Central Pond
LF,24000.0,1.9524355273234293,114.6215,114.6288,22031.0,31693.0,Echolocation,Plecotus austriacus,0.086,0.2,-1,192000.0,/mnt/ubna_data_05/recover-20250317/UBNA_026/20250317_051000.WAV,recover-20250317,UBNA_026,Central Pond
LF,29760.0,4.084411057746236,118.8515,118.8606,28046.0,34942.0,Echolocation,Eptesicus serotinus,0.205,0.305,-1,192000.0,/mnt/ubna_data_05/recover-20250317/UBNA_026/20250317_060000.WAV,recover-20250317,UBNA_026,Central Pond
LF,21120.0,0.9344851513460989,178.3865,178.4072,21171.0,24812.0,Echolocation,Nyctalus leisleri,0.111,0.201,-1,192000.0,/mnt/ubna_data_05/recover-20250317/UBNA_026/20250317_060000.WAV,recover-20250317,UBNA_026,Central Pond
HF,45120.0,1.5211233140314848,269.1795,269.1947,44375.0,47391.0,Echolocation,Pipistrellus pipistrellus,0.247,0.287,-1,192000.0,/mnt/ubna_data_05/recover-20250317/UBNA_026/20250317_061000.WAV,recover-20250317,UBNA_026,Central Pond
LF,25920.0,0.40055918044701,190.8515,190.8669,25468.0,29657.0,Echolocation,Nyctalus leisleri,0.127,0.215,-1,192000.0,/mnt/ubna_data_05/recover-20250317/UBNA_026/20250317_062000.WAV,recover-20250317,UBNA_026,Central Pond
LF,23040.0,0.8623580287733691,87.5755,87.5909,23750.0,28409.0,Echolocation,Nyctalus leisleri,0.107,0.204,-1,192000.0,/mnt/ubna_data_05/recover-20250317/UBNA_026/20250317_064000.WAV,recover-20250317,UBNA_026,Central Pond
HF,48000.0,3.4675876078314904,198.70850000000002,198.7135,45234.0,55855.0,Echolocation,Pipistrellus pipistrellus,0.382,0.456,-1,192000.0,/mnt/ubna_data_05/recover-20250317/UBNA_026/20250317_065000.WAV,recover-20250317,UBNA_026,Central Pond
HF,48000.0,4.160237306193009,198.8825,198.888,46953.0,58372.0,Echolocation,Pipistrellus pipistrellus,0.275,0.375,-1,192000.0,/mnt/ubna_data_05/recover-20250317/UBNA_026/20250317_065000.WAV,recover-20250317,UBNA_026,Central Pond
HF,53760.0,3.803792714834187,198.9745,198.9793,44375.0,57076.0,Echolocation,Pipistrellus pipistrellus,0.281,0.512,-1,192000.0,/mnt/ubna_data_05/recover-20250317/UBNA_026/20250317_065000.WAV,recover-20250317,UBNA_026,Central Pond
HF,47040.0,4.452464072236626,199.0645,199.0688,43515.0,61477.0,Echolocation,Myotis alcathoe,0.134,0.372,-1,192000.0,/mnt/ubna_data_05/recover-20250317/UBNA_026/20250317_065000.WAV,recover-20250317,UBNA_026,Central Pond
HF,47040.0,4.870054506102047,199.1575,199.1626,43515.0,56638.0,Echolocation,Pipistrellus pipistrellus,0.15,0.37,-1,192000.0,/mnt/ubna_data_05/recover-20250317/UBNA_026/20250317_065000.WAV,recover-20250317,UBNA_026,Central Pond
HF,52800.0,5.369833278279234,199.2425,199.2491,47812.0,62982.0,Echolocation,Pipistrellus pipistrellus,0.143,0.248,-1,192000.0,/mnt/ubna_data_05/recover-20250317/UBNA_026/20250317_065000.WAV,recover-20250317,UBNA_026,Central Pond
HF,49920.0,5.9039633875464705,199.3395,199.3442,43515.0,58057.0,Echolocation,Pipistrellus pipistrellus,0.214,0.461,-1,192000.0,/mnt/ubna_data_05/recover-20250317/UBNA_026/20250317_065000.WAV,recover-20250317,UBNA_026,Central Pond
HF,52800.0,6.861868829002763,199.4295,199.4363,51250.0,59458.0,Echolocation,Pipistrellus pipistrellus,0.166,0.258,-1,192000.0,/mnt/ubna_data_05/recover-20250317/UBNA_026/20250317_065000.WAV,recover-20250317,UBNA_026,Central Pond
HF,52800.0,6.9107070165457385,199.4305,199.4351,46093.0,59846.0,Echolocation,Pipistrellus pipistrellus,0.166,0.321,-1,192000.0,/mnt/ubna_data_05/recover-20250317/UBNA_026/20250317_065000.WAV,recover-20250317,UBNA_026,Central Pond
HF,51840.0,10.670689877739692,199.5215,199.5275,45234.0,60400.0,Echolocation,Pipistrellus pipistrellus,0.225,0.484,-1,192000.0,/mnt/ubna_data_05/recover-20250317/UBNA_026/20250317_065000.WAV,recover-20250317,UBNA_026,Central Pond
HF,47040.0,9.17463172086454,199.6805,199.6861,45234.0,63303.0,Echolocation,Pipistrellus pipistrellus,0.282,0.503,-1,192000.0,/mnt/ubna_data_05/recover-20250317/UBNA_026/20250317_065000.WAV,recover-20250317,UBNA_026,Central Pond
HF,47040.0,8.906249190900226,199.7685,199.7746,45234.0,60113.0,Echolocation,Pipistrellus pipistrellus,0.209,0.513,-1,192000.0,/mnt/ubna_data_05/recover-20250317/UBNA_026/20250317_065000.WAV,recover-20250317,UBNA_026,Central Pond
HF,51840.0,11.566433128866231,199.8595,199.8641,43515.0,61627.0,Echolocation,Pipistrellus pipistrellus,0.222,0.52,-1,192000.0,/mnt/ubna_data_05/recover-20250317/UBNA_026/20250317_065000.WAV,recover-20250317,UBNA_026,Central Pond
HF,48000.0,8.50491857200287,199.9415,199.9486,46953.0,56857.0,Echolocation,Pipistrellus pipistrellus,0.388,0.444,-1,192000.0,/mnt/ubna_data_05/recover-20250317/UBNA_026/20250317_065000.WAV,recover-20250317,UBNA_026,Central Pond
HF,52800.0,11.87763517355371,200.0275,200.0323,46093.0,61993.0,Echolocation,Pipistrellus pipistrellus,0.144,0.394,-1,192000.0,/mnt/ubna_data_05/recover-20250317/UBNA_026/20250317_065000.WAV,recover-20250317,UBNA_026,Central Pond
HF,51840.0,8.127669369032251,200.1125,200.11860000000001,45234.0,57395.0,Echolocation,Pipistrellus nathusii,0.055,0.216,-1,192000.0,/mnt/ubna_data_05/recover-20250317/UBNA_026/20250317_065000.WAV,recover-20250317,UBNA_026,Central Pond
HF,53760.0,11.171495954644652,200.1945,200.2009,46953.0,65357.0,Echolocation,Pipistrellus pipistrellus,0.221,0.453,-1,192000.0,/mnt/ubna_data_05/recover-20250317/UBNA_026/20250317_065000.WAV,recover-20250317,UBNA_026,Central Pond
HF,49920.0,5.585717734344176,200.2825,200.28640000000001,48671.0,55797.0,Echolocation,Pipistrellus pipistrellus,0.289,0.341,-1,192000.0,/mnt/ubna_data_05/recover-20250317/UBNA_026/20250317_065000.WAV,recover-20250317,UBNA_026,Central Pond
HF,47040.0,13.039145174877918,200.3645,200.3713,45234.0,62123.0,Echolocation,Pipistrellus pipistrellus,0.148,0.419,-1,192000.0,/mnt/ubna_data_05/recover-20250317/UBNA_026/20250317_065000.WAV,recover-20250317,UBNA_026,Central Pond
HF,48960.0,6.753430219119821,200.4515,200.457,47812.0,55770.0,Echolocation,Pipistrellus pipistrellus,0.203,0.308,-1,192000.0,/mnt/ubna_data_05/recover-20250317/UBNA_026/20250317_065000.WAV,recover-20250317,UBNA_026,Central Pond
HF,52800.0,8.29380768853741,200.5345,200.5389,46093.0,60703.0,Echolocation,Pipistrellus pipistrellus,0.077,0.29,-1,192000.0,/mnt/ubna_data_05/recover-20250317/UBNA_026/20250317_065000.WAV,recover-20250317,UBNA_026,Central Pond
HF,51840.0,7.0835914983981,200.6135,200.6187,48671.0,56239.0,Echolocation,Pipistrellus pipistrellus,0.235,0.322,-1,192000.0,/mnt/ubna_data_05/recover-20250317/UBNA_026/20250317_065000.WAV,recover-20250317,UBNA_026,Central Pond
HF,50880.0,13.81418731869843,200.6885,200.6913,49531.0,60828.0,Echolocation,Myotis mystacinus,0.121,0.37,-1,192000.0,/mnt/ubna_data_05/recover-20250317/UBNA_026/20250317_065000.WAV,recover-20250317,UBNA_026,Central Pond
HF,53760.0,8.716652408864881,200.7685,200.7725,44375.0,59948.0,Echolocation,Myotis brandtii,0.082,0.262,-1,192000.0,/mnt/ubna_data_05/recover-20250317/UBNA_026/20250317_065000.WAV,recover-20250317,UBNA_026,Central Pond
HF,52800.0,11.632849874876623,200.8475,200.8522,43515.0,65810.0,Echolocation,Myotis brandtii,0.116,0.297,-1,192000.0,/mnt/ubna_data_05/recover-20250317/UBNA_026/20250317_065000.WAV,recover-20250317,UBNA_026,Central Pond
HF,51840.0,10.09427943172398,200.9265,200.9384,51250.0,55576.0,Echolocation,Pipistrellus pygmaeus,0.166,0.235,-1,192000.0,/mnt/ubna_data_05/recover-20250317/UBNA_026/20250317_065000.WAV,recover-20250317,UBNA_026,Central Pond
HF,52800.0,9.157607468966894,200.9275,200.9315,42656.0,58187.0,Echolocation,Myotis brandtii,0.127,0.265,-1,192000.0,/mnt/ubna_data_05/recover-20250317/UBNA_026/20250317_065000.WAV,recover-20250317,UBNA_026,Central Pond
HF,53760.0,13.50124612705972,201.0125,201.0179,41796.0,71698.0,Echolocation,Myotis brandtii,0.159,0.461,-1,192000.0,/mnt/ubna_data_05/recover-20250317/UBNA_026/20250317_065000.WAV,recover-20250317,UBNA_026,Central Pond
HF,51840.0,6.560227494513388,201.1015,201.1063,42656.0,65668.0,Echolocation,Myotis brandtii,0.128,0.26,-1,192000.0,/mnt/ubna_data_05/recover-20250317/UBNA_026/20250317_065000.WAV,recover-20250317,UBNA_026,Central Pond
HF,51840.0,18.239823216210258,201.1875,201.1926,41796.0,69286.0,Echolocation,Myotis alcathoe,0.09,0.262,-1,192000.0,/mnt/ubna_data_05/recover-20250317/UBNA_026/20250317_065000.WAV,recover-20250317,UBNA_026,Central Pond
HF,51840.0,13.185215884128596,201.2775,201.2829,42656.0,60036.0,Echolocation,Pipistrellus nathusii,0.124,0.366,-1,192000.0,/mnt/ubna_data_05/recover-20250317/UBNA_026/20250317_065000.WAV,recover-20250317,UBNA_026,Central Pond
HF,53760.0,19.057440014067282,201.3555,201.3604,41796.0,71686.0,Echolocation,Myotis brandtii,0.131,0.335,-1,192000.0,/mnt/ubna_data_05/recover-20250317/UBNA_026/20250317_065000.WAV,recover-20250317,UBNA_026,Central Pond
HF,54720.0,14.94980429682392,201.4415,201.4474,44375.0,63606.0,Echolocation,Pipistrellus nathusii,0.152,0.386,-1,192000.0,/mnt/ubna_data_05/recover-20250317/UBNA_026/20250317_065000.WAV,recover-20250317,UBNA_026,Central Pond
HF,51840.0,5.9059066648094145,201.5355,201.5385,43515.0,58030.0,Echolocation,Myotis mystacinus,0.1,0.252,-1,192000.0,/mnt/ubna_data_05/recover-20250317/UBNA_026/20250317_065000.WAV,recover-20250317,UBNA_026,Central Pond
HF,53760.0,19.867406407201457,201.6255,201.6316,43515.0,66001.0,Echolocation,Pipistrellus pipistrellus,0.108,0.442,-1,192000.0,/mnt/ubna_data_05/recover-20250317/UBNA_026/20250317_065000.WAV,recover-20250317,UBNA_026,Central Pond
HF,47040.0,8.282225660385082,201.72050000000002,201.7268,46953.0,59382.0,Echolocation,Pipistrellus pipistrellus,0.182,0.375,-1,192000.0,/mnt/ubna_data_05/recover-20250317/UBNA_026/20250317_065000.WAV,recover-20250317,UBNA_026,Central Pond
HF,48000.0,24.515566901183515,201.8785,201.8847,45234.0,64526.0,Echolocation,Pipistrellus pipistrellus,0.427,0.539,-1,192000.0,/mnt/ubna_data_05/recover-20250317/UBNA_026/20250317_065000.WAV,recover-20250317,UBNA_026,Central Pond
HF,51840.0,25.38813876937177,201.9715,201.9779,40937.0,77791.0,Echolocation,Myotis alcathoe,0.127,0.405,-1,192000.0,/mnt/ubna_data_05/recover-20250317/UBNA_026/20250317_065000.WAV,recover-20250317,UBNA_026,Central Pond
HF,46080.0,8.878280908433215,202.0675,202.0742,45234.0,55851.0,Echolocation,Pipistrellus pipistrellus,0.47,0.504,-1,192000.0,/mnt/ubna_data_05/recover-20250317/UBNA_026/20250317_065000.WAV,recover-20250317,UBNA_026,Central Pond
HF,51840.0,22.502819317231936,202.1595,202.1672,42656.0,71212.0,Echolocation,Pipistrellus pipistrellus,0.202,0.375,-1,192000.0,/mnt/ubna_data_05/recover-20250317/UBNA_026/20250317_065000.WAV,recover-20250317,UBNA_026,Central Pond
HF,51840.0,20.21050047360431,202.3325,202.33859999999999,45234.0,61541.0,Echolocation,Pipistrellus pipistrellus,0.546,0.579,-1,192000.0,/mnt/ubna_data_05/recover-20250317/UBNA_026/20250317_065000.WAV,recover-20250317,UBNA_026,Central Pond
HF,47040.0,7.673480585966013,202.4335,202.4395,45234.0,55112.0,Echolocation,Pipistrellus pipistrellus,0.406,0.44,-1,192000.0,/mnt/ubna_data_05/recover-20250317/UBNA_026/20250317_065000.WAV,recover-20250317,UBNA_026,Central Pond
HF,47040.0,20.586731515535508,202.5325,202.5388,43515.0,60115.0,Echolocation,Pipistrellus pipistrellus,0.353,0.485,-1,192000.0,/mnt/ubna_data_05/recover-20250317/UBNA_026/20250317_065000.WAV,recover-20250317,UBNA_026,Central Pond
HF,47040.0,11.490261310408503,202.6305,202.6385,46093.0,55630.0,Echolocation,Pipistrellus pipistrellus,0.495,0.542,-1,192000.0,/mnt/ubna_data_05/recover-20250317/UBNA_026/20250317_065000.WAV,recover-20250317,UBNA_026,Central Pond
HF,51840.0,20.402158388581352,202.7395,202.7474,44375.0,66874.0,Echolocation,Pipistrellus pipistrellus,0.294,0.481,-1,192000.0,/mnt/ubna_data_05/recover-20250317/UBNA_026/20250317_065000.WAV,recover-20250317,UBNA_026,Central Pond
HF,47040.0,16.940045638511116,202.8435,202.84969999999998,43515.0,58344.0,Echolocation,Pipistrellus pipistrellus,0.271,0.503,-1,192000.0,/mnt/ubna_data_05/recover-20250317/UBNA_026/20250317_065000.WAV,recover-20250317,UBNA_026,Central Pond
HF,47040.0,29.372984583768034,202.9435,202.9491,45234.0,65384.0,Echolocation,Pipistrellus pipistrellus,0.508,0.547,-1,192000.0,/mnt/ubna_data_05/recover-20250317/UBNA_026/20250317_065000.WAV,recover-20250317,UBNA_026,Central Pond
HF,48000.0,8.72248428633825,203.0465,203.0517,41796.0,63853.0,Echolocation,Myotis daubentonii,0.198,0.439,-1,192000.0,/mnt/ubna_data_05/recover-20250317/UBNA_026/20250317_065000.WAV,recover-20250317,UBNA_026,Central Pond
HF,48000.0,27.862057626611136,203.1955,203.2028,45234.0,64795.0,Echolocation,Pipistrellus pipistrellus,0.433,0.471,-1,192000.0,/mnt/ubna_data_05/recover-20250317/UBNA_026/20250317_065000.WAV,recover-20250317,UBNA_026,Central Pond
HF,48000.0,16.49192565332531,203.1975,203.2038,39218.0,81275.0,Echolocation,Myotis daubentonii,0.109,0.358,-1,192000.0,/mnt/ubna_data_05/recover-20250317/UBNA_026/20250317_065000.WAV,recover-20250317,UBNA_026,Central Pond
HF,47040.0,11.272409434996128,203.2975,203.3026,44375.0,59593.0,Echolocation,Pipistrellus pipistrellus,0.52,0.595,-1,192000.0,/mnt/ubna_data_05/recover-20250317/UBNA_026/20250317_065000.WAV,recover-20250317,UBNA_026,Central Pond
HF,47040.0,21.212401486857555,203.3945,203.4,42656.0,68938.0,Echolocation,Pipistrellus pipistrellus,0.446,0.539,-1,192000.0,/mnt/ubna_data_05/recover-20250317/UBNA_026/20250317_065000.WAV,recover-20250317,UBNA_026,Central Pond
HF,48960.0,26.19684458039206,203.4935,203.5005,42656.0,80609.0,Echolocation,Pipistrellus pipistrellus,0.234,0.518,-1,192000.0,/mnt/ubna_data_05/recover-20250317/UBNA_026/20250317_065000.WAV,recover-20250317,UBNA_026,Central Pond
HF,47040.0,6.473221001617631,203.59550000000002,203.605,45234.0,59620.0,Echolocation,Pipistrellus pipistrellus,0.425,0.479,-1,192000.0,/mnt/ubna_data_05/recover-20250317/UBNA_026/20250317_065000.WAV,recover-20250317,UBNA_026,Central Pond
HF,53760.0,21.128705098535686,203.6885,203.6943,52968.0,63545.0,Echolocation,Pipistrellus pipistrellus,0.205,0.31,-1,192000.0,/mnt/ubna_data_05/recover-20250317/UBNA_026/20250317_065000.WAV,recover-20250317,UBNA_026,Central Pond
HF,46080.0,20.32430309679735,203.6895,203.6958,40078.0,75471.0,Echolocation,Myotis daubentonii,0.234,0.447,-1,192000.0,/mnt/ubna_data_05/recover-20250317/UBNA_026/20250317_065000.WAV,recover-20250317,UBNA_026,Central Pond
HF,46080.0,13.69015409165803,203.7855,203.79149999999998,40937.0,60189.0,Echolocation,Pipistrellus pipistrellus,0.184,0.567,-1,192000.0,/mnt/ubna_data_05/recover-20250317/UBNA_026/20250317_065000.WAV,recover-20250317,UBNA_026,Central Pond
HF,46080.0,14.48256099873937,203.9785,203.9836,42656.0,63788.0,Echolocation,Pipistrellus pipistrellus,0.172,0.555,-1,192000.0,/mnt/ubna_data_05/recover-20250317/UBNA_026/20250317_065000.WAV,recover-20250317,UBNA_026,Central Pond
HF,46080.0,3.7783029486704605,204.0745,204.0812,44375.0,55725.0,Echolocation,Pipistrellus pipistrellus,0.411,0.472,-1,192000.0,/mnt/ubna_data_05/recover-20250317/UBNA_026/20250317_065000.WAV,recover-20250317,UBNA_026,Central Pond
HF,46080.0,16.510024690784796,204.1725,204.1778,42656.0,58121.0,Echolocation,Pipistrellus pipistrellus,0.302,0.55,-1,192000.0,/mnt/ubna_data_05/recover-20250317/UBNA_026/20250317_065000.WAV,recover-20250317,UBNA_026,Central Pond
HF,46080.0,4.259808230891256,204.2765,204.2856,45234.0,50294.0,Echolocation,Pipistrellus pipistrellus,0.366,0.401,-1,192000.0,/mnt/ubna_data_05/recover-20250317/UBNA_026/20250317_065000.WAV,recover-20250317,UBNA_026,Central Pond
HF,46080.0,14.625206530742778,204.3835,204.3905,42656.0,58221.0,Echolocation,Pipistrellus pipistrellus,0.238,0.545,-1,192000.0,/mnt/ubna_data_05/recover-20250317/UBNA_026/20250317_065000.WAV,recover-20250317,UBNA_026,Central Pond
HF,46080.0,3.7515547721106413,204.5885,204.5961,46093.0,55234.0,Echolocation,Pipistrellus pipistrellus,0.229,0.25,-1,192000.0,/mnt/ubna_data_05/recover-20250317/UBNA_026/20250317_065000.WAV,recover-20250317,UBNA_026,Central Pond
HF,46080.0,15.653864411209264,204.6815,204.688,44375.0,59822.0,Echolocation,Pipistrellus pipistrellus,0.367,0.654,-1,192000.0,/mnt/ubna_data_05/recover-20250317/UBNA_026/20250317_065000.WAV,recover-20250317,UBNA_026,Central Pond
HF,46080.0,10.978809837803281,204.8735,204.8802,44375.0,58293.0,Echolocation,Pipistrellus pipistrellus,0.386,0.53,-1,192000.0,/mnt/ubna_data_05/recover-20250317/UBNA_026/20250317_065000.WAV,recover-20250317,UBNA_026,Central Pond
LF,23040.0,0.45542339849241836,245.2965,245.3164,23750.0,27614.0,Echolocation,Nyctalus leisleri,0.157,0.225,-1,192000.0,/mnt/ubna_data_05/recover-20250317/UBNA_026/20250317_070000.WAV,recover-20250317,UBNA_026,Central Pond
LF,29760.0,0.898361326481144,108.1995,108.2124,28906.0,34009.0,Echolocation,Eptesicus serotinus,0.179,0.328,-1,192000.0,/mnt/ubna_data_05/recover-20250317/UBNA_026/20250317_072000.WAV,recover-20250317,UBNA_026,Central Pond
LF,21120.0,-0.009456043920813841,152.8345,152.8516,20312.0,23386.0,Echolocation,Nyctalus leisleri,0.194,0.263,-1,192000.0,/mnt/ubna_data_05/recover-20250317/UBNA_026/20250317_073000.WAV,recover-20250317,UBNA_026,Central Pond
HF,46080.0,1.4610348371839086,69.0055,69.0154,44375.0,49054.0,Echolocation,Pipistrellus pipistrellus,0.213,0.236,-1,192000.0,/mnt/ubna_data_05/recover-20250317/UBNA_026/20250317_074000.WAV,recover-20250317,UBNA_026,Central Pond
LF,23040.0,0.6121423701294989,230.9605,230.97469999999998,22890.0,27083.0,Echolocation,Nyctalus leisleri,0.099,0.206,-1,192000.0,/mnt/ubna_data_05/recover-20250317/UBNA_026/20250317_074000.WAV,recover-20250317,UBNA_026,Central Pond
LF,22080.0,0.597346323351613,237.1285,237.1464,22890.0,25942.0,Echolocation,Nyctalus leisleri,0.197,0.234,-1,192000.0,/mnt/ubna_data_05/recover-20250317/UBNA_026/20250317_075000.WAV,recover-20250317,UBNA_026,Central Pond
LF,25920.0,1.6177053641896986,240.3845,240.3966,25468.0,31105.0,Echolocation,Eptesicus serotinus,0.117,0.233,-1,192000.0,/mnt/ubna_data_05/recover-20250317/UBNA_026/20250317_081000.WAV,recover-20250317,UBNA_026,Central Pond
LF,25920.0,0.16613351542374827,228.2485,228.2654,25468.0,29504.0,Echolocation,Nyctalus leisleri,0.155,0.239,-1,192000.0,/mnt/ubna_data_05/recover-20250317/UBNA_026/20250317_083000.WAV,recover-20250317,UBNA_026,Central Pond
HF,42240.0,3.2708088067806163,241.1175,241.1345,41796.0,44588.0,Echolocation,Pipistrellus nathusii,0.177,0.253,-1,192000.0,/mnt/ubna_data_05/recover-20250317/UBNA_026/20250317_084000.WAV,recover-20250317,UBNA_026,Central Pond
LF,22080.0,0.033274584157979535,254.1095,254.1247,21171.0,27538.0,Echolocation,Nyctalus noctula,0.119,0.217,-1,192000.0,/mnt/ubna_data_05/recover-20250317/UBNA_026/20250317_084000.WAV,recover-20250317,UBNA_026,Central Pond
LF,28800.0,1.0050086180735398,250.9805,250.9922,27187.0,32805.0,Echolocation,Eptesicus serotinus,0.133,0.221,-1,192000.0,/mnt/ubna_data_05/recover-20250317/UBNA_026/20250317_090000.WAV,recover-20250317,UBNA_026,Central Pond
LF,20160.0,1.2956007655755062,243.5785,243.6001,20312.0,23317.0,Echolocation,Nyctalus noctula,0.129,0.224,-1,192000.0,/mnt/ubna_data_05/recover-20250317/UBNA_026/20250317_091000.WAV,recover-20250317,UBNA_026,Central Pond
HF,53760.0,3.206141523972439,3.8665,3.8731,47812.0,60572.0,Echolocation,Pipistrellus pipistrellus,0.265,0.327,-1,192000.0,/mnt/ubna_data_05/recover-20250317/UBNA_026/20250317_094000.WAV,recover-20250317,UBNA_026,Central Pond
HF,51840.0,5.706030347465383,4.0295,4.0368,49531.0,57534.0,Echolocation,Pipistrellus pipistrellus,0.298,0.405,-1,192000.0,/mnt/ubna_data_05/recover-20250317/UBNA_026/20250317_094000.WAV,recover-20250317,UBNA_026,Central Pond
HF,51840.0,6.4945087329435,4.1275,4.1353,46953.0,58014.0,Echolocation,Pipistrellus pipistrellus,0.39,0.477,-1,192000.0,/mnt/ubna_data_05/recover-20250317/UBNA_026/20250317_094000.WAV,recover-20250317,UBNA_026,Central Pond
HF,51840.0,6.255355244958162,4.2975,4.3053,51250.0,58614.0,Echolocation,Pipistrellus pipistrellus,0.285,0.441,-1,192000.0,/mnt/ubna_data_05/recover-20250317/UBNA_026/20250317_094000.WAV,recover-20250317,UBNA_026,Central Pond
HF,51840.0,7.674670817363719,4.3945,4.3998,49531.0,61214.0,Echolocation,Pipistrellus pipistrellus,0.4,0.499,-1,192000.0,/mnt/ubna_data_05/recover-20250317/UBNA_026/20250317_094000.WAV,recover-20250317,UBNA_026,Central Pond
HF,51840.0,8.333920506311957,4.4945,4.4996,48671.0,56959.0,Echolocation,Pipistrellus pipistrellus,0.359,0.422,-1,192000.0,/mnt/ubna_data_05/recover-20250317/UBNA_026/20250317_094000.WAV,recover-20250317,UBNA_026,Central Pond
HF,51840.0,7.859646962148323,4.5865,4.5919,49531.0,56697.0,Echolocation,Pipistrellus pipistrellus,0.39,0.464,-1,192000.0,/mnt/ubna_data_05/recover-20250317/UBNA_026/20250317_094000.WAV,recover-20250317,UBNA_026,Central Pond
HF,52800.0,7.74736023916859,4.6875,4.6937,49531.0,57586.0,Echolocation,Pipistrellus pipistrellus,0.283,0.442,-1,192000.0,/mnt/ubna_data_05/recover-20250317/UBNA_026/20250317_094000.WAV,recover-20250317,UBNA_026,Central Pond
HF,52800.0,8.550358022898617,4.7875,4.7939,48671.0,63496.0,Echolocation,Pipistrellus pipistrellus,0.39,0.485,-1,192000.0,/mnt/ubna_data_05/recover-20250317/UBNA_026/20250317_094000.WAV,recover-20250317,UBNA_026,Central Pond
HF,52800.0,10.007467771309065,4.8885,4.8954,49531.0,56934.0,Echolocation,Pipistrellus pipistrellus,0.353,0.44,-1,192000.0,/mnt/ubna_data_05/recover-20250317/UBNA_026/20250317_094000.WAV,recover-20250317,UBNA_026,Central Pond
HF,51840.0,10.963804254870183,5.0535,5.0598,49531.0,59718.0,Echolocation,Pipistrellus pipistrellus,0.314,0.421,-1,192000.0,/mnt/ubna_data_05/recover-20250317/UBNA_026/20250317_094000.WAV,recover-20250317,UBNA_026,Central Pond
HF,51840.0,6.717641957646766,5.1495,5.1559,51250.0,59665.0,Echolocation,Pipistrellus pipistrellus,0.279,0.463,-1,192000.0,/mnt/ubna_data_05/recover-20250317/UBNA_026/20250317_094000.WAV,recover-20250317,UBNA_026,Central Pond
HF,48960.0,12.355377476266643,5.3465,5.3536,48671.0,62570.0,Echolocation,Pipistrellus pipistrellus,0.477,0.576,-1,192000.0,/mnt/ubna_data_05/recover-20250317/UBNA_026/20250317_094000.WAV,recover-20250317,UBNA_026,Central Pond
HF,51840.0,8.370771391948791,5.4475,5.4558,46093.0,60363.0,Echolocation,Pipistrellus pipistrellus,0.322,0.44,-1,192000.0,/mnt/ubna_data_05/recover-20250317/UBNA_026/20250317_094000.WAV,recover-20250317,UBNA_026,Central Pond
HF,51840.0,10.989883071997255,5.6175,5.6287,46953.0,63178.0,Echolocation,Pipistrellus pipistrellus,0.319,0.6,-1,192000.0,/mnt/ubna_data_05/recover-20250317/UBNA_026/20250317_094000.WAV,recover-20250317,UBNA_026,Central Pond
HF,48960.0,7.805881725469854,5.7185,5.7263,47812.0,58067.0,Echolocation,Pipistrellus pipistrellus,0.466,0.554,-1,192000.0,/mnt/ubna_data_05/recover-20250317/UBNA_026/20250317_094000.WAV,recover-20250317,UBNA_026,Central Pond
HF,51840.0,12.045296505325943,5.8985,5.9043,48671.0,62040.0,Echolocation,Pipistrellus pipistrellus,0.479,0.554,-1,192000.0,/mnt/ubna_data_05/recover-20250317/UBNA_026/20250317_094000.WAV,recover-20250317,UBNA_026,Central Pond
HF,53760.0,4.414934624221515,6.0015,6.0066,48671.0,56216.0,Echolocation,Pipistrellus pipistrellus,0.22,0.277,-1,192000.0,/mnt/ubna_data_05/recover-20250317/UBNA_026/20250317_094000.WAV,recover-20250317,UBNA_026,Central Pond
HF,52800.0,8.6048934200376,6.2695,6.279,47812.0,61443.0,Echolocation,Pipistrellus pipistrellus,0.308,0.399,-1,192000.0,/mnt/ubna_data_05/recover-20250317/UBNA_026/20250317_094000.WAV,recover-20250317,UBNA_026,Central Pond
HF,48000.0,2.4066367023318107,6.3755,6.3849,48671.0,54381.0,Echolocation,Pipistrellus pipistrellus,0.208,0.239,-1,192000.0,/mnt/ubna_data_05/recover-20250317/UBNA_026/20250317_094000.WAV,recover-20250317,UBNA_026,Central Pond
HF,50880.0,7.3706913248226265,6.5545,6.561,47812.0,59804.0,Echolocation,Pipistrellus pipistrellus,0.435,0.469,-1,192000.0,/mnt/ubna_data_05/recover-20250317/UBNA_026/20250317_094000.WAV,recover-20250317,UBNA_026,Central Pond
HF,53760.0,4.41426860916617,6.8265,6.8326,48671.0,62734.0,Echolocation,Pipistrellus pipistrellus,0.512,0.577,-1,192000.0,/mnt/ubna_data_05/recover-20250317/UBNA_026/20250317_094000.WAV,recover-20250317,UBNA_026,Central Pond
HF,52800.0,4.182477660139568,7.0975,7.1037,50390.0,57258.0,Echolocation,Pipistrellus pipistrellus,0.313,0.361,-1,192000.0,/mnt/ubna_data_05/recover-20250317/UBNA_026/20250317_094000.WAV,recover-20250317,UBNA_026,Central Pond
LF,26880.0,-0.5508469875430207,133.5425,133.5523,27187.0,33805.0,Echolocation,Eptesicus serotinus,0.146,0.24,-1,192000.0,/mnt/ubna_data_05/recover-20250317/UBNA_026/20250317_094000.WAV,recover-20250317,UBNA_026,Central Pond
HF,48960.0,2.778292302624625,167.2805,167.2855,45234.0,58722.0,Echolocation,Pipistrellus pipistrellus,0.095,0.244,-1,192000.0,/mnt/ubna_data_05/recover-20250317/UBNA_026/20250317_094000.WAV,recover-20250317,UBNA_026,Central Pond
HF,49920.0,2.512654953528324,167.3555,167.3607,47812.0,56752.0,Echolocation,Pipistrellus pipistrellus,0.245,0.259,-1,192000.0,/mnt/ubna_data_05/recover-20250317/UBNA_026/20250317_094000.WAV,recover-20250317,UBNA_026,Central Pond
HF,52800.0,4.748390434790195,167.5945,167.5995,47812.0,59683.0,Echolocation,Pipistrellus pipistrellus,0.246,0.36,-1,192000.0,/mnt/ubna_data_05/recover-20250317/UBNA_026/20250317_094000.WAV,recover-20250317,UBNA_026,Central Pond
HF,48960.0,3.7791053733434303,167.6765,167.6826,47812.0,56946.0,Echolocation,Pipistrellus pipistrellus,0.281,0.302,-1,192000.0,/mnt/ubna_data_05/recover-20250317/UBNA_026/20250317_094000.WAV,recover-20250317,UBNA_026,Central Pond
HF,44160.0,2.9148359255999483,167.7615,167.7665,42656.0,56361.0,Echolocation,Pipistrellus nathusii,0.139,0.443,-1,192000.0,/mnt/ubna_data_05/recover-20250317/UBNA_026/20250317_094000.WAV,recover-20250317,UBNA_026,Central Pond
HF,45120.0,3.7663826699361946,167.8465,167.8513,42656.0,58207.0,Echolocation,Pipistrellus pipistrellus,0.096,0.414,-1,192000.0,/mnt/ubna_data_05/recover-20250317/UBNA_026/20250317_094000.WAV,recover-20250317,UBNA_026,Central Pond
HF,52800.0,6.059983448070455,167.9535,167.9581,45234.0,59640.0,Echolocation,Pipistrellus pipistrellus,0.212,0.464,-1,192000.0,/mnt/ubna_data_05/recover-20250317/UBNA_026/20250317_094000.WAV,recover-20250317,UBNA_026,Central Pond
HF,52800.0,3.5343217915520646,168.0135,168.0173,42656.0,61670.0,Echolocation,Myotis mystacinus,0.154,0.285,-1,192000.0,/mnt/ubna_data_05/recover-20250317/UBNA_026/20250317_094000.WAV,recover-20250317,UBNA_026,Central Pond
HF,47040.0,5.788589839733707,168.0915,168.0956,41796.0,59844.0,Echolocation,Myotis mystacinus,0.102,0.279,-1,192000.0,/mnt/ubna_data_05/recover-20250317/UBNA_026/20250317_094000.WAV,recover-20250317,UBNA_026,Central Pond
HF,52800.0,10.887106306379238,168.1655,168.17079999999999,42656.0,57526.0,Echolocation,Myotis daubentonii,0.185,0.559,-1,192000.0,/mnt/ubna_data_05/recover-20250317/UBNA_026/20250317_094000.WAV,recover-20250317,UBNA_026,Central Pond
HF,52800.0,7.2151029524173875,168.2255,168.2309,43515.0,56005.0,Echolocation,Pipistrellus pipistrellus,0.267,0.588,-1,192000.0,/mnt/ubna_data_05/recover-20250317/UBNA_026/20250317_094000.WAV,recover-20250317,UBNA_026,Central Pond
HF,52800.0,4.549560232993804,168.2825,168.2877,43515.0,57760.0,Echolocation,Myotis daubentonii,0.156,0.415,-1,192000.0,/mnt/ubna_data_05/recover-20250317/UBNA_026/20250317_094000.WAV,recover-20250317,UBNA_026,Central Pond
HF,45120.0,3.5264848000065587,168.2835,168.2879,32343.0,69696.0,Echolocation,Myotis daubentonii,0.115,0.225,-1,192000.0,/mnt/ubna_data_05/recover-20250317/UBNA_026/20250317_094000.WAV,recover-20250317,UBNA_026,Central Pond
HF,47040.0,3.236919895624312,168.4265,168.4313,44375.0,56990.0,Echolocation,Pipistrellus pipistrellus,0.113,0.394,-1,192000.0,/mnt/ubna_data_05/recover-20250317/UBNA_026/20250317_094000.WAV,recover-20250317,UBNA_026,Central Pond
HF,48960.0,4.641398267699271,168.4995,168.5061,45234.0,56280.0,Echolocation,Pipistrellus pipistrellus,0.375,0.498,-1,192000.0,/mnt/ubna_data_05/recover-20250317/UBNA_026/20250317_094000.WAV,recover-20250317,UBNA_026,Central Pond
HF,46080.0,3.256629010613037,169.0665,169.0729,44375.0,56298.0,Echolocation,Pipistrellus pipistrellus,0.257,0.491,-1,192000.0,/mnt/ubna_data_05/recover-20250317/UBNA_026/20250317_094000.WAV,recover-20250317,UBNA_026,Central Pond
HF,50880.0,4.25935359391992,206.0475,206.0519,45234.0,55817.0,Echolocation,Pipistrellus pipistrellus,0.237,0.294,-1,192000.0,/mnt/ubna_data_05/recover-20250317/UBNA_026/20250317_094000.WAV,recover-20250317,UBNA_026,Central Pond
HF,48960.0,2.996872989595248,269.4635,269.4676,46953.0,57841.0,Echolocation,Pipistrellus pipistrellus,0.319,0.363,-1,192000.0,/mnt/ubna_data_05/recover-20250317/UBNA_026/20250317_094000.WAV,recover-20250317,UBNA_026,Central Pond
HF,48000.0,2.2440681922922483,269.5315,269.5381,45234.0,53192.0,Echolocation,Pipistrellus pipistrellus,0.282,0.311,-1,192000.0,/mnt/ubna_data_05/recover-20250317/UBNA_026/20250317_094000.WAV,recover-20250317,UBNA_026,Central Pond
HF,52800.0,4.959757505917599,269.7835,269.7877,46093.0,59394.0,Echolocation,Pipistrellus pipistrellus,0.242,0.456,-1,192000.0,/mnt/ubna_data_05/recover-20250317/UBNA_026/20250317_094000.WAV,recover-20250317,UBNA_026,Central Pond
HF,47040.0,2.8113194206128114,269.8825,269.8871,45234.0,56979.0,Echolocation,Pipistrellus pipistrellus,0.327,0.47,-1,192000.0,/mnt/ubna_data_05/recover-20250317/UBNA_026/20250317_094000.WAV,recover-20250317,UBNA_026,Central Pond
HF,47040.0,4.933021370366988,269.9765,269.9823,44375.0,59062.0,Echolocation,Pipistrellus pipistrellus,0.274,0.447,-1,192000.0,/mnt/ubna_data_05/recover-20250317/UBNA_026/20250317_094000.WAV,recover-20250317,UBNA_026,Central Pond
HF,48960.0,4.51933444809245,270.0625,270.0678,46093.0,55839.0,Echolocation,Pipistrellus pipistrellus,0.367,0.413,-1,192000.0,/mnt/ubna_data_05/recover-20250317/UBNA_026/20250317_094000.WAV,recover-20250317,UBNA_026,Central Pond
HF,51840.0,4.056435355513008,270.1505,270.1555,44375.0,60690.0,Echolocation,Pipistrellus pipistrellus,0.111,0.334,-1,192000.0,/mnt/ubna_data_05/recover-20250317/UBNA_026/20250317_094000.WAV,recover-20250317,UBNA_026,Central Pond
HF,51840.0,5.167512108347987,270.2625,270.2663,46093.0,59967.0,Echolocation,Pipistrellus pipistrellus,0.176,0.405,-1,192000.0,/mnt/ubna_data_05/recover-20250317/UBNA_026/20250317_094000.WAV,recover-20250317,UBNA_026,Central Pond
HF,52800.0,7.009759471667425,270.3235,270.3282,44375.0,58551.0,Echolocation,Pipistrellus pipistrellus,0.25,0.56,-1,192000.0,/mnt/ubna_data_05/recover-20250317/UBNA_026/20250317_094000.WAV,recover-20250317,UBNA_026,Central Pond
HF,52800.0,9.76777350853503,270.4115,270.4167,45234.0,57903.0,Echolocation,Pipistrellus pipistrellus,0.441,0.586,-1,192000.0,/mnt/ubna_data_05/recover-20250317/UBNA_026/20250317_094000.WAV,recover-20250317,UBNA_026,Central Pond
HF,52800.0,8.942069419774077,270.4995,270.5048,44375.0,57156.0,Echolocation,Pipistrellus pipistrellus,0.346,0.576,-1,192000.0,/mnt/ubna_data_05/recover-20250317/UBNA_026/20250317_094000.WAV,recover-20250317,UBNA_026,Central Pond
HF,46080.0,8.559569657202548,270.5865,270.5922,44375.0,56800.0,Echolocation,Pipistrellus pipistrellus,0.26,0.663,-1,192000.0,/mnt/ubna_data_05/recover-20250317/UBNA_026/20250317_094000.WAV,recover-20250317,UBNA_026,Central Pond
HF,52800.0,5.080660600311514,270.6715,270.6759,43515.0,57273.0,Echolocation,Pipistrellus pipistrellus,0.133,0.456,-1,192000.0,/mnt/ubna_data_05/recover-20250317/UBNA_026/20250317_094000.WAV,recover-20250317,UBNA_026,Central Pond
HF,51840.0,9.341066342566496,270.7555,270.7601,45234.0,58045.0,Echolocation,Pipistrellus pipistrellus,0.363,0.54,-1,192000.0,/mnt/ubna_data_05/recover-20250317/UBNA_026/20250317_094000.WAV,recover-20250317,UBNA_026,Central Pond
HF,52800.0,10.88698033600961,270.8395,270.8446,45234.0,59382.0,Echolocation,Pipistrellus pipistrellus,0.146,0.397,-1,192000.0,/mnt/ubna_data_05/recover-20250317/UBNA_026/20250317_094000.WAV,recover-20250317,UBNA_026,Central Pond
HF,46080.0,6.9765347078716475,270.9235,270.929,44375.0,57965.0,Echolocation,Pipistrellus pipistrellus,0.229,0.512,-1,192000.0,/mnt/ubna_data_05/recover-20250317/UBNA_026/20250317_094000.WAV,recover-20250317,UBNA_026,Central Pond
HF,47040.0,3.692199258166062,271.0225,271.0273,46953.0,58269.0,Echolocation,Pipistrellus pipistrellus,0.245,0.33,-1,192000.0,/mnt/ubna_data_05/recover-20250317/UBNA_026/20250317_094000.WAV,recover-20250317,UBNA_026,Central Pond
HF,47040.0,5.019428937292681,271.1015,271.1076,46093.0,57598.0,Echolocation,Pipistrellus pipistrellus,0.191,0.318,-1,192000.0,/mnt/ubna_data_05/recover-20250317/UBNA_026/20250317_094000.WAV,recover-20250317,UBNA_026,Central Pond
HF,52800.0,3.280602387483722,271.1905,271.1964,46953.0,59140.0,Echolocation,Pipistrellus pipistrellus,0.137,0.219,-1,192000.0,/mnt/ubna_data_05/recover-20250317/UBNA_026/20250317_094000.WAV,recover-20250317,UBNA_026,Central Pond
HF,51840.0,3.533407171410624,271.2595,271.2639,46953.0,59051.0,Echolocation,Pipistrellus pipistrellus,0.163,0.249,-1,192000.0,/mnt/ubna_data_05/recover-20250317/UBNA_026/20250317_094000.WAV,recover-20250317,UBNA_026,Central Pond
HF,51840.0,5.457210648953099,271.3535,271.361,51250.0,58412.0,Echolocation,Pipistrellus pipistrellus,0.149,0.311,-1,192000.0,/mnt/ubna_data_05/recover-20250317/UBNA_026/20250317_094000.WAV,recover-20250317,UBNA_026,Central Pond
HF,51840.0,3.488018458914296,271.5225,271.5275,45234.0,58810.0,Echolocation,Pipistrellus pipistrellus,0.247,0.45,-1,192000.0,/mnt/ubna_data_05/recover-20250317/UBNA_026/20250317_094000.WAV,recover-20250317,UBNA_026,Central Pond
HF,44160.0,1.3771380113618301,35.4355,35.4472,41796.0,45965.0,Echolocation,Pipistrellus nathusii,0.158,0.208,-1,192000.0,/mnt/ubna_data_05/recover-20250317/UBNA_026/20250317_095000.WAV,recover-20250317,UBNA_026,Central Pond
LF,29760.0,0.3618727421419585,88.0595,88.0735,28906.0,33197.0,Echolocation,Eptesicus serotinus,0.103,0.201,-1,192000.0,/mnt/ubna_data_05/recover-20250317/UBNA_026/20250317_100000.WAV,recover-20250317,UBNA_026,Central Pond
HF,45120.0,0.7150208974373407,280.4955,280.5125,44375.0,47607.0,Echolocation,Pipistrellus pipistrellus,0.193,0.223,-1,192000.0,/mnt/ubna_data_05/recover-20250317/UBNA_026/20250317_101000.WAV,recover-20250317,UBNA_026,Central Pond
LF,27840.0,0.012501829272784919,13.9755,13.9874,26328.0,31449.0,Echolocation,Eptesicus serotinus,0.13,0.281,-1,192000.0,/mnt/ubna_data_05/recover-20250317/UBNA_026/20250317_102000.WAV,recover-20250317,UBNA_026,Central Pond
LF,26880.0,1.2734374483795223,36.7405,36.7559,26328.0,30595.0,Echolocation,Nyctalus leisleri,0.125,0.225,-1,192000.0,/mnt/ubna_data_05/recover-20250317/UBNA_026/20250317_103000.WAV,recover-20250317,UBNA_026,Central Pond
HF,71040.0,0.29702189248211464,58.1045,58.1511,68437.0,83648.0,Echolocation,Rhinolophus ferrumequinum,0.224,0.224,-1,192000.0,/mnt/ubna_data_05/recover-20250317/UBNA_026/20250317_103000.WAV,recover-20250317,UBNA_026,Central Pond
LF,29760.0,1.3058146117926839,104.2425,104.2542,29765.0,33598.0,Echolocation,Eptesicus serotinus,0.132,0.249,-1,192000.0,/mnt/ubna_data_05/recover-20250317/UBNA_026/20250317_104000.WAV,recover-20250317,UBNA_026,Central Pond
LF,24000.0,0.08497642744370183,16.3555,16.3692,23750.0,28253.0,Echolocation,Nyctalus leisleri,0.148,0.263,-1,192000.0,/mnt/ubna_data_05/recover-20250317/UBNA_026/20250317_110000.WAV,recover-20250317,UBNA_026,Central Pond
HF,45120.0,1.0091190443102727,35.9205,35.9356,43515.0,47020.0,Echolocation,Pipistrellus pipistrellus,0.247,0.312,-1,192000.0,/mnt/ubna_data_05/recover-20250317/UBNA_026/20250317_110000.WAV,recover-20250317,UBNA_026,Central Pond
LF,22080.0,-0.25479708671258877,41.8465,41.863,22890.0,26955.0,Echolocation,Nyctalus leisleri,0.156,0.221,-1,192000.0,/mnt/ubna_data_05/recover-20250317/UBNA_026/20250317_110000.WAV,recover-20250317,UBNA_026,Central Pond
HF,40320.0,0.8037327789816415,142.8665,142.8788,38359.0,42129.0,Echolocation,Pipistrellus nathusii,0.214,0.244,-1,192000.0,/mnt/ubna_data_05/recover-20250317/UBNA_026/20250317_110000.WAV,recover-20250317,UBNA_026,Central Pond
HF,42240.0,1.8563028568764164,248.0645,248.081,41796.0,44883.0,Echolocation,Pipistrellus nathusii,0.111,0.213,-1,192000.0,/mnt/ubna_data_05/recover-20250317/UBNA_026/20250317_110000.WAV,recover-20250317,UBNA_026,Central Pond
LF,23040.0,-0.11163519827182869,37.0775,37.0882,22031.0,29583.0,Echolocation,Nyctalus noctula,0.077,0.213,-1,192000.0,/mnt/ubna_data_05/recover-20250317/UBNA_026/20250317_111000.WAV,recover-20250317,UBNA_026,Central Pond
LF,21120.0,1.0507832661956753,185.4635,185.4841,18593.0,23397.0,Echolocation,Nyctalus noctula,0.162,0.227,-1,192000.0,/mnt/ubna_data_05/recover-20250317/UBNA_026/20250317_113000.WAV,recover-20250317,UBNA_026,Central Pond
HF,46080.0,2.3876468306169256,36.783500000000004,36.8044,45234.0,48319.0,Echolocation,Pipistrellus pipistrellus,0.206,0.229,-1,192000.0,/mnt/ubna_data_05/recover-20250317/UBNA_026/20250317_115000.WAV,recover-20250317,UBNA_026,Central Pond
LF,22080.0,7.541459881240958,229.9385,229.9438,18593.0,30277.0,Echolocation,Plecotus austriacus,0.183,0.239,-1,192000.0,/mnt/ubna_data_05/recover-20250317/UBNA_026/20250317_115000.WAV,recover-20250317,UBNA_026,Central Pond
LF,23040.0,0.11255663916638305,149.6515,149.6636,23750.0,28398.0,Echolocation,Nyctalus leisleri,0.104,0.224,-1,192000.0,/mnt/ubna_data_05/recover-20250317/UBNA_026/20250317_120000.WAV,recover-20250317,UBNA_026,Central Pond
LF,23040.0,1.0139021664942838,225.4355,225.452,22890.0,27782.0,Echolocation,Nyctalus leisleri,0.12,0.257,-1,192000.0,/mnt/ubna_data_05/recover-20250317/UBNA_026/20250317_120000.WAV,recover-20250317,UBNA_026,Central Pond
HF,44160.0,4.5804414038052546,219.0515,219.0697,43515.0,46684.0,Echolocation,Pipistrellus pipistrellus,0.14,0.258,-1,192000.0,/mnt/ubna_data_05/recover-20250317/UBNA_026/20250317_123000.WAV,recover-20250317,UBNA_026,Central Pond
LF,20160.0,0.32639373918728315,273.4335,273.4536,20312.0,24210.0,Echolocation,Nyctalus noctula,0.12,0.212,-1,192000.0,/mnt/ubna_data_05/recover-20250317/UBNA_026/20250317_123000.WAV,recover-20250317,UBNA_026,Central Pond
LF,28800.0,1.2903825693847786,279.0405,279.0507,27187.0,34126.0,Echolocation,Eptesicus serotinus,0.145,0.213,-1,192000.0,/mnt/ubna_data_05/recover-20250317/UBNA_026/20250317_123000.WAV,recover-20250317,UBNA_026,Central Pond
HF,46080.0,0.8678563764975029,99.6005,99.6094,46953.0,51287.0,Echolocation,Pipistrellus pipistrellus,0.2,0.213,-1,192000.0,/mnt/ubna_data_05/recover-20250317/UBNA_026/20250317_125000.WAV,recover-20250317,UBNA_026,Central Pond
LF,22080.0,0.30719496599549606,111.4735,111.4894,22031.0,25262.0,Echolocation,Nyctalus leisleri,0.179,0.24,-1,192000.0,/mnt/ubna_data_05/recover-20250317/UBNA_026/20250317_125000.WAV,recover-20250317,UBNA_026,Central Pond
LF,24960.0,0.765538847079717,124.9475,124.9592,24609.0,31394.0,Echolocation,Eptesicus serotinus,0.09,0.213,-1,192000.0,/mnt/ubna_data_05/recover-20250317/UBNA_026/20250317_125000.WAV,recover-20250317,UBNA_026,Central Pond
LF,21120.0,0.4428858871036879,242.7495,242.7682,21171.0,24434.0,Echolocation,Nyctalus noctula,0.103,0.21,-1,192000.0,/mnt/ubna_data_05/recover-20250317/UBNA_026/20250317_125000.WAV,recover-20250317,UBNA_026,Central Pond
LF,28800.0,-0.03911297585195587,84.4995,84.509,27187.0,33599.0,Echolocation,Eptesicus serotinus,0.138,0.219,-1,192000.0,/mnt/ubna_data_05/recover-20250317/UBNA_026/20250317_131000.WAV,recover-20250317,UBNA_026,Central Pond
LF,25920.0,-0.32627632186027816,179.5915,179.6016,26328.0,32986.0,Echolocation,Eptesicus serotinus,0.121,0.259,-1,192000.0,/mnt/ubna_data_05/recover-20250317/UBNA_026/20250317_132000.WAV,recover-20250317,UBNA_026,Central Pond
LF,21120.0,4.626867763989915,4.5285,4.5385,20312.0,26956.0,Echolocation,Nyctalus noctula,0.056,0.222,-1,192000.0,/mnt/ubna_data_05/recover-20250317/UBNA_026/20250317_134000.WAV,recover-20250317,UBNA_026,Central Pond
LF,23040.0,3.8597052819672357,31.0025,31.0109,20312.0,28820.0,Echolocation,Plecotus austriacus,0.093,0.263,-1,192000.0,/mnt/ubna_data_05/recover-20250317/UBNA_026/20250317_134000.WAV,recover-20250317,UBNA_026,Central Pond
LF,25920.0,0.09252398275803347,261.2435,261.2556,24609.0,28884.0,Echolocation,Nyctalus leisleri,0.097,0.208,-1,192000.0,/mnt/ubna_data_05/recover-20250317/UBNA_026/20250317_134000.WAV,recover-20250317,UBNA_026,Central Pond
LF,21120.0,2.520505613379215,42.9255,42.9461,20312.0,23754.0,Echolocation,Nyctalus leisleri,0.282,0.314,-1,192000.0,/mnt/ubna_data_05/recover-20250317/UBNA_026/20250317_135000.WAV,recover-20250317,UBNA_026,Central Pond
LF,21120.0,-0.44841372996039863,141.8395,141.85829999999999,22031.0,26329.0,Echolocation,Nyctalus noctula,0.088,0.212,-1,192000.0,/mnt/ubna_data_05/recover-20250317/UBNA_026/20250317_135000.WAV,recover-20250317,UBNA_026,Central Pond
LF,20160.0,4.25060564170723,156.8695,156.8923,20312.0,23590.0,Echolocation,Nyctalus leisleri,0.196,0.378,-1,192000.0,/mnt/ubna_data_05/recover-20250317/UBNA_026/20250317_135000.WAV,recover-20250317,UBNA_026,Central Pond
LF,21120.0,4.811227956965628,157.5045,157.5233,20312.0,23670.0,Echolocation,Nyctalus noctula,0.186,0.365,-1,192000.0,/mnt/ubna_data_05/recover-20250317/UBNA_026/20250317_135000.WAV,recover-20250317,UBNA_026,Central Pond
LF,21120.0,1.584182880562547,157.6905,157.7082,20312.0,24334.0,Echolocation,Nyctalus noctula,0.146,0.304,-1,192000.0,/mnt/ubna_data_05/recover-20250317/UBNA_026/20250317_135000.WAV,recover-20250317,UBNA_026,Central Pond
LF,21120.0,3.892037250014754,157.7855,157.80180000000001,20312.0,24280.0,Echolocation,Nyctalus leisleri,0.195,0.4,-1,192000.0,/mnt/ubna_data_05/recover-20250317/UBNA_026/20250317_135000.WAV,recover-20250317,UBNA_026,Central Pond
LF,21120.0,3.318726266745121,157.8775,157.8943,19453.0,22912.0,Echolocation,Nyctalus noctula,0.276,0.472,-1,192000.0,/mnt/ubna_data_05/recover-20250317/UBNA_026/20250317_135000.WAV,recover-20250317,UBNA_026,Central Pond
LF,21120.0,2.465222276045986,157.9685,157.9866,20312.0,23486.0,Echolocation,Nyctalus noctula,0.124,0.228,-1,192000.0,/mnt/ubna_data_05/recover-20250317/UBNA_026/20250317_135000.WAV,recover-20250317,UBNA_026,Central Pond
LF,21120.0,3.338304144625954,158.1455,158.1648,20312.0,23669.0,Echolocation,Nyctalus leisleri,0.107,0.233,-1,192000.0,/mnt/ubna_data_05/recover-20250317/UBNA_026/20250317_135000.WAV,recover-20250317,UBNA_026,Central Pond
LF,21120.0,2.4282805144241495,158.2345,158.2542,19453.0,23056.0,Echolocation,Nyctalus noctula,0.153,0.26,-1,192000.0,/mnt/ubna_data_05/recover-20250317/UBNA_026/20250317_135000.WAV,recover-20250317,UBNA_026,Central Pond
LF,21120.0,1.5375215416214831,182.6515,182.6771,20312.0,23772.0,Echolocation,Nyctalus leisleri,0.14,0.202,-1,192000.0,/mnt/ubna_data_05/recover-20250317/UBNA_026/20250317_135000.WAV,recover-20250317,UBNA_026,Central Pond
LF,20160.0,4.5338360358162975,183.4045,183.4201,19453.0,23858.0,Echolocation,Nyctalus noctula,0.269,0.385,-1,192000.0,/mnt/ubna_data_05/recover-20250317/UBNA_026/20250317_135000.WAV,recover-20250317,UBNA_026,Central Pond
LF,21120.0,2.3755549999177163,183.4945,183.5113,20312.0,24455.0,Echolocation,Nyctalus noctula,0.122,0.235,-1,192000.0,/mnt/ubna_data_05/recover-20250317/UBNA_026/20250317_135000.WAV,recover-20250317,UBNA_026,Central Pond
LF,20160.0,2.009089400665009,183.5875,183.6038,19453.0,23880.0,Echolocation,Nyctalus noctula,0.162,0.248,-1,192000.0,/mnt/ubna_data_05/recover-20250317/UBNA_026/20250317_135000.WAV,recover-20250317,UBNA_026,Central Pond
LF,21120.0,4.332979661446118,183.7625,183.782,20312.0,23524.0,Echolocation,Nyctalus noctula,0.168,0.278,-1,192000.0,/mnt/ubna_data_05/recover-20250317/UBNA_026/20250317_135000.WAV,recover-20250317,UBNA_026,Central Pond
LF,20160.0,4.130961836473259,183.8535,183.8717,19453.0,23857.0,Echolocation,Nyctalus noctula,0.235,0.36,-1,192000.0,/mnt/ubna_data_05/recover-20250317/UBNA_026/20250317_135000.WAV,recover-20250317,UBNA_026,Central Pond
LF,21120.0,2.0232271127813197,197.7885,197.8124,20312.0,24392.0,Echolocation,Nyctalus noctula,0.201,0.335,-1,192000.0,/mnt/ubna_data_05/recover-20250317/UBNA_026/20250317_135000.WAV,recover-20250317,UBNA_026,Central Pond
LF,21120.0,3.884799519499774,198.1885,198.2065,20312.0,23360.0,Echolocation,Nyctalus noctula,0.239,0.434,-1,192000.0,/mnt/ubna_data_05/recover-20250317/UBNA_026/20250317_135000.WAV,recover-20250317,UBNA_026,Central Pond
LF,21120.0,1.981921115856666,198.2825,198.3046,19453.0,23051.0,Echolocation,Nyctalus noctula,0.211,0.307,-1,192000.0,/mnt/ubna_data_05/recover-20250317/UBNA_026/20250317_135000.WAV,recover-20250317,UBNA_026,Central Pond
LF,21120.0,2.2509894974354645,198.6515,198.6675,19453.0,23637.0,Echolocation,Nyctalus noctula,0.144,0.222,-1,192000.0,/mnt/ubna_data_05/recover-20250317/UBNA_026/20250317_135000.WAV,recover-20250317,UBNA_026,Central Pond
LF,21120.0,3.568698201721257,198.7405,198.7585,18593.0,22902.0,Echolocation,Nyctalus noctula,0.202,0.309,-1,192000.0,/mnt/ubna_data_05/recover-20250317/UBNA_026/20250317_135000.WAV,recover-20250317,UBNA_026,Central Pond
LF,20160.0,2.6174011215990074,198.8295,198.8475,19453.0,22746.0,Echolocation,Nyctalus noctula,0.127,0.207,-1,192000.0,/mnt/ubna_data_05/recover-20250317/UBNA_026/20250317_135000.WAV,recover-20250317,UBNA_026,Central Pond
LF,21120.0,5.091912975495339,212.7805,212.7963,20312.0,24350.0,Echolocation,Nyctalus noctula,0.205,0.315,-1,192000.0,/mnt/ubna_data_05/recover-20250317/UBNA_026/20250317_135000.WAV,recover-20250317,UBNA_026,Central Pond
LF,21120.0,4.116895874095019,212.9685,212.9838,20312.0,24237.0,Echolocation,Nyctalus noctula,0.253,0.385,-1,192000.0,/mnt/ubna_data_05/recover-20250317/UBNA_026/20250317_135000.WAV,recover-20250317,UBNA_026,Central Pond
LF,21120.0,2.966689553415071,213.0605,213.0737,19453.0,24912.0,Echolocation,Nyctalus noctula,0.121,0.211,-1,192000.0,/mnt/ubna_data_05/recover-20250317/UBNA_026/20250317_135000.WAV,recover-20250317,UBNA_026,Central Pond
LF,20160.0,1.0800659604699172,238.2005,238.2255,20312.0,23449.0,Echolocation,Nyctalus noctula,0.125,0.223,-1,192000.0,/mnt/ubna_data_05/recover-20250317/UBNA_026/20250317_135000.WAV,recover-20250317,UBNA_026,Central Pond
LF,21120.0,3.127028453597545,250.4885,250.5056,20312.0,24039.0,Echolocation,Nyctalus noctula,0.21,0.386,-1,192000.0,/mnt/ubna_data_05/recover-20250317/UBNA_026/20250317_135000.WAV,recover-20250317,UBNA_026,Central Pond
LF,21120.0,3.084458886400539,264.0995,264.1179,20312.0,23238.0,Echolocation,Nyctalus leisleri,0.13,0.237,-1,192000.0,/mnt/ubna_data_05/recover-20250317/UBNA_026/20250317_135000.WAV,recover-20250317,UBNA_026,Central Pond
LF,21120.0,2.610888494267463,264.4665,264.4871,18593.0,22709.0,Echolocation,Nyctalus noctula,0.143,0.209,-1,192000.0,/mnt/ubna_data_05/recover-20250317/UBNA_026/20250317_135000.WAV,recover-20250317,UBNA_026,Central Pond
LF,20160.0,1.4096027675396527,264.5535,264.5766,19453.0,22431.0,Echolocation,Nyctalus noctula,0.109,0.203,-1,192000.0,/mnt/ubna_data_05/recover-20250317/UBNA_026/20250317_135000.WAV,recover-20250317,UBNA_026,Central Pond
LF,21120.0,1.813271743248536,276.9545,276.9794,20312.0,23274.0,Echolocation,Nyctalus noctula,0.129,0.227,-1,192000.0,/mnt/ubna_data_05/recover-20250317/UBNA_026/20250317_135000.WAV,recover-20250317,UBNA_026,Central Pond
LF,21120.0,4.35823165472415,277.6505,277.669,19453.0,24071.0,Echolocation,Nyctalus noctula,0.218,0.379,-1,192000.0,/mnt/ubna_data_05/recover-20250317/UBNA_026/20250317_135000.WAV,recover-20250317,UBNA_026,Central Pond
LF,21120.0,3.301685955006295,277.7425,277.7579,19453.0,23434.0,Echolocation,Nyctalus noctula,0.203,0.34,-1,192000.0,/mnt/ubna_data_05/recover-20250317/UBNA_026/20250317_135000.WAV,recover-20250317,UBNA_026,Central Pond
LF,20160.0,11.684232505387753,11.5695,11.595,20312.0,22869.0,Echolocation,Nyctalus noctula,0.111,0.211,-1,192000.0,/mnt/ubna_data_05/recover-20250317/UBNA_026/20250317_140000.WAV,recover-20250317,UBNA_026,Central Pond
LF,19200.0,6.572697968115665,12.3745,12.4017,16875.0,20447.0,Echolocation,Nyctalus noctula,0.305,0.397,-1,192000.0,/mnt/ubna_data_05/recover-20250317/UBNA_026/20250317_140000.WAV,recover-20250317,UBNA_026,Central Pond
LF,20160.0,7.427154812790867,12.4755,12.4971,18593.0,22400.0,Echolocation,Nyctalus noctula,0.256,0.443,-1,192000.0,/mnt/ubna_data_05/recover-20250317/UBNA_026/20250317_140000.WAV,recover-20250317,UBNA_026,Central Pond
LF,19200.0,8.339397878791715,12.5765,12.6037,17734.0,20669.0,Echolocation,Nyctalus noctula,0.333,0.448,-1,192000.0,/mnt/ubna_data_05/recover-20250317/UBNA_026/20250317_140000.WAV,recover-20250317,UBNA_026,Central Pond
LF,20160.0,14.954887686628522,53.4075,53.4356,19453.0,22085.0,Echolocation,Nyctalus noctula,0.152,0.289,-1,192000.0,/mnt/ubna_data_05/recover-20250317/UBNA_026/20250317_140000.WAV,recover-20250317,UBNA_026,Central Pond
LF,22080.0,6.843830399678722,54.938500000000005,54.961,21171.0,24934.0,Echolocation,Nyctalus noctula,0.175,0.312,-1,192000.0,/mnt/ubna_data_05/recover-20250317/UBNA_026/20250317_140000.WAV,recover-20250317,UBNA_026,Central Pond
LF,23040.0,7.217127203906121,92.8105,92.8362,22031.0,25596.0,Echolocation,Nyctalus leisleri,0.196,0.24,-1,192000.0,/mnt/ubna_data_05/recover-20250317/UBNA_026/20250317_140000.WAV,recover-20250317,UBNA_026,Central Pond
HF,45120.0,1.1075140439221365,100.4095,100.42,44375.0,49028.0,Echolocation,Pipistrellus pipistrellus,0.219,0.243,-1,192000.0,/mnt/ubna_data_05/recover-20250317/UBNA_026/20250317_140000.WAV,recover-20250317,UBNA_026,Central Pond
LF,20160.0,0.539751509862487,84.8535,84.8716,19453.0,23909.0,Echolocation,Nyctalus noctula,0.221,0.305,-1,192000.0,/mnt/ubna_data_05/recover-20250317/UBNA_026/20250317_142000.WAV,recover-20250317,UBNA_026,Central Pond
LF,22080.0,1.5834591350519065,168.9655,168.9762,22031.0,29268.0,Echolocation,Nyctalus noctula,0.055,0.203,-1,192000.0,/mnt/ubna_data_05/recover-20250317/UBNA_026/20250317_142000.WAV,recover-20250317,UBNA_026,Central Pond
LF,19200.0,1.5774572895378027,244.0385,244.0602,19453.0,22585.0,Echolocation,Nyctalus noctula,0.154,0.212,-1,192000.0,/mnt/ubna_data_05/recover-20250317/UBNA_026/20250317_142000.WAV,recover-20250317,UBNA_026,Central Pond
LF,23040.0,5.19607881923677,18.5605,18.5808,22890.0,25551.0,Echolocation,Nyctalus leisleri,0.213,0.25,-1,192000.0,/mnt/ubna_data_05/recover-20250317/UBNA_026/20250317_143000.WAV,recover-20250317,UBNA_026,Central Pond
LF,21120.0,5.246341421149843,19.3815,19.404,19453.0,23208.0,Echolocation,Nyctalus noctula,0.221,0.376,-1,192000.0,/mnt/ubna_data_05/recover-20250317/UBNA_026/20250317_143000.WAV,recover-20250317,UBNA_026,Central Pond
LF,21120.0,5.155318730802748,19.5195,19.542,19453.0,22828.0,Echolocation,Nyctalus noctula,0.181,0.292,-1,192000.0,/mnt/ubna_data_05/recover-20250317/UBNA_026/20250317_143000.WAV,recover-20250317,UBNA_026,Central Pond
LF,21120.0,4.396370781437334,19.6505,19.671,20312.0,23958.0,Echolocation,Nyctalus leisleri,0.206,0.356,-1,192000.0,/mnt/ubna_data_05/recover-20250317/UBNA_026/20250317_143000.WAV,recover-20250317,UBNA_026,Central Pond
LF,20160.0,5.641777696934151,19.8555,19.8797,19453.0,21748.0,Echolocation,Nyctalus leisleri,0.17,0.203,-1,192000.0,/mnt/ubna_data_05/recover-20250317/UBNA_026/20250317_143000.WAV,recover-20250317,UBNA_026,Central Pond
LF,21120.0,4.5958788749327075,19.9205,19.9421,20312.0,23455.0,Echolocation,Nyctalus leisleri,0.174,0.259,-1,192000.0,/mnt/ubna_data_05/recover-20250317/UBNA_026/20250317_143000.WAV,recover-20250317,UBNA_026,Central Pond
LF,20160.0,3.565031746745939,20.0545,20.0785,19453.0,22174.0,Echolocation,Nyctalus noctula,0.166,0.251,-1,192000.0,/mnt/ubna_data_05/recover-20250317/UBNA_026/20250317_143000.WAV,recover-20250317,UBNA_026,Central Pond
LF,22080.0,3.6139000952327134,20.1845,20.2026,21171.0,25018.0,Echolocation,Nyctalus leisleri,0.117,0.228,-1,192000.0,/mnt/ubna_data_05/recover-20250317/UBNA_026/20250317_143000.WAV,recover-20250317,UBNA_026,Central Pond
LF,20160.0,8.091835603512813,143.5285,143.5538,19453.0,22744.0,Echolocation,Nyctalus noctula,0.205,0.307,-1,192000.0,/mnt/ubna_data_05/recover-20250317/UBNA_026/20250317_143000.WAV,recover-20250317,UBNA_026,Central Pond
LF,23040.0,15.762458343674934,143.9025,143.9229,22031.0,25904.0,Echolocation,Nyctalus leisleri,0.126,0.238,-1,192000.0,/mnt/ubna_data_05/recover-20250317/UBNA_026/20250317_143000.WAV,recover-20250317,UBNA_026,Central Pond
LF,22080.0,0.4156024973002599,145.1355,145.1607,21171.0,24786.0,Echolocation,Nyctalus noctula,0.108,0.202,-1,192000.0,/mnt/ubna_data_05/recover-20250317/UBNA_026/20250317_143000.WAV,recover-20250317,UBNA_026,Central Pond
LF,21120.0,5.494891756220132,283.5715,283.5955,20312.0,22888.0,Echolocation,Nyctalus leisleri,0.202,0.225,-1,192000.0,/mnt/ubna_data_05/recover-20250317/UBNA_026/20250317_143000.WAV,recover-20250317,UBNA_026,Central Pond
LF,20160.0,8.62231636093454,285.1825,285.219,17734.0,20967.0,Echolocation,Nyctalus noctula,0.16,0.216,-1,192000.0,/mnt/ubna_data_05/recover-20250317/UBNA_026/20250317_143000.WAV,recover-20250317,UBNA_026,Central Pond
LF,20160.0,5.03919302642958,292.3855,292.40840000000003,20312.0,23336.0,Echolocation,Nyctalus noctula,0.177,0.263,-1,192000.0,/mnt/ubna_data_05/recover-20250317/UBNA_026/20250317_145000.WAV,recover-20250317,UBNA_026,Central Pond
LF,20160.0,7.577607926098542,292.5245,292.55,18593.0,21426.0,Echolocation,Nyctalus noctula,0.151,0.215,-1,192000.0,/mnt/ubna_data_05/recover-20250317/UBNA_026/20250317_145000.WAV,recover-20250317,UBNA_026,Central Pond
LF,19200.0,7.246601050205815,292.6655,292.6895,17734.0,20673.0,Echolocation,Nyctalus noctula,0.358,0.462,-1,192000.0,/mnt/ubna_data_05/recover-20250317/UBNA_026/20250317_145000.WAV,recover-20250317,UBNA_026,Central Pond
LF,19200.0,6.440968807655492,292.9445,292.9705,17734.0,21054.0,Echolocation,Nyctalus noctula,0.337,0.427,-1,192000.0,/mnt/ubna_data_05/recover-20250317/UBNA_026/20250317_145000.WAV,recover-20250317,UBNA_026,Central Pond
LF,23040.0,0.4255554195924903,3.0935,3.1095,22890.0,27833.0,Echolocation,Nyctalus leisleri,0.081,0.202,-1,192000.0,/mnt/ubna_data_05/recover-20250317/UBNA_026/20250317_150000.WAV,recover-20250317,UBNA_026,Central Pond
LF,26880.0,1.2578819208932723,259.5885,259.6003,26328.0,31226.0,Echolocation,Nyctalus leisleri,0.189,0.33,-1,192000.0,/mnt/ubna_data_05/recover-20250317/UBNA_026/20250317_150000.WAV,recover-20250317,UBNA_026,Central Pond
HF,46080.0,1.565901784441811,155.9145,155.927,46093.0,48501.0,Echolocation,Pipistrellus pipistrellus,0.185,0.209,-1,192000.0,/mnt/ubna_data_05/recover-20250317/UBNA_026/20250317_152000.WAV,recover-20250317,UBNA_026,Central Pond
LF,22080.0,0.574192237307954,122.2715,122.2867,22890.0,26976.0,Echolocation,Nyctalus leisleri,0.091,0.203,-1,192000.0,/mnt/ubna_data_05/recover-20250317/UBNA_026/20250317_154000.WAV,recover-20250317,UBNA_026,Central Pond
LF,21120.0,0.9851174652244161,129.3375,129.3557,21171.0,25030.0,Echolocation,Nyctalus leisleri,0.122,0.237,-1,192000.0,/mnt/ubna_data_05/recover-20250317/UBNA_026/20250317_154000.WAV,recover-20250317,UBNA_026,Central Pond
LF,22080.0,0.9876580081566165,227.3915,227.4135,21171.0,24960.0,Echolocation,Nyctalus noctula,0.195,0.321,-1,192000.0,/mnt/ubna_data_05/recover-20250317/UBNA_026/20250317_154000.WAV,recover-20250317,UBNA_026,Central Pond
LF,23040.0,0.2555759290825621,255.3315,255.3494,22890.0,27170.0,Echolocation,Nyctalus leisleri,0.133,0.24,-1,192000.0,/mnt/ubna_data_05/recover-20250317/UBNA_026/20250317_154000.WAV,recover-20250317,UBNA_026,Central Pond
LF,21120.0,0.6878354722778846,286.7525,286.77139999999997,20312.0,24194.0,Echolocation,Nyctalus noctula,0.125,0.221,-1,192000.0,/mnt/ubna_data_05/recover-20250317/UBNA_026/20250317_155000.WAV,recover-20250317,UBNA_026,Central Pond
HF,45120.0,1.3592372129933492,298.0935,298.1135,43515.0,46665.0,Echolocation,Pipistrellus pipistrellus,0.181,0.211,-1,192000.0,/mnt/ubna_data_05/recover-20250317/UBNA_026/20250317_155000.WAV,recover-20250317,UBNA_026,Central Pond
LF,22080.0,-0.2476933816582998,47.963499999999996,47.980000000000004,22890.0,27583.0,Echolocation,Nyctalus leisleri,0.08,0.208,-1,192000.0,/mnt/ubna_data_05/recover-20250317/UBNA_026/20250317_161000.WAV,recover-20250317,UBNA_026,Central Pond
LF,27840.0,0.5257581392710097,49.4195,49.432,27187.0,33528.0,Echolocation,Eptesicus serotinus,0.135,0.22,-1,192000.0,/mnt/ubna_data_05/recover-20250317/UBNA_026/20250317_161000.WAV,recover-20250317,UBNA_026,Central Pond
LF,23040.0,0.9420155268444913,72.1685,72.18299999999999,23750.0,28697.0,Echolocation,Nyctalus leisleri,0.13,0.277,-1,192000.0,/mnt/ubna_data_05/recover-20250317/UBNA_026/20250317_161000.WAV,recover-20250317,UBNA_026,Central Pond
LF,25920.0,0.06433258184492321,159.4955,159.51,26328.0,30660.0,Echolocation,Nyctalus leisleri,0.1,0.207,-1,192000.0,/mnt/ubna_data_05/recover-20250317/UBNA_026/20250317_162000.WAV,recover-20250317,UBNA_026,Central Pond
LF,21120.0,0.6100295856975108,270.4555,270.4717,22031.0,26412.0,Echolocation,Nyctalus noctula,0.206,0.384,-1,192000.0,/mnt/ubna_data_05/recover-20250317/UBNA_026/20250317_163000.WAV,recover-20250317,UBNA_026,Central Pond
LF,21120.0,0.8435543025851643,15.9645,15.9855,21171.0,24677.0,Echolocation,Nyctalus noctula,0.113,0.212,-1,192000.0,/mnt/ubna_data_05/recover-20250317/UBNA_026/20250317_170000.WAV,recover-20250317,UBNA_026,Central Pond
LF,25920.0,4.034552494858408,67.1785,67.19669999999999,25468.0,29259.0,Echolocation,Nyctalus leisleri,0.154,0.222,-1,192000.0,/mnt/ubna_data_05/recover-20250317/UBNA_026/20250317_170000.WAV,recover-20250317,UBNA_026,Central Pond
LF,24960.0,-0.733206497744247,251.3925,251.40370000000001,25468.0,30532.0,Echolocation,Nyctalus leisleri,0.147,0.323,-1,192000.0,/mnt/ubna_data_05/recover-20250317/UBNA_026/20250317_171000.WAV,recover-20250317,UBNA_026,Central Pond
