KMEANS_CLASSES,peak_frequency,SNR,start_time,end_time,low_freq,high_freq,class,class_prob,det_prob,individual,event,sampling_rate,input_file,Recover Folder,SD Card,Site name
HF,58560.0,2.027950695058898,27.2085,27.2186,57265.0,61581.0,Pipistrellus pygmaeus,0.521,0.53,-1,Echolocation,192000.0,/mnt/ubna_data_04/recover-20241104/UBNA_026/20241025_220000.WAV,recover-20241104,UBNA_026,Carp Pond
HF,65280.0,0.07863300287364088,36.0125,36.0211,57265.0,63903.0,Pipistrellus pygmaeus,0.568,0.576,-1,Echolocation,192000.0,/mnt/ubna_data_04/recover-20241104/UBNA_026/20241025_220000.WAV,recover-20241104,UBNA_026,Carp Pond
HF,65280.0,2.3333423802121622,42.5035,42.5142,61562.0,66303.0,Pipistrellus pygmaeus,0.496,0.517,-1,Echolocation,192000.0,/mnt/ubna_data_04/recover-20241104/UBNA_026/20241025_220000.WAV,recover-20241104,UBNA_026,Carp Pond
HF,60480.0,2.875133946913431,120.8395,120.8506,58125.0,61443.0,Pipistrellus pygmaeus,0.509,0.521,-1,Echolocation,192000.0,/mnt/ubna_data_04/recover-20241104/UBNA_026/20241025_220000.WAV,recover-20241104,UBNA_026,Carp Pond
HF,65280.0,0.30918615077360606,225.7765,225.7833,58984.0,63796.0,Pipistrellus pygmaeus,0.508,0.511,-1,Echolocation,192000.0,/mnt/ubna_data_04/recover-20241104/UBNA_026/20241025_220000.WAV,recover-20241104,UBNA_026,Carp Pond
HF,65280.0,2.3069747115805734,228.8895,228.8973,58984.0,64160.0,Pipistrellus pygmaeus,0.507,0.52,-1,Echolocation,192000.0,/mnt/ubna_data_04/recover-20241104/UBNA_026/20241025_220000.WAV,recover-20241104,UBNA_026,Carp Pond
HF,58560.0,1.9455989947822163,232.9645,232.9728,58125.0,62025.0,Pipistrellus pygmaeus,0.575,0.584,-1,Echolocation,192000.0,/mnt/ubna_data_04/recover-20241104/UBNA_026/20241025_220000.WAV,recover-20241104,UBNA_026,Carp Pond
HF,60480.0,2.1973272184446406,234.7965,234.8048,58125.0,62591.0,Pipistrellus pygmaeus,0.554,0.559,-1,Echolocation,192000.0,/mnt/ubna_data_04/recover-20241104/UBNA_026/20241025_220000.WAV,recover-20241104,UBNA_026,Carp Pond
HF,58560.0,1.8597694105108729,269.8805,269.8921,58125.0,61769.0,Pipistrellus pygmaeus,0.482,0.514,-1,Echolocation,192000.0,/mnt/ubna_data_04/recover-20241104/UBNA_026/20241025_220000.WAV,recover-20241104,UBNA_026,Carp Pond
HF,58560.0,2.0385642944429927,284.0975,284.1066,58125.0,61680.0,Pipistrellus pygmaeus,0.547,0.558,-1,Echolocation,192000.0,/mnt/ubna_data_04/recover-20241104/UBNA_026/20241025_220000.WAV,recover-20241104,UBNA_026,Carp Pond
HF,58560.0,2.551452046678444,284.6965,284.7046,58125.0,61807.0,Pipistrellus pygmaeus,0.562,0.566,-1,Echolocation,192000.0,/mnt/ubna_data_04/recover-20241104/UBNA_026/20241025_220000.WAV,recover-20241104,UBNA_026,Carp Pond
HF,58560.0,0.04553403866388886,299.4445,299.4519,58125.0,62454.0,Pipistrellus pygmaeus,0.517,0.519,-1,Echolocation,192000.0,/mnt/ubna_data_04/recover-20241104/UBNA_026/20241025_220000.WAV,recover-20241104,UBNA_026,Carp Pond
LF,25920.0,7.90572435452642,193.7025,193.7176,24609.0,28466.0,Nyctalus leisleri,0.38,0.506,-1,Echolocation,192000.0,/mnt/ubna_data_04/recover-20241104/UBNA_026/20241026_014000.WAV,recover-20241104,UBNA_026,Carp Pond
LF,25920.0,10.684010606487009,196.7135,196.7287,24609.0,28109.0,Nyctalus leisleri,0.54,0.631,-1,Echolocation,192000.0,/mnt/ubna_data_04/recover-20241104/UBNA_026/20241026_014000.WAV,recover-20241104,UBNA_026,Carp Pond
LF,25920.0,6.966958590909319,196.9995,197.0124,24609.0,28950.0,Nyctalus leisleri,0.463,0.597,-1,Echolocation,192000.0,/mnt/ubna_data_04/recover-20241104/UBNA_026/20241026_014000.WAV,recover-20241104,UBNA_026,Carp Pond
LF,25920.0,7.816869175064152,197.2765,197.2926,24609.0,27164.0,Nyctalus leisleri,0.53,0.609,-1,Echolocation,192000.0,/mnt/ubna_data_04/recover-20241104/UBNA_026/20241026_014000.WAV,recover-20241104,UBNA_026,Carp Pond
LF,25920.0,9.216325076827337,197.8195,197.8333,25468.0,29007.0,Nyctalus leisleri,0.538,0.658,-1,Echolocation,192000.0,/mnt/ubna_data_04/recover-20241104/UBNA_026/20241026_014000.WAV,recover-20241104,UBNA_026,Carp Pond
LF,25920.0,5.447888859421534,198.0935,198.1078,25468.0,28957.0,Nyctalus leisleri,0.483,0.608,-1,Echolocation,192000.0,/mnt/ubna_data_04/recover-20241104/UBNA_026/20241026_014000.WAV,recover-20241104,UBNA_026,Carp Pond
LF,26880.0,8.030073805834121,202.3025,202.3194,25468.0,29757.0,Nyctalus leisleri,0.396,0.56,-1,Echolocation,192000.0,/mnt/ubna_data_04/recover-20241104/UBNA_026/20241026_014000.WAV,recover-20241104,UBNA_026,Carp Pond
LF,26880.0,10.694378873248777,202.5585,202.5727,26328.0,31061.0,Nyctalus leisleri,0.363,0.609,-1,Echolocation,192000.0,/mnt/ubna_data_04/recover-20241104/UBNA_026/20241026_014000.WAV,recover-20241104,UBNA_026,Carp Pond
LF,26880.0,10.679959066523054,202.8235,202.8381,25468.0,29786.0,Nyctalus leisleri,0.503,0.609,-1,Echolocation,192000.0,/mnt/ubna_data_04/recover-20241104/UBNA_026/20241026_014000.WAV,recover-20241104,UBNA_026,Carp Pond
LF,26880.0,11.932494829693297,204.9985,205.011,25468.0,34663.0,Eptesicus serotinus,0.397,0.553,-1,Echolocation,192000.0,/mnt/ubna_data_04/recover-20241104/UBNA_026/20241026_014000.WAV,recover-20241104,UBNA_026,Carp Pond
LF,25920.0,12.692881671363487,205.1255,205.1402,24609.0,31383.0,Nyctalus leisleri,0.271,0.511,-1,Echolocation,192000.0,/mnt/ubna_data_04/recover-20241104/UBNA_026/20241026_014000.WAV,recover-20241104,UBNA_026,Carp Pond
LF,26880.0,9.926853848021347,205.4115,205.4256,25468.0,32232.0,Eptesicus serotinus,0.288,0.518,-1,Echolocation,192000.0,/mnt/ubna_data_04/recover-20241104/UBNA_026/20241026_014000.WAV,recover-20241104,UBNA_026,Carp Pond
LF,27840.0,8.205519279667088,205.5165,205.5267,27187.0,33638.0,Nyctalus leisleri,0.398,0.601,-1,Echolocation,192000.0,/mnt/ubna_data_04/recover-20241104/UBNA_026/20241026_014000.WAV,recover-20241104,UBNA_026,Carp Pond
LF,28800.0,3.571806174651786,212.2645,212.2743,28046.0,34058.0,Nyctalus leisleri,0.292,0.559,-1,Echolocation,192000.0,/mnt/ubna_data_04/recover-20241104/UBNA_026/20241026_014000.WAV,recover-20241104,UBNA_026,Carp Pond
LF,28800.0,4.168902336934994,212.4915,212.5012,27187.0,34022.0,Eptesicus serotinus,0.276,0.515,-1,Echolocation,192000.0,/mnt/ubna_data_04/recover-20241104/UBNA_026/20241026_014000.WAV,recover-20241104,UBNA_026,Carp Pond
LF,26880.0,3.4175198240168907,217.9515,217.963,26328.0,31612.0,Nyctalus leisleri,0.429,0.627,-1,Echolocation,192000.0,/mnt/ubna_data_04/recover-20241104/UBNA_026/20241026_014000.WAV,recover-20241104,UBNA_026,Carp Pond
LF,26880.0,5.965279108554064,218.0875,218.0975,27187.0,33343.0,Nyctalus leisleri,0.28,0.53,-1,Echolocation,192000.0,/mnt/ubna_data_04/recover-20241104/UBNA_026/20241026_014000.WAV,recover-20241104,UBNA_026,Carp Pond
LF,26880.0,6.569780328894686,218.4735,218.4847,26328.0,32273.0,Nyctalus leisleri,0.346,0.563,-1,Echolocation,192000.0,/mnt/ubna_data_04/recover-20241104/UBNA_026/20241026_014000.WAV,recover-20241104,UBNA_026,Carp Pond
LF,26880.0,7.133203688314297,218.6105,218.6209,27187.0,32820.0,Nyctalus leisleri,0.38,0.572,-1,Echolocation,192000.0,/mnt/ubna_data_04/recover-20241104/UBNA_026/20241026_014000.WAV,recover-20241104,UBNA_026,Carp Pond
LF,26880.0,5.497639419916839,218.7555,218.7668,27187.0,31948.0,Nyctalus leisleri,0.423,0.581,-1,Echolocation,192000.0,/mnt/ubna_data_04/recover-20241104/UBNA_026/20241026_014000.WAV,recover-20241104,UBNA_026,Carp Pond
LF,27840.0,10.328123723573556,218.9945,219.0071,26328.0,32635.0,Nyctalus leisleri,0.335,0.639,-1,Echolocation,192000.0,/mnt/ubna_data_04/recover-20241104/UBNA_026/20241026_014000.WAV,recover-20241104,UBNA_026,Carp Pond
LF,25920.0,12.363826740759796,219.2505,219.2635,25468.0,32180.0,Eptesicus serotinus,0.266,0.534,-1,Echolocation,192000.0,/mnt/ubna_data_04/recover-20241104/UBNA_026/20241026_014000.WAV,recover-20241104,UBNA_026,Carp Pond
LF,26880.0,10.190097603591079,219.4985,219.5127,26328.0,30674.0,Nyctalus leisleri,0.393,0.54,-1,Echolocation,192000.0,/mnt/ubna_data_04/recover-20241104/UBNA_026/20241026_014000.WAV,recover-20241104,UBNA_026,Carp Pond
LF,26880.0,9.576707007348787,219.7555,219.7696,25468.0,31686.0,Nyctalus leisleri,0.349,0.605,-1,Echolocation,192000.0,/mnt/ubna_data_04/recover-20241104/UBNA_026/20241026_014000.WAV,recover-20241104,UBNA_026,Carp Pond
LF,26880.0,6.553364099688753,219.9075,219.92079999999999,26328.0,31367.0,Nyctalus leisleri,0.36,0.585,-1,Echolocation,192000.0,/mnt/ubna_data_04/recover-20241104/UBNA_026/20241026_014000.WAV,recover-20241104,UBNA_026,Carp Pond
LF,26880.0,15.454630225309263,220.1595,220.1731,25468.0,30980.0,Nyctalus leisleri,0.353,0.585,-1,Echolocation,192000.0,/mnt/ubna_data_04/recover-20241104/UBNA_026/20241026_014000.WAV,recover-20241104,UBNA_026,Carp Pond
LF,26880.0,9.842221210570134,220.41649999999998,220.4292,25468.0,31631.0,Nyctalus leisleri,0.412,0.631,-1,Echolocation,192000.0,/mnt/ubna_data_04/recover-20241104/UBNA_026/20241026_014000.WAV,recover-20241104,UBNA_026,Carp Pond
LF,26880.0,12.462871794060458,220.6815,220.694,25468.0,31084.0,Nyctalus leisleri,0.513,0.657,-1,Echolocation,192000.0,/mnt/ubna_data_04/recover-20241104/UBNA_026/20241026_014000.WAV,recover-20241104,UBNA_026,Carp Pond
LF,26880.0,6.987390951879371,220.9435,220.9574,25468.0,30847.0,Nyctalus leisleri,0.44,0.594,-1,Echolocation,192000.0,/mnt/ubna_data_04/recover-20241104/UBNA_026/20241026_014000.WAV,recover-20241104,UBNA_026,Carp Pond
LF,24960.0,6.718059372997529,221.2075,221.2244,24609.0,29979.0,Nyctalus leisleri,0.285,0.531,-1,Echolocation,192000.0,/mnt/ubna_data_04/recover-20241104/UBNA_026/20241026_014000.WAV,recover-20241104,UBNA_026,Carp Pond
LF,26880.0,7.331650196892149,221.6045,221.6185,26328.0,31548.0,Nyctalus leisleri,0.31,0.559,-1,Echolocation,192000.0,/mnt/ubna_data_04/recover-20241104/UBNA_026/20241026_014000.WAV,recover-20241104,UBNA_026,Carp Pond
LF,25920.0,10.620375214985112,221.8605,221.8778,24609.0,30152.0,Nyctalus leisleri,0.302,0.514,-1,Echolocation,192000.0,/mnt/ubna_data_04/recover-20241104/UBNA_026/20241026_014000.WAV,recover-20241104,UBNA_026,Carp Pond
LF,26880.0,3.669745942951291,222.0135,222.0286,25468.0,30524.0,Nyctalus leisleri,0.31,0.532,-1,Echolocation,192000.0,/mnt/ubna_data_04/recover-20241104/UBNA_026/20241026_014000.WAV,recover-20241104,UBNA_026,Carp Pond
LF,25920.0,13.698105692494849,222.2735,222.2867,25468.0,31989.0,Nyctalus leisleri,0.355,0.61,-1,Echolocation,192000.0,/mnt/ubna_data_04/recover-20241104/UBNA_026/20241026_014000.WAV,recover-20241104,UBNA_026,Carp Pond
LF,25920.0,8.571339336296203,222.5235,222.5378,24609.0,31018.0,Nyctalus leisleri,0.336,0.604,-1,Echolocation,192000.0,/mnt/ubna_data_04/recover-20241104/UBNA_026/20241026_014000.WAV,recover-20241104,UBNA_026,Carp Pond
LF,25920.0,15.347008488445441,222.7825,222.7966,24609.0,31757.0,Nyctalus leisleri,0.282,0.61,-1,Echolocation,192000.0,/mnt/ubna_data_04/recover-20241104/UBNA_026/20241026_014000.WAV,recover-20241104,UBNA_026,Carp Pond
LF,25920.0,15.43819249782258,223.0425,223.0572,25468.0,31566.0,Eptesicus serotinus,0.252,0.546,-1,Echolocation,192000.0,/mnt/ubna_data_04/recover-20241104/UBNA_026/20241026_014000.WAV,recover-20241104,UBNA_026,Carp Pond
LF,25920.0,14.429783475052162,223.2985,223.3143,24609.0,31275.0,Nyctalus leisleri,0.286,0.562,-1,Echolocation,192000.0,/mnt/ubna_data_04/recover-20241104/UBNA_026/20241026_014000.WAV,recover-20241104,UBNA_026,Carp Pond
LF,25920.0,13.022071344199087,223.5495,223.5648,25468.0,30770.0,Nyctalus leisleri,0.276,0.599,-1,Echolocation,192000.0,/mnt/ubna_data_04/recover-20241104/UBNA_026/20241026_014000.WAV,recover-20241104,UBNA_026,Carp Pond
LF,26880.0,11.583355269236382,223.8105,223.8244,25468.0,31439.0,Nyctalus leisleri,0.277,0.644,-1,Echolocation,192000.0,/mnt/ubna_data_04/recover-20241104/UBNA_026/20241026_014000.WAV,recover-20241104,UBNA_026,Carp Pond
LF,25920.0,12.271943735739049,224.0705,224.0868,25468.0,30488.0,Nyctalus leisleri,0.334,0.515,-1,Echolocation,192000.0,/mnt/ubna_data_04/recover-20241104/UBNA_026/20241026_014000.WAV,recover-20241104,UBNA_026,Carp Pond
LF,25920.0,16.14308963596192,224.5855,224.6018,24609.0,29430.0,Nyctalus leisleri,0.418,0.503,-1,Echolocation,192000.0,/mnt/ubna_data_04/recover-20241104/UBNA_026/20241026_014000.WAV,recover-20241104,UBNA_026,Carp Pond
LF,25920.0,17.61791407049468,224.8435,224.8579,25468.0,31080.0,Nyctalus leisleri,0.46,0.581,-1,Echolocation,192000.0,/mnt/ubna_data_04/recover-20241104/UBNA_026/20241026_014000.WAV,recover-20241104,UBNA_026,Carp Pond
LF,25920.0,18.88207755959241,225.0965,225.1115,24609.0,31099.0,Nyctalus leisleri,0.398,0.581,-1,Echolocation,192000.0,/mnt/ubna_data_04/recover-20241104/UBNA_026/20241026_014000.WAV,recover-20241104,UBNA_026,Carp Pond
LF,25920.0,23.998856182277642,225.5985,225.6149,24609.0,30482.0,Nyctalus leisleri,0.341,0.53,-1,Echolocation,192000.0,/mnt/ubna_data_04/recover-20241104/UBNA_026/20241026_014000.WAV,recover-20241104,UBNA_026,Carp Pond
LF,28800.0,12.10800773473302,225.6975,225.709,27187.0,32233.0,Nyctalus leisleri,0.554,0.632,-1,Echolocation,192000.0,/mnt/ubna_data_04/recover-20241104/UBNA_026/20241026_014000.WAV,recover-20241104,UBNA_026,Carp Pond
LF,29760.0,9.533749765239062,225.8475,225.8569,28906.0,36085.0,Nyctalus leisleri,0.454,0.657,-1,Echolocation,192000.0,/mnt/ubna_data_04/recover-20241104/UBNA_026/20241026_014000.WAV,recover-20241104,UBNA_026,Carp Pond
LF,28800.0,13.999477163934966,225.9595,225.9707,28046.0,33878.0,Nyctalus leisleri,0.474,0.597,-1,Echolocation,192000.0,/mnt/ubna_data_04/recover-20241104/UBNA_026/20241026_014000.WAV,recover-20241104,UBNA_026,Carp Pond
LF,28800.0,9.889323142308674,226.1045,226.1149,27187.0,34828.0,Nyctalus leisleri,0.309,0.63,-1,Echolocation,192000.0,/mnt/ubna_data_04/recover-20241104/UBNA_026/20241026_014000.WAV,recover-20241104,UBNA_026,Carp Pond
LF,26880.0,9.473323519060772,226.2495,226.2592,27187.0,34772.0,Nyctalus leisleri,0.399,0.714,-1,Echolocation,192000.0,/mnt/ubna_data_04/recover-20241104/UBNA_026/20241026_014000.WAV,recover-20241104,UBNA_026,Carp Pond
LF,25920.0,18.922753722621366,227.0425,227.0552,24609.0,33391.0,Eptesicus serotinus,0.364,0.525,-1,Echolocation,192000.0,/mnt/ubna_data_04/recover-20241104/UBNA_026/20241026_014000.WAV,recover-20241104,UBNA_026,Carp Pond
LF,25920.0,17.43873835304282,227.2075,227.2196,25468.0,32824.0,Nyctalus leisleri,0.303,0.63,-1,Echolocation,192000.0,/mnt/ubna_data_04/recover-20241104/UBNA_026/20241026_014000.WAV,recover-20241104,UBNA_026,Carp Pond
LF,25920.0,10.51314033367214,227.4265,227.4402,24609.0,30546.0,Nyctalus leisleri,0.269,0.591,-1,Echolocation,192000.0,/mnt/ubna_data_04/recover-20241104/UBNA_026/20241026_014000.WAV,recover-20241104,UBNA_026,Carp Pond
LF,25920.0,15.085014189530694,227.6025,227.6171,24609.0,31994.0,Nyctalus leisleri,0.333,0.648,-1,Echolocation,192000.0,/mnt/ubna_data_04/recover-20241104/UBNA_026/20241026_014000.WAV,recover-20241104,UBNA_026,Carp Pond
LF,25920.0,17.07773217517026,227.8395,227.85320000000002,24609.0,31298.0,Nyctalus leisleri,0.299,0.55,-1,Echolocation,192000.0,/mnt/ubna_data_04/recover-20241104/UBNA_026/20241026_014000.WAV,recover-20241104,UBNA_026,Carp Pond
LF,25920.0,10.107906009179342,228.0935,228.1072,24609.0,28635.0,Nyctalus leisleri,0.477,0.631,-1,Echolocation,192000.0,/mnt/ubna_data_04/recover-20241104/UBNA_026/20241026_014000.WAV,recover-20241104,UBNA_026,Carp Pond
LF,25920.0,10.337199224636965,228.3855,228.4023,24609.0,28395.0,Nyctalus leisleri,0.424,0.573,-1,Echolocation,192000.0,/mnt/ubna_data_04/recover-20241104/UBNA_026/20241026_014000.WAV,recover-20241104,UBNA_026,Carp Pond
LF,24960.0,9.081068255832228,228.8905,228.9078,23750.0,27989.0,Nyctalus leisleri,0.485,0.582,-1,Echolocation,192000.0,/mnt/ubna_data_04/recover-20241104/UBNA_026/20241026_014000.WAV,recover-20241104,UBNA_026,Carp Pond
LF,25920.0,10.979823172106286,229.5215,229.5387,23750.0,29299.0,Nyctalus leisleri,0.34,0.518,-1,Echolocation,192000.0,/mnt/ubna_data_04/recover-20241104/UBNA_026/20241026_014000.WAV,recover-20241104,UBNA_026,Carp Pond
LF,24960.0,7.644228904960686,230.0585,230.0736,23750.0,29476.0,Nyctalus leisleri,0.35,0.561,-1,Echolocation,192000.0,/mnt/ubna_data_04/recover-20241104/UBNA_026/20241026_014000.WAV,recover-20241104,UBNA_026,Carp Pond
LF,25920.0,5.321551497129919,230.3165,230.3312,25468.0,31526.0,Nyctalus leisleri,0.274,0.548,-1,Echolocation,192000.0,/mnt/ubna_data_04/recover-20241104/UBNA_026/20241026_014000.WAV,recover-20241104,UBNA_026,Carp Pond
LF,25920.0,13.325015300298638,231.1145,231.13,24609.0,28749.0,Nyctalus leisleri,0.438,0.601,-1,Echolocation,192000.0,/mnt/ubna_data_04/recover-20241104/UBNA_026/20241026_014000.WAV,recover-20241104,UBNA_026,Carp Pond
LF,25920.0,11.178888896845748,231.3655,231.3821,25468.0,30988.0,Eptesicus serotinus,0.213,0.551,-1,Echolocation,192000.0,/mnt/ubna_data_04/recover-20241104/UBNA_026/20241026_014000.WAV,recover-20241104,UBNA_026,Carp Pond
LF,25920.0,11.063715855082176,231.6265,231.6398,24609.0,31286.0,Eptesicus serotinus,0.257,0.634,-1,Echolocation,192000.0,/mnt/ubna_data_04/recover-20241104/UBNA_026/20241026_014000.WAV,recover-20241104,UBNA_026,Carp Pond
LF,25920.0,14.26751887916748,231.8875,231.9035,25468.0,30099.0,Nyctalus leisleri,0.399,0.606,-1,Echolocation,192000.0,/mnt/ubna_data_04/recover-20241104/UBNA_026/20241026_014000.WAV,recover-20241104,UBNA_026,Carp Pond
LF,25920.0,19.925346967683634,232.1555,232.1723,24609.0,28878.0,Nyctalus leisleri,0.503,0.59,-1,Echolocation,192000.0,/mnt/ubna_data_04/recover-20241104/UBNA_026/20241026_014000.WAV,recover-20241104,UBNA_026,Carp Pond
LF,25920.0,16.054301453401266,233.1995,233.2167,25468.0,29974.0,Nyctalus leisleri,0.389,0.514,-1,Echolocation,192000.0,/mnt/ubna_data_04/recover-20241104/UBNA_026/20241026_014000.WAV,recover-20241104,UBNA_026,Carp Pond
LF,25920.0,22.808204394807294,233.4645,233.4785,25468.0,30624.0,Nyctalus leisleri,0.539,0.642,-1,Echolocation,192000.0,/mnt/ubna_data_04/recover-20241104/UBNA_026/20241026_014000.WAV,recover-20241104,UBNA_026,Carp Pond
LF,25920.0,15.104530624496945,233.7185,233.7336,24609.0,30729.0,Nyctalus leisleri,0.422,0.527,-1,Echolocation,192000.0,/mnt/ubna_data_04/recover-20241104/UBNA_026/20241026_014000.WAV,recover-20241104,UBNA_026,Carp Pond
LF,25920.0,22.75311959983677,233.85750000000002,233.8715,25468.0,31743.0,Nyctalus leisleri,0.321,0.522,-1,Echolocation,192000.0,/mnt/ubna_data_04/recover-20241104/UBNA_026/20241026_014000.WAV,recover-20241104,UBNA_026,Carp Pond
LF,25920.0,28.180769361606327,235.6885,235.706,24609.0,29395.0,Nyctalus leisleri,0.439,0.5,-1,Echolocation,192000.0,/mnt/ubna_data_04/recover-20241104/UBNA_026/20241026_014000.WAV,recover-20241104,UBNA_026,Carp Pond
LF,25920.0,24.774690979222264,235.8305,235.8478,25468.0,29548.0,Nyctalus leisleri,0.353,0.542,-1,Echolocation,192000.0,/mnt/ubna_data_04/recover-20241104/UBNA_026/20241026_014000.WAV,recover-20241104,UBNA_026,Carp Pond
LF,25920.0,30.56379319620683,236.0845,236.1013,24609.0,29041.0,Nyctalus leisleri,0.411,0.59,-1,Echolocation,192000.0,/mnt/ubna_data_04/recover-20241104/UBNA_026/20241026_014000.WAV,recover-20241104,UBNA_026,Carp Pond
LF,25920.0,18.938358741690763,236.3395,236.3557,25468.0,29827.0,Nyctalus leisleri,0.248,0.516,-1,Echolocation,192000.0,/mnt/ubna_data_04/recover-20241104/UBNA_026/20241026_014000.WAV,recover-20241104,UBNA_026,Carp Pond
LF,25920.0,28.625716954655182,236.6085,236.6259,24609.0,27088.0,Nyctalus leisleri,0.547,0.607,-1,Echolocation,192000.0,/mnt/ubna_data_04/recover-20241104/UBNA_026/20241026_014000.WAV,recover-20241104,UBNA_026,Carp Pond
LF,25920.0,19.099607732009403,236.8745,236.8918,24609.0,28324.0,Nyctalus leisleri,0.51,0.604,-1,Echolocation,192000.0,/mnt/ubna_data_04/recover-20241104/UBNA_026/20241026_014000.WAV,recover-20241104,UBNA_026,Carp Pond
LF,25920.0,27.49061137839592,237.1445,237.1627,24609.0,27374.0,Nyctalus leisleri,0.464,0.518,-1,Echolocation,192000.0,/mnt/ubna_data_04/recover-20241104/UBNA_026/20241026_014000.WAV,recover-20241104,UBNA_026,Carp Pond
LF,25920.0,23.719731987242895,237.3115,237.3284,24609.0,29628.0,Nyctalus leisleri,0.309,0.512,-1,Echolocation,192000.0,/mnt/ubna_data_04/recover-20241104/UBNA_026/20241026_014000.WAV,recover-20241104,UBNA_026,Carp Pond
LF,25920.0,16.974404608838448,237.5745,237.5919,24609.0,28452.0,Nyctalus leisleri,0.401,0.568,-1,Echolocation,192000.0,/mnt/ubna_data_04/recover-20241104/UBNA_026/20241026_014000.WAV,recover-20241104,UBNA_026,Carp Pond
LF,25920.0,28.507730330309503,237.8375,237.853,24609.0,27529.0,Nyctalus leisleri,0.545,0.632,-1,Echolocation,192000.0,/mnt/ubna_data_04/recover-20241104/UBNA_026/20241026_014000.WAV,recover-20241104,UBNA_026,Carp Pond
LF,24960.0,12.506248249998213,238.0975,238.11599999999999,24609.0,28811.0,Nyctalus leisleri,0.363,0.57,-1,Echolocation,192000.0,/mnt/ubna_data_04/recover-20241104/UBNA_026/20241026_014000.WAV,recover-20241104,UBNA_026,Carp Pond
LF,25920.0,24.242847461508816,238.3625,238.3785,23750.0,28154.0,Nyctalus leisleri,0.485,0.642,-1,Echolocation,192000.0,/mnt/ubna_data_04/recover-20241104/UBNA_026/20241026_014000.WAV,recover-20241104,UBNA_026,Carp Pond
LF,24960.0,13.852403897885983,238.6225,238.6429,23750.0,28874.0,Nyctalus leisleri,0.23,0.511,-1,Echolocation,192000.0,/mnt/ubna_data_04/recover-20241104/UBNA_026/20241026_014000.WAV,recover-20241104,UBNA_026,Carp Pond
LF,24960.0,30.077166515074502,238.8915,238.9072,23750.0,27355.0,Nyctalus leisleri,0.727,0.775,-1,Echolocation,192000.0,/mnt/ubna_data_04/recover-20241104/UBNA_026/20241026_014000.WAV,recover-20241104,UBNA_026,Carp Pond
LF,25920.0,12.496580166769062,239.1565,239.17419999999998,23750.0,28326.0,Nyctalus leisleri,0.459,0.607,-1,Echolocation,192000.0,/mnt/ubna_data_04/recover-20241104/UBNA_026/20241026_014000.WAV,recover-20241104,UBNA_026,Carp Pond
LF,24960.0,24.271403941879285,239.4205,239.4385,23750.0,27524.0,Nyctalus leisleri,0.583,0.643,-1,Echolocation,192000.0,/mnt/ubna_data_04/recover-20241104/UBNA_026/20241026_014000.WAV,recover-20241104,UBNA_026,Carp Pond
LF,25920.0,9.580262182746871,239.5795,239.5942,24609.0,28021.0,Nyctalus leisleri,0.49,0.66,-1,Echolocation,192000.0,/mnt/ubna_data_04/recover-20241104/UBNA_026/20241026_014000.WAV,recover-20241104,UBNA_026,Carp Pond
LF,24960.0,19.708873588668638,239.8405,239.8564,23750.0,28332.0,Nyctalus leisleri,0.418,0.573,-1,Echolocation,192000.0,/mnt/ubna_data_04/recover-20241104/UBNA_026/20241026_014000.WAV,recover-20241104,UBNA_026,Carp Pond
LF,24960.0,6.089624927964829,240.1095,240.1286,23750.0,28126.0,Nyctalus leisleri,0.379,0.506,-1,Echolocation,192000.0,/mnt/ubna_data_04/recover-20241104/UBNA_026/20241026_014000.WAV,recover-20241104,UBNA_026,Carp Pond
LF,24960.0,5.450555831380731,240.2595,240.2745,23750.0,29139.0,Nyctalus leisleri,0.289,0.544,-1,Echolocation,192000.0,/mnt/ubna_data_04/recover-20241104/UBNA_026/20241026_014000.WAV,recover-20241104,UBNA_026,Carp Pond
LF,25920.0,14.92134220882632,240.5075,240.524,23750.0,29811.0,Nyctalus leisleri,0.284,0.563,-1,Echolocation,192000.0,/mnt/ubna_data_04/recover-20241104/UBNA_026/20241026_014000.WAV,recover-20241104,UBNA_026,Carp Pond
LF,25920.0,10.69859771952277,241.0365,241.0547,23750.0,27704.0,Nyctalus leisleri,0.4,0.543,-1,Echolocation,192000.0,/mnt/ubna_data_04/recover-20241104/UBNA_026/20241026_014000.WAV,recover-20241104,UBNA_026,Carp Pond
LF,25920.0,4.492393066433139,241.3025,241.319,24609.0,29019.0,Nyctalus leisleri,0.349,0.502,-1,Echolocation,192000.0,/mnt/ubna_data_04/recover-20241104/UBNA_026/20241026_014000.WAV,recover-20241104,UBNA_026,Carp Pond
LF,26880.0,5.999784975464863,241.4465,241.4621,24609.0,31067.0,Eptesicus serotinus,0.245,0.557,-1,Echolocation,192000.0,/mnt/ubna_data_04/recover-20241104/UBNA_026/20241026_014000.WAV,recover-20241104,UBNA_026,Carp Pond
LF,25920.0,8.496187363794927,241.7035,241.7228,24609.0,29009.0,Nyctalus leisleri,0.327,0.533,-1,Echolocation,192000.0,/mnt/ubna_data_04/recover-20241104/UBNA_026/20241026_014000.WAV,recover-20241104,UBNA_026,Carp Pond
LF,25920.0,9.570979548839514,242.2345,242.2532,24609.0,27550.0,Nyctalus leisleri,0.421,0.526,-1,Echolocation,192000.0,/mnt/ubna_data_04/recover-20241104/UBNA_026/20241026_014000.WAV,recover-20241104,UBNA_026,Carp Pond
LF,25920.0,4.378461610440995,242.5045,242.5197,24609.0,28688.0,Nyctalus leisleri,0.476,0.593,-1,Echolocation,192000.0,/mnt/ubna_data_04/recover-20241104/UBNA_026/20241026_014000.WAV,recover-20241104,UBNA_026,Carp Pond
LF,25920.0,6.918473176043945,243.0335,243.0499,24609.0,28566.0,Nyctalus leisleri,0.388,0.511,-1,Echolocation,192000.0,/mnt/ubna_data_04/recover-20241104/UBNA_026/20241026_014000.WAV,recover-20241104,UBNA_026,Carp Pond
LF,25920.0,8.84798166017257,243.2955,243.3117,24609.0,29330.0,Nyctalus leisleri,0.374,0.531,-1,Echolocation,192000.0,/mnt/ubna_data_04/recover-20241104/UBNA_026/20241026_014000.WAV,recover-20241104,UBNA_026,Carp Pond
LF,25920.0,6.795071486919124,244.0825,244.0998,25468.0,30168.0,Nyctalus leisleri,0.409,0.554,-1,Echolocation,192000.0,/mnt/ubna_data_04/recover-20241104/UBNA_026/20241026_014000.WAV,recover-20241104,UBNA_026,Carp Pond
LF,25920.0,10.22396424292295,244.3475,244.3661,24609.0,28232.0,Nyctalus leisleri,0.488,0.566,-1,Echolocation,192000.0,/mnt/ubna_data_04/recover-20241104/UBNA_026/20241026_014000.WAV,recover-20241104,UBNA_026,Carp Pond
LF,25920.0,14.257869486520885,244.7355,244.751,25468.0,29994.0,Nyctalus leisleri,0.383,0.528,-1,Echolocation,192000.0,/mnt/ubna_data_04/recover-20241104/UBNA_026/20241026_014000.WAV,recover-20241104,UBNA_026,Carp Pond
LF,25920.0,15.961162966395037,244.9945,245.0119,25468.0,28889.0,Nyctalus leisleri,0.478,0.589,-1,Echolocation,192000.0,/mnt/ubna_data_04/recover-20241104/UBNA_026/20241026_014000.WAV,recover-20241104,UBNA_026,Carp Pond
LF,25920.0,21.403310199342187,245.7855,245.8051,24609.0,30084.0,Nyctalus leisleri,0.329,0.516,-1,Echolocation,192000.0,/mnt/ubna_data_04/recover-20241104/UBNA_026/20241026_014000.WAV,recover-20241104,UBNA_026,Carp Pond
LF,25920.0,25.731835473616268,246.0385,246.0558,24609.0,28464.0,Nyctalus leisleri,0.503,0.594,-1,Echolocation,192000.0,/mnt/ubna_data_04/recover-20241104/UBNA_026/20241026_014000.WAV,recover-20241104,UBNA_026,Carp Pond
LF,25920.0,24.63153163840568,246.2955,246.3142,24609.0,28971.0,Nyctalus leisleri,0.411,0.611,-1,Echolocation,192000.0,/mnt/ubna_data_04/recover-20241104/UBNA_026/20241026_014000.WAV,recover-20241104,UBNA_026,Carp Pond
LF,26880.0,23.376229167977133,246.5485,246.5666,24609.0,29643.0,Nyctalus leisleri,0.385,0.556,-1,Echolocation,192000.0,/mnt/ubna_data_04/recover-20241104/UBNA_026/20241026_014000.WAV,recover-20241104,UBNA_026,Carp Pond
LF,25920.0,27.15368120587427,246.7995,246.8173,24609.0,28646.0,Nyctalus leisleri,0.435,0.59,-1,Echolocation,192000.0,/mnt/ubna_data_04/recover-20241104/UBNA_026/20241026_014000.WAV,recover-20241104,UBNA_026,Carp Pond
LF,25920.0,26.941100444166693,247.0565,247.0746,24609.0,28425.0,Nyctalus leisleri,0.408,0.589,-1,Echolocation,192000.0,/mnt/ubna_data_04/recover-20241104/UBNA_026/20241026_014000.WAV,recover-20241104,UBNA_026,Carp Pond
LF,26880.0,22.05890871928687,247.3405,247.3565,25468.0,30230.0,Nyctalus leisleri,0.416,0.626,-1,Echolocation,192000.0,/mnt/ubna_data_04/recover-20241104/UBNA_026/20241026_014000.WAV,recover-20241104,UBNA_026,Carp Pond
LF,26880.0,26.17721288239613,247.5795,247.5966,25468.0,29238.0,Nyctalus leisleri,0.544,0.596,-1,Echolocation,192000.0,/mnt/ubna_data_04/recover-20241104/UBNA_026/20241026_014000.WAV,recover-20241104,UBNA_026,Carp Pond
LF,26880.0,25.22661448801196,247.8395,247.8567,25468.0,30534.0,Nyctalus leisleri,0.263,0.566,-1,Echolocation,192000.0,/mnt/ubna_data_04/recover-20241104/UBNA_026/20241026_014000.WAV,recover-20241104,UBNA_026,Carp Pond
LF,25920.0,28.946029950460364,248.0925,248.1095,24609.0,28133.0,Nyctalus leisleri,0.504,0.62,-1,Echolocation,192000.0,/mnt/ubna_data_04/recover-20241104/UBNA_026/20241026_014000.WAV,recover-20241104,UBNA_026,Carp Pond
LF,25920.0,21.67507621533464,248.2385,248.2548,25468.0,31245.0,Eptesicus serotinus,0.238,0.57,-1,Echolocation,192000.0,/mnt/ubna_data_04/recover-20241104/UBNA_026/20241026_014000.WAV,recover-20241104,UBNA_026,Carp Pond
LF,26880.0,16.59450921244081,248.3495,248.364,27187.0,39076.0,Eptesicus serotinus,0.516,0.653,-1,Echolocation,192000.0,/mnt/ubna_data_04/recover-20241104/UBNA_026/20241026_014000.WAV,recover-20241104,UBNA_026,Carp Pond
LF,27840.0,11.920990275463467,248.4815,248.4955,27187.0,40918.0,Eptesicus serotinus,0.493,0.643,-1,Echolocation,192000.0,/mnt/ubna_data_04/recover-20241104/UBNA_026/20241026_014000.WAV,recover-20241104,UBNA_026,Carp Pond
LF,28800.0,9.064676513366809,248.5595,248.5698,28046.0,40543.0,Eptesicus serotinus,0.522,0.687,-1,Echolocation,192000.0,/mnt/ubna_data_04/recover-20241104/UBNA_026/20241026_014000.WAV,recover-20241104,UBNA_026,Carp Pond
LF,26880.0,13.77974219891173,248.6765,248.6889,26328.0,33870.0,Eptesicus serotinus,0.34,0.59,-1,Echolocation,192000.0,/mnt/ubna_data_04/recover-20241104/UBNA_026/20241026_014000.WAV,recover-20241104,UBNA_026,Carp Pond
LF,27840.0,10.37653037438555,248.7785,248.7899,27187.0,38218.0,Eptesicus serotinus,0.518,0.655,-1,Echolocation,192000.0,/mnt/ubna_data_04/recover-20241104/UBNA_026/20241026_014000.WAV,recover-20241104,UBNA_026,Carp Pond
LF,27840.0,11.914268151592186,248.8835,248.8942,27187.0,35125.0,Eptesicus serotinus,0.35,0.647,-1,Echolocation,192000.0,/mnt/ubna_data_04/recover-20241104/UBNA_026/20241026_014000.WAV,recover-20241104,UBNA_026,Carp Pond
LF,26880.0,12.85234618464829,249.0165,249.0269,27187.0,34878.0,Eptesicus serotinus,0.337,0.658,-1,Echolocation,192000.0,/mnt/ubna_data_04/recover-20241104/UBNA_026/20241026_014000.WAV,recover-20241104,UBNA_026,Carp Pond
LF,29760.0,4.79439430215393,249.1325,249.14170000000001,28046.0,35671.0,Eptesicus serotinus,0.287,0.6,-1,Echolocation,192000.0,/mnt/ubna_data_04/recover-20241104/UBNA_026/20241026_014000.WAV,recover-20241104,UBNA_026,Carp Pond
LF,26880.0,21.073197082005215,249.6855,249.7001,25468.0,33175.0,Eptesicus serotinus,0.306,0.578,-1,Echolocation,192000.0,/mnt/ubna_data_04/recover-20241104/UBNA_026/20241026_014000.WAV,recover-20241104,UBNA_026,Carp Pond
LF,26880.0,18.857259566641286,249.8365,249.8515,25468.0,32558.0,Eptesicus serotinus,0.335,0.578,-1,Echolocation,192000.0,/mnt/ubna_data_04/recover-20241104/UBNA_026/20241026_014000.WAV,recover-20241104,UBNA_026,Carp Pond
LF,25920.0,22.42257419630301,250.3745,250.3927,23750.0,29176.0,Nyctalus leisleri,0.377,0.51,-1,Echolocation,192000.0,/mnt/ubna_data_04/recover-20241104/UBNA_026/20241026_014000.WAV,recover-20241104,UBNA_026,Carp Pond
LF,26880.0,20.623478325853664,250.7375,250.7512,25468.0,35688.0,Eptesicus serotinus,0.498,0.642,-1,Echolocation,192000.0,/mnt/ubna_data_04/recover-20241104/UBNA_026/20241026_014000.WAV,recover-20241104,UBNA_026,Carp Pond
LF,26880.0,14.827406237338916,250.8525,250.8646,26328.0,38046.0,Eptesicus serotinus,0.532,0.694,-1,Echolocation,192000.0,/mnt/ubna_data_04/recover-20241104/UBNA_026/20241026_014000.WAV,recover-20241104,UBNA_026,Carp Pond
LF,28800.0,11.607103709229069,250.9745,250.9844,27187.0,37912.0,Eptesicus serotinus,0.438,0.661,-1,Echolocation,192000.0,/mnt/ubna_data_04/recover-20241104/UBNA_026/20241026_014000.WAV,recover-20241104,UBNA_026,Carp Pond
LF,28800.0,3.979212368454025,251.0345,251.0432,28046.0,34710.0,Eptesicus serotinus,0.275,0.565,-1,Echolocation,192000.0,/mnt/ubna_data_04/recover-20241104/UBNA_026/20241026_014000.WAV,recover-20241104,UBNA_026,Carp Pond
LF,26880.0,2.300784663100118,251.0815,251.0897,27187.0,35717.0,Eptesicus serotinus,0.382,0.518,-1,Echolocation,192000.0,/mnt/ubna_data_04/recover-20241104/UBNA_026/20241026_014000.WAV,recover-20241104,UBNA_026,Carp Pond
LF,26880.0,20.388173209106142,251.5655,251.5795,26328.0,33209.0,Eptesicus serotinus,0.286,0.554,-1,Echolocation,192000.0,/mnt/ubna_data_04/recover-20241104/UBNA_026/20241026_014000.WAV,recover-20241104,UBNA_026,Carp Pond
LF,25920.0,18.25931739677548,252.0565,252.0735,24609.0,29819.0,Nyctalus leisleri,0.335,0.515,-1,Echolocation,192000.0,/mnt/ubna_data_04/recover-20241104/UBNA_026/20241026_014000.WAV,recover-20241104,UBNA_026,Carp Pond
LF,25920.0,13.685326276121351,253.4475,253.4642,23750.0,28306.0,Nyctalus leisleri,0.493,0.603,-1,Echolocation,192000.0,/mnt/ubna_data_04/recover-20241104/UBNA_026/20241026_014000.WAV,recover-20241104,UBNA_026,Carp Pond
LF,24960.0,7.246386558774525,254.1455,254.1621,23750.0,28836.0,Nyctalus leisleri,0.426,0.588,-1,Echolocation,192000.0,/mnt/ubna_data_04/recover-20241104/UBNA_026/20241026_014000.WAV,recover-20241104,UBNA_026,Carp Pond
LF,25920.0,16.475276685400996,254.4095,254.4269,23750.0,28629.0,Nyctalus leisleri,0.452,0.562,-1,Echolocation,192000.0,/mnt/ubna_data_04/recover-20241104/UBNA_026/20241026_014000.WAV,recover-20241104,UBNA_026,Carp Pond
LF,24960.0,12.891605849616091,254.9395,254.954,23750.0,30160.0,Nyctalus leisleri,0.305,0.548,-1,Echolocation,192000.0,/mnt/ubna_data_04/recover-20241104/UBNA_026/20241026_014000.WAV,recover-20241104,UBNA_026,Carp Pond
LF,25920.0,11.402570546785027,255.4715,255.4876,24609.0,28999.0,Nyctalus leisleri,0.312,0.556,-1,Echolocation,192000.0,/mnt/ubna_data_04/recover-20241104/UBNA_026/20241026_014000.WAV,recover-20241104,UBNA_026,Carp Pond
LF,25920.0,6.515184315699676,256.3915,256.4094,23750.0,28345.0,Nyctalus leisleri,0.397,0.52,-1,Echolocation,192000.0,/mnt/ubna_data_04/recover-20241104/UBNA_026/20241026_014000.WAV,recover-20241104,UBNA_026,Carp Pond
LF,25920.0,5.414022585446185,256.6415,256.6551,24609.0,28736.0,Nyctalus leisleri,0.505,0.614,-1,Echolocation,192000.0,/mnt/ubna_data_04/recover-20241104/UBNA_026/20241026_014000.WAV,recover-20241104,UBNA_026,Carp Pond
LF,25920.0,7.0333789678582885,256.9135,256.9273,24609.0,28268.0,Nyctalus leisleri,0.379,0.539,-1,Echolocation,192000.0,/mnt/ubna_data_04/recover-20241104/UBNA_026/20241026_014000.WAV,recover-20241104,UBNA_026,Carp Pond
LF,25920.0,8.126301775630605,257.8235,257.8397,25468.0,29823.0,Nyctalus leisleri,0.298,0.568,-1,Echolocation,192000.0,/mnt/ubna_data_04/recover-20241104/UBNA_026/20241026_014000.WAV,recover-20241104,UBNA_026,Carp Pond
LF,25920.0,11.880770543872883,258.3015,258.3177,24609.0,30117.0,Nyctalus leisleri,0.327,0.581,-1,Echolocation,192000.0,/mnt/ubna_data_04/recover-20241104/UBNA_026/20241026_014000.WAV,recover-20241104,UBNA_026,Carp Pond
LF,26880.0,12.842960306207893,258.5575,258.5745,23750.0,29104.0,Nyctalus leisleri,0.331,0.526,-1,Echolocation,192000.0,/mnt/ubna_data_04/recover-20241104/UBNA_026/20241026_014000.WAV,recover-20241104,UBNA_026,Carp Pond
LF,24960.0,17.497154663332125,258.8065,258.8221,23750.0,29395.0,Nyctalus leisleri,0.496,0.67,-1,Echolocation,192000.0,/mnt/ubna_data_04/recover-20241104/UBNA_026/20241026_014000.WAV,recover-20241104,UBNA_026,Carp Pond
LF,25920.0,13.476967114053,259.0695,259.0855,24609.0,29042.0,Nyctalus leisleri,0.49,0.619,-1,Echolocation,192000.0,/mnt/ubna_data_04/recover-20241104/UBNA_026/20241026_014000.WAV,recover-20241104,UBNA_026,Carp Pond
LF,26880.0,20.50380859410511,259.3225,259.3386,24609.0,30008.0,Nyctalus leisleri,0.312,0.546,-1,Echolocation,192000.0,/mnt/ubna_data_04/recover-20241104/UBNA_026/20241026_014000.WAV,recover-20241104,UBNA_026,Carp Pond
LF,25920.0,18.822576785803047,259.5755,259.59069999999997,25468.0,29590.0,Nyctalus leisleri,0.486,0.661,-1,Echolocation,192000.0,/mnt/ubna_data_04/recover-20241104/UBNA_026/20241026_014000.WAV,recover-20241104,UBNA_026,Carp Pond
LF,25920.0,23.398418009537572,259.9595,259.975,24609.0,29607.0,Nyctalus leisleri,0.397,0.611,-1,Echolocation,192000.0,/mnt/ubna_data_04/recover-20241104/UBNA_026/20241026_014000.WAV,recover-20241104,UBNA_026,Carp Pond
LF,25920.0,24.261315132739632,260.2135,260.23,24609.0,30366.0,Nyctalus leisleri,0.235,0.598,-1,Echolocation,192000.0,/mnt/ubna_data_04/recover-20241104/UBNA_026/20241026_014000.WAV,recover-20241104,UBNA_026,Carp Pond
LF,25920.0,22.97361195835559,260.4815,260.5004,24609.0,28139.0,Nyctalus leisleri,0.472,0.602,-1,Echolocation,192000.0,/mnt/ubna_data_04/recover-20241104/UBNA_026/20241026_014000.WAV,recover-20241104,UBNA_026,Carp Pond
LF,25920.0,26.82646989531415,260.7465,260.7647,24609.0,31239.0,Eptesicus serotinus,0.24,0.538,-1,Echolocation,192000.0,/mnt/ubna_data_04/recover-20241104/UBNA_026/20241026_014000.WAV,recover-20241104,UBNA_026,Carp Pond
LF,25920.0,28.93660138145044,261.0105,261.0293,24609.0,28809.0,Nyctalus leisleri,0.38,0.584,-1,Echolocation,192000.0,/mnt/ubna_data_04/recover-20241104/UBNA_026/20241026_014000.WAV,recover-20241104,UBNA_026,Carp Pond
LF,25920.0,28.62486386546162,261.2795,261.2964,24609.0,29389.0,Nyctalus leisleri,0.354,0.601,-1,Echolocation,192000.0,/mnt/ubna_data_04/recover-20241104/UBNA_026/20241026_014000.WAV,recover-20241104,UBNA_026,Carp Pond
LF,26880.0,26.82698554344679,261.4335,261.4494,25468.0,30247.0,Nyctalus leisleri,0.29,0.548,-1,Echolocation,192000.0,/mnt/ubna_data_04/recover-20241104/UBNA_026/20241026_014000.WAV,recover-20241104,UBNA_026,Carp Pond
LF,25920.0,30.22581938826681,261.6915,261.7084,24609.0,29448.0,Nyctalus leisleri,0.499,0.642,-1,Echolocation,192000.0,/mnt/ubna_data_04/recover-20241104/UBNA_026/20241026_014000.WAV,recover-20241104,UBNA_026,Carp Pond
LF,26880.0,25.343390535876434,261.8475,261.8634,24609.0,30083.0,Nyctalus leisleri,0.424,0.587,-1,Echolocation,192000.0,/mnt/ubna_data_04/recover-20241104/UBNA_026/20241026_014000.WAV,recover-20241104,UBNA_026,Carp Pond
LF,26880.0,23.142009159239837,262.2585,262.2741,25468.0,30350.0,Nyctalus leisleri,0.493,0.586,-1,Echolocation,192000.0,/mnt/ubna_data_04/recover-20241104/UBNA_026/20241026_014000.WAV,recover-20241104,UBNA_026,Carp Pond
LF,26880.0,15.53232152299422,262.4085,262.42470000000003,25468.0,30090.0,Nyctalus leisleri,0.515,0.655,-1,Echolocation,192000.0,/mnt/ubna_data_04/recover-20241104/UBNA_026/20241026_014000.WAV,recover-20241104,UBNA_026,Carp Pond
LF,25920.0,35.444825499700826,262.5605,262.5787,24609.0,27506.0,Nyctalus leisleri,0.479,0.597,-1,Echolocation,192000.0,/mnt/ubna_data_04/recover-20241104/UBNA_026/20241026_014000.WAV,recover-20241104,UBNA_026,Carp Pond
LF,26880.0,27.40527249979521,262.7205,262.7374,24609.0,29605.0,Nyctalus leisleri,0.397,0.573,-1,Echolocation,192000.0,/mnt/ubna_data_04/recover-20241104/UBNA_026/20241026_014000.WAV,recover-20241104,UBNA_026,Carp Pond
LF,25920.0,20.887494572255285,262.9895,263.0066,24609.0,29306.0,Nyctalus leisleri,0.311,0.582,-1,Echolocation,192000.0,/mnt/ubna_data_04/recover-20241104/UBNA_026/20241026_014000.WAV,recover-20241104,UBNA_026,Carp Pond
LF,25920.0,32.744555253248535,263.1655,263.18240000000003,24609.0,28701.0,Nyctalus leisleri,0.438,0.606,-1,Echolocation,192000.0,/mnt/ubna_data_04/recover-20241104/UBNA_026/20241026_014000.WAV,recover-20241104,UBNA_026,Carp Pond
LF,25920.0,26.86274847973384,263.3285,263.3442,24609.0,29801.0,Nyctalus leisleri,0.526,0.695,-1,Echolocation,192000.0,/mnt/ubna_data_04/recover-20241104/UBNA_026/20241026_014000.WAV,recover-20241104,UBNA_026,Carp Pond
LF,26880.0,20.691496705886582,263.45550000000003,263.4722,25468.0,31860.0,Eptesicus serotinus,0.234,0.63,-1,Echolocation,192000.0,/mnt/ubna_data_04/recover-20241104/UBNA_026/20241026_014000.WAV,recover-20241104,UBNA_026,Carp Pond
LF,26880.0,15.164992254497594,263.5535,263.5649,26328.0,34974.0,Eptesicus serotinus,0.323,0.594,-1,Echolocation,192000.0,/mnt/ubna_data_04/recover-20241104/UBNA_026/20241026_014000.WAV,recover-20241104,UBNA_026,Carp Pond
LF,26880.0,24.43396755767282,263.7195,263.7349,25468.0,36460.0,Eptesicus serotinus,0.413,0.602,-1,Echolocation,192000.0,/mnt/ubna_data_04/recover-20241104/UBNA_026/20241026_014000.WAV,recover-20241104,UBNA_026,Carp Pond
LF,25920.0,24.676104648047886,263.8855,263.8993,24609.0,31925.0,Eptesicus serotinus,0.255,0.511,-1,Echolocation,192000.0,/mnt/ubna_data_04/recover-20241104/UBNA_026/20241026_014000.WAV,recover-20241104,UBNA_026,Carp Pond
LF,25920.0,20.800837422084328,264.0295,264.0475,24609.0,30984.0,Eptesicus serotinus,0.224,0.511,-1,Echolocation,192000.0,/mnt/ubna_data_04/recover-20241104/UBNA_026/20241026_014000.WAV,recover-20241104,UBNA_026,Carp Pond
LF,25920.0,24.265063323492853,264.2935,264.3105,24609.0,28977.0,Nyctalus leisleri,0.441,0.519,-1,Echolocation,192000.0,/mnt/ubna_data_04/recover-20241104/UBNA_026/20241026_014000.WAV,recover-20241104,UBNA_026,Carp Pond
LF,24960.0,18.29177383006646,265.1355,265.1559,23750.0,28820.0,Nyctalus leisleri,0.413,0.509,-1,Echolocation,192000.0,/mnt/ubna_data_04/recover-20241104/UBNA_026/20241026_014000.WAV,recover-20241104,UBNA_026,Carp Pond
LF,24960.0,17.116126199592276,265.4075,265.4245,23750.0,28649.0,Nyctalus leisleri,0.481,0.571,-1,Echolocation,192000.0,/mnt/ubna_data_04/recover-20241104/UBNA_026/20241026_014000.WAV,recover-20241104,UBNA_026,Carp Pond
LF,25920.0,11.795078594744757,266.4935,266.51,24609.0,28029.0,Nyctalus leisleri,0.431,0.511,-1,Echolocation,192000.0,/mnt/ubna_data_04/recover-20241104/UBNA_026/20241026_014000.WAV,recover-20241104,UBNA_026,Carp Pond
LF,25920.0,4.931691112602181,267.4695,267.4843,24609.0,29103.0,Nyctalus leisleri,0.312,0.505,-1,Echolocation,192000.0,/mnt/ubna_data_04/recover-20241104/UBNA_026/20241026_014000.WAV,recover-20241104,UBNA_026,Carp Pond
LF,26880.0,5.416678411884762,271.8855,271.9011,25468.0,30674.0,Nyctalus leisleri,0.371,0.549,-1,Echolocation,192000.0,/mnt/ubna_data_04/recover-20241104/UBNA_026/20241026_014000.WAV,recover-20241104,UBNA_026,Carp Pond
LF,27840.0,6.17273073714389,272.4065,272.4221,26328.0,31879.0,Nyctalus leisleri,0.243,0.56,-1,Echolocation,192000.0,/mnt/ubna_data_04/recover-20241104/UBNA_026/20241026_014000.WAV,recover-20241104,UBNA_026,Carp Pond
LF,25920.0,12.177438227949061,273.1875,273.2039,24609.0,29721.0,Nyctalus leisleri,0.365,0.504,-1,Echolocation,192000.0,/mnt/ubna_data_04/recover-20241104/UBNA_026/20241026_014000.WAV,recover-20241104,UBNA_026,Carp Pond
LF,25920.0,16.849550721426315,275.4035,275.425,24609.0,29867.0,Nyctalus noctula,0.194,0.512,-1,Echolocation,192000.0,/mnt/ubna_data_04/recover-20241104/UBNA_026/20241026_014000.WAV,recover-20241104,UBNA_026,Carp Pond
LF,26880.0,19.875811238055064,275.6685,275.6847,25468.0,29221.0,Nyctalus leisleri,0.489,0.651,-1,Echolocation,192000.0,/mnt/ubna_data_04/recover-20241104/UBNA_026/20241026_014000.WAV,recover-20241104,UBNA_026,Carp Pond
LF,25920.0,28.487793289207218,275.9355,275.9516,25468.0,28792.0,Nyctalus leisleri,0.476,0.549,-1,Echolocation,192000.0,/mnt/ubna_data_04/recover-20241104/UBNA_026/20241026_014000.WAV,recover-20241104,UBNA_026,Carp Pond
LF,25920.0,18.69058658445394,276.2025,276.2205,24609.0,30188.0,Nyctalus leisleri,0.282,0.562,-1,Echolocation,192000.0,/mnt/ubna_data_04/recover-20241104/UBNA_026/20241026_014000.WAV,recover-20241104,UBNA_026,Carp Pond
LF,25920.0,26.956695865157165,276.4685,276.4867,24609.0,27379.0,Nyctalus leisleri,0.596,0.651,-1,Echolocation,192000.0,/mnt/ubna_data_04/recover-20241104/UBNA_026/20241026_014000.WAV,recover-20241104,UBNA_026,Carp Pond
LF,25920.0,24.67221439180554,277.1135,277.1316,24609.0,27847.0,Nyctalus leisleri,0.368,0.543,-1,Echolocation,192000.0,/mnt/ubna_data_04/recover-20241104/UBNA_026/20241026_014000.WAV,recover-20241104,UBNA_026,Carp Pond
LF,25920.0,15.673749045482616,277.3795,277.3987,24609.0,29302.0,Nyctalus leisleri,0.314,0.519,-1,Echolocation,192000.0,/mnt/ubna_data_04/recover-20241104/UBNA_026/20241026_014000.WAV,recover-20241104,UBNA_026,Carp Pond
LF,25920.0,23.03920424271364,277.7825,277.7991,24609.0,28058.0,Nyctalus leisleri,0.517,0.592,-1,Echolocation,192000.0,/mnt/ubna_data_04/recover-20241104/UBNA_026/20241026_014000.WAV,recover-20241104,UBNA_026,Carp Pond
LF,25920.0,12.28447204003288,278.0405,278.0572,25468.0,28989.0,Nyctalus leisleri,0.441,0.621,-1,Echolocation,192000.0,/mnt/ubna_data_04/recover-20241104/UBNA_026/20241026_014000.WAV,recover-20241104,UBNA_026,Carp Pond
LF,25920.0,25.786889672604136,278.8225,278.84,24609.0,27073.0,Nyctalus leisleri,0.611,0.659,-1,Echolocation,192000.0,/mnt/ubna_data_04/recover-20241104/UBNA_026/20241026_014000.WAV,recover-20241104,UBNA_026,Carp Pond
LF,25920.0,16.853872308415625,279.0825,279.09929999999997,24609.0,28473.0,Nyctalus leisleri,0.392,0.594,-1,Echolocation,192000.0,/mnt/ubna_data_04/recover-20241104/UBNA_026/20241026_014000.WAV,recover-20241104,UBNA_026,Carp Pond
LF,25920.0,24.69990381734023,279.3465,279.3616,24609.0,27220.0,Nyctalus leisleri,0.594,0.685,-1,Echolocation,192000.0,/mnt/ubna_data_04/recover-20241104/UBNA_026/20241026_014000.WAV,recover-20241104,UBNA_026,Carp Pond
LF,25920.0,9.832862915167667,279.6155,279.6331,24609.0,27928.0,Nyctalus leisleri,0.399,0.577,-1,Echolocation,192000.0,/mnt/ubna_data_04/recover-20241104/UBNA_026/20241026_014000.WAV,recover-20241104,UBNA_026,Carp Pond
LF,25920.0,22.584466347095976,279.8735,279.8907,24609.0,26445.0,Nyctalus leisleri,0.591,0.672,-1,Echolocation,192000.0,/mnt/ubna_data_04/recover-20241104/UBNA_026/20241026_014000.WAV,recover-20241104,UBNA_026,Carp Pond
LF,25920.0,8.236211094766414,280.1335,280.1518,24609.0,28428.0,Nyctalus leisleri,0.501,0.621,-1,Echolocation,192000.0,/mnt/ubna_data_04/recover-20241104/UBNA_026/20241026_014000.WAV,recover-20241104,UBNA_026,Carp Pond
LF,25920.0,17.59269155046033,280.2755,280.2919,24609.0,28656.0,Nyctalus leisleri,0.342,0.519,-1,Echolocation,192000.0,/mnt/ubna_data_04/recover-20241104/UBNA_026/20241026_014000.WAV,recover-20241104,UBNA_026,Carp Pond
LF,27840.0,13.178019748218862,280.4085,280.4226,26328.0,31932.0,Nyctalus leisleri,0.293,0.571,-1,Echolocation,192000.0,/mnt/ubna_data_04/recover-20241104/UBNA_026/20241026_014000.WAV,recover-20241104,UBNA_026,Carp Pond
LF,25920.0,11.824290235400296,280.9115,280.9291,24609.0,28970.0,Nyctalus leisleri,0.412,0.578,-1,Echolocation,192000.0,/mnt/ubna_data_04/recover-20241104/UBNA_026/20241026_014000.WAV,recover-20241104,UBNA_026,Carp Pond
LF,25920.0,13.50267491489739,281.4355,281.4541,24609.0,27559.0,Nyctalus leisleri,0.432,0.538,-1,Echolocation,192000.0,/mnt/ubna_data_04/recover-20241104/UBNA_026/20241026_014000.WAV,recover-20241104,UBNA_026,Carp Pond
LF,25920.0,3.5844210168800013,281.7035,281.7193,24609.0,28046.0,Nyctalus leisleri,0.447,0.547,-1,Echolocation,192000.0,/mnt/ubna_data_04/recover-20241104/UBNA_026/20241026_014000.WAV,recover-20241104,UBNA_026,Carp Pond
LF,25920.0,8.514330583450407,281.9635,281.98199999999997,24609.0,28123.0,Nyctalus leisleri,0.413,0.564,-1,Echolocation,192000.0,/mnt/ubna_data_04/recover-20241104/UBNA_026/20241026_014000.WAV,recover-20241104,UBNA_026,Carp Pond
LF,25920.0,11.97288962257466,282.4985,282.5144,24609.0,28299.0,Nyctalus leisleri,0.521,0.63,-1,Echolocation,192000.0,/mnt/ubna_data_04/recover-20241104/UBNA_026/20241026_014000.WAV,recover-20241104,UBNA_026,Carp Pond
LF,25920.0,8.514190672950749,283.4295,283.4466,24609.0,28321.0,Nyctalus leisleri,0.448,0.613,-1,Echolocation,192000.0,/mnt/ubna_data_04/recover-20241104/UBNA_026/20241026_014000.WAV,recover-20241104,UBNA_026,Carp Pond
LF,25920.0,8.43264256558917,283.5815,283.5986,24609.0,28653.0,Nyctalus leisleri,0.443,0.584,-1,Echolocation,192000.0,/mnt/ubna_data_04/recover-20241104/UBNA_026/20241026_014000.WAV,recover-20241104,UBNA_026,Carp Pond
LF,23040.0,30.96476177054708,0.0595,0.0803,22031.0,29881.0,Nyctalus noctula,0.385,0.607,-1,Echolocation,192000.0,/mnt/ubna_data_04/recover-20241104/UBNA_026/20241026_015000.WAV,recover-20241104,UBNA_026,Carp Pond
LF,23040.0,26.53095485496088,0.2425,0.2635,22031.0,30810.0,Nyctalus noctula,0.434,0.63,-1,Echolocation,192000.0,/mnt/ubna_data_04/recover-20241104/UBNA_026/20241026_015000.WAV,recover-20241104,UBNA_026,Carp Pond
LF,24000.0,33.08451910388283,0.4075,0.4284,22031.0,33809.0,Nyctalus noctula,0.284,0.576,-1,Echolocation,192000.0,/mnt/ubna_data_04/recover-20241104/UBNA_026/20241026_015000.WAV,recover-20241104,UBNA_026,Carp Pond
LF,24000.0,33.276156433185164,0.6765,0.6933,22890.0,30417.0,Nyctalus noctula,0.372,0.571,-1,Echolocation,192000.0,/mnt/ubna_data_04/recover-20241104/UBNA_026/20241026_015000.WAV,recover-20241104,UBNA_026,Carp Pond
LF,23040.0,28.838179693501722,0.8575,0.8757,22031.0,30804.0,Nyctalus noctula,0.284,0.546,-1,Echolocation,192000.0,/mnt/ubna_data_04/recover-20241104/UBNA_026/20241026_015000.WAV,recover-20241104,UBNA_026,Carp Pond
LF,23040.0,32.12889419107793,1.3965,1.4164,22031.0,28385.0,Nyctalus noctula,0.423,0.583,-1,Echolocation,192000.0,/mnt/ubna_data_04/recover-20241104/UBNA_026/20241026_015000.WAV,recover-20241104,UBNA_026,Carp Pond
LF,23040.0,37.0709721388058,1.6655,1.6816,22031.0,28156.0,Nyctalus noctula,0.219,0.511,-1,Echolocation,192000.0,/mnt/ubna_data_04/recover-20241104/UBNA_026/20241026_015000.WAV,recover-20241104,UBNA_026,Carp Pond
LF,23040.0,32.813796886380885,1.9265,1.9459,22031.0,27074.0,Nyctalus noctula,0.237,0.503,-1,Echolocation,192000.0,/mnt/ubna_data_04/recover-20241104/UBNA_026/20241026_015000.WAV,recover-20241104,UBNA_026,Carp Pond
LF,23040.0,38.52222129519036,2.2125,2.2354,22031.0,27286.0,Nyctalus noctula,0.376,0.517,-1,Echolocation,192000.0,/mnt/ubna_data_04/recover-20241104/UBNA_026/20241026_015000.WAV,recover-20241104,UBNA_026,Carp Pond
LF,23040.0,30.673563635990707,2.4865,2.5037,22031.0,26977.0,Nyctalus noctula,0.395,0.611,-1,Echolocation,192000.0,/mnt/ubna_data_04/recover-20241104/UBNA_026/20241026_015000.WAV,recover-20241104,UBNA_026,Carp Pond
LF,23040.0,22.611380137083657,3.0545,3.0734,22031.0,27040.0,Nyctalus noctula,0.364,0.575,-1,Echolocation,192000.0,/mnt/ubna_data_04/recover-20241104/UBNA_026/20241026_015000.WAV,recover-20241104,UBNA_026,Carp Pond
LF,23040.0,16.552820288551608,3.6105,3.6252,22031.0,27086.0,Nyctalus leisleri,0.297,0.579,-1,Echolocation,192000.0,/mnt/ubna_data_04/recover-20241104/UBNA_026/20241026_015000.WAV,recover-20241104,UBNA_026,Carp Pond
LF,23040.0,20.108083974072073,3.7745,3.7881,22890.0,29313.0,Nyctalus noctula,0.277,0.519,-1,Echolocation,192000.0,/mnt/ubna_data_04/recover-20241104/UBNA_026/20241026_015000.WAV,recover-20241104,UBNA_026,Carp Pond
LF,24000.0,14.580452529367498,3.9245,3.937,22890.0,29293.0,Nyctalus noctula,0.245,0.582,-1,Echolocation,192000.0,/mnt/ubna_data_04/recover-20241104/UBNA_026/20241026_015000.WAV,recover-20241104,UBNA_026,Carp Pond
LF,24000.0,24.194532243622664,4.2105,4.2293,22031.0,28246.0,Nyctalus noctula,0.318,0.512,-1,Echolocation,192000.0,/mnt/ubna_data_04/recover-20241104/UBNA_026/20241026_015000.WAV,recover-20241104,UBNA_026,Carp Pond
LF,24000.0,12.938552232925653,4.3605,4.3734,22890.0,28909.0,Nyctalus leisleri,0.21,0.507,-1,Echolocation,192000.0,/mnt/ubna_data_04/recover-20241104/UBNA_026/20241026_015000.WAV,recover-20241104,UBNA_026,Carp Pond
LF,24000.0,28.21940430682527,4.6065,4.6277,22031.0,27671.0,Nyctalus noctula,0.408,0.543,-1,Echolocation,192000.0,/mnt/ubna_data_04/recover-20241104/UBNA_026/20241026_015000.WAV,recover-20241104,UBNA_026,Carp Pond
LF,23040.0,15.89119817640097,4.8595,4.8781,21171.0,26640.0,Nyctalus noctula,0.31,0.593,-1,Echolocation,192000.0,/mnt/ubna_data_04/recover-20241104/UBNA_026/20241026_015000.WAV,recover-20241104,UBNA_026,Carp Pond
LF,23040.0,17.69483847902002,5.6695,5.6861,22031.0,26136.0,Nyctalus leisleri,0.381,0.549,-1,Echolocation,192000.0,/mnt/ubna_data_04/recover-20241104/UBNA_026/20241026_015000.WAV,recover-20241104,UBNA_026,Carp Pond
LF,24000.0,13.750867179815584,5.9395,5.9548,22031.0,26290.0,Nyctalus leisleri,0.471,0.592,-1,Echolocation,192000.0,/mnt/ubna_data_04/recover-20241104/UBNA_026/20241026_015000.WAV,recover-20241104,UBNA_026,Carp Pond
LF,23040.0,17.520557855981377,6.4745,6.4928,22031.0,27570.0,Nyctalus noctula,0.39,0.572,-1,Echolocation,192000.0,/mnt/ubna_data_04/recover-20241104/UBNA_026/20241026_015000.WAV,recover-20241104,UBNA_026,Carp Pond
LF,23040.0,19.9085370394731,6.7655,6.7864,21171.0,26994.0,Nyctalus noctula,0.389,0.562,-1,Echolocation,192000.0,/mnt/ubna_data_04/recover-20241104/UBNA_026/20241026_015000.WAV,recover-20241104,UBNA_026,Carp Pond
LF,23040.0,22.502882518016804,7.1975,7.2166,22031.0,29229.0,Nyctalus noctula,0.297,0.54,-1,Echolocation,192000.0,/mnt/ubna_data_04/recover-20241104/UBNA_026/20241026_015000.WAV,recover-20241104,UBNA_026,Carp Pond
LF,23040.0,26.904081417148824,8.0265,8.0451,22031.0,26468.0,Nyctalus leisleri,0.547,0.591,-1,Echolocation,192000.0,/mnt/ubna_data_04/recover-20241104/UBNA_026/20241026_015000.WAV,recover-20241104,UBNA_026,Carp Pond
LF,23040.0,22.18760598307139,8.8465,8.8697,21171.0,28432.0,Nyctalus noctula,0.411,0.564,-1,Echolocation,192000.0,/mnt/ubna_data_04/recover-20241104/UBNA_026/20241026_015000.WAV,recover-20241104,UBNA_026,Carp Pond
LF,23040.0,22.74076147241964,10.2355,10.2552,21171.0,27032.0,Nyctalus noctula,0.388,0.56,-1,Echolocation,192000.0,/mnt/ubna_data_04/recover-20241104/UBNA_026/20241026_015000.WAV,recover-20241104,UBNA_026,Carp Pond
LF,24000.0,23.986041764929755,10.8115,10.8336,22031.0,26705.0,Nyctalus noctula,0.317,0.506,-1,Echolocation,192000.0,/mnt/ubna_data_04/recover-20241104/UBNA_026/20241026_015000.WAV,recover-20241104,UBNA_026,Carp Pond
LF,24960.0,9.934083019327511,10.9455,10.9586,23750.0,28706.0,Nyctalus leisleri,0.378,0.604,-1,Echolocation,192000.0,/mnt/ubna_data_04/recover-20241104/UBNA_026/20241026_015000.WAV,recover-20241104,UBNA_026,Carp Pond
LF,23040.0,15.137223102970863,11.9325,11.9501,22031.0,28359.0,Nyctalus noctula,0.245,0.54,-1,Echolocation,192000.0,/mnt/ubna_data_04/recover-20241104/UBNA_026/20241026_015000.WAV,recover-20241104,UBNA_026,Carp Pond
LF,24960.0,18.09576614854737,12.9265,12.9399,22890.0,32592.0,Eptesicus serotinus,0.331,0.626,-1,Echolocation,192000.0,/mnt/ubna_data_04/recover-20241104/UBNA_026/20241026_015000.WAV,recover-20241104,UBNA_026,Carp Pond
LF,25920.0,18.243175385527316,13.0875,13.0984,23750.0,33054.0,Nyctalus leisleri,0.284,0.638,-1,Echolocation,192000.0,/mnt/ubna_data_04/recover-20241104/UBNA_026/20241026_015000.WAV,recover-20241104,UBNA_026,Carp Pond
LF,25920.0,16.475482149477784,13.2245,13.2343,24609.0,33082.0,Eptesicus serotinus,0.268,0.573,-1,Echolocation,192000.0,/mnt/ubna_data_04/recover-20241104/UBNA_026/20241026_015000.WAV,recover-20241104,UBNA_026,Carp Pond
LF,26880.0,8.616445182863744,13.3415,13.3504,25468.0,34385.0,Eptesicus serotinus,0.289,0.636,-1,Echolocation,192000.0,/mnt/ubna_data_04/recover-20241104/UBNA_026/20241026_015000.WAV,recover-20241104,UBNA_026,Carp Pond
LF,26880.0,7.041830980793952,13.4285,13.4359,25468.0,35106.0,Eptesicus serotinus,0.315,0.575,-1,Echolocation,192000.0,/mnt/ubna_data_04/recover-20241104/UBNA_026/20241026_015000.WAV,recover-20241104,UBNA_026,Carp Pond
LF,23040.0,15.9197656317669,13.8525,13.8656,22031.0,31044.0,Eptesicus serotinus,0.286,0.641,-1,Echolocation,192000.0,/mnt/ubna_data_04/recover-20241104/UBNA_026/20241026_015000.WAV,recover-20241104,UBNA_026,Carp Pond
LF,23040.0,24.97691761590267,14.2665,14.2838,22031.0,28803.0,Nyctalus noctula,0.341,0.574,-1,Echolocation,192000.0,/mnt/ubna_data_04/recover-20241104/UBNA_026/20241026_015000.WAV,recover-20241104,UBNA_026,Carp Pond
LF,23040.0,27.3388386552763,14.5225,14.5402,22031.0,27803.0,Nyctalus noctula,0.241,0.559,-1,Echolocation,192000.0,/mnt/ubna_data_04/recover-20241104/UBNA_026/20241026_015000.WAV,recover-20241104,UBNA_026,Carp Pond
LF,23040.0,25.011726696040384,14.7885,14.8096,22031.0,28253.0,Nyctalus noctula,0.268,0.525,-1,Echolocation,192000.0,/mnt/ubna_data_04/recover-20241104/UBNA_026/20241026_015000.WAV,recover-20241104,UBNA_026,Carp Pond
LF,23040.0,32.880690438757604,15.8465,15.8671,22031.0,27441.0,Nyctalus noctula,0.349,0.534,-1,Echolocation,192000.0,/mnt/ubna_data_04/recover-20241104/UBNA_026/20241026_015000.WAV,recover-20241104,UBNA_026,Carp Pond
LF,23040.0,40.83887371919029,16.6465,16.6676,22031.0,28075.0,Nyctalus noctula,0.472,0.625,-1,Echolocation,192000.0,/mnt/ubna_data_04/recover-20241104/UBNA_026/20241026_015000.WAV,recover-20241104,UBNA_026,Carp Pond
LF,22080.0,34.020945621276056,19.0675,19.09,21171.0,26674.0,Nyctalus noctula,0.405,0.563,-1,Echolocation,192000.0,/mnt/ubna_data_04/recover-20241104/UBNA_026/20241026_015000.WAV,recover-20241104,UBNA_026,Carp Pond
LF,23040.0,32.9377289996362,19.1935,19.214,22031.0,36556.0,Nyctalus noctula,0.349,0.665,-1,Echolocation,192000.0,/mnt/ubna_data_04/recover-20241104/UBNA_026/20241026_015000.WAV,recover-20241104,UBNA_026,Carp Pond
LF,25920.0,37.052287952126754,19.3295,19.3439,22890.0,40945.0,Eptesicus serotinus,0.392,0.722,-1,Echolocation,192000.0,/mnt/ubna_data_04/recover-20241104/UBNA_026/20241026_015000.WAV,recover-20241104,UBNA_026,Carp Pond
LF,23040.0,30.131053321271356,19.5895,19.6052,22031.0,29724.0,Nyctalus noctula,0.42,0.665,-1,Echolocation,192000.0,/mnt/ubna_data_04/recover-20241104/UBNA_026/20241026_015000.WAV,recover-20241104,UBNA_026,Carp Pond
LF,23040.0,40.59220320552647,19.8565,19.8757,21171.0,28854.0,Nyctalus noctula,0.379,0.663,-1,Echolocation,192000.0,/mnt/ubna_data_04/recover-20241104/UBNA_026/20241026_015000.WAV,recover-20241104,UBNA_026,Carp Pond
LF,23040.0,35.58966937989198,20.1225,20.1443,21171.0,27476.0,Nyctalus noctula,0.358,0.551,-1,Echolocation,192000.0,/mnt/ubna_data_04/recover-20241104/UBNA_026/20241026_015000.WAV,recover-20241104,UBNA_026,Carp Pond
LF,23040.0,19.381080901654375,20.4005,20.4227,21171.0,27370.0,Nyctalus noctula,0.365,0.547,-1,Echolocation,192000.0,/mnt/ubna_data_04/recover-20241104/UBNA_026/20241026_015000.WAV,recover-20241104,UBNA_026,Carp Pond
LF,23040.0,36.44379874074245,20.6825,20.6993,21171.0,27224.0,Nyctalus noctula,0.341,0.61,-1,Echolocation,192000.0,/mnt/ubna_data_04/recover-20241104/UBNA_026/20241026_015000.WAV,recover-20241104,UBNA_026,Carp Pond
LF,23040.0,19.458125016527582,20.9615,20.982,21171.0,27101.0,Nyctalus noctula,0.456,0.632,-1,Echolocation,192000.0,/mnt/ubna_data_04/recover-20241104/UBNA_026/20241026_015000.WAV,recover-20241104,UBNA_026,Carp Pond
LF,25920.0,7.077570708511162,21.0975,21.1058,24609.0,33277.0,Nyctalus leisleri,0.173,0.522,-1,Echolocation,192000.0,/mnt/ubna_data_04/recover-20241104/UBNA_026/20241026_015000.WAV,recover-20241104,UBNA_026,Carp Pond
LF,23040.0,28.30254172132019,21.3505,21.366,22031.0,29500.0,Nyctalus noctula,0.337,0.68,-1,Echolocation,192000.0,/mnt/ubna_data_04/recover-20241104/UBNA_026/20241026_015000.WAV,recover-20241104,UBNA_026,Carp Pond
LF,23040.0,13.047818853671957,21.6205,21.6392,22031.0,28544.0,Nyctalus noctula,0.526,0.702,-1,Echolocation,192000.0,/mnt/ubna_data_04/recover-20241104/UBNA_026/20241026_015000.WAV,recover-20241104,UBNA_026,Carp Pond
LF,23040.0,29.21272334968396,21.9095,21.9292,21171.0,26661.0,Nyctalus noctula,0.258,0.578,-1,Echolocation,192000.0,/mnt/ubna_data_04/recover-20241104/UBNA_026/20241026_015000.WAV,recover-20241104,UBNA_026,Carp Pond
LF,23040.0,18.177089910106588,22.1835,22.1994,22031.0,26807.0,Nyctalus noctula,0.334,0.612,-1,Echolocation,192000.0,/mnt/ubna_data_04/recover-20241104/UBNA_026/20241026_015000.WAV,recover-20241104,UBNA_026,Carp Pond
LF,23040.0,22.299953464212212,22.4625,22.4813,22031.0,27206.0,Nyctalus noctula,0.299,0.558,-1,Echolocation,192000.0,/mnt/ubna_data_04/recover-20241104/UBNA_026/20241026_015000.WAV,recover-20241104,UBNA_026,Carp Pond
LF,23040.0,14.887411268003365,22.7505,22.7668,22031.0,26487.0,Nyctalus leisleri,0.322,0.591,-1,Echolocation,192000.0,/mnt/ubna_data_04/recover-20241104/UBNA_026/20241026_015000.WAV,recover-20241104,UBNA_026,Carp Pond
LF,23040.0,28.43043331334905,23.0345,23.0521,22031.0,26342.0,Nyctalus leisleri,0.457,0.578,-1,Echolocation,192000.0,/mnt/ubna_data_04/recover-20241104/UBNA_026/20241026_015000.WAV,recover-20241104,UBNA_026,Carp Pond
LF,23040.0,10.854352689677093,23.3165,23.3323,22031.0,26309.0,Nyctalus leisleri,0.361,0.605,-1,Echolocation,192000.0,/mnt/ubna_data_04/recover-20241104/UBNA_026/20241026_015000.WAV,recover-20241104,UBNA_026,Carp Pond
LF,23040.0,22.777061232183144,23.5975,23.6152,22031.0,26710.0,Nyctalus leisleri,0.375,0.595,-1,Echolocation,192000.0,/mnt/ubna_data_04/recover-20241104/UBNA_026/20241026_015000.WAV,recover-20241104,UBNA_026,Carp Pond
LF,23040.0,24.93322966758428,23.8895,23.9072,22031.0,27247.0,Nyctalus leisleri,0.328,0.55,-1,Echolocation,192000.0,/mnt/ubna_data_04/recover-20241104/UBNA_026/20241026_015000.WAV,recover-20241104,UBNA_026,Carp Pond
LF,23040.0,15.936379895273454,24.2925,24.3098,22031.0,27801.0,Nyctalus noctula,0.302,0.614,-1,Echolocation,192000.0,/mnt/ubna_data_04/recover-20241104/UBNA_026/20241026_015000.WAV,recover-20241104,UBNA_026,Carp Pond
LF,23040.0,14.094802131883492,24.5775,24.5905,22890.0,29706.0,Nyctalus noctula,0.23,0.633,-1,Echolocation,192000.0,/mnt/ubna_data_04/recover-20241104/UBNA_026/20241026_015000.WAV,recover-20241104,UBNA_026,Carp Pond
LF,23040.0,12.538575040067915,25.0225,25.0407,22031.0,27435.0,Nyctalus noctula,0.232,0.507,-1,Echolocation,192000.0,/mnt/ubna_data_04/recover-20241104/UBNA_026/20241026_015000.WAV,recover-20241104,UBNA_026,Carp Pond
LF,23040.0,10.044161552822398,25.5815,25.5964,22031.0,26799.0,Nyctalus leisleri,0.238,0.551,-1,Echolocation,192000.0,/mnt/ubna_data_04/recover-20241104/UBNA_026/20241026_015000.WAV,recover-20241104,UBNA_026,Carp Pond
LF,24960.0,8.787158257348947,26.9685,26.9844,23750.0,28401.0,Nyctalus leisleri,0.438,0.57,-1,Echolocation,192000.0,/mnt/ubna_data_04/recover-20241104/UBNA_026/20241026_015000.WAV,recover-20241104,UBNA_026,Carp Pond
LF,23040.0,21.397659380735906,27.7255,27.7422,22890.0,28317.0,Nyctalus leisleri,0.287,0.51,-1,Echolocation,192000.0,/mnt/ubna_data_04/recover-20241104/UBNA_026/20241026_015000.WAV,recover-20241104,UBNA_026,Carp Pond
LF,24000.0,20.93918603505092,27.9905,28.0026,24609.0,30420.0,Nyctalus leisleri,0.374,0.599,-1,Echolocation,192000.0,/mnt/ubna_data_04/recover-20241104/UBNA_026/20241026_015000.WAV,recover-20241104,UBNA_026,Carp Pond
LF,23040.0,24.5238713723985,28.8195,28.8385,22031.0,27288.0,Nyctalus leisleri,0.243,0.522,-1,Echolocation,192000.0,/mnt/ubna_data_04/recover-20241104/UBNA_026/20241026_015000.WAV,recover-20241104,UBNA_026,Carp Pond
LF,23040.0,24.347339668663288,29.6585,29.6757,22890.0,27569.0,Nyctalus leisleri,0.385,0.504,-1,Echolocation,192000.0,/mnt/ubna_data_04/recover-20241104/UBNA_026/20241026_015000.WAV,recover-20241104,UBNA_026,Carp Pond
LF,23040.0,20.937960154945014,29.9385,29.9566,22031.0,27525.0,Nyctalus leisleri,0.222,0.511,-1,Echolocation,192000.0,/mnt/ubna_data_04/recover-20241104/UBNA_026/20241026_015000.WAV,recover-20241104,UBNA_026,Carp Pond
LF,24960.0,14.635969945097651,30.0535,30.0672,24609.0,34877.0,Eptesicus serotinus,0.371,0.594,-1,Echolocation,192000.0,/mnt/ubna_data_04/recover-20241104/UBNA_026/20241026_015000.WAV,recover-20241104,UBNA_026,Carp Pond
LF,25920.0,14.943182639921703,30.1545,30.165399999999998,25468.0,40707.0,Eptesicus serotinus,0.456,0.665,-1,Echolocation,192000.0,/mnt/ubna_data_04/recover-20241104/UBNA_026/20241026_015000.WAV,recover-20241104,UBNA_026,Carp Pond
LF,27840.0,13.185381314376578,30.2405,30.2505,25468.0,36846.0,Eptesicus serotinus,0.47,0.632,-1,Echolocation,192000.0,/mnt/ubna_data_04/recover-20241104/UBNA_026/20241026_015000.WAV,recover-20241104,UBNA_026,Carp Pond
LF,27840.0,14.529369226545345,30.3835,30.3933,25468.0,41613.0,Eptesicus serotinus,0.509,0.68,-1,Echolocation,192000.0,/mnt/ubna_data_04/recover-20241104/UBNA_026/20241026_015000.WAV,recover-20241104,UBNA_026,Carp Pond
LF,24960.0,20.393711791397536,30.4745,30.4887,23750.0,37162.0,Eptesicus serotinus,0.308,0.606,-1,Echolocation,192000.0,/mnt/ubna_data_04/recover-20241104/UBNA_026/20241026_015000.WAV,recover-20241104,UBNA_026,Carp Pond
LF,25920.0,12.922566498669262,30.5715,30.585,24609.0,33198.0,Eptesicus serotinus,0.287,0.574,-1,Echolocation,192000.0,/mnt/ubna_data_04/recover-20241104/UBNA_026/20241026_015000.WAV,recover-20241104,UBNA_026,Carp Pond
LF,25920.0,19.135055290165237,30.7465,30.7627,23750.0,34615.0,Eptesicus serotinus,0.328,0.603,-1,Echolocation,192000.0,/mnt/ubna_data_04/recover-20241104/UBNA_026/20241026_015000.WAV,recover-20241104,UBNA_026,Carp Pond
LF,24960.0,22.896379083242593,30.8855,30.9023,23750.0,43389.0,Eptesicus serotinus,0.545,0.721,-1,Echolocation,192000.0,/mnt/ubna_data_04/recover-20241104/UBNA_026/20241026_015000.WAV,recover-20241104,UBNA_026,Carp Pond
LF,24960.0,26.007384385779837,31.0385,31.0545,23750.0,40320.0,Eptesicus serotinus,0.565,0.744,-1,Echolocation,192000.0,/mnt/ubna_data_04/recover-20241104/UBNA_026/20241026_015000.WAV,recover-20241104,UBNA_026,Carp Pond
LF,24000.0,27.5438774787145,31.2885,31.307,22890.0,31272.0,Eptesicus serotinus,0.261,0.549,-1,Echolocation,192000.0,/mnt/ubna_data_04/recover-20241104/UBNA_026/20241026_015000.WAV,recover-20241104,UBNA_026,Carp Pond
LF,23040.0,27.84660744025064,31.4465,31.4674,22890.0,33337.0,Eptesicus serotinus,0.323,0.567,-1,Echolocation,192000.0,/mnt/ubna_data_04/recover-20241104/UBNA_026/20241026_015000.WAV,recover-20241104,UBNA_026,Carp Pond
LF,24000.0,33.441438740573865,31.7145,31.7348,22890.0,31729.0,Nyctalus noctula,0.225,0.508,-1,Echolocation,192000.0,/mnt/ubna_data_04/recover-20241104/UBNA_026/20241026_015000.WAV,recover-20241104,UBNA_026,Carp Pond
LF,23040.0,29.550069725954437,31.8795,31.9024,22031.0,31245.0,Nyctalus noctula,0.351,0.582,-1,Echolocation,192000.0,/mnt/ubna_data_04/recover-20241104/UBNA_026/20241026_015000.WAV,recover-20241104,UBNA_026,Carp Pond
LF,24960.0,33.05532884316994,32.4205,32.4418,22031.0,29877.0,Nyctalus noctula,0.478,0.675,-1,Echolocation,192000.0,/mnt/ubna_data_04/recover-20241104/UBNA_026/20241026_015000.WAV,recover-20241104,UBNA_026,Carp Pond
LF,25920.0,34.39206510397947,32.5755,32.5919,23750.0,37515.0,Eptesicus serotinus,0.378,0.608,-1,Echolocation,192000.0,/mnt/ubna_data_04/recover-20241104/UBNA_026/20241026_015000.WAV,recover-20241104,UBNA_026,Carp Pond
LF,24960.0,12.470050563034967,32.7055,32.7244,23750.0,30912.0,Eptesicus serotinus,0.196,0.528,-1,Echolocation,192000.0,/mnt/ubna_data_04/recover-20241104/UBNA_026/20241026_015000.WAV,recover-20241104,UBNA_026,Carp Pond
LF,23040.0,33.58020288027995,32.9915,33.0143,22031.0,31010.0,Nyctalus noctula,0.475,0.67,-1,Echolocation,192000.0,/mnt/ubna_data_04/recover-20241104/UBNA_026/20241026_015000.WAV,recover-20241104,UBNA_026,Carp Pond
LF,24000.0,21.04944669927545,33.1385,33.1575,22890.0,34039.0,Nyctalus noctula,0.286,0.601,-1,Echolocation,192000.0,/mnt/ubna_data_04/recover-20241104/UBNA_026/20241026_015000.WAV,recover-20241104,UBNA_026,Carp Pond
LF,24960.0,10.27021132927578,33.2235,33.2411,23750.0,30712.0,Eptesicus serotinus,0.245,0.578,-1,Echolocation,192000.0,/mnt/ubna_data_04/recover-20241104/UBNA_026/20241026_015000.WAV,recover-20241104,UBNA_026,Carp Pond
LF,25920.0,39.503490524125255,33.4135,33.43,22890.0,29296.0,Nyctalus leisleri,0.277,0.546,-1,Echolocation,192000.0,/mnt/ubna_data_04/recover-20241104/UBNA_026/20241026_015000.WAV,recover-20241104,UBNA_026,Carp Pond
LF,23040.0,22.572820316570738,33.6755,33.6979,22031.0,31355.0,Nyctalus noctula,0.393,0.582,-1,Echolocation,192000.0,/mnt/ubna_data_04/recover-20241104/UBNA_026/20241026_015000.WAV,recover-20241104,UBNA_026,Carp Pond
LF,24000.0,37.02949333130868,33.9545,33.9745,22031.0,28970.0,Nyctalus noctula,0.328,0.543,-1,Echolocation,192000.0,/mnt/ubna_data_04/recover-20241104/UBNA_026/20241026_015000.WAV,recover-20241104,UBNA_026,Carp Pond
LF,23040.0,21.341396525495497,34.1145,34.1362,22031.0,28736.0,Nyctalus noctula,0.458,0.602,-1,Echolocation,192000.0,/mnt/ubna_data_04/recover-20241104/UBNA_026/20241026_015000.WAV,recover-20241104,UBNA_026,Carp Pond
LF,25920.0,37.50960109417051,34.3855,34.4011,22890.0,29741.0,Nyctalus leisleri,0.486,0.592,-1,Echolocation,192000.0,/mnt/ubna_data_04/recover-20241104/UBNA_026/20241026_015000.WAV,recover-20241104,UBNA_026,Carp Pond
LF,24000.0,14.19624493593593,34.5405,34.5568,23750.0,28685.0,Nyctalus leisleri,0.395,0.576,-1,Echolocation,192000.0,/mnt/ubna_data_04/recover-20241104/UBNA_026/20241026_015000.WAV,recover-20241104,UBNA_026,Carp Pond
LF,24000.0,14.189491453305427,35.0765,35.0955,23750.0,29637.0,Nyctalus leisleri,0.208,0.521,-1,Echolocation,192000.0,/mnt/ubna_data_04/recover-20241104/UBNA_026/20241026_015000.WAV,recover-20241104,UBNA_026,Carp Pond
LF,23040.0,16.299778833570407,35.1905,35.2086,22031.0,27475.0,Nyctalus leisleri,0.242,0.549,-1,Echolocation,192000.0,/mnt/ubna_data_04/recover-20241104/UBNA_026/20241026_015000.WAV,recover-20241104,UBNA_026,Carp Pond
LF,25920.0,11.736084389344272,35.338499999999996,35.3554,23750.0,28842.0,Nyctalus leisleri,0.3,0.602,-1,Echolocation,192000.0,/mnt/ubna_data_04/recover-20241104/UBNA_026/20241026_015000.WAV,recover-20241104,UBNA_026,Carp Pond
LF,24000.0,10.426543216675464,36.3815,36.3959,23750.0,28513.0,Nyctalus leisleri,0.296,0.593,-1,Echolocation,192000.0,/mnt/ubna_data_04/recover-20241104/UBNA_026/20241026_015000.WAV,recover-20241104,UBNA_026,Carp Pond
LF,22080.0,18.567834637116597,36.9015,36.9239,21171.0,26656.0,Nyctalus noctula,0.424,0.534,-1,Echolocation,192000.0,/mnt/ubna_data_04/recover-20241104/UBNA_026/20241026_015000.WAV,recover-20241104,UBNA_026,Carp Pond
LF,24000.0,14.367089344294337,37.0265,37.0429,23750.0,28096.0,Nyctalus leisleri,0.347,0.575,-1,Echolocation,192000.0,/mnt/ubna_data_04/recover-20241104/UBNA_026/20241026_015000.WAV,recover-20241104,UBNA_026,Carp Pond
LF,22080.0,18.425456804106478,37.4785,37.5,21171.0,26537.0,Nyctalus noctula,0.388,0.521,-1,Echolocation,192000.0,/mnt/ubna_data_04/recover-20241104/UBNA_026/20241026_015000.WAV,recover-20241104,UBNA_026,Carp Pond
LF,23040.0,5.822615907303672,37.5615,37.5784,23750.0,26916.0,Nyctalus leisleri,0.451,0.522,-1,Echolocation,192000.0,/mnt/ubna_data_04/recover-20241104/UBNA_026/20241026_015000.WAV,recover-20241104,UBNA_026,Carp Pond
LF,24000.0,15.759759148602859,37.9475,37.9638,22890.0,28118.0,Nyctalus leisleri,0.312,0.527,-1,Echolocation,192000.0,/mnt/ubna_data_04/recover-20241104/UBNA_026/20241026_015000.WAV,recover-20241104,UBNA_026,Carp Pond
LF,24960.0,6.796710468247271,38.2195,38.2362,23750.0,28268.0,Nyctalus leisleri,0.401,0.598,-1,Echolocation,192000.0,/mnt/ubna_data_04/recover-20241104/UBNA_026/20241026_015000.WAV,recover-20241104,UBNA_026,Carp Pond
LF,24960.0,10.872877234785928,38.6065,38.623400000000004,23750.0,28758.0,Nyctalus leisleri,0.296,0.554,-1,Echolocation,192000.0,/mnt/ubna_data_04/recover-20241104/UBNA_026/20241026_015000.WAV,recover-20241104,UBNA_026,Carp Pond
LF,24960.0,16.810790087648037,38.7635,38.7786,23750.0,29899.0,Nyctalus leisleri,0.241,0.581,-1,Echolocation,192000.0,/mnt/ubna_data_04/recover-20241104/UBNA_026/20241026_015000.WAV,recover-20241104,UBNA_026,Carp Pond
LF,24960.0,10.18239271287263,39.0295,39.0478,23750.0,28598.0,Nyctalus leisleri,0.303,0.528,-1,Echolocation,192000.0,/mnt/ubna_data_04/recover-20241104/UBNA_026/20241026_015000.WAV,recover-20241104,UBNA_026,Carp Pond
LF,24000.0,13.340869683076633,39.2935,39.3102,23750.0,28263.0,Nyctalus leisleri,0.377,0.543,-1,Echolocation,192000.0,/mnt/ubna_data_04/recover-20241104/UBNA_026/20241026_015000.WAV,recover-20241104,UBNA_026,Carp Pond
LF,24960.0,15.643047477141998,39.701499999999996,39.7181,23750.0,29133.0,Nyctalus leisleri,0.368,0.539,-1,Echolocation,192000.0,/mnt/ubna_data_04/recover-20241104/UBNA_026/20241026_015000.WAV,recover-20241104,UBNA_026,Carp Pond
LF,24960.0,17.32522394448825,39.960499999999996,39.9763,23750.0,27860.0,Nyctalus leisleri,0.436,0.555,-1,Echolocation,192000.0,/mnt/ubna_data_04/recover-20241104/UBNA_026/20241026_015000.WAV,recover-20241104,UBNA_026,Carp Pond
LF,24960.0,18.782693458152668,40.079499999999996,40.0969,23750.0,33094.0,Eptesicus serotinus,0.338,0.597,-1,Echolocation,192000.0,/mnt/ubna_data_04/recover-20241104/UBNA_026/20241026_015000.WAV,recover-20241104,UBNA_026,Carp Pond
LF,24000.0,22.152041378679073,40.4525,40.4701,23750.0,29726.0,Nyctalus leisleri,0.216,0.503,-1,Echolocation,192000.0,/mnt/ubna_data_04/recover-20241104/UBNA_026/20241026_015000.WAV,recover-20241104,UBNA_026,Carp Pond
LF,24000.0,18.954696154867797,40.7065,40.7246,23750.0,30899.0,Eptesicus serotinus,0.24,0.579,-1,Echolocation,192000.0,/mnt/ubna_data_04/recover-20241104/UBNA_026/20241026_015000.WAV,recover-20241104,UBNA_026,Carp Pond
LF,25920.0,19.805406955216885,40.838499999999996,40.8526,24609.0,32200.0,Nyctalus leisleri,0.323,0.616,-1,Echolocation,192000.0,/mnt/ubna_data_04/recover-20241104/UBNA_026/20241026_015000.WAV,recover-20241104,UBNA_026,Carp Pond
LF,24960.0,22.884644637181296,41.3375,41.355199999999996,23750.0,29558.0,Nyctalus noctula,0.225,0.581,-1,Echolocation,192000.0,/mnt/ubna_data_04/recover-20241104/UBNA_026/20241026_015000.WAV,recover-20241104,UBNA_026,Carp Pond
LF,25920.0,23.11447895224685,41.5945,41.6117,23750.0,30913.0,Eptesicus serotinus,0.257,0.543,-1,Echolocation,192000.0,/mnt/ubna_data_04/recover-20241104/UBNA_026/20241026_015000.WAV,recover-20241104,UBNA_026,Carp Pond
LF,25920.0,27.266312224433985,41.8595,41.8743,23750.0,30280.0,Nyctalus leisleri,0.294,0.605,-1,Echolocation,192000.0,/mnt/ubna_data_04/recover-20241104/UBNA_026/20241026_015000.WAV,recover-20241104,UBNA_026,Carp Pond
LF,24960.0,25.193059359397722,42.1185,42.1353,23750.0,29061.0,Nyctalus leisleri,0.305,0.574,-1,Echolocation,192000.0,/mnt/ubna_data_04/recover-20241104/UBNA_026/20241026_015000.WAV,recover-20241104,UBNA_026,Carp Pond
LF,25920.0,23.637279401829975,42.3815,42.3969,24609.0,29196.0,Nyctalus leisleri,0.355,0.577,-1,Echolocation,192000.0,/mnt/ubna_data_04/recover-20241104/UBNA_026/20241026_015000.WAV,recover-20241104,UBNA_026,Carp Pond
LF,24960.0,23.9625427796171,42.7675,42.7834,23750.0,28676.0,Nyctalus leisleri,0.45,0.641,-1,Echolocation,192000.0,/mnt/ubna_data_04/recover-20241104/UBNA_026/20241026_015000.WAV,recover-20241104,UBNA_026,Carp Pond
LF,25920.0,30.080782715291306,43.0135,43.0296,23750.0,30478.0,Nyctalus leisleri,0.261,0.591,-1,Echolocation,192000.0,/mnt/ubna_data_04/recover-20241104/UBNA_026/20241026_015000.WAV,recover-20241104,UBNA_026,Carp Pond
LF,24000.0,6.56933937596194,43.2195,43.2388,22031.0,27173.0,Nyctalus leisleri,0.253,0.506,-1,Echolocation,192000.0,/mnt/ubna_data_04/recover-20241104/UBNA_026/20241026_015000.WAV,recover-20241104,UBNA_026,Carp Pond
LF,25920.0,28.770384400360886,43.2735,43.2888,23750.0,31454.0,Eptesicus serotinus,0.26,0.583,-1,Echolocation,192000.0,/mnt/ubna_data_04/recover-20241104/UBNA_026/20241026_015000.WAV,recover-20241104,UBNA_026,Carp Pond
LF,25920.0,14.631569438658317,43.5305,43.5462,24609.0,29420.0,Nyctalus leisleri,0.313,0.58,-1,Echolocation,192000.0,/mnt/ubna_data_04/recover-20241104/UBNA_026/20241026_015000.WAV,recover-20241104,UBNA_026,Carp Pond
LF,25920.0,19.44074596857004,43.667500000000004,43.6803,24609.0,32769.0,Eptesicus serotinus,0.389,0.643,-1,Echolocation,192000.0,/mnt/ubna_data_04/recover-20241104/UBNA_026/20241026_015000.WAV,recover-20241104,UBNA_026,Carp Pond
LF,25920.0,27.649881992617292,44.0405,44.061,22890.0,31497.0,Eptesicus serotinus,0.258,0.53,-1,Echolocation,192000.0,/mnt/ubna_data_04/recover-20241104/UBNA_026/20241026_015000.WAV,recover-20241104,UBNA_026,Carp Pond
LF,26880.0,28.117860296023082,44.8025,44.8185,24609.0,31217.0,Nyctalus leisleri,0.264,0.539,-1,Echolocation,192000.0,/mnt/ubna_data_04/recover-20241104/UBNA_026/20241026_015000.WAV,recover-20241104,UBNA_026,Carp Pond
LF,25920.0,29.237168715501664,45.4405,45.4579,23750.0,28613.0,Nyctalus leisleri,0.403,0.54,-1,Echolocation,192000.0,/mnt/ubna_data_04/recover-20241104/UBNA_026/20241026_015000.WAV,recover-20241104,UBNA_026,Carp Pond
LF,24000.0,10.673368832334289,46.2725,46.2919,22890.0,25486.0,Nyctalus leisleri,0.648,0.678,-1,Echolocation,192000.0,/mnt/ubna_data_04/recover-20241104/UBNA_026/20241026_015000.WAV,recover-20241104,UBNA_026,Carp Pond
LF,24000.0,18.565398476702853,46.3405,46.358000000000004,24609.0,28168.0,Nyctalus leisleri,0.439,0.529,-1,Echolocation,192000.0,/mnt/ubna_data_04/recover-20241104/UBNA_026/20241026_015000.WAV,recover-20241104,UBNA_026,Carp Pond
LF,26880.0,28.17227930807844,46.5985,46.6139,24609.0,29668.0,Nyctalus leisleri,0.508,0.639,-1,Echolocation,192000.0,/mnt/ubna_data_04/recover-20241104/UBNA_026/20241026_015000.WAV,recover-20241104,UBNA_026,Carp Pond
LF,24000.0,10.500089560265389,46.8305,46.849000000000004,22890.0,26072.0,Nyctalus leisleri,0.49,0.546,-1,Echolocation,192000.0,/mnt/ubna_data_04/recover-20241104/UBNA_026/20241026_015000.WAV,recover-20241104,UBNA_026,Carp Pond
LF,25920.0,21.462807643307194,47.3765,47.3916,23750.0,29068.0,Nyctalus leisleri,0.45,0.572,-1,Echolocation,192000.0,/mnt/ubna_data_04/recover-20241104/UBNA_026/20241026_015000.WAV,recover-20241104,UBNA_026,Carp Pond
LF,25920.0,25.698132472897846,47.8955,47.910399999999996,24609.0,30322.0,Nyctalus leisleri,0.431,0.624,-1,Echolocation,192000.0,/mnt/ubna_data_04/recover-20241104/UBNA_026/20241026_015000.WAV,recover-20241104,UBNA_026,Carp Pond
LF,25920.0,25.47486336343979,48.1595,48.1751,23750.0,29774.0,Nyctalus leisleri,0.439,0.599,-1,Echolocation,192000.0,/mnt/ubna_data_04/recover-20241104/UBNA_026/20241026_015000.WAV,recover-20241104,UBNA_026,Carp Pond
LF,25920.0,11.352744636902079,48.420500000000004,48.437200000000004,24609.0,27501.0,Nyctalus leisleri,0.472,0.574,-1,Echolocation,192000.0,/mnt/ubna_data_04/recover-20241104/UBNA_026/20241026_015000.WAV,recover-20241104,UBNA_026,Carp Pond
LF,23040.0,7.674007275116073,48.7625,48.7774,22031.0,25940.0,Nyctalus leisleri,0.49,0.603,-1,Echolocation,192000.0,/mnt/ubna_data_04/recover-20241104/UBNA_026/20241026_015000.WAV,recover-20241104,UBNA_026,Carp Pond
LF,25920.0,24.22938080642792,48.8035,48.8196,23750.0,29534.0,Nyctalus leisleri,0.354,0.545,-1,Echolocation,192000.0,/mnt/ubna_data_04/recover-20241104/UBNA_026/20241026_015000.WAV,recover-20241104,UBNA_026,Carp Pond
LF,23040.0,7.471681099626134,48.9165,48.9285,22890.0,29024.0,Nyctalus leisleri,0.348,0.569,-1,Echolocation,192000.0,/mnt/ubna_data_04/recover-20241104/UBNA_026/20241026_015000.WAV,recover-20241104,UBNA_026,Carp Pond
LF,23040.0,14.078238794982582,49.1845,49.2008,22031.0,26124.0,Nyctalus leisleri,0.456,0.592,-1,Echolocation,192000.0,/mnt/ubna_data_04/recover-20241104/UBNA_026/20241026_015000.WAV,recover-20241104,UBNA_026,Carp Pond
LF,25920.0,23.535483187203212,49.4405,49.4565,23750.0,29445.0,Nyctalus leisleri,0.302,0.505,-1,Echolocation,192000.0,/mnt/ubna_data_04/recover-20241104/UBNA_026/20241026_015000.WAV,recover-20241104,UBNA_026,Carp Pond
LF,24000.0,13.057151826237277,49.701499999999996,49.7208,23750.0,26976.0,Nyctalus leisleri,0.472,0.529,-1,Echolocation,192000.0,/mnt/ubna_data_04/recover-20241104/UBNA_026/20241026_015000.WAV,recover-20241104,UBNA_026,Carp Pond
LF,23040.0,10.292686246145479,49.7445,49.7603,22031.0,25945.0,Nyctalus leisleri,0.397,0.569,-1,Echolocation,192000.0,/mnt/ubna_data_04/recover-20241104/UBNA_026/20241026_015000.WAV,recover-20241104,UBNA_026,Carp Pond
LF,25920.0,14.873645959824337,49.941500000000005,49.9581,23750.0,27957.0,Nyctalus leisleri,0.431,0.585,-1,Echolocation,192000.0,/mnt/ubna_data_04/recover-20241104/UBNA_026/20241026_015000.WAV,recover-20241104,UBNA_026,Carp Pond
LF,25920.0,9.434694205017045,50.579499999999996,50.597300000000004,23750.0,27347.0,Nyctalus leisleri,0.415,0.529,-1,Echolocation,192000.0,/mnt/ubna_data_04/recover-20241104/UBNA_026/20241026_015000.WAV,recover-20241104,UBNA_026,Carp Pond
LF,24960.0,25.120558967656144,50.8345,50.8512,23750.0,28088.0,Nyctalus leisleri,0.492,0.586,-1,Echolocation,192000.0,/mnt/ubna_data_04/recover-20241104/UBNA_026/20241026_015000.WAV,recover-20241104,UBNA_026,Carp Pond
LF,24000.0,10.672917759470277,51.1045,51.1215,23750.0,26689.0,Nyctalus leisleri,0.486,0.545,-1,Echolocation,192000.0,/mnt/ubna_data_04/recover-20241104/UBNA_026/20241026_015000.WAV,recover-20241104,UBNA_026,Carp Pond
LF,24960.0,4.565403149625842,52.0075,52.0245,23750.0,27205.0,Nyctalus leisleri,0.585,0.64,-1,Echolocation,192000.0,/mnt/ubna_data_04/recover-20241104/UBNA_026/20241026_015000.WAV,recover-20241104,UBNA_026,Carp Pond
LF,23040.0,7.044727088986561,52.808499999999995,52.8281,22031.0,27026.0,Nyctalus leisleri,0.369,0.508,-1,Echolocation,192000.0,/mnt/ubna_data_04/recover-20241104/UBNA_026/20241026_015000.WAV,recover-20241104,UBNA_026,Carp Pond
LF,23040.0,12.307979226098167,53.0315,53.0467,22890.0,25947.0,Nyctalus leisleri,0.528,0.604,-1,Echolocation,192000.0,/mnt/ubna_data_04/recover-20241104/UBNA_026/20241026_015000.WAV,recover-20241104,UBNA_026,Carp Pond
LF,23040.0,14.28778299093069,53.8755,53.8922,22890.0,26651.0,Nyctalus leisleri,0.409,0.562,-1,Echolocation,192000.0,/mnt/ubna_data_04/recover-20241104/UBNA_026/20241026_015000.WAV,recover-20241104,UBNA_026,Carp Pond
LF,23040.0,7.552217460697409,54.055499999999995,54.0686,22890.0,27139.0,Nyctalus leisleri,0.55,0.658,-1,Echolocation,192000.0,/mnt/ubna_data_04/recover-20241104/UBNA_026/20241026_015000.WAV,recover-20241104,UBNA_026,Carp Pond
LF,24000.0,12.548193427257141,54.3095,54.327600000000004,22890.0,26783.0,Nyctalus leisleri,0.363,0.518,-1,Echolocation,192000.0,/mnt/ubna_data_04/recover-20241104/UBNA_026/20241026_015000.WAV,recover-20241104,UBNA_026,Carp Pond
LF,23040.0,6.743220742829794,54.579499999999996,54.5931,22031.0,27391.0,Nyctalus leisleri,0.234,0.556,-1,Echolocation,192000.0,/mnt/ubna_data_04/recover-20241104/UBNA_026/20241026_015000.WAV,recover-20241104,UBNA_026,Carp Pond
LF,23040.0,5.8540408415681,54.8645,54.8781,22031.0,28137.0,Nyctalus noctula,0.303,0.591,-1,Echolocation,192000.0,/mnt/ubna_data_04/recover-20241104/UBNA_026/20241026_015000.WAV,recover-20241104,UBNA_026,Carp Pond
LF,23040.0,4.820171314062277,55.1385,55.1515,22031.0,27539.0,Nyctalus noctula,0.293,0.601,-1,Echolocation,192000.0,/mnt/ubna_data_04/recover-20241104/UBNA_026/20241026_015000.WAV,recover-20241104,UBNA_026,Carp Pond
LF,23040.0,8.5230304502936,55.670500000000004,55.6869,22031.0,25376.0,Nyctalus leisleri,0.434,0.522,-1,Echolocation,192000.0,/mnt/ubna_data_04/recover-20241104/UBNA_026/20241026_015000.WAV,recover-20241104,UBNA_026,Carp Pond
LF,24960.0,12.00186221806022,56.1485,56.1649,23750.0,29087.0,Nyctalus leisleri,0.343,0.519,-1,Echolocation,192000.0,/mnt/ubna_data_04/recover-20241104/UBNA_026/20241026_015000.WAV,recover-20241104,UBNA_026,Carp Pond
LF,24960.0,8.088480434363092,56.2975,56.310500000000005,24609.0,28215.0,Nyctalus leisleri,0.398,0.541,-1,Echolocation,192000.0,/mnt/ubna_data_04/recover-20241104/UBNA_026/20241026_015000.WAV,recover-20241104,UBNA_026,Carp Pond
LF,25920.0,7.31884021622125,56.4315,56.4424,24609.0,30071.0,Nyctalus leisleri,0.37,0.539,-1,Echolocation,192000.0,/mnt/ubna_data_04/recover-20241104/UBNA_026/20241026_015000.WAV,recover-20241104,UBNA_026,Carp Pond
LF,24000.0,7.4253299730998545,57.8375,57.853899999999996,22890.0,28387.0,Nyctalus leisleri,0.269,0.545,-1,Echolocation,192000.0,/mnt/ubna_data_04/recover-20241104/UBNA_026/20241026_015000.WAV,recover-20241104,UBNA_026,Carp Pond
LF,24000.0,7.904700358072244,58.6095,58.6261,22890.0,26354.0,Nyctalus leisleri,0.609,0.653,-1,Echolocation,192000.0,/mnt/ubna_data_04/recover-20241104/UBNA_026/20241026_015000.WAV,recover-20241104,UBNA_026,Carp Pond
LF,24000.0,6.3209968518433595,60.3665,60.3818,22890.0,28160.0,Nyctalus leisleri,0.359,0.56,-1,Echolocation,192000.0,/mnt/ubna_data_04/recover-20241104/UBNA_026/20241026_015000.WAV,recover-20241104,UBNA_026,Carp Pond
LF,23040.0,8.891398354212136,60.5215,60.5349,22031.0,28197.0,Nyctalus leisleri,0.219,0.58,-1,Echolocation,192000.0,/mnt/ubna_data_04/recover-20241104/UBNA_026/20241026_015000.WAV,recover-20241104,UBNA_026,Carp Pond
LF,23040.0,9.639902876292412,60.7365,60.7513,22031.0,28346.0,Nyctalus leisleri,0.259,0.597,-1,Echolocation,192000.0,/mnt/ubna_data_04/recover-20241104/UBNA_026/20241026_015000.WAV,recover-20241104,UBNA_026,Carp Pond
LF,23040.0,12.703926124510073,61.3785,61.397,21171.0,26515.0,Nyctalus leisleri,0.286,0.53,-1,Echolocation,192000.0,/mnt/ubna_data_04/recover-20241104/UBNA_026/20241026_015000.WAV,recover-20241104,UBNA_026,Carp Pond
LF,23040.0,3.2516629236302084,61.6545,61.6682,22031.0,26911.0,Nyctalus leisleri,0.468,0.603,-1,Echolocation,192000.0,/mnt/ubna_data_04/recover-20241104/UBNA_026/20241026_015000.WAV,recover-20241104,UBNA_026,Carp Pond
LF,23040.0,10.063893390433403,61.9515,61.9704,22031.0,27045.0,Nyctalus leisleri,0.328,0.503,-1,Echolocation,192000.0,/mnt/ubna_data_04/recover-20241104/UBNA_026/20241026_015000.WAV,recover-20241104,UBNA_026,Carp Pond
LF,23040.0,3.18536089776158,62.1555,62.1708,22031.0,24809.0,Nyctalus leisleri,0.445,0.537,-1,Echolocation,192000.0,/mnt/ubna_data_04/recover-20241104/UBNA_026/20241026_015000.WAV,recover-20241104,UBNA_026,Carp Pond
LF,23040.0,7.2171800316950305,62.4675,62.4869,22031.0,26211.0,Nyctalus leisleri,0.387,0.511,-1,Echolocation,192000.0,/mnt/ubna_data_04/recover-20241104/UBNA_026/20241026_015000.WAV,recover-20241104,UBNA_026,Carp Pond
LF,24960.0,5.153960132162377,105.9625,105.9785,23750.0,27681.0,Nyctalus leisleri,0.514,0.594,-1,Echolocation,192000.0,/mnt/ubna_data_04/recover-20241104/UBNA_026/20241026_015000.WAV,recover-20241104,UBNA_026,Carp Pond
LF,24960.0,5.873733587713444,106.5525,106.568,23750.0,28059.0,Nyctalus leisleri,0.448,0.587,-1,Echolocation,192000.0,/mnt/ubna_data_04/recover-20241104/UBNA_026/20241026_015000.WAV,recover-20241104,UBNA_026,Carp Pond
LF,24960.0,10.576212776913394,108.1315,108.1462,23750.0,30060.0,Nyctalus leisleri,0.278,0.601,-1,Echolocation,192000.0,/mnt/ubna_data_04/recover-20241104/UBNA_026/20241026_015000.WAV,recover-20241104,UBNA_026,Carp Pond
LF,24000.0,10.270423111365988,108.6035,108.6188,23750.0,28051.0,Nyctalus leisleri,0.464,0.595,-1,Echolocation,192000.0,/mnt/ubna_data_04/recover-20241104/UBNA_026/20241026_015000.WAV,recover-20241104,UBNA_026,Carp Pond
LF,24960.0,14.29876602403815,108.9145,108.929,23750.0,29152.0,Nyctalus leisleri,0.486,0.654,-1,Echolocation,192000.0,/mnt/ubna_data_04/recover-20241104/UBNA_026/20241026_015000.WAV,recover-20241104,UBNA_026,Carp Pond
LF,24960.0,7.706026770731586,109.2235,109.2403,23750.0,28395.0,Nyctalus leisleri,0.425,0.574,-1,Echolocation,192000.0,/mnt/ubna_data_04/recover-20241104/UBNA_026/20241026_015000.WAV,recover-20241104,UBNA_026,Carp Pond
LF,25920.0,14.987042562415427,109.5335,109.5502,23750.0,29338.0,Nyctalus leisleri,0.413,0.581,-1,Echolocation,192000.0,/mnt/ubna_data_04/recover-20241104/UBNA_026/20241026_015000.WAV,recover-20241104,UBNA_026,Carp Pond
LF,24000.0,8.290406839929062,109.8135,109.8326,23750.0,27394.0,Nyctalus leisleri,0.429,0.525,-1,Echolocation,192000.0,/mnt/ubna_data_04/recover-20241104/UBNA_026/20241026_015000.WAV,recover-20241104,UBNA_026,Carp Pond
LF,25920.0,15.849513303673252,110.1065,110.1228,23750.0,27968.0,Nyctalus leisleri,0.45,0.577,-1,Echolocation,192000.0,/mnt/ubna_data_04/recover-20241104/UBNA_026/20241026_015000.WAV,recover-20241104,UBNA_026,Carp Pond
LF,24960.0,11.69063486562214,112.1425,112.1587,23750.0,28006.0,Nyctalus leisleri,0.478,0.581,-1,Echolocation,192000.0,/mnt/ubna_data_04/recover-20241104/UBNA_026/20241026_015000.WAV,recover-20241104,UBNA_026,Carp Pond
LF,24960.0,9.70890761641497,112.2645,112.2814,23750.0,28067.0,Nyctalus leisleri,0.457,0.59,-1,Echolocation,192000.0,/mnt/ubna_data_04/recover-20241104/UBNA_026/20241026_015000.WAV,recover-20241104,UBNA_026,Carp Pond
LF,24960.0,8.999318862234198,112.5875,112.6015,24609.0,29643.0,Nyctalus leisleri,0.322,0.544,-1,Echolocation,192000.0,/mnt/ubna_data_04/recover-20241104/UBNA_026/20241026_015000.WAV,recover-20241104,UBNA_026,Carp Pond
LF,25920.0,9.1174306781813,112.82849999999999,112.8417,24609.0,30229.0,Nyctalus leisleri,0.312,0.564,-1,Echolocation,192000.0,/mnt/ubna_data_04/recover-20241104/UBNA_026/20241026_015000.WAV,recover-20241104,UBNA_026,Carp Pond
LF,25920.0,10.416503086008053,112.9465,112.9614,24609.0,30276.0,Nyctalus leisleri,0.285,0.501,-1,Echolocation,192000.0,/mnt/ubna_data_04/recover-20241104/UBNA_026/20241026_015000.WAV,recover-20241104,UBNA_026,Carp Pond
LF,25920.0,14.796882718287286,113.0765,113.09270000000001,24609.0,30442.0,Nyctalus leisleri,0.261,0.514,-1,Echolocation,192000.0,/mnt/ubna_data_04/recover-20241104/UBNA_026/20241026_015000.WAV,recover-20241104,UBNA_026,Carp Pond
LF,25920.0,10.030968667041705,113.5265,113.53829999999999,24609.0,31105.0,Nyctalus leisleri,0.233,0.508,-1,Echolocation,192000.0,/mnt/ubna_data_04/recover-20241104/UBNA_026/20241026_015000.WAV,recover-20241104,UBNA_026,Carp Pond
LF,24960.0,13.848185084891968,113.8945,113.91120000000001,24609.0,28998.0,Nyctalus leisleri,0.36,0.535,-1,Echolocation,192000.0,/mnt/ubna_data_04/recover-20241104/UBNA_026/20241026_015000.WAV,recover-20241104,UBNA_026,Carp Pond
LF,24960.0,19.485203599717135,114.0535,114.0695,23750.0,30040.0,Nyctalus leisleri,0.285,0.56,-1,Echolocation,192000.0,/mnt/ubna_data_04/recover-20241104/UBNA_026/20241026_015000.WAV,recover-20241104,UBNA_026,Carp Pond
LF,25920.0,18.92660947444856,116.2975,116.314,24609.0,28555.0,Nyctalus leisleri,0.43,0.554,-1,Echolocation,192000.0,/mnt/ubna_data_04/recover-20241104/UBNA_026/20241026_015000.WAV,recover-20241104,UBNA_026,Carp Pond
LF,25920.0,4.3432073779135765,193.2665,193.2829,24609.0,27594.0,Nyctalus leisleri,0.431,0.534,-1,Echolocation,192000.0,/mnt/ubna_data_04/recover-20241104/UBNA_026/20241026_015000.WAV,recover-20241104,UBNA_026,Carp Pond
LF,25920.0,5.903798118163504,180.1065,180.119,23750.0,29582.0,Nyctalus leisleri,0.327,0.529,-1,Echolocation,192000.0,/mnt/ubna_data_04/recover-20241104/UBNA_026/20241026_020000.WAV,recover-20241104,UBNA_026,Carp Pond
LF,24960.0,5.528883468364933,180.5965,180.609,23750.0,28234.0,Nyctalus leisleri,0.449,0.575,-1,Echolocation,192000.0,/mnt/ubna_data_04/recover-20241104/UBNA_026/20241026_020000.WAV,recover-20241104,UBNA_026,Carp Pond
LF,25920.0,8.927242890596114,180.8245,180.8373,24609.0,28911.0,Nyctalus leisleri,0.502,0.61,-1,Echolocation,192000.0,/mnt/ubna_data_04/recover-20241104/UBNA_026/20241026_020000.WAV,recover-20241104,UBNA_026,Carp Pond
LF,25920.0,7.306832329143383,181.1895,181.2012,24609.0,30461.0,Nyctalus leisleri,0.392,0.638,-1,Echolocation,192000.0,/mnt/ubna_data_04/recover-20241104/UBNA_026/20241026_020000.WAV,recover-20241104,UBNA_026,Carp Pond
LF,25920.0,4.6680585670706165,181.9865,182.0012,24609.0,29332.0,Nyctalus leisleri,0.41,0.545,-1,Echolocation,192000.0,/mnt/ubna_data_04/recover-20241104/UBNA_026/20241026_020000.WAV,recover-20241104,UBNA_026,Carp Pond
LF,24000.0,5.454691641877512,184.5905,184.6061,23750.0,28240.0,Nyctalus leisleri,0.378,0.521,-1,Echolocation,192000.0,/mnt/ubna_data_04/recover-20241104/UBNA_026/20241026_020000.WAV,recover-20241104,UBNA_026,Carp Pond
LF,25920.0,5.6615971098083095,186.5655,186.5761,24609.0,30551.0,Nyctalus leisleri,0.23,0.505,-1,Echolocation,192000.0,/mnt/ubna_data_04/recover-20241104/UBNA_026/20241026_020000.WAV,recover-20241104,UBNA_026,Carp Pond
LF,24960.0,7.309662485437403,187.0475,187.0588,24609.0,29941.0,Nyctalus leisleri,0.363,0.553,-1,Echolocation,192000.0,/mnt/ubna_data_04/recover-20241104/UBNA_026/20241026_020000.WAV,recover-20241104,UBNA_026,Carp Pond
LF,26880.0,5.86485938888088,187.2715,187.2843,25468.0,30912.0,Nyctalus leisleri,0.336,0.517,-1,Echolocation,192000.0,/mnt/ubna_data_04/recover-20241104/UBNA_026/20241026_020000.WAV,recover-20241104,UBNA_026,Carp Pond
LF,25920.0,7.547053047861077,187.6235,187.637,24609.0,29598.0,Nyctalus leisleri,0.422,0.582,-1,Echolocation,192000.0,/mnt/ubna_data_04/recover-20241104/UBNA_026/20241026_020000.WAV,recover-20241104,UBNA_026,Carp Pond
LF,24000.0,13.413233833607123,188.0145,188.0294,22890.0,31700.0,Eptesicus serotinus,0.281,0.577,-1,Echolocation,192000.0,/mnt/ubna_data_04/recover-20241104/UBNA_026/20241026_020000.WAV,recover-20241104,UBNA_026,Carp Pond
LF,26880.0,11.698224538890543,188.3845,188.3979,26328.0,31450.0,Nyctalus leisleri,0.387,0.508,-1,Echolocation,192000.0,/mnt/ubna_data_04/recover-20241104/UBNA_026/20241026_020000.WAV,recover-20241104,UBNA_026,Carp Pond
LF,24960.0,13.130973982666186,188.5845,188.5992,23750.0,30741.0,Nyctalus leisleri,0.406,0.575,-1,Echolocation,192000.0,/mnt/ubna_data_04/recover-20241104/UBNA_026/20241026_020000.WAV,recover-20241104,UBNA_026,Carp Pond
LF,24960.0,19.5440843328308,188.95850000000002,188.9725,23750.0,30814.0,Nyctalus leisleri,0.44,0.644,-1,Echolocation,192000.0,/mnt/ubna_data_04/recover-20241104/UBNA_026/20241026_020000.WAV,recover-20241104,UBNA_026,Carp Pond
LF,25920.0,19.534597949863908,189.3275,189.3405,24609.0,30202.0,Nyctalus leisleri,0.541,0.593,-1,Echolocation,192000.0,/mnt/ubna_data_04/recover-20241104/UBNA_026/20241026_020000.WAV,recover-20241104,UBNA_026,Carp Pond
LF,25920.0,15.507862383709448,189.6875,189.70159999999998,24609.0,30802.0,Nyctalus leisleri,0.422,0.557,-1,Echolocation,192000.0,/mnt/ubna_data_04/recover-20241104/UBNA_026/20241026_020000.WAV,recover-20241104,UBNA_026,Carp Pond
LF,24960.0,16.949294112301203,189.9075,189.9217,24609.0,30878.0,Nyctalus leisleri,0.399,0.58,-1,Echolocation,192000.0,/mnt/ubna_data_04/recover-20241104/UBNA_026/20241026_020000.WAV,recover-20241104,UBNA_026,Carp Pond
LF,24960.0,12.444305514542984,190.7105,190.7248,23750.0,28627.0,Nyctalus leisleri,0.51,0.609,-1,Echolocation,192000.0,/mnt/ubna_data_04/recover-20241104/UBNA_026/20241026_020000.WAV,recover-20241104,UBNA_026,Carp Pond
LF,24960.0,17.818365783216258,190.9115,190.928,23750.0,29663.0,Nyctalus leisleri,0.358,0.585,-1,Echolocation,192000.0,/mnt/ubna_data_04/recover-20241104/UBNA_026/20241026_020000.WAV,recover-20241104,UBNA_026,Carp Pond
LF,24960.0,16.923015545100633,191.1465,191.1636,23750.0,29413.0,Nyctalus leisleri,0.315,0.543,-1,Echolocation,192000.0,/mnt/ubna_data_04/recover-20241104/UBNA_026/20241026_020000.WAV,recover-20241104,UBNA_026,Carp Pond
LF,24960.0,20.8509115751629,191.9725,191.9865,23750.0,30352.0,Nyctalus leisleri,0.39,0.545,-1,Echolocation,192000.0,/mnt/ubna_data_04/recover-20241104/UBNA_026/20241026_020000.WAV,recover-20241104,UBNA_026,Carp Pond
LF,24000.0,9.08598055524741,194.8565,194.8723,22890.0,28061.0,Nyctalus leisleri,0.395,0.58,-1,Echolocation,192000.0,/mnt/ubna_data_04/recover-20241104/UBNA_026/20241026_020000.WAV,recover-20241104,UBNA_026,Carp Pond
LF,24000.0,10.392928182513268,195.0785,195.0927,23750.0,27510.0,Nyctalus leisleri,0.484,0.579,-1,Echolocation,192000.0,/mnt/ubna_data_04/recover-20241104/UBNA_026/20241026_020000.WAV,recover-20241104,UBNA_026,Carp Pond
LF,23040.0,7.160492511098018,195.3385,195.3512,22890.0,28661.0,Nyctalus leisleri,0.313,0.609,-1,Echolocation,192000.0,/mnt/ubna_data_04/recover-20241104/UBNA_026/20241026_020000.WAV,recover-20241104,UBNA_026,Carp Pond
LF,24000.0,12.597460676608689,195.7435,195.7584,22890.0,28197.0,Nyctalus leisleri,0.378,0.546,-1,Echolocation,192000.0,/mnt/ubna_data_04/recover-20241104/UBNA_026/20241026_020000.WAV,recover-20241104,UBNA_026,Carp Pond
LF,24000.0,8.611690508069348,196.5635,196.579,22890.0,28681.0,Nyctalus leisleri,0.269,0.501,-1,Echolocation,192000.0,/mnt/ubna_data_04/recover-20241104/UBNA_026/20241026_020000.WAV,recover-20241104,UBNA_026,Carp Pond
LF,24000.0,8.991502006579148,197.1035,197.1199,23750.0,28058.0,Nyctalus leisleri,0.478,0.572,-1,Echolocation,192000.0,/mnt/ubna_data_04/recover-20241104/UBNA_026/20241026_020000.WAV,recover-20241104,UBNA_026,Carp Pond
LF,24000.0,9.263862280626743,197.2855,197.301,23750.0,28074.0,Nyctalus leisleri,0.551,0.641,-1,Echolocation,192000.0,/mnt/ubna_data_04/recover-20241104/UBNA_026/20241026_020000.WAV,recover-20241104,UBNA_026,Carp Pond
LF,24960.0,10.535111605012126,197.7195,197.73329999999999,23750.0,28123.0,Nyctalus leisleri,0.383,0.518,-1,Echolocation,192000.0,/mnt/ubna_data_04/recover-20241104/UBNA_026/20241026_020000.WAV,recover-20241104,UBNA_026,Carp Pond
LF,24960.0,10.87039148319227,198.3765,198.3914,23750.0,29136.0,Nyctalus leisleri,0.4,0.553,-1,Echolocation,192000.0,/mnt/ubna_data_04/recover-20241104/UBNA_026/20241026_020000.WAV,recover-20241104,UBNA_026,Carp Pond
LF,25920.0,5.7840566967435825,198.6865,198.6985,25468.0,30160.0,Nyctalus leisleri,0.339,0.515,-1,Echolocation,192000.0,/mnt/ubna_data_04/recover-20241104/UBNA_026/20241026_020000.WAV,recover-20241104,UBNA_026,Carp Pond
LF,24960.0,6.366254569507916,198.8905,198.9055,23750.0,28428.0,Nyctalus leisleri,0.304,0.503,-1,Echolocation,192000.0,/mnt/ubna_data_04/recover-20241104/UBNA_026/20241026_020000.WAV,recover-20241104,UBNA_026,Carp Pond
LF,25920.0,7.174281786303258,201.0025,201.0187,24609.0,27890.0,Nyctalus leisleri,0.388,0.527,-1,Echolocation,192000.0,/mnt/ubna_data_04/recover-20241104/UBNA_026/20241026_020000.WAV,recover-20241104,UBNA_026,Carp Pond
LF,25920.0,8.63009926050988,201.2645,201.2835,24609.0,29042.0,Nyctalus leisleri,0.307,0.509,-1,Echolocation,192000.0,/mnt/ubna_data_04/recover-20241104/UBNA_026/20241026_020000.WAV,recover-20241104,UBNA_026,Carp Pond
LF,25920.0,18.742510105930933,201.6175,201.6327,24609.0,29221.0,Nyctalus leisleri,0.473,0.598,-1,Echolocation,192000.0,/mnt/ubna_data_04/recover-20241104/UBNA_026/20241026_020000.WAV,recover-20241104,UBNA_026,Carp Pond
LF,24960.0,19.847239705886164,202.3585,202.3753,23750.0,28436.0,Nyctalus leisleri,0.488,0.6,-1,Echolocation,192000.0,/mnt/ubna_data_04/recover-20241104/UBNA_026/20241026_020000.WAV,recover-20241104,UBNA_026,Carp Pond
LF,25920.0,19.82070831937973,202.6255,202.6413,23750.0,28124.0,Nyctalus leisleri,0.57,0.626,-1,Echolocation,192000.0,/mnt/ubna_data_04/recover-20241104/UBNA_026/20241026_020000.WAV,recover-20241104,UBNA_026,Carp Pond
LF,25920.0,14.620773099958313,203.0185,203.0343,23750.0,29384.0,Nyctalus leisleri,0.488,0.573,-1,Echolocation,192000.0,/mnt/ubna_data_04/recover-20241104/UBNA_026/20241026_020000.WAV,recover-20241104,UBNA_026,Carp Pond
LF,25920.0,13.103585949149066,203.6415,203.6561,25468.0,29244.0,Nyctalus leisleri,0.398,0.519,-1,Echolocation,192000.0,/mnt/ubna_data_04/recover-20241104/UBNA_026/20241026_020000.WAV,recover-20241104,UBNA_026,Carp Pond
LF,24960.0,15.047695319045225,204.2955,204.3108,24609.0,31625.0,Nyctalus leisleri,0.28,0.511,-1,Echolocation,192000.0,/mnt/ubna_data_04/recover-20241104/UBNA_026/20241026_020000.WAV,recover-20241104,UBNA_026,Carp Pond
LF,24000.0,19.244248426882088,204.6365,204.65370000000001,23750.0,28694.0,Nyctalus leisleri,0.534,0.619,-1,Echolocation,192000.0,/mnt/ubna_data_04/recover-20241104/UBNA_026/20241026_020000.WAV,recover-20241104,UBNA_026,Carp Pond
LF,24960.0,22.77324982489578,204.9925,205.0084,24609.0,29287.0,Nyctalus leisleri,0.385,0.578,-1,Echolocation,192000.0,/mnt/ubna_data_04/recover-20241104/UBNA_026/20241026_020000.WAV,recover-20241104,UBNA_026,Carp Pond
LF,25920.0,21.485523468903025,205.2305,205.2435,25468.0,30854.0,Nyctalus leisleri,0.493,0.601,-1,Echolocation,192000.0,/mnt/ubna_data_04/recover-20241104/UBNA_026/20241026_020000.WAV,recover-20241104,UBNA_026,Carp Pond
LF,26880.0,22.806971853006594,205.45850000000002,205.4733,25468.0,30390.0,Nyctalus leisleri,0.523,0.624,-1,Echolocation,192000.0,/mnt/ubna_data_04/recover-20241104/UBNA_026/20241026_020000.WAV,recover-20241104,UBNA_026,Carp Pond
LF,25920.0,22.39624286587709,205.7235,205.74,24609.0,30289.0,Nyctalus leisleri,0.405,0.595,-1,Echolocation,192000.0,/mnt/ubna_data_04/recover-20241104/UBNA_026/20241026_020000.WAV,recover-20241104,UBNA_026,Carp Pond
LF,24960.0,27.006716590495557,206.1655,206.1791,24609.0,31766.0,Nyctalus leisleri,0.383,0.629,-1,Echolocation,192000.0,/mnt/ubna_data_04/recover-20241104/UBNA_026/20241026_020000.WAV,recover-20241104,UBNA_026,Carp Pond
LF,24960.0,33.31710247357996,206.5575,206.5735,23750.0,28411.0,Nyctalus leisleri,0.582,0.655,-1,Echolocation,192000.0,/mnt/ubna_data_04/recover-20241104/UBNA_026/20241026_020000.WAV,recover-20241104,UBNA_026,Carp Pond
LF,25920.0,30.012044015474743,206.9655,206.9829,24609.0,33673.0,Eptesicus serotinus,0.353,0.575,-1,Echolocation,192000.0,/mnt/ubna_data_04/recover-20241104/UBNA_026/20241026_020000.WAV,recover-20241104,UBNA_026,Carp Pond
LF,24960.0,30.785983986725842,207.3005,207.3159,23750.0,31359.0,Nyctalus leisleri,0.268,0.597,-1,Echolocation,192000.0,/mnt/ubna_data_04/recover-20241104/UBNA_026/20241026_020000.WAV,recover-20241104,UBNA_026,Carp Pond
LF,25920.0,31.400604688048812,207.4625,207.4784,24609.0,33708.0,Nyctalus leisleri,0.281,0.606,-1,Echolocation,192000.0,/mnt/ubna_data_04/recover-20241104/UBNA_026/20241026_020000.WAV,recover-20241104,UBNA_026,Carp Pond
LF,24960.0,26.12274607566679,207.7375,207.75209999999998,23750.0,32363.0,Nyctalus leisleri,0.29,0.635,-1,Echolocation,192000.0,/mnt/ubna_data_04/recover-20241104/UBNA_026/20241026_020000.WAV,recover-20241104,UBNA_026,Carp Pond
LF,25920.0,32.20889235473126,207.9505,207.9658,24609.0,32770.0,Nyctalus leisleri,0.336,0.645,-1,Echolocation,192000.0,/mnt/ubna_data_04/recover-20241104/UBNA_026/20241026_020000.WAV,recover-20241104,UBNA_026,Carp Pond
LF,24960.0,32.32632779098169,208.3735,208.3868,24609.0,36035.0,Eptesicus serotinus,0.449,0.664,-1,Echolocation,192000.0,/mnt/ubna_data_04/recover-20241104/UBNA_026/20241026_020000.WAV,recover-20241104,UBNA_026,Carp Pond
LF,24960.0,24.820521438443123,208.5425,208.5563,24609.0,35838.0,Eptesicus serotinus,0.421,0.678,-1,Echolocation,192000.0,/mnt/ubna_data_04/recover-20241104/UBNA_026/20241026_020000.WAV,recover-20241104,UBNA_026,Carp Pond
LF,24960.0,29.216450883417806,208.8865,208.9018,24609.0,33168.0,Eptesicus serotinus,0.285,0.612,-1,Echolocation,192000.0,/mnt/ubna_data_04/recover-20241104/UBNA_026/20241026_020000.WAV,recover-20241104,UBNA_026,Carp Pond
LF,25920.0,30.21409472909477,209.3135,209.3297,24609.0,31950.0,Nyctalus leisleri,0.288,0.557,-1,Echolocation,192000.0,/mnt/ubna_data_04/recover-20241104/UBNA_026/20241026_020000.WAV,recover-20241104,UBNA_026,Carp Pond
LF,25920.0,28.684589252982285,209.5585,209.5736,23750.0,31511.0,Nyctalus leisleri,0.307,0.619,-1,Echolocation,192000.0,/mnt/ubna_data_04/recover-20241104/UBNA_026/20241026_020000.WAV,recover-20241104,UBNA_026,Carp Pond
LF,25920.0,10.271735142060523,210.0065,210.0255,23750.0,26658.0,Nyctalus leisleri,0.407,0.526,-1,Echolocation,192000.0,/mnt/ubna_data_04/recover-20241104/UBNA_026/20241026_020000.WAV,recover-20241104,UBNA_026,Carp Pond
LF,24960.0,29.014446789373764,210.2465,210.2611,23750.0,30320.0,Nyctalus leisleri,0.514,0.664,-1,Echolocation,192000.0,/mnt/ubna_data_04/recover-20241104/UBNA_026/20241026_020000.WAV,recover-20241104,UBNA_026,Carp Pond
LF,24960.0,27.79227942186604,210.5155,210.5303,23750.0,28918.0,Nyctalus leisleri,0.668,0.74,-1,Echolocation,192000.0,/mnt/ubna_data_04/recover-20241104/UBNA_026/20241026_020000.WAV,recover-20241104,UBNA_026,Carp Pond
LF,25920.0,29.44008737178644,210.8895,210.9043,23750.0,29776.0,Nyctalus leisleri,0.587,0.688,-1,Echolocation,192000.0,/mnt/ubna_data_04/recover-20241104/UBNA_026/20241026_020000.WAV,recover-20241104,UBNA_026,Carp Pond
LF,25920.0,29.17334022076392,211.2985,211.315,23750.0,30271.0,Nyctalus leisleri,0.326,0.543,-1,Echolocation,192000.0,/mnt/ubna_data_04/recover-20241104/UBNA_026/20241026_020000.WAV,recover-20241104,UBNA_026,Carp Pond
LF,24960.0,24.654939555051673,211.7235,211.7397,23750.0,28119.0,Nyctalus leisleri,0.477,0.636,-1,Echolocation,192000.0,/mnt/ubna_data_04/recover-20241104/UBNA_026/20241026_020000.WAV,recover-20241104,UBNA_026,Carp Pond
LF,24960.0,25.15507914024683,212.1485,212.165,23750.0,28777.0,Nyctalus leisleri,0.515,0.621,-1,Echolocation,192000.0,/mnt/ubna_data_04/recover-20241104/UBNA_026/20241026_020000.WAV,recover-20241104,UBNA_026,Carp Pond
LF,24960.0,24.52244680353061,212.8055,212.8233,23750.0,27605.0,Nyctalus leisleri,0.413,0.546,-1,Echolocation,192000.0,/mnt/ubna_data_04/recover-20241104/UBNA_026/20241026_020000.WAV,recover-20241104,UBNA_026,Carp Pond
LF,24000.0,16.211185175469236,214.1455,214.1612,22890.0,27867.0,Nyctalus leisleri,0.419,0.506,-1,Echolocation,192000.0,/mnt/ubna_data_04/recover-20241104/UBNA_026/20241026_020000.WAV,recover-20241104,UBNA_026,Carp Pond
LF,25920.0,4.170628263677391,214.8175,214.8298,24609.0,29305.0,Nyctalus leisleri,0.299,0.505,-1,Echolocation,192000.0,/mnt/ubna_data_04/recover-20241104/UBNA_026/20241026_020000.WAV,recover-20241104,UBNA_026,Carp Pond
LF,24960.0,19.277066321209563,215.0525,215.07150000000001,23750.0,27999.0,Nyctalus leisleri,0.464,0.536,-1,Echolocation,192000.0,/mnt/ubna_data_04/recover-20241104/UBNA_026/20241026_020000.WAV,recover-20241104,UBNA_026,Carp Pond
LF,25920.0,13.013848907943506,215.4725,215.4898,23750.0,28077.0,Nyctalus leisleri,0.421,0.539,-1,Echolocation,192000.0,/mnt/ubna_data_04/recover-20241104/UBNA_026/20241026_020000.WAV,recover-20241104,UBNA_026,Carp Pond
LF,24960.0,8.191769441863332,215.9345,215.94819999999999,23750.0,29870.0,Nyctalus leisleri,0.328,0.597,-1,Echolocation,192000.0,/mnt/ubna_data_04/recover-20241104/UBNA_026/20241026_020000.WAV,recover-20241104,UBNA_026,Carp Pond
LF,24960.0,8.57136803532218,216.1465,216.1611,23750.0,32265.0,Nyctalus leisleri,0.286,0.568,-1,Echolocation,192000.0,/mnt/ubna_data_04/recover-20241104/UBNA_026/20241026_020000.WAV,recover-20241104,UBNA_026,Carp Pond
LF,24960.0,6.980229320705565,217.4435,217.4594,23750.0,28918.0,Nyctalus leisleri,0.345,0.575,-1,Echolocation,192000.0,/mnt/ubna_data_04/recover-20241104/UBNA_026/20241026_020000.WAV,recover-20241104,UBNA_026,Carp Pond
LF,24960.0,7.828977352980897,218.5385,218.5563,23750.0,28625.0,Nyctalus leisleri,0.373,0.501,-1,Echolocation,192000.0,/mnt/ubna_data_04/recover-20241104/UBNA_026/20241026_020000.WAV,recover-20241104,UBNA_026,Carp Pond
LF,24960.0,7.686694925560498,219.3275,219.3417,23750.0,28199.0,Nyctalus leisleri,0.361,0.534,-1,Echolocation,192000.0,/mnt/ubna_data_04/recover-20241104/UBNA_026/20241026_020000.WAV,recover-20241104,UBNA_026,Carp Pond
LF,24000.0,6.957474672012332,219.8175,219.834,23750.0,27430.0,Nyctalus leisleri,0.43,0.516,-1,Echolocation,192000.0,/mnt/ubna_data_04/recover-20241104/UBNA_026/20241026_020000.WAV,recover-20241104,UBNA_026,Carp Pond
LF,24960.0,9.255586292439723,221.6215,221.6364,23750.0,29252.0,Nyctalus leisleri,0.417,0.576,-1,Echolocation,192000.0,/mnt/ubna_data_04/recover-20241104/UBNA_026/20241026_020000.WAV,recover-20241104,UBNA_026,Carp Pond
LF,24960.0,8.520579161420676,222.2435,222.2583,24609.0,28836.0,Nyctalus leisleri,0.427,0.553,-1,Echolocation,192000.0,/mnt/ubna_data_04/recover-20241104/UBNA_026/20241026_020000.WAV,recover-20241104,UBNA_026,Carp Pond
LF,24960.0,10.290635852195066,222.6325,222.6466,24609.0,30436.0,Nyctalus leisleri,0.332,0.514,-1,Echolocation,192000.0,/mnt/ubna_data_04/recover-20241104/UBNA_026/20241026_020000.WAV,recover-20241104,UBNA_026,Carp Pond
LF,24960.0,11.18379804100622,222.8585,222.8726,23750.0,30365.0,Nyctalus leisleri,0.336,0.556,-1,Echolocation,192000.0,/mnt/ubna_data_04/recover-20241104/UBNA_026/20241026_020000.WAV,recover-20241104,UBNA_026,Carp Pond
LF,25920.0,14.054755430548083,223.5855,223.6034,24609.0,29267.0,Nyctalus leisleri,0.359,0.506,-1,Echolocation,192000.0,/mnt/ubna_data_04/recover-20241104/UBNA_026/20241026_020000.WAV,recover-20241104,UBNA_026,Carp Pond
LF,26880.0,17.52877150284533,223.8705,223.8838,25468.0,30064.0,Nyctalus leisleri,0.427,0.549,-1,Echolocation,192000.0,/mnt/ubna_data_04/recover-20241104/UBNA_026/20241026_020000.WAV,recover-20241104,UBNA_026,Carp Pond
LF,25920.0,18.309136611371905,224.2585,224.2752,23750.0,30082.0,Nyctalus leisleri,0.367,0.518,-1,Echolocation,192000.0,/mnt/ubna_data_04/recover-20241104/UBNA_026/20241026_020000.WAV,recover-20241104,UBNA_026,Carp Pond
LF,24000.0,7.446830980750812,230.8055,230.8213,22890.0,27277.0,Nyctalus leisleri,0.49,0.6,-1,Echolocation,192000.0,/mnt/ubna_data_04/recover-20241104/UBNA_026/20241026_020000.WAV,recover-20241104,UBNA_026,Carp Pond
LF,24960.0,9.15290025826595,231.9335,231.95,23750.0,28800.0,Nyctalus leisleri,0.393,0.532,-1,Echolocation,192000.0,/mnt/ubna_data_04/recover-20241104/UBNA_026/20241026_020000.WAV,recover-20241104,UBNA_026,Carp Pond
LF,24000.0,8.002413282513443,232.4835,232.5006,22890.0,27241.0,Nyctalus leisleri,0.538,0.619,-1,Echolocation,192000.0,/mnt/ubna_data_04/recover-20241104/UBNA_026/20241026_020000.WAV,recover-20241104,UBNA_026,Carp Pond
LF,24000.0,8.142288967437402,233.2025,233.2214,23750.0,27438.0,Nyctalus leisleri,0.457,0.526,-1,Echolocation,192000.0,/mnt/ubna_data_04/recover-20241104/UBNA_026/20241026_020000.WAV,recover-20241104,UBNA_026,Carp Pond
LF,25920.0,5.858237101648605,233.4935,233.5094,24609.0,27340.0,Nyctalus leisleri,0.462,0.548,-1,Echolocation,192000.0,/mnt/ubna_data_04/recover-20241104/UBNA_026/20241026_020000.WAV,recover-20241104,UBNA_026,Carp Pond
LF,24960.0,12.366255781542854,233.8765,233.8938,23750.0,27514.0,Nyctalus leisleri,0.541,0.595,-1,Echolocation,192000.0,/mnt/ubna_data_04/recover-20241104/UBNA_026/20241026_020000.WAV,recover-20241104,UBNA_026,Carp Pond
LF,24000.0,12.410481695419403,234.1995,234.216,23750.0,28695.0,Nyctalus leisleri,0.441,0.564,-1,Echolocation,192000.0,/mnt/ubna_data_04/recover-20241104/UBNA_026/20241026_020000.WAV,recover-20241104,UBNA_026,Carp Pond
LF,24960.0,5.955736430000261,234.6015,234.6168,23750.0,28881.0,Nyctalus leisleri,0.46,0.58,-1,Echolocation,192000.0,/mnt/ubna_data_04/recover-20241104/UBNA_026/20241026_020000.WAV,recover-20241104,UBNA_026,Carp Pond
LF,24000.0,10.26537897813149,235.4695,235.4855,23750.0,27146.0,Nyctalus leisleri,0.633,0.687,-1,Echolocation,192000.0,/mnt/ubna_data_04/recover-20241104/UBNA_026/20241026_020000.WAV,recover-20241104,UBNA_026,Carp Pond
LF,24000.0,14.434605284638648,236.2295,236.2467,23750.0,27559.0,Nyctalus leisleri,0.487,0.574,-1,Echolocation,192000.0,/mnt/ubna_data_04/recover-20241104/UBNA_026/20241026_020000.WAV,recover-20241104,UBNA_026,Carp Pond
LF,24960.0,25.801969390021497,236.5185,236.5347,23750.0,30311.0,Nyctalus leisleri,0.394,0.57,-1,Echolocation,192000.0,/mnt/ubna_data_04/recover-20241104/UBNA_026/20241026_020000.WAV,recover-20241104,UBNA_026,Carp Pond
LF,24960.0,14.169958385778493,237.0235,237.0402,23750.0,28847.0,Nyctalus leisleri,0.388,0.502,-1,Echolocation,192000.0,/mnt/ubna_data_04/recover-20241104/UBNA_026/20241026_020000.WAV,recover-20241104,UBNA_026,Carp Pond
LF,25920.0,19.939613550920786,237.2705,237.286,23750.0,28999.0,Nyctalus leisleri,0.517,0.599,-1,Echolocation,192000.0,/mnt/ubna_data_04/recover-20241104/UBNA_026/20241026_020000.WAV,recover-20241104,UBNA_026,Carp Pond
LF,25920.0,16.623357704517893,237.8025,237.81889999999999,23750.0,29979.0,Nyctalus leisleri,0.404,0.549,-1,Echolocation,192000.0,/mnt/ubna_data_04/recover-20241104/UBNA_026/20241026_020000.WAV,recover-20241104,UBNA_026,Carp Pond
LF,24960.0,20.0270097777523,238.4655,238.4837,23750.0,28346.0,Nyctalus leisleri,0.324,0.504,-1,Echolocation,192000.0,/mnt/ubna_data_04/recover-20241104/UBNA_026/20241026_020000.WAV,recover-20241104,UBNA_026,Carp Pond
LF,24000.0,23.727350837996593,239.2765,239.2979,23750.0,28213.0,Nyctalus leisleri,0.401,0.521,-1,Echolocation,192000.0,/mnt/ubna_data_04/recover-20241104/UBNA_026/20241026_020000.WAV,recover-20241104,UBNA_026,Carp Pond
LF,24960.0,14.690514857500999,240.7295,240.7447,23750.0,26918.0,Nyctalus leisleri,0.614,0.68,-1,Echolocation,192000.0,/mnt/ubna_data_04/recover-20241104/UBNA_026/20241026_020000.WAV,recover-20241104,UBNA_026,Carp Pond
LF,25920.0,6.208055956081676,242.2815,242.2963,24609.0,27592.0,Nyctalus leisleri,0.475,0.551,-1,Echolocation,192000.0,/mnt/ubna_data_04/recover-20241104/UBNA_026/20241026_020000.WAV,recover-20241104,UBNA_026,Carp Pond
LF,24960.0,9.922144437370141,242.5455,242.5607,23750.0,28880.0,Nyctalus leisleri,0.53,0.633,-1,Echolocation,192000.0,/mnt/ubna_data_04/recover-20241104/UBNA_026/20241026_020000.WAV,recover-20241104,UBNA_026,Carp Pond
LF,24960.0,14.261250072204222,242.9295,242.9461,23750.0,28265.0,Nyctalus leisleri,0.549,0.63,-1,Echolocation,192000.0,/mnt/ubna_data_04/recover-20241104/UBNA_026/20241026_020000.WAV,recover-20241104,UBNA_026,Carp Pond
LF,24960.0,9.049411012860613,243.0975,243.1137,23750.0,28098.0,Nyctalus leisleri,0.475,0.588,-1,Echolocation,192000.0,/mnt/ubna_data_04/recover-20241104/UBNA_026/20241026_020000.WAV,recover-20241104,UBNA_026,Carp Pond
LF,24000.0,13.294353894262992,243.4945,243.5108,23750.0,29383.0,Nyctalus leisleri,0.451,0.547,-1,Echolocation,192000.0,/mnt/ubna_data_04/recover-20241104/UBNA_026/20241026_020000.WAV,recover-20241104,UBNA_026,Carp Pond
LF,24960.0,9.868326562575415,243.8975,243.9146,23750.0,28301.0,Nyctalus leisleri,0.44,0.531,-1,Echolocation,192000.0,/mnt/ubna_data_04/recover-20241104/UBNA_026/20241026_020000.WAV,recover-20241104,UBNA_026,Carp Pond
LF,24960.0,10.17639497663081,244.5185,244.5346,23750.0,27402.0,Nyctalus leisleri,0.525,0.606,-1,Echolocation,192000.0,/mnt/ubna_data_04/recover-20241104/UBNA_026/20241026_020000.WAV,recover-20241104,UBNA_026,Carp Pond
LF,24960.0,9.702394744511992,244.7045,244.7202,23750.0,28104.0,Nyctalus leisleri,0.499,0.602,-1,Echolocation,192000.0,/mnt/ubna_data_04/recover-20241104/UBNA_026/20241026_020000.WAV,recover-20241104,UBNA_026,Carp Pond
LF,24000.0,11.05270853853889,245.0305,245.047,23750.0,26911.0,Nyctalus leisleri,0.581,0.641,-1,Echolocation,192000.0,/mnt/ubna_data_04/recover-20241104/UBNA_026/20241026_020000.WAV,recover-20241104,UBNA_026,Carp Pond
LF,25920.0,13.489070217458236,245.2285,245.2445,23750.0,28229.0,Nyctalus leisleri,0.466,0.556,-1,Echolocation,192000.0,/mnt/ubna_data_04/recover-20241104/UBNA_026/20241026_020000.WAV,recover-20241104,UBNA_026,Carp Pond
LF,23040.0,10.25329789094544,246.1665,246.1849,22890.0,26132.0,Nyctalus leisleri,0.596,0.643,-1,Echolocation,192000.0,/mnt/ubna_data_04/recover-20241104/UBNA_026/20241026_020000.WAV,recover-20241104,UBNA_026,Carp Pond
LF,24960.0,4.194056415565773,248.5465,248.5609,23750.0,28711.0,Nyctalus leisleri,0.41,0.612,-1,Echolocation,192000.0,/mnt/ubna_data_04/recover-20241104/UBNA_026/20241026_020000.WAV,recover-20241104,UBNA_026,Carp Pond
LF,24960.0,5.540658968071549,248.8205,248.8362,23750.0,28640.0,Nyctalus leisleri,0.362,0.532,-1,Echolocation,192000.0,/mnt/ubna_data_04/recover-20241104/UBNA_026/20241026_020000.WAV,recover-20241104,UBNA_026,Carp Pond
LF,25920.0,5.477759032767739,249.0965,249.1114,23750.0,29449.0,Nyctalus leisleri,0.319,0.565,-1,Echolocation,192000.0,/mnt/ubna_data_04/recover-20241104/UBNA_026/20241026_020000.WAV,recover-20241104,UBNA_026,Carp Pond
LF,24960.0,7.451296582705926,249.6565,249.6731,23750.0,28899.0,Nyctalus leisleri,0.382,0.552,-1,Echolocation,192000.0,/mnt/ubna_data_04/recover-20241104/UBNA_026/20241026_020000.WAV,recover-20241104,UBNA_026,Carp Pond
LF,24000.0,6.147469012485443,251.4915,251.5068,22890.0,27004.0,Nyctalus leisleri,0.566,0.648,-1,Echolocation,192000.0,/mnt/ubna_data_04/recover-20241104/UBNA_026/20241026_020000.WAV,recover-20241104,UBNA_026,Carp Pond
LF,24000.0,5.771669608316553,251.6915,251.7074,23750.0,28859.0,Nyctalus leisleri,0.392,0.593,-1,Echolocation,192000.0,/mnt/ubna_data_04/recover-20241104/UBNA_026/20241026_020000.WAV,recover-20241104,UBNA_026,Carp Pond
LF,24960.0,7.2837294840307525,252.2795,252.2942,23750.0,27722.0,Nyctalus leisleri,0.57,0.664,-1,Echolocation,192000.0,/mnt/ubna_data_04/recover-20241104/UBNA_026/20241026_020000.WAV,recover-20241104,UBNA_026,Carp Pond
LF,25920.0,10.921975028845594,252.4225,252.4375,23750.0,29318.0,Nyctalus leisleri,0.484,0.667,-1,Echolocation,192000.0,/mnt/ubna_data_04/recover-20241104/UBNA_026/20241026_020000.WAV,recover-20241104,UBNA_026,Carp Pond
LF,25920.0,9.305407990297962,252.6505,252.6646,23750.0,28128.0,Nyctalus leisleri,0.536,0.677,-1,Echolocation,192000.0,/mnt/ubna_data_04/recover-20241104/UBNA_026/20241026_020000.WAV,recover-20241104,UBNA_026,Carp Pond
LF,25920.0,14.916140499259685,252.83350000000002,252.8474,24609.0,28695.0,Nyctalus leisleri,0.495,0.65,-1,Echolocation,192000.0,/mnt/ubna_data_04/recover-20241104/UBNA_026/20241026_020000.WAV,recover-20241104,UBNA_026,Carp Pond
LF,25920.0,11.649495295177136,253.2835,253.2968,24609.0,28694.0,Nyctalus leisleri,0.549,0.662,-1,Echolocation,192000.0,/mnt/ubna_data_04/recover-20241104/UBNA_026/20241026_020000.WAV,recover-20241104,UBNA_026,Carp Pond
LF,24960.0,4.708544246641258,253.5585,253.5711,23750.0,28590.0,Nyctalus leisleri,0.349,0.53,-1,Echolocation,192000.0,/mnt/ubna_data_04/recover-20241104/UBNA_026/20241026_020000.WAV,recover-20241104,UBNA_026,Carp Pond
LF,25920.0,9.716509084925748,253.8865,253.8998,24609.0,28696.0,Nyctalus leisleri,0.528,0.641,-1,Echolocation,192000.0,/mnt/ubna_data_04/recover-20241104/UBNA_026/20241026_020000.WAV,recover-20241104,UBNA_026,Carp Pond
LF,24000.0,5.988444443840573,254.3725,254.3887,23750.0,27875.0,Nyctalus leisleri,0.481,0.583,-1,Echolocation,192000.0,/mnt/ubna_data_04/recover-20241104/UBNA_026/20241026_020000.WAV,recover-20241104,UBNA_026,Carp Pond
LF,24960.0,15.163296222244256,254.5385,254.5539,23750.0,31604.0,Eptesicus serotinus,0.281,0.606,-1,Echolocation,192000.0,/mnt/ubna_data_04/recover-20241104/UBNA_026/20241026_020000.WAV,recover-20241104,UBNA_026,Carp Pond
LF,25920.0,4.910420699818166,255.5635,255.5786,23750.0,28799.0,Nyctalus leisleri,0.404,0.576,-1,Echolocation,192000.0,/mnt/ubna_data_04/recover-20241104/UBNA_026/20241026_020000.WAV,recover-20241104,UBNA_026,Carp Pond
LF,24000.0,6.223229930844589,256.0995,256.1145,22890.0,28169.0,Nyctalus leisleri,0.39,0.584,-1,Echolocation,192000.0,/mnt/ubna_data_04/recover-20241104/UBNA_026/20241026_020000.WAV,recover-20241104,UBNA_026,Carp Pond
LF,25920.0,8.073380797377359,256.3885,256.40319999999997,23750.0,28842.0,Nyctalus leisleri,0.456,0.614,-1,Echolocation,192000.0,/mnt/ubna_data_04/recover-20241104/UBNA_026/20241026_020000.WAV,recover-20241104,UBNA_026,Carp Pond
LF,24000.0,4.991484402123218,256.9505,256.9644,23750.0,28241.0,Nyctalus leisleri,0.454,0.601,-1,Echolocation,192000.0,/mnt/ubna_data_04/recover-20241104/UBNA_026/20241026_020000.WAV,recover-20241104,UBNA_026,Carp Pond
LF,25920.0,4.938292384396007,260.1435,260.1543,25468.0,30186.0,Nyctalus leisleri,0.311,0.54,-1,Echolocation,192000.0,/mnt/ubna_data_04/recover-20241104/UBNA_026/20241026_020000.WAV,recover-20241104,UBNA_026,Carp Pond
LF,25920.0,4.733838390602542,260.4665,260.477,24609.0,31023.0,Eptesicus serotinus,0.264,0.546,-1,Echolocation,192000.0,/mnt/ubna_data_04/recover-20241104/UBNA_026/20241026_020000.WAV,recover-20241104,UBNA_026,Carp Pond
LF,25920.0,5.374459747111842,260.7645,260.7751,24609.0,29813.0,Nyctalus leisleri,0.396,0.576,-1,Echolocation,192000.0,/mnt/ubna_data_04/recover-20241104/UBNA_026/20241026_020000.WAV,recover-20241104,UBNA_026,Carp Pond
HF,46080.0,4.630111336328325,181.0205,181.0285,45234.0,58288.0,Pipistrellus pipistrellus,0.502,0.589,-1,Echolocation,192000.0,/mnt/ubna_data_04/recover-20241104/UBNA_026/20241026_022000.WAV,recover-20241104,UBNA_026,Carp Pond
HF,47040.0,7.727365803296563,227.6585,227.669,46093.0,59462.0,Pipistrellus pipistrellus,0.379,0.522,-1,Echolocation,192000.0,/mnt/ubna_data_04/recover-20241104/UBNA_026/20241026_024000.WAV,recover-20241104,UBNA_026,Carp Pond
HF,48000.0,4.986501817333407,254.0995,254.1063,47812.0,58443.0,Pipistrellus pipistrellus,0.507,0.56,-1,Echolocation,192000.0,/mnt/ubna_data_04/recover-20241104/UBNA_026/20241026_024000.WAV,recover-20241104,UBNA_026,Carp Pond
HF,48000.0,5.544322767895027,254.1955,254.2009,46953.0,60593.0,Pipistrellus pipistrellus,0.474,0.517,-1,Echolocation,192000.0,/mnt/ubna_data_04/recover-20241104/UBNA_026/20241026_024000.WAV,recover-20241104,UBNA_026,Carp Pond
HF,47040.0,10.684994362288148,254.7015,254.7096,46093.0,63098.0,Pipistrellus pipistrellus,0.402,0.635,-1,Echolocation,192000.0,/mnt/ubna_data_04/recover-20241104/UBNA_026/20241026_024000.WAV,recover-20241104,UBNA_026,Carp Pond
HF,47040.0,9.833032608855833,254.79149999999998,254.8004,45234.0,62700.0,Pipistrellus pipistrellus,0.305,0.505,-1,Echolocation,192000.0,/mnt/ubna_data_04/recover-20241104/UBNA_026/20241026_024000.WAV,recover-20241104,UBNA_026,Carp Pond
HF,47040.0,9.197886380989956,254.9895,254.9984,45234.0,64217.0,Pipistrellus pipistrellus,0.341,0.542,-1,Echolocation,192000.0,/mnt/ubna_data_04/recover-20241104/UBNA_026/20241026_024000.WAV,recover-20241104,UBNA_026,Carp Pond
HF,46080.0,10.537147404394707,255.1515,255.1589,45234.0,61097.0,Pipistrellus pipistrellus,0.387,0.577,-1,Echolocation,192000.0,/mnt/ubna_data_04/recover-20241104/UBNA_026/20241026_024000.WAV,recover-20241104,UBNA_026,Carp Pond
HF,47040.0,6.828741661285905,255.6845,255.6899,46093.0,57592.0,Pipistrellus pipistrellus,0.458,0.522,-1,Echolocation,192000.0,/mnt/ubna_data_04/recover-20241104/UBNA_026/20241026_024000.WAV,recover-20241104,UBNA_026,Carp Pond
HF,47040.0,3.8692688992694064,255.7615,255.7681,46953.0,58486.0,Pipistrellus pipistrellus,0.479,0.538,-1,Echolocation,192000.0,/mnt/ubna_data_04/recover-20241104/UBNA_026/20241026_024000.WAV,recover-20241104,UBNA_026,Carp Pond
HF,48960.0,6.088617158314415,255.9455,255.9522,46953.0,55491.0,Pipistrellus pipistrellus,0.535,0.579,-1,Echolocation,192000.0,/mnt/ubna_data_04/recover-20241104/UBNA_026/20241026_024000.WAV,recover-20241104,UBNA_026,Carp Pond
HF,54720.0,11.084611831098146,71.4235,71.4328,46953.0,61937.0,Pipistrellus pipistrellus,0.418,0.56,-1,Echolocation,192000.0,/mnt/ubna_data_04/recover-20241104/UBNA_026/20241026_025000.WAV,recover-20241104,UBNA_026,Carp Pond
HF,47040.0,7.731725313644285,71.6095,71.6168,46953.0,58621.0,Pipistrellus pipistrellus,0.533,0.59,-1,Echolocation,192000.0,/mnt/ubna_data_04/recover-20241104/UBNA_026/20241026_025000.WAV,recover-20241104,UBNA_026,Carp Pond
HF,47040.0,6.124259530086929,71.8775,71.8835,44375.0,51631.0,Pipistrellus pipistrellus,0.555,0.583,-1,Echolocation,192000.0,/mnt/ubna_data_04/recover-20241104/UBNA_026/20241026_025000.WAV,recover-20241104,UBNA_026,Carp Pond
HF,48960.0,10.603261800435018,71.9675,71.9746,46093.0,63277.0,Pipistrellus pipistrellus,0.572,0.69,-1,Echolocation,192000.0,/mnt/ubna_data_04/recover-20241104/UBNA_026/20241026_025000.WAV,recover-20241104,UBNA_026,Carp Pond
HF,48000.0,12.866928486812201,72.14150000000001,72.1495,46093.0,58210.0,Pipistrellus pipistrellus,0.45,0.658,-1,Echolocation,192000.0,/mnt/ubna_data_04/recover-20241104/UBNA_026/20241026_025000.WAV,recover-20241104,UBNA_026,Carp Pond
HF,46080.0,8.10487933682933,72.3305,72.337,46093.0,58034.0,Pipistrellus pipistrellus,0.562,0.639,-1,Echolocation,192000.0,/mnt/ubna_data_04/recover-20241104/UBNA_026/20241026_025000.WAV,recover-20241104,UBNA_026,Carp Pond
HF,51840.0,13.071974525513097,72.5075,72.5158,45234.0,61546.0,Pipistrellus pipistrellus,0.41,0.615,-1,Echolocation,192000.0,/mnt/ubna_data_04/recover-20241104/UBNA_026/20241026_025000.WAV,recover-20241104,UBNA_026,Carp Pond
HF,48000.0,5.995144533091029,72.6935,72.7005,46953.0,56317.0,Pipistrellus pipistrellus,0.528,0.616,-1,Echolocation,192000.0,/mnt/ubna_data_04/recover-20241104/UBNA_026/20241026_025000.WAV,recover-20241104,UBNA_026,Carp Pond
HF,47040.0,12.856202086025327,72.9925,73.0017,46953.0,59655.0,Pipistrellus pipistrellus,0.495,0.701,-1,Echolocation,192000.0,/mnt/ubna_data_04/recover-20241104/UBNA_026/20241026_025000.WAV,recover-20241104,UBNA_026,Carp Pond
HF,47040.0,11.845877606583603,73.3575,73.3656,46953.0,58179.0,Pipistrellus pipistrellus,0.412,0.613,-1,Echolocation,192000.0,/mnt/ubna_data_04/recover-20241104/UBNA_026/20241026_025000.WAV,recover-20241104,UBNA_026,Carp Pond
HF,45120.0,9.37342708040199,74.6695,74.6758,45234.0,57771.0,Pipistrellus pipistrellus,0.537,0.602,-1,Echolocation,192000.0,/mnt/ubna_data_04/recover-20241104/UBNA_026/20241026_025000.WAV,recover-20241104,UBNA_026,Carp Pond
HF,46080.0,9.61774910461202,74.7495,74.7575,46093.0,57614.0,Pipistrellus pipistrellus,0.601,0.668,-1,Echolocation,192000.0,/mnt/ubna_data_04/recover-20241104/UBNA_026/20241026_025000.WAV,recover-20241104,UBNA_026,Carp Pond
HF,48000.0,16.16952096808848,74.8345,74.8402,45234.0,61655.0,Pipistrellus pipistrellus,0.593,0.645,-1,Echolocation,192000.0,/mnt/ubna_data_04/recover-20241104/UBNA_026/20241026_025000.WAV,recover-20241104,UBNA_026,Carp Pond
HF,47040.0,10.222854523987198,74.9175,74.9231,45234.0,58100.0,Pipistrellus pipistrellus,0.587,0.637,-1,Echolocation,192000.0,/mnt/ubna_data_04/recover-20241104/UBNA_026/20241026_025000.WAV,recover-20241104,UBNA_026,Carp Pond
HF,47040.0,14.899582406910081,75.0085,75.0142,45234.0,57452.0,Pipistrellus pipistrellus,0.628,0.665,-1,Echolocation,192000.0,/mnt/ubna_data_04/recover-20241104/UBNA_026/20241026_025000.WAV,recover-20241104,UBNA_026,Carp Pond
HF,46080.0,18.101081837644525,75.0955,75.1014,45234.0,63704.0,Pipistrellus pipistrellus,0.565,0.638,-1,Echolocation,192000.0,/mnt/ubna_data_04/recover-20241104/UBNA_026/20241026_025000.WAV,recover-20241104,UBNA_026,Carp Pond
HF,47040.0,9.362351573701826,75.1845,75.1902,46953.0,57935.0,Pipistrellus pipistrellus,0.606,0.648,-1,Echolocation,192000.0,/mnt/ubna_data_04/recover-20241104/UBNA_026/20241026_025000.WAV,recover-20241104,UBNA_026,Carp Pond
HF,47040.0,19.878993101677978,75.2715,75.2776,45234.0,59221.0,Pipistrellus pipistrellus,0.586,0.63,-1,Echolocation,192000.0,/mnt/ubna_data_04/recover-20241104/UBNA_026/20241026_025000.WAV,recover-20241104,UBNA_026,Carp Pond
HF,47040.0,11.781846704373224,75.4345,75.4414,46953.0,56509.0,Pipistrellus pipistrellus,0.49,0.51,-1,Echolocation,192000.0,/mnt/ubna_data_04/recover-20241104/UBNA_026/20241026_025000.WAV,recover-20241104,UBNA_026,Carp Pond
HF,48000.0,18.41725759046817,75.5245,75.53059999999999,46953.0,63062.0,Pipistrellus pipistrellus,0.626,0.69,-1,Echolocation,192000.0,/mnt/ubna_data_04/recover-20241104/UBNA_026/20241026_025000.WAV,recover-20241104,UBNA_026,Carp Pond
HF,47040.0,6.836484703831093,75.6175,75.6244,46953.0,53404.0,Pipistrellus pipistrellus,0.582,0.599,-1,Echolocation,192000.0,/mnt/ubna_data_04/recover-20241104/UBNA_026/20241026_025000.WAV,recover-20241104,UBNA_026,Carp Pond
HF,47040.0,14.350762871872647,75.7065,75.7133,46953.0,57363.0,Pipistrellus pipistrellus,0.613,0.691,-1,Echolocation,192000.0,/mnt/ubna_data_04/recover-20241104/UBNA_026/20241026_025000.WAV,recover-20241104,UBNA_026,Carp Pond
HF,47040.0,19.36742881953584,75.7965,75.80330000000001,46093.0,60995.0,Pipistrellus pipistrellus,0.565,0.661,-1,Echolocation,192000.0,/mnt/ubna_data_04/recover-20241104/UBNA_026/20241026_025000.WAV,recover-20241104,UBNA_026,Carp Pond
HF,47040.0,3.8382416958775387,75.8885,75.8944,46953.0,55584.0,Pipistrellus pipistrellus,0.587,0.601,-1,Echolocation,192000.0,/mnt/ubna_data_04/recover-20241104/UBNA_026/20241026_025000.WAV,recover-20241104,UBNA_026,Carp Pond
HF,48960.0,13.43013075338575,75.97749999999999,75.9845,45234.0,59702.0,Pipistrellus pipistrellus,0.471,0.576,-1,Echolocation,192000.0,/mnt/ubna_data_04/recover-20241104/UBNA_026/20241026_025000.WAV,recover-20241104,UBNA_026,Carp Pond
HF,48960.0,13.455036103937525,76.2165,76.22540000000001,45234.0,59717.0,Pipistrellus pipistrellus,0.524,0.633,-1,Echolocation,192000.0,/mnt/ubna_data_04/recover-20241104/UBNA_026/20241026_025000.WAV,recover-20241104,UBNA_026,Carp Pond
HF,47040.0,7.956691483339926,76.3115,76.319,46953.0,54132.0,Pipistrellus pipistrellus,0.507,0.57,-1,Echolocation,192000.0,/mnt/ubna_data_04/recover-20241104/UBNA_026/20241026_025000.WAV,recover-20241104,UBNA_026,Carp Pond
HF,48000.0,9.31748300099163,76.4945,76.50110000000001,45234.0,57600.0,Pipistrellus pipistrellus,0.446,0.567,-1,Echolocation,192000.0,/mnt/ubna_data_04/recover-20241104/UBNA_026/20241026_025000.WAV,recover-20241104,UBNA_026,Carp Pond
HF,49920.0,5.861181101390949,126.4245,126.4308,49531.0,61905.0,Pipistrellus pipistrellus,0.48,0.515,-1,Echolocation,192000.0,/mnt/ubna_data_04/recover-20241104/UBNA_026/20241026_025000.WAV,recover-20241104,UBNA_026,Carp Pond
HF,48960.0,5.119018265793996,126.5155,126.5215,48671.0,58748.0,Pipistrellus pipistrellus,0.587,0.615,-1,Echolocation,192000.0,/mnt/ubna_data_04/recover-20241104/UBNA_026/20241026_025000.WAV,recover-20241104,UBNA_026,Carp Pond
HF,52800.0,11.456043945801325,126.6845,126.6898,48671.0,63360.0,Pipistrellus pipistrellus,0.609,0.664,-1,Echolocation,192000.0,/mnt/ubna_data_04/recover-20241104/UBNA_026/20241026_025000.WAV,recover-20241104,UBNA_026,Carp Pond
HF,48960.0,8.628993748254064,126.7795,126.7862,47812.0,59940.0,Pipistrellus pipistrellus,0.577,0.623,-1,Echolocation,192000.0,/mnt/ubna_data_04/recover-20241104/UBNA_026/20241026_025000.WAV,recover-20241104,UBNA_026,Carp Pond
HF,51840.0,8.654139180028809,126.9435,126.95,48671.0,63958.0,Pipistrellus pipistrellus,0.518,0.612,-1,Echolocation,192000.0,/mnt/ubna_data_04/recover-20241104/UBNA_026/20241026_025000.WAV,recover-20241104,UBNA_026,Carp Pond
HF,48960.0,11.66937019648005,127.0345,127.0421,48671.0,65249.0,Pipistrellus pipistrellus,0.464,0.589,-1,Echolocation,192000.0,/mnt/ubna_data_04/recover-20241104/UBNA_026/20241026_025000.WAV,recover-20241104,UBNA_026,Carp Pond
HF,52800.0,11.013479669526237,127.1985,127.2049,48671.0,64486.0,Pipistrellus pipistrellus,0.555,0.666,-1,Echolocation,192000.0,/mnt/ubna_data_04/recover-20241104/UBNA_026/20241026_025000.WAV,recover-20241104,UBNA_026,Carp Pond
HF,48000.0,10.29156112039577,127.2925,127.2991,47812.0,63070.0,Pipistrellus pipistrellus,0.494,0.668,-1,Echolocation,192000.0,/mnt/ubna_data_04/recover-20241104/UBNA_026/20241026_025000.WAV,recover-20241104,UBNA_026,Carp Pond
HF,51840.0,14.334093391202245,127.4665,127.4744,48671.0,66650.0,Pipistrellus pipistrellus,0.542,0.684,-1,Echolocation,192000.0,/mnt/ubna_data_04/recover-20241104/UBNA_026/20241026_025000.WAV,recover-20241104,UBNA_026,Carp Pond
HF,55680.0,17.14462708440368,127.5615,127.5682,48671.0,68805.0,Pipistrellus pipistrellus,0.615,0.695,-1,Echolocation,192000.0,/mnt/ubna_data_04/recover-20241104/UBNA_026/20241026_025000.WAV,recover-20241104,UBNA_026,Carp Pond
HF,47040.0,7.732265143543118,127.7275,127.7364,46093.0,59499.0,Pipistrellus pipistrellus,0.495,0.559,-1,Echolocation,192000.0,/mnt/ubna_data_04/recover-20241104/UBNA_026/20241026_025000.WAV,recover-20241104,UBNA_026,Carp Pond
HF,48960.0,12.635881690217229,127.8195,127.828,46953.0,66529.0,Pipistrellus pipistrellus,0.493,0.663,-1,Echolocation,192000.0,/mnt/ubna_data_04/recover-20241104/UBNA_026/20241026_025000.WAV,recover-20241104,UBNA_026,Carp Pond
HF,52800.0,15.307194414080445,127.9105,127.918,48671.0,64214.0,Pipistrellus pipistrellus,0.462,0.576,-1,Echolocation,192000.0,/mnt/ubna_data_04/recover-20241104/UBNA_026/20241026_025000.WAV,recover-20241104,UBNA_026,Carp Pond
HF,52800.0,14.96939247752318,128.0055,128.0134,48671.0,62191.0,Pipistrellus pipistrellus,0.244,0.58,-1,Echolocation,192000.0,/mnt/ubna_data_04/recover-20241104/UBNA_026/20241026_025000.WAV,recover-20241104,UBNA_026,Carp Pond
HF,48960.0,6.675372540964063,128.4485,128.4575,48671.0,59752.0,Pipistrellus pipistrellus,0.466,0.512,-1,Echolocation,192000.0,/mnt/ubna_data_04/recover-20241104/UBNA_026/20241026_025000.WAV,recover-20241104,UBNA_026,Carp Pond
HF,52800.0,4.525670215383382,128.7195,128.7248,48671.0,63646.0,Pipistrellus pipistrellus,0.533,0.569,-1,Echolocation,192000.0,/mnt/ubna_data_04/recover-20241104/UBNA_026/20241026_025000.WAV,recover-20241104,UBNA_026,Carp Pond
HF,52800.0,9.229941124509548,128.8105,128.8163,48671.0,63705.0,Pipistrellus pipistrellus,0.505,0.548,-1,Echolocation,192000.0,/mnt/ubna_data_04/recover-20241104/UBNA_026/20241026_025000.WAV,recover-20241104,UBNA_026,Carp Pond
HF,47040.0,5.396195397476495,273.1145,273.1209,46093.0,59141.0,Pipistrellus pipistrellus,0.502,0.534,-1,Echolocation,192000.0,/mnt/ubna_data_04/recover-20241104/UBNA_026/20241026_030000.WAV,recover-20241104,UBNA_026,Carp Pond
HF,47040.0,5.158253935781252,273.2155,273.2221,46953.0,62088.0,Pipistrellus pipistrellus,0.478,0.541,-1,Echolocation,192000.0,/mnt/ubna_data_04/recover-20241104/UBNA_026/20241026_030000.WAV,recover-20241104,UBNA_026,Carp Pond
HF,47040.0,6.540979505272121,273.4215,273.4286,45234.0,58139.0,Pipistrellus pipistrellus,0.523,0.608,-1,Echolocation,192000.0,/mnt/ubna_data_04/recover-20241104/UBNA_026/20241026_030000.WAV,recover-20241104,UBNA_026,Carp Pond
HF,46080.0,10.405598754932608,273.6985,273.7044,46093.0,57207.0,Pipistrellus pipistrellus,0.57,0.613,-1,Echolocation,192000.0,/mnt/ubna_data_04/recover-20241104/UBNA_026/20241026_030000.WAV,recover-20241104,UBNA_026,Carp Pond
HF,46080.0,5.6983674887312485,274.3055,274.3127,46093.0,62122.0,Pipistrellus pipistrellus,0.47,0.578,-1,Echolocation,192000.0,/mnt/ubna_data_04/recover-20241104/UBNA_026/20241026_030000.WAV,recover-20241104,UBNA_026,Carp Pond
HF,46080.0,6.252635974627254,274.7385,274.7456,45234.0,58273.0,Pipistrellus pipistrellus,0.497,0.546,-1,Echolocation,192000.0,/mnt/ubna_data_04/recover-20241104/UBNA_026/20241026_030000.WAV,recover-20241104,UBNA_026,Carp Pond
HF,46080.0,12.837543038959822,274.9495,274.9556,45234.0,55737.0,Pipistrellus pipistrellus,0.601,0.661,-1,Echolocation,192000.0,/mnt/ubna_data_04/recover-20241104/UBNA_026/20241026_030000.WAV,recover-20241104,UBNA_026,Carp Pond
HF,47040.0,8.074609188227866,275.1485,275.1548,44375.0,59769.0,Pipistrellus pipistrellus,0.608,0.645,-1,Echolocation,192000.0,/mnt/ubna_data_04/recover-20241104/UBNA_026/20241026_030000.WAV,recover-20241104,UBNA_026,Carp Pond
HF,46080.0,8.195613291168346,275.3575,275.3637,45234.0,55622.0,Pipistrellus pipistrellus,0.587,0.631,-1,Echolocation,192000.0,/mnt/ubna_data_04/recover-20241104/UBNA_026/20241026_030000.WAV,recover-20241104,UBNA_026,Carp Pond
HF,46080.0,6.073159821177715,275.6915,275.6996,45234.0,60031.0,Pipistrellus pipistrellus,0.574,0.615,-1,Echolocation,192000.0,/mnt/ubna_data_04/recover-20241104/UBNA_026/20241026_030000.WAV,recover-20241104,UBNA_026,Carp Pond
HF,47040.0,8.86313191547019,275.9055,275.9125,46093.0,56752.0,Pipistrellus pipistrellus,0.56,0.639,-1,Echolocation,192000.0,/mnt/ubna_data_04/recover-20241104/UBNA_026/20241026_030000.WAV,recover-20241104,UBNA_026,Carp Pond
HF,52800.0,9.118103281286409,101.7235,101.7294,48671.0,63970.0,Pipistrellus pipistrellus,0.461,0.55,-1,Echolocation,192000.0,/mnt/ubna_data_04/recover-20241104/UBNA_026/20241026_031000.WAV,recover-20241104,UBNA_026,Carp Pond
HF,48960.0,5.223027800062729,103.3365,103.344,47812.0,62229.0,Pipistrellus pipistrellus,0.489,0.565,-1,Echolocation,192000.0,/mnt/ubna_data_04/recover-20241104/UBNA_026/20241026_031000.WAV,recover-20241104,UBNA_026,Carp Pond
HF,52800.0,4.51872555031959,103.4085,103.4142,48671.0,62817.0,Pipistrellus pipistrellus,0.531,0.591,-1,Echolocation,192000.0,/mnt/ubna_data_04/recover-20241104/UBNA_026/20241026_031000.WAV,recover-20241104,UBNA_026,Carp Pond
HF,51840.0,4.320647314880656,103.5395,103.5449,49531.0,60897.0,Pipistrellus pipistrellus,0.504,0.522,-1,Echolocation,192000.0,/mnt/ubna_data_04/recover-20241104/UBNA_026/20241026_031000.WAV,recover-20241104,UBNA_026,Carp Pond
HF,53760.0,10.945728108911936,107.2555,107.26089999999999,51250.0,61001.0,Pipistrellus pipistrellus,0.401,0.541,-1,Echolocation,192000.0,/mnt/ubna_data_04/recover-20241104/UBNA_026/20241026_031000.WAV,recover-20241104,UBNA_026,Carp Pond
HF,49920.0,6.7402002218688475,107.4315,107.43639999999999,48671.0,62358.0,Pipistrellus pipistrellus,0.509,0.587,-1,Echolocation,192000.0,/mnt/ubna_data_04/recover-20241104/UBNA_026/20241026_031000.WAV,recover-20241104,UBNA_026,Carp Pond
HF,53760.0,17.468366876275766,107.5945,107.6,47812.0,69610.0,Pipistrellus pipistrellus,0.221,0.539,-1,Echolocation,192000.0,/mnt/ubna_data_04/recover-20241104/UBNA_026/20241026_031000.WAV,recover-20241104,UBNA_026,Carp Pond
HF,47040.0,12.332094870132808,108.1445,108.1506,46093.0,61175.0,Pipistrellus pipistrellus,0.514,0.631,-1,Echolocation,192000.0,/mnt/ubna_data_04/recover-20241104/UBNA_026/20241026_031000.WAV,recover-20241104,UBNA_026,Carp Pond
HF,47040.0,10.086012591707865,108.4805,108.4888,46953.0,61598.0,Pipistrellus pipistrellus,0.564,0.671,-1,Echolocation,192000.0,/mnt/ubna_data_04/recover-20241104/UBNA_026/20241026_031000.WAV,recover-20241104,UBNA_026,Carp Pond
HF,47040.0,15.320431535344618,108.7715,108.77799999999999,45234.0,61067.0,Pipistrellus pipistrellus,0.464,0.58,-1,Echolocation,192000.0,/mnt/ubna_data_04/recover-20241104/UBNA_026/20241026_031000.WAV,recover-20241104,UBNA_026,Carp Pond
HF,47040.0,7.3082687846026895,108.9475,108.9575,45234.0,58613.0,Pipistrellus pipistrellus,0.479,0.565,-1,Echolocation,192000.0,/mnt/ubna_data_04/recover-20241104/UBNA_026/20241026_031000.WAV,recover-20241104,UBNA_026,Carp Pond
HF,47040.0,8.764123145368949,109.1305,109.13759999999999,44375.0,59262.0,Pipistrellus pipistrellus,0.461,0.55,-1,Echolocation,192000.0,/mnt/ubna_data_04/recover-20241104/UBNA_026/20241026_031000.WAV,recover-20241104,UBNA_026,Carp Pond
HF,48000.0,4.879177972497099,109.3035,109.3112,46093.0,57434.0,Pipistrellus pipistrellus,0.467,0.504,-1,Echolocation,192000.0,/mnt/ubna_data_04/recover-20241104/UBNA_026/20241026_031000.WAV,recover-20241104,UBNA_026,Carp Pond
HF,48000.0,7.6094195946479175,214.2325,214.2406,45234.0,64788.0,Pipistrellus pipistrellus,0.405,0.545,-1,Echolocation,192000.0,/mnt/ubna_data_04/recover-20241104/UBNA_026/20241026_032000.WAV,recover-20241104,UBNA_026,Carp Pond
HF,52800.0,13.624651034490654,214.3975,214.4055,45234.0,66691.0,Pipistrellus pipistrellus,0.493,0.63,-1,Echolocation,192000.0,/mnt/ubna_data_04/recover-20241104/UBNA_026/20241026_032000.WAV,recover-20241104,UBNA_026,Carp Pond
HF,53760.0,13.813955693254469,214.5855,214.5921,45234.0,65782.0,Pipistrellus pipistrellus,0.527,0.67,-1,Echolocation,192000.0,/mnt/ubna_data_04/recover-20241104/UBNA_026/20241026_032000.WAV,recover-20241104,UBNA_026,Carp Pond
HF,47040.0,9.8239641410417,214.6875,214.6945,46093.0,63343.0,Pipistrellus pipistrellus,0.543,0.628,-1,Echolocation,192000.0,/mnt/ubna_data_04/recover-20241104/UBNA_026/20241026_032000.WAV,recover-20241104,UBNA_026,Carp Pond
HF,48960.0,12.147594133044699,214.7855,214.7938,46953.0,66028.0,Pipistrellus pipistrellus,0.513,0.658,-1,Echolocation,192000.0,/mnt/ubna_data_04/recover-20241104/UBNA_026/20241026_032000.WAV,recover-20241104,UBNA_026,Carp Pond
HF,47040.0,14.208192712276382,215.0395,215.047,46093.0,65763.0,Pipistrellus pipistrellus,0.503,0.629,-1,Echolocation,192000.0,/mnt/ubna_data_04/recover-20241104/UBNA_026/20241026_032000.WAV,recover-20241104,UBNA_026,Carp Pond
HF,47040.0,15.358796561075767,215.3055,215.313,45234.0,63359.0,Pipistrellus pipistrellus,0.523,0.669,-1,Echolocation,192000.0,/mnt/ubna_data_04/recover-20241104/UBNA_026/20241026_032000.WAV,recover-20241104,UBNA_026,Carp Pond
HF,47040.0,13.6545935042742,215.5035,215.514,45234.0,63071.0,Pipistrellus pipistrellus,0.446,0.577,-1,Echolocation,192000.0,/mnt/ubna_data_04/recover-20241104/UBNA_026/20241026_032000.WAV,recover-20241104,UBNA_026,Carp Pond
LF,24960.0,8.631570181188543,271.9385,271.9584,24609.0,28847.0,Nyctalus leisleri,0.361,0.502,-1,Echolocation,192000.0,/mnt/ubna_data_04/recover-20241104/UBNA_026/20241026_033000.WAV,recover-20241104,UBNA_026,Carp Pond
LF,25920.0,11.139656647227678,272.2735,272.2923,24609.0,28632.0,Nyctalus leisleri,0.391,0.525,-1,Echolocation,192000.0,/mnt/ubna_data_04/recover-20241104/UBNA_026/20241026_033000.WAV,recover-20241104,UBNA_026,Carp Pond
LF,24960.0,16.960844962476152,275.6665,275.6874,23750.0,27090.0,Nyctalus leisleri,0.507,0.557,-1,Echolocation,192000.0,/mnt/ubna_data_04/recover-20241104/UBNA_026/20241026_033000.WAV,recover-20241104,UBNA_026,Carp Pond
LF,24960.0,10.06566311727693,278.7935,278.8118,23750.0,27308.0,Nyctalus leisleri,0.556,0.617,-1,Echolocation,192000.0,/mnt/ubna_data_04/recover-20241104/UBNA_026/20241026_033000.WAV,recover-20241104,UBNA_026,Carp Pond
LF,24000.0,7.890929613376536,279.8165,279.8349,23750.0,26495.0,Nyctalus leisleri,0.51,0.54,-1,Echolocation,192000.0,/mnt/ubna_data_04/recover-20241104/UBNA_026/20241026_033000.WAV,recover-20241104,UBNA_026,Carp Pond
HF,44160.0,3.98594595039248,18.7305,18.7391,42656.0,48825.0,Pipistrellus pipistrellus,0.28,0.511,-1,Echolocation,192000.0,/mnt/ubna_data_04/recover-20241104/UBNA_026/20241026_035000.WAV,recover-20241104,UBNA_026,Carp Pond
HF,46080.0,3.36731302108591,19.1045,19.1125,44375.0,53420.0,Pipistrellus pipistrellus,0.451,0.52,-1,Echolocation,192000.0,/mnt/ubna_data_04/recover-20241104/UBNA_026/20241026_035000.WAV,recover-20241104,UBNA_026,Carp Pond
HF,45120.0,7.5163234321120616,19.2935,19.3013,44375.0,54737.0,Pipistrellus pipistrellus,0.477,0.616,-1,Echolocation,192000.0,/mnt/ubna_data_04/recover-20241104/UBNA_026/20241026_035000.WAV,recover-20241104,UBNA_026,Carp Pond
HF,46080.0,6.4573189647265385,19.4805,19.4887,44375.0,53670.0,Pipistrellus pipistrellus,0.431,0.501,-1,Echolocation,192000.0,/mnt/ubna_data_04/recover-20241104/UBNA_026/20241026_035000.WAV,recover-20241104,UBNA_026,Carp Pond
HF,45120.0,6.853701312291543,19.6665,19.675,44375.0,54675.0,Pipistrellus pipistrellus,0.505,0.567,-1,Echolocation,192000.0,/mnt/ubna_data_04/recover-20241104/UBNA_026/20241026_035000.WAV,recover-20241104,UBNA_026,Carp Pond
HF,45120.0,11.496358113545329,19.8575,19.8652,44375.0,51707.0,Pipistrellus pipistrellus,0.508,0.551,-1,Echolocation,192000.0,/mnt/ubna_data_04/recover-20241104/UBNA_026/20241026_035000.WAV,recover-20241104,UBNA_026,Carp Pond
HF,45120.0,10.993674610599884,20.0495,20.0575,44375.0,55551.0,Pipistrellus pipistrellus,0.551,0.621,-1,Echolocation,192000.0,/mnt/ubna_data_04/recover-20241104/UBNA_026/20241026_035000.WAV,recover-20241104,UBNA_026,Carp Pond
HF,45120.0,7.703740860377998,20.1405,20.148,44375.0,54477.0,Pipistrellus pipistrellus,0.536,0.652,-1,Echolocation,192000.0,/mnt/ubna_data_04/recover-20241104/UBNA_026/20241026_035000.WAV,recover-20241104,UBNA_026,Carp Pond
HF,46080.0,18.349036565377936,20.2255,20.2314,43515.0,59234.0,Pipistrellus pipistrellus,0.59,0.682,-1,Echolocation,192000.0,/mnt/ubna_data_04/recover-20241104/UBNA_026/20241026_035000.WAV,recover-20241104,UBNA_026,Carp Pond
HF,45120.0,9.658022558050694,20.3185,20.3258,43515.0,59048.0,Pipistrellus pipistrellus,0.48,0.659,-1,Echolocation,192000.0,/mnt/ubna_data_04/recover-20241104/UBNA_026/20241026_035000.WAV,recover-20241104,UBNA_026,Carp Pond
HF,46080.0,15.690310187819472,20.4095,20.4169,44375.0,56864.0,Pipistrellus pipistrellus,0.507,0.611,-1,Echolocation,192000.0,/mnt/ubna_data_04/recover-20241104/UBNA_026/20241026_035000.WAV,recover-20241104,UBNA_026,Carp Pond
HF,46080.0,11.857746542148755,20.5015,20.5087,43515.0,55283.0,Pipistrellus pipistrellus,0.564,0.645,-1,Echolocation,192000.0,/mnt/ubna_data_04/recover-20241104/UBNA_026/20241026_035000.WAV,recover-20241104,UBNA_026,Carp Pond
HF,46080.0,15.464563834272427,20.5925,20.599,44375.0,56768.0,Pipistrellus pipistrellus,0.597,0.716,-1,Echolocation,192000.0,/mnt/ubna_data_04/recover-20241104/UBNA_026/20241026_035000.WAV,recover-20241104,UBNA_026,Carp Pond
HF,45120.0,11.708034352369152,20.6825,20.6891,42656.0,57299.0,Pipistrellus pipistrellus,0.525,0.564,-1,Echolocation,192000.0,/mnt/ubna_data_04/recover-20241104/UBNA_026/20241026_035000.WAV,recover-20241104,UBNA_026,Carp Pond
HF,45120.0,15.295635781145913,20.7675,20.7742,43515.0,63075.0,Pipistrellus pipistrellus,0.437,0.632,-1,Echolocation,192000.0,/mnt/ubna_data_04/recover-20241104/UBNA_026/20241026_035000.WAV,recover-20241104,UBNA_026,Carp Pond
HF,45120.0,12.436882827983213,20.8625,20.8687,43515.0,53265.0,Pipistrellus pipistrellus,0.519,0.589,-1,Echolocation,192000.0,/mnt/ubna_data_04/recover-20241104/UBNA_026/20241026_035000.WAV,recover-20241104,UBNA_026,Carp Pond
HF,46080.0,13.692790391273862,21.0215,21.0289,43515.0,58774.0,Pipistrellus pipistrellus,0.569,0.688,-1,Echolocation,192000.0,/mnt/ubna_data_04/recover-20241104/UBNA_026/20241026_035000.WAV,recover-20241104,UBNA_026,Carp Pond
HF,44160.0,11.13052298605323,21.1155,21.1236,43515.0,51142.0,Pipistrellus pipistrellus,0.486,0.545,-1,Echolocation,192000.0,/mnt/ubna_data_04/recover-20241104/UBNA_026/20241026_035000.WAV,recover-20241104,UBNA_026,Carp Pond
HF,45120.0,13.904938724557706,21.2065,21.2122,43515.0,58750.0,Pipistrellus pipistrellus,0.589,0.673,-1,Echolocation,192000.0,/mnt/ubna_data_04/recover-20241104/UBNA_026/20241026_035000.WAV,recover-20241104,UBNA_026,Carp Pond
HF,45120.0,18.418668497713412,21.2985,21.3067,43515.0,60622.0,Pipistrellus pipistrellus,0.511,0.655,-1,Echolocation,192000.0,/mnt/ubna_data_04/recover-20241104/UBNA_026/20241026_035000.WAV,recover-20241104,UBNA_026,Carp Pond
HF,44160.0,15.305992582964612,21.3895,21.397,43515.0,59489.0,Pipistrellus pipistrellus,0.55,0.686,-1,Echolocation,192000.0,/mnt/ubna_data_04/recover-20241104/UBNA_026/20241026_035000.WAV,recover-20241104,UBNA_026,Carp Pond
HF,45120.0,18.31011522870395,21.4845,21.4914,44375.0,56147.0,Pipistrellus pipistrellus,0.604,0.652,-1,Echolocation,192000.0,/mnt/ubna_data_04/recover-20241104/UBNA_026/20241026_035000.WAV,recover-20241104,UBNA_026,Carp Pond
HF,46080.0,16.787645352581958,21.5685,21.574,43515.0,57580.0,Pipistrellus pipistrellus,0.631,0.674,-1,Echolocation,192000.0,/mnt/ubna_data_04/recover-20241104/UBNA_026/20241026_035000.WAV,recover-20241104,UBNA_026,Carp Pond
HF,45120.0,16.064710914986613,21.6535,21.6603,43515.0,57890.0,Pipistrellus pipistrellus,0.438,0.524,-1,Echolocation,192000.0,/mnt/ubna_data_04/recover-20241104/UBNA_026/20241026_035000.WAV,recover-20241104,UBNA_026,Carp Pond
HF,45120.0,19.93893497271202,21.7435,21.7505,43515.0,61460.0,Pipistrellus pipistrellus,0.521,0.647,-1,Echolocation,192000.0,/mnt/ubna_data_04/recover-20241104/UBNA_026/20241026_035000.WAV,recover-20241104,UBNA_026,Carp Pond
HF,46080.0,20.004425833315512,21.8365,21.8439,43515.0,62455.0,Pipistrellus pipistrellus,0.49,0.71,-1,Echolocation,192000.0,/mnt/ubna_data_04/recover-20241104/UBNA_026/20241026_035000.WAV,recover-20241104,UBNA_026,Carp Pond
HF,46080.0,21.47082108532718,21.9325,21.9385,43515.0,55595.0,Pipistrellus pipistrellus,0.595,0.637,-1,Echolocation,192000.0,/mnt/ubna_data_04/recover-20241104/UBNA_026/20241026_035000.WAV,recover-20241104,UBNA_026,Carp Pond
HF,46080.0,26.063005189815264,22.0245,22.0313,42656.0,59118.0,Pipistrellus pipistrellus,0.489,0.574,-1,Echolocation,192000.0,/mnt/ubna_data_04/recover-20241104/UBNA_026/20241026_035000.WAV,recover-20241104,UBNA_026,Carp Pond
HF,45120.0,26.525940735677523,22.1105,22.1168,43515.0,64429.0,Pipistrellus pipistrellus,0.487,0.632,-1,Echolocation,192000.0,/mnt/ubna_data_04/recover-20241104/UBNA_026/20241026_035000.WAV,recover-20241104,UBNA_026,Carp Pond
HF,45120.0,16.284471791173907,22.2035,22.2106,43515.0,62190.0,Pipistrellus pipistrellus,0.564,0.656,-1,Echolocation,192000.0,/mnt/ubna_data_04/recover-20241104/UBNA_026/20241026_035000.WAV,recover-20241104,UBNA_026,Carp Pond
HF,45120.0,28.363164144539283,22.2895,22.2976,41796.0,66461.0,Pipistrellus pipistrellus,0.472,0.566,-1,Echolocation,192000.0,/mnt/ubna_data_04/recover-20241104/UBNA_026/20241026_035000.WAV,recover-20241104,UBNA_026,Carp Pond
HF,44160.0,26.684524097564335,22.3775,22.3845,40937.0,67679.0,Pipistrellus pipistrellus,0.458,0.538,-1,Echolocation,192000.0,/mnt/ubna_data_04/recover-20241104/UBNA_026/20241026_035000.WAV,recover-20241104,UBNA_026,Carp Pond
HF,47040.0,8.500262497090796,22.4725,22.4808,43515.0,57892.0,Pipistrellus pipistrellus,0.501,0.635,-1,Echolocation,192000.0,/mnt/ubna_data_04/recover-20241104/UBNA_026/20241026_035000.WAV,recover-20241104,UBNA_026,Carp Pond
HF,48000.0,24.27690372512145,22.5525,22.5597,42656.0,60675.0,Pipistrellus pipistrellus,0.526,0.584,-1,Echolocation,192000.0,/mnt/ubna_data_04/recover-20241104/UBNA_026/20241026_035000.WAV,recover-20241104,UBNA_026,Carp Pond
HF,47040.0,24.500510579469402,22.6415,22.6503,41796.0,67546.0,Pipistrellus pipistrellus,0.449,0.53,-1,Echolocation,192000.0,/mnt/ubna_data_04/recover-20241104/UBNA_026/20241026_035000.WAV,recover-20241104,UBNA_026,Carp Pond
HF,44160.0,11.61458257837581,22.7395,22.7468,43515.0,52800.0,Pipistrellus pipistrellus,0.59,0.623,-1,Echolocation,192000.0,/mnt/ubna_data_04/recover-20241104/UBNA_026/20241026_035000.WAV,recover-20241104,UBNA_026,Carp Pond
HF,45120.0,13.53358615143554,22.9185,22.9287,42656.0,55344.0,Pipistrellus pipistrellus,0.48,0.548,-1,Echolocation,192000.0,/mnt/ubna_data_04/recover-20241104/UBNA_026/20241026_035000.WAV,recover-20241104,UBNA_026,Carp Pond
HF,47040.0,21.0112321611898,23.0995,23.107,43515.0,60406.0,Pipistrellus pipistrellus,0.513,0.659,-1,Echolocation,192000.0,/mnt/ubna_data_04/recover-20241104/UBNA_026/20241026_035000.WAV,recover-20241104,UBNA_026,Carp Pond
HF,44160.0,7.352670455952131,23.1915,23.2021,43515.0,57020.0,Pipistrellus pipistrellus,0.494,0.609,-1,Echolocation,192000.0,/mnt/ubna_data_04/recover-20241104/UBNA_026/20241026_035000.WAV,recover-20241104,UBNA_026,Carp Pond
HF,47040.0,8.48481965395382,23.2795,23.2912,42656.0,56116.0,Pipistrellus pipistrellus,0.325,0.506,-1,Echolocation,192000.0,/mnt/ubna_data_04/recover-20241104/UBNA_026/20241026_035000.WAV,recover-20241104,UBNA_026,Carp Pond
HF,48960.0,19.51402005314645,23.5405,23.5489,43515.0,57032.0,Pipistrellus pipistrellus,0.471,0.659,-1,Echolocation,192000.0,/mnt/ubna_data_04/recover-20241104/UBNA_026/20241026_035000.WAV,recover-20241104,UBNA_026,Carp Pond
HF,47040.0,8.579709542900805,23.6375,23.6458,44375.0,54479.0,Pipistrellus pipistrellus,0.531,0.58,-1,Echolocation,192000.0,/mnt/ubna_data_04/recover-20241104/UBNA_026/20241026_035000.WAV,recover-20241104,UBNA_026,Carp Pond
HF,47040.0,15.296056219786326,23.7235,23.7301,43515.0,58729.0,Pipistrellus pipistrellus,0.538,0.666,-1,Echolocation,192000.0,/mnt/ubna_data_04/recover-20241104/UBNA_026/20241026_035000.WAV,recover-20241104,UBNA_026,Carp Pond
HF,46080.0,10.314993158161332,23.8225,23.8305,43515.0,52868.0,Pipistrellus pipistrellus,0.468,0.535,-1,Echolocation,192000.0,/mnt/ubna_data_04/recover-20241104/UBNA_026/20241026_035000.WAV,recover-20241104,UBNA_026,Carp Pond
HF,46080.0,19.99613957247378,23.9135,23.9228,42656.0,62618.0,Pipistrellus pipistrellus,0.495,0.591,-1,Echolocation,192000.0,/mnt/ubna_data_04/recover-20241104/UBNA_026/20241026_035000.WAV,recover-20241104,UBNA_026,Carp Pond
HF,47040.0,20.934953662043124,24.1965,24.2023,43515.0,62089.0,Pipistrellus pipistrellus,0.545,0.677,-1,Echolocation,192000.0,/mnt/ubna_data_04/recover-20241104/UBNA_026/20241026_035000.WAV,recover-20241104,UBNA_026,Carp Pond
HF,48000.0,4.944317572762398,24.2945,24.3021,44375.0,55227.0,Pipistrellus pipistrellus,0.417,0.501,-1,Echolocation,192000.0,/mnt/ubna_data_04/recover-20241104/UBNA_026/20241026_035000.WAV,recover-20241104,UBNA_026,Carp Pond
HF,46080.0,15.458067006561787,24.3865,24.395,43515.0,60247.0,Pipistrellus pipistrellus,0.394,0.534,-1,Echolocation,192000.0,/mnt/ubna_data_04/recover-20241104/UBNA_026/20241026_035000.WAV,recover-20241104,UBNA_026,Carp Pond
HF,47040.0,11.057254357979751,24.5765,24.5853,43515.0,60281.0,Pipistrellus pipistrellus,0.362,0.523,-1,Echolocation,192000.0,/mnt/ubna_data_04/recover-20241104/UBNA_026/20241026_035000.WAV,recover-20241104,UBNA_026,Carp Pond
HF,46080.0,9.125881865610957,24.7605,24.7693,42656.0,60159.0,Pipistrellus pipistrellus,0.36,0.576,-1,Echolocation,192000.0,/mnt/ubna_data_04/recover-20241104/UBNA_026/20241026_035000.WAV,recover-20241104,UBNA_026,Carp Pond
HF,44160.0,6.926482610190123,24.9475,24.9569,43515.0,56721.0,Pipistrellus pipistrellus,0.447,0.631,-1,Echolocation,192000.0,/mnt/ubna_data_04/recover-20241104/UBNA_026/20241026_035000.WAV,recover-20241104,UBNA_026,Carp Pond
HF,45120.0,10.730813003155752,25.1285,25.1375,42656.0,59640.0,Pipistrellus pipistrellus,0.288,0.524,-1,Echolocation,192000.0,/mnt/ubna_data_04/recover-20241104/UBNA_026/20241026_035000.WAV,recover-20241104,UBNA_026,Carp Pond
HF,44160.0,5.261140835620289,25.3145,25.3221,43515.0,51253.0,Pipistrellus pipistrellus,0.435,0.536,-1,Echolocation,192000.0,/mnt/ubna_data_04/recover-20241104/UBNA_026/20241026_035000.WAV,recover-20241104,UBNA_026,Carp Pond
HF,46080.0,10.306340511376675,25.4995,25.505,43515.0,57870.0,Pipistrellus pipistrellus,0.555,0.607,-1,Echolocation,192000.0,/mnt/ubna_data_04/recover-20241104/UBNA_026/20241026_035000.WAV,recover-20241104,UBNA_026,Carp Pond
HF,45120.0,3.037285730297677,26.5965,26.6058,43515.0,48676.0,Pipistrellus pipistrellus,0.426,0.513,-1,Echolocation,192000.0,/mnt/ubna_data_04/recover-20241104/UBNA_026/20241026_035000.WAV,recover-20241104,UBNA_026,Carp Pond
HF,46080.0,4.063573399305417,27.4785,27.4859,43515.0,54858.0,Pipistrellus pipistrellus,0.304,0.54,-1,Echolocation,192000.0,/mnt/ubna_data_04/recover-20241104/UBNA_026/20241026_035000.WAV,recover-20241104,UBNA_026,Carp Pond
HF,45120.0,4.632294316538843,27.8745,27.8826,44375.0,50604.0,Pipistrellus pipistrellus,0.544,0.614,-1,Echolocation,192000.0,/mnt/ubna_data_04/recover-20241104/UBNA_026/20241026_035000.WAV,recover-20241104,UBNA_026,Carp Pond
HF,46080.0,8.005600248965768,180.6195,180.6275,46093.0,57975.0,Pipistrellus pipistrellus,0.528,0.581,-1,Echolocation,192000.0,/mnt/ubna_data_04/recover-20241104/UBNA_026/20241026_035000.WAV,recover-20241104,UBNA_026,Carp Pond
HF,47040.0,4.868292047598412,180.8095,180.8156,46093.0,57401.0,Pipistrellus pipistrellus,0.517,0.544,-1,Echolocation,192000.0,/mnt/ubna_data_04/recover-20241104/UBNA_026/20241026_035000.WAV,recover-20241104,UBNA_026,Carp Pond
HF,48960.0,9.140042839187409,181.0175,181.0234,46953.0,59545.0,Pipistrellus pipistrellus,0.573,0.644,-1,Echolocation,192000.0,/mnt/ubna_data_04/recover-20241104/UBNA_026/20241026_035000.WAV,recover-20241104,UBNA_026,Carp Pond
HF,47040.0,5.587978617724655,181.2905,181.2971,46953.0,55605.0,Pipistrellus pipistrellus,0.524,0.563,-1,Echolocation,192000.0,/mnt/ubna_data_04/recover-20241104/UBNA_026/20241026_035000.WAV,recover-20241104,UBNA_026,Carp Pond
HF,46080.0,13.029779769949283,181.3855,181.3933,44375.0,62718.0,Pipistrellus pipistrellus,0.534,0.623,-1,Echolocation,192000.0,/mnt/ubna_data_04/recover-20241104/UBNA_026/20241026_035000.WAV,recover-20241104,UBNA_026,Carp Pond
HF,46080.0,19.74482491010594,181.4825,181.4894,44375.0,63117.0,Pipistrellus pipistrellus,0.612,0.643,-1,Echolocation,192000.0,/mnt/ubna_data_04/recover-20241104/UBNA_026/20241026_035000.WAV,recover-20241104,UBNA_026,Carp Pond
HF,46080.0,18.844991797601743,181.7545,181.7623,43515.0,65235.0,Pipistrellus pipistrellus,0.565,0.632,-1,Echolocation,192000.0,/mnt/ubna_data_04/recover-20241104/UBNA_026/20241026_035000.WAV,recover-20241104,UBNA_026,Carp Pond
HF,47040.0,8.810979878153502,181.9485,181.9569,46093.0,58297.0,Pipistrellus pipistrellus,0.439,0.544,-1,Echolocation,192000.0,/mnt/ubna_data_04/recover-20241104/UBNA_026/20241026_035000.WAV,recover-20241104,UBNA_026,Carp Pond
HF,46080.0,17.60389156710197,182.0445,182.0513,44375.0,59096.0,Pipistrellus pipistrellus,0.571,0.664,-1,Echolocation,192000.0,/mnt/ubna_data_04/recover-20241104/UBNA_026/20241026_035000.WAV,recover-20241104,UBNA_026,Carp Pond
HF,47040.0,10.8006018800691,182.2265,182.2337,44375.0,57456.0,Pipistrellus pipistrellus,0.479,0.529,-1,Echolocation,192000.0,/mnt/ubna_data_04/recover-20241104/UBNA_026/20241026_035000.WAV,recover-20241104,UBNA_026,Carp Pond
HF,48000.0,13.33216807584915,182.4265,182.4355,42656.0,64001.0,Pipistrellus pipistrellus,0.388,0.538,-1,Echolocation,192000.0,/mnt/ubna_data_04/recover-20241104/UBNA_026/20241026_035000.WAV,recover-20241104,UBNA_026,Carp Pond
HF,47040.0,20.08437247175323,182.6295,182.6367,43515.0,62768.0,Pipistrellus pipistrellus,0.602,0.708,-1,Echolocation,192000.0,/mnt/ubna_data_04/recover-20241104/UBNA_026/20241026_035000.WAV,recover-20241104,UBNA_026,Carp Pond
HF,48000.0,16.185130598437595,182.8135,182.8188,44375.0,56704.0,Pipistrellus pipistrellus,0.63,0.657,-1,Echolocation,192000.0,/mnt/ubna_data_04/recover-20241104/UBNA_026/20241026_035000.WAV,recover-20241104,UBNA_026,Carp Pond
HF,48000.0,14.824789162696607,183.0775,183.0849,45234.0,61608.0,Pipistrellus pipistrellus,0.441,0.583,-1,Echolocation,192000.0,/mnt/ubna_data_04/recover-20241104/UBNA_026/20241026_035000.WAV,recover-20241104,UBNA_026,Carp Pond
HF,48960.0,8.56886590860142,183.2845,183.2939,45234.0,56571.0,Pipistrellus pipistrellus,0.432,0.536,-1,Echolocation,192000.0,/mnt/ubna_data_04/recover-20241104/UBNA_026/20241026_035000.WAV,recover-20241104,UBNA_026,Carp Pond
HF,47040.0,8.45080308329106,183.6665,183.6747,43515.0,59069.0,Pipistrellus pipistrellus,0.49,0.588,-1,Echolocation,192000.0,/mnt/ubna_data_04/recover-20241104/UBNA_026/20241026_035000.WAV,recover-20241104,UBNA_026,Carp Pond
LF,32640.0,14.523821737123864,225.1975,225.22,31484.0,34986.0,Nyctalus leisleri,0.37,0.562,-1,Echolocation,192000.0,/mnt/ubna_data_04/recover-20241104/UBNA_026/20241026_192000.WAV,recover-20241104,UBNA_026,Carp Pond
LF,32640.0,16.21018196933688,246.9725,246.9935,31484.0,34543.0,Nyctalus leisleri,0.332,0.523,-1,Echolocation,192000.0,/mnt/ubna_data_04/recover-20241104/UBNA_026/20241026_192000.WAV,recover-20241104,UBNA_026,Carp Pond
LF,32640.0,12.999052562443158,250.0505,250.0677,32343.0,35081.0,Nyctalus leisleri,0.278,0.525,-1,Echolocation,192000.0,/mnt/ubna_data_04/recover-20241104/UBNA_026/20241026_192000.WAV,recover-20241104,UBNA_026,Carp Pond
LF,32640.0,22.93920349182813,5.4705,5.4924,31484.0,33807.0,Nyctalus leisleri,0.396,0.522,-1,Echolocation,192000.0,/mnt/ubna_data_04/recover-20241104/UBNA_026/20241026_193000.WAV,recover-20241104,UBNA_026,Carp Pond
LF,32640.0,27.53034789340213,72.2625,72.2836,31484.0,34447.0,Nyctalus leisleri,0.425,0.587,-1,Echolocation,192000.0,/mnt/ubna_data_04/recover-20241104/UBNA_026/20241026_193000.WAV,recover-20241104,UBNA_026,Carp Pond
LF,32640.0,15.827838627845681,72.3885,72.4049,32343.0,35550.0,Nyctalus leisleri,0.355,0.6,-1,Echolocation,192000.0,/mnt/ubna_data_04/recover-20241104/UBNA_026/20241026_193000.WAV,recover-20241104,UBNA_026,Carp Pond
LF,32640.0,21.278977468893814,147.0775,147.0969,32343.0,34865.0,Nyctalus leisleri,0.288,0.508,-1,Echolocation,192000.0,/mnt/ubna_data_04/recover-20241104/UBNA_026/20241026_193000.WAV,recover-20241104,UBNA_026,Carp Pond
LF,32640.0,16.66665467382188,184.8225,184.8445,31484.0,35167.0,Nyctalus leisleri,0.339,0.561,-1,Echolocation,192000.0,/mnt/ubna_data_04/recover-20241104/UBNA_026/20241026_193000.WAV,recover-20241104,UBNA_026,Carp Pond
LF,32640.0,15.409864729416618,223.42849999999999,223.4457,32343.0,34393.0,Nyctalus leisleri,0.323,0.529,-1,Echolocation,192000.0,/mnt/ubna_data_04/recover-20241104/UBNA_026/20241026_193000.WAV,recover-20241104,UBNA_026,Carp Pond
LF,32640.0,22.528485552974384,233.7295,233.75,31484.0,33583.0,Nyctalus leisleri,0.519,0.612,-1,Echolocation,192000.0,/mnt/ubna_data_04/recover-20241104/UBNA_026/20241026_193000.WAV,recover-20241104,UBNA_026,Carp Pond
LF,32640.0,21.24347625068065,261.7415,261.7651,31484.0,35000.0,Nyctalus leisleri,0.335,0.542,-1,Echolocation,192000.0,/mnt/ubna_data_04/recover-20241104/UBNA_026/20241026_193000.WAV,recover-20241104,UBNA_026,Carp Pond
LF,32640.0,25.317374033404377,271.0255,271.0504,31484.0,34530.0,Nyctalus leisleri,0.319,0.514,-1,Echolocation,192000.0,/mnt/ubna_data_04/recover-20241104/UBNA_026/20241026_193000.WAV,recover-20241104,UBNA_026,Carp Pond
LF,32640.0,18.21732864921912,278.2905,278.3078,32343.0,34626.0,Nyctalus leisleri,0.245,0.543,-1,Echolocation,192000.0,/mnt/ubna_data_04/recover-20241104/UBNA_026/20241026_193000.WAV,recover-20241104,UBNA_026,Carp Pond
LF,32640.0,22.10244955905839,281.1885,281.2053,32343.0,34606.0,Nyctalus leisleri,0.275,0.54,-1,Echolocation,192000.0,/mnt/ubna_data_04/recover-20241104/UBNA_026/20241026_193000.WAV,recover-20241104,UBNA_026,Carp Pond
LF,32640.0,20.34284731745285,289.8005,289.82,31484.0,34082.0,Nyctalus leisleri,0.442,0.656,-1,Echolocation,192000.0,/mnt/ubna_data_04/recover-20241104/UBNA_026/20241026_193000.WAV,recover-20241104,UBNA_026,Carp Pond
LF,27840.0,1.8045825898477343,188.2975,188.3095,27187.0,32202.0,Nyctalus leisleri,0.348,0.533,-1,Echolocation,192000.0,/mnt/ubna_data_04/recover-20241104/UBNA_026/20241029_063000.WAV,recover-20241104,UBNA_026,Carp Pond
LF,26880.0,7.312446670216302,188.7655,188.7786,26328.0,30279.0,Nyctalus leisleri,0.497,0.626,-1,Echolocation,192000.0,/mnt/ubna_data_04/recover-20241104/UBNA_026/20241029_063000.WAV,recover-20241104,UBNA_026,Carp Pond
LF,26880.0,4.514414722696859,188.9855,189.001,26328.0,30117.0,Nyctalus leisleri,0.37,0.579,-1,Echolocation,192000.0,/mnt/ubna_data_04/recover-20241104/UBNA_026/20241029_063000.WAV,recover-20241104,UBNA_026,Carp Pond
LF,26880.0,10.366149161123225,189.2185,189.2301,26328.0,31456.0,Nyctalus leisleri,0.573,0.726,-1,Echolocation,192000.0,/mnt/ubna_data_04/recover-20241104/UBNA_026/20241029_063000.WAV,recover-20241104,UBNA_026,Carp Pond
LF,26880.0,10.179899684024498,189.4405,189.4547,26328.0,29150.0,Nyctalus leisleri,0.543,0.66,-1,Echolocation,192000.0,/mnt/ubna_data_04/recover-20241104/UBNA_026/20241029_063000.WAV,recover-20241104,UBNA_026,Carp Pond
LF,26880.0,10.85479426437941,189.6885,189.7035,25468.0,29437.0,Nyctalus leisleri,0.517,0.671,-1,Echolocation,192000.0,/mnt/ubna_data_04/recover-20241104/UBNA_026/20241029_063000.WAV,recover-20241104,UBNA_026,Carp Pond
LF,26880.0,6.99688291609556,189.9215,189.9383,25468.0,29075.0,Nyctalus leisleri,0.476,0.57,-1,Echolocation,192000.0,/mnt/ubna_data_04/recover-20241104/UBNA_026/20241029_063000.WAV,recover-20241104,UBNA_026,Carp Pond
LF,25920.0,16.787961547581673,190.3665,190.3805,25468.0,28964.0,Nyctalus leisleri,0.57,0.701,-1,Echolocation,192000.0,/mnt/ubna_data_04/recover-20241104/UBNA_026/20241029_063000.WAV,recover-20241104,UBNA_026,Carp Pond
LF,26880.0,11.557197567880074,190.5955,190.6092,25468.0,28894.0,Nyctalus leisleri,0.663,0.726,-1,Echolocation,192000.0,/mnt/ubna_data_04/recover-20241104/UBNA_026/20241029_063000.WAV,recover-20241104,UBNA_026,Carp Pond
LF,26880.0,13.852273506317188,190.82150000000001,190.8367,25468.0,29447.0,Nyctalus leisleri,0.582,0.691,-1,Echolocation,192000.0,/mnt/ubna_data_04/recover-20241104/UBNA_026/20241029_063000.WAV,recover-20241104,UBNA_026,Carp Pond
LF,26880.0,15.938702889306661,191.1485,191.1636,25468.0,28761.0,Nyctalus leisleri,0.677,0.74,-1,Echolocation,192000.0,/mnt/ubna_data_04/recover-20241104/UBNA_026/20241029_063000.WAV,recover-20241104,UBNA_026,Carp Pond
LF,26880.0,17.214063287142434,191.3775,191.3922,25468.0,28787.0,Nyctalus leisleri,0.614,0.708,-1,Echolocation,192000.0,/mnt/ubna_data_04/recover-20241104/UBNA_026/20241029_063000.WAV,recover-20241104,UBNA_026,Carp Pond
LF,26880.0,16.73326149137643,191.6975,191.7125,25468.0,29256.0,Nyctalus leisleri,0.612,0.707,-1,Echolocation,192000.0,/mnt/ubna_data_04/recover-20241104/UBNA_026/20241029_063000.WAV,recover-20241104,UBNA_026,Carp Pond
LF,25920.0,20.001327708232402,192.0315,192.0455,25468.0,28959.0,Nyctalus leisleri,0.677,0.733,-1,Echolocation,192000.0,/mnt/ubna_data_04/recover-20241104/UBNA_026/20241029_063000.WAV,recover-20241104,UBNA_026,Carp Pond
LF,25920.0,16.94789235222562,192.2555,192.27100000000002,25468.0,28982.0,Nyctalus leisleri,0.537,0.616,-1,Echolocation,192000.0,/mnt/ubna_data_04/recover-20241104/UBNA_026/20241029_063000.WAV,recover-20241104,UBNA_026,Carp Pond
LF,25920.0,16.527331289767297,192.5905,192.6062,25468.0,28465.0,Nyctalus leisleri,0.551,0.654,-1,Echolocation,192000.0,/mnt/ubna_data_04/recover-20241104/UBNA_026/20241029_063000.WAV,recover-20241104,UBNA_026,Carp Pond
LF,25920.0,19.40853254702956,192.8345,192.8503,25468.0,29065.0,Nyctalus leisleri,0.506,0.622,-1,Echolocation,192000.0,/mnt/ubna_data_04/recover-20241104/UBNA_026/20241029_063000.WAV,recover-20241104,UBNA_026,Carp Pond
LF,25920.0,17.749281716339215,193.0585,193.0741,25468.0,29241.0,Nyctalus leisleri,0.387,0.518,-1,Echolocation,192000.0,/mnt/ubna_data_04/recover-20241104/UBNA_026/20241029_063000.WAV,recover-20241104,UBNA_026,Carp Pond
LF,25920.0,18.439189826455976,193.2875,193.3019,25468.0,28968.0,Nyctalus leisleri,0.491,0.61,-1,Echolocation,192000.0,/mnt/ubna_data_04/recover-20241104/UBNA_026/20241029_063000.WAV,recover-20241104,UBNA_026,Carp Pond
LF,25920.0,16.94879859419968,193.6195,193.6342,25468.0,28422.0,Nyctalus leisleri,0.6,0.637,-1,Echolocation,192000.0,/mnt/ubna_data_04/recover-20241104/UBNA_026/20241029_063000.WAV,recover-20241104,UBNA_026,Carp Pond
LF,25920.0,17.73715578044891,193.8475,193.8629,25468.0,28153.0,Nyctalus leisleri,0.557,0.603,-1,Echolocation,192000.0,/mnt/ubna_data_04/recover-20241104/UBNA_026/20241029_063000.WAV,recover-20241104,UBNA_026,Carp Pond
LF,25920.0,13.309318839838237,194.1755,194.1896,25468.0,28550.0,Nyctalus leisleri,0.56,0.663,-1,Echolocation,192000.0,/mnt/ubna_data_04/recover-20241104/UBNA_026/20241029_063000.WAV,recover-20241104,UBNA_026,Carp Pond
LF,25920.0,12.527512664986698,194.7405,194.7557,24609.0,27582.0,Nyctalus leisleri,0.484,0.565,-1,Echolocation,192000.0,/mnt/ubna_data_04/recover-20241104/UBNA_026/20241029_063000.WAV,recover-20241104,UBNA_026,Carp Pond
LF,25920.0,9.98665488862569,195.6385,195.6569,24609.0,28555.0,Nyctalus leisleri,0.401,0.503,-1,Echolocation,192000.0,/mnt/ubna_data_04/recover-20241104/UBNA_026/20241029_063000.WAV,recover-20241104,UBNA_026,Carp Pond
LF,27840.0,6.7256364056486255,102.0835,102.0973,26328.0,32228.0,Nyctalus leisleri,0.276,0.506,-1,Echolocation,192000.0,/mnt/ubna_data_04/recover-20241104/UBNA_026/20241030_041000.WAV,recover-20241104,UBNA_026,Carp Pond
LF,25920.0,7.6462058462645155,102.9795,102.9946,25468.0,29701.0,Nyctalus leisleri,0.407,0.541,-1,Echolocation,192000.0,/mnt/ubna_data_04/recover-20241104/UBNA_026/20241030_041000.WAV,recover-20241104,UBNA_026,Carp Pond
LF,25920.0,14.761613693240335,103.8235,103.83670000000001,25468.0,30270.0,Nyctalus leisleri,0.457,0.589,-1,Echolocation,192000.0,/mnt/ubna_data_04/recover-20241104/UBNA_026/20241030_041000.WAV,recover-20241104,UBNA_026,Carp Pond
LF,25920.0,17.752455902814052,105.4115,105.4285,25468.0,28727.0,Nyctalus leisleri,0.363,0.52,-1,Echolocation,192000.0,/mnt/ubna_data_04/recover-20241104/UBNA_026/20241030_041000.WAV,recover-20241104,UBNA_026,Carp Pond
LF,25920.0,8.067781693327328,105.7385,105.7543,24609.0,28651.0,Nyctalus leisleri,0.524,0.652,-1,Echolocation,192000.0,/mnt/ubna_data_04/recover-20241104/UBNA_026/20241030_041000.WAV,recover-20241104,UBNA_026,Carp Pond
LF,25920.0,19.689563818260133,106.0675,106.082,25468.0,28705.0,Nyctalus leisleri,0.51,0.634,-1,Echolocation,192000.0,/mnt/ubna_data_04/recover-20241104/UBNA_026/20241030_041000.WAV,recover-20241104,UBNA_026,Carp Pond
LF,24960.0,5.655912645500196,106.4025,106.4181,25468.0,29165.0,Nyctalus leisleri,0.448,0.553,-1,Echolocation,192000.0,/mnt/ubna_data_04/recover-20241104/UBNA_026/20241030_041000.WAV,recover-20241104,UBNA_026,Carp Pond
LF,25920.0,12.984933995631483,106.7315,106.7445,25468.0,30378.0,Nyctalus leisleri,0.433,0.61,-1,Echolocation,192000.0,/mnt/ubna_data_04/recover-20241104/UBNA_026/20241030_041000.WAV,recover-20241104,UBNA_026,Carp Pond
LF,25920.0,9.733985349602177,107.0605,107.0723,25468.0,30429.0,Nyctalus leisleri,0.39,0.65,-1,Echolocation,192000.0,/mnt/ubna_data_04/recover-20241104/UBNA_026/20241030_041000.WAV,recover-20241104,UBNA_026,Carp Pond
LF,26880.0,17.868037488292174,107.3995,107.41329999999999,25468.0,30129.0,Nyctalus leisleri,0.418,0.582,-1,Echolocation,192000.0,/mnt/ubna_data_04/recover-20241104/UBNA_026/20241030_041000.WAV,recover-20241104,UBNA_026,Carp Pond
LF,24960.0,11.979475279355965,107.7415,107.7551,24609.0,27375.0,Nyctalus leisleri,0.532,0.63,-1,Echolocation,192000.0,/mnt/ubna_data_04/recover-20241104/UBNA_026/20241030_041000.WAV,recover-20241104,UBNA_026,Carp Pond
LF,25920.0,23.16115609705239,108.08449999999999,108.0981,25468.0,29968.0,Nyctalus leisleri,0.515,0.681,-1,Echolocation,192000.0,/mnt/ubna_data_04/recover-20241104/UBNA_026/20241030_041000.WAV,recover-20241104,UBNA_026,Carp Pond
LF,25920.0,9.602104760258213,108.4295,108.4428,24609.0,28776.0,Nyctalus leisleri,0.482,0.628,-1,Echolocation,192000.0,/mnt/ubna_data_04/recover-20241104/UBNA_026/20241030_041000.WAV,recover-20241104,UBNA_026,Carp Pond
LF,25920.0,24.80867030163182,108.8835,108.8971,24609.0,28031.0,Nyctalus leisleri,0.711,0.764,-1,Echolocation,192000.0,/mnt/ubna_data_04/recover-20241104/UBNA_026/20241030_041000.WAV,recover-20241104,UBNA_026,Carp Pond
LF,25920.0,11.60985452515945,109.2255,109.2388,24609.0,28640.0,Nyctalus leisleri,0.469,0.587,-1,Echolocation,192000.0,/mnt/ubna_data_04/recover-20241104/UBNA_026/20241030_041000.WAV,recover-20241104,UBNA_026,Carp Pond
LF,25920.0,19.799010771659578,109.5655,109.58109999999999,24609.0,28268.0,Nyctalus leisleri,0.525,0.626,-1,Echolocation,192000.0,/mnt/ubna_data_04/recover-20241104/UBNA_026/20241030_041000.WAV,recover-20241104,UBNA_026,Carp Pond
LF,24960.0,9.470441010572694,109.8985,109.9126,24609.0,27955.0,Nyctalus leisleri,0.43,0.529,-1,Echolocation,192000.0,/mnt/ubna_data_04/recover-20241104/UBNA_026/20241030_041000.WAV,recover-20241104,UBNA_026,Carp Pond
LF,25920.0,19.63818180641503,110.3565,110.3706,24609.0,27457.0,Nyctalus leisleri,0.649,0.724,-1,Echolocation,192000.0,/mnt/ubna_data_04/recover-20241104/UBNA_026/20241030_041000.WAV,recover-20241104,UBNA_026,Carp Pond
LF,26880.0,6.509489229283158,110.5125,110.5226,26328.0,32362.0,Nyctalus leisleri,0.44,0.682,-1,Echolocation,192000.0,/mnt/ubna_data_04/recover-20241104/UBNA_026/20241030_041000.WAV,recover-20241104,UBNA_026,Carp Pond
LF,26880.0,5.918587359062054,111.6135,111.6243,26328.0,32431.0,Nyctalus leisleri,0.258,0.575,-1,Echolocation,192000.0,/mnt/ubna_data_04/recover-20241104/UBNA_026/20241030_041000.WAV,recover-20241104,UBNA_026,Carp Pond
LF,26880.0,16.190460470505272,111.8745,111.8866,25468.0,31761.0,Nyctalus leisleri,0.409,0.651,-1,Echolocation,192000.0,/mnt/ubna_data_04/recover-20241104/UBNA_026/20241030_041000.WAV,recover-20241104,UBNA_026,Carp Pond
LF,25920.0,6.2689547275306,112.1055,112.117,25468.0,31757.0,Nyctalus leisleri,0.366,0.649,-1,Echolocation,192000.0,/mnt/ubna_data_04/recover-20241104/UBNA_026/20241030_041000.WAV,recover-20241104,UBNA_026,Carp Pond
LF,25920.0,16.050780546469102,112.4305,112.443,24609.0,30838.0,Nyctalus leisleri,0.343,0.644,-1,Echolocation,192000.0,/mnt/ubna_data_04/recover-20241104/UBNA_026/20241030_041000.WAV,recover-20241104,UBNA_026,Carp Pond
LF,25920.0,6.621296428791085,113.12950000000001,113.1445,24609.0,28152.0,Nyctalus leisleri,0.369,0.505,-1,Echolocation,192000.0,/mnt/ubna_data_04/recover-20241104/UBNA_026/20241030_041000.WAV,recover-20241104,UBNA_026,Carp Pond
LF,25920.0,6.308970450241857,113.9145,113.9268,24609.0,29521.0,Nyctalus leisleri,0.338,0.546,-1,Echolocation,192000.0,/mnt/ubna_data_04/recover-20241104/UBNA_026/20241030_041000.WAV,recover-20241104,UBNA_026,Carp Pond
LF,24960.0,4.407665525935963,114.2535,114.2677,24609.0,28421.0,Nyctalus leisleri,0.443,0.579,-1,Echolocation,192000.0,/mnt/ubna_data_04/recover-20241104/UBNA_026/20241030_041000.WAV,recover-20241104,UBNA_026,Carp Pond
HF,47040.0,9.963285101225521,191.4315,191.4378,45234.0,58111.0,Pipistrellus pipistrellus,0.38,0.523,-1,Echolocation,192000.0,/mnt/ubna_data_04/recover-20241104/UBNA_026/20241031_015000.WAV,recover-20241104,UBNA_026,Carp Pond
HF,47040.0,8.59342202212107,191.6035,191.6122,45234.0,60420.0,Pipistrellus pipistrellus,0.536,0.634,-1,Echolocation,192000.0,/mnt/ubna_data_04/recover-20241104/UBNA_026/20241031_015000.WAV,recover-20241104,UBNA_026,Carp Pond
HF,46080.0,9.880335769560718,191.8395,191.84629999999999,46093.0,59135.0,Pipistrellus pipistrellus,0.475,0.621,-1,Echolocation,192000.0,/mnt/ubna_data_04/recover-20241104/UBNA_026/20241031_015000.WAV,recover-20241104,UBNA_026,Carp Pond
HF,45120.0,14.330275281707562,191.9205,191.9265,44375.0,62451.0,Pipistrellus pipistrellus,0.611,0.699,-1,Echolocation,192000.0,/mnt/ubna_data_04/recover-20241104/UBNA_026/20241031_015000.WAV,recover-20241104,UBNA_026,Carp Pond
HF,47040.0,15.516713656580341,192.0095,192.0173,45234.0,61330.0,Pipistrellus pipistrellus,0.557,0.614,-1,Echolocation,192000.0,/mnt/ubna_data_04/recover-20241104/UBNA_026/20241031_015000.WAV,recover-20241104,UBNA_026,Carp Pond
HF,46080.0,12.322642532767873,192.0955,192.1028,46093.0,58164.0,Pipistrellus pipistrellus,0.541,0.57,-1,Echolocation,192000.0,/mnt/ubna_data_04/recover-20241104/UBNA_026/20241031_015000.WAV,recover-20241104,UBNA_026,Carp Pond
HF,48000.0,13.409458934280885,192.17849999999999,192.1865,46953.0,65817.0,Pipistrellus pipistrellus,0.445,0.561,-1,Echolocation,192000.0,/mnt/ubna_data_04/recover-20241104/UBNA_026/20241031_015000.WAV,recover-20241104,UBNA_026,Carp Pond
HF,46080.0,14.659608846514832,192.2675,192.2744,46093.0,54975.0,Pipistrellus pipistrellus,0.555,0.571,-1,Echolocation,192000.0,/mnt/ubna_data_04/recover-20241104/UBNA_026/20241031_015000.WAV,recover-20241104,UBNA_026,Carp Pond
HF,47040.0,8.511301881935246,192.3435,192.352,46953.0,61387.0,Pipistrellus pipistrellus,0.534,0.642,-1,Echolocation,192000.0,/mnt/ubna_data_04/recover-20241104/UBNA_026/20241031_015000.WAV,recover-20241104,UBNA_026,Carp Pond
HF,54720.0,17.93576646395379,192.42849999999999,192.43880000000001,45234.0,65717.0,Pipistrellus pipistrellus,0.593,0.708,-1,Echolocation,192000.0,/mnt/ubna_data_04/recover-20241104/UBNA_026/20241031_015000.WAV,recover-20241104,UBNA_026,Carp Pond
HF,47040.0,9.997811581381299,192.5165,192.523,45234.0,60054.0,Pipistrellus pipistrellus,0.592,0.618,-1,Echolocation,192000.0,/mnt/ubna_data_04/recover-20241104/UBNA_026/20241031_015000.WAV,recover-20241104,UBNA_026,Carp Pond
HF,47040.0,15.755395574117601,192.6005,192.6097,45234.0,62605.0,Pipistrellus pipistrellus,0.53,0.632,-1,Echolocation,192000.0,/mnt/ubna_data_04/recover-20241104/UBNA_026/20241031_015000.WAV,recover-20241104,UBNA_026,Carp Pond
HF,48960.0,18.802613234143223,192.6895,192.6995,43515.0,71941.0,Pipistrellus pipistrellus,0.614,0.709,-1,Echolocation,192000.0,/mnt/ubna_data_04/recover-20241104/UBNA_026/20241031_015000.WAV,recover-20241104,UBNA_026,Carp Pond
HF,48000.0,11.27752632631398,192.7825,192.7883,45234.0,55563.0,Pipistrellus pipistrellus,0.65,0.673,-1,Echolocation,192000.0,/mnt/ubna_data_04/recover-20241104/UBNA_026/20241031_015000.WAV,recover-20241104,UBNA_026,Carp Pond
HF,48960.0,21.643697302394145,192.8625,192.8677,43515.0,60898.0,Pipistrellus pipistrellus,0.628,0.661,-1,Echolocation,192000.0,/mnt/ubna_data_04/recover-20241104/UBNA_026/20241031_015000.WAV,recover-20241104,UBNA_026,Carp Pond
HF,46080.0,18.764810816489124,192.9445,192.9505,45234.0,62338.0,Pipistrellus pipistrellus,0.576,0.622,-1,Echolocation,192000.0,/mnt/ubna_data_04/recover-20241104/UBNA_026/20241031_015000.WAV,recover-20241104,UBNA_026,Carp Pond
HF,47040.0,19.560751187975875,193.0355,193.0409,45234.0,59614.0,Pipistrellus pipistrellus,0.621,0.641,-1,Echolocation,192000.0,/mnt/ubna_data_04/recover-20241104/UBNA_026/20241031_015000.WAV,recover-20241104,UBNA_026,Carp Pond
HF,46080.0,18.2737604828861,193.1195,193.1266,45234.0,62815.0,Pipistrellus pipistrellus,0.506,0.609,-1,Echolocation,192000.0,/mnt/ubna_data_04/recover-20241104/UBNA_026/20241031_015000.WAV,recover-20241104,UBNA_026,Carp Pond
HF,46080.0,15.634599523404948,193.2135,193.219,45234.0,59502.0,Pipistrellus pipistrellus,0.656,0.69,-1,Echolocation,192000.0,/mnt/ubna_data_04/recover-20241104/UBNA_026/20241031_015000.WAV,recover-20241104,UBNA_026,Carp Pond
HF,47040.0,14.773194640116758,193.3055,193.3122,44375.0,59840.0,Pipistrellus pipistrellus,0.583,0.61,-1,Echolocation,192000.0,/mnt/ubna_data_04/recover-20241104/UBNA_026/20241031_015000.WAV,recover-20241104,UBNA_026,Carp Pond
HF,48000.0,19.447249968789066,193.3975,193.4071,44375.0,62914.0,Pipistrellus pipistrellus,0.516,0.669,-1,Echolocation,192000.0,/mnt/ubna_data_04/recover-20241104/UBNA_026/20241031_015000.WAV,recover-20241104,UBNA_026,Carp Pond
HF,46080.0,11.812372226205024,193.5775,193.5889,44375.0,61720.0,Pipistrellus pipistrellus,0.462,0.594,-1,Echolocation,192000.0,/mnt/ubna_data_04/recover-20241104/UBNA_026/20241031_015000.WAV,recover-20241104,UBNA_026,Carp Pond
HF,47040.0,12.617728523194325,193.6655,193.6749,44375.0,64673.0,Pipistrellus pipistrellus,0.518,0.606,-1,Echolocation,192000.0,/mnt/ubna_data_04/recover-20241104/UBNA_026/20241031_015000.WAV,recover-20241104,UBNA_026,Carp Pond
HF,47040.0,19.501234247338118,193.7525,193.761,44375.0,64444.0,Pipistrellus pipistrellus,0.555,0.682,-1,Echolocation,192000.0,/mnt/ubna_data_04/recover-20241104/UBNA_026/20241031_015000.WAV,recover-20241104,UBNA_026,Carp Pond
HF,48000.0,21.598024867777973,193.9375,193.9444,43515.0,62839.0,Pipistrellus pipistrellus,0.63,0.667,-1,Echolocation,192000.0,/mnt/ubna_data_04/recover-20241104/UBNA_026/20241031_015000.WAV,recover-20241104,UBNA_026,Carp Pond
HF,48000.0,17.10711259570563,194.0185,194.0276,44375.0,62584.0,Pipistrellus pipistrellus,0.449,0.624,-1,Echolocation,192000.0,/mnt/ubna_data_04/recover-20241104/UBNA_026/20241031_015000.WAV,recover-20241104,UBNA_026,Carp Pond
HF,46080.0,13.305429288514851,194.1075,194.1153,44375.0,51968.0,Pipistrellus pipistrellus,0.438,0.523,-1,Echolocation,192000.0,/mnt/ubna_data_04/recover-20241104/UBNA_026/20241031_015000.WAV,recover-20241104,UBNA_026,Carp Pond
HF,47040.0,20.00348113840343,194.1865,194.1947,44375.0,63817.0,Pipistrellus pipistrellus,0.555,0.652,-1,Echolocation,192000.0,/mnt/ubna_data_04/recover-20241104/UBNA_026/20241031_015000.WAV,recover-20241104,UBNA_026,Carp Pond
HF,46080.0,13.531414617526508,194.3635,194.3728,43515.0,61536.0,Pipistrellus pipistrellus,0.427,0.55,-1,Echolocation,192000.0,/mnt/ubna_data_04/recover-20241104/UBNA_026/20241031_015000.WAV,recover-20241104,UBNA_026,Carp Pond
HF,46080.0,2.1344505458851075,195.1705,195.1774,45234.0,53874.0,Pipistrellus pipistrellus,0.484,0.525,-1,Echolocation,192000.0,/mnt/ubna_data_04/recover-20241104/UBNA_026/20241031_015000.WAV,recover-20241104,UBNA_026,Carp Pond
HF,47040.0,5.841940649317317,186.7295,186.7359,46953.0,58304.0,Pipistrellus pipistrellus,0.468,0.506,-1,Echolocation,192000.0,/mnt/ubna_data_04/recover-20241104/UBNA_026/20241031_100000.WAV,recover-20241104,UBNA_026,Carp Pond
HF,46080.0,4.369835488862843,187.2895,187.2975,45234.0,53856.0,Pipistrellus pipistrellus,0.406,0.506,-1,Echolocation,192000.0,/mnt/ubna_data_04/recover-20241104/UBNA_026/20241031_100000.WAV,recover-20241104,UBNA_026,Carp Pond
HF,47040.0,6.060864857777396,187.3745,187.3794,45234.0,58883.0,Pipistrellus pipistrellus,0.455,0.517,-1,Echolocation,192000.0,/mnt/ubna_data_04/recover-20241104/UBNA_026/20241031_100000.WAV,recover-20241104,UBNA_026,Carp Pond
HF,46080.0,6.960018793078914,187.6715,187.6793,43515.0,61296.0,Pipistrellus pipistrellus,0.28,0.502,-1,Echolocation,192000.0,/mnt/ubna_data_04/recover-20241104/UBNA_026/20241031_100000.WAV,recover-20241104,UBNA_026,Carp Pond
HF,48960.0,9.336771174656146,188.1145,188.1198,44375.0,60863.0,Pipistrellus pipistrellus,0.444,0.588,-1,Echolocation,192000.0,/mnt/ubna_data_04/recover-20241104/UBNA_026/20241031_100000.WAV,recover-20241104,UBNA_026,Carp Pond
HF,46080.0,4.222151747609018,188.1945,188.2005,45234.0,57265.0,Pipistrellus pipistrellus,0.468,0.523,-1,Echolocation,192000.0,/mnt/ubna_data_04/recover-20241104/UBNA_026/20241031_100000.WAV,recover-20241104,UBNA_026,Carp Pond
HF,46080.0,5.4389253602041565,188.2795,188.286,44375.0,58526.0,Pipistrellus pipistrellus,0.364,0.508,-1,Echolocation,192000.0,/mnt/ubna_data_04/recover-20241104/UBNA_026/20241031_100000.WAV,recover-20241104,UBNA_026,Carp Pond
HF,46080.0,5.945750072372949,188.4865,188.4932,44375.0,55982.0,Pipistrellus pipistrellus,0.392,0.59,-1,Echolocation,192000.0,/mnt/ubna_data_04/recover-20241104/UBNA_026/20241031_100000.WAV,recover-20241104,UBNA_026,Carp Pond
HF,47040.0,7.6207807769264555,88.7505,88.75880000000001,46093.0,57455.0,Pipistrellus pipistrellus,0.418,0.512,-1,Echolocation,192000.0,/mnt/ubna_data_04/recover-20241104/UBNA_026/20241103_075000.WAV,recover-20241104,UBNA_026,Carp Pond
HF,46080.0,9.537684285704058,89.0245,89.0324,46093.0,60374.0,Pipistrellus pipistrellus,0.471,0.629,-1,Echolocation,192000.0,/mnt/ubna_data_04/recover-20241104/UBNA_026/20241103_075000.WAV,recover-20241104,UBNA_026,Carp Pond
HF,46080.0,21.09672474405783,90.5205,90.5304,43515.0,62850.0,Pipistrellus pipistrellus,0.481,0.591,-1,Echolocation,192000.0,/mnt/ubna_data_04/recover-20241104/UBNA_026/20241103_075000.WAV,recover-20241104,UBNA_026,Carp Pond
HF,47040.0,22.59810703185324,90.7945,90.8036,44375.0,68881.0,Pipistrellus pipistrellus,0.587,0.7,-1,Echolocation,192000.0,/mnt/ubna_data_04/recover-20241104/UBNA_026/20241103_075000.WAV,recover-20241104,UBNA_026,Carp Pond
HF,48000.0,19.252261688184397,91.1695,91.1796,44375.0,66355.0,Pipistrellus pipistrellus,0.538,0.688,-1,Echolocation,192000.0,/mnt/ubna_data_04/recover-20241104/UBNA_026/20241103_075000.WAV,recover-20241104,UBNA_026,Carp Pond
HF,47040.0,19.24346610267441,91.4575,91.4651,43515.0,62344.0,Pipistrellus pipistrellus,0.558,0.645,-1,Echolocation,192000.0,/mnt/ubna_data_04/recover-20241104/UBNA_026/20241103_075000.WAV,recover-20241104,UBNA_026,Carp Pond
HF,46080.0,16.73606045908359,91.7475,91.7552,44375.0,59146.0,Pipistrellus pipistrellus,0.486,0.593,-1,Echolocation,192000.0,/mnt/ubna_data_04/recover-20241104/UBNA_026/20241103_075000.WAV,recover-20241104,UBNA_026,Carp Pond
HF,47040.0,14.452106396952807,92.0375,92.046,44375.0,58343.0,Pipistrellus pipistrellus,0.444,0.542,-1,Echolocation,192000.0,/mnt/ubna_data_04/recover-20241104/UBNA_026/20241103_075000.WAV,recover-20241104,UBNA_026,Carp Pond
HF,45120.0,5.320611777855746,92.1435,92.1528,44375.0,53316.0,Pipistrellus pipistrellus,0.415,0.52,-1,Echolocation,192000.0,/mnt/ubna_data_04/recover-20241104/UBNA_026/20241103_075000.WAV,recover-20241104,UBNA_026,Carp Pond
HF,48000.0,4.964635907175269,75.49549999999999,75.5006,44375.0,55907.0,Pipistrellus pipistrellus,0.513,0.583,-1,Echolocation,192000.0,/mnt/ubna_data_04/recover-20241104/UBNA_026/20241104_023000.WAV,recover-20241104,UBNA_026,Carp Pond
HF,48000.0,6.789960855032606,75.6875,75.6927,45234.0,58501.0,Pipistrellus pipistrellus,0.44,0.518,-1,Echolocation,192000.0,/mnt/ubna_data_04/recover-20241104/UBNA_026/20241104_023000.WAV,recover-20241104,UBNA_026,Carp Pond
HF,46080.0,8.449557822977466,76.0655,76.07169999999999,45234.0,58180.0,Pipistrellus pipistrellus,0.455,0.539,-1,Echolocation,192000.0,/mnt/ubna_data_04/recover-20241104/UBNA_026/20241104_023000.WAV,recover-20241104,UBNA_026,Carp Pond
HF,45120.0,9.135525784483667,76.24549999999999,76.2522,43515.0,63438.0,Pipistrellus pipistrellus,0.415,0.558,-1,Echolocation,192000.0,/mnt/ubna_data_04/recover-20241104/UBNA_026/20241104_023000.WAV,recover-20241104,UBNA_026,Carp Pond
HF,46080.0,6.5280873765668135,76.33449999999999,76.3419,45234.0,60293.0,Pipistrellus pipistrellus,0.468,0.523,-1,Echolocation,192000.0,/mnt/ubna_data_04/recover-20241104/UBNA_026/20241104_023000.WAV,recover-20241104,UBNA_026,Carp Pond
HF,45120.0,9.480430647464049,76.4305,76.4375,44375.0,58305.0,Pipistrellus pipistrellus,0.444,0.569,-1,Echolocation,192000.0,/mnt/ubna_data_04/recover-20241104/UBNA_026/20241104_023000.WAV,recover-20241104,UBNA_026,Carp Pond
HF,47040.0,9.190534461305411,76.5185,76.5249,41796.0,66473.0,Pipistrellus pipistrellus,0.333,0.604,-1,Echolocation,192000.0,/mnt/ubna_data_04/recover-20241104/UBNA_026/20241104_023000.WAV,recover-20241104,UBNA_026,Carp Pond
HF,46080.0,10.153398079109486,76.6115,76.6173,45234.0,62944.0,Pipistrellus pipistrellus,0.573,0.642,-1,Echolocation,192000.0,/mnt/ubna_data_04/recover-20241104/UBNA_026/20241104_023000.WAV,recover-20241104,UBNA_026,Carp Pond
HF,47040.0,9.04702561208558,76.6985,76.7063,43515.0,63014.0,Pipistrellus pipistrellus,0.494,0.603,-1,Echolocation,192000.0,/mnt/ubna_data_04/recover-20241104/UBNA_026/20241104_023000.WAV,recover-20241104,UBNA_026,Carp Pond
HF,46080.0,8.832677128524729,76.7925,76.8002,43515.0,60982.0,Pipistrellus pipistrellus,0.459,0.528,-1,Echolocation,192000.0,/mnt/ubna_data_04/recover-20241104/UBNA_026/20241104_023000.WAV,recover-20241104,UBNA_026,Carp Pond
HF,47040.0,12.034745152627014,77.0585,77.0645,43515.0,65182.0,Pipistrellus pipistrellus,0.594,0.659,-1,Echolocation,192000.0,/mnt/ubna_data_04/recover-20241104/UBNA_026/20241104_023000.WAV,recover-20241104,UBNA_026,Carp Pond
HF,47040.0,16.11019377981894,77.1525,77.1582,44375.0,65066.0,Pipistrellus pipistrellus,0.522,0.618,-1,Echolocation,192000.0,/mnt/ubna_data_04/recover-20241104/UBNA_026/20241104_023000.WAV,recover-20241104,UBNA_026,Carp Pond
HF,46080.0,13.63405681750497,77.24549999999999,77.2541,44375.0,60677.0,Pipistrellus pipistrellus,0.511,0.571,-1,Echolocation,192000.0,/mnt/ubna_data_04/recover-20241104/UBNA_026/20241104_023000.WAV,recover-20241104,UBNA_026,Carp Pond
HF,46080.0,16.80337679432005,77.3315,77.3379,45234.0,63453.0,Pipistrellus pipistrellus,0.505,0.602,-1,Echolocation,192000.0,/mnt/ubna_data_04/recover-20241104/UBNA_026/20241104_023000.WAV,recover-20241104,UBNA_026,Carp Pond
HF,47040.0,20.40615047455543,77.4195,77.4258,44375.0,66759.0,Pipistrellus pipistrellus,0.642,0.684,-1,Echolocation,192000.0,/mnt/ubna_data_04/recover-20241104/UBNA_026/20241104_023000.WAV,recover-20241104,UBNA_026,Carp Pond
HF,52800.0,24.00165527142771,77.5065,77.5122,43515.0,71801.0,Pipistrellus pipistrellus,0.633,0.651,-1,Echolocation,192000.0,/mnt/ubna_data_04/recover-20241104/UBNA_026/20241104_023000.WAV,recover-20241104,UBNA_026,Carp Pond
HF,48960.0,22.964776750780388,77.6075,77.6131,45234.0,65633.0,Pipistrellus pipistrellus,0.656,0.718,-1,Echolocation,192000.0,/mnt/ubna_data_04/recover-20241104/UBNA_026/20241104_023000.WAV,recover-20241104,UBNA_026,Carp Pond
HF,52800.0,21.168969250508272,77.6965,77.7024,44375.0,69167.0,Pipistrellus pipistrellus,0.608,0.656,-1,Echolocation,192000.0,/mnt/ubna_data_04/recover-20241104/UBNA_026/20241104_023000.WAV,recover-20241104,UBNA_026,Carp Pond
HF,47040.0,25.87326697071817,77.7935,77.7991,45234.0,66737.0,Pipistrellus pipistrellus,0.586,0.66,-1,Echolocation,192000.0,/mnt/ubna_data_04/recover-20241104/UBNA_026/20241104_023000.WAV,recover-20241104,UBNA_026,Carp Pond
HF,47040.0,26.89197815663832,77.8925,77.8984,43515.0,73354.0,Pipistrellus pipistrellus,0.665,0.7,-1,Echolocation,192000.0,/mnt/ubna_data_04/recover-20241104/UBNA_026/20241104_023000.WAV,recover-20241104,UBNA_026,Carp Pond
HF,47040.0,21.46512525584235,77.9865,77.9926,45234.0,68033.0,Pipistrellus pipistrellus,0.581,0.685,-1,Echolocation,192000.0,/mnt/ubna_data_04/recover-20241104/UBNA_026/20241104_023000.WAV,recover-20241104,UBNA_026,Carp Pond
HF,52800.0,22.035617877925368,78.1515,78.1561,46953.0,70357.0,Pipistrellus pipistrellus,0.506,0.619,-1,Echolocation,192000.0,/mnt/ubna_data_04/recover-20241104/UBNA_026/20241104_023000.WAV,recover-20241104,UBNA_026,Carp Pond
HF,51840.0,22.21262647287294,78.2315,78.2364,44375.0,73723.0,Pipistrellus pipistrellus,0.36,0.54,-1,Echolocation,192000.0,/mnt/ubna_data_04/recover-20241104/UBNA_026/20241104_023000.WAV,recover-20241104,UBNA_026,Carp Pond
HF,52800.0,23.000083507664367,78.3045,78.3087,48671.0,69971.0,Pipistrellus pipistrellus,0.59,0.69,-1,Echolocation,192000.0,/mnt/ubna_data_04/recover-20241104/UBNA_026/20241104_023000.WAV,recover-20241104,UBNA_026,Carp Pond
HF,53760.0,20.434661139152087,78.3785,78.3817,50390.0,69254.0,Pipistrellus pipistrellus,0.407,0.503,-1,Echolocation,192000.0,/mnt/ubna_data_04/recover-20241104/UBNA_026/20241104_023000.WAV,recover-20241104,UBNA_026,Carp Pond
HF,53760.0,20.789807627787283,78.6165,78.6208,46953.0,77513.0,Myotis alcathoe,0.339,0.505,-1,Echolocation,192000.0,/mnt/ubna_data_04/recover-20241104/UBNA_026/20241104_023000.WAV,recover-20241104,UBNA_026,Carp Pond
HF,47040.0,18.950522503952904,81.4235,81.42830000000001,44375.0,61621.0,Pipistrellus pipistrellus,0.486,0.596,-1,Echolocation,192000.0,/mnt/ubna_data_04/recover-20241104/UBNA_026/20241104_023000.WAV,recover-20241104,UBNA_026,Carp Pond
HF,47040.0,9.634958462394787,81.5375,81.5425,45234.0,55665.0,Pipistrellus pipistrellus,0.546,0.61,-1,Echolocation,192000.0,/mnt/ubna_data_04/recover-20241104/UBNA_026/20241104_023000.WAV,recover-20241104,UBNA_026,Carp Pond
HF,48960.0,7.897633254402616,175.3915,175.3981,47812.0,62783.0,Pipistrellus pipistrellus,0.528,0.645,-1,Echolocation,192000.0,/mnt/ubna_data_04/recover-20241104/UBNA_026/20241104_023000.WAV,recover-20241104,UBNA_026,Carp Pond
HF,48000.0,5.774943824785987,175.7115,175.7183,47812.0,58479.0,Pipistrellus pipistrellus,0.498,0.568,-1,Echolocation,192000.0,/mnt/ubna_data_04/recover-20241104/UBNA_026/20241104_023000.WAV,recover-20241104,UBNA_026,Carp Pond
HF,48000.0,7.468276119727186,176.0505,176.0573,46953.0,62886.0,Pipistrellus pipistrellus,0.472,0.57,-1,Echolocation,192000.0,/mnt/ubna_data_04/recover-20241104/UBNA_026/20241104_023000.WAV,recover-20241104,UBNA_026,Carp Pond
HF,48000.0,8.504972085196718,176.1045,176.1101,46953.0,61437.0,Pipistrellus pipistrellus,0.48,0.549,-1,Echolocation,192000.0,/mnt/ubna_data_04/recover-20241104/UBNA_026/20241104_023000.WAV,recover-20241104,UBNA_026,Carp Pond
HF,48000.0,4.031200845013607,176.1755,176.1809,46953.0,60325.0,Pipistrellus pipistrellus,0.518,0.552,-1,Echolocation,192000.0,/mnt/ubna_data_04/recover-20241104/UBNA_026/20241104_023000.WAV,recover-20241104,UBNA_026,Carp Pond
HF,51840.0,5.429149618733486,176.2465,176.2519,48671.0,62045.0,Pipistrellus pipistrellus,0.457,0.521,-1,Echolocation,192000.0,/mnt/ubna_data_04/recover-20241104/UBNA_026/20241104_023000.WAV,recover-20241104,UBNA_026,Carp Pond
HF,48960.0,11.341428581270169,176.3015,176.307,46093.0,65752.0,Pipistrellus pipistrellus,0.411,0.543,-1,Echolocation,192000.0,/mnt/ubna_data_04/recover-20241104/UBNA_026/20241104_023000.WAV,recover-20241104,UBNA_026,Carp Pond
HF,48960.0,3.956263119343931,176.3775,176.3834,48671.0,60661.0,Pipistrellus pipistrellus,0.431,0.531,-1,Echolocation,192000.0,/mnt/ubna_data_04/recover-20241104/UBNA_026/20241104_023000.WAV,recover-20241104,UBNA_026,Carp Pond
HF,48960.0,6.009065884489501,176.6775,176.6842,47812.0,61615.0,Pipistrellus pipistrellus,0.425,0.512,-1,Echolocation,192000.0,/mnt/ubna_data_04/recover-20241104/UBNA_026/20241104_023000.WAV,recover-20241104,UBNA_026,Carp Pond
HF,52800.0,19.636365361395335,208.6625,208.6673,46953.0,63284.0,Pipistrellus pipistrellus,0.472,0.544,-1,Echolocation,192000.0,/mnt/ubna_data_04/recover-20241104/UBNA_026/20241104_023000.WAV,recover-20241104,UBNA_026,Carp Pond
HF,52800.0,22.03522999975555,209.4325,209.4376,45234.0,75655.0,Myotis alcathoe,0.274,0.572,-1,Echolocation,192000.0,/mnt/ubna_data_04/recover-20241104/UBNA_026/20241104_023000.WAV,recover-20241104,UBNA_026,Carp Pond
HF,51840.0,24.603676437404133,209.4965,209.50209999999998,46953.0,71713.0,Pipistrellus pipistrellus,0.402,0.584,-1,Echolocation,192000.0,/mnt/ubna_data_04/recover-20241104/UBNA_026/20241104_023000.WAV,recover-20241104,UBNA_026,Carp Pond
HF,55680.0,23.036424602072604,209.6235,209.629,46953.0,69316.0,Pipistrellus pipistrellus,0.349,0.602,-1,Echolocation,192000.0,/mnt/ubna_data_04/recover-20241104/UBNA_026/20241104_023000.WAV,recover-20241104,UBNA_026,Carp Pond
HF,55680.0,20.041736504742147,209.8095,209.815,46953.0,70096.0,Pipistrellus pipistrellus,0.256,0.513,-1,Echolocation,192000.0,/mnt/ubna_data_04/recover-20241104/UBNA_026/20241104_023000.WAV,recover-20241104,UBNA_026,Carp Pond
HF,53760.0,19.226956289812286,209.8585,209.8637,46953.0,70077.0,Pipistrellus pipistrellus,0.3,0.518,-1,Echolocation,192000.0,/mnt/ubna_data_04/recover-20241104/UBNA_026/20241104_023000.WAV,recover-20241104,UBNA_026,Carp Pond
HF,51840.0,17.409447294588198,209.9595,209.9643,46953.0,66165.0,Pipistrellus pipistrellus,0.401,0.54,-1,Echolocation,192000.0,/mnt/ubna_data_04/recover-20241104/UBNA_026/20241104_023000.WAV,recover-20241104,UBNA_026,Carp Pond
HF,54720.0,11.214679983320703,36.1575,36.1623,47812.0,62192.0,Pipistrellus pipistrellus,0.451,0.543,-1,Echolocation,192000.0,/mnt/ubna_data_04/recover-20241104/UBNA_026/20241104_031000.WAV,recover-20241104,UBNA_026,Carp Pond
HF,56640.0,6.2856599522277525,36.2505,36.2551,48671.0,57742.0,Pipistrellus pipistrellus,0.483,0.507,-1,Echolocation,192000.0,/mnt/ubna_data_04/recover-20241104/UBNA_026/20241104_031000.WAV,recover-20241104,UBNA_026,Carp Pond
HF,52800.0,7.097784027123453,37.1165,37.1208,47812.0,59424.0,Pipistrellus pipistrellus,0.519,0.582,-1,Echolocation,192000.0,/mnt/ubna_data_04/recover-20241104/UBNA_026/20241104_031000.WAV,recover-20241104,UBNA_026,Carp Pond
HF,48960.0,4.647499642813629,38.3715,38.377,47812.0,59838.0,Pipistrellus pipistrellus,0.474,0.501,-1,Echolocation,192000.0,/mnt/ubna_data_04/recover-20241104/UBNA_026/20241104_031000.WAV,recover-20241104,UBNA_026,Carp Pond
HF,51840.0,6.681696953146362,39.0995,39.105199999999996,47812.0,61180.0,Pipistrellus pipistrellus,0.515,0.589,-1,Echolocation,192000.0,/mnt/ubna_data_04/recover-20241104/UBNA_026/20241104_031000.WAV,recover-20241104,UBNA_026,Carp Pond
HF,48960.0,4.807221512452458,39.173500000000004,39.1793,46953.0,58574.0,Pipistrellus pipistrellus,0.451,0.547,-1,Echolocation,192000.0,/mnt/ubna_data_04/recover-20241104/UBNA_026/20241104_031000.WAV,recover-20241104,UBNA_026,Carp Pond
HF,48000.0,8.137280900140683,39.3185,39.3238,46093.0,62658.0,Pipistrellus pipistrellus,0.349,0.515,-1,Echolocation,192000.0,/mnt/ubna_data_04/recover-20241104/UBNA_026/20241104_031000.WAV,recover-20241104,UBNA_026,Carp Pond
HF,56640.0,5.7218861740649505,39.4815,39.4867,46953.0,62100.0,Pipistrellus pipistrellus,0.4,0.503,-1,Echolocation,192000.0,/mnt/ubna_data_04/recover-20241104/UBNA_026/20241104_031000.WAV,recover-20241104,UBNA_026,Carp Pond
HF,48960.0,6.127921982030874,39.5295,39.5356,46093.0,61989.0,Pipistrellus pipistrellus,0.356,0.504,-1,Echolocation,192000.0,/mnt/ubna_data_04/recover-20241104/UBNA_026/20241104_031000.WAV,recover-20241104,UBNA_026,Carp Pond
HF,47040.0,16.95434484758487,189.7125,189.7181,46093.0,61057.0,Pipistrellus pipistrellus,0.435,0.523,-1,Echolocation,192000.0,/mnt/ubna_data_04/recover-20241104/UBNA_026/20241105_013000.WAV,recover-20241104,UBNA_026,Carp Pond
HF,47040.0,16.31153037364928,189.8945,189.9006,44375.0,65481.0,Pipistrellus pipistrellus,0.305,0.537,-1,Echolocation,192000.0,/mnt/ubna_data_04/recover-20241104/UBNA_026/20241105_013000.WAV,recover-20241104,UBNA_026,Carp Pond
HF,48960.0,5.6097184900848625,192.1125,192.1177,47812.0,64693.0,Pipistrellus pipistrellus,0.476,0.522,-1,Echolocation,192000.0,/mnt/ubna_data_04/recover-20241104/UBNA_026/20241105_013000.WAV,recover-20241104,UBNA_026,Carp Pond
HF,48000.0,10.569562734473283,192.6655,192.6716,47812.0,66659.0,Pipistrellus pipistrellus,0.437,0.568,-1,Echolocation,192000.0,/mnt/ubna_data_04/recover-20241104/UBNA_026/20241105_013000.WAV,recover-20241104,UBNA_026,Carp Pond
HF,47040.0,9.311096087733514,192.8675,192.87369999999999,46093.0,62208.0,Pipistrellus pipistrellus,0.516,0.583,-1,Echolocation,192000.0,/mnt/ubna_data_04/recover-20241104/UBNA_026/20241105_013000.WAV,recover-20241104,UBNA_026,Carp Pond
HF,50880.0,9.754795561107692,193.8315,193.8376,46953.0,62909.0,Pipistrellus pipistrellus,0.518,0.598,-1,Echolocation,192000.0,/mnt/ubna_data_04/recover-20241104/UBNA_026/20241105_013000.WAV,recover-20241104,UBNA_026,Carp Pond
HF,47040.0,9.089162294098605,193.9235,193.9297,46953.0,58921.0,Pipistrellus pipistrellus,0.511,0.567,-1,Echolocation,192000.0,/mnt/ubna_data_04/recover-20241104/UBNA_026/20241105_013000.WAV,recover-20241104,UBNA_026,Carp Pond
