KMEANS_CLASSES,peak_frequency,SNR,start_time,end_time,low_freq,high_freq,event,class,class_prob,det_prob,individual,sampling_rate,input_file,Recover Folder,SD Card,Site name
LF,20160.0,31.473327930561837,298.7855,298.8004,19453.0,20975.0,Echolocation,Nyctalus leisleri,0.492,0.507,-1,192000.0,/mnt/ubna_data_04/recover-20241104/UBNA_025/20241025_222000.WAV,recover-20241104,UBNA_025,Central Pond
LF,23040.0,2.819858884391639,85.2745,85.2871,22890.0,28132.0,Echolocation,Nyctalus leisleri,0.462,0.532,-1,192000.0,/mnt/ubna_data_04/recover-20241104/UBNA_025/20241025_223000.WAV,recover-20241104,UBNA_025,Central Pond
LF,24000.0,0.5505607185631866,92.2065,92.2262,22890.0,25944.0,Echolocation,Nyctalus leisleri,0.469,0.516,-1,192000.0,/mnt/ubna_data_04/recover-20241104/UBNA_025/20241025_230000.WAV,recover-20241104,UBNA_025,Central Pond
LF,25920.0,19.045856558850613,0.1725,0.19,24609.0,27844.0,Echolocation,Nyctalus leisleri,0.488,0.557,-1,192000.0,/mnt/ubna_data_04/recover-20241104/UBNA_025/20241026_015000.WAV,recover-20241104,UBNA_025,Central Pond
LF,24000.0,14.665951159411767,0.4715,0.4887,24609.0,28671.0,Echolocation,Nyctalus leisleri,0.383,0.505,-1,192000.0,/mnt/ubna_data_04/recover-20241104/UBNA_025/20241026_015000.WAV,recover-20241104,UBNA_025,Central Pond
LF,25920.0,9.680031961567312,0.6005,0.6142,25468.0,32363.0,Echolocation,Nyctalus leisleri,0.275,0.592,-1,192000.0,/mnt/ubna_data_04/recover-20241104/UBNA_025/20241026_015000.WAV,recover-20241104,UBNA_025,Central Pond
LF,25920.0,2.9977430464198482,0.8205,0.834,24609.0,28512.0,Echolocation,Nyctalus leisleri,0.43,0.558,-1,192000.0,/mnt/ubna_data_04/recover-20241104/UBNA_025/20241026_015000.WAV,recover-20241104,UBNA_025,Central Pond
LF,24960.0,11.546095213938408,1.0815,1.0972,24609.0,30773.0,Echolocation,Nyctalus leisleri,0.246,0.511,-1,192000.0,/mnt/ubna_data_04/recover-20241104/UBNA_025/20241026_015000.WAV,recover-20241104,UBNA_025,Central Pond
LF,26880.0,5.203689855626898,7.5185,7.5325,26328.0,31556.0,Echolocation,Nyctalus leisleri,0.318,0.586,-1,192000.0,/mnt/ubna_data_04/recover-20241104/UBNA_025/20241026_015000.WAV,recover-20241104,UBNA_025,Central Pond
LF,27840.0,2.0014950799958413,7.6555,7.668,26328.0,31735.0,Echolocation,Nyctalus leisleri,0.277,0.514,-1,192000.0,/mnt/ubna_data_04/recover-20241104/UBNA_025/20241026_015000.WAV,recover-20241104,UBNA_025,Central Pond
LF,25920.0,6.464302167790873,8.4085,8.4235,25468.0,29726.0,Echolocation,Nyctalus leisleri,0.388,0.562,-1,192000.0,/mnt/ubna_data_04/recover-20241104/UBNA_025/20241026_015000.WAV,recover-20241104,UBNA_025,Central Pond
LF,25920.0,11.0749455515099,9.2945,9.3116,25468.0,30296.0,Echolocation,Nyctalus leisleri,0.313,0.548,-1,192000.0,/mnt/ubna_data_04/recover-20241104/UBNA_025/20241026_015000.WAV,recover-20241104,UBNA_025,Central Pond
LF,26880.0,10.746119831058259,9.5505,9.5646,25468.0,30800.0,Echolocation,Nyctalus leisleri,0.374,0.59,-1,192000.0,/mnt/ubna_data_04/recover-20241104/UBNA_025/20241026_015000.WAV,recover-20241104,UBNA_025,Central Pond
LF,25920.0,5.801312476782014,9.7855,9.7988,25468.0,29908.0,Echolocation,Nyctalus leisleri,0.532,0.652,-1,192000.0,/mnt/ubna_data_04/recover-20241104/UBNA_025/20241026_015000.WAV,recover-20241104,UBNA_025,Central Pond
LF,26880.0,7.168301482672157,9.9335,9.9455,26328.0,31543.0,Echolocation,Nyctalus leisleri,0.322,0.579,-1,192000.0,/mnt/ubna_data_04/recover-20241104/UBNA_025/20241026_015000.WAV,recover-20241104,UBNA_025,Central Pond
LF,26880.0,9.274778825393392,10.0725,10.0884,26328.0,30036.0,Echolocation,Nyctalus leisleri,0.278,0.514,-1,192000.0,/mnt/ubna_data_04/recover-20241104/UBNA_025/20241026_015000.WAV,recover-20241104,UBNA_025,Central Pond
LF,25920.0,13.58912237095376,11.1855,11.2019,24609.0,28917.0,Echolocation,Nyctalus leisleri,0.454,0.589,-1,192000.0,/mnt/ubna_data_04/recover-20241104/UBNA_025/20241026_015000.WAV,recover-20241104,UBNA_025,Central Pond
LF,25920.0,17.302214022294304,11.6905,11.7071,25468.0,30288.0,Echolocation,Nyctalus leisleri,0.35,0.53,-1,192000.0,/mnt/ubna_data_04/recover-20241104/UBNA_025/20241026_015000.WAV,recover-20241104,UBNA_025,Central Pond
LF,25920.0,11.195458233420887,12.1925,12.2074,25468.0,28759.0,Echolocation,Nyctalus leisleri,0.426,0.645,-1,192000.0,/mnt/ubna_data_04/recover-20241104/UBNA_025/20241026_015000.WAV,recover-20241104,UBNA_025,Central Pond
LF,26880.0,21.756172072630203,12.4515,12.4694,24609.0,28083.0,Echolocation,Nyctalus leisleri,0.51,0.59,-1,192000.0,/mnt/ubna_data_04/recover-20241104/UBNA_025/20241026_015000.WAV,recover-20241104,UBNA_025,Central Pond
LF,25920.0,25.63487455762012,12.8235,12.8408,24609.0,27858.0,Echolocation,Nyctalus leisleri,0.536,0.665,-1,192000.0,/mnt/ubna_data_04/recover-20241104/UBNA_025/20241026_015000.WAV,recover-20241104,UBNA_025,Central Pond
LF,25920.0,23.565439622550294,13.2025,13.2189,24609.0,28178.0,Echolocation,Nyctalus leisleri,0.609,0.687,-1,192000.0,/mnt/ubna_data_04/recover-20241104/UBNA_025/20241026_015000.WAV,recover-20241104,UBNA_025,Central Pond
LF,24960.0,22.38947671146739,13.4605,13.4763,24609.0,27524.0,Echolocation,Nyctalus leisleri,0.597,0.66,-1,192000.0,/mnt/ubna_data_04/recover-20241104/UBNA_025/20241026_015000.WAV,recover-20241104,UBNA_025,Central Pond
LF,25920.0,28.37036784740741,13.8425,13.8585,24609.0,27446.0,Echolocation,Nyctalus leisleri,0.582,0.639,-1,192000.0,/mnt/ubna_data_04/recover-20241104/UBNA_025/20241026_015000.WAV,recover-20241104,UBNA_025,Central Pond
LF,24960.0,18.972406215149856,14.1055,14.1255,23750.0,27335.0,Echolocation,Nyctalus leisleri,0.456,0.526,-1,192000.0,/mnt/ubna_data_04/recover-20241104/UBNA_025/20241026_015000.WAV,recover-20241104,UBNA_025,Central Pond
LF,25920.0,24.464019517341416,14.6185,14.6345,24609.0,27773.0,Echolocation,Nyctalus leisleri,0.627,0.705,-1,192000.0,/mnt/ubna_data_04/recover-20241104/UBNA_025/20241026_015000.WAV,recover-20241104,UBNA_025,Central Pond
LF,24960.0,12.473514021985764,14.8725,14.8936,24609.0,27454.0,Echolocation,Nyctalus leisleri,0.481,0.554,-1,192000.0,/mnt/ubna_data_04/recover-20241104/UBNA_025/20241026_015000.WAV,recover-20241104,UBNA_025,Central Pond
LF,24960.0,15.784986621296412,15.5265,15.5433,24609.0,26541.0,Echolocation,Nyctalus leisleri,0.564,0.605,-1,192000.0,/mnt/ubna_data_04/recover-20241104/UBNA_025/20241026_015000.WAV,recover-20241104,UBNA_025,Central Pond
LF,24960.0,26.277670261498468,15.9165,15.9344,23750.0,26920.0,Echolocation,Nyctalus leisleri,0.652,0.68,-1,192000.0,/mnt/ubna_data_04/recover-20241104/UBNA_025/20241026_015000.WAV,recover-20241104,UBNA_025,Central Pond
LF,25920.0,12.417627548177801,16.8335,16.8488,24609.0,26987.0,Echolocation,Nyctalus leisleri,0.555,0.604,-1,192000.0,/mnt/ubna_data_04/recover-20241104/UBNA_025/20241026_015000.WAV,recover-20241104,UBNA_025,Central Pond
LF,24960.0,20.648353525957994,17.2215,17.2402,24609.0,27056.0,Echolocation,Nyctalus leisleri,0.475,0.54,-1,192000.0,/mnt/ubna_data_04/recover-20241104/UBNA_025/20241026_015000.WAV,recover-20241104,UBNA_025,Central Pond
LF,24000.0,16.73496719591857,18.4095,18.4283,23750.0,27422.0,Echolocation,Nyctalus leisleri,0.533,0.595,-1,192000.0,/mnt/ubna_data_04/recover-20241104/UBNA_025/20241026_015000.WAV,recover-20241104,UBNA_025,Central Pond
LF,22080.0,9.115248065889473,72.1665,72.1837,21171.0,25892.0,Echolocation,Nyctalus leisleri,0.385,0.545,-1,192000.0,/mnt/ubna_data_04/recover-20241104/UBNA_025/20241026_015000.WAV,recover-20241104,UBNA_025,Central Pond
LF,22080.0,13.213019140470104,72.4285,72.4485,22031.0,25553.0,Echolocation,Nyctalus leisleri,0.459,0.536,-1,192000.0,/mnt/ubna_data_04/recover-20241104/UBNA_025/20241026_015000.WAV,recover-20241104,UBNA_025,Central Pond
LF,22080.0,7.945418211014243,73.0005,73.018,22031.0,26277.0,Echolocation,Nyctalus leisleri,0.456,0.545,-1,192000.0,/mnt/ubna_data_04/recover-20241104/UBNA_025/20241026_015000.WAV,recover-20241104,UBNA_025,Central Pond
LF,23040.0,9.298954149359254,75.6365,75.6568,22031.0,25001.0,Echolocation,Nyctalus leisleri,0.616,0.639,-1,192000.0,/mnt/ubna_data_04/recover-20241104/UBNA_025/20241026_015000.WAV,recover-20241104,UBNA_025,Central Pond
HF,47040.0,3.193682394508894,220.9435,220.9502,46953.0,54642.0,Echolocation,Pipistrellus pipistrellus,0.547,0.562,-1,192000.0,/mnt/ubna_data_04/recover-20241104/UBNA_025/20241026_015000.WAV,recover-20241104,UBNA_025,Central Pond
HF,47040.0,5.554825216061282,221.1235,221.1319,46953.0,52596.0,Echolocation,Pipistrellus pipistrellus,0.522,0.532,-1,192000.0,/mnt/ubna_data_04/recover-20241104/UBNA_025/20241026_015000.WAV,recover-20241104,UBNA_025,Central Pond
HF,47040.0,7.648727053039126,221.3885,221.3952,46093.0,53870.0,Echolocation,Pipistrellus pipistrellus,0.594,0.622,-1,192000.0,/mnt/ubna_data_04/recover-20241104/UBNA_025/20241026_015000.WAV,recover-20241104,UBNA_025,Central Pond
HF,47040.0,3.1447733883944973,221.4805,221.4868,46953.0,57116.0,Echolocation,Pipistrellus pipistrellus,0.472,0.507,-1,192000.0,/mnt/ubna_data_04/recover-20241104/UBNA_025/20241026_015000.WAV,recover-20241104,UBNA_025,Central Pond
HF,47040.0,5.391983727656273,221.7525,221.7584,46953.0,58572.0,Echolocation,Pipistrellus pipistrellus,0.649,0.673,-1,192000.0,/mnt/ubna_data_04/recover-20241104/UBNA_025/20241026_015000.WAV,recover-20241104,UBNA_025,Central Pond
HF,47040.0,6.903448523897459,221.8485,221.855,46953.0,55866.0,Echolocation,Pipistrellus pipistrellus,0.594,0.635,-1,192000.0,/mnt/ubna_data_04/recover-20241104/UBNA_025/20241026_015000.WAV,recover-20241104,UBNA_025,Central Pond
HF,47040.0,5.168942047684047,221.9425,221.9488,46953.0,56827.0,Echolocation,Pipistrellus pipistrellus,0.619,0.65,-1,192000.0,/mnt/ubna_data_04/recover-20241104/UBNA_025/20241026_015000.WAV,recover-20241104,UBNA_025,Central Pond
HF,47040.0,9.365996317372078,222.0445,222.0508,46093.0,56767.0,Echolocation,Pipistrellus pipistrellus,0.548,0.577,-1,192000.0,/mnt/ubna_data_04/recover-20241104/UBNA_025/20241026_015000.WAV,recover-20241104,UBNA_025,Central Pond
HF,47040.0,8.533574492012772,222.2115,222.2179,46953.0,55750.0,Echolocation,Pipistrellus pipistrellus,0.622,0.638,-1,192000.0,/mnt/ubna_data_04/recover-20241104/UBNA_025/20241026_015000.WAV,recover-20241104,UBNA_025,Central Pond
HF,47040.0,8.913691398084667,222.3065,222.3133,46953.0,54445.0,Echolocation,Pipistrellus pipistrellus,0.631,0.649,-1,192000.0,/mnt/ubna_data_04/recover-20241104/UBNA_025/20241026_015000.WAV,recover-20241104,UBNA_025,Central Pond
HF,46080.0,11.188031031996072,222.4015,222.4078,45234.0,54893.0,Echolocation,Pipistrellus pipistrellus,0.661,0.674,-1,192000.0,/mnt/ubna_data_04/recover-20241104/UBNA_025/20241026_015000.WAV,recover-20241104,UBNA_025,Central Pond
HF,46080.0,8.397125973987958,222.4925,222.4984,45234.0,53093.0,Echolocation,Pipistrellus pipistrellus,0.588,0.6,-1,192000.0,/mnt/ubna_data_04/recover-20241104/UBNA_025/20241026_015000.WAV,recover-20241104,UBNA_025,Central Pond
HF,47040.0,8.39818911616745,222.58350000000002,222.5906,46093.0,58453.0,Echolocation,Pipistrellus pipistrellus,0.566,0.585,-1,192000.0,/mnt/ubna_data_04/recover-20241104/UBNA_025/20241026_015000.WAV,recover-20241104,UBNA_025,Central Pond
HF,47040.0,9.398551518097845,222.7545,222.7621,45234.0,57799.0,Echolocation,Pipistrellus pipistrellus,0.494,0.548,-1,192000.0,/mnt/ubna_data_04/recover-20241104/UBNA_025/20241026_015000.WAV,recover-20241104,UBNA_025,Central Pond
HF,46080.0,6.927900905413809,222.8505,222.8556,45234.0,54986.0,Echolocation,Pipistrellus pipistrellus,0.499,0.522,-1,192000.0,/mnt/ubna_data_04/recover-20241104/UBNA_025/20241026_015000.WAV,recover-20241104,UBNA_025,Central Pond
HF,47040.0,11.23217314802992,223.0355,223.0426,45234.0,61426.0,Echolocation,Pipistrellus pipistrellus,0.541,0.622,-1,192000.0,/mnt/ubna_data_04/recover-20241104/UBNA_025/20241026_015000.WAV,recover-20241104,UBNA_025,Central Pond
HF,48000.0,11.784063430511921,223.2125,223.2188,45234.0,58949.0,Echolocation,Pipistrellus pipistrellus,0.624,0.666,-1,192000.0,/mnt/ubna_data_04/recover-20241104/UBNA_025/20241026_015000.WAV,recover-20241104,UBNA_025,Central Pond
HF,47040.0,14.778186788914045,223.3085,223.315,46093.0,54213.0,Echolocation,Pipistrellus pipistrellus,0.553,0.56,-1,192000.0,/mnt/ubna_data_04/recover-20241104/UBNA_025/20241026_015000.WAV,recover-20241104,UBNA_025,Central Pond
HF,46080.0,11.243431332664247,223.4845,223.4948,45234.0,61024.0,Echolocation,Pipistrellus pipistrellus,0.52,0.678,-1,192000.0,/mnt/ubna_data_04/recover-20241104/UBNA_025/20241026_015000.WAV,recover-20241104,UBNA_025,Central Pond
HF,47040.0,11.831842131634257,223.5845,223.591,46093.0,57426.0,Echolocation,Pipistrellus pipistrellus,0.601,0.653,-1,192000.0,/mnt/ubna_data_04/recover-20241104/UBNA_025/20241026_015000.WAV,recover-20241104,UBNA_025,Central Pond
HF,46080.0,14.399931953497372,223.6765,223.6851,45234.0,62766.0,Echolocation,Pipistrellus pipistrellus,0.564,0.652,-1,192000.0,/mnt/ubna_data_04/recover-20241104/UBNA_025/20241026_015000.WAV,recover-20241104,UBNA_025,Central Pond
HF,46080.0,5.537384660546448,223.7735,223.7828,46093.0,52147.0,Echolocation,Pipistrellus pipistrellus,0.503,0.52,-1,192000.0,/mnt/ubna_data_04/recover-20241104/UBNA_025/20241026_015000.WAV,recover-20241104,UBNA_025,Central Pond
HF,47040.0,15.574334580509973,223.94650000000001,223.9538,45234.0,61588.0,Echolocation,Pipistrellus pipistrellus,0.643,0.687,-1,192000.0,/mnt/ubna_data_04/recover-20241104/UBNA_025/20241026_015000.WAV,recover-20241104,UBNA_025,Central Pond
HF,47040.0,16.09496364293269,224.0425,224.05,45234.0,65875.0,Echolocation,Pipistrellus pipistrellus,0.596,0.663,-1,192000.0,/mnt/ubna_data_04/recover-20241104/UBNA_025/20241026_015000.WAV,recover-20241104,UBNA_025,Central Pond
HF,48960.0,15.469807472448476,224.1385,224.1464,46093.0,64079.0,Echolocation,Pipistrellus pipistrellus,0.603,0.699,-1,192000.0,/mnt/ubna_data_04/recover-20241104/UBNA_025/20241026_015000.WAV,recover-20241104,UBNA_025,Central Pond
HF,47040.0,9.982590965030965,224.2365,224.2452,46093.0,51866.0,Echolocation,Pipistrellus pipistrellus,0.505,0.52,-1,192000.0,/mnt/ubna_data_04/recover-20241104/UBNA_025/20241026_015000.WAV,recover-20241104,UBNA_025,Central Pond
HF,46080.0,13.526898757240025,224.3285,224.3354,46093.0,63552.0,Echolocation,Pipistrellus pipistrellus,0.636,0.687,-1,192000.0,/mnt/ubna_data_04/recover-20241104/UBNA_025/20241026_015000.WAV,recover-20241104,UBNA_025,Central Pond
HF,47040.0,15.675858002015673,224.5155,224.5224,45234.0,62569.0,Echolocation,Pipistrellus pipistrellus,0.593,0.641,-1,192000.0,/mnt/ubna_data_04/recover-20241104/UBNA_025/20241026_015000.WAV,recover-20241104,UBNA_025,Central Pond
HF,48000.0,8.026787552819425,224.6115,224.6175,45234.0,53519.0,Echolocation,Pipistrellus pipistrellus,0.565,0.574,-1,192000.0,/mnt/ubna_data_04/recover-20241104/UBNA_025/20241026_015000.WAV,recover-20241104,UBNA_025,Central Pond
HF,46080.0,19.09408915929349,224.7005,224.7072,44375.0,61800.0,Echolocation,Pipistrellus pipistrellus,0.639,0.7,-1,192000.0,/mnt/ubna_data_04/recover-20241104/UBNA_025/20241026_015000.WAV,recover-20241104,UBNA_025,Central Pond
HF,47040.0,6.4462221369953285,224.7925,224.8019,44375.0,54204.0,Echolocation,Pipistrellus pipistrellus,0.477,0.518,-1,192000.0,/mnt/ubna_data_04/recover-20241104/UBNA_025/20241026_015000.WAV,recover-20241104,UBNA_025,Central Pond
HF,46080.0,15.391041852388659,224.8805,224.8878,45234.0,64680.0,Echolocation,Pipistrellus pipistrellus,0.576,0.684,-1,192000.0,/mnt/ubna_data_04/recover-20241104/UBNA_025/20241026_015000.WAV,recover-20241104,UBNA_025,Central Pond
HF,47040.0,5.655185890841797,224.9785,224.9877,46953.0,53597.0,Echolocation,Pipistrellus pipistrellus,0.563,0.58,-1,192000.0,/mnt/ubna_data_04/recover-20241104/UBNA_025/20241026_015000.WAV,recover-20241104,UBNA_025,Central Pond
HF,47040.0,15.13217912057132,225.0735,225.0847,45234.0,62674.0,Echolocation,Pipistrellus pipistrellus,0.501,0.598,-1,192000.0,/mnt/ubna_data_04/recover-20241104/UBNA_025/20241026_015000.WAV,recover-20241104,UBNA_025,Central Pond
HF,46080.0,11.353341650435091,225.2545,225.2647,45234.0,61906.0,Echolocation,Pipistrellus pipistrellus,0.465,0.593,-1,192000.0,/mnt/ubna_data_04/recover-20241104/UBNA_025/20241026_015000.WAV,recover-20241104,UBNA_025,Central Pond
HF,47040.0,13.636693125172672,225.4455,225.4538,45234.0,60638.0,Echolocation,Pipistrellus pipistrellus,0.628,0.692,-1,192000.0,/mnt/ubna_data_04/recover-20241104/UBNA_025/20241026_015000.WAV,recover-20241104,UBNA_025,Central Pond
HF,46080.0,11.075926711687007,225.6315,225.6381,46093.0,59459.0,Echolocation,Pipistrellus pipistrellus,0.581,0.634,-1,192000.0,/mnt/ubna_data_04/recover-20241104/UBNA_025/20241026_015000.WAV,recover-20241104,UBNA_025,Central Pond
HF,47040.0,10.207669941687277,225.8155,225.8221,45234.0,58798.0,Echolocation,Pipistrellus pipistrellus,0.57,0.6,-1,192000.0,/mnt/ubna_data_04/recover-20241104/UBNA_025/20241026_015000.WAV,recover-20241104,UBNA_025,Central Pond
HF,47040.0,10.415881626870679,226.0065,226.0134,45234.0,53982.0,Echolocation,Pipistrellus pipistrellus,0.496,0.52,-1,192000.0,/mnt/ubna_data_04/recover-20241104/UBNA_025/20241026_015000.WAV,recover-20241104,UBNA_025,Central Pond
HF,46080.0,6.1053823807815535,226.2015,226.2078,46093.0,54305.0,Echolocation,Pipistrellus pipistrellus,0.521,0.541,-1,192000.0,/mnt/ubna_data_04/recover-20241104/UBNA_025/20241026_015000.WAV,recover-20241104,UBNA_025,Central Pond
HF,47040.0,10.502314575019202,226.39249999999998,226.3981,46093.0,55993.0,Echolocation,Pipistrellus pipistrellus,0.584,0.634,-1,192000.0,/mnt/ubna_data_04/recover-20241104/UBNA_025/20241026_015000.WAV,recover-20241104,UBNA_025,Central Pond
HF,46080.0,6.638855814237418,226.5825,226.5885,45234.0,54110.0,Echolocation,Pipistrellus pipistrellus,0.495,0.526,-1,192000.0,/mnt/ubna_data_04/recover-20241104/UBNA_025/20241026_015000.WAV,recover-20241104,UBNA_025,Central Pond
HF,46080.0,7.928827795607122,226.7705,226.7762,45234.0,57667.0,Echolocation,Pipistrellus pipistrellus,0.557,0.606,-1,192000.0,/mnt/ubna_data_04/recover-20241104/UBNA_025/20241026_015000.WAV,recover-20241104,UBNA_025,Central Pond
LF,24000.0,5.878556472053016,236.0385,236.0575,23750.0,27439.0,Echolocation,Nyctalus leisleri,0.45,0.506,-1,192000.0,/mnt/ubna_data_04/recover-20241104/UBNA_025/20241026_022000.WAV,recover-20241104,UBNA_025,Central Pond
LF,24960.0,4.851854496931066,236.3205,236.3332,23750.0,28050.0,Echolocation,Nyctalus leisleri,0.364,0.501,-1,192000.0,/mnt/ubna_data_04/recover-20241104/UBNA_025/20241026_022000.WAV,recover-20241104,UBNA_025,Central Pond
LF,24960.0,5.287836053994413,236.59550000000002,236.6134,23750.0,28411.0,Echolocation,Nyctalus leisleri,0.403,0.526,-1,192000.0,/mnt/ubna_data_04/recover-20241104/UBNA_025/20241026_022000.WAV,recover-20241104,UBNA_025,Central Pond
LF,24960.0,7.471869649143716,237.2835,237.302,23750.0,28196.0,Echolocation,Nyctalus leisleri,0.399,0.511,-1,192000.0,/mnt/ubna_data_04/recover-20241104/UBNA_025/20241026_022000.WAV,recover-20241104,UBNA_025,Central Pond
LF,24000.0,11.55315980124093,237.5275,237.5439,23750.0,27607.0,Echolocation,Nyctalus leisleri,0.398,0.549,-1,192000.0,/mnt/ubna_data_04/recover-20241104/UBNA_025/20241026_022000.WAV,recover-20241104,UBNA_025,Central Pond
LF,24000.0,12.731001464714755,237.8115,237.828,23750.0,28411.0,Echolocation,Nyctalus leisleri,0.429,0.583,-1,192000.0,/mnt/ubna_data_04/recover-20241104/UBNA_025/20241026_022000.WAV,recover-20241104,UBNA_025,Central Pond
LF,24960.0,14.132447726601026,238.9375,238.9555,23750.0,28573.0,Echolocation,Nyctalus leisleri,0.446,0.544,-1,192000.0,/mnt/ubna_data_04/recover-20241104/UBNA_025/20241026_022000.WAV,recover-20241104,UBNA_025,Central Pond
LF,24000.0,17.97920808282674,239.6455,239.6633,23750.0,28731.0,Echolocation,Nyctalus leisleri,0.386,0.566,-1,192000.0,/mnt/ubna_data_04/recover-20241104/UBNA_025/20241026_022000.WAV,recover-20241104,UBNA_025,Central Pond
LF,24960.0,25.526435155259236,241.4445,241.4625,23750.0,28344.0,Echolocation,Nyctalus leisleri,0.45,0.591,-1,192000.0,/mnt/ubna_data_04/recover-20241104/UBNA_025/20241026_022000.WAV,recover-20241104,UBNA_025,Central Pond
LF,24000.0,17.705903179463462,242.4495,242.4664,23750.0,26828.0,Echolocation,Nyctalus leisleri,0.483,0.558,-1,192000.0,/mnt/ubna_data_04/recover-20241104/UBNA_025/20241026_022000.WAV,recover-20241104,UBNA_025,Central Pond
LF,24960.0,28.475747332363497,242.8555,242.8737,23750.0,28259.0,Echolocation,Nyctalus leisleri,0.408,0.511,-1,192000.0,/mnt/ubna_data_04/recover-20241104/UBNA_025/20241026_022000.WAV,recover-20241104,UBNA_025,Central Pond
LF,23040.0,18.89189046150542,243.1515,243.1683,23750.0,27664.0,Echolocation,Nyctalus leisleri,0.428,0.586,-1,192000.0,/mnt/ubna_data_04/recover-20241104/UBNA_025/20241026_022000.WAV,recover-20241104,UBNA_025,Central Pond
HF,46080.0,4.753630556782761,120.7455,120.7559,42656.0,51252.0,Echolocation,Pipistrellus pipistrellus,0.351,0.541,-1,192000.0,/mnt/ubna_data_04/recover-20241104/UBNA_025/20241026_025000.WAV,recover-20241104,UBNA_025,Central Pond
HF,46080.0,4.1749152893970365,120.8375,120.8484,44375.0,51236.0,Echolocation,Pipistrellus pipistrellus,0.418,0.525,-1,192000.0,/mnt/ubna_data_04/recover-20241104/UBNA_025/20241026_025000.WAV,recover-20241104,UBNA_025,Central Pond
HF,45120.0,6.168601051652912,121.0305,121.0403,43515.0,50496.0,Echolocation,Pipistrellus pipistrellus,0.364,0.503,-1,192000.0,/mnt/ubna_data_04/recover-20241104/UBNA_025/20241026_025000.WAV,recover-20241104,UBNA_025,Central Pond
HF,46080.0,5.756570929775815,121.1245,121.1349,44375.0,54841.0,Echolocation,Pipistrellus pipistrellus,0.431,0.607,-1,192000.0,/mnt/ubna_data_04/recover-20241104/UBNA_025/20241026_025000.WAV,recover-20241104,UBNA_025,Central Pond
HF,45120.0,6.652278367958756,121.2245,121.2342,43515.0,50498.0,Echolocation,Pipistrellus pipistrellus,0.436,0.602,-1,192000.0,/mnt/ubna_data_04/recover-20241104/UBNA_025/20241026_025000.WAV,recover-20241104,UBNA_025,Central Pond
HF,44160.0,8.94533785452387,121.3935,121.4025,42656.0,58552.0,Echolocation,Pipistrellus pipistrellus,0.385,0.591,-1,192000.0,/mnt/ubna_data_04/recover-20241104/UBNA_025/20241026_025000.WAV,recover-20241104,UBNA_025,Central Pond
HF,46080.0,10.553446969368462,121.5855,121.5937,43515.0,53968.0,Echolocation,Pipistrellus pipistrellus,0.408,0.581,-1,192000.0,/mnt/ubna_data_04/recover-20241104/UBNA_025/20241026_025000.WAV,recover-20241104,UBNA_025,Central Pond
HF,45120.0,14.045513983315963,121.7575,121.7657,42656.0,63219.0,Echolocation,Pipistrellus pipistrellus,0.539,0.715,-1,192000.0,/mnt/ubna_data_04/recover-20241104/UBNA_025/20241026_025000.WAV,recover-20241104,UBNA_025,Central Pond
HF,45120.0,11.146057896332966,121.8545,121.8617,42656.0,60020.0,Echolocation,Pipistrellus pipistrellus,0.431,0.619,-1,192000.0,/mnt/ubna_data_04/recover-20241104/UBNA_025/20241026_025000.WAV,recover-20241104,UBNA_025,Central Pond
HF,44160.0,11.371721080063145,121.9495,121.958,42656.0,59597.0,Echolocation,Pipistrellus pipistrellus,0.318,0.6,-1,192000.0,/mnt/ubna_data_04/recover-20241104/UBNA_025/20241026_025000.WAV,recover-20241104,UBNA_025,Central Pond
HF,44160.0,16.79537869823756,122.0485,122.05799999999999,41796.0,63591.0,Echolocation,Pipistrellus pipistrellus,0.468,0.642,-1,192000.0,/mnt/ubna_data_04/recover-20241104/UBNA_025/20241026_025000.WAV,recover-20241104,UBNA_025,Central Pond
HF,47040.0,10.836037436261792,122.1505,122.1601,44375.0,56926.0,Echolocation,Pipistrellus pipistrellus,0.458,0.633,-1,192000.0,/mnt/ubna_data_04/recover-20241104/UBNA_025/20241026_025000.WAV,recover-20241104,UBNA_025,Central Pond
HF,47040.0,11.724985432788944,122.2485,122.2597,42656.0,63300.0,Echolocation,Pipistrellus pipistrellus,0.444,0.631,-1,192000.0,/mnt/ubna_data_04/recover-20241104/UBNA_025/20241026_025000.WAV,recover-20241104,UBNA_025,Central Pond
HF,45120.0,13.149941675928511,122.4185,122.4302,42656.0,60535.0,Echolocation,Pipistrellus pipistrellus,0.412,0.601,-1,192000.0,/mnt/ubna_data_04/recover-20241104/UBNA_025/20241026_025000.WAV,recover-20241104,UBNA_025,Central Pond
HF,45120.0,17.452312976684475,122.5175,122.5273,43515.0,53584.0,Echolocation,Pipistrellus pipistrellus,0.492,0.605,-1,192000.0,/mnt/ubna_data_04/recover-20241104/UBNA_025/20241026_025000.WAV,recover-20241104,UBNA_025,Central Pond
HF,45120.0,17.114167703406615,122.6105,122.6202,42656.0,62373.0,Echolocation,Pipistrellus pipistrellus,0.445,0.616,-1,192000.0,/mnt/ubna_data_04/recover-20241104/UBNA_025/20241026_025000.WAV,recover-20241104,UBNA_025,Central Pond
HF,45120.0,16.21466634075475,122.7845,122.7938,42656.0,59621.0,Echolocation,Pipistrellus pipistrellus,0.446,0.67,-1,192000.0,/mnt/ubna_data_04/recover-20241104/UBNA_025/20241026_025000.WAV,recover-20241104,UBNA_025,Central Pond
HF,46080.0,15.560650499642072,122.8855,122.8949,42656.0,54386.0,Echolocation,Pipistrellus pipistrellus,0.454,0.656,-1,192000.0,/mnt/ubna_data_04/recover-20241104/UBNA_025/20241026_025000.WAV,recover-20241104,UBNA_025,Central Pond
HF,45120.0,22.741769070722427,122.9825,122.9905,42656.0,64792.0,Echolocation,Pipistrellus pipistrellus,0.558,0.71,-1,192000.0,/mnt/ubna_data_04/recover-20241104/UBNA_025/20241026_025000.WAV,recover-20241104,UBNA_025,Central Pond
HF,45120.0,13.800681976567411,123.1555,123.1645,42656.0,58634.0,Echolocation,Pipistrellus pipistrellus,0.375,0.559,-1,192000.0,/mnt/ubna_data_04/recover-20241104/UBNA_025/20241026_025000.WAV,recover-20241104,UBNA_025,Central Pond
HF,46080.0,11.44492909084503,123.25450000000001,123.2625,42656.0,56205.0,Echolocation,Pipistrellus pipistrellus,0.545,0.647,-1,192000.0,/mnt/ubna_data_04/recover-20241104/UBNA_025/20241026_025000.WAV,recover-20241104,UBNA_025,Central Pond
HF,46080.0,22.84190577291533,123.3505,123.3594,42656.0,64358.0,Echolocation,Pipistrellus pipistrellus,0.509,0.683,-1,192000.0,/mnt/ubna_data_04/recover-20241104/UBNA_025/20241026_025000.WAV,recover-20241104,UBNA_025,Central Pond
HF,44160.0,19.21940777642133,123.4525,123.4603,40937.0,55891.0,Echolocation,Pipistrellus pipistrellus,0.475,0.575,-1,192000.0,/mnt/ubna_data_04/recover-20241104/UBNA_025/20241026_025000.WAV,recover-20241104,UBNA_025,Central Pond
HF,45120.0,17.410083605601617,123.5465,123.557,42656.0,64212.0,Echolocation,Pipistrellus pipistrellus,0.498,0.638,-1,192000.0,/mnt/ubna_data_04/recover-20241104/UBNA_025/20241026_025000.WAV,recover-20241104,UBNA_025,Central Pond
HF,46080.0,26.59864126666016,123.6465,123.6546,42656.0,66492.0,Echolocation,Pipistrellus pipistrellus,0.539,0.728,-1,192000.0,/mnt/ubna_data_04/recover-20241104/UBNA_025/20241026_025000.WAV,recover-20241104,UBNA_025,Central Pond
HF,45120.0,17.042822224451733,123.7445,123.7517,41796.0,56444.0,Echolocation,Pipistrellus pipistrellus,0.512,0.62,-1,192000.0,/mnt/ubna_data_04/recover-20241104/UBNA_025/20241026_025000.WAV,recover-20241104,UBNA_025,Central Pond
HF,44160.0,19.46853879541108,123.9175,123.9253,41796.0,58803.0,Echolocation,Pipistrellus pipistrellus,0.283,0.513,-1,192000.0,/mnt/ubna_data_04/recover-20241104/UBNA_025/20241026_025000.WAV,recover-20241104,UBNA_025,Central Pond
HF,45120.0,10.46273354574155,124.0165,124.0225,42656.0,52052.0,Echolocation,Pipistrellus pipistrellus,0.614,0.646,-1,192000.0,/mnt/ubna_data_04/recover-20241104/UBNA_025/20241026_025000.WAV,recover-20241104,UBNA_025,Central Pond
HF,47040.0,24.548011405274917,124.1085,124.1167,41796.0,64838.0,Echolocation,Pipistrellus pipistrellus,0.556,0.642,-1,192000.0,/mnt/ubna_data_04/recover-20241104/UBNA_025/20241026_025000.WAV,recover-20241104,UBNA_025,Central Pond
HF,45120.0,12.857908095593105,124.2085,124.2143,43515.0,54873.0,Echolocation,Pipistrellus pipistrellus,0.563,0.614,-1,192000.0,/mnt/ubna_data_04/recover-20241104/UBNA_025/20241026_025000.WAV,recover-20241104,UBNA_025,Central Pond
HF,47040.0,16.821722261517913,124.7725,124.7784,46093.0,60315.0,Echolocation,Pipistrellus pipistrellus,0.608,0.627,-1,192000.0,/mnt/ubna_data_04/recover-20241104/UBNA_025/20241026_025000.WAV,recover-20241104,UBNA_025,Central Pond
HF,48960.0,22.562051679125386,124.8465,124.8527,43515.0,64556.0,Echolocation,Pipistrellus pipistrellus,0.68,0.734,-1,192000.0,/mnt/ubna_data_04/recover-20241104/UBNA_025/20241026_025000.WAV,recover-20241104,UBNA_025,Central Pond
HF,44160.0,12.978592978960709,124.9335,124.94,42656.0,60439.0,Echolocation,Pipistrellus pipistrellus,0.603,0.66,-1,192000.0,/mnt/ubna_data_04/recover-20241104/UBNA_025/20241026_025000.WAV,recover-20241104,UBNA_025,Central Pond
HF,47040.0,27.795059316984613,125.0425,125.0487,42656.0,66798.0,Echolocation,Pipistrellus pipistrellus,0.61,0.687,-1,192000.0,/mnt/ubna_data_04/recover-20241104/UBNA_025/20241026_025000.WAV,recover-20241104,UBNA_025,Central Pond
HF,47040.0,19.594929483570727,125.1225,125.1278,45234.0,64203.0,Echolocation,Pipistrellus pipistrellus,0.618,0.653,-1,192000.0,/mnt/ubna_data_04/recover-20241104/UBNA_025/20241026_025000.WAV,recover-20241104,UBNA_025,Central Pond
HF,47040.0,14.575040783099883,125.1915,125.1995,45234.0,69931.0,Echolocation,Pipistrellus pipistrellus,0.418,0.561,-1,192000.0,/mnt/ubna_data_04/recover-20241104/UBNA_025/20241026_025000.WAV,recover-20241104,UBNA_025,Central Pond
HF,48960.0,16.577705902197128,125.2735,125.2789,46953.0,63948.0,Echolocation,Pipistrellus pipistrellus,0.603,0.639,-1,192000.0,/mnt/ubna_data_04/recover-20241104/UBNA_025/20241026_025000.WAV,recover-20241104,UBNA_025,Central Pond
HF,52800.0,18.01137679120493,125.3535,125.3585,44375.0,66973.0,Echolocation,Pipistrellus pipistrellus,0.629,0.681,-1,192000.0,/mnt/ubna_data_04/recover-20241104/UBNA_025/20241026_025000.WAV,recover-20241104,UBNA_025,Central Pond
HF,56640.0,13.701700810645502,125.4215,125.4264,46953.0,64251.0,Echolocation,Pipistrellus pipistrellus,0.56,0.606,-1,192000.0,/mnt/ubna_data_04/recover-20241104/UBNA_025/20241026_025000.WAV,recover-20241104,UBNA_025,Central Pond
HF,50880.0,7.223476786635661,125.4835,125.4882,46953.0,59880.0,Echolocation,Pipistrellus pipistrellus,0.475,0.504,-1,192000.0,/mnt/ubna_data_04/recover-20241104/UBNA_025/20241026_025000.WAV,recover-20241104,UBNA_025,Central Pond
HF,47040.0,14.523020733733691,125.8475,125.8551,43515.0,65625.0,Echolocation,Pipistrellus pipistrellus,0.32,0.601,-1,192000.0,/mnt/ubna_data_04/recover-20241104/UBNA_025/20241026_025000.WAV,recover-20241104,UBNA_025,Central Pond
HF,47040.0,12.513006772924166,125.9205,125.9282,43515.0,62077.0,Echolocation,Pipistrellus pipistrellus,0.486,0.551,-1,192000.0,/mnt/ubna_data_04/recover-20241104/UBNA_025/20241026_025000.WAV,recover-20241104,UBNA_025,Central Pond
HF,47040.0,26.877333222965216,126.0015,126.00919999999999,44375.0,58606.0,Echolocation,Pipistrellus pipistrellus,0.548,0.605,-1,192000.0,/mnt/ubna_data_04/recover-20241104/UBNA_025/20241026_025000.WAV,recover-20241104,UBNA_025,Central Pond
HF,46080.0,16.009932446192767,126.0865,126.0978,42656.0,62046.0,Echolocation,Pipistrellus pipistrellus,0.363,0.549,-1,192000.0,/mnt/ubna_data_04/recover-20241104/UBNA_025/20241026_025000.WAV,recover-20241104,UBNA_025,Central Pond
HF,46080.0,9.861102995921984,126.1755,126.1847,42656.0,55925.0,Echolocation,Pipistrellus pipistrellus,0.508,0.587,-1,192000.0,/mnt/ubna_data_04/recover-20241104/UBNA_025/20241026_025000.WAV,recover-20241104,UBNA_025,Central Pond
HF,46080.0,30.838607310822823,126.2655,126.2726,42656.0,63807.0,Echolocation,Pipistrellus pipistrellus,0.575,0.697,-1,192000.0,/mnt/ubna_data_04/recover-20241104/UBNA_025/20241026_025000.WAV,recover-20241104,UBNA_025,Central Pond
HF,45120.0,19.803105212332742,126.4535,126.4608,41796.0,59799.0,Echolocation,Pipistrellus pipistrellus,0.499,0.625,-1,192000.0,/mnt/ubna_data_04/recover-20241104/UBNA_025/20241026_025000.WAV,recover-20241104,UBNA_025,Central Pond
HF,45120.0,12.536229823705652,126.5505,126.5574,42656.0,53932.0,Echolocation,Pipistrellus pipistrellus,0.531,0.577,-1,192000.0,/mnt/ubna_data_04/recover-20241104/UBNA_025/20241026_025000.WAV,recover-20241104,UBNA_025,Central Pond
HF,46080.0,29.09898987198779,126.6425,126.6487,41796.0,65787.0,Echolocation,Pipistrellus pipistrellus,0.537,0.646,-1,192000.0,/mnt/ubna_data_04/recover-20241104/UBNA_025/20241026_025000.WAV,recover-20241104,UBNA_025,Central Pond
HF,45120.0,10.131256668761084,126.7405,126.7497,41796.0,52063.0,Echolocation,Pipistrellus pipistrellus,0.381,0.508,-1,192000.0,/mnt/ubna_data_04/recover-20241104/UBNA_025/20241026_025000.WAV,recover-20241104,UBNA_025,Central Pond
HF,47040.0,10.798415625959185,126.8115,126.819,44375.0,60568.0,Echolocation,Pipistrellus pipistrellus,0.52,0.614,-1,192000.0,/mnt/ubna_data_04/recover-20241104/UBNA_025/20241026_025000.WAV,recover-20241104,UBNA_025,Central Pond
HF,46080.0,6.0512747044022746,126.8715,126.8799,45234.0,60824.0,Echolocation,Pipistrellus pipistrellus,0.413,0.526,-1,192000.0,/mnt/ubna_data_04/recover-20241104/UBNA_025/20241026_025000.WAV,recover-20241104,UBNA_025,Central Pond
HF,46080.0,12.867502537142572,127.7115,127.7172,43515.0,57299.0,Echolocation,Pipistrellus pipistrellus,0.475,0.526,-1,192000.0,/mnt/ubna_data_04/recover-20241104/UBNA_025/20241026_025000.WAV,recover-20241104,UBNA_025,Central Pond
HF,46080.0,16.005719913439304,127.7745,127.78190000000001,44375.0,62866.0,Echolocation,Pipistrellus pipistrellus,0.476,0.629,-1,192000.0,/mnt/ubna_data_04/recover-20241104/UBNA_025/20241026_025000.WAV,recover-20241104,UBNA_025,Central Pond
HF,46080.0,14.657461812262017,127.8415,127.8472,42656.0,55678.0,Echolocation,Pipistrellus pipistrellus,0.565,0.616,-1,192000.0,/mnt/ubna_data_04/recover-20241104/UBNA_025/20241026_025000.WAV,recover-20241104,UBNA_025,Central Pond
HF,46080.0,20.250636515366097,128.0975,128.1051,42656.0,60574.0,Echolocation,Pipistrellus pipistrellus,0.31,0.543,-1,192000.0,/mnt/ubna_data_04/recover-20241104/UBNA_025/20241026_025000.WAV,recover-20241104,UBNA_025,Central Pond
HF,45120.0,6.326899928776891,128.1835,128.1911,42656.0,53180.0,Echolocation,Pipistrellus pipistrellus,0.443,0.551,-1,192000.0,/mnt/ubna_data_04/recover-20241104/UBNA_025/20241026_025000.WAV,recover-20241104,UBNA_025,Central Pond
HF,46080.0,18.8588487010179,128.3065,128.3166,41796.0,60153.0,Echolocation,Pipistrellus pipistrellus,0.386,0.58,-1,192000.0,/mnt/ubna_data_04/recover-20241104/UBNA_025/20241026_025000.WAV,recover-20241104,UBNA_025,Central Pond
HF,45120.0,6.632153032286131,128.4075,128.4168,43515.0,54991.0,Echolocation,Pipistrellus pipistrellus,0.436,0.534,-1,192000.0,/mnt/ubna_data_04/recover-20241104/UBNA_025/20241026_025000.WAV,recover-20241104,UBNA_025,Central Pond
HF,44160.0,18.850624872504614,128.5025,128.5097,42656.0,61406.0,Echolocation,Pipistrellus pipistrellus,0.326,0.626,-1,192000.0,/mnt/ubna_data_04/recover-20241104/UBNA_025/20241026_025000.WAV,recover-20241104,UBNA_025,Central Pond
HF,45120.0,19.266015418572913,128.5985,128.606,41796.0,57412.0,Echolocation,Pipistrellus nathusii,0.351,0.538,-1,192000.0,/mnt/ubna_data_04/recover-20241104/UBNA_025/20241026_025000.WAV,recover-20241104,UBNA_025,Central Pond
HF,46080.0,9.241317144619117,128.6915,128.7003,43515.0,54745.0,Echolocation,Pipistrellus pipistrellus,0.404,0.561,-1,192000.0,/mnt/ubna_data_04/recover-20241104/UBNA_025/20241026_025000.WAV,recover-20241104,UBNA_025,Central Pond
HF,45120.0,17.976914845592212,128.7825,128.7896,42656.0,62809.0,Echolocation,Pipistrellus pipistrellus,0.294,0.598,-1,192000.0,/mnt/ubna_data_04/recover-20241104/UBNA_025/20241026_025000.WAV,recover-20241104,UBNA_025,Central Pond
HF,43200.0,14.611020815612527,129.1295,129.1386,41796.0,59343.0,Echolocation,Pipistrellus pipistrellus,0.202,0.541,-1,192000.0,/mnt/ubna_data_04/recover-20241104/UBNA_025/20241026_025000.WAV,recover-20241104,UBNA_025,Central Pond
LF,25920.0,13.408421340136758,296.2925,296.3128,24609.0,27517.0,Echolocation,Nyctalus leisleri,0.477,0.526,-1,192000.0,/mnt/ubna_data_04/recover-20241104/UBNA_025/20241026_033000.WAV,recover-20241104,UBNA_025,Central Pond
LF,24960.0,21.889849692574845,298.4335,298.4538,23750.0,27755.0,Echolocation,Nyctalus leisleri,0.486,0.553,-1,192000.0,/mnt/ubna_data_04/recover-20241104/UBNA_025/20241026_033000.WAV,recover-20241104,UBNA_025,Central Pond
LF,24960.0,26.367496694519982,299.2125,299.2362,23750.0,27437.0,Echolocation,Nyctalus leisleri,0.44,0.509,-1,192000.0,/mnt/ubna_data_04/recover-20241104/UBNA_025/20241026_033000.WAV,recover-20241104,UBNA_025,Central Pond
HF,47040.0,6.480040415545247,182.5465,182.5538,46093.0,54976.0,Echolocation,Pipistrellus pipistrellus,0.483,0.558,-1,192000.0,/mnt/ubna_data_04/recover-20241104/UBNA_025/20241028_025000.WAV,recover-20241104,UBNA_025,Central Pond
HF,46080.0,12.630433459066108,182.8145,182.8196,45234.0,58393.0,Echolocation,Pipistrellus pipistrellus,0.493,0.603,-1,192000.0,/mnt/ubna_data_04/recover-20241104/UBNA_025/20241028_025000.WAV,recover-20241104,UBNA_025,Central Pond
HF,48000.0,10.09422544918058,182.8895,182.8948,43515.0,62091.0,Echolocation,Pipistrellus pipistrellus,0.227,0.53,-1,192000.0,/mnt/ubna_data_04/recover-20241104/UBNA_025/20241028_025000.WAV,recover-20241104,UBNA_025,Central Pond
HF,48000.0,8.192222991838085,219.7395,219.7466,42656.0,62625.0,Echolocation,Pipistrellus pipistrellus,0.297,0.577,-1,192000.0,/mnt/ubna_data_04/recover-20241104/UBNA_025/20241028_025000.WAV,recover-20241104,UBNA_025,Central Pond
HF,46080.0,7.426864231066965,219.8265,219.8337,44375.0,61994.0,Echolocation,Pipistrellus pipistrellus,0.389,0.602,-1,192000.0,/mnt/ubna_data_04/recover-20241104/UBNA_025/20241028_025000.WAV,recover-20241104,UBNA_025,Central Pond
HF,47040.0,11.871125359709534,220.2615,220.2677,43515.0,60679.0,Echolocation,Pipistrellus pipistrellus,0.28,0.572,-1,192000.0,/mnt/ubna_data_04/recover-20241104/UBNA_025/20241028_025000.WAV,recover-20241104,UBNA_025,Central Pond
HF,48000.0,14.241788839372319,220.3575,220.363,44375.0,54576.0,Echolocation,Pipistrellus pipistrellus,0.423,0.556,-1,192000.0,/mnt/ubna_data_04/recover-20241104/UBNA_025/20241028_025000.WAV,recover-20241104,UBNA_025,Central Pond
HF,48960.0,13.07785976700374,30.2005,30.208,46953.0,62135.0,Echolocation,Pipistrellus pipistrellus,0.386,0.549,-1,192000.0,/mnt/ubna_data_04/recover-20241104/UBNA_025/20241028_030000.WAV,recover-20241104,UBNA_025,Central Pond
HF,47040.0,10.084451776907361,30.2475,30.2522,46093.0,61556.0,Echolocation,Pipistrellus pipistrellus,0.531,0.62,-1,192000.0,/mnt/ubna_data_04/recover-20241104/UBNA_025/20241028_030000.WAV,recover-20241104,UBNA_025,Central Pond
HF,47040.0,18.820124672656867,30.4625,30.4674,44375.0,62085.0,Echolocation,Pipistrellus pipistrellus,0.496,0.6,-1,192000.0,/mnt/ubna_data_04/recover-20241104/UBNA_025/20241028_030000.WAV,recover-20241104,UBNA_025,Central Pond
HF,48960.0,16.19239019775897,30.5435,30.551,45234.0,66022.0,Echolocation,Pipistrellus pipistrellus,0.432,0.626,-1,192000.0,/mnt/ubna_data_04/recover-20241104/UBNA_025/20241028_030000.WAV,recover-20241104,UBNA_025,Central Pond
HF,55680.0,17.145979150203456,30.5945,30.5999,45234.0,68563.0,Echolocation,Pipistrellus pipistrellus,0.415,0.517,-1,192000.0,/mnt/ubna_data_04/recover-20241104/UBNA_025/20241028_030000.WAV,recover-20241104,UBNA_025,Central Pond
HF,53760.0,16.323755824897933,30.7175,30.7237,44375.0,66784.0,Echolocation,Pipistrellus pipistrellus,0.496,0.608,-1,192000.0,/mnt/ubna_data_04/recover-20241104/UBNA_025/20241028_030000.WAV,recover-20241104,UBNA_025,Central Pond
HF,48000.0,16.86564085115227,30.7855,30.7928,45234.0,64571.0,Echolocation,Pipistrellus pipistrellus,0.474,0.614,-1,192000.0,/mnt/ubna_data_04/recover-20241104/UBNA_025/20241028_030000.WAV,recover-20241104,UBNA_025,Central Pond
HF,48000.0,13.739889125722387,30.8365,30.8431,45234.0,70947.0,Echolocation,Pipistrellus pipistrellus,0.361,0.606,-1,192000.0,/mnt/ubna_data_04/recover-20241104/UBNA_025/20241028_030000.WAV,recover-20241104,UBNA_025,Central Pond
HF,48000.0,14.022457099333689,30.8855,30.8913,44375.0,64370.0,Echolocation,Pipistrellus pipistrellus,0.302,0.521,-1,192000.0,/mnt/ubna_data_04/recover-20241104/UBNA_025/20241028_030000.WAV,recover-20241104,UBNA_025,Central Pond
HF,47040.0,9.400154254116554,30.9745,30.9801,44375.0,65619.0,Echolocation,Pipistrellus pipistrellus,0.277,0.501,-1,192000.0,/mnt/ubna_data_04/recover-20241104/UBNA_025/20241028_030000.WAV,recover-20241104,UBNA_025,Central Pond
HF,51840.0,17.000559048189725,31.1015,31.1074,45234.0,64844.0,Echolocation,Pipistrellus pipistrellus,0.53,0.646,-1,192000.0,/mnt/ubna_data_04/recover-20241104/UBNA_025/20241028_030000.WAV,recover-20241104,UBNA_025,Central Pond
HF,47040.0,16.025795570398405,31.1585,31.1653,44375.0,66455.0,Echolocation,Pipistrellus pipistrellus,0.436,0.617,-1,192000.0,/mnt/ubna_data_04/recover-20241104/UBNA_025/20241028_030000.WAV,recover-20241104,UBNA_025,Central Pond
HF,52800.0,10.575851003155465,31.2375,31.2436,44375.0,62027.0,Echolocation,Pipistrellus pipistrellus,0.329,0.546,-1,192000.0,/mnt/ubna_data_04/recover-20241104/UBNA_025/20241028_030000.WAV,recover-20241104,UBNA_025,Central Pond
HF,47040.0,13.739161020425152,31.3285,31.3353,44375.0,65522.0,Echolocation,Pipistrellus pipistrellus,0.437,0.65,-1,192000.0,/mnt/ubna_data_04/recover-20241104/UBNA_025/20241028_030000.WAV,recover-20241104,UBNA_025,Central Pond
HF,52800.0,13.970993855807398,31.4405,31.4464,44375.0,69363.0,Echolocation,Pipistrellus pipistrellus,0.271,0.549,-1,192000.0,/mnt/ubna_data_04/recover-20241104/UBNA_025/20241028_030000.WAV,recover-20241104,UBNA_025,Central Pond
HF,48000.0,10.319302475519354,31.5295,31.5352,46093.0,62767.0,Echolocation,Pipistrellus pipistrellus,0.482,0.604,-1,192000.0,/mnt/ubna_data_04/recover-20241104/UBNA_025/20241028_030000.WAV,recover-20241104,UBNA_025,Central Pond
HF,48000.0,16.72860373014955,31.5985,31.6037,46953.0,62759.0,Echolocation,Pipistrellus pipistrellus,0.519,0.611,-1,192000.0,/mnt/ubna_data_04/recover-20241104/UBNA_025/20241028_030000.WAV,recover-20241104,UBNA_025,Central Pond
HF,48000.0,10.023733732891412,31.6535,31.6599,46093.0,61918.0,Echolocation,Pipistrellus pipistrellus,0.454,0.528,-1,192000.0,/mnt/ubna_data_04/recover-20241104/UBNA_025/20241028_030000.WAV,recover-20241104,UBNA_025,Central Pond
HF,46080.0,7.53002901827765,98.7995,98.8074,45234.0,53524.0,Echolocation,Pipistrellus pipistrellus,0.479,0.534,-1,192000.0,/mnt/ubna_data_04/recover-20241104/UBNA_025/20241028_041000.WAV,recover-20241104,UBNA_025,Central Pond
HF,46080.0,8.17733780705868,99.24549999999999,99.2531,46093.0,57820.0,Echolocation,Pipistrellus pipistrellus,0.563,0.595,-1,192000.0,/mnt/ubna_data_04/recover-20241104/UBNA_025/20241028_041000.WAV,recover-20241104,UBNA_025,Central Pond
HF,47040.0,7.29345201699868,99.4475,99.458,45234.0,56135.0,Echolocation,Pipistrellus pipistrellus,0.477,0.501,-1,192000.0,/mnt/ubna_data_04/recover-20241104/UBNA_025/20241028_041000.WAV,recover-20241104,UBNA_025,Central Pond
HF,46080.0,12.907719224458305,99.5465,99.5522,46093.0,58101.0,Echolocation,Pipistrellus pipistrellus,0.635,0.658,-1,192000.0,/mnt/ubna_data_04/recover-20241104/UBNA_025/20241028_041000.WAV,recover-20241104,UBNA_025,Central Pond
HF,46080.0,11.41551752949252,99.6385,99.6466,44375.0,63045.0,Echolocation,Pipistrellus pipistrellus,0.61,0.699,-1,192000.0,/mnt/ubna_data_04/recover-20241104/UBNA_025/20241028_041000.WAV,recover-20241104,UBNA_025,Central Pond
HF,46080.0,22.208265168990845,99.8165,99.8219,42656.0,62899.0,Echolocation,Pipistrellus pipistrellus,0.649,0.681,-1,192000.0,/mnt/ubna_data_04/recover-20241104/UBNA_025/20241028_041000.WAV,recover-20241104,UBNA_025,Central Pond
HF,45120.0,21.415167956428608,99.9085,99.91499999999999,44375.0,64063.0,Echolocation,Pipistrellus pipistrellus,0.635,0.673,-1,192000.0,/mnt/ubna_data_04/recover-20241104/UBNA_025/20241028_041000.WAV,recover-20241104,UBNA_025,Central Pond
HF,48000.0,17.628534601376426,100.0865,100.0956,43515.0,67718.0,Echolocation,Pipistrellus pipistrellus,0.558,0.65,-1,192000.0,/mnt/ubna_data_04/recover-20241104/UBNA_025/20241028_041000.WAV,recover-20241104,UBNA_025,Central Pond
HF,47040.0,20.233626809387182,100.1825,100.1908,45234.0,62530.0,Echolocation,Pipistrellus pipistrellus,0.549,0.693,-1,192000.0,/mnt/ubna_data_04/recover-20241104/UBNA_025/20241028_041000.WAV,recover-20241104,UBNA_025,Central Pond
HF,47040.0,22.33485664463323,100.2785,100.2857,45234.0,65937.0,Echolocation,Pipistrellus pipistrellus,0.56,0.59,-1,192000.0,/mnt/ubna_data_04/recover-20241104/UBNA_025/20241028_041000.WAV,recover-20241104,UBNA_025,Central Pond
HF,46080.0,21.977350510408606,100.3775,100.3856,44375.0,67460.0,Echolocation,Pipistrellus pipistrellus,0.58,0.677,-1,192000.0,/mnt/ubna_data_04/recover-20241104/UBNA_025/20241028_041000.WAV,recover-20241104,UBNA_025,Central Pond
HF,45120.0,22.95581066852728,100.4705,100.4777,44375.0,63530.0,Echolocation,Pipistrellus pipistrellus,0.511,0.55,-1,192000.0,/mnt/ubna_data_04/recover-20241104/UBNA_025/20241028_041000.WAV,recover-20241104,UBNA_025,Central Pond
HF,46080.0,21.397928569629023,100.5625,100.571,45234.0,61737.0,Echolocation,Pipistrellus pipistrellus,0.607,0.646,-1,192000.0,/mnt/ubna_data_04/recover-20241104/UBNA_025/20241028_041000.WAV,recover-20241104,UBNA_025,Central Pond
HF,46080.0,24.059608537361385,100.6505,100.6579,44375.0,66537.0,Echolocation,Pipistrellus pipistrellus,0.58,0.655,-1,192000.0,/mnt/ubna_data_04/recover-20241104/UBNA_025/20241028_041000.WAV,recover-20241104,UBNA_025,Central Pond
HF,46080.0,23.537740835302806,100.7465,100.7523,45234.0,64167.0,Echolocation,Pipistrellus pipistrellus,0.671,0.695,-1,192000.0,/mnt/ubna_data_04/recover-20241104/UBNA_025/20241028_041000.WAV,recover-20241104,UBNA_025,Central Pond
HF,45120.0,27.484467079590765,100.8355,100.8424,43515.0,63488.0,Echolocation,Pipistrellus pipistrellus,0.662,0.691,-1,192000.0,/mnt/ubna_data_04/recover-20241104/UBNA_025/20241028_041000.WAV,recover-20241104,UBNA_025,Central Pond
HF,46080.0,17.50050898542869,100.9215,100.9319,45234.0,58035.0,Echolocation,Pipistrellus pipistrellus,0.502,0.583,-1,192000.0,/mnt/ubna_data_04/recover-20241104/UBNA_025/20241028_041000.WAV,recover-20241104,UBNA_025,Central Pond
HF,46080.0,25.505886252050956,101.0155,101.0212,43515.0,67413.0,Echolocation,Pipistrellus pipistrellus,0.623,0.649,-1,192000.0,/mnt/ubna_data_04/recover-20241104/UBNA_025/20241028_041000.WAV,recover-20241104,UBNA_025,Central Pond
HF,46080.0,19.688817134902262,101.1185,101.124,41796.0,60419.0,Echolocation,Pipistrellus pipistrellus,0.492,0.562,-1,192000.0,/mnt/ubna_data_04/recover-20241104/UBNA_025/20241028_041000.WAV,recover-20241104,UBNA_025,Central Pond
HF,46080.0,21.38605389039946,101.2015,101.2086,43515.0,68335.0,Echolocation,Pipistrellus pipistrellus,0.507,0.587,-1,192000.0,/mnt/ubna_data_04/recover-20241104/UBNA_025/20241028_041000.WAV,recover-20241104,UBNA_025,Central Pond
HF,47040.0,18.352960658109417,101.3025,101.3111,45234.0,54846.0,Echolocation,Pipistrellus pipistrellus,0.509,0.537,-1,192000.0,/mnt/ubna_data_04/recover-20241104/UBNA_025/20241028_041000.WAV,recover-20241104,UBNA_025,Central Pond
HF,45120.0,22.733009870654904,101.3925,101.3982,43515.0,65077.0,Echolocation,Pipistrellus pipistrellus,0.683,0.712,-1,192000.0,/mnt/ubna_data_04/recover-20241104/UBNA_025/20241028_041000.WAV,recover-20241104,UBNA_025,Central Pond
HF,46080.0,13.401720511636498,101.5005,101.5079,45234.0,52248.0,Echolocation,Pipistrellus pipistrellus,0.566,0.591,-1,192000.0,/mnt/ubna_data_04/recover-20241104/UBNA_025/20241028_041000.WAV,recover-20241104,UBNA_025,Central Pond
HF,45120.0,19.051755681152777,101.5935,101.6002,43515.0,63646.0,Echolocation,Pipistrellus pipistrellus,0.651,0.697,-1,192000.0,/mnt/ubna_data_04/recover-20241104/UBNA_025/20241028_041000.WAV,recover-20241104,UBNA_025,Central Pond
HF,46080.0,11.7823172297382,101.6845,101.6958,45234.0,58990.0,Echolocation,Pipistrellus pipistrellus,0.397,0.526,-1,192000.0,/mnt/ubna_data_04/recover-20241104/UBNA_025/20241028_041000.WAV,recover-20241104,UBNA_025,Central Pond
HF,46080.0,11.71655121797183,101.77250000000001,101.781,45234.0,56832.0,Echolocation,Pipistrellus pipistrellus,0.561,0.583,-1,192000.0,/mnt/ubna_data_04/recover-20241104/UBNA_025/20241028_041000.WAV,recover-20241104,UBNA_025,Central Pond
HF,46080.0,19.17649143411563,101.8575,101.8636,43515.0,62625.0,Echolocation,Pipistrellus pipistrellus,0.638,0.667,-1,192000.0,/mnt/ubna_data_04/recover-20241104/UBNA_025/20241028_041000.WAV,recover-20241104,UBNA_025,Central Pond
HF,48000.0,10.901027724275604,101.9565,101.9635,46953.0,58671.0,Echolocation,Pipistrellus pipistrellus,0.658,0.68,-1,192000.0,/mnt/ubna_data_04/recover-20241104/UBNA_025/20241028_041000.WAV,recover-20241104,UBNA_025,Central Pond
HF,46080.0,20.131983920879044,102.0485,102.0553,44375.0,62243.0,Echolocation,Pipistrellus pipistrellus,0.574,0.674,-1,192000.0,/mnt/ubna_data_04/recover-20241104/UBNA_025/20241028_041000.WAV,recover-20241104,UBNA_025,Central Pond
HF,48000.0,18.759737224341006,102.2205,102.22710000000001,42656.0,61899.0,Echolocation,Pipistrellus pipistrellus,0.44,0.561,-1,192000.0,/mnt/ubna_data_04/recover-20241104/UBNA_025/20241028_041000.WAV,recover-20241104,UBNA_025,Central Pond
HF,45120.0,13.439441683631848,102.39150000000001,102.4001,43515.0,61323.0,Echolocation,Pipistrellus pipistrellus,0.537,0.648,-1,192000.0,/mnt/ubna_data_04/recover-20241104/UBNA_025/20241028_041000.WAV,recover-20241104,UBNA_025,Central Pond
HF,45120.0,15.313658474520786,102.4815,102.4897,42656.0,57352.0,Echolocation,Pipistrellus pipistrellus,0.469,0.562,-1,192000.0,/mnt/ubna_data_04/recover-20241104/UBNA_025/20241028_041000.WAV,recover-20241104,UBNA_025,Central Pond
HF,47040.0,11.202981685944597,102.5745,102.58109999999999,42656.0,55963.0,Echolocation,Pipistrellus pipistrellus,0.53,0.579,-1,192000.0,/mnt/ubna_data_04/recover-20241104/UBNA_025/20241028_041000.WAV,recover-20241104,UBNA_025,Central Pond
HF,46080.0,5.986437664778852,103.0145,103.0238,45234.0,54363.0,Echolocation,Pipistrellus pipistrellus,0.545,0.571,-1,192000.0,/mnt/ubna_data_04/recover-20241104/UBNA_025/20241028_041000.WAV,recover-20241104,UBNA_025,Central Pond
HF,48000.0,4.14134438646111,143.8435,143.8516,46953.0,54194.0,Echolocation,Pipistrellus pipistrellus,0.471,0.526,-1,192000.0,/mnt/ubna_data_04/recover-20241104/UBNA_025/20241028_091000.WAV,recover-20241104,UBNA_025,Central Pond
HF,47040.0,7.389991418210248,185.8615,185.8662,46093.0,56806.0,Echolocation,Pipistrellus pipistrellus,0.471,0.555,-1,192000.0,/mnt/ubna_data_04/recover-20241104/UBNA_025/20241028_091000.WAV,recover-20241104,UBNA_025,Central Pond
HF,48000.0,9.360496639910206,186.4825,186.4878,45234.0,63495.0,Echolocation,Pipistrellus pipistrellus,0.202,0.531,-1,192000.0,/mnt/ubna_data_04/recover-20241104/UBNA_025/20241028_091000.WAV,recover-20241104,UBNA_025,Central Pond
HF,47040.0,12.983228876174044,186.6455,186.6509,45234.0,64937.0,Echolocation,Pipistrellus pipistrellus,0.218,0.546,-1,192000.0,/mnt/ubna_data_04/recover-20241104/UBNA_025/20241028_091000.WAV,recover-20241104,UBNA_025,Central Pond
HF,48000.0,14.59583979777497,186.8645,186.8701,44375.0,65046.0,Echolocation,Myotis alcathoe,0.213,0.505,-1,192000.0,/mnt/ubna_data_04/recover-20241104/UBNA_025/20241028_091000.WAV,recover-20241104,UBNA_025,Central Pond
HF,48000.0,19.053020093147413,187.8535,187.8581,40937.0,83900.0,Echolocation,Myotis alcathoe,0.345,0.538,-1,192000.0,/mnt/ubna_data_04/recover-20241104/UBNA_025/20241028_091000.WAV,recover-20241104,UBNA_025,Central Pond
HF,51840.0,22.10997062911444,188.0895,188.0965,42656.0,74099.0,Echolocation,Pipistrellus pipistrellus,0.212,0.513,-1,192000.0,/mnt/ubna_data_04/recover-20241104/UBNA_025/20241028_091000.WAV,recover-20241104,UBNA_025,Central Pond
HF,48960.0,16.26649862677737,188.1695,188.17680000000001,41796.0,74234.0,Echolocation,Pipistrellus pipistrellus,0.142,0.508,-1,192000.0,/mnt/ubna_data_04/recover-20241104/UBNA_025/20241028_091000.WAV,recover-20241104,UBNA_025,Central Pond
HF,48000.0,10.564700548951114,188.2545,188.2611,45234.0,61559.0,Echolocation,Pipistrellus pipistrellus,0.423,0.603,-1,192000.0,/mnt/ubna_data_04/recover-20241104/UBNA_025/20241028_091000.WAV,recover-20241104,UBNA_025,Central Pond
HF,47040.0,3.8327981397387365,188.4945,188.5014,43515.0,59729.0,Echolocation,Pipistrellus pipistrellus,0.245,0.523,-1,192000.0,/mnt/ubna_data_04/recover-20241104/UBNA_025/20241028_091000.WAV,recover-20241104,UBNA_025,Central Pond
HF,47040.0,5.532670913405962,189.0725,189.08,43515.0,56119.0,Echolocation,Pipistrellus pipistrellus,0.249,0.571,-1,192000.0,/mnt/ubna_data_04/recover-20241104/UBNA_025/20241028_091000.WAV,recover-20241104,UBNA_025,Central Pond
HF,46080.0,8.381923088982935,190.1775,190.1844,46093.0,58717.0,Echolocation,Pipistrellus pipistrellus,0.472,0.554,-1,192000.0,/mnt/ubna_data_04/recover-20241104/UBNA_025/20241028_091000.WAV,recover-20241104,UBNA_025,Central Pond
HF,46080.0,11.139577654795286,190.4505,190.4572,45234.0,53278.0,Echolocation,Pipistrellus pipistrellus,0.579,0.624,-1,192000.0,/mnt/ubna_data_04/recover-20241104/UBNA_025/20241028_091000.WAV,recover-20241104,UBNA_025,Central Pond
HF,47040.0,10.799383519027037,190.9505,190.9558,44375.0,56547.0,Echolocation,Pipistrellus pipistrellus,0.495,0.545,-1,192000.0,/mnt/ubna_data_04/recover-20241104/UBNA_025/20241028_091000.WAV,recover-20241104,UBNA_025,Central Pond
HF,47040.0,15.060879388509674,191.0385,191.0447,45234.0,60820.0,Echolocation,Pipistrellus pipistrellus,0.495,0.608,-1,192000.0,/mnt/ubna_data_04/recover-20241104/UBNA_025/20241028_091000.WAV,recover-20241104,UBNA_025,Central Pond
HF,47040.0,5.864037706829896,195.8255,195.8312,43515.0,58505.0,Echolocation,Pipistrellus pipistrellus,0.279,0.548,-1,192000.0,/mnt/ubna_data_04/recover-20241104/UBNA_025/20241028_091000.WAV,recover-20241104,UBNA_025,Central Pond
HF,48000.0,9.348263689660335,196.2495,196.2547,46953.0,55279.0,Echolocation,Pipistrellus pipistrellus,0.562,0.6,-1,192000.0,/mnt/ubna_data_04/recover-20241104/UBNA_025/20241028_091000.WAV,recover-20241104,UBNA_025,Central Pond
HF,52800.0,7.911140045199373,196.3295,196.3342,46953.0,59033.0,Echolocation,Pipistrellus pipistrellus,0.446,0.52,-1,192000.0,/mnt/ubna_data_04/recover-20241104/UBNA_025/20241028_091000.WAV,recover-20241104,UBNA_025,Central Pond
HF,51840.0,10.800528259940783,196.4665,196.4719,46953.0,61932.0,Echolocation,Pipistrellus pipistrellus,0.472,0.568,-1,192000.0,/mnt/ubna_data_04/recover-20241104/UBNA_025/20241028_091000.WAV,recover-20241104,UBNA_025,Central Pond
HF,48960.0,11.29820036988145,196.6155,196.622,45234.0,63911.0,Echolocation,Pipistrellus pipistrellus,0.225,0.583,-1,192000.0,/mnt/ubna_data_04/recover-20241104/UBNA_025/20241028_091000.WAV,recover-20241104,UBNA_025,Central Pond
HF,48960.0,14.349595086481045,197.4305,197.4357,46953.0,64548.0,Echolocation,Pipistrellus pipistrellus,0.409,0.559,-1,192000.0,/mnt/ubna_data_04/recover-20241104/UBNA_025/20241028_091000.WAV,recover-20241104,UBNA_025,Central Pond
HF,47040.0,10.525176002043361,197.4885,197.4946,46093.0,64622.0,Echolocation,Pipistrellus pipistrellus,0.303,0.52,-1,192000.0,/mnt/ubna_data_04/recover-20241104/UBNA_025/20241028_091000.WAV,recover-20241104,UBNA_025,Central Pond
HF,48000.0,11.625009019959869,197.7905,197.7956,46953.0,62009.0,Echolocation,Pipistrellus pipistrellus,0.473,0.572,-1,192000.0,/mnt/ubna_data_04/recover-20241104/UBNA_025/20241028_091000.WAV,recover-20241104,UBNA_025,Central Pond
HF,52800.0,11.116164939732059,197.8405,197.846,46093.0,62790.0,Echolocation,Pipistrellus pipistrellus,0.32,0.593,-1,192000.0,/mnt/ubna_data_04/recover-20241104/UBNA_025/20241028_091000.WAV,recover-20241104,UBNA_025,Central Pond
HF,48000.0,8.506990409366743,197.8815,197.8877,46953.0,63506.0,Echolocation,Pipistrellus pipistrellus,0.451,0.501,-1,192000.0,/mnt/ubna_data_04/recover-20241104/UBNA_025/20241028_091000.WAV,recover-20241104,UBNA_025,Central Pond
HF,53760.0,10.240725844660103,198.2585,198.2637,46953.0,63536.0,Echolocation,Pipistrellus pipistrellus,0.383,0.532,-1,192000.0,/mnt/ubna_data_04/recover-20241104/UBNA_025/20241028_091000.WAV,recover-20241104,UBNA_025,Central Pond
HF,52800.0,12.911990603410555,198.3275,198.3348,45234.0,66211.0,Echolocation,Pipistrellus pipistrellus,0.249,0.516,-1,192000.0,/mnt/ubna_data_04/recover-20241104/UBNA_025/20241028_091000.WAV,recover-20241104,UBNA_025,Central Pond
HF,47040.0,11.529883266786936,198.4565,198.4639,44375.0,61140.0,Echolocation,Pipistrellus pipistrellus,0.208,0.574,-1,192000.0,/mnt/ubna_data_04/recover-20241104/UBNA_025/20241028_091000.WAV,recover-20241104,UBNA_025,Central Pond
HF,47040.0,10.780796969282381,199.2925,199.3011,46093.0,62760.0,Echolocation,Pipistrellus pipistrellus,0.296,0.608,-1,192000.0,/mnt/ubna_data_04/recover-20241104/UBNA_025/20241028_091000.WAV,recover-20241104,UBNA_025,Central Pond
HF,47040.0,8.460144813494638,199.58350000000002,199.5908,45234.0,61964.0,Echolocation,Pipistrellus pipistrellus,0.291,0.579,-1,192000.0,/mnt/ubna_data_04/recover-20241104/UBNA_025/20241028_091000.WAV,recover-20241104,UBNA_025,Central Pond
HF,48000.0,9.579853957004342,200.2365,200.2426,46093.0,58286.0,Echolocation,Pipistrellus pipistrellus,0.361,0.53,-1,192000.0,/mnt/ubna_data_04/recover-20241104/UBNA_025/20241028_091000.WAV,recover-20241104,UBNA_025,Central Pond
HF,48000.0,5.331477599433897,230.1475,230.1543,46953.0,61600.0,Echolocation,Pipistrellus pipistrellus,0.427,0.555,-1,192000.0,/mnt/ubna_data_04/recover-20241104/UBNA_025/20241028_091000.WAV,recover-20241104,UBNA_025,Central Pond
HF,48960.0,4.874970904076613,230.3695,230.3762,47812.0,60459.0,Echolocation,Pipistrellus pipistrellus,0.488,0.544,-1,192000.0,/mnt/ubna_data_04/recover-20241104/UBNA_025/20241028_091000.WAV,recover-20241104,UBNA_025,Central Pond
HF,52800.0,8.046920423482852,231.69650000000001,231.7006,51250.0,62505.0,Echolocation,Pipistrellus pipistrellus,0.459,0.527,-1,192000.0,/mnt/ubna_data_04/recover-20241104/UBNA_025/20241028_091000.WAV,recover-20241104,UBNA_025,Central Pond
HF,52800.0,10.53480663442932,231.9485,231.9535,46093.0,61598.0,Echolocation,Pipistrellus pipistrellus,0.254,0.518,-1,192000.0,/mnt/ubna_data_04/recover-20241104/UBNA_025/20241028_091000.WAV,recover-20241104,UBNA_025,Central Pond
HF,47040.0,8.213099967269017,5.1005,5.1059,45234.0,57980.0,Echolocation,Pipistrellus pipistrellus,0.498,0.555,-1,192000.0,/mnt/ubna_data_04/recover-20241104/UBNA_025/20241028_092000.WAV,recover-20241104,UBNA_025,Central Pond
HF,47040.0,7.392108125316131,5.1775,5.1846,45234.0,57543.0,Echolocation,Pipistrellus pipistrellus,0.43,0.503,-1,192000.0,/mnt/ubna_data_04/recover-20241104/UBNA_025/20241028_092000.WAV,recover-20241104,UBNA_025,Central Pond
HF,47040.0,7.476063323709774,5.5145,5.5208,46093.0,57108.0,Echolocation,Pipistrellus pipistrellus,0.506,0.544,-1,192000.0,/mnt/ubna_data_04/recover-20241104/UBNA_025/20241028_092000.WAV,recover-20241104,UBNA_025,Central Pond
HF,48960.0,4.868714290402264,5.5865,5.5932,44375.0,59854.0,Echolocation,Pipistrellus pipistrellus,0.36,0.505,-1,192000.0,/mnt/ubna_data_04/recover-20241104/UBNA_025/20241028_092000.WAV,recover-20241104,UBNA_025,Central Pond
HF,47040.0,5.748271153339909,5.7555,5.7626,46093.0,60613.0,Echolocation,Pipistrellus pipistrellus,0.448,0.54,-1,192000.0,/mnt/ubna_data_04/recover-20241104/UBNA_025/20241028_092000.WAV,recover-20241104,UBNA_025,Central Pond
HF,48000.0,6.1432780912254605,30.0065,30.0116,42656.0,57954.0,Echolocation,Pipistrellus pipistrellus,0.169,0.504,-1,192000.0,/mnt/ubna_data_04/recover-20241104/UBNA_025/20241028_092000.WAV,recover-20241104,UBNA_025,Central Pond
HF,53760.0,9.122891013345312,30.1545,30.1608,43515.0,65840.0,Echolocation,Pipistrellus pipistrellus,0.247,0.541,-1,192000.0,/mnt/ubna_data_04/recover-20241104/UBNA_025/20241028_092000.WAV,recover-20241104,UBNA_025,Central Pond
HF,48000.0,8.487832280774132,30.2135,30.2205,43515.0,64453.0,Echolocation,Pipistrellus pipistrellus,0.254,0.584,-1,192000.0,/mnt/ubna_data_04/recover-20241104/UBNA_025/20241028_092000.WAV,recover-20241104,UBNA_025,Central Pond
HF,51840.0,5.3122164907825296,30.2835,30.2888,44375.0,62945.0,Echolocation,Pipistrellus pipistrellus,0.254,0.512,-1,192000.0,/mnt/ubna_data_04/recover-20241104/UBNA_025/20241028_092000.WAV,recover-20241104,UBNA_025,Central Pond
HF,50880.0,6.776591949172401,30.5335,30.5384,47812.0,61050.0,Echolocation,Pipistrellus pipistrellus,0.49,0.558,-1,192000.0,/mnt/ubna_data_04/recover-20241104/UBNA_025/20241028_092000.WAV,recover-20241104,UBNA_025,Central Pond
HF,49920.0,7.337513848095054,30.5915,30.5967,46093.0,61256.0,Echolocation,Pipistrellus pipistrellus,0.527,0.655,-1,192000.0,/mnt/ubna_data_04/recover-20241104/UBNA_025/20241028_092000.WAV,recover-20241104,UBNA_025,Central Pond
HF,48000.0,5.205718083873817,104.7775,104.7849,46953.0,58719.0,Echolocation,Pipistrellus pipistrellus,0.564,0.617,-1,192000.0,/mnt/ubna_data_04/recover-20241104/UBNA_025/20241028_092000.WAV,recover-20241104,UBNA_025,Central Pond
HF,52800.0,9.30958881669682,121.1245,121.1291,46093.0,59053.0,Echolocation,Pipistrellus pipistrellus,0.422,0.506,-1,192000.0,/mnt/ubna_data_04/recover-20241104/UBNA_025/20241028_092000.WAV,recover-20241104,UBNA_025,Central Pond
HF,47040.0,12.729653400023844,121.2065,121.212,45234.0,60273.0,Echolocation,Pipistrellus pipistrellus,0.514,0.663,-1,192000.0,/mnt/ubna_data_04/recover-20241104/UBNA_025/20241028_092000.WAV,recover-20241104,UBNA_025,Central Pond
HF,48000.0,11.861044864967717,121.4525,121.4576,45234.0,63812.0,Echolocation,Pipistrellus pipistrellus,0.444,0.526,-1,192000.0,/mnt/ubna_data_04/recover-20241104/UBNA_025/20241028_092000.WAV,recover-20241104,UBNA_025,Central Pond
HF,47040.0,8.53151178976627,121.5355,121.5407,46953.0,61385.0,Echolocation,Pipistrellus pipistrellus,0.486,0.535,-1,192000.0,/mnt/ubna_data_04/recover-20241104/UBNA_025/20241028_092000.WAV,recover-20241104,UBNA_025,Central Pond
HF,48000.0,6.621235147914359,121.7565,121.7611,46093.0,57614.0,Echolocation,Pipistrellus pipistrellus,0.519,0.558,-1,192000.0,/mnt/ubna_data_04/recover-20241104/UBNA_025/20241028_092000.WAV,recover-20241104,UBNA_025,Central Pond
HF,46080.0,7.657257658211872,125.5735,125.582,44375.0,61148.0,Echolocation,Pipistrellus pipistrellus,0.289,0.579,-1,192000.0,/mnt/ubna_data_04/recover-20241104/UBNA_025/20241028_092000.WAV,recover-20241104,UBNA_025,Central Pond
HF,48000.0,8.54457625010972,125.6275,125.6338,46953.0,60188.0,Echolocation,Pipistrellus pipistrellus,0.516,0.572,-1,192000.0,/mnt/ubna_data_04/recover-20241104/UBNA_025/20241028_092000.WAV,recover-20241104,UBNA_025,Central Pond
HF,48000.0,6.6840774173515705,125.6775,125.6858,46093.0,61459.0,Echolocation,Pipistrellus pipistrellus,0.387,0.521,-1,192000.0,/mnt/ubna_data_04/recover-20241104/UBNA_025/20241028_092000.WAV,recover-20241104,UBNA_025,Central Pond
HF,48960.0,8.472409634692683,125.7505,125.7572,43515.0,60312.0,Echolocation,Pipistrellus pipistrellus,0.359,0.579,-1,192000.0,/mnt/ubna_data_04/recover-20241104/UBNA_025/20241028_092000.WAV,recover-20241104,UBNA_025,Central Pond
HF,48000.0,7.254220273309966,125.8165,125.8245,46953.0,62743.0,Echolocation,Pipistrellus pipistrellus,0.492,0.605,-1,192000.0,/mnt/ubna_data_04/recover-20241104/UBNA_025/20241028_092000.WAV,recover-20241104,UBNA_025,Central Pond
HF,48000.0,17.06954065603254,126.5665,126.5718,45234.0,69303.0,Echolocation,Pipistrellus pipistrellus,0.239,0.534,-1,192000.0,/mnt/ubna_data_04/recover-20241104/UBNA_025/20241028_092000.WAV,recover-20241104,UBNA_025,Central Pond
HF,47040.0,12.813290598427274,126.8165,126.8218,46093.0,68470.0,Echolocation,Pipistrellus pipistrellus,0.215,0.514,-1,192000.0,/mnt/ubna_data_04/recover-20241104/UBNA_025/20241028_092000.WAV,recover-20241104,UBNA_025,Central Pond
HF,47040.0,20.121191010176048,126.9265,126.932,44375.0,69279.0,Echolocation,Pipistrellus pipistrellus,0.215,0.549,-1,192000.0,/mnt/ubna_data_04/recover-20241104/UBNA_025/20241028_092000.WAV,recover-20241104,UBNA_025,Central Pond
HF,48000.0,4.990071761394761,136.3045,136.31040000000002,46953.0,62499.0,Echolocation,Pipistrellus pipistrellus,0.414,0.509,-1,192000.0,/mnt/ubna_data_04/recover-20241104/UBNA_025/20241028_092000.WAV,recover-20241104,UBNA_025,Central Pond
HF,48000.0,8.177112315226271,136.6355,136.6409,44375.0,57441.0,Echolocation,Pipistrellus pipistrellus,0.521,0.554,-1,192000.0,/mnt/ubna_data_04/recover-20241104/UBNA_025/20241028_092000.WAV,recover-20241104,UBNA_025,Central Pond
HF,46080.0,12.191022772151594,136.8135,136.8182,44375.0,55569.0,Echolocation,Pipistrellus pipistrellus,0.563,0.612,-1,192000.0,/mnt/ubna_data_04/recover-20241104/UBNA_025/20241028_092000.WAV,recover-20241104,UBNA_025,Central Pond
HF,47040.0,7.80097993553221,136.9105,136.9164,44375.0,59921.0,Echolocation,Pipistrellus pipistrellus,0.367,0.559,-1,192000.0,/mnt/ubna_data_04/recover-20241104/UBNA_025/20241028_092000.WAV,recover-20241104,UBNA_025,Central Pond
HF,48000.0,6.799266275137619,149.2705,149.2768,44375.0,58936.0,Echolocation,Pipistrellus pipistrellus,0.219,0.516,-1,192000.0,/mnt/ubna_data_04/recover-20241104/UBNA_025/20241028_092000.WAV,recover-20241104,UBNA_025,Central Pond
HF,48960.0,8.058768763776271,297.5935,297.5983,46953.0,57630.0,Echolocation,Pipistrellus pipistrellus,0.547,0.572,-1,192000.0,/mnt/ubna_data_04/recover-20241104/UBNA_025/20241028_092000.WAV,recover-20241104,UBNA_025,Central Pond
HF,46080.0,6.086203090672912,297.8205,297.8264,45234.0,56272.0,Echolocation,Pipistrellus pipistrellus,0.526,0.567,-1,192000.0,/mnt/ubna_data_04/recover-20241104/UBNA_025/20241028_092000.WAV,recover-20241104,UBNA_025,Central Pond
HF,47040.0,6.517998049144284,298.0655,298.0706,45234.0,61669.0,Echolocation,Pipistrellus pipistrellus,0.29,0.56,-1,192000.0,/mnt/ubna_data_04/recover-20241104/UBNA_025/20241028_092000.WAV,recover-20241104,UBNA_025,Central Pond
HF,48000.0,5.765520056623682,298.1385,298.1443,45234.0,60581.0,Echolocation,Pipistrellus pipistrellus,0.295,0.525,-1,192000.0,/mnt/ubna_data_04/recover-20241104/UBNA_025/20241028_092000.WAV,recover-20241104,UBNA_025,Central Pond
HF,48000.0,7.072776364534245,298.3115,298.3185,46953.0,61659.0,Echolocation,Pipistrellus pipistrellus,0.447,0.54,-1,192000.0,/mnt/ubna_data_04/recover-20241104/UBNA_025/20241028_092000.WAV,recover-20241104,UBNA_025,Central Pond
HF,47040.0,8.404919112082128,298.85450000000003,298.8602,44375.0,57449.0,Echolocation,Pipistrellus pipistrellus,0.358,0.544,-1,192000.0,/mnt/ubna_data_04/recover-20241104/UBNA_025/20241028_092000.WAV,recover-20241104,UBNA_025,Central Pond
LF,28800.0,4.168301261566193,15.7625,15.7716,27187.0,34361.0,Echolocation,Nyctalus leisleri,0.358,0.622,-1,192000.0,/mnt/ubna_data_04/recover-20241104/UBNA_025/20241029_095000.WAV,recover-20241104,UBNA_025,Central Pond
HF,43200.0,5.243072956409945,101.1065,101.1133,41796.0,49522.0,Echolocation,Pipistrellus nathusii,0.429,0.503,-1,192000.0,/mnt/ubna_data_04/recover-20241104/UBNA_025/20241029_164000.WAV,recover-20241104,UBNA_025,Central Pond
LF,25920.0,4.340676710841283,198.1675,198.1838,25468.0,30634.0,Echolocation,Nyctalus leisleri,0.375,0.53,-1,192000.0,/mnt/ubna_data_04/recover-20241104/UBNA_025/20241030_021000.WAV,recover-20241104,UBNA_025,Central Pond
LF,25920.0,10.74589832112689,199.9265,199.9411,25468.0,28342.0,Echolocation,Nyctalus leisleri,0.505,0.604,-1,192000.0,/mnt/ubna_data_04/recover-20241104/UBNA_025/20241030_021000.WAV,recover-20241104,UBNA_025,Central Pond
LF,25920.0,16.732103242411107,202.8135,202.8307,25468.0,27779.0,Echolocation,Nyctalus leisleri,0.547,0.596,-1,192000.0,/mnt/ubna_data_04/recover-20241104/UBNA_025/20241030_021000.WAV,recover-20241104,UBNA_025,Central Pond
LF,25920.0,13.399888156095518,203.5275,203.5463,24609.0,28625.0,Echolocation,Nyctalus leisleri,0.455,0.555,-1,192000.0,/mnt/ubna_data_04/recover-20241104/UBNA_025/20241030_021000.WAV,recover-20241104,UBNA_025,Central Pond
LF,25920.0,17.175804284909038,204.2395,204.2589,24609.0,27279.0,Echolocation,Nyctalus leisleri,0.577,0.641,-1,192000.0,/mnt/ubna_data_04/recover-20241104/UBNA_025/20241030_021000.WAV,recover-20241104,UBNA_025,Central Pond
LF,25920.0,17.922477481116147,204.7405,204.7583,24609.0,26981.0,Echolocation,Nyctalus leisleri,0.651,0.701,-1,192000.0,/mnt/ubna_data_04/recover-20241104/UBNA_025/20241030_021000.WAV,recover-20241104,UBNA_025,Central Pond
LF,25920.0,5.250968487955655,204.8915,204.91,24609.0,27847.0,Echolocation,Nyctalus leisleri,0.464,0.544,-1,192000.0,/mnt/ubna_data_04/recover-20241104/UBNA_025/20241030_021000.WAV,recover-20241104,UBNA_025,Central Pond
LF,25920.0,15.645198245471796,205.1345,205.1532,24609.0,28029.0,Echolocation,Nyctalus leisleri,0.539,0.612,-1,192000.0,/mnt/ubna_data_04/recover-20241104/UBNA_025/20241030_021000.WAV,recover-20241104,UBNA_025,Central Pond
LF,25920.0,12.607848497126655,206.4795,206.4998,24609.0,27437.0,Echolocation,Nyctalus leisleri,0.479,0.54,-1,192000.0,/mnt/ubna_data_04/recover-20241104/UBNA_025/20241030_021000.WAV,recover-20241104,UBNA_025,Central Pond
LF,25920.0,11.781263832507618,206.7355,206.75560000000002,24609.0,27959.0,Echolocation,Nyctalus leisleri,0.463,0.538,-1,192000.0,/mnt/ubna_data_04/recover-20241104/UBNA_025/20241030_021000.WAV,recover-20241104,UBNA_025,Central Pond
LF,25920.0,12.273525636463905,208.4645,208.4823,23750.0,27617.0,Echolocation,Nyctalus leisleri,0.519,0.589,-1,192000.0,/mnt/ubna_data_04/recover-20241104/UBNA_025/20241030_021000.WAV,recover-20241104,UBNA_025,Central Pond
LF,24960.0,7.816707190763963,209.5775,209.5984,24609.0,27602.0,Echolocation,Nyctalus leisleri,0.451,0.519,-1,192000.0,/mnt/ubna_data_04/recover-20241104/UBNA_025/20241030_021000.WAV,recover-20241104,UBNA_025,Central Pond
LF,25920.0,7.815467383124425,127.7125,127.7284,25468.0,28535.0,Echolocation,Nyctalus leisleri,0.451,0.549,-1,192000.0,/mnt/ubna_data_04/recover-20241104/UBNA_025/20241030_041000.WAV,recover-20241104,UBNA_025,Central Pond
LF,27840.0,7.780588693892767,192.9735,192.9871,27187.0,31460.0,Echolocation,Nyctalus leisleri,0.44,0.533,-1,192000.0,/mnt/ubna_data_04/recover-20241104/UBNA_025/20241030_044000.WAV,recover-20241104,UBNA_025,Central Pond
LF,28800.0,4.51616210529136,194.2465,194.2602,27187.0,32852.0,Echolocation,Nyctalus leisleri,0.293,0.524,-1,192000.0,/mnt/ubna_data_04/recover-20241104/UBNA_025/20241030_044000.WAV,recover-20241104,UBNA_025,Central Pond
LF,26880.0,10.805675642583932,194.7305,194.7439,27187.0,31971.0,Echolocation,Nyctalus leisleri,0.446,0.584,-1,192000.0,/mnt/ubna_data_04/recover-20241104/UBNA_025/20241030_044000.WAV,recover-20241104,UBNA_025,Central Pond
LF,27840.0,9.436765685427257,194.9735,194.9861,26328.0,31819.0,Echolocation,Nyctalus leisleri,0.453,0.602,-1,192000.0,/mnt/ubna_data_04/recover-20241104/UBNA_025/20241030_044000.WAV,recover-20241104,UBNA_025,Central Pond
LF,26880.0,11.493643620657874,195.7035,195.7165,26328.0,35226.0,Echolocation,Eptesicus serotinus,0.329,0.549,-1,192000.0,/mnt/ubna_data_04/recover-20241104/UBNA_025/20241030_044000.WAV,recover-20241104,UBNA_025,Central Pond
LF,27840.0,12.598833415203162,195.9515,195.9647,26328.0,32904.0,Echolocation,Nyctalus leisleri,0.278,0.516,-1,192000.0,/mnt/ubna_data_04/recover-20241104/UBNA_025/20241030_044000.WAV,recover-20241104,UBNA_025,Central Pond
LF,27840.0,14.119616073544721,196.1765,196.1887,27187.0,33356.0,Echolocation,Nyctalus leisleri,0.417,0.603,-1,192000.0,/mnt/ubna_data_04/recover-20241104/UBNA_025/20241030_044000.WAV,recover-20241104,UBNA_025,Central Pond
LF,27840.0,21.73724993662286,196.7495,196.7649,26328.0,31162.0,Echolocation,Nyctalus leisleri,0.429,0.518,-1,192000.0,/mnt/ubna_data_04/recover-20241104/UBNA_025/20241030_044000.WAV,recover-20241104,UBNA_025,Central Pond
LF,27840.0,14.625172466097553,196.9955,197.0072,26328.0,33475.0,Echolocation,Nyctalus leisleri,0.381,0.669,-1,192000.0,/mnt/ubna_data_04/recover-20241104/UBNA_025/20241030_044000.WAV,recover-20241104,UBNA_025,Central Pond
LF,27840.0,22.43247609703634,197.2345,197.2472,27187.0,33219.0,Echolocation,Nyctalus leisleri,0.457,0.606,-1,192000.0,/mnt/ubna_data_04/recover-20241104/UBNA_025/20241030_044000.WAV,recover-20241104,UBNA_025,Central Pond
LF,26880.0,19.46379167537265,197.4885,197.5001,27187.0,32421.0,Echolocation,Nyctalus leisleri,0.534,0.675,-1,192000.0,/mnt/ubna_data_04/recover-20241104/UBNA_025/20241030_044000.WAV,recover-20241104,UBNA_025,Central Pond
LF,27840.0,25.01369552975782,197.7235,197.7365,26328.0,32828.0,Echolocation,Nyctalus leisleri,0.533,0.649,-1,192000.0,/mnt/ubna_data_04/recover-20241104/UBNA_025/20241030_044000.WAV,recover-20241104,UBNA_025,Central Pond
LF,28800.0,20.795500283433697,197.9645,197.9774,27187.0,35604.0,Echolocation,Nyctalus leisleri,0.397,0.681,-1,192000.0,/mnt/ubna_data_04/recover-20241104/UBNA_025/20241030_044000.WAV,recover-20241104,UBNA_025,Central Pond
LF,26880.0,17.19724266925231,198.2005,198.213,26328.0,32508.0,Echolocation,Nyctalus leisleri,0.385,0.634,-1,192000.0,/mnt/ubna_data_04/recover-20241104/UBNA_025/20241030_044000.WAV,recover-20241104,UBNA_025,Central Pond
LF,27840.0,27.983146928925223,198.5385,198.5517,26328.0,31568.0,Echolocation,Nyctalus leisleri,0.594,0.718,-1,192000.0,/mnt/ubna_data_04/recover-20241104/UBNA_025/20241030_044000.WAV,recover-20241104,UBNA_025,Central Pond
LF,26880.0,14.13971753333776,198.7725,198.7849,26328.0,32079.0,Echolocation,Nyctalus leisleri,0.463,0.646,-1,192000.0,/mnt/ubna_data_04/recover-20241104/UBNA_025/20241030_044000.WAV,recover-20241104,UBNA_025,Central Pond
LF,26880.0,11.20639140966846,199.0075,199.0208,25468.0,29286.0,Echolocation,Nyctalus leisleri,0.362,0.506,-1,192000.0,/mnt/ubna_data_04/recover-20241104/UBNA_025/20241030_044000.WAV,recover-20241104,UBNA_025,Central Pond
LF,27840.0,21.995238289285734,199.2425,199.2545,26328.0,32583.0,Echolocation,Nyctalus leisleri,0.458,0.666,-1,192000.0,/mnt/ubna_data_04/recover-20241104/UBNA_025/20241030_044000.WAV,recover-20241104,UBNA_025,Central Pond
LF,26880.0,19.975396841471195,199.8285,199.8415,26328.0,31516.0,Echolocation,Nyctalus leisleri,0.508,0.629,-1,192000.0,/mnt/ubna_data_04/recover-20241104/UBNA_025/20241030_044000.WAV,recover-20241104,UBNA_025,Central Pond
LF,26880.0,16.9000480468676,200.3115,200.3263,26328.0,31480.0,Echolocation,Nyctalus leisleri,0.366,0.526,-1,192000.0,/mnt/ubna_data_04/recover-20241104/UBNA_025/20241030_044000.WAV,recover-20241104,UBNA_025,Central Pond
LF,26880.0,16.3642110473579,200.9075,200.9233,26328.0,30684.0,Echolocation,Nyctalus leisleri,0.335,0.51,-1,192000.0,/mnt/ubna_data_04/recover-20241104/UBNA_025/20241030_044000.WAV,recover-20241104,UBNA_025,Central Pond
LF,25920.0,9.879903669226149,201.6475,201.6632,25468.0,30323.0,Echolocation,Nyctalus leisleri,0.454,0.581,-1,192000.0,/mnt/ubna_data_04/recover-20241104/UBNA_025/20241030_044000.WAV,recover-20241104,UBNA_025,Central Pond
LF,26880.0,5.947576642613729,203.7305,203.7419,26328.0,31240.0,Echolocation,Nyctalus leisleri,0.405,0.61,-1,192000.0,/mnt/ubna_data_04/recover-20241104/UBNA_025/20241030_044000.WAV,recover-20241104,UBNA_025,Central Pond
HF,54720.0,10.80246875074371,92.4055,92.4135,47812.0,66235.0,Echolocation,Pipistrellus pipistrellus,0.393,0.545,-1,192000.0,/mnt/ubna_data_04/recover-20241104/UBNA_025/20241102_025000.WAV,recover-20241104,UBNA_025,Central Pond
HF,52800.0,17.61120897544849,92.5505,92.5581,48671.0,68165.0,Echolocation,Pipistrellus pipistrellus,0.528,0.639,-1,192000.0,/mnt/ubna_data_04/recover-20241104/UBNA_025/20241102_025000.WAV,recover-20241104,UBNA_025,Central Pond
HF,55680.0,12.880070188879667,92.6245,92.6313,46953.0,68707.0,Echolocation,Pipistrellus pipistrellus,0.477,0.578,-1,192000.0,/mnt/ubna_data_04/recover-20241104/UBNA_025/20241102_025000.WAV,recover-20241104,UBNA_025,Central Pond
HF,52800.0,17.686450993867243,92.8215,92.8265,48671.0,63742.0,Echolocation,Pipistrellus pipistrellus,0.562,0.591,-1,192000.0,/mnt/ubna_data_04/recover-20241104/UBNA_025/20241102_025000.WAV,recover-20241104,UBNA_025,Central Pond
HF,52800.0,17.141833699765478,92.9485,92.958,47812.0,68255.0,Echolocation,Pipistrellus pipistrellus,0.436,0.564,-1,192000.0,/mnt/ubna_data_04/recover-20241104/UBNA_025/20241102_025000.WAV,recover-20241104,UBNA_025,Central Pond
HF,52800.0,13.769264392632062,93.0175,93.0253,46953.0,67465.0,Echolocation,Pipistrellus pipistrellus,0.487,0.603,-1,192000.0,/mnt/ubna_data_04/recover-20241104/UBNA_025/20241102_025000.WAV,recover-20241104,UBNA_025,Central Pond
HF,52800.0,9.379689553792973,93.2315,93.2414,46093.0,66296.0,Echolocation,Pipistrellus pipistrellus,0.432,0.598,-1,192000.0,/mnt/ubna_data_04/recover-20241104/UBNA_025/20241102_025000.WAV,recover-20241104,UBNA_025,Central Pond
HF,52800.0,19.046246561502574,93.3005,93.3084,46093.0,66599.0,Echolocation,Pipistrellus pipistrellus,0.303,0.518,-1,192000.0,/mnt/ubna_data_04/recover-20241104/UBNA_025/20241102_025000.WAV,recover-20241104,UBNA_025,Central Pond
HF,52800.0,15.71385903806927,93.3675,93.3751,45234.0,64998.0,Echolocation,Pipistrellus pipistrellus,0.352,0.639,-1,192000.0,/mnt/ubna_data_04/recover-20241104/UBNA_025/20241102_025000.WAV,recover-20241104,UBNA_025,Central Pond
HF,52800.0,19.39182878264585,93.4325,93.4411,46093.0,67958.0,Echolocation,Pipistrellus pipistrellus,0.386,0.558,-1,192000.0,/mnt/ubna_data_04/recover-20241104/UBNA_025/20241102_025000.WAV,recover-20241104,UBNA_025,Central Pond
HF,48000.0,14.420580888250736,93.7515,93.758,46953.0,64424.0,Echolocation,Pipistrellus pipistrellus,0.528,0.658,-1,192000.0,/mnt/ubna_data_04/recover-20241104/UBNA_025/20241102_025000.WAV,recover-20241104,UBNA_025,Central Pond
HF,52800.0,6.4017322378215145,93.8045,93.8097,47812.0,62327.0,Echolocation,Pipistrellus pipistrellus,0.572,0.601,-1,192000.0,/mnt/ubna_data_04/recover-20241104/UBNA_025/20241102_025000.WAV,recover-20241104,UBNA_025,Central Pond
HF,53760.0,12.115646738485747,94.62950000000001,94.6339,48671.0,64443.0,Echolocation,Pipistrellus pipistrellus,0.557,0.647,-1,192000.0,/mnt/ubna_data_04/recover-20241104/UBNA_025/20241102_025000.WAV,recover-20241104,UBNA_025,Central Pond
HF,48000.0,13.11024021015962,0.0775,0.0866,46093.0,63148.0,Echolocation,Pipistrellus pipistrellus,0.625,0.688,-1,192000.0,/mnt/ubna_data_04/recover-20241104/UBNA_025/20241102_045000.WAV,recover-20241104,UBNA_025,Central Pond
HF,47040.0,14.961230471958526,0.1645,0.1714,46093.0,60944.0,Echolocation,Pipistrellus pipistrellus,0.537,0.576,-1,192000.0,/mnt/ubna_data_04/recover-20241104/UBNA_025/20241102_045000.WAV,recover-20241104,UBNA_025,Central Pond
HF,47040.0,18.587844603655146,0.2605,0.2677,46953.0,61912.0,Echolocation,Pipistrellus pipistrellus,0.563,0.614,-1,192000.0,/mnt/ubna_data_04/recover-20241104/UBNA_025/20241102_045000.WAV,recover-20241104,UBNA_025,Central Pond
HF,48000.0,17.994644474499005,0.3535,0.3595,45234.0,63093.0,Echolocation,Pipistrellus pipistrellus,0.554,0.589,-1,192000.0,/mnt/ubna_data_04/recover-20241104/UBNA_025/20241102_045000.WAV,recover-20241104,UBNA_025,Central Pond
HF,47040.0,22.125956317983373,0.4515,0.4571,45234.0,65217.0,Echolocation,Pipistrellus pipistrellus,0.55,0.587,-1,192000.0,/mnt/ubna_data_04/recover-20241104/UBNA_025/20241102_045000.WAV,recover-20241104,UBNA_025,Central Pond
HF,47040.0,24.265281631000622,0.5515,0.5568,42656.0,69974.0,Echolocation,Pipistrellus pipistrellus,0.534,0.565,-1,192000.0,/mnt/ubna_data_04/recover-20241104/UBNA_025/20241102_045000.WAV,recover-20241104,UBNA_025,Central Pond
HF,47040.0,25.749575412583997,0.6565,0.6614,44375.0,65179.0,Echolocation,Pipistrellus pipistrellus,0.624,0.664,-1,192000.0,/mnt/ubna_data_04/recover-20241104/UBNA_025/20241102_045000.WAV,recover-20241104,UBNA_025,Central Pond
HF,46080.0,22.796148916113196,0.7495,0.7544,44375.0,65704.0,Echolocation,Pipistrellus pipistrellus,0.499,0.519,-1,192000.0,/mnt/ubna_data_04/recover-20241104/UBNA_025/20241102_045000.WAV,recover-20241104,UBNA_025,Central Pond
HF,48000.0,21.823052845011247,0.8555,0.8616,44375.0,68069.0,Echolocation,Pipistrellus pipistrellus,0.487,0.543,-1,192000.0,/mnt/ubna_data_04/recover-20241104/UBNA_025/20241102_045000.WAV,recover-20241104,UBNA_025,Central Pond
HF,47040.0,22.26421191697057,0.9455,0.9527,44375.0,68197.0,Echolocation,Pipistrellus pipistrellus,0.555,0.645,-1,192000.0,/mnt/ubna_data_04/recover-20241104/UBNA_025/20241102_045000.WAV,recover-20241104,UBNA_025,Central Pond
HF,47040.0,25.344772996792337,1.0525,1.0586,44375.0,68682.0,Echolocation,Pipistrellus pipistrellus,0.519,0.592,-1,192000.0,/mnt/ubna_data_04/recover-20241104/UBNA_025/20241102_045000.WAV,recover-20241104,UBNA_025,Central Pond
HF,47040.0,22.337034545685732,1.2455,1.2512,43515.0,65416.0,Echolocation,Pipistrellus pipistrellus,0.566,0.609,-1,192000.0,/mnt/ubna_data_04/recover-20241104/UBNA_025/20241102_045000.WAV,recover-20241104,UBNA_025,Central Pond
HF,48000.0,23.917652679650878,1.4305,1.4372,43515.0,63145.0,Echolocation,Pipistrellus pipistrellus,0.512,0.54,-1,192000.0,/mnt/ubna_data_04/recover-20241104/UBNA_025/20241102_045000.WAV,recover-20241104,UBNA_025,Central Pond
HF,46080.0,24.054633571231776,1.5235,1.529,43515.0,58206.0,Echolocation,Pipistrellus pipistrellus,0.524,0.537,-1,192000.0,/mnt/ubna_data_04/recover-20241104/UBNA_025/20241102_045000.WAV,recover-20241104,UBNA_025,Central Pond
HF,46080.0,28.50040303651712,1.6125,1.6196,45234.0,65824.0,Echolocation,Pipistrellus pipistrellus,0.56,0.612,-1,192000.0,/mnt/ubna_data_04/recover-20241104/UBNA_025/20241102_045000.WAV,recover-20241104,UBNA_025,Central Pond
HF,45120.0,26.15422143521971,1.9105,1.9161,43515.0,59351.0,Echolocation,Pipistrellus pipistrellus,0.534,0.544,-1,192000.0,/mnt/ubna_data_04/recover-20241104/UBNA_025/20241102_045000.WAV,recover-20241104,UBNA_025,Central Pond
HF,46080.0,20.911694313864842,2.0915,2.0986,43515.0,60811.0,Echolocation,Pipistrellus pipistrellus,0.394,0.557,-1,192000.0,/mnt/ubna_data_04/recover-20241104/UBNA_025/20241102_045000.WAV,recover-20241104,UBNA_025,Central Pond
HF,46080.0,24.32016722624695,2.1845,2.192,43515.0,63474.0,Echolocation,Pipistrellus pipistrellus,0.383,0.572,-1,192000.0,/mnt/ubna_data_04/recover-20241104/UBNA_025/20241102_045000.WAV,recover-20241104,UBNA_025,Central Pond
HF,46080.0,22.793519443659704,2.2795,2.2865,43515.0,59451.0,Echolocation,Pipistrellus pipistrellus,0.404,0.576,-1,192000.0,/mnt/ubna_data_04/recover-20241104/UBNA_025/20241102_045000.WAV,recover-20241104,UBNA_025,Central Pond
HF,46080.0,15.48962777769348,2.3805,2.3862,43515.0,60476.0,Echolocation,Pipistrellus pipistrellus,0.501,0.665,-1,192000.0,/mnt/ubna_data_04/recover-20241104/UBNA_025/20241102_045000.WAV,recover-20241104,UBNA_025,Central Pond
HF,46080.0,15.584651347113072,2.5605,2.5691,44375.0,62042.0,Echolocation,Pipistrellus pipistrellus,0.373,0.609,-1,192000.0,/mnt/ubna_data_04/recover-20241104/UBNA_025/20241102_045000.WAV,recover-20241104,UBNA_025,Central Pond
LF,26880.0,13.76543241577702,124.0495,124.0651,26328.0,29528.0,Echolocation,Nyctalus leisleri,0.596,0.67,-1,192000.0,/mnt/ubna_data_04/recover-20241104/UBNA_025/20241103_131000.WAV,recover-20241104,UBNA_025,Central Pond
LF,26880.0,11.813263505846606,124.3845,124.4026,26328.0,29325.0,Echolocation,Nyctalus leisleri,0.468,0.547,-1,192000.0,/mnt/ubna_data_04/recover-20241104/UBNA_025/20241103_131000.WAV,recover-20241104,UBNA_025,Central Pond
LF,26880.0,18.860885642682064,124.7165,124.7325,26328.0,29381.0,Echolocation,Nyctalus leisleri,0.609,0.678,-1,192000.0,/mnt/ubna_data_04/recover-20241104/UBNA_025/20241103_131000.WAV,recover-20241104,UBNA_025,Central Pond
LF,26880.0,17.824805126503193,124.9465,124.9627,26328.0,29821.0,Echolocation,Nyctalus leisleri,0.54,0.591,-1,192000.0,/mnt/ubna_data_04/recover-20241104/UBNA_025/20241103_131000.WAV,recover-20241104,UBNA_025,Central Pond
LF,27840.0,19.28915190230302,125.1675,125.1837,27187.0,30383.0,Echolocation,Nyctalus leisleri,0.328,0.511,-1,192000.0,/mnt/ubna_data_04/recover-20241104/UBNA_025/20241103_131000.WAV,recover-20241104,UBNA_025,Central Pond
LF,26880.0,24.181180144739113,125.3885,125.405,26328.0,28831.0,Echolocation,Nyctalus leisleri,0.698,0.735,-1,192000.0,/mnt/ubna_data_04/recover-20241104/UBNA_025/20241103_131000.WAV,recover-20241104,UBNA_025,Central Pond
LF,27840.0,23.336778568722337,125.6155,125.6328,26328.0,29219.0,Echolocation,Nyctalus leisleri,0.671,0.724,-1,192000.0,/mnt/ubna_data_04/recover-20241104/UBNA_025/20241103_131000.WAV,recover-20241104,UBNA_025,Central Pond
LF,26880.0,26.020857981620495,125.9515,125.9699,26328.0,29694.0,Echolocation,Nyctalus leisleri,0.547,0.595,-1,192000.0,/mnt/ubna_data_04/recover-20241104/UBNA_025/20241103_131000.WAV,recover-20241104,UBNA_025,Central Pond
LF,26880.0,25.060517534791696,126.2805,126.2974,26328.0,29528.0,Echolocation,Nyctalus leisleri,0.575,0.629,-1,192000.0,/mnt/ubna_data_04/recover-20241104/UBNA_025/20241103_131000.WAV,recover-20241104,UBNA_025,Central Pond
LF,26880.0,28.89682220019249,126.6115,126.6272,26328.0,29582.0,Echolocation,Nyctalus leisleri,0.595,0.642,-1,192000.0,/mnt/ubna_data_04/recover-20241104/UBNA_025/20241103_131000.WAV,recover-20241104,UBNA_025,Central Pond
LF,27840.0,21.02573315071224,126.8165,126.8332,27187.0,31148.0,Echolocation,Nyctalus leisleri,0.343,0.543,-1,192000.0,/mnt/ubna_data_04/recover-20241104/UBNA_025/20241103_131000.WAV,recover-20241104,UBNA_025,Central Pond
LF,27840.0,30.229728890304884,127.0415,127.0568,26328.0,31159.0,Echolocation,Nyctalus leisleri,0.535,0.596,-1,192000.0,/mnt/ubna_data_04/recover-20241104/UBNA_025/20241103_131000.WAV,recover-20241104,UBNA_025,Central Pond
LF,26880.0,31.373662494570127,127.3575,127.3731,26328.0,29947.0,Echolocation,Nyctalus leisleri,0.575,0.628,-1,192000.0,/mnt/ubna_data_04/recover-20241104/UBNA_025/20241103_131000.WAV,recover-20241104,UBNA_025,Central Pond
LF,27840.0,38.69114558333625,127.6725,127.6889,26328.0,29798.0,Echolocation,Nyctalus leisleri,0.64,0.693,-1,192000.0,/mnt/ubna_data_04/recover-20241104/UBNA_025/20241103_131000.WAV,recover-20241104,UBNA_025,Central Pond
LF,26880.0,38.91689008000742,128.2245,128.2415,26328.0,29318.0,Echolocation,Nyctalus leisleri,0.609,0.653,-1,192000.0,/mnt/ubna_data_04/recover-20241104/UBNA_025/20241103_131000.WAV,recover-20241104,UBNA_025,Central Pond
LF,27840.0,45.24423437435773,128.4455,128.4627,26328.0,29705.0,Echolocation,Nyctalus leisleri,0.56,0.637,-1,192000.0,/mnt/ubna_data_04/recover-20241104/UBNA_025/20241103_131000.WAV,recover-20241104,UBNA_025,Central Pond
LF,27840.0,40.617631729739294,128.9855,129.0017,26328.0,30691.0,Echolocation,Nyctalus leisleri,0.59,0.646,-1,192000.0,/mnt/ubna_data_04/recover-20241104/UBNA_025/20241103_131000.WAV,recover-20241104,UBNA_025,Central Pond
LF,26880.0,38.149081936632854,129.2105,129.2252,26328.0,29847.0,Echolocation,Nyctalus leisleri,0.617,0.693,-1,192000.0,/mnt/ubna_data_04/recover-20241104/UBNA_025/20241103_131000.WAV,recover-20241104,UBNA_025,Central Pond
LF,27840.0,39.20408944598504,129.4295,129.4438,26328.0,31232.0,Echolocation,Nyctalus leisleri,0.607,0.697,-1,192000.0,/mnt/ubna_data_04/recover-20241104/UBNA_025/20241103_131000.WAV,recover-20241104,UBNA_025,Central Pond
LF,26880.0,28.54179189606861,129.6505,129.66649999999998,26328.0,31290.0,Echolocation,Nyctalus leisleri,0.488,0.563,-1,192000.0,/mnt/ubna_data_04/recover-20241104/UBNA_025/20241103_131000.WAV,recover-20241104,UBNA_025,Central Pond
LF,27840.0,36.339665168919325,129.8735,129.88909999999998,26328.0,30227.0,Echolocation,Nyctalus leisleri,0.62,0.679,-1,192000.0,/mnt/ubna_data_04/recover-20241104/UBNA_025/20241103_131000.WAV,recover-20241104,UBNA_025,Central Pond
LF,26880.0,23.772810111618853,130.1005,130.1172,26328.0,29918.0,Echolocation,Nyctalus leisleri,0.423,0.506,-1,192000.0,/mnt/ubna_data_04/recover-20241104/UBNA_025/20241103_131000.WAV,recover-20241104,UBNA_025,Central Pond
LF,26880.0,34.64846321805215,130.32150000000001,130.3372,26328.0,29690.0,Echolocation,Nyctalus leisleri,0.601,0.655,-1,192000.0,/mnt/ubna_data_04/recover-20241104/UBNA_025/20241103_131000.WAV,recover-20241104,UBNA_025,Central Pond
LF,26880.0,21.639776619019848,130.5505,130.5676,26328.0,29562.0,Echolocation,Nyctalus leisleri,0.458,0.522,-1,192000.0,/mnt/ubna_data_04/recover-20241104/UBNA_025/20241103_131000.WAV,recover-20241104,UBNA_025,Central Pond
LF,26880.0,17.476773329713833,132.0105,132.0255,26328.0,31132.0,Echolocation,Nyctalus leisleri,0.397,0.511,-1,192000.0,/mnt/ubna_data_04/recover-20241104/UBNA_025/20241103_131000.WAV,recover-20241104,UBNA_025,Central Pond
LF,26880.0,14.946702600265372,132.3615,132.3766,26328.0,31334.0,Echolocation,Nyctalus leisleri,0.398,0.522,-1,192000.0,/mnt/ubna_data_04/recover-20241104/UBNA_025/20241103_131000.WAV,recover-20241104,UBNA_025,Central Pond
LF,26880.0,16.25307385890086,132.8345,132.8495,26328.0,29930.0,Echolocation,Nyctalus leisleri,0.381,0.504,-1,192000.0,/mnt/ubna_data_04/recover-20241104/UBNA_025/20241103_131000.WAV,recover-20241104,UBNA_025,Central Pond
LF,26880.0,5.494604422092378,133.1645,133.1797,26328.0,29832.0,Echolocation,Nyctalus leisleri,0.407,0.507,-1,192000.0,/mnt/ubna_data_04/recover-20241104/UBNA_025/20241103_131000.WAV,recover-20241104,UBNA_025,Central Pond
LF,24000.0,6.776637581178365,8.7905,8.8022,23750.0,29863.0,Echolocation,Nyctalus leisleri,0.408,0.649,-1,192000.0,/mnt/ubna_data_04/recover-20241104/UBNA_025/20241104_014000.WAV,recover-20241104,UBNA_025,Central Pond
LF,23040.0,7.340794911712716,9.7345,9.7497,22890.0,25712.0,Echolocation,Nyctalus leisleri,0.564,0.588,-1,192000.0,/mnt/ubna_data_04/recover-20241104/UBNA_025/20241104_014000.WAV,recover-20241104,UBNA_025,Central Pond
LF,25920.0,4.5718218763383565,10.3335,10.3463,24609.0,30036.0,Echolocation,Nyctalus leisleri,0.218,0.553,-1,192000.0,/mnt/ubna_data_04/recover-20241104/UBNA_025/20241104_014000.WAV,recover-20241104,UBNA_025,Central Pond
LF,26880.0,5.3745147048836035,68.8815,68.8952,26328.0,29974.0,Echolocation,Nyctalus leisleri,0.471,0.607,-1,192000.0,/mnt/ubna_data_04/recover-20241104/UBNA_025/20241104_015000.WAV,recover-20241104,UBNA_025,Central Pond
LF,25920.0,7.964820217831054,70.0215,70.0367,25468.0,28724.0,Echolocation,Nyctalus leisleri,0.499,0.614,-1,192000.0,/mnt/ubna_data_04/recover-20241104/UBNA_025/20241104_015000.WAV,recover-20241104,UBNA_025,Central Pond
LF,26880.0,9.96945139805192,70.6985,70.7152,25468.0,29212.0,Echolocation,Nyctalus leisleri,0.477,0.555,-1,192000.0,/mnt/ubna_data_04/recover-20241104/UBNA_025/20241104_015000.WAV,recover-20241104,UBNA_025,Central Pond
LF,26880.0,15.14892434700188,70.9525,70.9672,26328.0,29872.0,Echolocation,Nyctalus leisleri,0.486,0.602,-1,192000.0,/mnt/ubna_data_04/recover-20241104/UBNA_025/20241104_015000.WAV,recover-20241104,UBNA_025,Central Pond
LF,26880.0,12.398140937483888,71.1985,71.2154,26328.0,29973.0,Echolocation,Nyctalus leisleri,0.465,0.541,-1,192000.0,/mnt/ubna_data_04/recover-20241104/UBNA_025/20241104_015000.WAV,recover-20241104,UBNA_025,Central Pond
LF,25920.0,11.235145039754844,71.5185,71.5378,25468.0,28819.0,Echolocation,Nyctalus leisleri,0.443,0.52,-1,192000.0,/mnt/ubna_data_04/recover-20241104/UBNA_025/20241104_015000.WAV,recover-20241104,UBNA_025,Central Pond
LF,25920.0,15.689491060694367,71.8725,71.8872,25468.0,29264.0,Echolocation,Nyctalus leisleri,0.456,0.521,-1,192000.0,/mnt/ubna_data_04/recover-20241104/UBNA_025/20241104_015000.WAV,recover-20241104,UBNA_025,Central Pond
LF,26880.0,18.855600222455443,72.4355,72.4519,25468.0,29485.0,Echolocation,Nyctalus leisleri,0.492,0.567,-1,192000.0,/mnt/ubna_data_04/recover-20241104/UBNA_025/20241104_015000.WAV,recover-20241104,UBNA_025,Central Pond
LF,26880.0,24.00435003430138,72.7785,72.7934,25468.0,29146.0,Echolocation,Nyctalus leisleri,0.581,0.683,-1,192000.0,/mnt/ubna_data_04/recover-20241104/UBNA_025/20241104_015000.WAV,recover-20241104,UBNA_025,Central Pond
LF,26880.0,21.729681047921964,73.1165,73.1326,25468.0,28709.0,Echolocation,Nyctalus leisleri,0.65,0.715,-1,192000.0,/mnt/ubna_data_04/recover-20241104/UBNA_025/20241104_015000.WAV,recover-20241104,UBNA_025,Central Pond
LF,26880.0,23.646591189441835,73.4545,73.47409999999999,25468.0,28987.0,Echolocation,Nyctalus leisleri,0.439,0.505,-1,192000.0,/mnt/ubna_data_04/recover-20241104/UBNA_025/20241104_015000.WAV,recover-20241104,UBNA_025,Central Pond
LF,25920.0,26.661369066687072,73.7985,73.8137,25468.0,29025.0,Echolocation,Nyctalus leisleri,0.585,0.649,-1,192000.0,/mnt/ubna_data_04/recover-20241104/UBNA_025/20241104_015000.WAV,recover-20241104,UBNA_025,Central Pond
LF,25920.0,19.00853209934996,74.0335,74.05369999999999,24609.0,28663.0,Echolocation,Nyctalus leisleri,0.411,0.503,-1,192000.0,/mnt/ubna_data_04/recover-20241104/UBNA_025/20241104_015000.WAV,recover-20241104,UBNA_025,Central Pond
LF,26880.0,36.27223571807041,74.6105,74.6263,25468.0,28805.0,Echolocation,Nyctalus leisleri,0.539,0.597,-1,192000.0,/mnt/ubna_data_04/recover-20241104/UBNA_025/20241104_015000.WAV,recover-20241104,UBNA_025,Central Pond
LF,26880.0,29.980772662890452,75.0595,75.0742,25468.0,29294.0,Echolocation,Nyctalus leisleri,0.548,0.598,-1,192000.0,/mnt/ubna_data_04/recover-20241104/UBNA_025/20241104_015000.WAV,recover-20241104,UBNA_025,Central Pond
LF,26880.0,36.39686207304179,75.4245,75.44030000000001,25468.0,27631.0,Echolocation,Nyctalus leisleri,0.568,0.633,-1,192000.0,/mnt/ubna_data_04/recover-20241104/UBNA_025/20241104_015000.WAV,recover-20241104,UBNA_025,Central Pond
LF,26880.0,41.52025613292311,75.7805,75.7969,25468.0,28019.0,Echolocation,Nyctalus leisleri,0.778,0.81,-1,192000.0,/mnt/ubna_data_04/recover-20241104/UBNA_025/20241104_015000.WAV,recover-20241104,UBNA_025,Central Pond
LF,26880.0,34.60132267182514,76.0335,76.048,26328.0,29057.0,Echolocation,Nyctalus leisleri,0.543,0.658,-1,192000.0,/mnt/ubna_data_04/recover-20241104/UBNA_025/20241104_015000.WAV,recover-20241104,UBNA_025,Central Pond
LF,26880.0,35.033635457440305,76.2685,76.2831,25468.0,31247.0,Echolocation,Nyctalus leisleri,0.502,0.608,-1,192000.0,/mnt/ubna_data_04/recover-20241104/UBNA_025/20241104_015000.WAV,recover-20241104,UBNA_025,Central Pond
LF,26880.0,36.63288967820817,77.0445,77.0604,25468.0,28999.0,Echolocation,Nyctalus leisleri,0.513,0.559,-1,192000.0,/mnt/ubna_data_04/recover-20241104/UBNA_025/20241104_015000.WAV,recover-20241104,UBNA_025,Central Pond
LF,25920.0,23.950310285355854,77.3875,77.4027,24609.0,30139.0,Echolocation,Nyctalus leisleri,0.435,0.53,-1,192000.0,/mnt/ubna_data_04/recover-20241104/UBNA_025/20241104_015000.WAV,recover-20241104,UBNA_025,Central Pond
LF,26880.0,27.14781852812947,77.7255,77.7403,25468.0,29762.0,Echolocation,Nyctalus leisleri,0.538,0.611,-1,192000.0,/mnt/ubna_data_04/recover-20241104/UBNA_025/20241104_015000.WAV,recover-20241104,UBNA_025,Central Pond
LF,25920.0,24.569754091996195,78.04650000000001,78.0582,26328.0,33733.0,Echolocation,Nyctalus leisleri,0.368,0.639,-1,192000.0,/mnt/ubna_data_04/recover-20241104/UBNA_025/20241104_015000.WAV,recover-20241104,UBNA_025,Central Pond
LF,26880.0,16.918019047201863,78.3885,78.4016,25468.0,31955.0,Echolocation,Nyctalus leisleri,0.399,0.57,-1,192000.0,/mnt/ubna_data_04/recover-20241104/UBNA_025/20241104_015000.WAV,recover-20241104,UBNA_025,Central Pond
LF,26880.0,16.4881718990547,78.60849999999999,78.62049999999999,26328.0,32856.0,Echolocation,Nyctalus leisleri,0.509,0.648,-1,192000.0,/mnt/ubna_data_04/recover-20241104/UBNA_025/20241104_015000.WAV,recover-20241104,UBNA_025,Central Pond
LF,26880.0,17.256127488275375,78.8155,78.8275,26328.0,33263.0,Echolocation,Nyctalus leisleri,0.503,0.671,-1,192000.0,/mnt/ubna_data_04/recover-20241104/UBNA_025/20241104_015000.WAV,recover-20241104,UBNA_025,Central Pond
LF,26880.0,15.953290015709221,79.03450000000001,79.0444,26328.0,36102.0,Echolocation,Nyctalus leisleri,0.419,0.685,-1,192000.0,/mnt/ubna_data_04/recover-20241104/UBNA_025/20241104_015000.WAV,recover-20241104,UBNA_025,Central Pond
LF,26880.0,11.196752871529181,79.2655,79.2758,26328.0,33505.0,Echolocation,Nyctalus leisleri,0.413,0.62,-1,192000.0,/mnt/ubna_data_04/recover-20241104/UBNA_025/20241104_015000.WAV,recover-20241104,UBNA_025,Central Pond
LF,26880.0,7.550679733390449,79.4945,79.5062,26328.0,33721.0,Echolocation,Eptesicus serotinus,0.303,0.512,-1,192000.0,/mnt/ubna_data_04/recover-20241104/UBNA_025/20241104_015000.WAV,recover-20241104,UBNA_025,Central Pond
LF,26880.0,5.109747139080221,81.3745,81.3847,26328.0,32996.0,Echolocation,Nyctalus leisleri,0.315,0.624,-1,192000.0,/mnt/ubna_data_04/recover-20241104/UBNA_025/20241104_015000.WAV,recover-20241104,UBNA_025,Central Pond
LF,27840.0,11.584328087008387,183.1195,183.1324,27187.0,33130.0,Echolocation,Nyctalus leisleri,0.365,0.597,-1,192000.0,/mnt/ubna_data_04/recover-20241104/UBNA_025/20241104_023000.WAV,recover-20241104,UBNA_025,Central Pond
LF,26880.0,14.273299297885405,183.3465,183.3593,26328.0,34549.0,Echolocation,Nyctalus leisleri,0.294,0.621,-1,192000.0,/mnt/ubna_data_04/recover-20241104/UBNA_025/20241104_023000.WAV,recover-20241104,UBNA_025,Central Pond
LF,26880.0,13.825219220633134,183.5135,183.5266,25468.0,34376.0,Echolocation,Eptesicus serotinus,0.34,0.648,-1,192000.0,/mnt/ubna_data_04/recover-20241104/UBNA_025/20241104_023000.WAV,recover-20241104,UBNA_025,Central Pond
LF,26880.0,22.599363150498565,183.7195,183.7337,25468.0,31156.0,Echolocation,Nyctalus leisleri,0.537,0.683,-1,192000.0,/mnt/ubna_data_04/recover-20241104/UBNA_025/20241104_023000.WAV,recover-20241104,UBNA_025,Central Pond
LF,26880.0,26.501846939770317,183.9585,183.9722,25468.0,31360.0,Echolocation,Nyctalus leisleri,0.541,0.645,-1,192000.0,/mnt/ubna_data_04/recover-20241104/UBNA_025/20241104_023000.WAV,recover-20241104,UBNA_025,Central Pond
LF,25920.0,22.737605156000523,184.1995,184.2141,24609.0,32631.0,Echolocation,Eptesicus serotinus,0.287,0.614,-1,192000.0,/mnt/ubna_data_04/recover-20241104/UBNA_025/20241104_023000.WAV,recover-20241104,UBNA_025,Central Pond
LF,26880.0,34.103841090414335,184.4445,184.4596,25468.0,29418.0,Echolocation,Nyctalus leisleri,0.469,0.629,-1,192000.0,/mnt/ubna_data_04/recover-20241104/UBNA_025/20241104_023000.WAV,recover-20241104,UBNA_025,Central Pond
LF,27840.0,28.93041957811683,184.6915,184.7081,25468.0,32134.0,Echolocation,Nyctalus leisleri,0.332,0.566,-1,192000.0,/mnt/ubna_data_04/recover-20241104/UBNA_025/20241104_023000.WAV,recover-20241104,UBNA_025,Central Pond
LF,26880.0,29.40337770049012,184.9205,184.935,25468.0,36458.0,Echolocation,Nyctalus leisleri,0.326,0.609,-1,192000.0,/mnt/ubna_data_04/recover-20241104/UBNA_025/20241104_023000.WAV,recover-20241104,UBNA_025,Central Pond
LF,26880.0,29.027038119104986,185.1625,185.1773,25468.0,30927.0,Echolocation,Nyctalus leisleri,0.407,0.598,-1,192000.0,/mnt/ubna_data_04/recover-20241104/UBNA_025/20241104_023000.WAV,recover-20241104,UBNA_025,Central Pond
LF,26880.0,38.73544126441595,185.4195,185.4348,24609.0,29779.0,Echolocation,Nyctalus leisleri,0.675,0.73,-1,192000.0,/mnt/ubna_data_04/recover-20241104/UBNA_025/20241104_023000.WAV,recover-20241104,UBNA_025,Central Pond
LF,25920.0,25.06443104058023,185.6735,185.6886,24609.0,32299.0,Echolocation,Nyctalus leisleri,0.341,0.64,-1,192000.0,/mnt/ubna_data_04/recover-20241104/UBNA_025/20241104_023000.WAV,recover-20241104,UBNA_025,Central Pond
LF,26880.0,37.67406233255467,186.0475,186.0646,24609.0,29016.0,Echolocation,Nyctalus leisleri,0.601,0.667,-1,192000.0,/mnt/ubna_data_04/recover-20241104/UBNA_025/20241104_023000.WAV,recover-20241104,UBNA_025,Central Pond
LF,26880.0,35.035361804887636,186.2965,186.3143,25468.0,33061.0,Echolocation,Nyctalus leisleri,0.297,0.517,-1,192000.0,/mnt/ubna_data_04/recover-20241104/UBNA_025/20241104_023000.WAV,recover-20241104,UBNA_025,Central Pond
LF,25920.0,20.501395599493385,186.5435,186.5602,24609.0,30747.0,Echolocation,Nyctalus leisleri,0.293,0.52,-1,192000.0,/mnt/ubna_data_04/recover-20241104/UBNA_025/20241104_023000.WAV,recover-20241104,UBNA_025,Central Pond
LF,25920.0,33.3922767690266,186.7785,186.7957,24609.0,29634.0,Echolocation,Nyctalus leisleri,0.516,0.599,-1,192000.0,/mnt/ubna_data_04/recover-20241104/UBNA_025/20241104_023000.WAV,recover-20241104,UBNA_025,Central Pond
LF,26880.0,26.49830650802329,187.0255,187.0422,24609.0,31909.0,Echolocation,Nyctalus leisleri,0.324,0.564,-1,192000.0,/mnt/ubna_data_04/recover-20241104/UBNA_025/20241104_023000.WAV,recover-20241104,UBNA_025,Central Pond
LF,25920.0,16.366921026195996,187.2645,187.2802,24609.0,30859.0,Echolocation,Nyctalus leisleri,0.336,0.587,-1,192000.0,/mnt/ubna_data_04/recover-20241104/UBNA_025/20241104_023000.WAV,recover-20241104,UBNA_025,Central Pond
LF,25920.0,23.28194881169855,187.5195,187.5346,24609.0,30808.0,Echolocation,Nyctalus leisleri,0.374,0.628,-1,192000.0,/mnt/ubna_data_04/recover-20241104/UBNA_025/20241104_023000.WAV,recover-20241104,UBNA_025,Central Pond
LF,25920.0,14.418214212027893,187.7655,187.783,24609.0,28502.0,Echolocation,Nyctalus leisleri,0.44,0.573,-1,192000.0,/mnt/ubna_data_04/recover-20241104/UBNA_025/20241104_023000.WAV,recover-20241104,UBNA_025,Central Pond
LF,26880.0,20.544779606899542,188.0095,188.023,24609.0,31603.0,Echolocation,Nyctalus leisleri,0.448,0.651,-1,192000.0,/mnt/ubna_data_04/recover-20241104/UBNA_025/20241104_023000.WAV,recover-20241104,UBNA_025,Central Pond
LF,25920.0,17.864483252402596,188.4975,188.5139,24609.0,29450.0,Echolocation,Nyctalus leisleri,0.451,0.574,-1,192000.0,/mnt/ubna_data_04/recover-20241104/UBNA_025/20241104_023000.WAV,recover-20241104,UBNA_025,Central Pond
HF,47040.0,7.140424966184482,21.4125,21.4206,46093.0,55111.0,Echolocation,Pipistrellus pipistrellus,0.507,0.564,-1,192000.0,/mnt/ubna_data_04/recover-20241104/UBNA_025/20241104_034000.WAV,recover-20241104,UBNA_025,Central Pond
HF,45120.0,7.879034206581591,21.7665,21.7755,43515.0,59850.0,Echolocation,Pipistrellus pipistrellus,0.318,0.553,-1,192000.0,/mnt/ubna_data_04/recover-20241104/UBNA_025/20241104_034000.WAV,recover-20241104,UBNA_025,Central Pond
HF,46080.0,12.1529198994251,22.0285,22.0343,44375.0,56553.0,Echolocation,Pipistrellus pipistrellus,0.628,0.656,-1,192000.0,/mnt/ubna_data_04/recover-20241104/UBNA_025/20241104_034000.WAV,recover-20241104,UBNA_025,Central Pond
HF,47040.0,12.458809472224077,22.2115,22.2202,45234.0,58764.0,Echolocation,Pipistrellus pipistrellus,0.524,0.592,-1,192000.0,/mnt/ubna_data_04/recover-20241104/UBNA_025/20241104_034000.WAV,recover-20241104,UBNA_025,Central Pond
HF,47040.0,9.112118639827333,22.4035,22.41,45234.0,60322.0,Echolocation,Pipistrellus pipistrellus,0.476,0.539,-1,192000.0,/mnt/ubna_data_04/recover-20241104/UBNA_025/20241104_034000.WAV,recover-20241104,UBNA_025,Central Pond
HF,46080.0,14.042194506189617,22.4755,22.4846,46093.0,61719.0,Echolocation,Pipistrellus pipistrellus,0.449,0.614,-1,192000.0,/mnt/ubna_data_04/recover-20241104/UBNA_025/20241104_034000.WAV,recover-20241104,UBNA_025,Central Pond
HF,47040.0,12.744638783665089,22.5545,22.5609,44375.0,58460.0,Echolocation,Pipistrellus pipistrellus,0.555,0.6,-1,192000.0,/mnt/ubna_data_04/recover-20241104/UBNA_025/20241104_034000.WAV,recover-20241104,UBNA_025,Central Pond
HF,48000.0,9.566669374503318,22.7505,22.7581,44375.0,57402.0,Echolocation,Pipistrellus pipistrellus,0.516,0.575,-1,192000.0,/mnt/ubna_data_04/recover-20241104/UBNA_025/20241104_034000.WAV,recover-20241104,UBNA_025,Central Pond
HF,48000.0,11.730479284292555,22.8165,22.8242,44375.0,66617.0,Echolocation,Pipistrellus pipistrellus,0.329,0.564,-1,192000.0,/mnt/ubna_data_04/recover-20241104/UBNA_025/20241104_034000.WAV,recover-20241104,UBNA_025,Central Pond
HF,48000.0,13.108621535987549,22.8975,22.9048,44375.0,62354.0,Echolocation,Pipistrellus pipistrellus,0.517,0.635,-1,192000.0,/mnt/ubna_data_04/recover-20241104/UBNA_025/20241104_034000.WAV,recover-20241104,UBNA_025,Central Pond
HF,48000.0,16.943350989931805,22.9865,22.9935,44375.0,65073.0,Echolocation,Pipistrellus pipistrellus,0.435,0.559,-1,192000.0,/mnt/ubna_data_04/recover-20241104/UBNA_025/20241104_034000.WAV,recover-20241104,UBNA_025,Central Pond
HF,48000.0,21.236503027656568,23.0765,23.0822,42656.0,61969.0,Echolocation,Pipistrellus pipistrellus,0.615,0.653,-1,192000.0,/mnt/ubna_data_04/recover-20241104/UBNA_025/20241104_034000.WAV,recover-20241104,UBNA_025,Central Pond
HF,48000.0,21.228275703192914,23.1635,23.1689,42656.0,67423.0,Echolocation,Pipistrellus pipistrellus,0.449,0.523,-1,192000.0,/mnt/ubna_data_04/recover-20241104/UBNA_025/20241104_034000.WAV,recover-20241104,UBNA_025,Central Pond
HF,47040.0,22.544107881414508,23.2325,23.2378,42656.0,68082.0,Echolocation,Pipistrellus pipistrellus,0.572,0.633,-1,192000.0,/mnt/ubna_data_04/recover-20241104/UBNA_025/20241104_034000.WAV,recover-20241104,UBNA_025,Central Pond
HF,46080.0,22.314216140943685,23.2965,23.3036,42656.0,74445.0,Echolocation,Pipistrellus pipistrellus,0.571,0.654,-1,192000.0,/mnt/ubna_data_04/recover-20241104/UBNA_025/20241104_034000.WAV,recover-20241104,UBNA_025,Central Pond
HF,51840.0,18.915536920792587,23.3565,23.3623,43515.0,69202.0,Echolocation,Pipistrellus pipistrellus,0.47,0.554,-1,192000.0,/mnt/ubna_data_04/recover-20241104/UBNA_025/20241104_034000.WAV,recover-20241104,UBNA_025,Central Pond
HF,48960.0,14.177355369042298,23.4255,23.4321,44375.0,65150.0,Echolocation,Pipistrellus pipistrellus,0.506,0.624,-1,192000.0,/mnt/ubna_data_04/recover-20241104/UBNA_025/20241104_034000.WAV,recover-20241104,UBNA_025,Central Pond
HF,51840.0,13.763502747674679,23.4915,23.496,44375.0,60047.0,Echolocation,Pipistrellus pipistrellus,0.508,0.572,-1,192000.0,/mnt/ubna_data_04/recover-20241104/UBNA_025/20241104_034000.WAV,recover-20241104,UBNA_025,Central Pond
HF,47040.0,5.105649556309268,24.3605,24.3684,44375.0,57411.0,Echolocation,Pipistrellus pipistrellus,0.445,0.547,-1,192000.0,/mnt/ubna_data_04/recover-20241104/UBNA_025/20241104_034000.WAV,recover-20241104,UBNA_025,Central Pond
HF,46080.0,9.898589037405554,24.5445,24.5498,44375.0,58601.0,Echolocation,Pipistrellus pipistrellus,0.421,0.555,-1,192000.0,/mnt/ubna_data_04/recover-20241104/UBNA_025/20241104_034000.WAV,recover-20241104,UBNA_025,Central Pond
HF,51840.0,18.10638505146509,24.7335,24.739,43515.0,65855.0,Echolocation,Pipistrellus pipistrellus,0.401,0.584,-1,192000.0,/mnt/ubna_data_04/recover-20241104/UBNA_025/20241104_034000.WAV,recover-20241104,UBNA_025,Central Pond
HF,48000.0,13.898216492794466,24.8275,24.834,42656.0,62586.0,Echolocation,Pipistrellus pipistrellus,0.213,0.556,-1,192000.0,/mnt/ubna_data_04/recover-20241104/UBNA_025/20241104_034000.WAV,recover-20241104,UBNA_025,Central Pond
HF,47040.0,17.008014204217613,25.1025,25.1093,42656.0,68414.0,Echolocation,Pipistrellus pipistrellus,0.186,0.554,-1,192000.0,/mnt/ubna_data_04/recover-20241104/UBNA_025/20241104_034000.WAV,recover-20241104,UBNA_025,Central Pond
HF,47040.0,28.873699353799054,25.1915,25.1976,41796.0,76855.0,Echolocation,Pipistrellus pipistrellus,0.412,0.529,-1,192000.0,/mnt/ubna_data_04/recover-20241104/UBNA_025/20241104_034000.WAV,recover-20241104,UBNA_025,Central Pond
HF,47040.0,29.04499900867156,25.2815,25.2872,41796.0,69535.0,Echolocation,Pipistrellus pipistrellus,0.313,0.514,-1,192000.0,/mnt/ubna_data_04/recover-20241104/UBNA_025/20241104_034000.WAV,recover-20241104,UBNA_025,Central Pond
HF,48000.0,30.523210098589004,25.3715,25.3765,43515.0,68471.0,Echolocation,Pipistrellus pipistrellus,0.502,0.573,-1,192000.0,/mnt/ubna_data_04/recover-20241104/UBNA_025/20241104_034000.WAV,recover-20241104,UBNA_025,Central Pond
HF,47040.0,23.227505868760336,25.5575,25.5631,44375.0,64421.0,Echolocation,Pipistrellus pipistrellus,0.492,0.607,-1,192000.0,/mnt/ubna_data_04/recover-20241104/UBNA_025/20241104_034000.WAV,recover-20241104,UBNA_025,Central Pond
HF,46080.0,23.735785301860844,25.7335,25.739,40078.0,65981.0,Echolocation,Myotis daubentonii,0.158,0.504,-1,192000.0,/mnt/ubna_data_04/recover-20241104/UBNA_025/20241104_034000.WAV,recover-20241104,UBNA_025,Central Pond
HF,47040.0,25.992699025220517,25.9145,25.9215,43515.0,69107.0,Echolocation,Pipistrellus pipistrellus,0.279,0.53,-1,192000.0,/mnt/ubna_data_04/recover-20241104/UBNA_025/20241104_034000.WAV,recover-20241104,UBNA_025,Central Pond
HF,48960.0,26.19835406105715,26.1515,26.1565,43515.0,66752.0,Echolocation,Pipistrellus pipistrellus,0.534,0.671,-1,192000.0,/mnt/ubna_data_04/recover-20241104/UBNA_025/20241104_034000.WAV,recover-20241104,UBNA_025,Central Pond
HF,45120.0,15.067066806163044,26.2445,26.25,41796.0,61781.0,Echolocation,Pipistrellus pipistrellus,0.247,0.516,-1,192000.0,/mnt/ubna_data_04/recover-20241104/UBNA_025/20241104_034000.WAV,recover-20241104,UBNA_025,Central Pond
HF,46080.0,20.852403480496168,26.3395,26.3457,43515.0,64351.0,Echolocation,Pipistrellus pipistrellus,0.536,0.64,-1,192000.0,/mnt/ubna_data_04/recover-20241104/UBNA_025/20241104_034000.WAV,recover-20241104,UBNA_025,Central Pond
HF,47040.0,15.981881307624795,26.6965,26.7033,44375.0,61690.0,Echolocation,Pipistrellus pipistrellus,0.392,0.614,-1,192000.0,/mnt/ubna_data_04/recover-20241104/UBNA_025/20241104_034000.WAV,recover-20241104,UBNA_025,Central Pond
HF,46080.0,22.324161053333178,26.7875,26.793,45234.0,63192.0,Echolocation,Pipistrellus pipistrellus,0.466,0.57,-1,192000.0,/mnt/ubna_data_04/recover-20241104/UBNA_025/20241104_034000.WAV,recover-20241104,UBNA_025,Central Pond
HF,48960.0,16.85527457165297,27.1125,27.118,46093.0,72304.0,Echolocation,Pipistrellus pipistrellus,0.377,0.571,-1,192000.0,/mnt/ubna_data_04/recover-20241104/UBNA_025/20241104_034000.WAV,recover-20241104,UBNA_025,Central Pond
HF,53760.0,16.449013224538625,27.1945,27.1998,43515.0,73010.0,Echolocation,Myotis alcathoe,0.175,0.502,-1,192000.0,/mnt/ubna_data_04/recover-20241104/UBNA_025/20241104_034000.WAV,recover-20241104,UBNA_025,Central Pond
LF,26880.0,8.800260474062542,63.0205,63.0326,27187.0,31447.0,Echolocation,Nyctalus leisleri,0.47,0.595,-1,192000.0,/mnt/ubna_data_04/recover-20241104/UBNA_025/20241104_040000.WAV,recover-20241104,UBNA_025,Central Pond
LF,26880.0,10.32636114247663,63.5055,63.5209,26328.0,30291.0,Echolocation,Nyctalus leisleri,0.532,0.603,-1,192000.0,/mnt/ubna_data_04/recover-20241104/UBNA_025/20241104_040000.WAV,recover-20241104,UBNA_025,Central Pond
LF,26880.0,17.800418820047884,63.8595,63.8772,26328.0,28680.0,Echolocation,Nyctalus leisleri,0.56,0.594,-1,192000.0,/mnt/ubna_data_04/recover-20241104/UBNA_025/20241104_040000.WAV,recover-20241104,UBNA_025,Central Pond
LF,26880.0,28.172065693757425,64.9465,64.9629,26328.0,31021.0,Echolocation,Nyctalus leisleri,0.417,0.548,-1,192000.0,/mnt/ubna_data_04/recover-20241104/UBNA_025/20241104_040000.WAV,recover-20241104,UBNA_025,Central Pond
LF,26880.0,14.152490868100735,65.1815,65.19800000000001,26328.0,31048.0,Echolocation,Nyctalus leisleri,0.295,0.508,-1,192000.0,/mnt/ubna_data_04/recover-20241104/UBNA_025/20241104_040000.WAV,recover-20241104,UBNA_025,Central Pond
LF,26880.0,25.093307949550564,65.5385,65.5543,25468.0,29144.0,Echolocation,Nyctalus leisleri,0.516,0.578,-1,192000.0,/mnt/ubna_data_04/recover-20241104/UBNA_025/20241104_040000.WAV,recover-20241104,UBNA_025,Central Pond
LF,25920.0,33.07043703415117,66.2555,66.2717,25468.0,27756.0,Echolocation,Nyctalus leisleri,0.566,0.636,-1,192000.0,/mnt/ubna_data_04/recover-20241104/UBNA_025/20241104_040000.WAV,recover-20241104,UBNA_025,Central Pond
LF,26880.0,16.995812040919954,66.5025,66.5173,25468.0,29977.0,Echolocation,Nyctalus leisleri,0.424,0.528,-1,192000.0,/mnt/ubna_data_04/recover-20241104/UBNA_025/20241104_040000.WAV,recover-20241104,UBNA_025,Central Pond
LF,25920.0,25.73084080583509,66.87950000000001,66.8962,25468.0,28485.0,Echolocation,Nyctalus leisleri,0.51,0.578,-1,192000.0,/mnt/ubna_data_04/recover-20241104/UBNA_025/20241104_040000.WAV,recover-20241104,UBNA_025,Central Pond
LF,25920.0,16.545287994356382,67.3065,67.3218,25468.0,28184.0,Echolocation,Nyctalus leisleri,0.416,0.52,-1,192000.0,/mnt/ubna_data_04/recover-20241104/UBNA_025/20241104_040000.WAV,recover-20241104,UBNA_025,Central Pond
LF,25920.0,10.787157916379911,67.9855,68.0041,24609.0,28602.0,Echolocation,Nyctalus leisleri,0.44,0.513,-1,192000.0,/mnt/ubna_data_04/recover-20241104/UBNA_025/20241104_040000.WAV,recover-20241104,UBNA_025,Central Pond
LF,25920.0,12.017544288364936,150.2825,150.3007,25468.0,27848.0,Echolocation,Nyctalus leisleri,0.436,0.503,-1,192000.0,/mnt/ubna_data_04/recover-20241104/UBNA_025/20241104_040000.WAV,recover-20241104,UBNA_025,Central Pond
LF,25920.0,10.117694296191964,152.2035,152.2192,25468.0,28678.0,Echolocation,Nyctalus leisleri,0.448,0.513,-1,192000.0,/mnt/ubna_data_04/recover-20241104/UBNA_025/20241104_040000.WAV,recover-20241104,UBNA_025,Central Pond
LF,25920.0,11.24579205287581,153.3725,153.3933,24609.0,27480.0,Echolocation,Nyctalus leisleri,0.46,0.52,-1,192000.0,/mnt/ubna_data_04/recover-20241104/UBNA_025/20241104_040000.WAV,recover-20241104,UBNA_025,Central Pond
LF,24960.0,13.46866630149718,154.0825,154.1028,24609.0,28232.0,Echolocation,Nyctalus leisleri,0.429,0.511,-1,192000.0,/mnt/ubna_data_04/recover-20241104/UBNA_025/20241104_040000.WAV,recover-20241104,UBNA_025,Central Pond
LF,23040.0,2.646421461854641,13.8545,13.8655,22031.0,28599.0,Echolocation,Nyctalus noctula,0.272,0.505,-1,192000.0,/mnt/ubna_data_04/recover-20241104/UBNA_025/20241104_175000.WAV,recover-20241104,UBNA_025,Central Pond
