Time (UTC),01/22/24
17:30,0.6666666666666666
18:00,0.6666666666666666
