Time (UTC),01/22/24
17:30,2.3333333333333335
18:00,0.6666666666666666
