KMEANS_CLASSES,peak_frequency,SNR,start_time,end_time,low_freq,high_freq,class,class_prob,det_prob,individual,event,sampling_rate,input_file,Recover Folder,SD Card,Site name
HF,65280.0,0.029200004660342418,31.6095,31.6171,62421.0,70252.0,Pipistrellus pygmaeus,0.588,0.598,-1,Echolocation,192000.0,/mnt/ubna_data_04/recover-20241018/UBNA_010/20241011_211000.WAV,recover-20241018,UBNA_010,Central Pond
LF,25920.0,11.697360592253542,31.8165,31.834600000000002,25468.0,28773.0,Nyctalus leisleri,0.443,0.529,-1,Echolocation,192000.0,/mnt/ubna_data_04/recover-20241018/UBNA_010/20241012_071000.WAV,recover-20241018,UBNA_010,Central Pond
LF,26880.0,7.943372959360127,273.8525,273.8644,26328.0,31194.0,Nyctalus leisleri,0.378,0.546,-1,Echolocation,192000.0,/mnt/ubna_data_04/recover-20241018/UBNA_010/20241012_071000.WAV,recover-20241018,UBNA_010,Central Pond
LF,26880.0,10.54191304708545,89.5125,89.5264,26328.0,30158.0,Nyctalus leisleri,0.423,0.598,-1,Echolocation,192000.0,/mnt/ubna_data_04/recover-20241018/UBNA_010/20241012_073000.WAV,recover-20241018,UBNA_010,Central Pond
LF,26880.0,11.729370081478583,90.0695,90.0831,27187.0,31406.0,Nyctalus leisleri,0.55,0.665,-1,Echolocation,192000.0,/mnt/ubna_data_04/recover-20241018/UBNA_010/20241012_073000.WAV,recover-20241018,UBNA_010,Central Pond
LF,25920.0,11.174724961750593,141.3625,141.3808,24609.0,28045.0,Nyctalus leisleri,0.444,0.557,-1,Echolocation,192000.0,/mnt/ubna_data_04/recover-20241018/UBNA_010/20241013_020000.WAV,recover-20241018,UBNA_010,Central Pond
LF,25920.0,7.30579653305867,265.4085,265.4253,23750.0,28052.0,Nyctalus leisleri,0.519,0.594,-1,Echolocation,192000.0,/mnt/ubna_data_04/recover-20241018/UBNA_010/20241013_020000.WAV,recover-20241018,UBNA_010,Central Pond
LF,25920.0,13.15024533792906,96.3805,96.3955,24609.0,31007.0,Nyctalus leisleri,0.404,0.543,-1,Echolocation,192000.0,/mnt/ubna_data_04/recover-20241018/UBNA_010/20241012_020000.WAV,recover-20241018,UBNA_010,Central Pond
LF,25920.0,6.969789672499055,288.3335,288.3473,24609.0,28617.0,Nyctalus leisleri,0.487,0.614,-1,Echolocation,192000.0,/mnt/ubna_data_04/recover-20241018/UBNA_010/20241013_020000.WAV,recover-20241018,UBNA_010,Central Pond
LF,26880.0,2.95102138119835,152.6375,152.6492,25468.0,29604.0,Nyctalus leisleri,0.359,0.532,-1,Echolocation,192000.0,/mnt/ubna_data_04/recover-20241018/UBNA_010/20241013_033000.WAV,recover-20241018,UBNA_010,Central Pond
LF,25920.0,13.768337416993967,274.7135,274.7299,25468.0,28474.0,Nyctalus leisleri,0.551,0.633,-1,Echolocation,192000.0,/mnt/ubna_data_04/recover-20241018/UBNA_010/20241013_040000.WAV,recover-20241018,UBNA_010,Central Pond
LF,25920.0,9.817433366676218,99.8375,99.8557,24609.0,26935.0,Nyctalus leisleri,0.566,0.606,-1,Echolocation,192000.0,/mnt/ubna_data_04/recover-20241018/UBNA_010/20241013_050000.WAV,recover-20241018,UBNA_010,Central Pond
LF,28800.0,5.877865631839283,79.5875,79.6003,28046.0,32268.0,Nyctalus leisleri,0.34,0.512,-1,Echolocation,192000.0,/mnt/ubna_data_04/recover-20241018/UBNA_010/20241013_083000.WAV,recover-20241018,UBNA_010,Central Pond
LF,28800.0,5.206957901943885,246.8885,246.899,28046.0,33547.0,Nyctalus leisleri,0.267,0.575,-1,Echolocation,192000.0,/mnt/ubna_data_04/recover-20241018/UBNA_010/20241013_083000.WAV,recover-20241018,UBNA_010,Central Pond
LF,28800.0,5.0768352104195795,299.7505,299.7616,28046.0,34034.0,Nyctalus leisleri,0.295,0.546,-1,Echolocation,192000.0,/mnt/ubna_data_04/recover-20241018/UBNA_010/20241013_090000.WAV,recover-20241018,UBNA_010,Central Pond
LF,25920.0,10.146683719654671,176.3315,176.346,24609.0,30026.0,Nyctalus leisleri,0.455,0.607,-1,Echolocation,192000.0,/mnt/ubna_data_04/recover-20241018/UBNA_010/20241013_030000.WAV,recover-20241018,UBNA_010,Central Pond
LF,26880.0,14.775908632682633,216.6475,216.6662,26328.0,29554.0,Nyctalus leisleri,0.451,0.524,-1,Echolocation,192000.0,/mnt/ubna_data_04/recover-20241018/UBNA_010/20241013_091000.WAV,recover-20241018,UBNA_010,Central Pond
LF,23040.0,3.764658065613253,247.1695,247.1862,22890.0,26711.0,Nyctalus leisleri,0.63,0.662,-1,Echolocation,192000.0,/mnt/ubna_data_04/recover-20241018/UBNA_010/20241011_211000.WAV,recover-20241018,UBNA_010,Central Pond
LF,23040.0,5.7217527413813665,123.7375,123.7528,22890.0,26361.0,Nyctalus leisleri,0.485,0.554,-1,Echolocation,192000.0,/mnt/ubna_data_04/recover-20241018/UBNA_010/20241011_211000.WAV,recover-20241018,UBNA_010,Central Pond
HF,45120.0,7.187122824864468,272.9795,272.9868,44375.0,51613.0,Pipistrellus pipistrellus,0.492,0.525,-1,Echolocation,192000.0,/mnt/ubna_data_04/recover-20241018/UBNA_010/20241013_062000.WAV,recover-20241018,UBNA_010,Central Pond
HF,46080.0,5.826453472427708,173.2655,173.2758,43515.0,51744.0,Pipistrellus pipistrellus,0.451,0.532,-1,Echolocation,192000.0,/mnt/ubna_data_04/recover-20241018/UBNA_010/20241014_031000.WAV,recover-20241018,UBNA_010,Central Pond
HF,48000.0,7.3055533234641,287.6405,287.6472,46093.0,55674.0,Pipistrellus pipistrellus,0.446,0.518,-1,Echolocation,192000.0,/mnt/ubna_data_04/recover-20241018/UBNA_010/20241014_031000.WAV,recover-20241018,UBNA_010,Central Pond
HF,46080.0,7.48725691101491,234.2485,234.2539,44375.0,51829.0,Pipistrellus pipistrellus,0.547,0.572,-1,Echolocation,192000.0,/mnt/ubna_data_04/recover-20241018/UBNA_010/20241014_041000.WAV,recover-20241018,UBNA_010,Central Pond
HF,48960.0,3.442140941301215,37.457499999999996,37.4634,48671.0,59025.0,Pipistrellus pipistrellus,0.624,0.638,-1,Echolocation,192000.0,/mnt/ubna_data_04/recover-20241018/UBNA_010/20241015_024000.WAV,recover-20241018,UBNA_010,Central Pond
HF,45120.0,6.521729833738988,29.2775,29.2886,43515.0,54373.0,Pipistrellus pipistrellus,0.443,0.537,-1,Echolocation,192000.0,/mnt/ubna_data_04/recover-20241018/UBNA_010/20241016_022000.WAV,recover-20241018,UBNA_010,Central Pond
LF,24000.0,1.159167867135831,155.7605,155.7754,22890.0,27157.0,Nyctalus leisleri,0.617,0.672,-1,Echolocation,192000.0,/mnt/ubna_data_04/recover-20241018/UBNA_010/20241011_211000.WAV,recover-20241018,UBNA_010,Central Pond
HF,48000.0,14.306171938266035,30.5135,30.522,45234.0,62012.0,Pipistrellus pipistrellus,0.369,0.593,-1,Echolocation,192000.0,/mnt/ubna_data_04/recover-20241018/UBNA_010/20241016_022000.WAV,recover-20241018,UBNA_010,Central Pond
HF,48960.0,7.887064652195309,69.5375,69.5444,46093.0,56984.0,Pipistrellus pipistrellus,0.52,0.554,-1,Echolocation,192000.0,/mnt/ubna_data_04/recover-20241018/UBNA_010/20241016_040000.WAV,recover-20241018,UBNA_010,Central Pond
HF,48960.0,7.637367022175104,91.2575,91.2648,46953.0,62216.0,Pipistrellus pipistrellus,0.558,0.594,-1,Echolocation,192000.0,/mnt/ubna_data_04/recover-20241018/UBNA_010/20241017_081000.WAV,recover-20241018,UBNA_010,Central Pond
HF,52800.0,7.6168235017200185,131.5515,131.5581,48671.0,64768.0,Pipistrellus pipistrellus,0.453,0.517,-1,Echolocation,192000.0,/mnt/ubna_data_04/recover-20241018/UBNA_010/20241018_032000.WAV,recover-20241018,UBNA_010,Central Pond
LF,23040.0,4.116878437824505,0.4385,0.4525,22890.0,27421.0,Nyctalus leisleri,0.435,0.548,-1,Echolocation,192000.0,/mnt/ubna_data_04/recover-20241018/UBNA_010/20241011_211000.WAV,recover-20241018,UBNA_010,Central Pond
LF,23040.0,2.8144138227197377,62.4245,62.44,22890.0,26588.0,Nyctalus leisleri,0.576,0.614,-1,Echolocation,192000.0,/mnt/ubna_data_04/recover-20241018/UBNA_010/20241011_211000.WAV,recover-20241018,UBNA_010,Central Pond
LF,23040.0,1.2894553658978438,90.2755,90.289,22031.0,26802.0,Nyctalus leisleri,0.464,0.602,-1,Echolocation,192000.0,/mnt/ubna_data_04/recover-20241018/UBNA_010/20241011_211000.WAV,recover-20241018,UBNA_010,Central Pond
HF,48000.0,4.769020756987883,297.7935,297.801,46953.0,54729.0,Pipistrellus pipistrellus,0.505,0.575,-1,Echolocation,192000.0,/mnt/ubna_data_04/recover-20241018/UBNA_010/20241016_023000.WAV,recover-20241018,UBNA_010,Central Pond
LF,26880.0,7.434867835908449,280.7705,280.7828,27187.0,31823.0,Nyctalus leisleri,0.347,0.553,-1,Echolocation,192000.0,/mnt/ubna_data_04/recover-20241018/UBNA_010/20241013_091000.WAV,recover-20241018,UBNA_010,Central Pond
LF,26880.0,14.914901882585577,126.3925,126.4081,26328.0,29419.0,Nyctalus leisleri,0.48,0.577,-1,Echolocation,192000.0,/mnt/ubna_data_04/recover-20241018/UBNA_010/20241013_105000.WAV,recover-20241018,UBNA_010,Central Pond
LF,28800.0,20.651709371055,26.4945,26.5114,27187.0,32731.0,Nyctalus leisleri,0.247,0.564,-1,Echolocation,192000.0,/mnt/ubna_data_04/recover-20241018/UBNA_010/20241013_112000.WAV,recover-20241018,UBNA_010,Central Pond
LF,26880.0,7.284175265853965,30.9265,30.9438,26328.0,29071.0,Nyctalus leisleri,0.441,0.512,-1,Echolocation,192000.0,/mnt/ubna_data_04/recover-20241018/UBNA_010/20241014_050000.WAV,recover-20241018,UBNA_010,Central Pond
LF,26880.0,9.240073482402046,53.2395,53.2551,25468.0,29692.0,Nyctalus leisleri,0.31,0.521,-1,Echolocation,192000.0,/mnt/ubna_data_04/recover-20241018/UBNA_010/20241014_065000.WAV,recover-20241018,UBNA_010,Central Pond
LF,27840.0,4.054087340635551,237.9205,237.9325,27187.0,33174.0,Nyctalus leisleri,0.306,0.568,-1,Echolocation,192000.0,/mnt/ubna_data_04/recover-20241018/UBNA_010/20241014_075000.WAV,recover-20241018,UBNA_010,Central Pond
LF,27840.0,13.26865349979892,240.1115,240.1247,27187.0,32298.0,Nyctalus leisleri,0.374,0.63,-1,Echolocation,192000.0,/mnt/ubna_data_04/recover-20241018/UBNA_010/20241014_075000.WAV,recover-20241018,UBNA_010,Central Pond
LF,29760.0,2.879120006951885,98.1975,98.2074,28906.0,34376.0,Nyctalus leisleri,0.265,0.518,-1,Echolocation,192000.0,/mnt/ubna_data_04/recover-20241018/UBNA_010/20241014_111000.WAV,recover-20241018,UBNA_010,Central Pond
LF,26880.0,10.478335523746127,58.207499999999996,58.2235,26328.0,30289.0,Nyctalus leisleri,0.423,0.605,-1,Echolocation,192000.0,/mnt/ubna_data_04/recover-20241018/UBNA_010/20241015_021000.WAV,recover-20241018,UBNA_010,Central Pond
LF,27840.0,5.069199980048275,24.9525,24.9634,27187.0,32078.0,Nyctalus leisleri,0.364,0.528,-1,Echolocation,192000.0,/mnt/ubna_data_04/recover-20241018/UBNA_010/20241014_050000.WAV,recover-20241018,UBNA_010,Central Pond
LF,27840.0,9.647873716987853,60.1585,60.1737,27187.0,31410.0,Nyctalus leisleri,0.341,0.501,-1,Echolocation,192000.0,/mnt/ubna_data_04/recover-20241018/UBNA_010/20241015_021000.WAV,recover-20241018,UBNA_010,Central Pond
LF,27840.0,8.31707254915519,172.5705,172.5855,27187.0,30851.0,Nyctalus leisleri,0.543,0.612,-1,Echolocation,192000.0,/mnt/ubna_data_04/recover-20241018/UBNA_010/20241015_052000.WAV,recover-20241018,UBNA_010,Central Pond
LF,27840.0,20.096581591713402,180.2865,180.3041,27187.0,29443.0,Nyctalus leisleri,0.502,0.538,-1,Echolocation,192000.0,/mnt/ubna_data_04/recover-20241018/UBNA_010/20241015_052000.WAV,recover-20241018,UBNA_010,Central Pond
LF,24960.0,9.740282816116459,97.5435,97.5624,23750.0,28071.0,Nyctalus leisleri,0.455,0.522,-1,Echolocation,192000.0,/mnt/ubna_data_04/recover-20241018/UBNA_010/20241015_054000.WAV,recover-20241018,UBNA_010,Central Pond
LF,26880.0,19.69078757379224,122.1955,122.2101,26328.0,28945.0,Nyctalus leisleri,0.579,0.629,-1,Echolocation,192000.0,/mnt/ubna_data_04/recover-20241018/UBNA_010/20241015_074000.WAV,recover-20241018,UBNA_010,Central Pond
LF,26880.0,11.367429162171607,272.9255,272.9429,26328.0,28821.0,Nyctalus leisleri,0.539,0.571,-1,Echolocation,192000.0,/mnt/ubna_data_04/recover-20241018/UBNA_010/20241016_130000.WAV,recover-20241018,UBNA_010,Central Pond
LF,27840.0,4.7814290787676414,45.039500000000004,45.0522,27187.0,32661.0,Nyctalus leisleri,0.354,0.601,-1,Echolocation,192000.0,/mnt/ubna_data_04/recover-20241018/UBNA_010/20241017_042000.WAV,recover-20241018,UBNA_010,Central Pond
LF,25920.0,9.85803474865855,154.1625,154.1774,25468.0,28651.0,Nyctalus leisleri,0.543,0.639,-1,Echolocation,192000.0,/mnt/ubna_data_04/recover-20241018/UBNA_010/20241015_033000.WAV,recover-20241018,UBNA_010,Central Pond
LF,27840.0,12.510569460704051,121.4325,121.4475,27187.0,29958.0,Nyctalus leisleri,0.573,0.614,-1,Echolocation,192000.0,/mnt/ubna_data_04/recover-20241018/UBNA_010/20241014_044000.WAV,recover-20241018,UBNA_010,Central Pond
LF,25920.0,21.17600423777349,107.5555,107.571,25468.0,30634.0,Nyctalus leisleri,0.438,0.576,-1,Echolocation,192000.0,/mnt/ubna_data_04/recover-20241018/UBNA_010/20241014_043000.WAV,recover-20241018,UBNA_010,Central Pond
LF,24960.0,5.2677428064213005,19.1945,19.209,23750.0,29296.0,Nyctalus leisleri,0.338,0.56,-1,Echolocation,192000.0,/mnt/ubna_data_04/recover-20241018/UBNA_010/20241014_023000.WAV,recover-20241018,UBNA_010,Central Pond
LF,27840.0,39.40546334827976,30.0815,30.097,27187.0,30454.0,Nyctalus leisleri,0.571,0.636,-1,Echolocation,192000.0,/mnt/ubna_data_04/recover-20241018/UBNA_010/20241013_112000.WAV,recover-20241018,UBNA_010,Central Pond
LF,24960.0,13.507098703774734,0.1755,0.1907,24609.0,28804.0,Nyctalus leisleri,0.382,0.576,-1,Echolocation,192000.0,/mnt/ubna_data_04/recover-20241018/UBNA_010/20241014_020000.WAV,recover-20241018,UBNA_010,Central Pond
LF,24960.0,13.020496013907676,41.460499999999996,41.4806,23750.0,28041.0,Nyctalus leisleri,0.428,0.515,-1,Echolocation,192000.0,/mnt/ubna_data_04/recover-20241018/UBNA_010/20241014_020000.WAV,recover-20241018,UBNA_010,Central Pond
LF,24960.0,2.400238310413162,63.3705,63.3847,23750.0,29271.0,Nyctalus leisleri,0.319,0.527,-1,Echolocation,192000.0,/mnt/ubna_data_04/recover-20241018/UBNA_010/20241014_020000.WAV,recover-20241018,UBNA_010,Central Pond
LF,24960.0,6.738121693516295,102.8195,102.8347,24609.0,28489.0,Nyctalus leisleri,0.485,0.618,-1,Echolocation,192000.0,/mnt/ubna_data_04/recover-20241018/UBNA_010/20241014_020000.WAV,recover-20241018,UBNA_010,Central Pond
LF,25920.0,3.846392062201036,155.6415,155.6569,24609.0,29013.0,Nyctalus leisleri,0.426,0.584,-1,Echolocation,192000.0,/mnt/ubna_data_04/recover-20241018/UBNA_010/20241014_020000.WAV,recover-20241018,UBNA_010,Central Pond
LF,25920.0,7.132981318925476,204.1205,204.1377,24609.0,27883.0,Nyctalus leisleri,0.444,0.567,-1,Echolocation,192000.0,/mnt/ubna_data_04/recover-20241018/UBNA_010/20241014_020000.WAV,recover-20241018,UBNA_010,Central Pond
LF,24960.0,20.506530970904514,210.2885,210.3058,23750.0,27086.0,Nyctalus leisleri,0.625,0.685,-1,Echolocation,192000.0,/mnt/ubna_data_04/recover-20241018/UBNA_010/20241014_020000.WAV,recover-20241018,UBNA_010,Central Pond
LF,24960.0,10.96274042664868,248.9295,248.9473,24609.0,26968.0,Nyctalus leisleri,0.562,0.616,-1,Echolocation,192000.0,/mnt/ubna_data_04/recover-20241018/UBNA_010/20241014_020000.WAV,recover-20241018,UBNA_010,Central Pond
LF,25920.0,6.031482524883975,270.6615,270.6736,24609.0,29439.0,Nyctalus leisleri,0.374,0.565,-1,Echolocation,192000.0,/mnt/ubna_data_04/recover-20241018/UBNA_010/20241014_020000.WAV,recover-20241018,UBNA_010,Central Pond
LF,25920.0,4.334847938617682,117.5795,117.5954,25468.0,28643.0,Nyctalus leisleri,0.466,0.561,-1,Echolocation,192000.0,/mnt/ubna_data_04/recover-20241018/UBNA_010/20241014_021000.WAV,recover-20241018,UBNA_010,Central Pond
LF,25920.0,14.45005258091487,120.2905,120.3068,24609.0,26654.0,Nyctalus leisleri,0.562,0.596,-1,Echolocation,192000.0,/mnt/ubna_data_04/recover-20241018/UBNA_010/20241014_021000.WAV,recover-20241018,UBNA_010,Central Pond
LF,24960.0,2.205951355373058,211.8415,211.855,23750.0,29301.0,Nyctalus leisleri,0.287,0.505,-1,Echolocation,192000.0,/mnt/ubna_data_04/recover-20241018/UBNA_010/20241014_021000.WAV,recover-20241018,UBNA_010,Central Pond
LF,23040.0,36.198275825615994,240.2745,240.2983,21171.0,29071.0,Nyctalus noctula,0.565,0.692,-1,Echolocation,192000.0,/mnt/ubna_data_04/recover-20241018/UBNA_010/20241014_021000.WAV,recover-20241018,UBNA_010,Central Pond
LF,24960.0,9.50027343933574,205.7375,205.7544,23750.0,27497.0,Nyctalus leisleri,0.509,0.559,-1,Echolocation,192000.0,/mnt/ubna_data_04/recover-20241018/UBNA_010/20241014_022000.WAV,recover-20241018,UBNA_010,Central Pond
HF,47040.0,12.911053563158273,200.1885,200.1979,46093.0,60275.0,Pipistrellus pipistrellus,0.386,0.542,-1,Echolocation,192000.0,/mnt/ubna_data_04/recover-20241018/UBNA_010/20241012_043000.WAV,recover-20241018,UBNA_010,Central Pond
HF,48000.0,4.6520962419878575,270.1035,270.1145,43515.0,60760.0,Pipistrellus pipistrellus,0.364,0.5,-1,Echolocation,192000.0,/mnt/ubna_data_04/recover-20241018/UBNA_010/20241012_040000.WAV,recover-20241018,UBNA_010,Central Pond
LF,24960.0,9.895631126354631,199.8015,199.8241,22890.0,25463.0,Nyctalus leisleri,0.5,0.524,-1,Echolocation,192000.0,/mnt/ubna_data_04/recover-20241018/UBNA_010/20241013_020000.WAV,recover-20241018,UBNA_010,Central Pond
HF,48960.0,3.922933208942156,176.3535,176.3634,48671.0,52320.0,Pipistrellus pipistrellus,0.45,0.507,-1,Echolocation,192000.0,/mnt/ubna_data_04/recover-20241018/UBNA_010/20241011_214000.WAV,recover-20241018,UBNA_010,Central Pond
HF,47040.0,4.431937023721377,269.4295,269.4372,42656.0,55254.0,Pipistrellus pipistrellus,0.554,0.628,-1,Echolocation,192000.0,/mnt/ubna_data_04/recover-20241018/UBNA_010/20241012_040000.WAV,recover-20241018,UBNA_010,Central Pond
HF,48960.0,2.9916648643850814,210.6335,210.6399,47812.0,58036.0,Pipistrellus pipistrellus,0.494,0.514,-1,Echolocation,192000.0,/mnt/ubna_data_04/recover-20241018/UBNA_010/20241012_034000.WAV,recover-20241018,UBNA_010,Central Pond
HF,48960.0,5.756598331744196,175.7135,175.7191,46093.0,60105.0,Pipistrellus pipistrellus,0.527,0.575,-1,Echolocation,192000.0,/mnt/ubna_data_04/recover-20241018/UBNA_010/20241012_031000.WAV,recover-20241018,UBNA_010,Central Pond
HF,53760.0,9.87192872500006,170.2625,170.2713,47812.0,62029.0,Pipistrellus pipistrellus,0.584,0.634,-1,Echolocation,192000.0,/mnt/ubna_data_04/recover-20241018/UBNA_010/20241012_030000.WAV,recover-20241018,UBNA_010,Central Pond
LF,28800.0,8.614689931921646,79.9475,79.9598,27187.0,32157.0,Nyctalus leisleri,0.331,0.553,-1,Echolocation,192000.0,/mnt/ubna_data_04/recover-20241018/UBNA_010/20241013_083000.WAV,recover-20241018,UBNA_010,Central Pond
LF,28800.0,17.66193639339972,26.7365,26.7534,28046.0,32223.0,Nyctalus leisleri,0.298,0.527,-1,Echolocation,192000.0,/mnt/ubna_data_04/recover-20241018/UBNA_010/20241013_112000.WAV,recover-20241018,UBNA_010,Central Pond
LF,26880.0,25.684538328217332,30.4305,30.4478,26328.0,29617.0,Nyctalus leisleri,0.426,0.525,-1,Echolocation,192000.0,/mnt/ubna_data_04/recover-20241018/UBNA_010/20241013_112000.WAV,recover-20241018,UBNA_010,Central Pond
LF,25920.0,14.093339011398221,0.4655,0.4814,24609.0,29206.0,Nyctalus leisleri,0.525,0.669,-1,Echolocation,192000.0,/mnt/ubna_data_04/recover-20241018/UBNA_010/20241014_020000.WAV,recover-20241018,UBNA_010,Central Pond
LF,24960.0,15.426123558262201,42.158500000000004,42.175200000000004,24609.0,28176.0,Nyctalus leisleri,0.468,0.552,-1,Echolocation,192000.0,/mnt/ubna_data_04/recover-20241018/UBNA_010/20241014_020000.WAV,recover-20241018,UBNA_010,Central Pond
HF,48000.0,9.282164500749369,210.9645,210.9706,46953.0,57654.0,Pipistrellus pipistrellus,0.625,0.64,-1,Echolocation,192000.0,/mnt/ubna_data_04/recover-20241018/UBNA_010/20241012_034000.WAV,recover-20241018,UBNA_010,Central Pond
LF,24960.0,11.93080132668641,65.2485,65.2671,24609.0,28715.0,Nyctalus leisleri,0.376,0.508,-1,Echolocation,192000.0,/mnt/ubna_data_04/recover-20241018/UBNA_010/20241014_020000.WAV,recover-20241018,UBNA_010,Central Pond
LF,25920.0,8.672473439321939,103.2405,103.2555,24609.0,28812.0,Nyctalus leisleri,0.48,0.62,-1,Echolocation,192000.0,/mnt/ubna_data_04/recover-20241018/UBNA_010/20241014_020000.WAV,recover-20241018,UBNA_010,Central Pond
HF,48960.0,7.5958968152083095,37.7195,37.7252,48671.0,58811.0,Pipistrellus pipistrellus,0.64,0.67,-1,Echolocation,192000.0,/mnt/ubna_data_04/recover-20241018/UBNA_010/20241015_024000.WAV,recover-20241018,UBNA_010,Central Pond
LF,25920.0,7.267841563547677,155.7985,155.8116,25468.0,29427.0,Nyctalus leisleri,0.398,0.546,-1,Echolocation,192000.0,/mnt/ubna_data_04/recover-20241018/UBNA_010/20241014_020000.WAV,recover-20241018,UBNA_010,Central Pond
HF,46080.0,10.36378260902585,176.0855,176.0948,46093.0,57818.0,Pipistrellus pipistrellus,0.527,0.589,-1,Echolocation,192000.0,/mnt/ubna_data_04/recover-20241018/UBNA_010/20241012_031000.WAV,recover-20241018,UBNA_010,Central Pond
LF,24960.0,18.678001695067625,210.8415,210.8606,23750.0,27085.0,Nyctalus leisleri,0.528,0.58,-1,Echolocation,192000.0,/mnt/ubna_data_04/recover-20241018/UBNA_010/20241014_020000.WAV,recover-20241018,UBNA_010,Central Pond
LF,26880.0,13.530167661362746,126.7635,126.7816,26328.0,28851.0,Nyctalus leisleri,0.49,0.55,-1,Echolocation,192000.0,/mnt/ubna_data_04/recover-20241018/UBNA_010/20241013_105000.WAV,recover-20241018,UBNA_010,Central Pond
LF,24000.0,10.839756076208456,250.2945,250.3129,23750.0,26748.0,Nyctalus leisleri,0.454,0.537,-1,Echolocation,192000.0,/mnt/ubna_data_04/recover-20241018/UBNA_010/20241014_020000.WAV,recover-20241018,UBNA_010,Central Pond
LF,25920.0,9.524367135190737,274.3005,274.3163,25468.0,31085.0,Nyctalus leisleri,0.257,0.538,-1,Echolocation,192000.0,/mnt/ubna_data_04/recover-20241018/UBNA_010/20241014_020000.WAV,recover-20241018,UBNA_010,Central Pond
LF,25920.0,8.974307145382909,117.7825,117.8027,24609.0,28535.0,Nyctalus leisleri,0.421,0.533,-1,Echolocation,192000.0,/mnt/ubna_data_04/recover-20241018/UBNA_010/20241014_021000.WAV,recover-20241018,UBNA_010,Central Pond
LF,25920.0,5.078166681136178,122.6455,122.6611,25468.0,29645.0,Nyctalus leisleri,0.344,0.508,-1,Echolocation,192000.0,/mnt/ubna_data_04/recover-20241018/UBNA_010/20241014_021000.WAV,recover-20241018,UBNA_010,Central Pond
LF,25920.0,5.849521700041541,213.1545,213.1693,24609.0,27908.0,Nyctalus leisleri,0.483,0.579,-1,Echolocation,192000.0,/mnt/ubna_data_04/recover-20241018/UBNA_010/20241014_021000.WAV,recover-20241018,UBNA_010,Central Pond
HF,48000.0,4.8639520460495635,287.7395,287.7457,43515.0,52076.0,Pipistrellus pipistrellus,0.48,0.519,-1,Echolocation,192000.0,/mnt/ubna_data_04/recover-20241018/UBNA_010/20241014_031000.WAV,recover-20241018,UBNA_010,Central Pond
LF,23040.0,31.33710208498338,240.8355,240.8559,22031.0,29192.0,Nyctalus noctula,0.522,0.641,-1,Echolocation,192000.0,/mnt/ubna_data_04/recover-20241018/UBNA_010/20241014_021000.WAV,recover-20241018,UBNA_010,Central Pond
LF,24960.0,6.628214727413467,19.4435,19.4578,24609.0,30162.0,Nyctalus leisleri,0.315,0.554,-1,Echolocation,192000.0,/mnt/ubna_data_04/recover-20241018/UBNA_010/20241014_023000.WAV,recover-20241018,UBNA_010,Central Pond
LF,25920.0,8.53576848810124,205.1865,205.2049,24609.0,28175.0,Nyctalus leisleri,0.388,0.504,-1,Echolocation,192000.0,/mnt/ubna_data_04/recover-20241018/UBNA_010/20241014_020000.WAV,recover-20241018,UBNA_010,Central Pond
LF,25920.0,12.071576237263898,282.5095,282.52570000000003,25468.0,28454.0,Nyctalus leisleri,0.573,0.615,-1,Echolocation,192000.0,/mnt/ubna_data_04/recover-20241018/UBNA_010/20241013_091000.WAV,recover-20241018,UBNA_010,Central Pond
LF,28800.0,5.2132085660055205,249.7165,249.7298,28046.0,32648.0,Nyctalus leisleri,0.359,0.514,-1,Echolocation,192000.0,/mnt/ubna_data_04/recover-20241018/UBNA_010/20241013_083000.WAV,recover-20241018,UBNA_010,Central Pond
LF,26880.0,18.933522322887786,108.8615,108.8737,27187.0,34095.0,Nyctalus leisleri,0.279,0.511,-1,Echolocation,192000.0,/mnt/ubna_data_04/recover-20241018/UBNA_010/20241014_043000.WAV,recover-20241018,UBNA_010,Central Pond
HF,47040.0,9.001934454061491,69.6305,69.637,44375.0,58916.0,Pipistrellus pipistrellus,0.466,0.536,-1,Echolocation,192000.0,/mnt/ubna_data_04/recover-20241018/UBNA_010/20241016_040000.WAV,recover-20241018,UBNA_010,Central Pond
HF,47040.0,9.578494135972713,91.3475,91.355,45234.0,61997.0,Pipistrellus pipistrellus,0.544,0.583,-1,Echolocation,192000.0,/mnt/ubna_data_04/recover-20241018/UBNA_010/20241017_081000.WAV,recover-20241018,UBNA_010,Central Pond
HF,53760.0,10.359296814883962,131.7235,131.7326,46093.0,65660.0,Pipistrellus pipistrellus,0.394,0.52,-1,Echolocation,192000.0,/mnt/ubna_data_04/recover-20241018/UBNA_010/20241018_032000.WAV,recover-20241018,UBNA_010,Central Pond
LF,23040.0,1.2253098223318202,0.5905,0.6073,22031.0,26729.0,Nyctalus leisleri,0.36,0.51,-1,Echolocation,192000.0,/mnt/ubna_data_04/recover-20241018/UBNA_010/20241011_211000.WAV,recover-20241018,UBNA_010,Central Pond
LF,23040.0,2.0157162860143854,34.6145,34.6275,22890.0,27483.0,Nyctalus leisleri,0.431,0.556,-1,Echolocation,192000.0,/mnt/ubna_data_04/recover-20241018/UBNA_010/20241011_211000.WAV,recover-20241018,UBNA_010,Central Pond
LF,24000.0,4.26299807086278,63.7655,63.7805,22890.0,26740.0,Nyctalus leisleri,0.496,0.539,-1,Echolocation,192000.0,/mnt/ubna_data_04/recover-20241018/UBNA_010/20241011_211000.WAV,recover-20241018,UBNA_010,Central Pond
LF,24000.0,4.0806272447104135,96.9775,96.9917,22890.0,27515.0,Nyctalus leisleri,0.506,0.615,-1,Echolocation,192000.0,/mnt/ubna_data_04/recover-20241018/UBNA_010/20241011_211000.WAV,recover-20241018,UBNA_010,Central Pond
LF,32640.0,3.838954688516625,128.1305,128.145,22890.0,27986.0,Nyctalus leisleri,0.451,0.576,-1,Echolocation,192000.0,/mnt/ubna_data_04/recover-20241018/UBNA_010/20241011_211000.WAV,recover-20241018,UBNA_010,Central Pond
HF,48960.0,13.026608280658575,30.6545,30.6634,46093.0,60965.0,Pipistrellus pipistrellus,0.495,0.591,-1,Echolocation,192000.0,/mnt/ubna_data_04/recover-20241018/UBNA_010/20241016_022000.WAV,recover-20241018,UBNA_010,Central Pond
LF,23040.0,1.066476542065293,167.9065,167.9243,22890.0,25681.0,Nyctalus leisleri,0.543,0.568,-1,Echolocation,192000.0,/mnt/ubna_data_04/recover-20241018/UBNA_010/20241011_211000.WAV,recover-20241018,UBNA_010,Central Pond
HF,45120.0,11.759265647877509,29.3655,29.3738,43515.0,55606.0,Pipistrellus pipistrellus,0.502,0.56,-1,Echolocation,192000.0,/mnt/ubna_data_04/recover-20241018/UBNA_010/20241016_022000.WAV,recover-20241018,UBNA_010,Central Pond
LF,24960.0,19.71474698511425,96.7375,96.7531,24609.0,30384.0,Nyctalus leisleri,0.503,0.576,-1,Echolocation,192000.0,/mnt/ubna_data_04/recover-20241018/UBNA_010/20241012_020000.WAV,recover-20241018,UBNA_010,Central Pond
LF,25920.0,17.383431796990052,35.8035,35.8213,24609.0,27670.0,Nyctalus leisleri,0.553,0.604,-1,Echolocation,192000.0,/mnt/ubna_data_04/recover-20241018/UBNA_010/20241012_071000.WAV,recover-20241018,UBNA_010,Central Pond
LF,26880.0,9.186974782060066,274.3045,274.3181,26328.0,32127.0,Nyctalus leisleri,0.295,0.574,-1,Echolocation,192000.0,/mnt/ubna_data_04/recover-20241018/UBNA_010/20241012_071000.WAV,recover-20241018,UBNA_010,Central Pond
LF,26880.0,11.582716568032193,89.8435,89.85849999999999,26328.0,30223.0,Nyctalus leisleri,0.567,0.651,-1,Echolocation,192000.0,/mnt/ubna_data_04/recover-20241018/UBNA_010/20241012_073000.WAV,recover-20241018,UBNA_010,Central Pond
LF,26880.0,13.940511984998093,90.2895,90.3029,26328.0,30858.0,Nyctalus leisleri,0.485,0.598,-1,Echolocation,192000.0,/mnt/ubna_data_04/recover-20241018/UBNA_010/20241012_073000.WAV,recover-20241018,UBNA_010,Central Pond
LF,25920.0,10.387151570216808,142.5515,142.5687,24609.0,28996.0,Nyctalus leisleri,0.419,0.521,-1,Echolocation,192000.0,/mnt/ubna_data_04/recover-20241018/UBNA_010/20241013_020000.WAV,recover-20241018,UBNA_010,Central Pond
LF,24000.0,13.898451447556148,204.0615,204.0854,22890.0,25206.0,Nyctalus leisleri,0.515,0.527,-1,Echolocation,192000.0,/mnt/ubna_data_04/recover-20241018/UBNA_010/20241013_020000.WAV,recover-20241018,UBNA_010,Central Pond
LF,24960.0,6.070283325714492,288.7135,288.7282,24609.0,29143.0,Nyctalus leisleri,0.348,0.527,-1,Echolocation,192000.0,/mnt/ubna_data_04/recover-20241018/UBNA_010/20241013_020000.WAV,recover-20241018,UBNA_010,Central Pond
LF,25920.0,10.470482361827163,176.9345,176.9525,24609.0,27908.0,Nyctalus leisleri,0.491,0.567,-1,Echolocation,192000.0,/mnt/ubna_data_04/recover-20241018/UBNA_010/20241013_030000.WAV,recover-20241018,UBNA_010,Central Pond
LF,26880.0,4.285405461958801,158.6585,158.6706,26328.0,31847.0,Nyctalus leisleri,0.273,0.515,-1,Echolocation,192000.0,/mnt/ubna_data_04/recover-20241018/UBNA_010/20241013_033000.WAV,recover-20241018,UBNA_010,Central Pond
LF,25920.0,12.661980303605194,276.8985,276.9178,25468.0,28623.0,Nyctalus leisleri,0.455,0.536,-1,Echolocation,192000.0,/mnt/ubna_data_04/recover-20241018/UBNA_010/20241013_040000.WAV,recover-20241018,UBNA_010,Central Pond
LF,25920.0,13.373145077714753,100.6615,100.6789,24609.0,27466.0,Nyctalus leisleri,0.499,0.548,-1,Echolocation,192000.0,/mnt/ubna_data_04/recover-20241018/UBNA_010/20241013_050000.WAV,recover-20241018,UBNA_010,Central Pond
LF,26880.0,19.915416999552438,220.6605,220.6756,26328.0,29634.0,Nyctalus leisleri,0.444,0.502,-1,Echolocation,192000.0,/mnt/ubna_data_04/recover-20241018/UBNA_010/20241013_091000.WAV,recover-20241018,UBNA_010,Central Pond
LF,27840.0,14.724424914142196,121.7435,121.758,27187.0,30254.0,Nyctalus leisleri,0.497,0.588,-1,Echolocation,192000.0,/mnt/ubna_data_04/recover-20241018/UBNA_010/20241014_044000.WAV,recover-20241018,UBNA_010,Central Pond
HF,45120.0,6.036736227609039,234.5315,234.5399,44375.0,51952.0,Pipistrellus pipistrellus,0.528,0.558,-1,Echolocation,192000.0,/mnt/ubna_data_04/recover-20241018/UBNA_010/20241014_041000.WAV,recover-20241018,UBNA_010,Central Pond
HF,48000.0,6.796227231391663,298.2955,298.3027,46953.0,53568.0,Pipistrellus pipistrellus,0.52,0.529,-1,Echolocation,192000.0,/mnt/ubna_data_04/recover-20241018/UBNA_010/20241016_023000.WAV,recover-20241018,UBNA_010,Central Pond
LF,29760.0,3.585977285607811,98.7385,98.7496,28046.0,34118.0,Nyctalus leisleri,0.263,0.532,-1,Echolocation,192000.0,/mnt/ubna_data_04/recover-20241018/UBNA_010/20241014_111000.WAV,recover-20241018,UBNA_010,Central Pond
HF,48960.0,9.691532057710665,170.4635,170.47469999999998,47812.0,63023.0,Pipistrellus pipistrellus,0.434,0.52,-1,Echolocation,192000.0,/mnt/ubna_data_04/recover-20241018/UBNA_010/20241012_030000.WAV,recover-20241018,UBNA_010,Central Pond
LF,27840.0,17.926760863711557,123.6345,123.6513,27187.0,31037.0,Nyctalus leisleri,0.386,0.505,-1,Echolocation,192000.0,/mnt/ubna_data_04/recover-20241018/UBNA_010/20241015_074000.WAV,recover-20241018,UBNA_010,Central Pond
LF,26880.0,25.507952601481485,64.1395,64.1573,25468.0,29418.0,Nyctalus leisleri,0.399,0.5,-1,Echolocation,192000.0,/mnt/ubna_data_04/recover-20241018/UBNA_010/20241015_021000.WAV,recover-20241018,UBNA_010,Central Pond
LF,27840.0,17.462020479887926,181.2595,181.2746,27187.0,29879.0,Nyctalus leisleri,0.509,0.557,-1,Echolocation,192000.0,/mnt/ubna_data_04/recover-20241018/UBNA_010/20241015_052000.WAV,recover-20241018,UBNA_010,Central Pond
LF,27840.0,19.467012161609787,240.6095,240.6247,27187.0,30934.0,Nyctalus leisleri,0.44,0.539,-1,Echolocation,192000.0,/mnt/ubna_data_04/recover-20241018/UBNA_010/20241014_075000.WAV,recover-20241018,UBNA_010,Central Pond
HF,47040.0,10.407390313339931,273.0785,273.0847,45234.0,51141.0,Pipistrellus pipistrellus,0.493,0.512,-1,Echolocation,192000.0,/mnt/ubna_data_04/recover-20241018/UBNA_010/20241013_062000.WAV,recover-20241018,UBNA_010,Central Pond
LF,27840.0,2.709699784050961,238.1625,238.1753,26328.0,31625.0,Nyctalus leisleri,0.274,0.513,-1,Echolocation,192000.0,/mnt/ubna_data_04/recover-20241018/UBNA_010/20241014_075000.WAV,recover-20241018,UBNA_010,Central Pond
HF,45120.0,7.2505788140221945,173.5545,173.5664,43515.0,53270.0,Pipistrellus pipistrellus,0.449,0.503,-1,Echolocation,192000.0,/mnt/ubna_data_04/recover-20241018/UBNA_010/20241014_031000.WAV,recover-20241018,UBNA_010,Central Pond
HF,46080.0,17.696331205922306,200.5435,200.5551,43515.0,63467.0,Pipistrellus pipistrellus,0.27,0.511,-1,Echolocation,192000.0,/mnt/ubna_data_04/recover-20241018/UBNA_010/20241012_043000.WAV,recover-20241018,UBNA_010,Central Pond
LF,26880.0,12.03230021742738,59.4215,59.4393,26328.0,30579.0,Nyctalus leisleri,0.329,0.504,-1,Echolocation,192000.0,/mnt/ubna_data_04/recover-20241018/UBNA_010/20241015_021000.WAV,recover-20241018,UBNA_010,Central Pond
LF,25920.0,19.01022569771487,56.1495,56.1649,25468.0,28912.0,Nyctalus leisleri,0.471,0.558,-1,Echolocation,192000.0,/mnt/ubna_data_04/recover-20241018/UBNA_010/20241014_065000.WAV,recover-20241018,UBNA_010,Central Pond
LF,24960.0,10.99235756931473,97.8065,97.8246,23750.0,27300.0,Nyctalus leisleri,0.449,0.533,-1,Echolocation,192000.0,/mnt/ubna_data_04/recover-20241018/UBNA_010/20241015_054000.WAV,recover-20241018,UBNA_010,Central Pond
LF,27840.0,8.6246619438642,174.1215,174.1385,27187.0,30737.0,Nyctalus leisleri,0.443,0.514,-1,Echolocation,192000.0,/mnt/ubna_data_04/recover-20241018/UBNA_010/20241015_052000.WAV,recover-20241018,UBNA_010,Central Pond
HF,45120.0,5.856677338905222,269.5335,269.5447,42656.0,55653.0,Pipistrellus pipistrellus,0.425,0.504,-1,Echolocation,192000.0,/mnt/ubna_data_04/recover-20241018/UBNA_010/20241012_040000.WAV,recover-20241018,UBNA_010,Central Pond
LF,26880.0,8.924969862385144,25.2605,25.2712,27187.0,33027.0,Nyctalus leisleri,0.33,0.57,-1,Echolocation,192000.0,/mnt/ubna_data_04/recover-20241018/UBNA_010/20241014_050000.WAV,recover-20241018,UBNA_010,Central Pond
LF,26880.0,8.426102219423445,31.5355,31.551099999999998,26328.0,29731.0,Nyctalus leisleri,0.398,0.567,-1,Echolocation,192000.0,/mnt/ubna_data_04/recover-20241018/UBNA_010/20241014_050000.WAV,recover-20241018,UBNA_010,Central Pond
HF,48000.0,8.321427564004555,270.2785,270.2878,42656.0,61701.0,Pipistrellus pipistrellus,0.474,0.587,-1,Echolocation,192000.0,/mnt/ubna_data_04/recover-20241018/UBNA_010/20241012_040000.WAV,recover-20241018,UBNA_010,Central Pond
LF,25920.0,9.06218758742309,155.0465,155.0633,24609.0,27554.0,Nyctalus leisleri,0.547,0.612,-1,Echolocation,192000.0,/mnt/ubna_data_04/recover-20241018/UBNA_010/20241015_033000.WAV,recover-20241018,UBNA_010,Central Pond
LF,27840.0,4.105797909920355,45.2685,45.2819,27187.0,32970.0,Nyctalus leisleri,0.229,0.546,-1,Echolocation,192000.0,/mnt/ubna_data_04/recover-20241018/UBNA_010/20241017_042000.WAV,recover-20241018,UBNA_010,Central Pond
LF,24000.0,16.05954151862548,204.3085,204.3318,22890.0,25256.0,Nyctalus leisleri,0.547,0.562,-1,Echolocation,192000.0,/mnt/ubna_data_04/recover-20241018/UBNA_010/20241013_020000.WAV,recover-20241018,UBNA_010,Central Pond
LF,26880.0,13.361315253221315,65.1335,65.1478,26328.0,33848.0,Eptesicus serotinus,0.355,0.539,-1,Echolocation,192000.0,/mnt/ubna_data_04/recover-20241018/UBNA_010/20241015_021000.WAV,recover-20241018,UBNA_010,Central Pond
LF,27840.0,13.705144264090787,181.5825,181.6007,27187.0,29865.0,Nyctalus leisleri,0.528,0.579,-1,Echolocation,192000.0,/mnt/ubna_data_04/recover-20241018/UBNA_010/20241015_052000.WAV,recover-20241018,UBNA_010,Central Pond
LF,27840.0,29.41609164834324,27.1825,27.1984,27187.0,32371.0,Nyctalus leisleri,0.248,0.566,-1,Echolocation,192000.0,/mnt/ubna_data_04/recover-20241018/UBNA_010/20241013_112000.WAV,recover-20241018,UBNA_010,Central Pond
LF,25920.0,12.00333371876077,177.8965,177.9129,24609.0,28935.0,Nyctalus leisleri,0.41,0.556,-1,Echolocation,192000.0,/mnt/ubna_data_04/recover-20241018/UBNA_010/20241013_030000.WAV,recover-20241018,UBNA_010,Central Pond
LF,26880.0,10.208931535730379,277.8735,277.8893,26328.0,28950.0,Nyctalus leisleri,0.408,0.501,-1,Echolocation,192000.0,/mnt/ubna_data_04/recover-20241018/UBNA_010/20241013_040000.WAV,recover-20241018,UBNA_010,Central Pond
LF,27840.0,15.92276934660893,178.8915,178.9067,27187.0,30230.0,Nyctalus leisleri,0.684,0.733,-1,Echolocation,192000.0,/mnt/ubna_data_04/recover-20241018/UBNA_010/20241015_052000.WAV,recover-20241018,UBNA_010,Central Pond
LF,26880.0,15.309506165002968,122.4465,122.4632,26328.0,29316.0,Nyctalus leisleri,0.508,0.579,-1,Echolocation,192000.0,/mnt/ubna_data_04/recover-20241018/UBNA_010/20241014_044000.WAV,recover-20241018,UBNA_010,Central Pond
HF,46080.0,5.022893695515549,269.6315,269.6423,44375.0,61378.0,Pipistrellus pipistrellus,0.406,0.589,-1,Echolocation,192000.0,/mnt/ubna_data_04/recover-20241018/UBNA_010/20241012_040000.WAV,recover-20241018,UBNA_010,Central Pond
HF,48960.0,12.7459627660579,170.5695,170.5782,47812.0,64692.0,Pipistrellus pipistrellus,0.507,0.613,-1,Echolocation,192000.0,/mnt/ubna_data_04/recover-20241018/UBNA_010/20241012_030000.WAV,recover-20241018,UBNA_010,Central Pond
LF,26880.0,18.243899402924455,221.7845,221.8033,25468.0,28722.0,Nyctalus leisleri,0.427,0.501,-1,Echolocation,192000.0,/mnt/ubna_data_04/recover-20241018/UBNA_010/20241013_091000.WAV,recover-20241018,UBNA_010,Central Pond
LF,26880.0,11.578857460457295,127.1225,127.1389,26328.0,29120.0,Nyctalus leisleri,0.489,0.57,-1,Echolocation,192000.0,/mnt/ubna_data_04/recover-20241018/UBNA_010/20241013_105000.WAV,recover-20241018,UBNA_010,Central Pond
LF,28800.0,8.554456788194969,80.1955,80.20830000000001,27187.0,32624.0,Nyctalus leisleri,0.441,0.607,-1,Echolocation,192000.0,/mnt/ubna_data_04/recover-20241018/UBNA_010/20241013_083000.WAV,recover-20241018,UBNA_010,Central Pond
LF,25920.0,17.483363213511304,96.8735,96.8889,24609.0,29980.0,Nyctalus leisleri,0.396,0.508,-1,Echolocation,192000.0,/mnt/ubna_data_04/recover-20241018/UBNA_010/20241012_020000.WAV,recover-20241018,UBNA_010,Central Pond
LF,24000.0,12.713819932827855,97.98949999999999,98.00450000000001,23750.0,28401.0,Nyctalus leisleri,0.427,0.52,-1,Echolocation,192000.0,/mnt/ubna_data_04/recover-20241018/UBNA_010/20241015_054000.WAV,recover-20241018,UBNA_010,Central Pond
HF,46080.0,11.03754010067188,69.8145,69.821,43515.0,62768.0,Pipistrellus pipistrellus,0.336,0.606,-1,Echolocation,192000.0,/mnt/ubna_data_04/recover-20241018/UBNA_010/20241016_040000.WAV,recover-20241018,UBNA_010,Central Pond
HF,48960.0,8.703552820214536,91.4415,91.4489,47812.0,61017.0,Pipistrellus pipistrellus,0.634,0.666,-1,Echolocation,192000.0,/mnt/ubna_data_04/recover-20241018/UBNA_010/20241017_081000.WAV,recover-20241018,UBNA_010,Central Pond
HF,48000.0,7.974387877645841,270.4735,270.4835,43515.0,62848.0,Pipistrellus pipistrellus,0.42,0.598,-1,Echolocation,192000.0,/mnt/ubna_data_04/recover-20241018/UBNA_010/20241012_040000.WAV,recover-20241018,UBNA_010,Central Pond
HF,54720.0,12.342577729145368,132.0775,132.0861,46953.0,66908.0,Pipistrellus pipistrellus,0.46,0.554,-1,Echolocation,192000.0,/mnt/ubna_data_04/recover-20241018/UBNA_010/20241018_032000.WAV,recover-20241018,UBNA_010,Central Pond
LF,23040.0,2.0691821928378435,0.6265,0.6385,22890.0,27965.0,Nyctalus leisleri,0.506,0.604,-1,Echolocation,192000.0,/mnt/ubna_data_04/recover-20241018/UBNA_010/20241011_211000.WAV,recover-20241018,UBNA_010,Central Pond
LF,27840.0,2.2839981941091962,46.082499999999996,46.094,27187.0,32255.0,Nyctalus leisleri,0.277,0.534,-1,Echolocation,192000.0,/mnt/ubna_data_04/recover-20241018/UBNA_010/20241017_042000.WAV,recover-20241018,UBNA_010,Central Pond
LF,32640.0,0.01747561986153515,37.9105,37.9233,22890.0,28423.0,Nyctalus leisleri,0.439,0.561,-1,Echolocation,192000.0,/mnt/ubna_data_04/recover-20241018/UBNA_010/20241011_211000.WAV,recover-20241018,UBNA_010,Central Pond
LF,23040.0,7.158037696045142,89.4025,89.4173,22890.0,26680.0,Nyctalus leisleri,0.393,0.521,-1,Echolocation,192000.0,/mnt/ubna_data_04/recover-20241018/UBNA_010/20241011_211000.WAV,recover-20241018,UBNA_010,Central Pond
LF,23040.0,2.529370216677766,97.0255,97.0402,22890.0,27443.0,Nyctalus leisleri,0.461,0.552,-1,Echolocation,192000.0,/mnt/ubna_data_04/recover-20241018/UBNA_010/20241011_211000.WAV,recover-20241018,UBNA_010,Central Pond
HF,46080.0,13.15092255093208,200.7335,200.7431,43515.0,54487.0,Pipistrellus pipistrellus,0.45,0.515,-1,Echolocation,192000.0,/mnt/ubna_data_04/recover-20241018/UBNA_010/20241012_043000.WAV,recover-20241018,UBNA_010,Central Pond
LF,23040.0,7.134566859562101,129.2635,129.2796,22890.0,27029.0,Nyctalus leisleri,0.453,0.517,-1,Echolocation,192000.0,/mnt/ubna_data_04/recover-20241018/UBNA_010/20241011_211000.WAV,recover-20241018,UBNA_010,Central Pond
HF,47040.0,11.88168061558493,30.7315,30.7406,46093.0,60405.0,Pipistrellus pipistrellus,0.488,0.56,-1,Echolocation,192000.0,/mnt/ubna_data_04/recover-20241018/UBNA_010/20241016_022000.WAV,recover-20241018,UBNA_010,Central Pond
HF,46080.0,9.469745819752118,273.2415,273.2483,45234.0,55418.0,Pipistrellus pipistrellus,0.436,0.5,-1,Echolocation,192000.0,/mnt/ubna_data_04/recover-20241018/UBNA_010/20241013_062000.WAV,recover-20241018,UBNA_010,Central Pond
LF,23040.0,0.046057880977970964,169.3855,169.4017,22890.0,26526.0,Nyctalus leisleri,0.548,0.585,-1,Echolocation,192000.0,/mnt/ubna_data_04/recover-20241018/UBNA_010/20241011_211000.WAV,recover-20241018,UBNA_010,Central Pond
HF,47040.0,10.084374992437123,29.5475,29.5594,43515.0,60674.0,Pipistrellus pipistrellus,0.437,0.562,-1,Echolocation,192000.0,/mnt/ubna_data_04/recover-20241018/UBNA_010/20241016_022000.WAV,recover-20241018,UBNA_010,Central Pond
LF,25920.0,26.66269536200626,124.1655,124.1797,25468.0,28926.0,Nyctalus leisleri,0.541,0.628,-1,Echolocation,192000.0,/mnt/ubna_data_04/recover-20241018/UBNA_010/20241015_074000.WAV,recover-20241018,UBNA_010,Central Pond
LF,26880.0,9.011134398281364,274.8825,274.8967,25468.0,29933.0,Nyctalus leisleri,0.383,0.509,-1,Echolocation,192000.0,/mnt/ubna_data_04/recover-20241018/UBNA_010/20241012_071000.WAV,recover-20241018,UBNA_010,Central Pond
LF,27840.0,10.69485207029585,90.5115,90.5227,27187.0,31991.0,Nyctalus leisleri,0.446,0.599,-1,Echolocation,192000.0,/mnt/ubna_data_04/recover-20241018/UBNA_010/20241012_073000.WAV,recover-20241018,UBNA_010,Central Pond
LF,27840.0,29.85200484511359,30.6325,30.6451,27187.0,35696.0,Nyctalus leisleri,0.472,0.726,-1,Echolocation,192000.0,/mnt/ubna_data_04/recover-20241018/UBNA_010/20241013_112000.WAV,recover-20241018,UBNA_010,Central Pond
LF,25920.0,15.155605672654504,155.4065,155.4204,25468.0,29187.0,Nyctalus leisleri,0.549,0.689,-1,Echolocation,192000.0,/mnt/ubna_data_04/recover-20241018/UBNA_010/20241015_033000.WAV,recover-20241018,UBNA_010,Central Pond
HF,47040.0,5.13197424242666,37.8135,37.8194,46953.0,58681.0,Pipistrellus pipistrellus,0.512,0.53,-1,Echolocation,192000.0,/mnt/ubna_data_04/recover-20241018/UBNA_010/20241015_024000.WAV,recover-20241018,UBNA_010,Central Pond
LF,27840.0,3.384227815707452,238.40449999999998,238.4166,27187.0,34045.0,Eptesicus serotinus,0.262,0.552,-1,Echolocation,192000.0,/mnt/ubna_data_04/recover-20241018/UBNA_010/20241014_075000.WAV,recover-20241018,UBNA_010,Central Pond
LF,25920.0,8.993997766709946,274.5495,274.5649,25468.0,30095.0,Nyctalus leisleri,0.409,0.523,-1,Echolocation,192000.0,/mnt/ubna_data_04/recover-20241018/UBNA_010/20241014_020000.WAV,recover-20241018,UBNA_010,Central Pond
LF,24000.0,4.803326643064091,211.3725,211.3909,23750.0,27467.0,Nyctalus leisleri,0.488,0.57,-1,Echolocation,192000.0,/mnt/ubna_data_04/recover-20241018/UBNA_010/20241014_020000.WAV,recover-20241018,UBNA_010,Central Pond
LF,27840.0,19.312733566621013,241.7175,241.7341,26328.0,31443.0,Nyctalus leisleri,0.346,0.546,-1,Echolocation,192000.0,/mnt/ubna_data_04/recover-20241018/UBNA_010/20241014_075000.WAV,recover-20241018,UBNA_010,Central Pond
HF,46080.0,10.018861724918334,176.2655,176.2765,45234.0,61631.0,Pipistrellus pipistrellus,0.42,0.536,-1,Echolocation,192000.0,/mnt/ubna_data_04/recover-20241018/UBNA_010/20241012_031000.WAV,recover-20241018,UBNA_010,Central Pond
LF,25920.0,8.246350786855519,207.7845,207.80180000000001,24609.0,28869.0,Nyctalus leisleri,0.363,0.549,-1,Echolocation,192000.0,/mnt/ubna_data_04/recover-20241018/UBNA_010/20241014_020000.WAV,recover-20241018,UBNA_010,Central Pond
LF,25920.0,11.616435603991471,118.67150000000001,118.694,24609.0,26377.0,Nyctalus leisleri,0.513,0.549,-1,Echolocation,192000.0,/mnt/ubna_data_04/recover-20241018/UBNA_010/20241014_021000.WAV,recover-20241018,UBNA_010,Central Pond
LF,25920.0,17.558750221581928,57.9555,57.9711,25468.0,28340.0,Nyctalus leisleri,0.537,0.596,-1,Echolocation,192000.0,/mnt/ubna_data_04/recover-20241018/UBNA_010/20241014_065000.WAV,recover-20241018,UBNA_010,Central Pond
LF,25920.0,9.264303305413621,213.4155,213.4295,24609.0,28511.0,Nyctalus leisleri,0.483,0.601,-1,Echolocation,192000.0,/mnt/ubna_data_04/recover-20241018/UBNA_010/20241014_021000.WAV,recover-20241018,UBNA_010,Central Pond
LF,25920.0,7.159359605026973,156.0515,156.0669,24609.0,27560.0,Nyctalus leisleri,0.495,0.586,-1,Echolocation,192000.0,/mnt/ubna_data_04/recover-20241018/UBNA_010/20241014_020000.WAV,recover-20241018,UBNA_010,Central Pond
LF,29760.0,5.3359987754708005,98.85849999999999,98.8695,28906.0,34585.0,Nyctalus leisleri,0.286,0.525,-1,Echolocation,192000.0,/mnt/ubna_data_04/recover-20241018/UBNA_010/20241014_111000.WAV,recover-20241018,UBNA_010,Central Pond
HF,48000.0,10.628909919594118,298.9105,298.9183,46953.0,54227.0,Pipistrellus pipistrellus,0.631,0.636,-1,Echolocation,192000.0,/mnt/ubna_data_04/recover-20241018/UBNA_010/20241016_023000.WAV,recover-20241018,UBNA_010,Central Pond
HF,48000.0,8.082883463276243,287.8405,287.8454,45234.0,55762.0,Pipistrellus pipistrellus,0.47,0.514,-1,Echolocation,192000.0,/mnt/ubna_data_04/recover-20241018/UBNA_010/20241014_031000.WAV,recover-20241018,UBNA_010,Central Pond
LF,24960.0,12.144119817059131,103.6545,103.6716,23750.0,28295.0,Nyctalus leisleri,0.462,0.565,-1,Echolocation,192000.0,/mnt/ubna_data_04/recover-20241018/UBNA_010/20241014_020000.WAV,recover-20241018,UBNA_010,Central Pond
LF,24960.0,15.576102071436564,250.5845,250.6055,23750.0,26675.0,Nyctalus leisleri,0.527,0.571,-1,Echolocation,192000.0,/mnt/ubna_data_04/recover-20241018/UBNA_010/20241014_020000.WAV,recover-20241018,UBNA_010,Central Pond
LF,24000.0,18.926456708835605,43.2145,43.2327,23750.0,27823.0,Nyctalus leisleri,0.435,0.534,-1,Echolocation,192000.0,/mnt/ubna_data_04/recover-20241018/UBNA_010/20241014_020000.WAV,recover-20241018,UBNA_010,Central Pond
LF,23040.0,29.113160497198727,241.2535,241.2745,22031.0,30026.0,Nyctalus noctula,0.485,0.647,-1,Echolocation,192000.0,/mnt/ubna_data_04/recover-20241018/UBNA_010/20241014_021000.WAV,recover-20241018,UBNA_010,Central Pond
LF,25920.0,12.302965735807334,0.7125,0.7308,24609.0,28381.0,Nyctalus leisleri,0.436,0.519,-1,Echolocation,192000.0,/mnt/ubna_data_04/recover-20241018/UBNA_010/20241014_020000.WAV,recover-20241018,UBNA_010,Central Pond
LF,26880.0,25.488900893472493,109.3535,109.367,26328.0,34285.0,Nyctalus leisleri,0.377,0.592,-1,Echolocation,192000.0,/mnt/ubna_data_04/recover-20241018/UBNA_010/20241014_043000.WAV,recover-20241018,UBNA_010,Central Pond
LF,25920.0,9.415945419882163,65.3915,65.4077,25468.0,28821.0,Nyctalus leisleri,0.465,0.565,-1,Echolocation,192000.0,/mnt/ubna_data_04/recover-20241018/UBNA_010/20241014_020000.WAV,recover-20241018,UBNA_010,Central Pond
LF,26880.0,12.694615979301812,59.6605,59.6764,26328.0,31586.0,Nyctalus leisleri,0.238,0.503,-1,Echolocation,192000.0,/mnt/ubna_data_04/recover-20241018/UBNA_010/20241015_021000.WAV,recover-20241018,UBNA_010,Central Pond
LF,27840.0,8.506314638346616,25.4935,25.5062,27187.0,32556.0,Nyctalus leisleri,0.331,0.61,-1,Echolocation,192000.0,/mnt/ubna_data_04/recover-20241018/UBNA_010/20241014_050000.WAV,recover-20241018,UBNA_010,Central Pond
HF,46080.0,7.011632918371239,173.7595,173.7693,43515.0,56920.0,Pipistrellus pipistrellus,0.401,0.503,-1,Echolocation,192000.0,/mnt/ubna_data_04/recover-20241018/UBNA_010/20241014_031000.WAV,recover-20241018,UBNA_010,Central Pond
HF,48000.0,10.051304610117393,211.1325,211.1385,46953.0,58454.0,Pipistrellus pipistrellus,0.598,0.649,-1,Echolocation,192000.0,/mnt/ubna_data_04/recover-20241018/UBNA_010/20241012_034000.WAV,recover-20241018,UBNA_010,Central Pond
LF,24960.0,5.452168490222911,19.5865,19.599,24609.0,29909.0,Nyctalus leisleri,0.382,0.551,-1,Echolocation,192000.0,/mnt/ubna_data_04/recover-20241018/UBNA_010/20241014_023000.WAV,recover-20241018,UBNA_010,Central Pond
LF,32640.0,0.3442638366191364,129.7325,129.7462,23750.0,29049.0,Nyctalus leisleri,0.455,0.533,-1,Echolocation,192000.0,/mnt/ubna_data_04/recover-20241018/UBNA_010/20241011_211000.WAV,recover-20241018,UBNA_010,Central Pond
HF,48000.0,10.954334537969014,299.0765,299.0846,46953.0,56237.0,Pipistrellus pipistrellus,0.563,0.577,-1,Echolocation,192000.0,/mnt/ubna_data_04/recover-20241018/UBNA_010/20241016_023000.WAV,recover-20241018,UBNA_010,Central Pond
LF,25920.0,9.274565567916191,20.1605,20.1716,24609.0,30733.0,Nyctalus leisleri,0.338,0.504,-1,Echolocation,192000.0,/mnt/ubna_data_04/recover-20241018/UBNA_010/20241014_023000.WAV,recover-20241018,UBNA_010,Central Pond
LF,25920.0,11.863543737722132,274.8605,274.8729,25468.0,31174.0,Nyctalus leisleri,0.333,0.583,-1,Echolocation,192000.0,/mnt/ubna_data_04/recover-20241018/UBNA_010/20241014_020000.WAV,recover-20241018,UBNA_010,Central Pond
HF,48000.0,14.15523387107248,69.9095,69.9167,43515.0,62285.0,Pipistrellus pipistrellus,0.536,0.656,-1,Echolocation,192000.0,/mnt/ubna_data_04/recover-20241018/UBNA_010/20241016_040000.WAV,recover-20241018,UBNA_010,Central Pond
LF,23040.0,3.75437963432975,98.36449999999999,98.3816,22890.0,26673.0,Nyctalus leisleri,0.451,0.522,-1,Echolocation,192000.0,/mnt/ubna_data_04/recover-20241018/UBNA_010/20241011_211000.WAV,recover-20241018,UBNA_010,Central Pond
HF,48000.0,5.559132162260221,132.1775,132.1858,47812.0,54019.0,Pipistrellus pipistrellus,0.494,0.513,-1,Echolocation,192000.0,/mnt/ubna_data_04/recover-20241018/UBNA_010/20241018_032000.WAV,recover-20241018,UBNA_010,Central Pond
LF,23040.0,1.95643410115948,89.6375,89.6516,22890.0,27180.0,Nyctalus leisleri,0.422,0.568,-1,Echolocation,192000.0,/mnt/ubna_data_04/recover-20241018/UBNA_010/20241011_211000.WAV,recover-20241018,UBNA_010,Central Pond
HF,47040.0,13.172553702248857,91.5415,91.5518,45234.0,60845.0,Pipistrellus pipistrellus,0.428,0.536,-1,Echolocation,192000.0,/mnt/ubna_data_04/recover-20241018/UBNA_010/20241017_081000.WAV,recover-20241018,UBNA_010,Central Pond
LF,23040.0,28.43728837508155,241.8335,241.8507,22031.0,27135.0,Nyctalus noctula,0.312,0.544,-1,Echolocation,192000.0,/mnt/ubna_data_04/recover-20241018/UBNA_010/20241014_021000.WAV,recover-20241018,UBNA_010,Central Pond
LF,24000.0,0.26123841682813764,40.448499999999996,40.4625,22890.0,26890.0,Nyctalus leisleri,0.494,0.592,-1,Echolocation,192000.0,/mnt/ubna_data_04/recover-20241018/UBNA_010/20241011_211000.WAV,recover-20241018,UBNA_010,Central Pond
LF,25920.0,4.188041545070346,213.6955,213.7071,24609.0,29465.0,Nyctalus leisleri,0.419,0.626,-1,Echolocation,192000.0,/mnt/ubna_data_04/recover-20241018/UBNA_010/20241014_021000.WAV,recover-20241018,UBNA_010,Central Pond
LF,25920.0,14.05680679866734,250.9865,251.0029,24609.0,29200.0,Nyctalus leisleri,0.478,0.581,-1,Echolocation,192000.0,/mnt/ubna_data_04/recover-20241018/UBNA_010/20241014_020000.WAV,recover-20241018,UBNA_010,Central Pond
LF,32640.0,1.0155661059170193,10.1455,10.16,22890.0,28083.0,Nyctalus leisleri,0.526,0.629,-1,Echolocation,192000.0,/mnt/ubna_data_04/recover-20241018/UBNA_010/20241011_211000.WAV,recover-20241018,UBNA_010,Central Pond
LF,26880.0,8.54717253123247,25.7455,25.7582,26328.0,32450.0,Nyctalus leisleri,0.314,0.607,-1,Echolocation,192000.0,/mnt/ubna_data_04/recover-20241018/UBNA_010/20241014_050000.WAV,recover-20241018,UBNA_010,Central Pond
LF,27840.0,6.715302789790235,46.2965,46.3074,27187.0,33754.0,Nyctalus leisleri,0.439,0.668,-1,Echolocation,192000.0,/mnt/ubna_data_04/recover-20241018/UBNA_010/20241017_042000.WAV,recover-20241018,UBNA_010,Central Pond
LF,26880.0,11.035674480047941,58.414500000000004,58.4287,25468.0,28837.0,Nyctalus leisleri,0.565,0.617,-1,Echolocation,192000.0,/mnt/ubna_data_04/recover-20241018/UBNA_010/20241014_065000.WAV,recover-20241018,UBNA_010,Central Pond
HF,48000.0,10.460884856348791,211.3025,211.3075,46953.0,58204.0,Pipistrellus pipistrellus,0.525,0.541,-1,Echolocation,192000.0,/mnt/ubna_data_04/recover-20241018/UBNA_010/20241012_034000.WAV,recover-20241018,UBNA_010,Central Pond
LF,25920.0,19.606204290718814,97.2435,97.2619,23750.0,29416.0,Nyctalus leisleri,0.366,0.52,-1,Echolocation,192000.0,/mnt/ubna_data_04/recover-20241018/UBNA_010/20241012_020000.WAV,recover-20241018,UBNA_010,Central Pond
LF,24960.0,17.846567909004577,211.6645,211.6832,22890.0,26443.0,Nyctalus leisleri,0.498,0.573,-1,Echolocation,192000.0,/mnt/ubna_data_04/recover-20241018/UBNA_010/20241014_020000.WAV,recover-20241018,UBNA_010,Central Pond
LF,28800.0,20.378176307473183,27.3855,27.3994,28046.0,35449.0,Eptesicus serotinus,0.263,0.602,-1,Echolocation,192000.0,/mnt/ubna_data_04/recover-20241018/UBNA_010/20241013_112000.WAV,recover-20241018,UBNA_010,Central Pond
LF,25920.0,15.765920099080192,0.9805,0.9959,24609.0,28170.0,Nyctalus leisleri,0.53,0.625,-1,Echolocation,192000.0,/mnt/ubna_data_04/recover-20241018/UBNA_010/20241014_020000.WAV,recover-20241018,UBNA_010,Central Pond
LF,26880.0,26.851604041832534,66.1335,66.1506,26328.0,30441.0,Nyctalus leisleri,0.533,0.618,-1,Echolocation,192000.0,/mnt/ubna_data_04/recover-20241018/UBNA_010/20241015_021000.WAV,recover-20241018,UBNA_010,Central Pond
LF,26880.0,13.587886407726522,128.9805,129.0004,26328.0,29815.0,Nyctalus leisleri,0.394,0.512,-1,Echolocation,192000.0,/mnt/ubna_data_04/recover-20241018/UBNA_010/20241013_105000.WAV,recover-20241018,UBNA_010,Central Pond
LF,28800.0,6.7422841025526505,59.8005,59.8124,27187.0,33286.0,Nyctalus leisleri,0.284,0.517,-1,Echolocation,192000.0,/mnt/ubna_data_04/recover-20241018/UBNA_010/20241015_021000.WAV,recover-20241018,UBNA_010,Central Pond
LF,25920.0,10.98266509273252,50.5005,50.5197,24609.0,28528.0,Nyctalus leisleri,0.352,0.506,-1,Echolocation,192000.0,/mnt/ubna_data_04/recover-20241018/UBNA_010/20241014_020000.WAV,recover-20241018,UBNA_010,Central Pond
LF,26880.0,14.772963087608959,155.5625,155.5757,25468.0,30335.0,Nyctalus leisleri,0.394,0.582,-1,Echolocation,192000.0,/mnt/ubna_data_04/recover-20241018/UBNA_010/20241015_033000.WAV,recover-20241018,UBNA_010,Central Pond
LF,27840.0,16.76302629018988,81.1885,81.2056,27187.0,30350.0,Nyctalus leisleri,0.493,0.551,-1,Echolocation,192000.0,/mnt/ubna_data_04/recover-20241018/UBNA_010/20241013_083000.WAV,recover-20241018,UBNA_010,Central Pond
LF,26880.0,5.406724183686073,65.6725,65.6852,26328.0,31635.0,Nyctalus leisleri,0.345,0.58,-1,Echolocation,192000.0,/mnt/ubna_data_04/recover-20241018/UBNA_010/20241014_020000.WAV,recover-20241018,UBNA_010,Central Pond
LF,25920.0,16.205082517229283,281.4975,281.5159,25468.0,28557.0,Nyctalus leisleri,0.394,0.5,-1,Echolocation,192000.0,/mnt/ubna_data_04/recover-20241018/UBNA_010/20241013_040000.WAV,recover-20241018,UBNA_010,Central Pond
LF,27840.0,19.056779750551144,179.3045,179.3209,27187.0,30211.0,Nyctalus leisleri,0.674,0.722,-1,Echolocation,192000.0,/mnt/ubna_data_04/recover-20241018/UBNA_010/20241015_052000.WAV,recover-20241018,UBNA_010,Central Pond
HF,48960.0,10.46178764862885,170.6715,170.6831,47812.0,64889.0,Pipistrellus pipistrellus,0.432,0.537,-1,Echolocation,192000.0,/mnt/ubna_data_04/recover-20241018/UBNA_010/20241012_030000.WAV,recover-20241018,UBNA_010,Central Pond
LF,24960.0,4.854142241785258,178.1455,178.1617,23750.0,28145.0,Nyctalus leisleri,0.421,0.528,-1,Echolocation,192000.0,/mnt/ubna_data_04/recover-20241018/UBNA_010/20241013_030000.WAV,recover-20241018,UBNA_010,Central Pond
LF,29760.0,11.665307960189688,99.0855,99.0967,28906.0,35520.0,Nyctalus leisleri,0.255,0.502,-1,Echolocation,192000.0,/mnt/ubna_data_04/recover-20241018/UBNA_010/20241014_111000.WAV,recover-20241018,UBNA_010,Central Pond
LF,25920.0,11.664670376747694,103.7915,103.8062,23750.0,29498.0,Nyctalus leisleri,0.368,0.625,-1,Echolocation,192000.0,/mnt/ubna_data_04/recover-20241018/UBNA_010/20241014_020000.WAV,recover-20241018,UBNA_010,Central Pond
LF,24000.0,16.46752382717412,204.8105,204.8332,22031.0,25123.0,Nyctalus leisleri,0.512,0.534,-1,Echolocation,192000.0,/mnt/ubna_data_04/recover-20241018/UBNA_010/20241013_020000.WAV,recover-20241018,UBNA_010,Central Pond
LF,27840.0,15.038044294231279,91.0615,91.0762,26328.0,29944.0,Nyctalus leisleri,0.56,0.629,-1,Echolocation,192000.0,/mnt/ubna_data_04/recover-20241018/UBNA_010/20241012_073000.WAV,recover-20241018,UBNA_010,Central Pond
LF,24960.0,8.991282025185637,156.5565,156.5762,24609.0,27384.0,Nyctalus leisleri,0.425,0.518,-1,Echolocation,192000.0,/mnt/ubna_data_04/recover-20241018/UBNA_010/20241014_020000.WAV,recover-20241018,UBNA_010,Central Pond
HF,47040.0,11.089966517972085,176.5375,176.5472,45234.0,60998.0,Pipistrellus pipistrellus,0.515,0.573,-1,Echolocation,192000.0,/mnt/ubna_data_04/recover-20241018/UBNA_010/20241012_031000.WAV,recover-20241018,UBNA_010,Central Pond
LF,24960.0,11.579422055972175,98.5015,98.5204,23750.0,27619.0,Nyctalus leisleri,0.437,0.517,-1,Echolocation,192000.0,/mnt/ubna_data_04/recover-20241018/UBNA_010/20241015_054000.WAV,recover-20241018,UBNA_010,Central Pond
LF,26880.0,11.33737840456111,275.7175,275.7312,26328.0,31591.0,Nyctalus leisleri,0.338,0.589,-1,Echolocation,192000.0,/mnt/ubna_data_04/recover-20241018/UBNA_010/20241012_071000.WAV,recover-20241018,UBNA_010,Central Pond
LF,26880.0,4.982957401206749,208.6015,208.6177,25468.0,29186.0,Nyctalus leisleri,0.463,0.552,-1,Echolocation,192000.0,/mnt/ubna_data_04/recover-20241018/UBNA_010/20241014_020000.WAV,recover-20241018,UBNA_010,Central Pond
LF,26880.0,35.06126841255695,31.1685,31.1873,26328.0,29503.0,Nyctalus leisleri,0.659,0.692,-1,Echolocation,192000.0,/mnt/ubna_data_04/recover-20241018/UBNA_010/20241013_112000.WAV,recover-20241018,UBNA_010,Central Pond
LF,23040.0,4.2795712048172,170.1445,170.1601,22890.0,27039.0,Nyctalus leisleri,0.437,0.505,-1,Echolocation,192000.0,/mnt/ubna_data_04/recover-20241018/UBNA_010/20241011_211000.WAV,recover-20241018,UBNA_010,Central Pond
LF,26880.0,29.02530800874063,124.5035,124.5203,25468.0,28988.0,Nyctalus leisleri,0.655,0.694,-1,Echolocation,192000.0,/mnt/ubna_data_04/recover-20241018/UBNA_010/20241015_074000.WAV,recover-20241018,UBNA_010,Central Pond
LF,27840.0,7.727793889240299,238.8795,238.8913,27187.0,33372.0,Eptesicus serotinus,0.273,0.607,-1,Echolocation,192000.0,/mnt/ubna_data_04/recover-20241018/UBNA_010/20241014_075000.WAV,recover-20241018,UBNA_010,Central Pond
LF,26880.0,25.55862307137915,109.4945,109.50919999999999,25468.0,35292.0,Eptesicus serotinus,0.319,0.545,-1,Echolocation,192000.0,/mnt/ubna_data_04/recover-20241018/UBNA_010/20241014_043000.WAV,recover-20241018,UBNA_010,Central Pond
HF,48000.0,7.198966505555609,269.7255,269.7365,44375.0,59450.0,Pipistrellus pipistrellus,0.365,0.633,-1,Echolocation,192000.0,/mnt/ubna_data_04/recover-20241018/UBNA_010/20241012_040000.WAV,recover-20241018,UBNA_010,Central Pond
HF,48960.0,6.907460401764885,37.9125,37.9174,47812.0,58486.0,Pipistrellus pipistrellus,0.576,0.594,-1,Echolocation,192000.0,/mnt/ubna_data_04/recover-20241018/UBNA_010/20241015_024000.WAV,recover-20241018,UBNA_010,Central Pond
HF,47040.0,13.60670467572123,29.7285,29.7397,44375.0,56213.0,Pipistrellus pipistrellus,0.505,0.6,-1,Echolocation,192000.0,/mnt/ubna_data_04/recover-20241018/UBNA_010/20241016_022000.WAV,recover-20241018,UBNA_010,Central Pond
HF,45120.0,7.0384763554253045,270.7745,270.7836,42656.0,58308.0,Pipistrellus pipistrellus,0.374,0.564,-1,Echolocation,192000.0,/mnt/ubna_data_04/recover-20241018/UBNA_010/20241012_040000.WAV,recover-20241018,UBNA_010,Central Pond
HF,47040.0,6.3477489585712235,287.9435,287.9494,44375.0,57005.0,Pipistrellus pipistrellus,0.494,0.54,-1,Echolocation,192000.0,/mnt/ubna_data_04/recover-20241018/UBNA_010/20241014_031000.WAV,recover-20241018,UBNA_010,Central Pond
HF,48000.0,13.458545898054657,31.2315,31.2403,46093.0,60594.0,Pipistrellus pipistrellus,0.465,0.556,-1,Echolocation,192000.0,/mnt/ubna_data_04/recover-20241018/UBNA_010/20241016_022000.WAV,recover-20241018,UBNA_010,Central Pond
HF,45120.0,6.988017163914106,173.8625,173.8701,43515.0,58305.0,Pipistrellus pipistrellus,0.43,0.536,-1,Echolocation,192000.0,/mnt/ubna_data_04/recover-20241018/UBNA_010/20241014_031000.WAV,recover-20241018,UBNA_010,Central Pond
HF,46080.0,15.293300087238137,273.7905,273.7963,44375.0,56613.0,Pipistrellus pipistrellus,0.595,0.678,-1,Echolocation,192000.0,/mnt/ubna_data_04/recover-20241018/UBNA_010/20241013_062000.WAV,recover-20241018,UBNA_010,Central Pond
LF,27840.0,25.357193062072113,124.7205,124.7385,27187.0,29916.0,Nyctalus leisleri,0.529,0.561,-1,Echolocation,192000.0,/mnt/ubna_data_04/recover-20241018/UBNA_010/20241015_074000.WAV,recover-20241018,UBNA_010,Central Pond
HF,53760.0,10.265029206826084,132.2775,132.2865,46093.0,65182.0,Pipistrellus pipistrellus,0.368,0.502,-1,Echolocation,192000.0,/mnt/ubna_data_04/recover-20241018/UBNA_010/20241018_032000.WAV,recover-20241018,UBNA_010,Central Pond
LF,32640.0,0.07024694091532066,10.3805,10.3936,22890.0,28017.0,Nyctalus leisleri,0.303,0.504,-1,Echolocation,192000.0,/mnt/ubna_data_04/recover-20241018/UBNA_010/20241011_211000.WAV,recover-20241018,UBNA_010,Central Pond
LF,26880.0,19.997361676160338,31.4085,31.4266,25468.0,29721.0,Nyctalus leisleri,0.419,0.555,-1,Echolocation,192000.0,/mnt/ubna_data_04/recover-20241018/UBNA_010/20241013_112000.WAV,recover-20241018,UBNA_010,Central Pond
LF,26880.0,7.62496260333948,239.1255,239.137,27187.0,32792.0,Nyctalus leisleri,0.506,0.665,-1,Echolocation,192000.0,/mnt/ubna_data_04/recover-20241018/UBNA_010/20241014_075000.WAV,recover-20241018,UBNA_010,Central Pond
HF,48000.0,4.260899136891748,211.4405,211.4457,46953.0,58458.0,Pipistrellus pipistrellus,0.575,0.596,-1,Echolocation,192000.0,/mnt/ubna_data_04/recover-20241018/UBNA_010/20241012_034000.WAV,recover-20241018,UBNA_010,Central Pond
HF,47040.0,8.195453641217066,288.1465,288.1534,44375.0,56288.0,Pipistrellus pipistrellus,0.581,0.628,-1,Echolocation,192000.0,/mnt/ubna_data_04/recover-20241018/UBNA_010/20241014_031000.WAV,recover-20241018,UBNA_010,Central Pond
LF,27840.0,16.266611910861265,91.2825,91.2976,27187.0,31777.0,Nyctalus leisleri,0.443,0.527,-1,Echolocation,192000.0,/mnt/ubna_data_04/recover-20241018/UBNA_010/20241012_073000.WAV,recover-20241018,UBNA_010,Central Pond
HF,46080.0,12.336492967082819,273.9585,273.9665,45234.0,53159.0,Pipistrellus pipistrellus,0.488,0.586,-1,Echolocation,192000.0,/mnt/ubna_data_04/recover-20241018/UBNA_010/20241013_062000.WAV,recover-20241018,UBNA_010,Central Pond
LF,24960.0,7.217263117903663,213.9405,213.9534,24609.0,29020.0,Nyctalus leisleri,0.424,0.59,-1,Echolocation,192000.0,/mnt/ubna_data_04/recover-20241018/UBNA_010/20241014_021000.WAV,recover-20241018,UBNA_010,Central Pond
LF,24960.0,15.761797059205659,98.6505,98.6695,23750.0,27298.0,Nyctalus leisleri,0.566,0.617,-1,Echolocation,192000.0,/mnt/ubna_data_04/recover-20241018/UBNA_010/20241015_054000.WAV,recover-20241018,UBNA_010,Central Pond
LF,27840.0,13.594586950505587,27.5695,27.5844,27187.0,35267.0,Eptesicus serotinus,0.349,0.586,-1,Echolocation,192000.0,/mnt/ubna_data_04/recover-20241018/UBNA_010/20241013_112000.WAV,recover-20241018,UBNA_010,Central Pond
LF,23040.0,28.856752493441714,242.1215,242.1419,22031.0,27449.0,Nyctalus noctula,0.414,0.537,-1,Echolocation,192000.0,/mnt/ubna_data_04/recover-20241018/UBNA_010/20241014_021000.WAV,recover-20241018,UBNA_010,Central Pond
HF,48000.0,11.12912301895777,91.6365,91.6443,46953.0,61022.0,Pipistrellus pipistrellus,0.488,0.523,-1,Echolocation,192000.0,/mnt/ubna_data_04/recover-20241018/UBNA_010/20241017_081000.WAV,recover-20241018,UBNA_010,Central Pond
HF,48000.0,17.1982326040358,170.8735,170.8829,47812.0,65997.0,Pipistrellus pipistrellus,0.529,0.645,-1,Echolocation,192000.0,/mnt/ubna_data_04/recover-20241018/UBNA_010/20241012_030000.WAV,recover-20241018,UBNA_010,Central Pond
LF,27840.0,19.777003371240035,129.3495,129.364,26328.0,30971.0,Nyctalus leisleri,0.485,0.612,-1,Echolocation,192000.0,/mnt/ubna_data_04/recover-20241018/UBNA_010/20241013_105000.WAV,recover-20241018,UBNA_010,Central Pond
HF,47040.0,13.736245323092081,31.2785,31.2881,44375.0,63715.0,Pipistrellus pipistrellus,0.379,0.532,-1,Echolocation,192000.0,/mnt/ubna_data_04/recover-20241018/UBNA_010/20241016_022000.WAV,recover-20241018,UBNA_010,Central Pond
LF,25920.0,9.825052603395475,58.9965,59.014700000000005,25468.0,29171.0,Nyctalus leisleri,0.335,0.515,-1,Echolocation,192000.0,/mnt/ubna_data_04/recover-20241018/UBNA_010/20241014_065000.WAV,recover-20241018,UBNA_010,Central Pond
LF,25920.0,10.812517686292741,20.9155,20.9294,24609.0,29819.0,Nyctalus leisleri,0.43,0.612,-1,Echolocation,192000.0,/mnt/ubna_data_04/recover-20241018/UBNA_010/20241014_023000.WAV,recover-20241018,UBNA_010,Central Pond
LF,26880.0,9.447727042503768,26.2555,26.2689,26328.0,30798.0,Nyctalus leisleri,0.435,0.675,-1,Echolocation,192000.0,/mnt/ubna_data_04/recover-20241018/UBNA_010/20241014_050000.WAV,recover-20241018,UBNA_010,Central Pond
LF,25920.0,10.473605767194314,178.8705,178.885,24609.0,28940.0,Nyctalus leisleri,0.369,0.587,-1,Echolocation,192000.0,/mnt/ubna_data_04/recover-20241018/UBNA_010/20241013_030000.WAV,recover-20241018,UBNA_010,Central Pond
LF,25920.0,6.412093187395643,281.7345,281.7524,24609.0,28720.0,Nyctalus leisleri,0.354,0.531,-1,Echolocation,192000.0,/mnt/ubna_data_04/recover-20241018/UBNA_010/20241013_040000.WAV,recover-20241018,UBNA_010,Central Pond
LF,28800.0,22.49147772477098,179.5195,179.5354,27187.0,30660.0,Nyctalus leisleri,0.706,0.755,-1,Echolocation,192000.0,/mnt/ubna_data_04/recover-20241018/UBNA_010/20241015_052000.WAV,recover-20241018,UBNA_010,Central Pond
LF,26880.0,29.52685668864902,109.7265,109.7401,25468.0,35058.0,Nyctalus leisleri,0.357,0.599,-1,Echolocation,192000.0,/mnt/ubna_data_04/recover-20241018/UBNA_010/20241014_043000.WAV,recover-20241018,UBNA_010,Central Pond
LF,25920.0,7.48569701724081,157.2555,157.2728,24609.0,29046.0,Nyctalus leisleri,0.398,0.528,-1,Echolocation,192000.0,/mnt/ubna_data_04/recover-20241018/UBNA_010/20241015_033000.WAV,recover-20241018,UBNA_010,Central Pond
LF,24960.0,14.198631826392807,1.2455,1.2629,23750.0,28279.0,Nyctalus leisleri,0.446,0.559,-1,Echolocation,192000.0,/mnt/ubna_data_04/recover-20241018/UBNA_010/20241014_020000.WAV,recover-20241018,UBNA_010,Central Pond
LF,25920.0,18.361905291757846,276.3125,276.3279,25468.0,29597.0,Nyctalus leisleri,0.49,0.595,-1,Echolocation,192000.0,/mnt/ubna_data_04/recover-20241018/UBNA_010/20241012_071000.WAV,recover-20241018,UBNA_010,Central Pond
HF,46080.0,13.40437822729461,174.1625,174.1714,42656.0,58808.0,Pipistrellus pipistrellus,0.493,0.564,-1,Echolocation,192000.0,/mnt/ubna_data_04/recover-20241018/UBNA_010/20241014_031000.WAV,recover-20241018,UBNA_010,Central Pond
LF,25920.0,11.656424273995668,212.6535,212.6702,24609.0,28066.0,Nyctalus leisleri,0.528,0.598,-1,Echolocation,192000.0,/mnt/ubna_data_04/recover-20241018/UBNA_010/20241014_020000.WAV,recover-20241018,UBNA_010,Central Pond
LF,25920.0,13.048044812892542,251.1195,251.135,24609.0,29975.0,Nyctalus leisleri,0.389,0.586,-1,Echolocation,192000.0,/mnt/ubna_data_04/recover-20241018/UBNA_010/20241014_020000.WAV,recover-20241018,UBNA_010,Central Pond
LF,23040.0,1.9184126599220335,103.6105,103.6257,22890.0,27167.0,Nyctalus leisleri,0.45,0.52,-1,Echolocation,192000.0,/mnt/ubna_data_04/recover-20241018/UBNA_010/20241011_211000.WAV,recover-20241018,UBNA_010,Central Pond
LF,25920.0,9.018900669628401,208.9295,208.947,24609.0,29128.0,Nyctalus leisleri,0.326,0.551,-1,Echolocation,192000.0,/mnt/ubna_data_04/recover-20241018/UBNA_010/20241014_020000.WAV,recover-20241018,UBNA_010,Central Pond
LF,23040.0,11.493464535202822,130.0315,130.0446,22890.0,26798.0,Nyctalus leisleri,0.626,0.667,-1,Echolocation,192000.0,/mnt/ubna_data_04/recover-20241018/UBNA_010/20241011_211000.WAV,recover-20241018,UBNA_010,Central Pond
HF,48000.0,15.375543013663043,299.1735,299.1805,46953.0,54232.0,Pipistrellus pipistrellus,0.63,0.65,-1,Echolocation,192000.0,/mnt/ubna_data_04/recover-20241018/UBNA_010/20241016_023000.WAV,recover-20241018,UBNA_010,Central Pond
LF,28800.0,4.56266751083486,59.951499999999996,59.9625,28046.0,33404.0,Nyctalus leisleri,0.365,0.583,-1,Echolocation,192000.0,/mnt/ubna_data_04/recover-20241018/UBNA_010/20241015_021000.WAV,recover-20241018,UBNA_010,Central Pond
HF,46080.0,13.454066672712708,176.8875,176.8956,45234.0,57067.0,Pipistrellus pipistrellus,0.61,0.66,-1,Echolocation,192000.0,/mnt/ubna_data_04/recover-20241018/UBNA_010/20241012_031000.WAV,recover-20241018,UBNA_010,Central Pond
LF,23040.0,1.7303094597127449,89.8785,89.8948,22890.0,27121.0,Nyctalus leisleri,0.474,0.552,-1,Echolocation,192000.0,/mnt/ubna_data_04/recover-20241018/UBNA_010/20241011_211000.WAV,recover-20241018,UBNA_010,Central Pond
LF,23040.0,9.2015281370953,105.7565,105.7743,22890.0,27232.0,Nyctalus leisleri,0.4,0.519,-1,Echolocation,192000.0,/mnt/ubna_data_04/recover-20241018/UBNA_010/20241014_020000.WAV,recover-20241018,UBNA_010,Central Pond
HF,47040.0,5.511860785480169,38.0135,38.0197,46093.0,57255.0,Pipistrellus pipistrellus,0.501,0.522,-1,Echolocation,192000.0,/mnt/ubna_data_04/recover-20241018/UBNA_010/20241015_024000.WAV,recover-20241018,UBNA_010,Central Pond
LF,26880.0,8.30763402999807,46.7675,46.7833,26328.0,30444.0,Nyctalus leisleri,0.417,0.603,-1,Echolocation,192000.0,/mnt/ubna_data_04/recover-20241018/UBNA_010/20241017_042000.WAV,recover-20241018,UBNA_010,Central Pond
HF,47040.0,6.930919313174747,270.9775,270.9874,43515.0,60371.0,Pipistrellus pipistrellus,0.439,0.597,-1,Echolocation,192000.0,/mnt/ubna_data_04/recover-20241018/UBNA_010/20241012_040000.WAV,recover-20241018,UBNA_010,Central Pond
LF,26880.0,17.38179968507331,275.8435,275.8592,24609.0,32043.0,Eptesicus serotinus,0.232,0.508,-1,Echolocation,192000.0,/mnt/ubna_data_04/recover-20241018/UBNA_010/20241014_020000.WAV,recover-20241018,UBNA_010,Central Pond
HF,45120.0,13.667277765068548,70.0875,70.09309999999999,43515.0,63471.0,Pipistrellus pipistrellus,0.545,0.621,-1,Echolocation,192000.0,/mnt/ubna_data_04/recover-20241018/UBNA_010/20241016_040000.WAV,recover-20241018,UBNA_010,Central Pond
LF,26880.0,24.96959944993785,67.1125,67.1294,25468.0,31092.0,Nyctalus leisleri,0.347,0.537,-1,Echolocation,192000.0,/mnt/ubna_data_04/recover-20241018/UBNA_010/20241015_021000.WAV,recover-20241018,UBNA_010,Central Pond
LF,24960.0,18.494633605192078,97.4885,97.5027,24609.0,31751.0,Nyctalus leisleri,0.439,0.644,-1,Echolocation,192000.0,/mnt/ubna_data_04/recover-20241018/UBNA_010/20241012_020000.WAV,recover-20241018,UBNA_010,Central Pond
LF,29760.0,11.16974532423383,99.2835,99.293,28046.0,34434.0,Eptesicus serotinus,0.265,0.548,-1,Echolocation,192000.0,/mnt/ubna_data_04/recover-20241018/UBNA_010/20241014_111000.WAV,recover-20241018,UBNA_010,Central Pond
LF,32640.0,2.5545592977669918,40.5685,40.580799999999996,22890.0,27964.0,Nyctalus leisleri,0.304,0.527,-1,Echolocation,192000.0,/mnt/ubna_data_04/recover-20241018/UBNA_010/20241011_211000.WAV,recover-20241018,UBNA_010,Central Pond
LF,25920.0,11.589379471170957,66.0445,66.0601,24609.0,29271.0,Nyctalus leisleri,0.434,0.613,-1,Echolocation,192000.0,/mnt/ubna_data_04/recover-20241018/UBNA_010/20241014_020000.WAV,recover-20241018,UBNA_010,Central Pond
LF,32640.0,1.3307509104841175,170.6485,170.6616,22890.0,29114.0,Nyctalus leisleri,0.287,0.552,-1,Echolocation,192000.0,/mnt/ubna_data_04/recover-20241018/UBNA_010/20241011_211000.WAV,recover-20241018,UBNA_010,Central Pond
LF,26880.0,23.429008011689426,68.3435,68.3642,25468.0,29377.0,Nyctalus leisleri,0.472,0.573,-1,Echolocation,192000.0,/mnt/ubna_data_04/recover-20241018/UBNA_010/20241015_021000.WAV,recover-20241018,UBNA_010,Central Pond
LF,23040.0,2.5704816197223774,105.4675,105.4806,22890.0,26332.0,Nyctalus leisleri,0.479,0.551,-1,Echolocation,192000.0,/mnt/ubna_data_04/recover-20241018/UBNA_010/20241011_211000.WAV,recover-20241018,UBNA_010,Central Pond
LF,25920.0,10.525824876168763,179.5975,179.6167,23750.0,28319.0,Nyctalus leisleri,0.416,0.529,-1,Echolocation,192000.0,/mnt/ubna_data_04/recover-20241018/UBNA_010/20241013_030000.WAV,recover-20241018,UBNA_010,Central Pond
LF,26880.0,11.354980294833537,26.5145,26.5321,26328.0,29969.0,Nyctalus leisleri,0.415,0.558,-1,Echolocation,192000.0,/mnt/ubna_data_04/recover-20241018/UBNA_010/20241014_050000.WAV,recover-20241018,UBNA_010,Central Pond
LF,23040.0,4.8611887248037124,130.3855,130.3991,22890.0,27647.0,Nyctalus leisleri,0.41,0.543,-1,Echolocation,192000.0,/mnt/ubna_data_04/recover-20241018/UBNA_010/20241011_211000.WAV,recover-20241018,UBNA_010,Central Pond
LF,25920.0,13.158193582226993,276.5435,276.561,25468.0,28450.0,Nyctalus leisleri,0.497,0.575,-1,Echolocation,192000.0,/mnt/ubna_data_04/recover-20241018/UBNA_010/20241012_071000.WAV,recover-20241018,UBNA_010,Central Pond
LF,23040.0,0.4438631978737009,52.825500000000005,52.8408,22890.0,27830.0,Nyctalus leisleri,0.463,0.595,-1,Echolocation,192000.0,/mnt/ubna_data_04/recover-20241018/UBNA_010/20241011_211000.WAV,recover-20241018,UBNA_010,Central Pond
LF,25920.0,13.093535158286173,59.4705,59.485600000000005,25468.0,28208.0,Nyctalus leisleri,0.445,0.507,-1,Echolocation,192000.0,/mnt/ubna_data_04/recover-20241018/UBNA_010/20241014_065000.WAV,recover-20241018,UBNA_010,Central Pond
LF,25920.0,8.948408841769238,213.0675,213.0831,25468.0,29105.0,Nyctalus leisleri,0.498,0.611,-1,Echolocation,192000.0,/mnt/ubna_data_04/recover-20241018/UBNA_010/20241014_020000.WAV,recover-20241018,UBNA_010,Central Pond
LF,27840.0,10.38064930321423,91.5055,91.5167,27187.0,34067.0,Nyctalus leisleri,0.377,0.618,-1,Echolocation,192000.0,/mnt/ubna_data_04/recover-20241018/UBNA_010/20241012_073000.WAV,recover-20241018,UBNA_010,Central Pond
LF,27840.0,6.888516956233506,239.4905,239.5011,27187.0,33319.0,Nyctalus leisleri,0.385,0.681,-1,Echolocation,192000.0,/mnt/ubna_data_04/recover-20241018/UBNA_010/20241014_075000.WAV,recover-20241018,UBNA_010,Central Pond
LF,23040.0,0.34490055875389236,10.6745,10.691,22890.0,26218.0,Nyctalus leisleri,0.533,0.588,-1,Echolocation,192000.0,/mnt/ubna_data_04/recover-20241018/UBNA_010/20241011_211000.WAV,recover-20241018,UBNA_010,Central Pond
LF,26880.0,5.152639652056071,158.7255,158.7378,27187.0,32436.0,Nyctalus leisleri,0.222,0.5,-1,Echolocation,192000.0,/mnt/ubna_data_04/recover-20241018/UBNA_010/20241015_033000.WAV,recover-20241018,UBNA_010,Central Pond
HF,46080.0,10.362337561055197,174.2665,174.2754,44375.0,58150.0,Pipistrellus pipistrellus,0.511,0.568,-1,Echolocation,192000.0,/mnt/ubna_data_04/recover-20241018/UBNA_010/20241014_031000.WAV,recover-20241018,UBNA_010,Central Pond
LF,28800.0,14.860144931813517,99.6215,99.6323,28046.0,36031.0,Nyctalus leisleri,0.262,0.54,-1,Echolocation,192000.0,/mnt/ubna_data_04/recover-20241018/UBNA_010/20241014_111000.WAV,recover-20241018,UBNA_010,Central Pond
HF,48960.0,15.565703353098499,171.08350000000002,171.0919,47812.0,66845.0,Pipistrellus pipistrellus,0.501,0.56,-1,Echolocation,192000.0,/mnt/ubna_data_04/recover-20241018/UBNA_010/20241012_030000.WAV,recover-20241018,UBNA_010,Central Pond
LF,25920.0,17.254940254655004,98.1005,98.1142,24609.0,33336.0,Nyctalus leisleri,0.271,0.591,-1,Echolocation,192000.0,/mnt/ubna_data_04/recover-20241018/UBNA_010/20241012_020000.WAV,recover-20241018,UBNA_010,Central Pond
LF,26880.0,21.353006633985462,109.8875,109.9008,25468.0,35564.0,Eptesicus serotinus,0.413,0.595,-1,Echolocation,192000.0,/mnt/ubna_data_04/recover-20241018/UBNA_010/20241014_043000.WAV,recover-20241018,UBNA_010,Central Pond
HF,48000.0,13.086622725317312,31.3545,31.3628,45234.0,56340.0,Pipistrellus pipistrellus,0.533,0.564,-1,Echolocation,192000.0,/mnt/ubna_data_04/recover-20241018/UBNA_010/20241016_022000.WAV,recover-20241018,UBNA_010,Central Pond
LF,24000.0,5.104661656174645,66.3075,66.3214,23750.0,28042.0,Nyctalus leisleri,0.486,0.607,-1,Echolocation,192000.0,/mnt/ubna_data_04/recover-20241018/UBNA_010/20241014_020000.WAV,recover-20241018,UBNA_010,Central Pond
LF,26880.0,40.834388679841844,126.3155,126.3329,25468.0,29239.0,Nyctalus leisleri,0.519,0.604,-1,Echolocation,192000.0,/mnt/ubna_data_04/recover-20241018/UBNA_010/20241015_074000.WAV,recover-20241018,UBNA_010,Central Pond
HF,46080.0,9.742901218656966,274.0545,274.0606,45234.0,54321.0,Pipistrellus pipistrellus,0.598,0.633,-1,Echolocation,192000.0,/mnt/ubna_data_04/recover-20241018/UBNA_010/20241013_062000.WAV,recover-20241018,UBNA_010,Central Pond
HF,48000.0,14.302708481009393,70.1815,70.1865,44375.0,59918.0,Pipistrellus pipistrellus,0.626,0.668,-1,Echolocation,192000.0,/mnt/ubna_data_04/recover-20241018/UBNA_010/20241016_040000.WAV,recover-20241018,UBNA_010,Central Pond
HF,45120.0,7.925872964450846,271.1785,271.1885,43515.0,58823.0,Pipistrellus pipistrellus,0.329,0.51,-1,Echolocation,192000.0,/mnt/ubna_data_04/recover-20241018/UBNA_010/20241012_040000.WAV,recover-20241018,UBNA_010,Central Pond
LF,23040.0,8.471992123984412,214.4225,214.4392,23750.0,27491.0,Nyctalus leisleri,0.484,0.565,-1,Echolocation,192000.0,/mnt/ubna_data_04/recover-20241018/UBNA_010/20241014_021000.WAV,recover-20241018,UBNA_010,Central Pond
LF,24960.0,19.58254287938192,106.02850000000001,106.04560000000001,23750.0,28829.0,Nyctalus leisleri,0.34,0.532,-1,Echolocation,192000.0,/mnt/ubna_data_04/recover-20241018/UBNA_010/20241014_020000.WAV,recover-20241018,UBNA_010,Central Pond
LF,26880.0,18.977712196407538,31.6585,31.6735,27187.0,30848.0,Nyctalus leisleri,0.522,0.601,-1,Echolocation,192000.0,/mnt/ubna_data_04/recover-20241018/UBNA_010/20241013_112000.WAV,recover-20241018,UBNA_010,Central Pond
HF,48000.0,10.031900303226655,288.2415,288.2487,46953.0,58943.0,Pipistrellus pipistrellus,0.486,0.62,-1,Echolocation,192000.0,/mnt/ubna_data_04/recover-20241018/UBNA_010/20241014_031000.WAV,recover-20241018,UBNA_010,Central Pond
LF,27840.0,10.174215281958185,275.9715,275.9801,26328.0,33546.0,Nyctalus leisleri,0.432,0.673,-1,Echolocation,192000.0,/mnt/ubna_data_04/recover-20241018/UBNA_010/20241014_020000.WAV,recover-20241018,UBNA_010,Central Pond
LF,28800.0,10.73838878729421,27.6715,27.6844,28046.0,33189.0,Nyctalus leisleri,0.433,0.6,-1,Echolocation,192000.0,/mnt/ubna_data_04/recover-20241018/UBNA_010/20241013_112000.WAV,recover-20241018,UBNA_010,Central Pond
LF,24000.0,15.41262918169027,98.8965,98.9148,23750.0,28440.0,Nyctalus leisleri,0.43,0.508,-1,Echolocation,192000.0,/mnt/ubna_data_04/recover-20241018/UBNA_010/20241015_054000.WAV,recover-20241018,UBNA_010,Central Pond
HF,48000.0,11.508704575891734,211.5285,211.5342,46953.0,58644.0,Pipistrellus pipistrellus,0.582,0.619,-1,Echolocation,192000.0,/mnt/ubna_data_04/recover-20241018/UBNA_010/20241012_034000.WAV,recover-20241018,UBNA_010,Central Pond
HF,47040.0,15.496654876302339,91.7245,91.7345,45234.0,63168.0,Pipistrellus pipistrellus,0.519,0.594,-1,Echolocation,192000.0,/mnt/ubna_data_04/recover-20241018/UBNA_010/20241017_081000.WAV,recover-20241018,UBNA_010,Central Pond
HF,48000.0,11.396808569457386,299.2745,299.2824,46093.0,56238.0,Pipistrellus pipistrellus,0.606,0.635,-1,Echolocation,192000.0,/mnt/ubna_data_04/recover-20241018/UBNA_010/20241016_023000.WAV,recover-20241018,UBNA_010,Central Pond
LF,23040.0,26.925830247894005,242.4065,242.4302,22031.0,28408.0,Nyctalus noctula,0.429,0.559,-1,Echolocation,192000.0,/mnt/ubna_data_04/recover-20241018/UBNA_010/20241014_021000.WAV,recover-20241018,UBNA_010,Central Pond
LF,26880.0,5.614246957806172,47.0125,47.0286,26328.0,30835.0,Nyctalus leisleri,0.341,0.517,-1,Echolocation,192000.0,/mnt/ubna_data_04/recover-20241018/UBNA_010/20241017_042000.WAV,recover-20241018,UBNA_010,Central Pond
LF,25920.0,32.89893168451673,132.0515,132.0677,25468.0,28427.0,Nyctalus leisleri,0.551,0.63,-1,Echolocation,192000.0,/mnt/ubna_data_04/recover-20241018/UBNA_010/20241013_105000.WAV,recover-20241018,UBNA_010,Central Pond
HF,48960.0,10.590794525817957,38.1185,38.1248,47812.0,58680.0,Pipistrellus pipistrellus,0.624,0.654,-1,Echolocation,192000.0,/mnt/ubna_data_04/recover-20241018/UBNA_010/20241015_024000.WAV,recover-20241018,UBNA_010,Central Pond
LF,25920.0,10.980581071209539,252.5245,252.5434,24609.0,27843.0,Nyctalus leisleri,0.489,0.559,-1,Echolocation,192000.0,/mnt/ubna_data_04/recover-20241018/UBNA_010/20241014_020000.WAV,recover-20241018,UBNA_010,Central Pond
LF,25920.0,5.02426726132242,21.2405,21.255,24609.0,33004.0,Eptesicus serotinus,0.262,0.553,-1,Echolocation,192000.0,/mnt/ubna_data_04/recover-20241018/UBNA_010/20241014_023000.WAV,recover-20241018,UBNA_010,Central Pond
LF,24960.0,12.693161832778785,209.1205,209.1387,23750.0,27873.0,Nyctalus leisleri,0.412,0.572,-1,Echolocation,192000.0,/mnt/ubna_data_04/recover-20241018/UBNA_010/20241014_020000.WAV,recover-20241018,UBNA_010,Central Pond
LF,25920.0,7.060224695162244,283.0015,283.0176,25468.0,29068.0,Nyctalus leisleri,0.525,0.589,-1,Echolocation,192000.0,/mnt/ubna_data_04/recover-20241018/UBNA_010/20241013_040000.WAV,recover-20241018,UBNA_010,Central Pond
HF,48960.0,14.907847702190056,132.4475,132.45589999999999,46953.0,67863.0,Pipistrellus pipistrellus,0.472,0.62,-1,Echolocation,192000.0,/mnt/ubna_data_04/recover-20241018/UBNA_010/20241018_032000.WAV,recover-20241018,UBNA_010,Central Pond
LF,24960.0,19.801041949671347,1.5175,1.534,23750.0,28163.0,Nyctalus leisleri,0.495,0.598,-1,Echolocation,192000.0,/mnt/ubna_data_04/recover-20241018/UBNA_010/20241014_020000.WAV,recover-20241018,UBNA_010,Central Pond
LF,24960.0,13.287604460291362,66.5765,66.5961,23750.0,28883.0,Nyctalus leisleri,0.287,0.541,-1,Echolocation,192000.0,/mnt/ubna_data_04/recover-20241018/UBNA_010/20241014_020000.WAV,recover-20241018,UBNA_010,Central Pond
LF,25920.0,34.00041238236884,110.1265,110.1407,25468.0,36357.0,Nyctalus leisleri,0.652,0.728,-1,Echolocation,192000.0,/mnt/ubna_data_04/recover-20241018/UBNA_010/20241014_043000.WAV,recover-20241018,UBNA_010,Central Pond
LF,23040.0,2.4050059335322365,130.6355,130.6494,22890.0,26961.0,Nyctalus leisleri,0.51,0.571,-1,Echolocation,192000.0,/mnt/ubna_data_04/recover-20241018/UBNA_010/20241011_211000.WAV,recover-20241018,UBNA_010,Central Pond
LF,23040.0,8.35795851291775,253.9615,253.9805,22890.0,26834.0,Nyctalus leisleri,0.453,0.504,-1,Echolocation,192000.0,/mnt/ubna_data_04/recover-20241018/UBNA_010/20241014_020000.WAV,recover-20241018,UBNA_010,Central Pond
LF,24960.0,15.289236203258962,209.5165,209.5355,23750.0,27780.0,Nyctalus leisleri,0.398,0.523,-1,Echolocation,192000.0,/mnt/ubna_data_04/recover-20241018/UBNA_010/20241014_020000.WAV,recover-20241018,UBNA_010,Central Pond
LF,30720.0,11.990181497564393,99.76050000000001,99.7727,28046.0,43629.0,Eptesicus serotinus,0.394,0.584,-1,Echolocation,192000.0,/mnt/ubna_data_04/recover-20241018/UBNA_010/20241014_111000.WAV,recover-20241018,UBNA_010,Central Pond
LF,24960.0,15.011317581078705,106.4645,106.4803,22890.0,28706.0,Nyctalus leisleri,0.387,0.557,-1,Echolocation,192000.0,/mnt/ubna_data_04/recover-20241018/UBNA_010/20241014_020000.WAV,recover-20241018,UBNA_010,Central Pond
HF,46080.0,11.929428607066193,174.3715,174.3822,43515.0,58103.0,Pipistrellus pipistrellus,0.509,0.63,-1,Echolocation,192000.0,/mnt/ubna_data_04/recover-20241018/UBNA_010/20241014_031000.WAV,recover-20241018,UBNA_010,Central Pond
LF,25920.0,9.735574762201164,98.6165,98.6308,25468.0,30609.0,Nyctalus leisleri,0.483,0.567,-1,Echolocation,192000.0,/mnt/ubna_data_04/recover-20241018/UBNA_010/20241012_020000.WAV,recover-20241018,UBNA_010,Central Pond
LF,26880.0,11.863518262319905,290.16949999999997,290.1861,25468.0,29207.0,Nyctalus leisleri,0.44,0.575,-1,Echolocation,192000.0,/mnt/ubna_data_04/recover-20241018/UBNA_010/20241013_040000.WAV,recover-20241018,UBNA_010,Central Pond
LF,24960.0,10.430293339749774,21.4535,21.469,23750.0,28285.0,Nyctalus leisleri,0.423,0.546,-1,Echolocation,192000.0,/mnt/ubna_data_04/recover-20241018/UBNA_010/20241014_023000.WAV,recover-20241018,UBNA_010,Central Pond
LF,26880.0,13.27791207268092,26.7785,26.7941,26328.0,29965.0,Nyctalus leisleri,0.379,0.577,-1,Echolocation,192000.0,/mnt/ubna_data_04/recover-20241018/UBNA_010/20241014_050000.WAV,recover-20241018,UBNA_010,Central Pond
HF,48000.0,7.845157726533289,211.6155,211.6222,46953.0,62732.0,Pipistrellus pipistrellus,0.611,0.703,-1,Echolocation,192000.0,/mnt/ubna_data_04/recover-20241018/UBNA_010/20241012_034000.WAV,recover-20241018,UBNA_010,Central Pond
LF,26880.0,30.909478139047124,132.4235,132.4444,25468.0,28988.0,Nyctalus leisleri,0.491,0.541,-1,Echolocation,192000.0,/mnt/ubna_data_04/recover-20241018/UBNA_010/20241013_105000.WAV,recover-20241018,UBNA_010,Central Pond
LF,26880.0,16.540785387205577,91.7335,91.7481,27187.0,31113.0,Nyctalus leisleri,0.503,0.563,-1,Echolocation,192000.0,/mnt/ubna_data_04/recover-20241018/UBNA_010/20241012_073000.WAV,recover-20241018,UBNA_010,Central Pond
HF,48960.0,12.053431406227482,38.3185,38.3253,47812.0,58443.0,Pipistrellus pipistrellus,0.613,0.631,-1,Echolocation,192000.0,/mnt/ubna_data_04/recover-20241018/UBNA_010/20241015_024000.WAV,recover-20241018,UBNA_010,Central Pond
LF,27840.0,22.996607907392566,27.8435,27.8585,27187.0,32024.0,Nyctalus leisleri,0.446,0.61,-1,Echolocation,192000.0,/mnt/ubna_data_04/recover-20241018/UBNA_010/20241013_112000.WAV,recover-20241018,UBNA_010,Central Pond
LF,26880.0,30.37270593110375,31.8955,31.9126,26328.0,29279.0,Nyctalus leisleri,0.53,0.583,-1,Echolocation,192000.0,/mnt/ubna_data_04/recover-20241018/UBNA_010/20241013_112000.WAV,recover-20241018,UBNA_010,Central Pond
LF,27840.0,12.41864972913017,239.7435,239.756,27187.0,33474.0,Nyctalus leisleri,0.292,0.649,-1,Echolocation,192000.0,/mnt/ubna_data_04/recover-20241018/UBNA_010/20241014_075000.WAV,recover-20241018,UBNA_010,Central Pond
LF,26880.0,16.130343057271357,276.7845,276.8003,26328.0,30410.0,Nyctalus leisleri,0.465,0.565,-1,Echolocation,192000.0,/mnt/ubna_data_04/recover-20241018/UBNA_010/20241012_071000.WAV,recover-20241018,UBNA_010,Central Pond
LF,24960.0,18.8510006068958,1.7885,1.8047,23750.0,28669.0,Nyctalus leisleri,0.407,0.601,-1,Echolocation,192000.0,/mnt/ubna_data_04/recover-20241018/UBNA_010/20241014_020000.WAV,recover-20241018,UBNA_010,Central Pond
HF,48000.0,6.123776427734563,288.3375,288.3441,46953.0,56523.0,Pipistrellus pipistrellus,0.491,0.519,-1,Echolocation,192000.0,/mnt/ubna_data_04/recover-20241018/UBNA_010/20241014_031000.WAV,recover-20241018,UBNA_010,Central Pond
LF,26880.0,13.43338705791419,276.5365,276.5496,26328.0,33230.0,Nyctalus leisleri,0.344,0.626,-1,Echolocation,192000.0,/mnt/ubna_data_04/recover-20241018/UBNA_010/20241014_020000.WAV,recover-20241018,UBNA_010,Central Pond
LF,24960.0,10.043619841238275,214.7285,214.7432,23750.0,28276.0,Nyctalus leisleri,0.53,0.631,-1,Echolocation,192000.0,/mnt/ubna_data_04/recover-20241018/UBNA_010/20241014_021000.WAV,recover-20241018,UBNA_010,Central Pond
LF,22080.0,12.902158465524725,242.6925,242.72,21171.0,27212.0,Nyctalus noctula,0.423,0.513,-1,Echolocation,192000.0,/mnt/ubna_data_04/recover-20241018/UBNA_010/20241014_021000.WAV,recover-20241018,UBNA_010,Central Pond
LF,24960.0,8.660452318760534,214.7305,214.7468,24609.0,28261.0,Nyctalus leisleri,0.431,0.541,-1,Echolocation,192000.0,/mnt/ubna_data_04/recover-20241018/UBNA_010/20241014_020000.WAV,recover-20241018,UBNA_010,Central Pond
LF,23040.0,2.5409012587779274,105.5885,105.6026,22890.0,26671.0,Nyctalus leisleri,0.613,0.68,-1,Echolocation,192000.0,/mnt/ubna_data_04/recover-20241018/UBNA_010/20241011_211000.WAV,recover-20241018,UBNA_010,Central Pond
LF,25920.0,19.539851071266135,128.2025,128.2247,24609.0,27950.0,Nyctalus leisleri,0.495,0.558,-1,Echolocation,192000.0,/mnt/ubna_data_04/recover-20241018/UBNA_010/20241015_074000.WAV,recover-20241018,UBNA_010,Central Pond
LF,23040.0,1.4570189771497524,55.2255,55.240700000000004,22890.0,26348.0,Nyctalus leisleri,0.674,0.703,-1,Echolocation,192000.0,/mnt/ubna_data_04/recover-20241018/UBNA_010/20241011_211000.WAV,recover-20241018,UBNA_010,Central Pond
LF,24960.0,20.0355806111537,99.2795,99.2954,23750.0,27515.0,Nyctalus leisleri,0.536,0.609,-1,Echolocation,192000.0,/mnt/ubna_data_04/recover-20241018/UBNA_010/20241015_054000.WAV,recover-20241018,UBNA_010,Central Pond
HF,48000.0,12.605436814710238,299.3755,299.3812,46093.0,58453.0,Pipistrellus pipistrellus,0.533,0.565,-1,Echolocation,192000.0,/mnt/ubna_data_04/recover-20241018/UBNA_010/20241016_023000.WAV,recover-20241018,UBNA_010,Central Pond
HF,45120.0,9.493606311771357,271.3655,271.3767,42656.0,61787.0,Pipistrellus pipistrellus,0.323,0.555,-1,Echolocation,192000.0,/mnt/ubna_data_04/recover-20241018/UBNA_010/20241012_040000.WAV,recover-20241018,UBNA_010,Central Pond
HF,47040.0,11.56136070081363,91.8155,91.8257,46093.0,61507.0,Pipistrellus pipistrellus,0.516,0.613,-1,Echolocation,192000.0,/mnt/ubna_data_04/recover-20241018/UBNA_010/20241017_081000.WAV,recover-20241018,UBNA_010,Central Pond
HF,47040.0,12.927461420535131,274.1485,274.157,44375.0,62131.0,Pipistrellus pipistrellus,0.495,0.651,-1,Echolocation,192000.0,/mnt/ubna_data_04/recover-20241018/UBNA_010/20241013_062000.WAV,recover-20241018,UBNA_010,Central Pond
HF,48000.0,4.807344907890543,132.5395,132.5463,47812.0,58053.0,Pipistrellus pipistrellus,0.501,0.522,-1,Echolocation,192000.0,/mnt/ubna_data_04/recover-20241018/UBNA_010/20241018_032000.WAV,recover-20241018,UBNA_010,Central Pond
LF,26880.0,10.74901513514831,47.4905,47.507999999999996,26328.0,30437.0,Nyctalus leisleri,0.404,0.544,-1,Echolocation,192000.0,/mnt/ubna_data_04/recover-20241018/UBNA_010/20241017_042000.WAV,recover-20241018,UBNA_010,Central Pond
HF,47040.0,17.32995676750612,70.27250000000001,70.2778,45234.0,62699.0,Pipistrellus pipistrellus,0.567,0.61,-1,Echolocation,192000.0,/mnt/ubna_data_04/recover-20241018/UBNA_010/20241016_040000.WAV,recover-20241018,UBNA_010,Central Pond
LF,25920.0,14.963119095420153,158.9245,158.9461,24609.0,27670.0,Nyctalus leisleri,0.519,0.579,-1,Echolocation,192000.0,/mnt/ubna_data_04/recover-20241018/UBNA_010/20241015_033000.WAV,recover-20241018,UBNA_010,Central Pond
LF,32640.0,1.17841477721328,11.7615,11.775,22890.0,28055.0,Nyctalus leisleri,0.379,0.529,-1,Echolocation,192000.0,/mnt/ubna_data_04/recover-20241018/UBNA_010/20241011_211000.WAV,recover-20241018,UBNA_010,Central Pond
HF,47040.0,17.14925514907646,31.4355,31.4426,44375.0,61057.0,Pipistrellus pipistrellus,0.428,0.521,-1,Echolocation,192000.0,/mnt/ubna_data_04/recover-20241018/UBNA_010/20241016_022000.WAV,recover-20241018,UBNA_010,Central Pond
LF,26880.0,20.920252947734074,69.7195,69.7357,26328.0,29865.0,Nyctalus leisleri,0.451,0.519,-1,Echolocation,192000.0,/mnt/ubna_data_04/recover-20241018/UBNA_010/20241015_021000.WAV,recover-20241018,UBNA_010,Central Pond
HF,48960.0,16.878191865877596,171.1905,171.1993,47812.0,64047.0,Pipistrellus pipistrellus,0.49,0.625,-1,Echolocation,192000.0,/mnt/ubna_data_04/recover-20241018/UBNA_010/20241012_030000.WAV,recover-20241018,UBNA_010,Central Pond
LF,27840.0,20.570464658229156,92.0605,92.0719,27187.0,33427.0,Nyctalus leisleri,0.406,0.565,-1,Echolocation,192000.0,/mnt/ubna_data_04/recover-20241018/UBNA_010/20241012_073000.WAV,recover-20241018,UBNA_010,Central Pond
HF,46080.0,6.489184307031216,288.4365,288.4424,45234.0,53855.0,Pipistrellus pipistrellus,0.548,0.568,-1,Echolocation,192000.0,/mnt/ubna_data_04/recover-20241018/UBNA_010/20241014_031000.WAV,recover-20241018,UBNA_010,Central Pond
LF,26880.0,11.3749267338802,70.8175,70.8339,26328.0,31379.0,Nyctalus leisleri,0.253,0.528,-1,Echolocation,192000.0,/mnt/ubna_data_04/recover-20241018/UBNA_010/20241015_021000.WAV,recover-20241018,UBNA_010,Central Pond
LF,23040.0,0.9466401771969123,16.2105,16.2264,21171.0,26525.0,Nyctalus noctula,0.253,0.517,-1,Echolocation,192000.0,/mnt/ubna_data_04/recover-20241018/UBNA_010/20241011_211000.WAV,recover-20241018,UBNA_010,Central Pond
LF,24960.0,25.109096295828625,2.0715,2.0875,23750.0,29432.0,Nyctalus leisleri,0.495,0.671,-1,Echolocation,192000.0,/mnt/ubna_data_04/recover-20241018/UBNA_010/20241014_020000.WAV,recover-20241018,UBNA_010,Central Pond
LF,25920.0,25.96650016538165,128.5175,128.5341,24609.0,27720.0,Nyctalus leisleri,0.642,0.683,-1,Echolocation,192000.0,/mnt/ubna_data_04/recover-20241018/UBNA_010/20241015_074000.WAV,recover-20241018,UBNA_010,Central Pond
LF,24000.0,22.781356095377895,278.4745,278.4911,23750.0,30341.0,Nyctalus leisleri,0.26,0.532,-1,Echolocation,192000.0,/mnt/ubna_data_04/recover-20241018/UBNA_010/20241014_020000.WAV,recover-20241018,UBNA_010,Central Pond
LF,26880.0,10.41074221338956,27.0375,27.0538,26328.0,29510.0,Nyctalus leisleri,0.62,0.675,-1,Echolocation,192000.0,/mnt/ubna_data_04/recover-20241018/UBNA_010/20241014_050000.WAV,recover-20241018,UBNA_010,Central Pond
LF,24960.0,11.410159727759165,215.2735,215.2923,23750.0,27984.0,Nyctalus leisleri,0.492,0.563,-1,Echolocation,192000.0,/mnt/ubna_data_04/recover-20241018/UBNA_010/20241014_021000.WAV,recover-20241018,UBNA_010,Central Pond
HF,46080.0,9.360985318233169,174.4755,174.4842,44375.0,52974.0,Pipistrellus pipistrellus,0.499,0.522,-1,Echolocation,192000.0,/mnt/ubna_data_04/recover-20241018/UBNA_010/20241014_031000.WAV,recover-20241018,UBNA_010,Central Pond
LF,27840.0,29.979633880313486,28.8715,28.8897,27187.0,30285.0,Nyctalus leisleri,0.474,0.52,-1,Echolocation,192000.0,/mnt/ubna_data_04/recover-20241018/UBNA_010/20241013_112000.WAV,recover-20241018,UBNA_010,Central Pond
LF,24000.0,19.792215737284796,99.5325,99.5488,23750.0,26586.0,Nyctalus leisleri,0.595,0.634,-1,Echolocation,192000.0,/mnt/ubna_data_04/recover-20241018/UBNA_010/20241015_054000.WAV,recover-20241018,UBNA_010,Central Pond
HF,45120.0,9.856771297383391,274.3135,274.3228,43515.0,58810.0,Pipistrellus pipistrellus,0.504,0.608,-1,Echolocation,192000.0,/mnt/ubna_data_04/recover-20241018/UBNA_010/20241013_062000.WAV,recover-20241018,UBNA_010,Central Pond
LF,25920.0,30.177041899918883,110.3805,110.394,24609.0,30294.0,Nyctalus leisleri,0.658,0.748,-1,Echolocation,192000.0,/mnt/ubna_data_04/recover-20241018/UBNA_010/20241014_043000.WAV,recover-20241018,UBNA_010,Central Pond
HF,49920.0,13.62576138006199,132.6295,132.6361,46093.0,67378.0,Pipistrellus pipistrellus,0.449,0.619,-1,Echolocation,192000.0,/mnt/ubna_data_04/recover-20241018/UBNA_010/20241018_032000.WAV,recover-20241018,UBNA_010,Central Pond
LF,25920.0,16.003577250171656,134.2415,134.2623,25468.0,28047.0,Nyctalus leisleri,0.519,0.565,-1,Echolocation,192000.0,/mnt/ubna_data_04/recover-20241018/UBNA_010/20241013_105000.WAV,recover-20241018,UBNA_010,Central Pond
HF,46080.0,20.276539885255637,91.9085,91.919,44375.0,66356.0,Pipistrellus pipistrellus,0.53,0.65,-1,Echolocation,192000.0,/mnt/ubna_data_04/recover-20241018/UBNA_010/20241017_081000.WAV,recover-20241018,UBNA_010,Central Pond
LF,23040.0,21.830992030630988,243.2525,243.274,22031.0,27725.0,Nyctalus noctula,0.426,0.552,-1,Echolocation,192000.0,/mnt/ubna_data_04/recover-20241018/UBNA_010/20241014_021000.WAV,recover-20241018,UBNA_010,Central Pond
LF,26880.0,16.511666502835183,290.6555,290.6725,26328.0,29376.0,Nyctalus leisleri,0.528,0.61,-1,Echolocation,192000.0,/mnt/ubna_data_04/recover-20241018/UBNA_010/20241013_040000.WAV,recover-20241018,UBNA_010,Central Pond
HF,48000.0,11.726404355092326,211.7025,211.7077,46093.0,59312.0,Pipistrellus pipistrellus,0.58,0.634,-1,Echolocation,192000.0,/mnt/ubna_data_04/recover-20241018/UBNA_010/20241012_034000.WAV,recover-20241018,UBNA_010,Central Pond
HF,48000.0,18.97776753366115,171.3895,171.4007,45234.0,64739.0,Pipistrellus pipistrellus,0.457,0.648,-1,Echolocation,192000.0,/mnt/ubna_data_04/recover-20241018/UBNA_010/20241012_030000.WAV,recover-20241018,UBNA_010,Central Pond
LF,24960.0,12.901304413286677,21.7155,21.7311,23750.0,30766.0,Nyctalus leisleri,0.262,0.583,-1,Echolocation,192000.0,/mnt/ubna_data_04/recover-20241018/UBNA_010/20241014_023000.WAV,recover-20241018,UBNA_010,Central Pond
LF,26880.0,24.06190657293663,32.533500000000004,32.5494,26328.0,30280.0,Nyctalus leisleri,0.41,0.512,-1,Echolocation,192000.0,/mnt/ubna_data_04/recover-20241018/UBNA_010/20241013_112000.WAV,recover-20241018,UBNA_010,Central Pond
HF,47040.0,9.208694275877946,38.6105,38.617000000000004,46093.0,56240.0,Pipistrellus pipistrellus,0.504,0.529,-1,Echolocation,192000.0,/mnt/ubna_data_04/recover-20241018/UBNA_010/20241015_024000.WAV,recover-20241018,UBNA_010,Central Pond
LF,25920.0,9.592827783493965,159.1735,159.1886,25468.0,28066.0,Nyctalus leisleri,0.501,0.631,-1,Echolocation,192000.0,/mnt/ubna_data_04/recover-20241018/UBNA_010/20241015_033000.WAV,recover-20241018,UBNA_010,Central Pond
HF,48000.0,15.835881868087336,299.4705,299.4774,46093.0,52468.0,Pipistrellus pipistrellus,0.549,0.572,-1,Echolocation,192000.0,/mnt/ubna_data_04/recover-20241018/UBNA_010/20241016_023000.WAV,recover-20241018,UBNA_010,Central Pond
HF,48960.0,14.705200352970929,31.5255,31.5328,45234.0,60023.0,Pipistrellus pipistrellus,0.431,0.53,-1,Echolocation,192000.0,/mnt/ubna_data_04/recover-20241018/UBNA_010/20241016_022000.WAV,recover-20241018,UBNA_010,Central Pond
LF,25920.0,17.93820753052126,277.5085,277.525,24609.0,27928.0,Nyctalus leisleri,0.553,0.6,-1,Echolocation,192000.0,/mnt/ubna_data_04/recover-20241018/UBNA_010/20241012_071000.WAV,recover-20241018,UBNA_010,Central Pond
LF,24960.0,10.109630083566863,255.2065,255.224,23750.0,27301.0,Nyctalus leisleri,0.534,0.604,-1,Echolocation,192000.0,/mnt/ubna_data_04/recover-20241018/UBNA_010/20241014_020000.WAV,recover-20241018,UBNA_010,Central Pond
LF,23040.0,0.13146504723188152,58.1265,58.1422,22890.0,26427.0,Nyctalus leisleri,0.565,0.618,-1,Echolocation,192000.0,/mnt/ubna_data_04/recover-20241018/UBNA_010/20241011_211000.WAV,recover-20241018,UBNA_010,Central Pond
LF,25920.0,3.5108615509874364,215.1725,215.1891,24609.0,28248.0,Nyctalus leisleri,0.417,0.532,-1,Echolocation,192000.0,/mnt/ubna_data_04/recover-20241018/UBNA_010/20241014_020000.WAV,recover-20241018,UBNA_010,Central Pond
HF,48960.0,18.169938321960572,70.3675,70.37219999999999,46093.0,59279.0,Pipistrellus pipistrellus,0.586,0.631,-1,Echolocation,192000.0,/mnt/ubna_data_04/recover-20241018/UBNA_010/20241016_040000.WAV,recover-20241018,UBNA_010,Central Pond
LF,24960.0,18.008962657228423,66.8545,66.8709,23750.0,28485.0,Nyctalus leisleri,0.411,0.583,-1,Echolocation,192000.0,/mnt/ubna_data_04/recover-20241018/UBNA_010/20241014_020000.WAV,recover-20241018,UBNA_010,Central Pond
LF,26880.0,9.654348125793184,47.9645,47.9815,26328.0,28994.0,Nyctalus leisleri,0.466,0.529,-1,Echolocation,192000.0,/mnt/ubna_data_04/recover-20241018/UBNA_010/20241017_042000.WAV,recover-20241018,UBNA_010,Central Pond
LF,29760.0,14.444665068761577,99.9665,99.97749999999999,28046.0,36145.0,Eptesicus serotinus,0.245,0.514,-1,Echolocation,192000.0,/mnt/ubna_data_04/recover-20241018/UBNA_010/20241014_111000.WAV,recover-20241018,UBNA_010,Central Pond
LF,23040.0,4.671630138908314,130.7315,130.7472,22890.0,26633.0,Nyctalus leisleri,0.439,0.504,-1,Echolocation,192000.0,/mnt/ubna_data_04/recover-20241018/UBNA_010/20241011_211000.WAV,recover-20241018,UBNA_010,Central Pond
LF,24960.0,16.14159715948989,106.6215,106.6369,23750.0,31400.0,Eptesicus serotinus,0.267,0.553,-1,Echolocation,192000.0,/mnt/ubna_data_04/recover-20241018/UBNA_010/20241014_020000.WAV,recover-20241018,UBNA_010,Central Pond
LF,25920.0,11.547311449082143,98.7585,98.7727,24609.0,29125.0,Nyctalus leisleri,0.374,0.52,-1,Echolocation,192000.0,/mnt/ubna_data_04/recover-20241018/UBNA_010/20241012_020000.WAV,recover-20241018,UBNA_010,Central Pond
LF,24960.0,16.012959345336917,209.7805,209.8004,23750.0,27658.0,Nyctalus leisleri,0.411,0.504,-1,Echolocation,192000.0,/mnt/ubna_data_04/recover-20241018/UBNA_010/20241014_020000.WAV,recover-20241018,UBNA_010,Central Pond
LF,24000.0,23.177299160202356,100.0525,100.0679,23750.0,26554.0,Nyctalus leisleri,0.475,0.554,-1,Echolocation,192000.0,/mnt/ubna_data_04/recover-20241018/UBNA_010/20241015_054000.WAV,recover-20241018,UBNA_010,Central Pond
LF,23040.0,10.456064527093606,106.8935,106.9106,22890.0,27284.0,Nyctalus leisleri,0.374,0.518,-1,Echolocation,192000.0,/mnt/ubna_data_04/recover-20241018/UBNA_010/20241014_020000.WAV,recover-20241018,UBNA_010,Central Pond
LF,25920.0,10.499644058872908,216.3205,216.3348,24609.0,29531.0,Nyctalus leisleri,0.386,0.515,-1,Echolocation,192000.0,/mnt/ubna_data_04/recover-20241018/UBNA_010/20241014_021000.WAV,recover-20241018,UBNA_010,Central Pond
LF,26880.0,21.488484140114956,277.8515,277.8662,25468.0,28772.0,Nyctalus leisleri,0.572,0.637,-1,Echolocation,192000.0,/mnt/ubna_data_04/recover-20241018/UBNA_010/20241012_071000.WAV,recover-20241018,UBNA_010,Central Pond
LF,27840.0,30.01200151687182,29.1005,29.118,27187.0,30127.0,Nyctalus leisleri,0.581,0.634,-1,Echolocation,192000.0,/mnt/ubna_data_04/recover-20241018/UBNA_010/20241013_112000.WAV,recover-20241018,UBNA_010,Central Pond
HF,47040.0,17.872155201899947,274.5775,274.5837,44375.0,59119.0,Pipistrellus pipistrellus,0.498,0.576,-1,Echolocation,192000.0,/mnt/ubna_data_04/recover-20241018/UBNA_010/20241013_062000.WAV,recover-20241018,UBNA_010,Central Pond
LF,25920.0,23.848454106380593,134.5145,134.5323,25468.0,28669.0,Nyctalus leisleri,0.453,0.528,-1,Echolocation,192000.0,/mnt/ubna_data_04/recover-20241018/UBNA_010/20241013_105000.WAV,recover-20241018,UBNA_010,Central Pond
LF,25920.0,38.35335591560127,110.6405,110.6572,24609.0,27640.0,Nyctalus leisleri,0.702,0.734,-1,Echolocation,192000.0,/mnt/ubna_data_04/recover-20241018/UBNA_010/20241014_043000.WAV,recover-20241018,UBNA_010,Central Pond
HF,53760.0,21.851913850652743,132.7925,132.80180000000001,46953.0,67645.0,Pipistrellus pipistrellus,0.602,0.72,-1,Echolocation,192000.0,/mnt/ubna_data_04/recover-20241018/UBNA_010/20241018_032000.WAV,recover-20241018,UBNA_010,Central Pond
LF,26880.0,5.527270211502903,48.661500000000004,48.6793,26328.0,31346.0,Nyctalus leisleri,0.281,0.509,-1,Echolocation,192000.0,/mnt/ubna_data_04/recover-20241018/UBNA_010/20241017_042000.WAV,recover-20241018,UBNA_010,Central Pond
HF,46080.0,17.648023747067136,92.0105,92.0179,45234.0,54284.0,Pipistrellus pipistrellus,0.634,0.648,-1,Echolocation,192000.0,/mnt/ubna_data_04/recover-20241018/UBNA_010/20241017_081000.WAV,recover-20241018,UBNA_010,Central Pond
LF,23040.0,1.4184631752767434,131.4715,131.4868,22890.0,27025.0,Nyctalus leisleri,0.489,0.543,-1,Echolocation,192000.0,/mnt/ubna_data_04/recover-20241018/UBNA_010/20241011_211000.WAV,recover-20241018,UBNA_010,Central Pond
LF,26880.0,14.96729910312256,290.8925,290.9075,25468.0,29742.0,Nyctalus leisleri,0.453,0.561,-1,Echolocation,192000.0,/mnt/ubna_data_04/recover-20241018/UBNA_010/20241013_040000.WAV,recover-20241018,UBNA_010,Central Pond
LF,23040.0,17.71233102242892,243.5455,243.5658,22031.0,28446.0,Nyctalus noctula,0.436,0.565,-1,Echolocation,192000.0,/mnt/ubna_data_04/recover-20241018/UBNA_010/20241014_021000.WAV,recover-20241018,UBNA_010,Central Pond
HF,48000.0,21.060135930427364,31.610500000000002,31.6173,44375.0,63134.0,Pipistrellus pipistrellus,0.487,0.544,-1,Echolocation,192000.0,/mnt/ubna_data_04/recover-20241018/UBNA_010/20241016_022000.WAV,recover-20241018,UBNA_010,Central Pond
HF,48000.0,9.59064913173528,211.7885,211.7944,46093.0,61903.0,Pipistrellus pipistrellus,0.543,0.604,-1,Echolocation,192000.0,/mnt/ubna_data_04/recover-20241018/UBNA_010/20241012_034000.WAV,recover-20241018,UBNA_010,Central Pond
LF,24000.0,9.911421470226555,256.1295,256.149,23750.0,26877.0,Nyctalus leisleri,0.499,0.548,-1,Echolocation,192000.0,/mnt/ubna_data_04/recover-20241018/UBNA_010/20241014_020000.WAV,recover-20241018,UBNA_010,Central Pond
LF,26880.0,12.483928140924686,28.6785,28.694,26328.0,29952.0,Nyctalus leisleri,0.367,0.502,-1,Echolocation,192000.0,/mnt/ubna_data_04/recover-20241018/UBNA_010/20241014_050000.WAV,recover-20241018,UBNA_010,Central Pond
HF,48000.0,18.233549721867636,70.4585,70.46340000000001,46093.0,62307.0,Pipistrellus pipistrellus,0.567,0.607,-1,Echolocation,192000.0,/mnt/ubna_data_04/recover-20241018/UBNA_010/20241016_040000.WAV,recover-20241018,UBNA_010,Central Pond
LF,27840.0,16.46724059824124,92.2825,92.2966,27187.0,32306.0,Nyctalus leisleri,0.406,0.544,-1,Echolocation,192000.0,/mnt/ubna_data_04/recover-20241018/UBNA_010/20241012_073000.WAV,recover-20241018,UBNA_010,Central Pond
LF,29760.0,16.05997279420211,100.1545,100.1671,28046.0,41807.0,Nyctalus leisleri,0.345,0.589,-1,Echolocation,192000.0,/mnt/ubna_data_04/recover-20241018/UBNA_010/20241014_111000.WAV,recover-20241018,UBNA_010,Central Pond
LF,25920.0,16.01866948528016,159.4155,159.4306,24609.0,28867.0,Nyctalus leisleri,0.538,0.652,-1,Echolocation,192000.0,/mnt/ubna_data_04/recover-20241018/UBNA_010/20241015_033000.WAV,recover-20241018,UBNA_010,Central Pond
LF,25920.0,21.72795524498244,278.7125,278.7276,23750.0,32347.0,Eptesicus serotinus,0.324,0.55,-1,Echolocation,192000.0,/mnt/ubna_data_04/recover-20241018/UBNA_010/20241014_020000.WAV,recover-20241018,UBNA_010,Central Pond
HF,46080.0,12.99464753989682,174.5775,174.59120000000001,43515.0,59640.0,Pipistrellus pipistrellus,0.446,0.6,-1,Echolocation,192000.0,/mnt/ubna_data_04/recover-20241018/UBNA_010/20241014_031000.WAV,recover-20241018,UBNA_010,Central Pond
HF,46080.0,3.6511273282373353,288.5435,288.5506,44375.0,56628.0,Pipistrellus pipistrellus,0.466,0.514,-1,Echolocation,192000.0,/mnt/ubna_data_04/recover-20241018/UBNA_010/20241014_031000.WAV,recover-20241018,UBNA_010,Central Pond
HF,48000.0,13.150513109093156,171.4845,171.4956,46953.0,60198.0,Pipistrellus pipistrellus,0.496,0.611,-1,Echolocation,192000.0,/mnt/ubna_data_04/recover-20241018/UBNA_010/20241012_030000.WAV,recover-20241018,UBNA_010,Central Pond
LF,24960.0,11.053589186138728,67.3905,67.41,23750.0,28783.0,Nyctalus leisleri,0.313,0.527,-1,Echolocation,192000.0,/mnt/ubna_data_04/recover-20241018/UBNA_010/20241014_020000.WAV,recover-20241018,UBNA_010,Central Pond
LF,24960.0,11.447862452713004,99.5445,99.5614,23750.0,28561.0,Nyctalus leisleri,0.431,0.572,-1,Echolocation,192000.0,/mnt/ubna_data_04/recover-20241018/UBNA_010/20241012_020000.WAV,recover-20241018,UBNA_010,Central Pond
LF,24960.0,8.539892535134433,21.8955,21.9091,23750.0,31434.0,Nyctalus leisleri,0.313,0.63,-1,Echolocation,192000.0,/mnt/ubna_data_04/recover-20241018/UBNA_010/20241014_023000.WAV,recover-20241018,UBNA_010,Central Pond
LF,26880.0,14.642829691782708,71.7945,71.8104,26328.0,28814.0,Nyctalus leisleri,0.506,0.582,-1,Echolocation,192000.0,/mnt/ubna_data_04/recover-20241018/UBNA_010/20241015_021000.WAV,recover-20241018,UBNA_010,Central Pond
HF,47040.0,7.648165022244927,38.6905,38.6987,46953.0,58937.0,Pipistrellus pipistrellus,0.485,0.527,-1,Echolocation,192000.0,/mnt/ubna_data_04/recover-20241018/UBNA_010/20241015_024000.WAV,recover-20241018,UBNA_010,Central Pond
LF,24960.0,21.056135182433845,2.3465,2.3618,23750.0,29352.0,Nyctalus leisleri,0.357,0.637,-1,Echolocation,192000.0,/mnt/ubna_data_04/recover-20241018/UBNA_010/20241014_020000.WAV,recover-20241018,UBNA_010,Central Pond
LF,26880.0,12.171735035034295,129.1555,129.1696,25468.0,29158.0,Nyctalus leisleri,0.549,0.598,-1,Echolocation,192000.0,/mnt/ubna_data_04/recover-20241018/UBNA_010/20241015_074000.WAV,recover-20241018,UBNA_010,Central Pond
HF,47040.0,13.103268853160134,299.5635,299.5724,45234.0,59267.0,Pipistrellus pipistrellus,0.46,0.53,-1,Echolocation,192000.0,/mnt/ubna_data_04/recover-20241018/UBNA_010/20241016_023000.WAV,recover-20241018,UBNA_010,Central Pond
LF,23040.0,3.1462085569720353,59.700500000000005,59.716,22890.0,26116.0,Nyctalus leisleri,0.458,0.518,-1,Echolocation,192000.0,/mnt/ubna_data_04/recover-20241018/UBNA_010/20241011_211000.WAV,recover-20241018,UBNA_010,Central Pond
LF,32640.0,0.1579050774731837,19.0245,19.0383,22890.0,27929.0,Nyctalus leisleri,0.377,0.557,-1,Echolocation,192000.0,/mnt/ubna_data_04/recover-20241018/UBNA_010/20241011_211000.WAV,recover-20241018,UBNA_010,Central Pond
HF,48960.0,16.28146522988691,38.7805,38.7863,46953.0,63585.0,Pipistrellus pipistrellus,0.562,0.626,-1,Echolocation,192000.0,/mnt/ubna_data_04/recover-20241018/UBNA_010/20241015_024000.WAV,recover-20241018,UBNA_010,Central Pond
HF,48000.0,12.680586529629974,211.9435,211.9494,46953.0,58680.0,Pipistrellus pipistrellus,0.587,0.613,-1,Echolocation,192000.0,/mnt/ubna_data_04/recover-20241018/UBNA_010/20241012_034000.WAV,recover-20241018,UBNA_010,Central Pond
HF,48000.0,16.738737120437314,70.5495,70.5553,46093.0,59163.0,Pipistrellus pipistrellus,0.581,0.664,-1,Echolocation,192000.0,/mnt/ubna_data_04/recover-20241018/UBNA_010/20241016_040000.WAV,recover-20241018,UBNA_010,Central Pond
HF,46080.0,24.611761350577694,92.0995,92.1077,43515.0,64847.0,Pipistrellus pipistrellus,0.589,0.651,-1,Echolocation,192000.0,/mnt/ubna_data_04/recover-20241018/UBNA_010/20241017_081000.WAV,recover-20241018,UBNA_010,Central Pond
LF,23040.0,17.498733256450404,244.1275,244.1494,22031.0,27326.0,Nyctalus noctula,0.393,0.511,-1,Echolocation,192000.0,/mnt/ubna_data_04/recover-20241018/UBNA_010/20241014_021000.WAV,recover-20241018,UBNA_010,Central Pond
LF,24960.0,17.5548758918917,100.2235,100.2389,23750.0,28783.0,Nyctalus leisleri,0.559,0.641,-1,Echolocation,192000.0,/mnt/ubna_data_04/recover-20241018/UBNA_010/20241015_054000.WAV,recover-20241018,UBNA_010,Central Pond
LF,26880.0,11.859858393873315,49.5975,49.6113,26328.0,31411.0,Nyctalus leisleri,0.397,0.578,-1,Echolocation,192000.0,/mnt/ubna_data_04/recover-20241018/UBNA_010/20241017_042000.WAV,recover-20241018,UBNA_010,Central Pond
HF,46080.0,8.44799277578013,288.6485,288.655,45234.0,57559.0,Pipistrellus pipistrellus,0.488,0.539,-1,Echolocation,192000.0,/mnt/ubna_data_04/recover-20241018/UBNA_010/20241014_031000.WAV,recover-20241018,UBNA_010,Central Pond
LF,25920.0,12.259456892843293,278.8355,278.8507,24609.0,32629.0,Eptesicus serotinus,0.264,0.55,-1,Echolocation,192000.0,/mnt/ubna_data_04/recover-20241018/UBNA_010/20241014_020000.WAV,recover-20241018,UBNA_010,Central Pond
LF,25920.0,27.474766220437484,135.4835,135.5023,25468.0,28251.0,Nyctalus leisleri,0.527,0.578,-1,Echolocation,192000.0,/mnt/ubna_data_04/recover-20241018/UBNA_010/20241013_105000.WAV,recover-20241018,UBNA_010,Central Pond
HF,48000.0,10.948243495921314,299.6605,299.6663,45234.0,53526.0,Pipistrellus pipistrellus,0.559,0.58,-1,Echolocation,192000.0,/mnt/ubna_data_04/recover-20241018/UBNA_010/20241016_023000.WAV,recover-20241018,UBNA_010,Central Pond
HF,45120.0,13.142904757861043,274.8425,274.8521,43515.0,62056.0,Pipistrellus pipistrellus,0.477,0.574,-1,Echolocation,192000.0,/mnt/ubna_data_04/recover-20241018/UBNA_010/20241013_062000.WAV,recover-20241018,UBNA_010,Central Pond
LF,24960.0,16.56779576095914,216.5045,216.5195,24609.0,30429.0,Nyctalus leisleri,0.301,0.52,-1,Echolocation,192000.0,/mnt/ubna_data_04/recover-20241018/UBNA_010/20241014_021000.WAV,recover-20241018,UBNA_010,Central Pond
LF,24960.0,21.593353397687732,258.4985,258.5181,23750.0,28191.0,Nyctalus leisleri,0.415,0.537,-1,Echolocation,192000.0,/mnt/ubna_data_04/recover-20241018/UBNA_010/20241014_020000.WAV,recover-20241018,UBNA_010,Central Pond
LF,25920.0,19.553954676536005,107.0375,107.0532,23750.0,28851.0,Nyctalus leisleri,0.429,0.592,-1,Echolocation,192000.0,/mnt/ubna_data_04/recover-20241018/UBNA_010/20241014_020000.WAV,recover-20241018,UBNA_010,Central Pond
LF,25920.0,9.316248975068337,2.4555,2.4681,25468.0,30923.0,Nyctalus leisleri,0.338,0.588,-1,Echolocation,192000.0,/mnt/ubna_data_04/recover-20241018/UBNA_010/20241014_020000.WAV,recover-20241018,UBNA_010,Central Pond
LF,26880.0,15.674618713207789,129.6905,129.7075,25468.0,28973.0,Nyctalus leisleri,0.448,0.512,-1,Echolocation,192000.0,/mnt/ubna_data_04/recover-20241018/UBNA_010/20241015_074000.WAV,recover-20241018,UBNA_010,Central Pond
LF,27840.0,28.69519896084293,29.3315,29.346,27187.0,33059.0,Nyctalus leisleri,0.275,0.52,-1,Echolocation,192000.0,/mnt/ubna_data_04/recover-20241018/UBNA_010/20241013_112000.WAV,recover-20241018,UBNA_010,Central Pond
LF,25920.0,10.955920310063988,67.7925,67.812,23750.0,27976.0,Nyctalus leisleri,0.393,0.504,-1,Echolocation,192000.0,/mnt/ubna_data_04/recover-20241018/UBNA_010/20241014_020000.WAV,recover-20241018,UBNA_010,Central Pond
LF,24960.0,10.401857432170779,22.1745,22.1899,23750.0,30523.0,Nyctalus leisleri,0.248,0.516,-1,Echolocation,192000.0,/mnt/ubna_data_04/recover-20241018/UBNA_010/20241014_023000.WAV,recover-20241018,UBNA_010,Central Pond
LF,27840.0,21.986008242979818,92.50450000000001,92.5171,27187.0,32738.0,Nyctalus leisleri,0.421,0.563,-1,Echolocation,192000.0,/mnt/ubna_data_04/recover-20241018/UBNA_010/20241012_073000.WAV,recover-20241018,UBNA_010,Central Pond
LF,24960.0,10.649021176897604,99.9525,99.9691,23750.0,28023.0,Nyctalus leisleri,0.472,0.532,-1,Echolocation,192000.0,/mnt/ubna_data_04/recover-20241018/UBNA_010/20241012_020000.WAV,recover-20241018,UBNA_010,Central Pond
HF,48000.0,16.34557079224928,171.6875,171.6954,46093.0,61995.0,Pipistrellus pipistrellus,0.566,0.713,-1,Echolocation,192000.0,/mnt/ubna_data_04/recover-20241018/UBNA_010/20241012_030000.WAV,recover-20241018,UBNA_010,Central Pond
HF,48000.0,15.847089342794153,174.7825,174.7906,43515.0,61889.0,Pipistrellus pipistrellus,0.515,0.622,-1,Echolocation,192000.0,/mnt/ubna_data_04/recover-20241018/UBNA_010/20241014_031000.WAV,recover-20241018,UBNA_010,Central Pond
LF,24960.0,14.40051406451115,160.8065,160.8214,24609.0,26680.0,Nyctalus leisleri,0.569,0.615,-1,Echolocation,192000.0,/mnt/ubna_data_04/recover-20241018/UBNA_010/20241015_033000.WAV,recover-20241018,UBNA_010,Central Pond
LF,25920.0,28.30386729108937,110.9065,110.9212,24609.0,28452.0,Nyctalus leisleri,0.569,0.646,-1,Echolocation,192000.0,/mnt/ubna_data_04/recover-20241018/UBNA_010/20241014_043000.WAV,recover-20241018,UBNA_010,Central Pond
LF,29760.0,12.598912273578659,100.2805,100.2901,28046.0,39990.0,Eptesicus serotinus,0.334,0.633,-1,Echolocation,192000.0,/mnt/ubna_data_04/recover-20241018/UBNA_010/20241014_111000.WAV,recover-20241018,UBNA_010,Central Pond
HF,48000.0,24.35769171682924,31.7855,31.7919,44375.0,61979.0,Pipistrellus pipistrellus,0.486,0.52,-1,Echolocation,192000.0,/mnt/ubna_data_04/recover-20241018/UBNA_010/20241016_022000.WAV,recover-20241018,UBNA_010,Central Pond
LF,26880.0,13.964851060095203,291.0135,291.0272,26328.0,31635.0,Nyctalus leisleri,0.297,0.51,-1,Echolocation,192000.0,/mnt/ubna_data_04/recover-20241018/UBNA_010/20241013_040000.WAV,recover-20241018,UBNA_010,Central Pond
LF,23040.0,4.183685377407199,137.3185,137.3358,22890.0,27147.0,Nyctalus leisleri,0.455,0.528,-1,Echolocation,192000.0,/mnt/ubna_data_04/recover-20241018/UBNA_010/20241011_211000.WAV,recover-20241018,UBNA_010,Central Pond
HF,48960.0,5.523462475222644,132.8845,132.8919,46953.0,62292.0,Pipistrellus pipistrellus,0.509,0.572,-1,Echolocation,192000.0,/mnt/ubna_data_04/recover-20241018/UBNA_010/20241018_032000.WAV,recover-20241018,UBNA_010,Central Pond
LF,25920.0,15.539606025592459,278.6965,278.7131,24609.0,28460.0,Nyctalus leisleri,0.503,0.599,-1,Echolocation,192000.0,/mnt/ubna_data_04/recover-20241018/UBNA_010/20241012_071000.WAV,recover-20241018,UBNA_010,Central Pond
LF,23040.0,1.1039645198758132,22.2545,22.2682,22890.0,27008.0,Nyctalus leisleri,0.529,0.576,-1,Echolocation,192000.0,/mnt/ubna_data_04/recover-20241018/UBNA_010/20241011_211000.WAV,recover-20241018,UBNA_010,Central Pond
LF,26880.0,12.950251778092616,29.4185,29.4345,26328.0,30168.0,Nyctalus leisleri,0.375,0.555,-1,Echolocation,192000.0,/mnt/ubna_data_04/recover-20241018/UBNA_010/20241014_050000.WAV,recover-20241018,UBNA_010,Central Pond
LF,24000.0,10.707322398700361,22.4145,22.4304,22890.0,28156.0,Nyctalus leisleri,0.467,0.592,-1,Echolocation,192000.0,/mnt/ubna_data_04/recover-20241018/UBNA_010/20241014_023000.WAV,recover-20241018,UBNA_010,Central Pond
LF,29760.0,18.14153538242585,100.5025,100.5151,27187.0,36008.0,Nyctalus leisleri,0.295,0.562,-1,Echolocation,192000.0,/mnt/ubna_data_04/recover-20241018/UBNA_010/20241014_111000.WAV,recover-20241018,UBNA_010,Central Pond
HF,51840.0,17.967432109470217,133.0555,133.0646,46953.0,68820.0,Pipistrellus pipistrellus,0.496,0.67,-1,Echolocation,192000.0,/mnt/ubna_data_04/recover-20241018/UBNA_010/20241018_032000.WAV,recover-20241018,UBNA_010,Central Pond
LF,24960.0,21.79572371314961,107.3165,107.3326,23750.0,28191.0,Nyctalus leisleri,0.417,0.583,-1,Echolocation,192000.0,/mnt/ubna_data_04/recover-20241018/UBNA_010/20241014_020000.WAV,recover-20241018,UBNA_010,Central Pond
LF,24000.0,25.96309148289511,100.4495,100.4716,22890.0,27025.0,Nyctalus leisleri,0.457,0.505,-1,Echolocation,192000.0,/mnt/ubna_data_04/recover-20241018/UBNA_010/20241015_054000.WAV,recover-20241018,UBNA_010,Central Pond
LF,27840.0,38.60272862692777,29.5775,29.5936,27187.0,30834.0,Nyctalus leisleri,0.59,0.654,-1,Echolocation,192000.0,/mnt/ubna_data_04/recover-20241018/UBNA_010/20241013_112000.WAV,recover-20241018,UBNA_010,Central Pond
HF,47040.0,20.05264765700258,171.9025,171.9121,46093.0,64985.0,Pipistrellus pipistrellus,0.511,0.649,-1,Echolocation,192000.0,/mnt/ubna_data_04/recover-20241018/UBNA_010/20241012_030000.WAV,recover-20241018,UBNA_010,Central Pond
LF,32640.0,1.239411015227797,24.5925,24.6044,22890.0,29453.0,Nyctalus noctula,0.199,0.555,-1,Echolocation,192000.0,/mnt/ubna_data_04/recover-20241018/UBNA_010/20241011_211000.WAV,recover-20241018,UBNA_010,Central Pond
HF,47040.0,10.06526192631867,288.7505,288.7576,44375.0,60665.0,Pipistrellus pipistrellus,0.569,0.624,-1,Echolocation,192000.0,/mnt/ubna_data_04/recover-20241018/UBNA_010/20241014_031000.WAV,recover-20241018,UBNA_010,Central Pond
HF,45120.0,8.495235255519056,174.8825,174.8936,43515.0,52688.0,Pipistrellus pipistrellus,0.436,0.503,-1,Echolocation,192000.0,/mnt/ubna_data_04/recover-20241018/UBNA_010/20241014_031000.WAV,recover-20241018,UBNA_010,Central Pond
LF,25920.0,10.37906502808599,3.1205,3.1317,25468.0,30772.0,Nyctalus leisleri,0.447,0.616,-1,Echolocation,192000.0,/mnt/ubna_data_04/recover-20241018/UBNA_010/20241014_020000.WAV,recover-20241018,UBNA_010,Central Pond
LF,25920.0,10.577096379551634,279.0435,279.0601,24609.0,27447.0,Nyctalus leisleri,0.635,0.682,-1,Echolocation,192000.0,/mnt/ubna_data_04/recover-20241018/UBNA_010/20241012_071000.WAV,recover-20241018,UBNA_010,Central Pond
HF,46080.0,13.986603489186162,70.7195,70.7282,46093.0,62104.0,Pipistrellus pipistrellus,0.474,0.596,-1,Echolocation,192000.0,/mnt/ubna_data_04/recover-20241018/UBNA_010/20241016_040000.WAV,recover-20241018,UBNA_010,Central Pond
HF,48000.0,14.3085391846875,38.8725,38.8786,46093.0,61223.0,Pipistrellus pipistrellus,0.501,0.527,-1,Echolocation,192000.0,/mnt/ubna_data_04/recover-20241018/UBNA_010/20241015_024000.WAV,recover-20241018,UBNA_010,Central Pond
LF,26880.0,22.306516873758923,279.6665,279.6808,25468.0,38482.0,Eptesicus serotinus,0.538,0.696,-1,Echolocation,192000.0,/mnt/ubna_data_04/recover-20241018/UBNA_010/20241014_020000.WAV,recover-20241018,UBNA_010,Central Pond
LF,27840.0,19.88680250872885,92.8345,92.8488,27187.0,31581.0,Nyctalus leisleri,0.454,0.554,-1,Echolocation,192000.0,/mnt/ubna_data_04/recover-20241018/UBNA_010/20241012_073000.WAV,recover-20241018,UBNA_010,Central Pond
HF,47040.0,14.190781063375288,299.7645,299.7708,46093.0,56323.0,Pipistrellus pipistrellus,0.559,0.607,-1,Echolocation,192000.0,/mnt/ubna_data_04/recover-20241018/UBNA_010/20241016_023000.WAV,recover-20241018,UBNA_010,Central Pond
LF,24000.0,7.989823997198275,216.7975,216.816,22890.0,27749.0,Nyctalus leisleri,0.351,0.514,-1,Echolocation,192000.0,/mnt/ubna_data_04/recover-20241018/UBNA_010/20241014_021000.WAV,recover-20241018,UBNA_010,Central Pond
HF,47040.0,19.217223822688503,32.0615,32.0677,43515.0,58987.0,Pipistrellus pipistrellus,0.436,0.653,-1,Echolocation,192000.0,/mnt/ubna_data_04/recover-20241018/UBNA_010/20241016_022000.WAV,recover-20241018,UBNA_010,Central Pond
LF,26880.0,6.7040445251538685,49.8345,49.846199999999996,27187.0,32728.0,Nyctalus leisleri,0.296,0.56,-1,Echolocation,192000.0,/mnt/ubna_data_04/recover-20241018/UBNA_010/20241017_042000.WAV,recover-20241018,UBNA_010,Central Pond
HF,47040.0,12.38648325960028,92.1935,92.2004,45234.0,55660.0,Pipistrellus pipistrellus,0.594,0.627,-1,Echolocation,192000.0,/mnt/ubna_data_04/recover-20241018/UBNA_010/20241017_081000.WAV,recover-20241018,UBNA_010,Central Pond
HF,45120.0,17.091594662221254,275.0255,275.0347,42656.0,59797.0,Pipistrellus pipistrellus,0.466,0.605,-1,Echolocation,192000.0,/mnt/ubna_data_04/recover-20241018/UBNA_010/20241013_062000.WAV,recover-20241018,UBNA_010,Central Pond
LF,26880.0,13.259959390169874,291.2035,291.2175,27187.0,32529.0,Nyctalus leisleri,0.277,0.552,-1,Echolocation,192000.0,/mnt/ubna_data_04/recover-20241018/UBNA_010/20241013_040000.WAV,recover-20241018,UBNA_010,Central Pond
LF,25920.0,37.31229090528872,111.1635,111.1817,24609.0,27526.0,Nyctalus leisleri,0.483,0.542,-1,Echolocation,192000.0,/mnt/ubna_data_04/recover-20241018/UBNA_010/20241014_043000.WAV,recover-20241018,UBNA_010,Central Pond
HF,48000.0,13.449643511027578,212.0995,212.1051,46953.0,57844.0,Pipistrellus pipistrellus,0.569,0.592,-1,Echolocation,192000.0,/mnt/ubna_data_04/recover-20241018/UBNA_010/20241012_034000.WAV,recover-20241018,UBNA_010,Central Pond
LF,24960.0,20.647598102640927,258.7645,258.783,23750.0,26616.0,Nyctalus leisleri,0.586,0.641,-1,Echolocation,192000.0,/mnt/ubna_data_04/recover-20241018/UBNA_010/20241014_020000.WAV,recover-20241018,UBNA_010,Central Pond
LF,23040.0,1.9960637120912026,138.7295,138.7449,22890.0,27506.0,Nyctalus leisleri,0.459,0.532,-1,Echolocation,192000.0,/mnt/ubna_data_04/recover-20241018/UBNA_010/20241011_211000.WAV,recover-20241018,UBNA_010,Central Pond
LF,22080.0,12.889068605354126,245.1455,245.1692,21171.0,27456.0,Nyctalus noctula,0.373,0.508,-1,Echolocation,192000.0,/mnt/ubna_data_04/recover-20241018/UBNA_010/20241014_021000.WAV,recover-20241018,UBNA_010,Central Pond
LF,25920.0,18.393656249784076,136.3725,136.3962,24609.0,27136.0,Nyctalus leisleri,0.457,0.512,-1,Echolocation,192000.0,/mnt/ubna_data_04/recover-20241018/UBNA_010/20241013_105000.WAV,recover-20241018,UBNA_010,Central Pond
HF,46080.0,5.298568602456976,275.2845,275.2923,44375.0,53143.0,Pipistrellus pipistrellus,0.522,0.573,-1,Echolocation,192000.0,/mnt/ubna_data_04/recover-20241018/UBNA_010/20241013_062000.WAV,recover-20241018,UBNA_010,Central Pond
HF,46080.0,20.496268698060483,92.2865,92.2946,45234.0,63767.0,Pipistrellus pipistrellus,0.592,0.644,-1,Echolocation,192000.0,/mnt/ubna_data_04/recover-20241018/UBNA_010/20241017_081000.WAV,recover-20241018,UBNA_010,Central Pond
LF,26880.0,6.970837845581714,3.4695,3.4795,25468.0,31916.0,Nyctalus leisleri,0.282,0.55,-1,Echolocation,192000.0,/mnt/ubna_data_04/recover-20241018/UBNA_010/20241014_020000.WAV,recover-20241018,UBNA_010,Central Pond
LF,26880.0,17.93689589783672,291.6885,291.7045,26328.0,30322.0,Nyctalus leisleri,0.421,0.569,-1,Echolocation,192000.0,/mnt/ubna_data_04/recover-20241018/UBNA_010/20241013_040000.WAV,recover-20241018,UBNA_010,Central Pond
LF,24960.0,27.296889565987186,111.5425,111.56139999999999,24609.0,26096.0,Nyctalus leisleri,0.529,0.598,-1,Echolocation,192000.0,/mnt/ubna_data_04/recover-20241018/UBNA_010/20241014_043000.WAV,recover-20241018,UBNA_010,Central Pond
LF,25920.0,21.48742806655818,279.3935,279.4104,25468.0,28826.0,Nyctalus leisleri,0.513,0.576,-1,Echolocation,192000.0,/mnt/ubna_data_04/recover-20241018/UBNA_010/20241012_071000.WAV,recover-20241018,UBNA_010,Central Pond
LF,27840.0,24.78946055949125,93.0715,93.0852,27187.0,32294.0,Nyctalus leisleri,0.545,0.64,-1,Echolocation,192000.0,/mnt/ubna_data_04/recover-20241018/UBNA_010/20241012_073000.WAV,recover-20241018,UBNA_010,Central Pond
HF,48960.0,16.16508384097692,38.966499999999996,38.9734,46953.0,66954.0,Pipistrellus pipistrellus,0.567,0.646,-1,Echolocation,192000.0,/mnt/ubna_data_04/recover-20241018/UBNA_010/20241015_024000.WAV,recover-20241018,UBNA_010,Central Pond
LF,24000.0,28.228132692871057,279.8145,279.831,23750.0,34601.0,Eptesicus serotinus,0.41,0.583,-1,Echolocation,192000.0,/mnt/ubna_data_04/recover-20241018/UBNA_010/20241014_020000.WAV,recover-20241018,UBNA_010,Central Pond
LF,24960.0,13.827312517237647,22.6935,22.707,24609.0,31091.0,Nyctalus leisleri,0.432,0.632,-1,Echolocation,192000.0,/mnt/ubna_data_04/recover-20241018/UBNA_010/20241014_023000.WAV,recover-20241018,UBNA_010,Central Pond
HF,55680.0,9.69641405219592,212.1845,212.1902,47812.0,60397.0,Pipistrellus pipistrellus,0.613,0.641,-1,Echolocation,192000.0,/mnt/ubna_data_04/recover-20241018/UBNA_010/20241012_034000.WAV,recover-20241018,UBNA_010,Central Pond
LF,26880.0,11.914976259437456,50.055499999999995,50.068200000000004,26328.0,32137.0,Nyctalus leisleri,0.424,0.602,-1,Echolocation,192000.0,/mnt/ubna_data_04/recover-20241018/UBNA_010/20241017_042000.WAV,recover-20241018,UBNA_010,Central Pond
HF,46080.0,21.133996696205482,174.9815,174.9909,43515.0,62380.0,Pipistrellus pipistrellus,0.556,0.693,-1,Echolocation,192000.0,/mnt/ubna_data_04/recover-20241018/UBNA_010/20241014_031000.WAV,recover-20241018,UBNA_010,Central Pond
LF,23040.0,3.5111485781914142,27.6975,27.7121,22890.0,27040.0,Nyctalus leisleri,0.372,0.505,-1,Echolocation,192000.0,/mnt/ubna_data_04/recover-20241018/UBNA_010/20241011_211000.WAV,recover-20241018,UBNA_010,Central Pond
LF,24960.0,19.69592867371587,259.0315,259.0502,23750.0,26884.0,Nyctalus leisleri,0.526,0.583,-1,Echolocation,192000.0,/mnt/ubna_data_04/recover-20241018/UBNA_010/20241014_020000.WAV,recover-20241018,UBNA_010,Central Pond
LF,24000.0,18.244689816530727,217.0945,217.1128,22890.0,28359.0,Nyctalus leisleri,0.332,0.507,-1,Echolocation,192000.0,/mnt/ubna_data_04/recover-20241018/UBNA_010/20241014_021000.WAV,recover-20241018,UBNA_010,Central Pond
LF,24000.0,8.980230115480447,107.5895,107.60589999999999,23750.0,26387.0,Nyctalus leisleri,0.518,0.583,-1,Echolocation,192000.0,/mnt/ubna_data_04/recover-20241018/UBNA_010/20241014_020000.WAV,recover-20241018,UBNA_010,Central Pond
LF,29760.0,20.967017427716957,100.6815,100.6934,28046.0,38535.0,Nyctalus leisleri,0.408,0.624,-1,Echolocation,192000.0,/mnt/ubna_data_04/recover-20241018/UBNA_010/20241014_111000.WAV,recover-20241018,UBNA_010,Central Pond
HF,47040.0,8.74440425409328,288.8185,288.8249,44375.0,59231.0,Pipistrellus pipistrellus,0.536,0.578,-1,Echolocation,192000.0,/mnt/ubna_data_04/recover-20241018/UBNA_010/20241014_031000.WAV,recover-20241018,UBNA_010,Central Pond
LF,25920.0,13.691251953624628,137.40449999999998,137.4217,25468.0,28680.0,Nyctalus leisleri,0.478,0.584,-1,Echolocation,192000.0,/mnt/ubna_data_04/recover-20241018/UBNA_010/20241013_105000.WAV,recover-20241018,UBNA_010,Central Pond
HF,48000.0,5.063605243739161,133.1535,133.1611,47812.0,62637.0,Pipistrellus pipistrellus,0.553,0.614,-1,Echolocation,192000.0,/mnt/ubna_data_04/recover-20241018/UBNA_010/20241018_032000.WAV,recover-20241018,UBNA_010,Central Pond
HF,46080.0,27.902806337369448,32.1435,32.1497,42656.0,63738.0,Pipistrellus pipistrellus,0.371,0.593,-1,Echolocation,192000.0,/mnt/ubna_data_04/recover-20241018/UBNA_010/20241016_022000.WAV,recover-20241018,UBNA_010,Central Pond
HF,48000.0,16.24305934922547,70.8205,70.8274,46093.0,67127.0,Pipistrellus pipistrellus,0.497,0.564,-1,Echolocation,192000.0,/mnt/ubna_data_04/recover-20241018/UBNA_010/20241016_040000.WAV,recover-20241018,UBNA_010,Central Pond
LF,23040.0,27.41770397988549,100.8275,100.84440000000001,22890.0,26888.0,Nyctalus leisleri,0.518,0.562,-1,Echolocation,192000.0,/mnt/ubna_data_04/recover-20241018/UBNA_010/20241015_054000.WAV,recover-20241018,UBNA_010,Central Pond
LF,32640.0,0.42097532183308595,145.92849999999999,145.9416,22890.0,28096.0,Nyctalus leisleri,0.446,0.608,-1,Echolocation,192000.0,/mnt/ubna_data_04/recover-20241018/UBNA_010/20241011_211000.WAV,recover-20241018,UBNA_010,Central Pond
HF,48000.0,10.025216710881521,299.8645,299.8731,46953.0,53633.0,Pipistrellus pipistrellus,0.519,0.55,-1,Echolocation,192000.0,/mnt/ubna_data_04/recover-20241018/UBNA_010/20241016_023000.WAV,recover-20241018,UBNA_010,Central Pond
HF,47040.0,19.50332253698733,172.2235,172.2315,46093.0,64253.0,Pipistrellus pipistrellus,0.555,0.69,-1,Echolocation,192000.0,/mnt/ubna_data_04/recover-20241018/UBNA_010/20241012_030000.WAV,recover-20241018,UBNA_010,Central Pond
HF,46080.0,22.985198205028787,32.2295,32.2344,43515.0,57511.0,Pipistrellus pipistrellus,0.667,0.712,-1,Echolocation,192000.0,/mnt/ubna_data_04/recover-20241018/UBNA_010/20241016_022000.WAV,recover-20241018,UBNA_010,Central Pond
LF,23040.0,1.822625925257294,146.0945,146.1096,22890.0,26224.0,Nyctalus leisleri,0.593,0.631,-1,Echolocation,192000.0,/mnt/ubna_data_04/recover-20241018/UBNA_010/20241011_211000.WAV,recover-20241018,UBNA_010,Central Pond
LF,25920.0,16.31739869979548,279.8695,279.8883,24609.0,27006.0,Nyctalus leisleri,0.511,0.556,-1,Echolocation,192000.0,/mnt/ubna_data_04/recover-20241018/UBNA_010/20241012_071000.WAV,recover-20241018,UBNA_010,Central Pond
HF,48000.0,14.227694899831958,39.0655,39.0721,45234.0,59295.0,Pipistrellus pipistrellus,0.491,0.531,-1,Echolocation,192000.0,/mnt/ubna_data_04/recover-20241018/UBNA_010/20241015_024000.WAV,recover-20241018,UBNA_010,Central Pond
LF,25920.0,20.873423715230874,107.85849999999999,107.875,22890.0,26357.0,Nyctalus leisleri,0.517,0.608,-1,Echolocation,192000.0,/mnt/ubna_data_04/recover-20241018/UBNA_010/20241014_020000.WAV,recover-20241018,UBNA_010,Central Pond
LF,24960.0,24.569994818561632,259.2895,259.308,23750.0,27674.0,Nyctalus leisleri,0.571,0.615,-1,Echolocation,192000.0,/mnt/ubna_data_04/recover-20241018/UBNA_010/20241014_020000.WAV,recover-20241018,UBNA_010,Central Pond
LF,26880.0,12.191991961449249,50.7315,50.7491,26328.0,29987.0,Nyctalus leisleri,0.422,0.504,-1,Echolocation,192000.0,/mnt/ubna_data_04/recover-20241018/UBNA_010/20241017_042000.WAV,recover-20241018,UBNA_010,Central Pond
HF,47040.0,9.47499070970453,288.8875,288.8932,45234.0,55165.0,Pipistrellus pipistrellus,0.558,0.584,-1,Echolocation,192000.0,/mnt/ubna_data_04/recover-20241018/UBNA_010/20241014_031000.WAV,recover-20241018,UBNA_010,Central Pond
LF,29760.0,20.025108171151317,100.9155,100.9275,28046.0,39293.0,Nyctalus leisleri,0.429,0.621,-1,Echolocation,192000.0,/mnt/ubna_data_04/recover-20241018/UBNA_010/20241014_111000.WAV,recover-20241018,UBNA_010,Central Pond
LF,23040.0,4.811623452095005,27.9325,27.9471,22890.0,26790.0,Nyctalus leisleri,0.326,0.512,-1,Echolocation,192000.0,/mnt/ubna_data_04/recover-20241018/UBNA_010/20241011_211000.WAV,recover-20241018,UBNA_010,Central Pond
HF,47040.0,19.08720558122709,92.4595,92.4695,44375.0,60982.0,Pipistrellus pipistrellus,0.569,0.642,-1,Echolocation,192000.0,/mnt/ubna_data_04/recover-20241018/UBNA_010/20241017_081000.WAV,recover-20241018,UBNA_010,Central Pond
HF,48000.0,14.697972509137138,70.8945,70.8994,45234.0,58783.0,Pipistrellus pipistrellus,0.623,0.662,-1,Echolocation,192000.0,/mnt/ubna_data_04/recover-20241018/UBNA_010/20241016_040000.WAV,recover-20241018,UBNA_010,Central Pond
HF,48960.0,19.1246369107267,133.3205,133.3294,44375.0,68979.0,Pipistrellus pipistrellus,0.587,0.687,-1,Echolocation,192000.0,/mnt/ubna_data_04/recover-20241018/UBNA_010/20241018_032000.WAV,recover-20241018,UBNA_010,Central Pond
HF,48000.0,11.026164585463977,172.4445,172.4536,45234.0,61460.0,Pipistrellus pipistrellus,0.387,0.503,-1,Echolocation,192000.0,/mnt/ubna_data_04/recover-20241018/UBNA_010/20241012_030000.WAV,recover-20241018,UBNA_010,Central Pond
LF,23040.0,27.929079579884394,101.3105,101.3288,22890.0,24117.0,Nyctalus leisleri,0.668,0.685,-1,Echolocation,192000.0,/mnt/ubna_data_04/recover-20241018/UBNA_010/20241015_054000.WAV,recover-20241018,UBNA_010,Central Pond
LF,25920.0,16.769548204403332,138.6315,138.6469,25468.0,29527.0,Nyctalus leisleri,0.502,0.584,-1,Echolocation,192000.0,/mnt/ubna_data_04/recover-20241018/UBNA_010/20241013_105000.WAV,recover-20241018,UBNA_010,Central Pond
LF,24000.0,9.429981936016546,217.5235,217.5407,23750.0,27383.0,Nyctalus leisleri,0.458,0.559,-1,Echolocation,192000.0,/mnt/ubna_data_04/recover-20241018/UBNA_010/20241014_021000.WAV,recover-20241018,UBNA_010,Central Pond
HF,46080.0,9.356411924193013,175.0855,175.0942,44375.0,53577.0,Pipistrellus pipistrellus,0.531,0.604,-1,Echolocation,192000.0,/mnt/ubna_data_04/recover-20241018/UBNA_010/20241014_031000.WAV,recover-20241018,UBNA_010,Central Pond
LF,26880.0,19.876712894673354,291.9265,291.9418,25468.0,29862.0,Nyctalus leisleri,0.414,0.559,-1,Echolocation,192000.0,/mnt/ubna_data_04/recover-20241018/UBNA_010/20241013_040000.WAV,recover-20241018,UBNA_010,Central Pond
LF,25920.0,3.845811357601968,4.0955,4.1069,25468.0,31280.0,Nyctalus leisleri,0.429,0.624,-1,Echolocation,192000.0,/mnt/ubna_data_04/recover-20241018/UBNA_010/20241014_020000.WAV,recover-20241018,UBNA_010,Central Pond
HF,46080.0,9.529291455194343,276.1025,276.1096,45234.0,58710.0,Pipistrellus pipistrellus,0.533,0.561,-1,Echolocation,192000.0,/mnt/ubna_data_04/recover-20241018/UBNA_010/20241013_062000.WAV,recover-20241018,UBNA_010,Central Pond
HF,48000.0,17.232291121629572,212.2745,212.2812,46953.0,56600.0,Pipistrellus pipistrellus,0.575,0.594,-1,Echolocation,192000.0,/mnt/ubna_data_04/recover-20241018/UBNA_010/20241012_034000.WAV,recover-20241018,UBNA_010,Central Pond
LF,27840.0,16.513275020013335,93.3085,93.3229,27187.0,30976.0,Nyctalus leisleri,0.463,0.527,-1,Echolocation,192000.0,/mnt/ubna_data_04/recover-20241018/UBNA_010/20241012_073000.WAV,recover-20241018,UBNA_010,Central Pond
LF,24960.0,8.830063498896381,22.9505,22.9649,23750.0,29686.0,Nyctalus leisleri,0.44,0.629,-1,Echolocation,192000.0,/mnt/ubna_data_04/recover-20241018/UBNA_010/20241014_023000.WAV,recover-20241018,UBNA_010,Central Pond
LF,26880.0,22.068948668334514,280.2065,280.222,24609.0,38532.0,Eptesicus serotinus,0.427,0.611,-1,Echolocation,192000.0,/mnt/ubna_data_04/recover-20241018/UBNA_010/20241014_020000.WAV,recover-20241018,UBNA_010,Central Pond
LF,25920.0,35.78704032137824,111.8075,111.8298,24609.0,27604.0,Nyctalus leisleri,0.498,0.571,-1,Echolocation,192000.0,/mnt/ubna_data_04/recover-20241018/UBNA_010/20241014_043000.WAV,recover-20241018,UBNA_010,Central Pond
LF,24000.0,16.37091623033673,23.1215,23.1377,22890.0,30550.0,Nyctalus leisleri,0.241,0.601,-1,Echolocation,192000.0,/mnt/ubna_data_04/recover-20241018/UBNA_010/20241014_023000.WAV,recover-20241018,UBNA_010,Central Pond
HF,46080.0,8.703879096451418,276.1825,276.1884,44375.0,58995.0,Pipistrellus pipistrellus,0.525,0.61,-1,Echolocation,192000.0,/mnt/ubna_data_04/recover-20241018/UBNA_010/20241013_062000.WAV,recover-20241018,UBNA_010,Central Pond
LF,23040.0,0.5683998140158455,146.2495,146.2664,22031.0,25975.0,Nyctalus leisleri,0.599,0.643,-1,Echolocation,192000.0,/mnt/ubna_data_04/recover-20241018/UBNA_010/20241011_211000.WAV,recover-20241018,UBNA_010,Central Pond
LF,28800.0,24.79055010594383,101.0655,101.0776,28046.0,42559.0,Eptesicus serotinus,0.335,0.659,-1,Echolocation,192000.0,/mnt/ubna_data_04/recover-20241018/UBNA_010/20241014_111000.WAV,recover-20241018,UBNA_010,Central Pond
HF,55680.0,9.860173731794028,212.3595,212.3661,46953.0,61407.0,Pipistrellus pipistrellus,0.582,0.64,-1,Echolocation,192000.0,/mnt/ubna_data_04/recover-20241018/UBNA_010/20241012_034000.WAV,recover-20241018,UBNA_010,Central Pond
HF,47040.0,11.438186931578727,288.9945,289.0036,43515.0,60020.0,Pipistrellus pipistrellus,0.511,0.607,-1,Echolocation,192000.0,/mnt/ubna_data_04/recover-20241018/UBNA_010/20241014_031000.WAV,recover-20241018,UBNA_010,Central Pond
HF,46080.0,9.983668643294584,92.5595,92.5662,45234.0,53949.0,Pipistrellus pipistrellus,0.574,0.595,-1,Echolocation,192000.0,/mnt/ubna_data_04/recover-20241018/UBNA_010/20241017_081000.WAV,recover-20241018,UBNA_010,Central Pond
LF,25920.0,16.611097897354817,138.9595,138.9766,25468.0,29443.0,Nyctalus leisleri,0.511,0.618,-1,Echolocation,192000.0,/mnt/ubna_data_04/recover-20241018/UBNA_010/20241013_105000.WAV,recover-20241018,UBNA_010,Central Pond
LF,24960.0,11.97896617037519,260.2325,260.2495,23750.0,27316.0,Nyctalus leisleri,0.45,0.517,-1,Echolocation,192000.0,/mnt/ubna_data_04/recover-20241018/UBNA_010/20241014_020000.WAV,recover-20241018,UBNA_010,Central Pond
LF,24960.0,19.11121133523046,217.8045,217.8219,23750.0,28439.0,Nyctalus leisleri,0.291,0.515,-1,Echolocation,192000.0,/mnt/ubna_data_04/recover-20241018/UBNA_010/20241014_021000.WAV,recover-20241018,UBNA_010,Central Pond
LF,26880.0,16.49884860342324,292.3925,292.4081,25468.0,29977.0,Nyctalus leisleri,0.493,0.642,-1,Echolocation,192000.0,/mnt/ubna_data_04/recover-20241018/UBNA_010/20241013_040000.WAV,recover-20241018,UBNA_010,Central Pond
LF,25920.0,27.132630391806902,112.9585,112.97919999999999,24609.0,27299.0,Nyctalus leisleri,0.471,0.54,-1,Echolocation,192000.0,/mnt/ubna_data_04/recover-20241018/UBNA_010/20241014_043000.WAV,recover-20241018,UBNA_010,Central Pond
HF,48000.0,17.64924546991039,39.1605,39.1683,46953.0,63690.0,Pipistrellus pipistrellus,0.494,0.6,-1,Echolocation,192000.0,/mnt/ubna_data_04/recover-20241018/UBNA_010/20241015_024000.WAV,recover-20241018,UBNA_010,Central Pond
LF,26880.0,14.059363120278032,281.6685,281.679,25468.0,37354.0,Eptesicus serotinus,0.347,0.615,-1,Echolocation,192000.0,/mnt/ubna_data_04/recover-20241018/UBNA_010/20241014_020000.WAV,recover-20241018,UBNA_010,Central Pond
LF,25920.0,22.90478854746535,280.2105,280.227,25468.0,27763.0,Nyctalus leisleri,0.475,0.582,-1,Echolocation,192000.0,/mnt/ubna_data_04/recover-20241018/UBNA_010/20241012_071000.WAV,recover-20241018,UBNA_010,Central Pond
HF,53760.0,24.956736237469954,70.9675,70.9728,44375.0,76024.0,Pipistrellus pipistrellus,0.51,0.609,-1,Echolocation,192000.0,/mnt/ubna_data_04/recover-20241018/UBNA_010/20241016_040000.WAV,recover-20241018,UBNA_010,Central Pond
LF,25920.0,17.997039885998845,4.2755,4.2895,24609.0,32179.0,Eptesicus serotinus,0.306,0.608,-1,Echolocation,192000.0,/mnt/ubna_data_04/recover-20241018/UBNA_010/20241014_020000.WAV,recover-20241018,UBNA_010,Central Pond
HF,48000.0,8.694227969234143,133.4205,133.42680000000001,47812.0,61174.0,Pipistrellus pipistrellus,0.497,0.522,-1,Echolocation,192000.0,/mnt/ubna_data_04/recover-20241018/UBNA_010/20241018_032000.WAV,recover-20241018,UBNA_010,Central Pond
HF,46080.0,18.10731040024446,175.2645,175.2741,41796.0,60549.0,Pipistrellus pipistrellus,0.434,0.565,-1,Echolocation,192000.0,/mnt/ubna_data_04/recover-20241018/UBNA_010/20241014_031000.WAV,recover-20241018,UBNA_010,Central Pond
LF,23040.0,0.4881055050246958,29.3625,29.3781,22890.0,27030.0,Nyctalus leisleri,0.494,0.567,-1,Echolocation,192000.0,/mnt/ubna_data_04/recover-20241018/UBNA_010/20241011_211000.WAV,recover-20241018,UBNA_010,Central Pond
LF,25920.0,14.270777127557555,108.0035,108.0178,23750.0,28158.0,Nyctalus leisleri,0.333,0.503,-1,Echolocation,192000.0,/mnt/ubna_data_04/recover-20241018/UBNA_010/20241014_020000.WAV,recover-20241018,UBNA_010,Central Pond
LF,25920.0,23.569012924172167,101.4695,101.4843,23750.0,27212.0,Nyctalus leisleri,0.749,0.783,-1,Echolocation,192000.0,/mnt/ubna_data_04/recover-20241018/UBNA_010/20241015_054000.WAV,recover-20241018,UBNA_010,Central Pond
LF,26880.0,28.491376414579616,93.5525,93.5663,26328.0,31023.0,Nyctalus leisleri,0.638,0.698,-1,Echolocation,192000.0,/mnt/ubna_data_04/recover-20241018/UBNA_010/20241012_073000.WAV,recover-20241018,UBNA_010,Central Pond
HF,44160.0,24.381264011576285,32.3175,32.3238,41796.0,61579.0,Pipistrellus pipistrellus,0.417,0.548,-1,Echolocation,192000.0,/mnt/ubna_data_04/recover-20241018/UBNA_010/20241016_022000.WAV,recover-20241018,UBNA_010,Central Pond
LF,26880.0,8.536504046216187,51.8825,51.8964,26328.0,30010.0,Nyctalus leisleri,0.412,0.555,-1,Echolocation,192000.0,/mnt/ubna_data_04/recover-20241018/UBNA_010/20241017_042000.WAV,recover-20241018,UBNA_010,Central Pond
HF,47040.0,17.585574669821625,172.5585,172.5671,45234.0,59709.0,Pipistrellus pipistrellus,0.554,0.652,-1,Echolocation,192000.0,/mnt/ubna_data_04/recover-20241018/UBNA_010/20241012_030000.WAV,recover-20241018,UBNA_010,Central Pond
LF,29760.0,24.44432699309752,101.2575,101.271,28046.0,40816.0,Nyctalus leisleri,0.336,0.607,-1,Echolocation,192000.0,/mnt/ubna_data_04/recover-20241018/UBNA_010/20241014_111000.WAV,recover-20241018,UBNA_010,Central Pond
LF,23040.0,9.596594548206461,23.3435,23.3594,22890.0,28351.0,Nyctalus leisleri,0.365,0.534,-1,Echolocation,192000.0,/mnt/ubna_data_04/recover-20241018/UBNA_010/20241014_023000.WAV,recover-20241018,UBNA_010,Central Pond
HF,46080.0,9.884735098375872,175.3595,175.3656,42656.0,56293.0,Pipistrellus pipistrellus,0.531,0.612,-1,Echolocation,192000.0,/mnt/ubna_data_04/recover-20241018/UBNA_010/20241014_031000.WAV,recover-20241018,UBNA_010,Central Pond
LF,25920.0,17.518347408438373,218.9125,218.9318,23750.0,28240.0,Nyctalus leisleri,0.346,0.505,-1,Echolocation,192000.0,/mnt/ubna_data_04/recover-20241018/UBNA_010/20241014_021000.WAV,recover-20241018,UBNA_010,Central Pond
LF,25920.0,9.946990366840222,261.47950000000003,261.496,24609.0,28943.0,Nyctalus leisleri,0.411,0.609,-1,Echolocation,192000.0,/mnt/ubna_data_04/recover-20241018/UBNA_010/20241014_020000.WAV,recover-20241018,UBNA_010,Central Pond
LF,26880.0,22.37694267623258,281.8195,281.8337,24609.0,38504.0,Eptesicus serotinus,0.564,0.698,-1,Echolocation,192000.0,/mnt/ubna_data_04/recover-20241018/UBNA_010/20241014_020000.WAV,recover-20241018,UBNA_010,Central Pond
HF,46080.0,9.854814969214395,289.0935,289.0999,45234.0,55763.0,Pipistrellus pipistrellus,0.532,0.577,-1,Echolocation,192000.0,/mnt/ubna_data_04/recover-20241018/UBNA_010/20241014_031000.WAV,recover-20241018,UBNA_010,Central Pond
HF,47040.0,14.015810052664317,172.7715,172.7801,46953.0,56959.0,Pipistrellus pipistrellus,0.569,0.636,-1,Echolocation,192000.0,/mnt/ubna_data_04/recover-20241018/UBNA_010/20241012_030000.WAV,recover-20241018,UBNA_010,Central Pond
LF,25920.0,16.938983312460806,113.32849999999999,113.3499,24609.0,26751.0,Nyctalus leisleri,0.487,0.539,-1,Echolocation,192000.0,/mnt/ubna_data_04/recover-20241018/UBNA_010/20241014_043000.WAV,recover-20241018,UBNA_010,Central Pond
HF,48000.0,10.388918728599624,276.2675,276.276,45234.0,62659.0,Pipistrellus pipistrellus,0.511,0.597,-1,Echolocation,192000.0,/mnt/ubna_data_04/recover-20241018/UBNA_010/20241013_062000.WAV,recover-20241018,UBNA_010,Central Pond
LF,24000.0,31.59797129347644,101.8345,101.85,22890.0,26536.0,Nyctalus leisleri,0.72,0.751,-1,Echolocation,192000.0,/mnt/ubna_data_04/recover-20241018/UBNA_010/20241015_054000.WAV,recover-20241018,UBNA_010,Central Pond
LF,26880.0,8.405372260743375,52.4885,52.5025,26328.0,29753.0,Nyctalus leisleri,0.44,0.555,-1,Echolocation,192000.0,/mnt/ubna_data_04/recover-20241018/UBNA_010/20241017_042000.WAV,recover-20241018,UBNA_010,Central Pond
HF,51840.0,16.39776709947369,133.5865,133.5937,44375.0,65434.0,Pipistrellus pipistrellus,0.448,0.561,-1,Echolocation,192000.0,/mnt/ubna_data_04/recover-20241018/UBNA_010/20241018_032000.WAV,recover-20241018,UBNA_010,Central Pond
LF,23040.0,3.135766031181907,146.7595,146.7747,22890.0,26801.0,Nyctalus leisleri,0.482,0.563,-1,Echolocation,192000.0,/mnt/ubna_data_04/recover-20241018/UBNA_010/20241011_211000.WAV,recover-20241018,UBNA_010,Central Pond
LF,26880.0,18.421811610841647,139.2485,139.2697,25468.0,29117.0,Nyctalus leisleri,0.447,0.543,-1,Echolocation,192000.0,/mnt/ubna_data_04/recover-20241018/UBNA_010/20241013_105000.WAV,recover-20241018,UBNA_010,Central Pond
LF,25920.0,6.722331048269934,108.1515,108.1688,24609.0,28796.0,Nyctalus leisleri,0.451,0.542,-1,Echolocation,192000.0,/mnt/ubna_data_04/recover-20241018/UBNA_010/20241014_020000.WAV,recover-20241018,UBNA_010,Central Pond
LF,24960.0,9.526225901174675,280.6795,280.699,23750.0,27506.0,Nyctalus leisleri,0.403,0.523,-1,Echolocation,192000.0,/mnt/ubna_data_04/recover-20241018/UBNA_010/20241012_071000.WAV,recover-20241018,UBNA_010,Central Pond
LF,26880.0,17.45344923885334,93.8095,93.8248,26328.0,32385.0,Nyctalus leisleri,0.391,0.547,-1,Echolocation,192000.0,/mnt/ubna_data_04/recover-20241018/UBNA_010/20241012_073000.WAV,recover-20241018,UBNA_010,Central Pond
LF,24960.0,20.998455019066643,4.5105,4.5253,23750.0,31282.0,Eptesicus serotinus,0.282,0.576,-1,Echolocation,192000.0,/mnt/ubna_data_04/recover-20241018/UBNA_010/20241014_020000.WAV,recover-20241018,UBNA_010,Central Pond
HF,47040.0,15.834604485785349,39.2535,39.2607,45234.0,61807.0,Pipistrellus pipistrellus,0.53,0.615,-1,Echolocation,192000.0,/mnt/ubna_data_04/recover-20241018/UBNA_010/20241015_024000.WAV,recover-20241018,UBNA_010,Central Pond
HF,47040.0,13.358416551040374,32.4065,32.4127,43515.0,58866.0,Pipistrellus pipistrellus,0.522,0.629,-1,Echolocation,192000.0,/mnt/ubna_data_04/recover-20241018/UBNA_010/20241016_022000.WAV,recover-20241018,UBNA_010,Central Pond
LF,23040.0,0.7101133675364093,29.4055,29.4203,22890.0,26765.0,Nyctalus leisleri,0.493,0.577,-1,Echolocation,192000.0,/mnt/ubna_data_04/recover-20241018/UBNA_010/20241011_211000.WAV,recover-20241018,UBNA_010,Central Pond
HF,48000.0,14.422964264370247,71.0255,71.0313,45234.0,61043.0,Pipistrellus pipistrellus,0.453,0.558,-1,Echolocation,192000.0,/mnt/ubna_data_04/recover-20241018/UBNA_010/20241016_040000.WAV,recover-20241018,UBNA_010,Central Pond
HF,48960.0,12.683784263027107,212.4465,212.4526,47812.0,59120.0,Pipistrellus pipistrellus,0.668,0.694,-1,Echolocation,192000.0,/mnt/ubna_data_04/recover-20241018/UBNA_010/20241012_034000.WAV,recover-20241018,UBNA_010,Central Pond
LF,26880.0,12.15107403868258,293.0705,293.0852,26328.0,30777.0,Nyctalus leisleri,0.319,0.533,-1,Echolocation,192000.0,/mnt/ubna_data_04/recover-20241018/UBNA_010/20241013_040000.WAV,recover-20241018,UBNA_010,Central Pond
HF,47040.0,15.199780991766328,92.6495,92.6596,45234.0,61460.0,Pipistrellus pipistrellus,0.565,0.6,-1,Echolocation,192000.0,/mnt/ubna_data_04/recover-20241018/UBNA_010/20241017_081000.WAV,recover-20241018,UBNA_010,Central Pond
LF,25920.0,16.41056528430876,114.0855,114.10210000000001,24609.0,27864.0,Nyctalus leisleri,0.564,0.618,-1,Echolocation,192000.0,/mnt/ubna_data_04/recover-20241018/UBNA_010/20241014_043000.WAV,recover-20241018,UBNA_010,Central Pond
LF,29760.0,28.795486784834647,101.3695,101.3809,28046.0,42402.0,Nyctalus leisleri,0.545,0.707,-1,Echolocation,192000.0,/mnt/ubna_data_04/recover-20241018/UBNA_010/20241014_111000.WAV,recover-20241018,UBNA_010,Central Pond
LF,26880.0,6.012176299190822,293.4205,293.4344,25468.0,29347.0,Nyctalus leisleri,0.537,0.612,-1,Echolocation,192000.0,/mnt/ubna_data_04/recover-20241018/UBNA_010/20241013_040000.WAV,recover-20241018,UBNA_010,Central Pond
LF,26880.0,8.519468257837818,282.2385,282.2492,25468.0,31621.0,Nyctalus leisleri,0.324,0.588,-1,Echolocation,192000.0,/mnt/ubna_data_04/recover-20241018/UBNA_010/20241014_020000.WAV,recover-20241018,UBNA_010,Central Pond
LF,24000.0,12.872331511602837,23.6445,23.66,22890.0,28395.0,Nyctalus leisleri,0.31,0.504,-1,Echolocation,192000.0,/mnt/ubna_data_04/recover-20241018/UBNA_010/20241014_023000.WAV,recover-20241018,UBNA_010,Central Pond
HF,47040.0,7.400979309974063,172.89249999999998,172.8987,46953.0,54406.0,Pipistrellus pipistrellus,0.602,0.625,-1,Echolocation,192000.0,/mnt/ubna_data_04/recover-20241018/UBNA_010/20241012_030000.WAV,recover-20241018,UBNA_010,Central Pond
LF,25920.0,20.65188291054303,4.6585,4.6747,24609.0,32770.0,Eptesicus serotinus,0.313,0.564,-1,Echolocation,192000.0,/mnt/ubna_data_04/recover-20241018/UBNA_010/20241014_020000.WAV,recover-20241018,UBNA_010,Central Pond
HF,48000.0,10.504373691072594,212.5995,212.6068,46953.0,64724.0,Pipistrellus pipistrellus,0.538,0.675,-1,Echolocation,192000.0,/mnt/ubna_data_04/recover-20241018/UBNA_010/20241012_034000.WAV,recover-20241018,UBNA_010,Central Pond
LF,25920.0,6.614857717618385,223.4615,223.4759,23750.0,28506.0,Nyctalus leisleri,0.382,0.575,-1,Echolocation,192000.0,/mnt/ubna_data_04/recover-20241018/UBNA_010/20241014_021000.WAV,recover-20241018,UBNA_010,Central Pond
HF,48960.0,16.593951908827137,39.3245,39.3312,46953.0,67629.0,Pipistrellus pipistrellus,0.554,0.602,-1,Echolocation,192000.0,/mnt/ubna_data_04/recover-20241018/UBNA_010/20241015_024000.WAV,recover-20241018,UBNA_010,Central Pond
HF,47040.0,27.0930131928479,175.4605,175.4681,40937.0,57786.0,Pipistrellus pipistrellus,0.524,0.63,-1,Echolocation,192000.0,/mnt/ubna_data_04/recover-20241018/UBNA_010/20241014_031000.WAV,recover-20241018,UBNA_010,Central Pond
LF,26880.0,17.031894257284804,94.4325,94.4483,26328.0,29650.0,Nyctalus leisleri,0.555,0.589,-1,Echolocation,192000.0,/mnt/ubna_data_04/recover-20241018/UBNA_010/20241012_073000.WAV,recover-20241018,UBNA_010,Central Pond
LF,23040.0,1.5876491636356402,149.2625,149.2752,22890.0,27288.0,Nyctalus leisleri,0.448,0.514,-1,Echolocation,192000.0,/mnt/ubna_data_04/recover-20241018/UBNA_010/20241011_211000.WAV,recover-20241018,UBNA_010,Central Pond
LF,26880.0,20.460147022180905,139.5145,139.5303,26328.0,30650.0,Nyctalus leisleri,0.449,0.529,-1,Echolocation,192000.0,/mnt/ubna_data_04/recover-20241018/UBNA_010/20241013_105000.WAV,recover-20241018,UBNA_010,Central Pond
HF,46080.0,25.905743942868042,32.4935,32.4999,41796.0,63711.0,Pipistrellus pipistrellus,0.472,0.711,-1,Echolocation,192000.0,/mnt/ubna_data_04/recover-20241018/UBNA_010/20241016_022000.WAV,recover-20241018,UBNA_010,Central Pond
LF,23040.0,8.531199909673003,29.5055,29.5206,22890.0,26482.0,Nyctalus leisleri,0.564,0.627,-1,Echolocation,192000.0,/mnt/ubna_data_04/recover-20241018/UBNA_010/20241011_211000.WAV,recover-20241018,UBNA_010,Central Pond
HF,48960.0,15.577679090816186,133.7745,133.7824,45234.0,64539.0,Pipistrellus pipistrellus,0.378,0.54,-1,Echolocation,192000.0,/mnt/ubna_data_04/recover-20241018/UBNA_010/20241018_032000.WAV,recover-20241018,UBNA_010,Central Pond
LF,24960.0,14.576897872725354,261.9835,261.9998,23750.0,28290.0,Nyctalus leisleri,0.503,0.615,-1,Echolocation,192000.0,/mnt/ubna_data_04/recover-20241018/UBNA_010/20241014_020000.WAV,recover-20241018,UBNA_010,Central Pond
HF,46080.0,11.897198381784783,92.8405,92.8496,45234.0,62397.0,Pipistrellus pipistrellus,0.546,0.644,-1,Echolocation,192000.0,/mnt/ubna_data_04/recover-20241018/UBNA_010/20241017_081000.WAV,recover-20241018,UBNA_010,Central Pond
LF,24000.0,25.086436829220386,102.2175,102.2353,22890.0,26911.0,Nyctalus leisleri,0.498,0.566,-1,Echolocation,192000.0,/mnt/ubna_data_04/recover-20241018/UBNA_010/20241015_054000.WAV,recover-20241018,UBNA_010,Central Pond
LF,24960.0,17.156356885594896,108.5555,108.5738,22890.0,27069.0,Nyctalus leisleri,0.449,0.581,-1,Echolocation,192000.0,/mnt/ubna_data_04/recover-20241018/UBNA_010/20241014_020000.WAV,recover-20241018,UBNA_010,Central Pond
HF,47040.0,12.555331633807466,276.3455,276.3531,46953.0,60394.0,Pipistrellus pipistrellus,0.571,0.675,-1,Echolocation,192000.0,/mnt/ubna_data_04/recover-20241018/UBNA_010/20241013_062000.WAV,recover-20241018,UBNA_010,Central Pond
HF,47040.0,20.988272754449348,71.1035,71.109,42656.0,73882.0,Pipistrellus pipistrellus,0.384,0.618,-1,Echolocation,192000.0,/mnt/ubna_data_04/recover-20241018/UBNA_010/20241016_040000.WAV,recover-20241018,UBNA_010,Central Pond
HF,48000.0,13.335882852228345,289.1955,289.2036,43515.0,59073.0,Pipistrellus pipistrellus,0.469,0.592,-1,Echolocation,192000.0,/mnt/ubna_data_04/recover-20241018/UBNA_010/20241014_031000.WAV,recover-20241018,UBNA_010,Central Pond
LF,23040.0,13.553084103747498,24.2865,24.3007,22890.0,28558.0,Nyctalus leisleri,0.27,0.524,-1,Echolocation,192000.0,/mnt/ubna_data_04/recover-20241018/UBNA_010/20241014_023000.WAV,recover-20241018,UBNA_010,Central Pond
HF,46080.0,23.143359470104468,175.6635,175.6719,41796.0,58846.0,Pipistrellus pipistrellus,0.437,0.583,-1,Echolocation,192000.0,/mnt/ubna_data_04/recover-20241018/UBNA_010/20241014_031000.WAV,recover-20241018,UBNA_010,Central Pond
HF,48000.0,19.780225382002808,71.1745,71.179,43515.0,61160.0,Pipistrellus pipistrellus,0.519,0.568,-1,Echolocation,192000.0,/mnt/ubna_data_04/recover-20241018/UBNA_010/20241016_040000.WAV,recover-20241018,UBNA_010,Central Pond
LF,27840.0,7.751155290693907,139.70850000000002,139.72,27187.0,32633.0,Nyctalus leisleri,0.367,0.533,-1,Echolocation,192000.0,/mnt/ubna_data_04/recover-20241018/UBNA_010/20241013_105000.WAV,recover-20241018,UBNA_010,Central Pond
HF,47040.0,15.799287871495773,212.6905,212.7008,46093.0,61133.0,Pipistrellus pipistrellus,0.536,0.602,-1,Echolocation,192000.0,/mnt/ubna_data_04/recover-20241018/UBNA_010/20241012_034000.WAV,recover-20241018,UBNA_010,Central Pond
LF,26880.0,7.215507934064027,293.6775,293.692,26328.0,30694.0,Nyctalus leisleri,0.361,0.543,-1,Echolocation,192000.0,/mnt/ubna_data_04/recover-20241018/UBNA_010/20241013_040000.WAV,recover-20241018,UBNA_010,Central Pond
LF,24960.0,13.245173208702655,114.33449999999999,114.35470000000001,23750.0,27434.0,Nyctalus leisleri,0.457,0.509,-1,Echolocation,192000.0,/mnt/ubna_data_04/recover-20241018/UBNA_010/20241014_043000.WAV,recover-20241018,UBNA_010,Central Pond
HF,48000.0,11.499407263715087,172.9985,173.0074,46953.0,56047.0,Pipistrellus pipistrellus,0.48,0.533,-1,Echolocation,192000.0,/mnt/ubna_data_04/recover-20241018/UBNA_010/20241012_030000.WAV,recover-20241018,UBNA_010,Central Pond
LF,24000.0,19.657483607510112,102.4915,102.5071,22890.0,26312.0,Nyctalus leisleri,0.694,0.735,-1,Echolocation,192000.0,/mnt/ubna_data_04/recover-20241018/UBNA_010/20241015_054000.WAV,recover-20241018,UBNA_010,Central Pond
LF,24960.0,5.3461930889282305,227.2215,227.2353,23750.0,29382.0,Nyctalus leisleri,0.323,0.533,-1,Echolocation,192000.0,/mnt/ubna_data_04/recover-20241018/UBNA_010/20241014_021000.WAV,recover-20241018,UBNA_010,Central Pond
HF,46080.0,10.734870365014208,289.4085,289.418,43515.0,59693.0,Pipistrellus pipistrellus,0.457,0.544,-1,Echolocation,192000.0,/mnt/ubna_data_04/recover-20241018/UBNA_010/20241014_031000.WAV,recover-20241018,UBNA_010,Central Pond
HF,48000.0,17.00428812899165,39.3915,39.3981,46953.0,67395.0,Pipistrellus pipistrellus,0.462,0.593,-1,Echolocation,192000.0,/mnt/ubna_data_04/recover-20241018/UBNA_010/20241015_024000.WAV,recover-20241018,UBNA_010,Central Pond
HF,47040.0,14.5342954379036,276.4255,276.4361,45234.0,61894.0,Pipistrellus pipistrellus,0.543,0.681,-1,Echolocation,192000.0,/mnt/ubna_data_04/recover-20241018/UBNA_010/20241013_062000.WAV,recover-20241018,UBNA_010,Central Pond
LF,25920.0,32.17886024483114,94.6805,94.6971,25468.0,29338.0,Nyctalus leisleri,0.613,0.66,-1,Echolocation,192000.0,/mnt/ubna_data_04/recover-20241018/UBNA_010/20241012_073000.WAV,recover-20241018,UBNA_010,Central Pond
LF,24960.0,8.147640939329225,264.5045,264.52049999999997,23750.0,28432.0,Nyctalus leisleri,0.511,0.614,-1,Echolocation,192000.0,/mnt/ubna_data_04/recover-20241018/UBNA_010/20241014_020000.WAV,recover-20241018,UBNA_010,Central Pond
HF,53760.0,10.885751041143973,133.9545,133.9635,46093.0,65948.0,Pipistrellus pipistrellus,0.396,0.507,-1,Echolocation,192000.0,/mnt/ubna_data_04/recover-20241018/UBNA_010/20241018_032000.WAV,recover-20241018,UBNA_010,Central Pond
LF,24960.0,28.014532524612193,4.9225,4.9363,23750.0,31698.0,Nyctalus leisleri,0.298,0.656,-1,Echolocation,192000.0,/mnt/ubna_data_04/recover-20241018/UBNA_010/20241014_020000.WAV,recover-20241018,UBNA_010,Central Pond
LF,24960.0,9.253519627266003,111.5025,111.51859999999999,24609.0,27860.0,Nyctalus leisleri,0.517,0.623,-1,Echolocation,192000.0,/mnt/ubna_data_04/recover-20241018/UBNA_010/20241014_020000.WAV,recover-20241018,UBNA_010,Central Pond
LF,29760.0,25.444358110054,101.5665,101.5788,27187.0,42033.0,Eptesicus serotinus,0.476,0.658,-1,Echolocation,192000.0,/mnt/ubna_data_04/recover-20241018/UBNA_010/20241014_111000.WAV,recover-20241018,UBNA_010,Central Pond
HF,47040.0,14.144723725319714,32.5825,32.5888,43515.0,54254.0,Pipistrellus pipistrellus,0.58,0.608,-1,Echolocation,192000.0,/mnt/ubna_data_04/recover-20241018/UBNA_010/20241016_022000.WAV,recover-20241018,UBNA_010,Central Pond
LF,25920.0,20.045656391122026,282.4935,282.5094,23750.0,31403.0,Eptesicus serotinus,0.274,0.528,-1,Echolocation,192000.0,/mnt/ubna_data_04/recover-20241018/UBNA_010/20241014_020000.WAV,recover-20241018,UBNA_010,Central Pond
HF,47040.0,9.792610551494077,173.2185,173.2276,46953.0,52787.0,Pipistrellus pipistrellus,0.495,0.509,-1,Echolocation,192000.0,/mnt/ubna_data_04/recover-20241018/UBNA_010/20241012_030000.WAV,recover-20241018,UBNA_010,Central Pond
LF,28800.0,25.839372645551094,101.7565,101.771,27187.0,37731.0,Nyctalus leisleri,0.261,0.572,-1,Echolocation,192000.0,/mnt/ubna_data_04/recover-20241018/UBNA_010/20241014_111000.WAV,recover-20241018,UBNA_010,Central Pond
LF,26880.0,2.9628593052918397,293.9045,293.9183,25468.0,30824.0,Nyctalus leisleri,0.308,0.531,-1,Echolocation,192000.0,/mnt/ubna_data_04/recover-20241018/UBNA_010/20241013_040000.WAV,recover-20241018,UBNA_010,Central Pond
HF,46080.0,20.556598032159506,32.6715,32.6808,42656.0,64984.0,Pipistrellus pipistrellus,0.42,0.582,-1,Echolocation,192000.0,/mnt/ubna_data_04/recover-20241018/UBNA_010/20241016_022000.WAV,recover-20241018,UBNA_010,Central Pond
HF,47040.0,32.91937307899585,71.2585,71.2642,42656.0,78333.0,Pipistrellus pipistrellus,0.447,0.538,-1,Echolocation,192000.0,/mnt/ubna_data_04/recover-20241018/UBNA_010/20241016_040000.WAV,recover-20241018,UBNA_010,Central Pond
LF,23040.0,2.7619504916474815,24.5485,24.5659,22890.0,26646.0,Nyctalus leisleri,0.445,0.506,-1,Echolocation,192000.0,/mnt/ubna_data_04/recover-20241018/UBNA_010/20241014_023000.WAV,recover-20241018,UBNA_010,Central Pond
LF,26880.0,21.916140339180053,94.8675,94.8791,26328.0,36080.0,Nyctalus leisleri,0.423,0.661,-1,Echolocation,192000.0,/mnt/ubna_data_04/recover-20241018/UBNA_010/20241012_073000.WAV,recover-20241018,UBNA_010,Central Pond
LF,23040.0,29.05479864717574,102.7305,102.7487,22890.0,25578.0,Nyctalus leisleri,0.724,0.75,-1,Echolocation,192000.0,/mnt/ubna_data_04/recover-20241018/UBNA_010/20241015_054000.WAV,recover-20241018,UBNA_010,Central Pond
HF,51840.0,8.594180144300799,134.1335,134.1411,46093.0,60791.0,Pipistrellus pipistrellus,0.38,0.592,-1,Echolocation,192000.0,/mnt/ubna_data_04/recover-20241018/UBNA_010/20241018_032000.WAV,recover-20241018,UBNA_010,Central Pond
HF,48000.0,9.715666660780629,212.7745,212.7829,46953.0,63592.0,Pipistrellus pipistrellus,0.548,0.644,-1,Echolocation,192000.0,/mnt/ubna_data_04/recover-20241018/UBNA_010/20241012_034000.WAV,recover-20241018,UBNA_010,Central Pond
LF,25920.0,13.548475704608158,114.6775,114.6923,24609.0,28596.0,Nyctalus leisleri,0.428,0.521,-1,Echolocation,192000.0,/mnt/ubna_data_04/recover-20241018/UBNA_010/20241014_043000.WAV,recover-20241018,UBNA_010,Central Pond
HF,46080.0,8.850797705195673,276.5135,276.5222,45234.0,61347.0,Pipistrellus pipistrellus,0.563,0.601,-1,Echolocation,192000.0,/mnt/ubna_data_04/recover-20241018/UBNA_010/20241013_062000.WAV,recover-20241018,UBNA_010,Central Pond
HF,48000.0,13.084651126806289,289.6105,289.6164,42656.0,57860.0,Pipistrellus pipistrellus,0.522,0.565,-1,Echolocation,192000.0,/mnt/ubna_data_04/recover-20241018/UBNA_010/20241014_031000.WAV,recover-20241018,UBNA_010,Central Pond
HF,46080.0,7.576459792769451,175.7665,175.7754,42656.0,56244.0,Pipistrellus pipistrellus,0.478,0.536,-1,Echolocation,192000.0,/mnt/ubna_data_04/recover-20241018/UBNA_010/20241014_031000.WAV,recover-20241018,UBNA_010,Central Pond
LF,24960.0,8.618187366380944,111.7565,111.7735,23750.0,28420.0,Nyctalus leisleri,0.341,0.515,-1,Echolocation,192000.0,/mnt/ubna_data_04/recover-20241018/UBNA_010/20241014_020000.WAV,recover-20241018,UBNA_010,Central Pond
LF,24960.0,10.894091011832261,227.6455,227.6639,23750.0,27210.0,Nyctalus leisleri,0.479,0.559,-1,Echolocation,192000.0,/mnt/ubna_data_04/recover-20241018/UBNA_010/20241014_021000.WAV,recover-20241018,UBNA_010,Central Pond
LF,25920.0,7.844832555171153,141.1715,141.1878,25468.0,28832.0,Nyctalus leisleri,0.462,0.531,-1,Echolocation,192000.0,/mnt/ubna_data_04/recover-20241018/UBNA_010/20241013_105000.WAV,recover-20241018,UBNA_010,Central Pond
LF,24000.0,14.393681562299168,283.6015,283.6185,23750.0,28824.0,Nyctalus leisleri,0.35,0.512,-1,Echolocation,192000.0,/mnt/ubna_data_04/recover-20241018/UBNA_010/20241014_020000.WAV,recover-20241018,UBNA_010,Central Pond
LF,24960.0,27.485997254047867,5.0925,5.1089,23750.0,32619.0,Eptesicus serotinus,0.308,0.553,-1,Echolocation,192000.0,/mnt/ubna_data_04/recover-20241018/UBNA_010/20241014_020000.WAV,recover-20241018,UBNA_010,Central Pond
HF,47040.0,16.684970933525037,39.4595,39.4661,45234.0,68805.0,Pipistrellus pipistrellus,0.544,0.669,-1,Echolocation,192000.0,/mnt/ubna_data_04/recover-20241018/UBNA_010/20241015_024000.WAV,recover-20241018,UBNA_010,Central Pond
LF,24960.0,3.4401137176618146,268.6525,268.6649,24609.0,29548.0,Nyctalus leisleri,0.338,0.531,-1,Echolocation,192000.0,/mnt/ubna_data_04/recover-20241018/UBNA_010/20241014_020000.WAV,recover-20241018,UBNA_010,Central Pond
LF,25920.0,7.448084234416406,142.7025,142.7175,25468.0,28647.0,Nyctalus leisleri,0.473,0.574,-1,Echolocation,192000.0,/mnt/ubna_data_04/recover-20241018/UBNA_010/20241013_105000.WAV,recover-20241018,UBNA_010,Central Pond
LF,25920.0,9.131751715497003,115.1545,115.1705,25468.0,28045.0,Nyctalus leisleri,0.45,0.547,-1,Echolocation,192000.0,/mnt/ubna_data_04/recover-20241018/UBNA_010/20241014_043000.WAV,recover-20241018,UBNA_010,Central Pond
HF,48000.0,19.78674061171439,175.8625,175.8699,42656.0,62916.0,Pipistrellus pipistrellus,0.628,0.675,-1,Echolocation,192000.0,/mnt/ubna_data_04/recover-20241018/UBNA_010/20241014_031000.WAV,recover-20241018,UBNA_010,Central Pond
HF,48960.0,22.876712630066926,39.536500000000004,39.5431,45234.0,71661.0,Pipistrellus pipistrellus,0.546,0.603,-1,Echolocation,192000.0,/mnt/ubna_data_04/recover-20241018/UBNA_010/20241015_024000.WAV,recover-20241018,UBNA_010,Central Pond
LF,23040.0,17.337151698254523,103.0015,103.016,22890.0,27585.0,Nyctalus leisleri,0.595,0.65,-1,Echolocation,192000.0,/mnt/ubna_data_04/recover-20241018/UBNA_010/20241015_054000.WAV,recover-20241018,UBNA_010,Central Pond
LF,25920.0,29.448001960675185,95.3575,95.3746,24609.0,27631.0,Nyctalus leisleri,0.572,0.628,-1,Echolocation,192000.0,/mnt/ubna_data_04/recover-20241018/UBNA_010/20241012_073000.WAV,recover-20241018,UBNA_010,Central Pond
LF,25920.0,22.95561660296555,5.3755,5.3916,23750.0,32283.0,Eptesicus serotinus,0.319,0.612,-1,Echolocation,192000.0,/mnt/ubna_data_04/recover-20241018/UBNA_010/20241014_020000.WAV,recover-20241018,UBNA_010,Central Pond
LF,28800.0,29.266263070899793,101.8995,101.9107,27187.0,49497.0,Eptesicus serotinus,0.329,0.663,-1,Echolocation,192000.0,/mnt/ubna_data_04/recover-20241018/UBNA_010/20241014_111000.WAV,recover-20241018,UBNA_010,Central Pond
HF,46080.0,25.169425826275603,32.7555,32.7615,41796.0,64460.0,Pipistrellus pipistrellus,0.399,0.551,-1,Echolocation,192000.0,/mnt/ubna_data_04/recover-20241018/UBNA_010/20241016_022000.WAV,recover-20241018,UBNA_010,Central Pond
HF,47040.0,16.17560813259971,276.5995,276.6063,45234.0,65365.0,Pipistrellus pipistrellus,0.679,0.766,-1,Echolocation,192000.0,/mnt/ubna_data_04/recover-20241018/UBNA_010/20241013_062000.WAV,recover-20241018,UBNA_010,Central Pond
HF,48960.0,8.535141559231912,134.3305,134.3409,47812.0,63467.0,Pipistrellus pipistrellus,0.448,0.566,-1,Echolocation,192000.0,/mnt/ubna_data_04/recover-20241018/UBNA_010/20241018_032000.WAV,recover-20241018,UBNA_010,Central Pond
LF,26880.0,5.1157582861565585,117.2365,117.2493,24609.0,31364.0,Nyctalus leisleri,0.309,0.587,-1,Echolocation,192000.0,/mnt/ubna_data_04/recover-20241018/UBNA_010/20241014_020000.WAV,recover-20241018,UBNA_010,Central Pond
LF,24960.0,6.32542880588243,228.2945,228.3097,23750.0,28267.0,Nyctalus leisleri,0.405,0.536,-1,Echolocation,192000.0,/mnt/ubna_data_04/recover-20241018/UBNA_010/20241014_021000.WAV,recover-20241018,UBNA_010,Central Pond
LF,23040.0,10.322916753817184,24.8815,24.8958,23750.0,28316.0,Nyctalus leisleri,0.528,0.627,-1,Echolocation,192000.0,/mnt/ubna_data_04/recover-20241018/UBNA_010/20241014_023000.WAV,recover-20241018,UBNA_010,Central Pond
HF,48000.0,16.097012056914973,212.8565,212.8622,46093.0,59049.0,Pipistrellus pipistrellus,0.584,0.613,-1,Echolocation,192000.0,/mnt/ubna_data_04/recover-20241018/UBNA_010/20241012_034000.WAV,recover-20241018,UBNA_010,Central Pond
HF,47040.0,9.061687793455643,289.8035,289.8124,45234.0,56782.0,Pipistrellus pipistrellus,0.475,0.522,-1,Echolocation,192000.0,/mnt/ubna_data_04/recover-20241018/UBNA_010/20241014_031000.WAV,recover-20241018,UBNA_010,Central Pond
HF,48000.0,15.505711937341136,71.3565,71.3618,41796.0,62918.0,Pipistrellus pipistrellus,0.418,0.588,-1,Echolocation,192000.0,/mnt/ubna_data_04/recover-20241018/UBNA_010/20241016_040000.WAV,recover-20241018,UBNA_010,Central Pond
HF,47040.0,15.099676760742433,173.4305,173.4369,46953.0,54207.0,Pipistrellus pipistrellus,0.523,0.611,-1,Echolocation,192000.0,/mnt/ubna_data_04/recover-20241018/UBNA_010/20241012_030000.WAV,recover-20241018,UBNA_010,Central Pond
HF,47040.0,10.014941604233982,173.6435,173.6523,46953.0,55245.0,Pipistrellus pipistrellus,0.491,0.516,-1,Echolocation,192000.0,/mnt/ubna_data_04/recover-20241018/UBNA_010/20241012_030000.WAV,recover-20241018,UBNA_010,Central Pond
LF,28800.0,24.756645451320964,102.0985,102.1103,27187.0,45790.0,Eptesicus serotinus,0.475,0.709,-1,Echolocation,192000.0,/mnt/ubna_data_04/recover-20241018/UBNA_010/20241014_111000.WAV,recover-20241018,UBNA_010,Central Pond
LF,24960.0,9.631386381027724,25.4415,25.4565,22890.0,27880.0,Nyctalus leisleri,0.54,0.663,-1,Echolocation,192000.0,/mnt/ubna_data_04/recover-20241018/UBNA_010/20241014_023000.WAV,recover-20241018,UBNA_010,Central Pond
LF,24960.0,6.911199600702628,117.4385,117.4515,23750.0,29935.0,Nyctalus leisleri,0.344,0.632,-1,Echolocation,192000.0,/mnt/ubna_data_04/recover-20241018/UBNA_010/20241014_020000.WAV,recover-20241018,UBNA_010,Central Pond
LF,24960.0,22.146759430941394,5.6585,5.6745,23750.0,30199.0,Nyctalus leisleri,0.426,0.629,-1,Echolocation,192000.0,/mnt/ubna_data_04/recover-20241018/UBNA_010/20241014_020000.WAV,recover-20241018,UBNA_010,Central Pond
LF,25920.0,7.016765289671635,115.6155,115.6318,25468.0,28341.0,Nyctalus leisleri,0.438,0.503,-1,Echolocation,192000.0,/mnt/ubna_data_04/recover-20241018/UBNA_010/20241014_043000.WAV,recover-20241018,UBNA_010,Central Pond
HF,46080.0,9.763563676421574,175.9605,175.9667,42656.0,54115.0,Pipistrellus pipistrellus,0.464,0.521,-1,Echolocation,192000.0,/mnt/ubna_data_04/recover-20241018/UBNA_010/20241014_031000.WAV,recover-20241018,UBNA_010,Central Pond
LF,23040.0,27.720704667389363,103.2435,103.267,22031.0,24492.0,Nyctalus leisleri,0.588,0.606,-1,Echolocation,192000.0,/mnt/ubna_data_04/recover-20241018/UBNA_010/20241015_054000.WAV,recover-20241018,UBNA_010,Central Pond
HF,45120.0,16.10870572840326,32.8445,32.8512,42656.0,54317.0,Pipistrellus pipistrellus,0.49,0.637,-1,Echolocation,192000.0,/mnt/ubna_data_04/recover-20241018/UBNA_010/20241016_022000.WAV,recover-20241018,UBNA_010,Central Pond
LF,24000.0,12.121140058776154,231.8765,231.8888,23750.0,29851.0,Nyctalus leisleri,0.308,0.573,-1,Echolocation,192000.0,/mnt/ubna_data_04/recover-20241018/UBNA_010/20241014_021000.WAV,recover-20241018,UBNA_010,Central Pond
HF,47040.0,32.1030669549236,71.4465,71.4519,41796.0,74157.0,Pipistrellus pipistrellus,0.618,0.66,-1,Echolocation,192000.0,/mnt/ubna_data_04/recover-20241018/UBNA_010/20241016_040000.WAV,recover-20241018,UBNA_010,Central Pond
LF,25920.0,18.450642503742518,95.7045,95.7188,25468.0,29241.0,Nyctalus leisleri,0.598,0.654,-1,Echolocation,192000.0,/mnt/ubna_data_04/recover-20241018/UBNA_010/20241012_073000.WAV,recover-20241018,UBNA_010,Central Pond
HF,47040.0,15.094323298706824,289.8925,289.8993,43515.0,60780.0,Pipistrellus pipistrellus,0.48,0.559,-1,Echolocation,192000.0,/mnt/ubna_data_04/recover-20241018/UBNA_010/20241014_031000.WAV,recover-20241018,UBNA_010,Central Pond
HF,48960.0,13.984299948883654,212.9415,212.9489,46953.0,63135.0,Pipistrellus pipistrellus,0.562,0.616,-1,Echolocation,192000.0,/mnt/ubna_data_04/recover-20241018/UBNA_010/20241012_034000.WAV,recover-20241018,UBNA_010,Central Pond
HF,48000.0,7.904254981585308,276.6875,276.694,46093.0,58355.0,Pipistrellus pipistrellus,0.518,0.559,-1,Echolocation,192000.0,/mnt/ubna_data_04/recover-20241018/UBNA_010/20241013_062000.WAV,recover-20241018,UBNA_010,Central Pond
HF,51840.0,8.72058767119392,135.9615,135.9696,48671.0,64527.0,Pipistrellus pipistrellus,0.421,0.515,-1,Echolocation,192000.0,/mnt/ubna_data_04/recover-20241018/UBNA_010/20241018_032000.WAV,recover-20241018,UBNA_010,Central Pond
HF,47040.0,19.44141648738254,39.6195,39.6258,45234.0,68165.0,Pipistrellus pipistrellus,0.542,0.567,-1,Echolocation,192000.0,/mnt/ubna_data_04/recover-20241018/UBNA_010/20241015_024000.WAV,recover-20241018,UBNA_010,Central Pond
LF,25920.0,22.72967665460216,95.9425,95.9602,25468.0,28174.0,Nyctalus leisleri,0.487,0.551,-1,Echolocation,192000.0,/mnt/ubna_data_04/recover-20241018/UBNA_010/20241012_073000.WAV,recover-20241018,UBNA_010,Central Pond
HF,46080.0,9.589911517207774,289.9685,289.9757,44375.0,57672.0,Pipistrellus pipistrellus,0.5,0.539,-1,Echolocation,192000.0,/mnt/ubna_data_04/recover-20241018/UBNA_010/20241014_031000.WAV,recover-20241018,UBNA_010,Central Pond
LF,23040.0,27.22412643432616,103.89750000000001,103.9141,22890.0,26531.0,Nyctalus leisleri,0.5,0.558,-1,Echolocation,192000.0,/mnt/ubna_data_04/recover-20241018/UBNA_010/20241015_054000.WAV,recover-20241018,UBNA_010,Central Pond
HF,48000.0,7.752502730399778,174.1345,174.1424,46953.0,55190.0,Pipistrellus pipistrellus,0.485,0.528,-1,Echolocation,192000.0,/mnt/ubna_data_04/recover-20241018/UBNA_010/20241012_030000.WAV,recover-20241018,UBNA_010,Central Pond
LF,24960.0,17.71182662166686,6.2075,6.2246,23750.0,28468.0,Nyctalus leisleri,0.46,0.587,-1,Echolocation,192000.0,/mnt/ubna_data_04/recover-20241018/UBNA_010/20241014_020000.WAV,recover-20241018,UBNA_010,Central Pond
LF,27840.0,29.588676646635143,102.3295,102.3403,26328.0,49464.0,Eptesicus serotinus,0.476,0.73,-1,Echolocation,192000.0,/mnt/ubna_data_04/recover-20241018/UBNA_010/20241014_111000.WAV,recover-20241018,UBNA_010,Central Pond
HF,45120.0,8.614688763966802,176.0495,176.0568,42656.0,53697.0,Pipistrellus pipistrellus,0.481,0.596,-1,Echolocation,192000.0,/mnt/ubna_data_04/recover-20241018/UBNA_010/20241014_031000.WAV,recover-20241018,UBNA_010,Central Pond
HF,48000.0,22.429959391787797,39.7155,39.7232,46093.0,69386.0,Pipistrellus pipistrellus,0.537,0.624,-1,Echolocation,192000.0,/mnt/ubna_data_04/recover-20241018/UBNA_010/20241015_024000.WAV,recover-20241018,UBNA_010,Central Pond
HF,48960.0,13.262972193978495,213.0225,213.0312,46953.0,59682.0,Pipistrellus pipistrellus,0.503,0.536,-1,Echolocation,192000.0,/mnt/ubna_data_04/recover-20241018/UBNA_010/20241012_034000.WAV,recover-20241018,UBNA_010,Central Pond
HF,44160.0,23.62069204712871,32.9335,32.9409,40937.0,61536.0,Pipistrellus pipistrellus,0.252,0.517,-1,Echolocation,192000.0,/mnt/ubna_data_04/recover-20241018/UBNA_010/20241016_022000.WAV,recover-20241018,UBNA_010,Central Pond
LF,24000.0,8.561066830204064,232.1605,232.1761,23750.0,29740.0,Nyctalus leisleri,0.311,0.526,-1,Echolocation,192000.0,/mnt/ubna_data_04/recover-20241018/UBNA_010/20241014_021000.WAV,recover-20241018,UBNA_010,Central Pond
HF,48000.0,8.438541250360545,276.7725,276.7781,46953.0,59856.0,Pipistrellus pipistrellus,0.612,0.644,-1,Echolocation,192000.0,/mnt/ubna_data_04/recover-20241018/UBNA_010/20241013_062000.WAV,recover-20241018,UBNA_010,Central Pond
LF,24000.0,7.093836367717246,25.9245,25.9368,22890.0,29149.0,Nyctalus leisleri,0.338,0.602,-1,Echolocation,192000.0,/mnt/ubna_data_04/recover-20241018/UBNA_010/20241014_023000.WAV,recover-20241018,UBNA_010,Central Pond
HF,47040.0,38.382696432159946,71.51650000000001,71.5222,40078.0,70440.0,Pipistrellus pipistrellus,0.528,0.591,-1,Echolocation,192000.0,/mnt/ubna_data_04/recover-20241018/UBNA_010/20241016_040000.WAV,recover-20241018,UBNA_010,Central Pond
HF,46080.0,25.92633973910661,71.6495,71.65559999999999,43515.0,74812.0,Pipistrellus pipistrellus,0.439,0.513,-1,Echolocation,192000.0,/mnt/ubna_data_04/recover-20241018/UBNA_010/20241016_040000.WAV,recover-20241018,UBNA_010,Central Pond
HF,47040.0,27.752876135744774,33.0125,33.018299999999996,41796.0,61835.0,Pipistrellus pipistrellus,0.518,0.65,-1,Echolocation,192000.0,/mnt/ubna_data_04/recover-20241018/UBNA_010/20241016_022000.WAV,recover-20241018,UBNA_010,Central Pond
LF,24000.0,11.228954563749562,232.4515,232.4646,22890.0,29081.0,Nyctalus leisleri,0.378,0.615,-1,Echolocation,192000.0,/mnt/ubna_data_04/recover-20241018/UBNA_010/20241014_021000.WAV,recover-20241018,UBNA_010,Central Pond
HF,47040.0,21.74352517901031,39.8165,39.8238,46093.0,71868.0,Pipistrellus pipistrellus,0.544,0.687,-1,Echolocation,192000.0,/mnt/ubna_data_04/recover-20241018/UBNA_010/20241015_024000.WAV,recover-20241018,UBNA_010,Central Pond
LF,25920.0,30.423830423950264,96.2955,96.3145,24609.0,27329.0,Nyctalus leisleri,0.519,0.594,-1,Echolocation,192000.0,/mnt/ubna_data_04/recover-20241018/UBNA_010/20241012_073000.WAV,recover-20241018,UBNA_010,Central Pond
LF,24000.0,24.158696503738426,6.3845,6.4015,22890.0,28637.0,Nyctalus leisleri,0.399,0.594,-1,Echolocation,192000.0,/mnt/ubna_data_04/recover-20241018/UBNA_010/20241014_020000.WAV,recover-20241018,UBNA_010,Central Pond
LF,23040.0,14.163627967660016,104.27250000000001,104.2891,22890.0,27714.0,Nyctalus leisleri,0.282,0.513,-1,Echolocation,192000.0,/mnt/ubna_data_04/recover-20241018/UBNA_010/20241015_054000.WAV,recover-20241018,UBNA_010,Central Pond
LF,23040.0,5.724545164440835,26.4355,26.4505,22890.0,26589.0,Nyctalus leisleri,0.553,0.628,-1,Echolocation,192000.0,/mnt/ubna_data_04/recover-20241018/UBNA_010/20241014_023000.WAV,recover-20241018,UBNA_010,Central Pond
LF,28800.0,25.001503846266804,102.5695,102.5805,27187.0,44178.0,Nyctalus leisleri,0.392,0.744,-1,Echolocation,192000.0,/mnt/ubna_data_04/recover-20241018/UBNA_010/20241014_111000.WAV,recover-20241018,UBNA_010,Central Pond
HF,46080.0,17.938060058827187,290.6585,290.6653,42656.0,57248.0,Pipistrellus pipistrellus,0.401,0.556,-1,Echolocation,192000.0,/mnt/ubna_data_04/recover-20241018/UBNA_010/20241014_031000.WAV,recover-20241018,UBNA_010,Central Pond
HF,45120.0,15.502225450738766,176.1315,176.1413,41796.0,58841.0,Pipistrellus pipistrellus,0.385,0.607,-1,Echolocation,192000.0,/mnt/ubna_data_04/recover-20241018/UBNA_010/20241014_031000.WAV,recover-20241018,UBNA_010,Central Pond
HF,48000.0,15.38557270411628,213.1685,213.1764,46953.0,64352.0,Pipistrellus pipistrellus,0.488,0.608,-1,Echolocation,192000.0,/mnt/ubna_data_04/recover-20241018/UBNA_010/20241012_034000.WAV,recover-20241018,UBNA_010,Central Pond
HF,47040.0,9.121204296148635,174.44650000000001,174.45510000000002,46093.0,54185.0,Pipistrellus pipistrellus,0.452,0.514,-1,Echolocation,192000.0,/mnt/ubna_data_04/recover-20241018/UBNA_010/20241012_030000.WAV,recover-20241018,UBNA_010,Central Pond
HF,51840.0,12.125894408174174,276.9485,276.953,47812.0,58118.0,Pipistrellus pipistrellus,0.503,0.512,-1,Echolocation,192000.0,/mnt/ubna_data_04/recover-20241018/UBNA_010/20241013_062000.WAV,recover-20241018,UBNA_010,Central Pond
HF,53760.0,18.4641337139073,71.9725,71.9777,42656.0,85932.0,Myotis mystacinus,0.206,0.566,-1,Echolocation,192000.0,/mnt/ubna_data_04/recover-20241018/UBNA_010/20241016_040000.WAV,recover-20241018,UBNA_010,Central Pond
LF,25920.0,23.55662160315496,96.9815,96.9982,24609.0,27517.0,Nyctalus leisleri,0.528,0.594,-1,Echolocation,192000.0,/mnt/ubna_data_04/recover-20241018/UBNA_010/20241012_073000.WAV,recover-20241018,UBNA_010,Central Pond
LF,25920.0,20.897407077535878,6.5615,6.5769,24609.0,36266.0,Eptesicus serotinus,0.352,0.621,-1,Echolocation,192000.0,/mnt/ubna_data_04/recover-20241018/UBNA_010/20241014_020000.WAV,recover-20241018,UBNA_010,Central Pond
HF,45120.0,20.260695585226024,33.1955,33.2029,40937.0,60782.0,Pipistrellus pipistrellus,0.385,0.559,-1,Echolocation,192000.0,/mnt/ubna_data_04/recover-20241018/UBNA_010/20241016_022000.WAV,recover-20241018,UBNA_010,Central Pond
HF,48000.0,15.899193794512819,213.2575,213.2663,46953.0,60063.0,Pipistrellus pipistrellus,0.553,0.598,-1,Echolocation,192000.0,/mnt/ubna_data_04/recover-20241018/UBNA_010/20241012_034000.WAV,recover-20241018,UBNA_010,Central Pond
HF,45120.0,7.453703755245749,290.8525,290.859,43515.0,53530.0,Pipistrellus pipistrellus,0.403,0.597,-1,Echolocation,192000.0,/mnt/ubna_data_04/recover-20241018/UBNA_010/20241014_031000.WAV,recover-20241018,UBNA_010,Central Pond
HF,48960.0,6.814856714350846,277.0335,277.0385,46953.0,58863.0,Pipistrellus pipistrellus,0.534,0.553,-1,Echolocation,192000.0,/mnt/ubna_data_04/recover-20241018/UBNA_010/20241013_062000.WAV,recover-20241018,UBNA_010,Central Pond
LF,23040.0,4.099956508275214,26.9985,27.0125,23750.0,29362.0,Nyctalus leisleri,0.253,0.519,-1,Echolocation,192000.0,/mnt/ubna_data_04/recover-20241018/UBNA_010/20241014_023000.WAV,recover-20241018,UBNA_010,Central Pond
HF,47040.0,6.3332969842376325,176.3145,176.3214,44375.0,54165.0,Pipistrellus pipistrellus,0.493,0.542,-1,Echolocation,192000.0,/mnt/ubna_data_04/recover-20241018/UBNA_010/20241014_031000.WAV,recover-20241018,UBNA_010,Central Pond
LF,23040.0,18.66938054687015,232.7275,232.7434,22890.0,28042.0,Nyctalus leisleri,0.251,0.53,-1,Echolocation,192000.0,/mnt/ubna_data_04/recover-20241018/UBNA_010/20241014_021000.WAV,recover-20241018,UBNA_010,Central Pond
HF,48000.0,19.85000171130174,39.9135,39.9209,46093.0,71059.0,Pipistrellus pipistrellus,0.529,0.646,-1,Echolocation,192000.0,/mnt/ubna_data_04/recover-20241018/UBNA_010/20241015_024000.WAV,recover-20241018,UBNA_010,Central Pond
LF,23040.0,18.10350686871113,104.6635,104.681,22890.0,26012.0,Nyctalus leisleri,0.547,0.595,-1,Echolocation,192000.0,/mnt/ubna_data_04/recover-20241018/UBNA_010/20241015_054000.WAV,recover-20241018,UBNA_010,Central Pond
LF,28800.0,23.549821854635123,102.7945,102.8066,26328.0,40736.0,Eptesicus serotinus,0.35,0.656,-1,Echolocation,192000.0,/mnt/ubna_data_04/recover-20241018/UBNA_010/20241014_111000.WAV,recover-20241018,UBNA_010,Central Pond
LF,24000.0,5.205368829896731,27.5415,27.5544,23750.0,28896.0,Nyctalus leisleri,0.422,0.608,-1,Echolocation,192000.0,/mnt/ubna_data_04/recover-20241018/UBNA_010/20241014_023000.WAV,recover-20241018,UBNA_010,Central Pond
HF,46080.0,8.914524152209049,290.9455,290.9522,43515.0,51835.0,Pipistrellus pipistrellus,0.375,0.537,-1,Echolocation,192000.0,/mnt/ubna_data_04/recover-20241018/UBNA_010/20241014_031000.WAV,recover-20241018,UBNA_010,Central Pond
LF,25920.0,15.086413985943707,6.8175,6.834,23750.0,29266.0,Nyctalus leisleri,0.327,0.572,-1,Echolocation,192000.0,/mnt/ubna_data_04/recover-20241018/UBNA_010/20241014_020000.WAV,recover-20241018,UBNA_010,Central Pond
HF,45120.0,16.12912293287597,176.4055,176.4144,41796.0,62559.0,Pipistrellus nathusii,0.259,0.515,-1,Echolocation,192000.0,/mnt/ubna_data_04/recover-20241018/UBNA_010/20241014_031000.WAV,recover-20241018,UBNA_010,Central Pond
HF,45120.0,13.899692777450657,33.3725,33.3828,41796.0,61061.0,Pipistrellus pipistrellus,0.274,0.514,-1,Echolocation,192000.0,/mnt/ubna_data_04/recover-20241018/UBNA_010/20241016_022000.WAV,recover-20241018,UBNA_010,Central Pond
LF,28800.0,17.333165241957374,103.0125,103.0231,27187.0,40948.0,Eptesicus serotinus,0.548,0.7,-1,Echolocation,192000.0,/mnt/ubna_data_04/recover-20241018/UBNA_010/20241014_111000.WAV,recover-20241018,UBNA_010,Central Pond
HF,52800.0,14.006481218196305,72.0145,72.0189,40937.0,76653.0,Myotis mystacinus,0.231,0.561,-1,Echolocation,192000.0,/mnt/ubna_data_04/recover-20241018/UBNA_010/20241016_040000.WAV,recover-20241018,UBNA_010,Central Pond
HF,47040.0,21.548177518377457,40.0835,40.0927,45234.0,68819.0,Pipistrellus pipistrellus,0.477,0.588,-1,Echolocation,192000.0,/mnt/ubna_data_04/recover-20241018/UBNA_010/20241015_024000.WAV,recover-20241018,UBNA_010,Central Pond
LF,25920.0,28.02616007693924,97.6195,97.6358,25468.0,28359.0,Nyctalus leisleri,0.533,0.601,-1,Echolocation,192000.0,/mnt/ubna_data_04/recover-20241018/UBNA_010/20241012_073000.WAV,recover-20241018,UBNA_010,Central Pond
HF,47040.0,19.870277285653863,213.3445,213.355,45234.0,65360.0,Pipistrellus pipistrellus,0.46,0.612,-1,Echolocation,192000.0,/mnt/ubna_data_04/recover-20241018/UBNA_010/20241012_034000.WAV,recover-20241018,UBNA_010,Central Pond
LF,25920.0,11.02243875193305,232.8695,232.8829,23750.0,30750.0,Nyctalus leisleri,0.247,0.531,-1,Echolocation,192000.0,/mnt/ubna_data_04/recover-20241018/UBNA_010/20241014_021000.WAV,recover-20241018,UBNA_010,Central Pond
HF,48000.0,6.8829157579010145,277.3695,277.3772,47812.0,55666.0,Pipistrellus pipistrellus,0.59,0.605,-1,Echolocation,192000.0,/mnt/ubna_data_04/recover-20241018/UBNA_010/20241013_062000.WAV,recover-20241018,UBNA_010,Central Pond
LF,24000.0,15.120179368398599,105.1725,105.1915,22890.0,27088.0,Nyctalus leisleri,0.464,0.538,-1,Echolocation,192000.0,/mnt/ubna_data_04/recover-20241018/UBNA_010/20241015_054000.WAV,recover-20241018,UBNA_010,Central Pond
HF,46080.0,6.823227485805985,33.463499999999996,33.4732,43515.0,52035.0,Pipistrellus pipistrellus,0.434,0.567,-1,Echolocation,192000.0,/mnt/ubna_data_04/recover-20241018/UBNA_010/20241016_022000.WAV,recover-20241018,UBNA_010,Central Pond
HF,46080.0,11.100303548839783,277.5405,277.5497,46093.0,59557.0,Pipistrellus pipistrellus,0.522,0.559,-1,Echolocation,192000.0,/mnt/ubna_data_04/recover-20241018/UBNA_010/20241013_062000.WAV,recover-20241018,UBNA_010,Central Pond
LF,25920.0,22.037298283345553,7.0835,7.099,23750.0,30474.0,Nyctalus leisleri,0.372,0.651,-1,Echolocation,192000.0,/mnt/ubna_data_04/recover-20241018/UBNA_010/20241014_020000.WAV,recover-20241018,UBNA_010,Central Pond
LF,28800.0,20.064404732889514,103.2405,103.2502,27187.0,43769.0,Nyctalus leisleri,0.542,0.75,-1,Echolocation,192000.0,/mnt/ubna_data_04/recover-20241018/UBNA_010/20241014_111000.WAV,recover-20241018,UBNA_010,Central Pond
HF,48960.0,16.17091449615431,213.4385,213.4474,46093.0,65153.0,Pipistrellus pipistrellus,0.47,0.563,-1,Echolocation,192000.0,/mnt/ubna_data_04/recover-20241018/UBNA_010/20241012_034000.WAV,recover-20241018,UBNA_010,Central Pond
LF,24960.0,17.170737350102296,233.3195,233.3365,22890.0,29055.0,Nyctalus leisleri,0.295,0.528,-1,Echolocation,192000.0,/mnt/ubna_data_04/recover-20241018/UBNA_010/20241014_021000.WAV,recover-20241018,UBNA_010,Central Pond
HF,47040.0,14.260131400759766,72.3335,72.3381,42656.0,77356.0,Myotis mystacinus,0.184,0.564,-1,Echolocation,192000.0,/mnt/ubna_data_04/recover-20241018/UBNA_010/20241016_040000.WAV,recover-20241018,UBNA_010,Central Pond
LF,24960.0,7.366697255781974,28.0405,28.0531,23750.0,29168.0,Nyctalus leisleri,0.467,0.656,-1,Echolocation,192000.0,/mnt/ubna_data_04/recover-20241018/UBNA_010/20241014_023000.WAV,recover-20241018,UBNA_010,Central Pond
HF,46080.0,5.649534075411152,291.1305,291.1381,43515.0,50056.0,Pipistrellus pipistrellus,0.471,0.585,-1,Echolocation,192000.0,/mnt/ubna_data_04/recover-20241018/UBNA_010/20241014_031000.WAV,recover-20241018,UBNA_010,Central Pond
HF,44160.0,10.609563346282062,176.6045,176.6139,42656.0,60586.0,Pipistrellus pipistrellus,0.293,0.563,-1,Echolocation,192000.0,/mnt/ubna_data_04/recover-20241018/UBNA_010/20241014_031000.WAV,recover-20241018,UBNA_010,Central Pond
LF,25920.0,17.228130222323323,98.2775,98.2953,24609.0,28635.0,Nyctalus leisleri,0.468,0.531,-1,Echolocation,192000.0,/mnt/ubna_data_04/recover-20241018/UBNA_010/20241012_073000.WAV,recover-20241018,UBNA_010,Central Pond
LF,23040.0,4.533899692636131,106.5555,106.5694,22890.0,28075.0,Nyctalus leisleri,0.407,0.575,-1,Echolocation,192000.0,/mnt/ubna_data_04/recover-20241018/UBNA_010/20241015_054000.WAV,recover-20241018,UBNA_010,Central Pond
HF,48960.0,19.144453136446796,40.1635,40.172,47812.0,63487.0,Pipistrellus pipistrellus,0.477,0.516,-1,Echolocation,192000.0,/mnt/ubna_data_04/recover-20241018/UBNA_010/20241015_024000.WAV,recover-20241018,UBNA_010,Central Pond
HF,47040.0,25.34279314058562,40.2465,40.2542,45234.0,69588.0,Pipistrellus pipistrellus,0.513,0.651,-1,Echolocation,192000.0,/mnt/ubna_data_04/recover-20241018/UBNA_010/20241015_024000.WAV,recover-20241018,UBNA_010,Central Pond
LF,24000.0,2.8845963365524026,28.2565,28.2695,22890.0,28120.0,Nyctalus leisleri,0.404,0.586,-1,Echolocation,192000.0,/mnt/ubna_data_04/recover-20241018/UBNA_010/20241014_023000.WAV,recover-20241018,UBNA_010,Central Pond
HF,46080.0,11.474675433348661,176.8055,176.8152,42656.0,58344.0,Pipistrellus pipistrellus,0.29,0.557,-1,Echolocation,192000.0,/mnt/ubna_data_04/recover-20241018/UBNA_010/20241014_031000.WAV,recover-20241018,UBNA_010,Central Pond
LF,28800.0,9.228221102111236,103.4435,103.4547,27187.0,34907.0,Eptesicus serotinus,0.259,0.518,-1,Echolocation,192000.0,/mnt/ubna_data_04/recover-20241018/UBNA_010/20241014_111000.WAV,recover-20241018,UBNA_010,Central Pond
LF,23040.0,8.800069384080524,106.8315,106.8501,22031.0,26170.0,Nyctalus leisleri,0.421,0.506,-1,Echolocation,192000.0,/mnt/ubna_data_04/recover-20241018/UBNA_010/20241015_054000.WAV,recover-20241018,UBNA_010,Central Pond
HF,43200.0,15.112060645150002,33.5505,33.5586,42656.0,60306.0,Pipistrellus pipistrellus,0.355,0.595,-1,Echolocation,192000.0,/mnt/ubna_data_04/recover-20241018/UBNA_010/20241016_022000.WAV,recover-20241018,UBNA_010,Central Pond
LF,25920.0,16.966965746158106,7.6295,7.6449,23750.0,28810.0,Nyctalus leisleri,0.609,0.7,-1,Echolocation,192000.0,/mnt/ubna_data_04/recover-20241018/UBNA_010/20241014_020000.WAV,recover-20241018,UBNA_010,Central Pond
LF,24000.0,16.529100764540193,233.6035,233.6233,22031.0,27815.0,Nyctalus noctula,0.357,0.535,-1,Echolocation,192000.0,/mnt/ubna_data_04/recover-20241018/UBNA_010/20241014_021000.WAV,recover-20241018,UBNA_010,Central Pond
HF,48960.0,14.874747386284511,213.5255,213.5341,46953.0,59813.0,Pipistrellus pipistrellus,0.474,0.546,-1,Echolocation,192000.0,/mnt/ubna_data_04/recover-20241018/UBNA_010/20241012_034000.WAV,recover-20241018,UBNA_010,Central Pond
HF,44160.0,8.711582115390907,291.3335,291.3401,43515.0,50945.0,Pipistrellus pipistrellus,0.353,0.506,-1,Echolocation,192000.0,/mnt/ubna_data_04/recover-20241018/UBNA_010/20241014_031000.WAV,recover-20241018,UBNA_010,Central Pond
LF,25920.0,19.950764464034307,98.52250000000001,98.5381,25468.0,29147.0,Nyctalus leisleri,0.447,0.511,-1,Echolocation,192000.0,/mnt/ubna_data_04/recover-20241018/UBNA_010/20241012_073000.WAV,recover-20241018,UBNA_010,Central Pond
HF,48000.0,18.422996035785157,72.9765,72.98310000000001,46093.0,64846.0,Pipistrellus pipistrellus,0.305,0.549,-1,Echolocation,192000.0,/mnt/ubna_data_04/recover-20241018/UBNA_010/20241016_040000.WAV,recover-20241018,UBNA_010,Central Pond
LF,24960.0,15.343843650684745,7.8965,7.9122,23750.0,27881.0,Nyctalus leisleri,0.64,0.691,-1,Echolocation,192000.0,/mnt/ubna_data_04/recover-20241018/UBNA_010/20241014_020000.WAV,recover-20241018,UBNA_010,Central Pond
HF,48960.0,14.013095955172902,73.0605,73.068,45234.0,62910.0,Pipistrellus pipistrellus,0.305,0.562,-1,Echolocation,192000.0,/mnt/ubna_data_04/recover-20241018/UBNA_010/20241016_040000.WAV,recover-20241018,UBNA_010,Central Pond
HF,45120.0,6.313551033707445,177.1985,177.2092,42656.0,58176.0,Pipistrellus pipistrellus,0.419,0.593,-1,Echolocation,192000.0,/mnt/ubna_data_04/recover-20241018/UBNA_010/20241014_031000.WAV,recover-20241018,UBNA_010,Central Pond
LF,28800.0,11.001552851571763,103.5615,103.57169999999999,28046.0,36362.0,Eptesicus serotinus,0.255,0.509,-1,Echolocation,192000.0,/mnt/ubna_data_04/recover-20241018/UBNA_010/20241014_111000.WAV,recover-20241018,UBNA_010,Central Pond
LF,24000.0,3.4341740604372735,28.5345,28.5468,23750.0,29094.0,Nyctalus leisleri,0.369,0.6,-1,Echolocation,192000.0,/mnt/ubna_data_04/recover-20241018/UBNA_010/20241014_023000.WAV,recover-20241018,UBNA_010,Central Pond
HF,45120.0,7.3038266101861735,33.6395,33.6476,43515.0,53035.0,Pipistrellus pipistrellus,0.521,0.639,-1,Echolocation,192000.0,/mnt/ubna_data_04/recover-20241018/UBNA_010/20241016_022000.WAV,recover-20241018,UBNA_010,Central Pond
LF,23040.0,5.330599840327643,107.2485,107.2661,22890.0,26982.0,Nyctalus leisleri,0.548,0.592,-1,Echolocation,192000.0,/mnt/ubna_data_04/recover-20241018/UBNA_010/20241015_054000.WAV,recover-20241018,UBNA_010,Central Pond
HF,48000.0,21.605844518301698,213.6115,213.6204,46093.0,67946.0,Pipistrellus pipistrellus,0.478,0.645,-1,Echolocation,192000.0,/mnt/ubna_data_04/recover-20241018/UBNA_010/20241012_034000.WAV,recover-20241018,UBNA_010,Central Pond
LF,25920.0,9.742596177114303,99.6655,99.679,25468.0,29355.0,Nyctalus leisleri,0.454,0.518,-1,Echolocation,192000.0,/mnt/ubna_data_04/recover-20241018/UBNA_010/20241012_073000.WAV,recover-20241018,UBNA_010,Central Pond
HF,48960.0,12.293361372739502,40.335499999999996,40.3478,47812.0,59588.0,Pipistrellus pipistrellus,0.478,0.561,-1,Echolocation,192000.0,/mnt/ubna_data_04/recover-20241018/UBNA_010/20241015_024000.WAV,recover-20241018,UBNA_010,Central Pond
LF,23040.0,25.783358965614624,234.3765,234.39249999999998,22890.0,28148.0,Nyctalus leisleri,0.231,0.53,-1,Echolocation,192000.0,/mnt/ubna_data_04/recover-20241018/UBNA_010/20241014_021000.WAV,recover-20241018,UBNA_010,Central Pond
HF,44160.0,8.120796729147212,291.5405,291.5468,42656.0,51611.0,Pipistrellus pipistrellus,0.289,0.502,-1,Echolocation,192000.0,/mnt/ubna_data_04/recover-20241018/UBNA_010/20241014_031000.WAV,recover-20241018,UBNA_010,Central Pond
HF,45120.0,13.374114478898143,33.7265,33.7348,42656.0,59008.0,Pipistrellus pipistrellus,0.496,0.707,-1,Echolocation,192000.0,/mnt/ubna_data_04/recover-20241018/UBNA_010/20241016_022000.WAV,recover-20241018,UBNA_010,Central Pond
LF,24960.0,10.791080299274656,8.3125,8.3302,23750.0,28203.0,Nyctalus leisleri,0.426,0.524,-1,Echolocation,192000.0,/mnt/ubna_data_04/recover-20241018/UBNA_010/20241014_020000.WAV,recover-20241018,UBNA_010,Central Pond
LF,29760.0,8.950758354351008,103.6895,103.6996,28046.0,38422.0,Eptesicus serotinus,0.414,0.56,-1,Echolocation,192000.0,/mnt/ubna_data_04/recover-20241018/UBNA_010/20241014_111000.WAV,recover-20241018,UBNA_010,Central Pond
HF,48000.0,19.459545484981003,40.4225,40.4311,46093.0,64008.0,Pipistrellus pipistrellus,0.457,0.592,-1,Echolocation,192000.0,/mnt/ubna_data_04/recover-20241018/UBNA_010/20241015_024000.WAV,recover-20241018,UBNA_010,Central Pond
LF,24000.0,2.5512330196018462,107.6405,107.6559,22890.0,27379.0,Nyctalus leisleri,0.437,0.538,-1,Echolocation,192000.0,/mnt/ubna_data_04/recover-20241018/UBNA_010/20241015_054000.WAV,recover-20241018,UBNA_010,Central Pond
HF,48000.0,14.554555919556798,213.6985,213.7066,47812.0,60205.0,Pipistrellus pipistrellus,0.578,0.614,-1,Echolocation,192000.0,/mnt/ubna_data_04/recover-20241018/UBNA_010/20241012_034000.WAV,recover-20241018,UBNA_010,Central Pond
HF,44160.0,5.194599117783689,177.3975,177.4062,42656.0,53222.0,Pipistrellus pipistrellus,0.407,0.594,-1,Echolocation,192000.0,/mnt/ubna_data_04/recover-20241018/UBNA_010/20241014_031000.WAV,recover-20241018,UBNA_010,Central Pond
LF,23040.0,24.86752415257304,234.6455,234.6637,22890.0,27809.0,Nyctalus noctula,0.232,0.504,-1,Echolocation,192000.0,/mnt/ubna_data_04/recover-20241018/UBNA_010/20241014_021000.WAV,recover-20241018,UBNA_010,Central Pond
HF,51840.0,31.104749629484832,73.1425,73.1473,44375.0,68712.0,Pipistrellus pipistrellus,0.483,0.587,-1,Echolocation,192000.0,/mnt/ubna_data_04/recover-20241018/UBNA_010/20241016_040000.WAV,recover-20241018,UBNA_010,Central Pond
LF,23040.0,25.218647209343423,234.92849999999999,234.9506,22031.0,28479.0,Nyctalus noctula,0.315,0.502,-1,Echolocation,192000.0,/mnt/ubna_data_04/recover-20241018/UBNA_010/20241014_021000.WAV,recover-20241018,UBNA_010,Central Pond
HF,44160.0,14.77674743318528,33.9045,33.9116,42656.0,56323.0,Pipistrellus pipistrellus,0.384,0.645,-1,Echolocation,192000.0,/mnt/ubna_data_04/recover-20241018/UBNA_010/20241016_022000.WAV,recover-20241018,UBNA_010,Central Pond
HF,48960.0,18.146445346786333,40.4875,40.4963,45234.0,66152.0,Pipistrellus pipistrellus,0.313,0.518,-1,Echolocation,192000.0,/mnt/ubna_data_04/recover-20241018/UBNA_010/20241015_024000.WAV,recover-20241018,UBNA_010,Central Pond
HF,48000.0,27.118557068101374,73.3455,73.3509,43515.0,67442.0,Pipistrellus pipistrellus,0.414,0.579,-1,Echolocation,192000.0,/mnt/ubna_data_04/recover-20241018/UBNA_010/20241016_040000.WAV,recover-20241018,UBNA_010,Central Pond
LF,29760.0,15.875966676697615,103.8005,103.8111,28046.0,38064.0,Eptesicus serotinus,0.367,0.656,-1,Echolocation,192000.0,/mnt/ubna_data_04/recover-20241018/UBNA_010/20241014_111000.WAV,recover-20241018,UBNA_010,Central Pond
HF,48960.0,15.428655787707278,213.8745,213.8828,47812.0,64349.0,Pipistrellus pipistrellus,0.561,0.579,-1,Echolocation,192000.0,/mnt/ubna_data_04/recover-20241018/UBNA_010/20241012_034000.WAV,recover-20241018,UBNA_010,Central Pond
LF,29760.0,13.525191371281926,103.9245,103.9328,27187.0,37751.0,Eptesicus serotinus,0.327,0.68,-1,Echolocation,192000.0,/mnt/ubna_data_04/recover-20241018/UBNA_010/20241014_111000.WAV,recover-20241018,UBNA_010,Central Pond
HF,45120.0,11.27109001917027,34.0835,34.091499999999996,42656.0,58560.0,Pipistrellus pipistrellus,0.374,0.589,-1,Echolocation,192000.0,/mnt/ubna_data_04/recover-20241018/UBNA_010/20241016_022000.WAV,recover-20241018,UBNA_010,Central Pond
HF,48000.0,17.88846999913075,40.5555,40.5626,45234.0,62856.0,Pipistrellus pipistrellus,0.439,0.545,-1,Echolocation,192000.0,/mnt/ubna_data_04/recover-20241018/UBNA_010/20241015_024000.WAV,recover-20241018,UBNA_010,Central Pond
LF,23040.0,29.68948233417832,235.4945,235.5116,22890.0,28500.0,Nyctalus noctula,0.284,0.521,-1,Echolocation,192000.0,/mnt/ubna_data_04/recover-20241018/UBNA_010/20241014_021000.WAV,recover-20241018,UBNA_010,Central Pond
HF,47040.0,27.892581255738268,73.4145,73.4203,43515.0,75208.0,Pipistrellus pipistrellus,0.389,0.504,-1,Echolocation,192000.0,/mnt/ubna_data_04/recover-20241018/UBNA_010/20241016_040000.WAV,recover-20241018,UBNA_010,Central Pond
HF,48960.0,21.0797092319994,213.9615,213.9675,46953.0,67846.0,Pipistrellus pipistrellus,0.606,0.631,-1,Echolocation,192000.0,/mnt/ubna_data_04/recover-20241018/UBNA_010/20241012_034000.WAV,recover-20241018,UBNA_010,Central Pond
HF,45120.0,2.02344884637332,34.1745,34.1841,43515.0,50248.0,Pipistrellus pipistrellus,0.403,0.553,-1,Echolocation,192000.0,/mnt/ubna_data_04/recover-20241018/UBNA_010/20241016_022000.WAV,recover-20241018,UBNA_010,Central Pond
HF,48960.0,11.456578829328654,214.0495,214.0567,47812.0,59915.0,Pipistrellus pipistrellus,0.575,0.604,-1,Echolocation,192000.0,/mnt/ubna_data_04/recover-20241018/UBNA_010/20241012_034000.WAV,recover-20241018,UBNA_010,Central Pond
LF,24960.0,27.99865570515911,235.7815,235.7996,22031.0,29437.0,Nyctalus noctula,0.297,0.572,-1,Echolocation,192000.0,/mnt/ubna_data_04/recover-20241018/UBNA_010/20241014_021000.WAV,recover-20241018,UBNA_010,Central Pond
LF,28800.0,10.3870682224814,104.1305,104.1416,27187.0,36479.0,Eptesicus serotinus,0.401,0.57,-1,Echolocation,192000.0,/mnt/ubna_data_04/recover-20241018/UBNA_010/20241014_111000.WAV,recover-20241018,UBNA_010,Central Pond
HF,47040.0,18.16824263145542,40.695499999999996,40.7018,45234.0,63355.0,Pipistrellus pipistrellus,0.625,0.684,-1,Echolocation,192000.0,/mnt/ubna_data_04/recover-20241018/UBNA_010/20241015_024000.WAV,recover-20241018,UBNA_010,Central Pond
HF,46080.0,21.110862733373796,73.5635,73.5698,42656.0,74429.0,Pipistrellus pipistrellus,0.323,0.568,-1,Echolocation,192000.0,/mnt/ubna_data_04/recover-20241018/UBNA_010/20241016_040000.WAV,recover-20241018,UBNA_010,Central Pond
HF,48000.0,24.120269239908005,214.1355,214.1427,45234.0,67909.0,Pipistrellus pipistrellus,0.47,0.582,-1,Echolocation,192000.0,/mnt/ubna_data_04/recover-20241018/UBNA_010/20241012_034000.WAV,recover-20241018,UBNA_010,Central Pond
HF,48960.0,24.662724626473324,73.6405,73.6458,44375.0,66183.0,Pipistrellus pipistrellus,0.415,0.587,-1,Echolocation,192000.0,/mnt/ubna_data_04/recover-20241018/UBNA_010/20241016_040000.WAV,recover-20241018,UBNA_010,Central Pond
HF,44160.0,9.084212954669423,34.2685,34.277,41796.0,56454.0,Pipistrellus pipistrellus,0.24,0.572,-1,Echolocation,192000.0,/mnt/ubna_data_04/recover-20241018/UBNA_010/20241016_022000.WAV,recover-20241018,UBNA_010,Central Pond
HF,46080.0,18.871674612119477,40.8635,40.8688,45234.0,60720.0,Pipistrellus pipistrellus,0.575,0.626,-1,Echolocation,192000.0,/mnt/ubna_data_04/recover-20241018/UBNA_010/20241015_024000.WAV,recover-20241018,UBNA_010,Central Pond
LF,28800.0,13.151986300997585,104.3515,104.363,28046.0,39500.0,Eptesicus serotinus,0.39,0.599,-1,Echolocation,192000.0,/mnt/ubna_data_04/recover-20241018/UBNA_010/20241014_111000.WAV,recover-20241018,UBNA_010,Central Pond
LF,23040.0,30.348208474750265,236.2135,236.2337,22031.0,30323.0,Nyctalus noctula,0.436,0.628,-1,Echolocation,192000.0,/mnt/ubna_data_04/recover-20241018/UBNA_010/20241014_021000.WAV,recover-20241018,UBNA_010,Central Pond
LF,23040.0,28.81187903225955,236.4925,236.51330000000002,22031.0,28914.0,Nyctalus noctula,0.418,0.571,-1,Echolocation,192000.0,/mnt/ubna_data_04/recover-20241018/UBNA_010/20241014_021000.WAV,recover-20241018,UBNA_010,Central Pond
HF,48000.0,10.815653793776075,41.0265,41.0325,46953.0,57719.0,Pipistrellus pipistrellus,0.583,0.602,-1,Echolocation,192000.0,/mnt/ubna_data_04/recover-20241018/UBNA_010/20241015_024000.WAV,recover-20241018,UBNA_010,Central Pond
HF,52800.0,25.202240149458003,214.2965,214.3015,46093.0,63553.0,Pipistrellus pipistrellus,0.609,0.631,-1,Echolocation,192000.0,/mnt/ubna_data_04/recover-20241018/UBNA_010/20241012_034000.WAV,recover-20241018,UBNA_010,Central Pond
LF,28800.0,9.548270739560628,104.4765,104.48949999999999,28046.0,33139.0,Nyctalus leisleri,0.316,0.514,-1,Echolocation,192000.0,/mnt/ubna_data_04/recover-20241018/UBNA_010/20241014_111000.WAV,recover-20241018,UBNA_010,Central Pond
HF,46080.0,10.943340100044445,73.7535,73.7585,44375.0,54026.0,Pipistrellus pipistrellus,0.515,0.587,-1,Echolocation,192000.0,/mnt/ubna_data_04/recover-20241018/UBNA_010/20241016_040000.WAV,recover-20241018,UBNA_010,Central Pond
HF,47040.0,8.768959772500953,34.4515,34.4602,41796.0,56477.0,Pipistrellus pipistrellus,0.313,0.58,-1,Echolocation,192000.0,/mnt/ubna_data_04/recover-20241018/UBNA_010/20241016_022000.WAV,recover-20241018,UBNA_010,Central Pond
HF,48000.0,11.174578246372025,41.179500000000004,41.1868,47812.0,60965.0,Pipistrellus pipistrellus,0.61,0.657,-1,Echolocation,192000.0,/mnt/ubna_data_04/recover-20241018/UBNA_010/20241015_024000.WAV,recover-20241018,UBNA_010,Central Pond
LF,23040.0,36.08003323412536,236.7765,236.7932,22890.0,30091.0,Nyctalus noctula,0.269,0.552,-1,Echolocation,192000.0,/mnt/ubna_data_04/recover-20241018/UBNA_010/20241014_021000.WAV,recover-20241018,UBNA_010,Central Pond
HF,52800.0,15.074870451284985,73.8685,73.8758,46093.0,65360.0,Pipistrellus pipistrellus,0.274,0.583,-1,Echolocation,192000.0,/mnt/ubna_data_04/recover-20241018/UBNA_010/20241016_040000.WAV,recover-20241018,UBNA_010,Central Pond
HF,48960.0,10.783875500697032,214.3805,214.3869,46953.0,53962.0,Pipistrellus pipistrellus,0.546,0.55,-1,Echolocation,192000.0,/mnt/ubna_data_04/recover-20241018/UBNA_010/20241012_034000.WAV,recover-20241018,UBNA_010,Central Pond
HF,44160.0,10.251276783812276,34.6415,34.6477,42656.0,52453.0,Pipistrellus pipistrellus,0.502,0.611,-1,Echolocation,192000.0,/mnt/ubna_data_04/recover-20241018/UBNA_010/20241016_022000.WAV,recover-20241018,UBNA_010,Central Pond
LF,28800.0,11.135499029472648,105.0415,105.0535,27187.0,36567.0,Eptesicus serotinus,0.394,0.604,-1,Echolocation,192000.0,/mnt/ubna_data_04/recover-20241018/UBNA_010/20241014_111000.WAV,recover-20241018,UBNA_010,Central Pond
HF,52800.0,8.788632898725059,41.2615,41.2675,47812.0,58891.0,Pipistrellus pipistrellus,0.513,0.522,-1,Echolocation,192000.0,/mnt/ubna_data_04/recover-20241018/UBNA_010/20241015_024000.WAV,recover-20241018,UBNA_010,Central Pond
HF,48000.0,5.886813330228965,34.8205,34.8285,43515.0,53584.0,Pipistrellus pipistrellus,0.305,0.571,-1,Echolocation,192000.0,/mnt/ubna_data_04/recover-20241018/UBNA_010/20241016_022000.WAV,recover-20241018,UBNA_010,Central Pond
LF,27840.0,14.086576653808358,105.4795,105.4946,27187.0,33977.0,Nyctalus leisleri,0.246,0.542,-1,Echolocation,192000.0,/mnt/ubna_data_04/recover-20241018/UBNA_010/20241014_111000.WAV,recover-20241018,UBNA_010,Central Pond
HF,48000.0,15.883516710313266,214.4635,214.4687,45234.0,63263.0,Pipistrellus pipistrellus,0.637,0.72,-1,Echolocation,192000.0,/mnt/ubna_data_04/recover-20241018/UBNA_010/20241012_034000.WAV,recover-20241018,UBNA_010,Central Pond
LF,23040.0,33.66469463800461,237.0725,237.09199999999998,22031.0,27746.0,Nyctalus noctula,0.287,0.562,-1,Echolocation,192000.0,/mnt/ubna_data_04/recover-20241018/UBNA_010/20241014_021000.WAV,recover-20241018,UBNA_010,Central Pond
HF,46080.0,17.085665087028687,74.4005,74.4086,43515.0,63584.0,Pipistrellus pipistrellus,0.27,0.543,-1,Echolocation,192000.0,/mnt/ubna_data_04/recover-20241018/UBNA_010/20241016_040000.WAV,recover-20241018,UBNA_010,Central Pond
LF,27840.0,8.521622624439939,105.8835,105.8969,27187.0,32566.0,Nyctalus leisleri,0.352,0.519,-1,Echolocation,192000.0,/mnt/ubna_data_04/recover-20241018/UBNA_010/20241014_111000.WAV,recover-20241018,UBNA_010,Central Pond
HF,48960.0,10.286523521078177,41.3405,41.3485,48671.0,63630.0,Pipistrellus pipistrellus,0.502,0.539,-1,Echolocation,192000.0,/mnt/ubna_data_04/recover-20241018/UBNA_010/20241015_024000.WAV,recover-20241018,UBNA_010,Central Pond
LF,23040.0,38.71279238864904,237.3395,237.3616,22031.0,29076.0,Nyctalus noctula,0.487,0.643,-1,Echolocation,192000.0,/mnt/ubna_data_04/recover-20241018/UBNA_010/20241014_021000.WAV,recover-20241018,UBNA_010,Central Pond
HF,44160.0,5.509162619655033,35.0035,35.0139,43515.0,52828.0,Pipistrellus pipistrellus,0.443,0.548,-1,Echolocation,192000.0,/mnt/ubna_data_04/recover-20241018/UBNA_010/20241016_022000.WAV,recover-20241018,UBNA_010,Central Pond
HF,48960.0,16.69049841398047,214.6335,214.6398,46093.0,60553.0,Pipistrellus pipistrellus,0.518,0.585,-1,Echolocation,192000.0,/mnt/ubna_data_04/recover-20241018/UBNA_010/20241012_034000.WAV,recover-20241018,UBNA_010,Central Pond
HF,52800.0,10.77250247636048,47.6215,47.6262,48671.0,65364.0,Pipistrellus pipistrellus,0.391,0.516,-1,Echolocation,192000.0,/mnt/ubna_data_04/recover-20241018/UBNA_010/20241015_024000.WAV,recover-20241018,UBNA_010,Central Pond
HF,48000.0,15.012046376636574,214.8495,214.8562,44375.0,62898.0,Pipistrellus pipistrellus,0.538,0.624,-1,Echolocation,192000.0,/mnt/ubna_data_04/recover-20241018/UBNA_010/20241012_034000.WAV,recover-20241018,UBNA_010,Central Pond
LF,23040.0,40.67827628218837,237.6055,237.6234,22890.0,28428.0,Nyctalus leisleri,0.285,0.523,-1,Echolocation,192000.0,/mnt/ubna_data_04/recover-20241018/UBNA_010/20241014_021000.WAV,recover-20241018,UBNA_010,Central Pond
LF,23040.0,36.09628923791071,237.8835,237.901,22031.0,27242.0,Nyctalus leisleri,0.258,0.545,-1,Echolocation,192000.0,/mnt/ubna_data_04/recover-20241018/UBNA_010/20241014_021000.WAV,recover-20241018,UBNA_010,Central Pond
HF,47040.0,15.990057060996964,215.0215,215.0318,45234.0,58626.0,Pipistrellus pipistrellus,0.466,0.559,-1,Echolocation,192000.0,/mnt/ubna_data_04/recover-20241018/UBNA_010/20241012_034000.WAV,recover-20241018,UBNA_010,Central Pond
HF,52800.0,15.057479310459366,47.7095,47.7153,52109.0,66001.0,Pipistrellus pipistrellus,0.404,0.512,-1,Echolocation,192000.0,/mnt/ubna_data_04/recover-20241018/UBNA_010/20241015_024000.WAV,recover-20241018,UBNA_010,Central Pond
HF,47040.0,19.081964716911312,215.1035,215.1107,45234.0,58279.0,Pipistrellus pipistrellus,0.631,0.694,-1,Echolocation,192000.0,/mnt/ubna_data_04/recover-20241018/UBNA_010/20241012_034000.WAV,recover-20241018,UBNA_010,Central Pond
HF,51840.0,18.560674461015928,47.799499999999995,47.805,46953.0,66816.0,Pipistrellus pipistrellus,0.302,0.517,-1,Echolocation,192000.0,/mnt/ubna_data_04/recover-20241018/UBNA_010/20241015_024000.WAV,recover-20241018,UBNA_010,Central Pond
LF,24000.0,42.14527047767717,238.1615,238.18110000000001,22031.0,28278.0,Nyctalus noctula,0.329,0.565,-1,Echolocation,192000.0,/mnt/ubna_data_04/recover-20241018/UBNA_010/20241014_021000.WAV,recover-20241018,UBNA_010,Central Pond
LF,23040.0,34.19037119210499,238.4455,238.4671,22031.0,29846.0,Nyctalus noctula,0.446,0.664,-1,Echolocation,192000.0,/mnt/ubna_data_04/recover-20241018/UBNA_010/20241014_021000.WAV,recover-20241018,UBNA_010,Central Pond
HF,47040.0,15.183804244938912,215.3645,215.3745,46093.0,52934.0,Pipistrellus pipistrellus,0.499,0.551,-1,Echolocation,192000.0,/mnt/ubna_data_04/recover-20241018/UBNA_010/20241012_034000.WAV,recover-20241018,UBNA_010,Central Pond
HF,54720.0,17.140874062210596,47.9815,47.9868,46953.0,66371.0,Pipistrellus pipistrellus,0.263,0.502,-1,Echolocation,192000.0,/mnt/ubna_data_04/recover-20241018/UBNA_010/20241015_024000.WAV,recover-20241018,UBNA_010,Central Pond
HF,52800.0,19.875138241280528,48.064499999999995,48.0711,49531.0,69359.0,Pipistrellus pipistrellus,0.552,0.599,-1,Echolocation,192000.0,/mnt/ubna_data_04/recover-20241018/UBNA_010/20241015_024000.WAV,recover-20241018,UBNA_010,Central Pond
HF,47040.0,10.889583985414891,215.4505,215.4588,45234.0,54199.0,Pipistrellus pipistrellus,0.548,0.574,-1,Echolocation,192000.0,/mnt/ubna_data_04/recover-20241018/UBNA_010/20241012_034000.WAV,recover-20241018,UBNA_010,Central Pond
LF,23040.0,40.43777630916085,238.7285,238.7477,22031.0,30783.0,Nyctalus noctula,0.564,0.734,-1,Echolocation,192000.0,/mnt/ubna_data_04/recover-20241018/UBNA_010/20241014_021000.WAV,recover-20241018,UBNA_010,Central Pond
LF,24960.0,29.585249480635042,239.0145,239.0292,22890.0,28357.0,Nyctalus leisleri,0.301,0.57,-1,Echolocation,192000.0,/mnt/ubna_data_04/recover-20241018/UBNA_010/20241014_021000.WAV,recover-20241018,UBNA_010,Central Pond
HF,48960.0,19.645882345180798,48.1555,48.1623,47812.0,67168.0,Pipistrellus pipistrellus,0.518,0.578,-1,Echolocation,192000.0,/mnt/ubna_data_04/recover-20241018/UBNA_010/20241015_024000.WAV,recover-20241018,UBNA_010,Central Pond
HF,54720.0,19.28252305938898,48.2405,48.2459,47812.0,68861.0,Pipistrellus pipistrellus,0.593,0.618,-1,Echolocation,192000.0,/mnt/ubna_data_04/recover-20241018/UBNA_010/20241015_024000.WAV,recover-20241018,UBNA_010,Central Pond
LF,25920.0,38.30646570544683,239.2945,239.3135,22031.0,33249.0,Nyctalus noctula,0.529,0.698,-1,Echolocation,192000.0,/mnt/ubna_data_04/recover-20241018/UBNA_010/20241014_021000.WAV,recover-20241018,UBNA_010,Central Pond
LF,23040.0,39.56808556006881,239.7145,239.7339,22031.0,30096.0,Nyctalus noctula,0.57,0.699,-1,Echolocation,192000.0,/mnt/ubna_data_04/recover-20241018/UBNA_010/20241014_021000.WAV,recover-20241018,UBNA_010,Central Pond
HF,52800.0,21.668671517204356,48.322500000000005,48.3285,44375.0,72678.0,Pipistrellus pipistrellus,0.311,0.506,-1,Echolocation,192000.0,/mnt/ubna_data_04/recover-20241018/UBNA_010/20241015_024000.WAV,recover-20241018,UBNA_010,Central Pond
HF,48960.0,17.080254684459046,48.5685,48.5731,44375.0,65474.0,Pipistrellus pipistrellus,0.504,0.589,-1,Echolocation,192000.0,/mnt/ubna_data_04/recover-20241018/UBNA_010/20241015_024000.WAV,recover-20241018,UBNA_010,Central Pond
HF,48000.0,16.75379261844712,48.6605,48.6702,46093.0,64978.0,Pipistrellus pipistrellus,0.506,0.612,-1,Echolocation,192000.0,/mnt/ubna_data_04/recover-20241018/UBNA_010/20241015_024000.WAV,recover-20241018,UBNA_010,Central Pond
HF,48960.0,6.687065944754053,48.7535,48.7616,48671.0,62314.0,Pipistrellus pipistrellus,0.484,0.504,-1,Echolocation,192000.0,/mnt/ubna_data_04/recover-20241018/UBNA_010/20241015_024000.WAV,recover-20241018,UBNA_010,Central Pond
HF,48000.0,5.770785045333147,48.8365,48.847,47812.0,57954.0,Pipistrellus pipistrellus,0.476,0.51,-1,Echolocation,192000.0,/mnt/ubna_data_04/recover-20241018/UBNA_010/20241015_024000.WAV,recover-20241018,UBNA_010,Central Pond
HF,48000.0,13.367583185077642,48.9885,48.9989,46093.0,61132.0,Pipistrellus pipistrellus,0.47,0.533,-1,Echolocation,192000.0,/mnt/ubna_data_04/recover-20241018/UBNA_010/20241015_024000.WAV,recover-20241018,UBNA_010,Central Pond
HF,48960.0,5.210773780525582,49.2425,49.2495,47812.0,58555.0,Pipistrellus pipistrellus,0.58,0.593,-1,Echolocation,192000.0,/mnt/ubna_data_04/recover-20241018/UBNA_010/20241015_024000.WAV,recover-20241018,UBNA_010,Central Pond
HF,53760.0,6.2192967388975005,49.3455,49.3536,49531.0,59842.0,Pipistrellus pipistrellus,0.498,0.507,-1,Echolocation,192000.0,/mnt/ubna_data_04/recover-20241018/UBNA_010/20241015_024000.WAV,recover-20241018,UBNA_010,Central Pond
HF,48960.0,14.045465421415464,49.4025,49.4137,46953.0,64504.0,Pipistrellus pipistrellus,0.489,0.611,-1,Echolocation,192000.0,/mnt/ubna_data_04/recover-20241018/UBNA_010/20241015_024000.WAV,recover-20241018,UBNA_010,Central Pond
HF,52800.0,10.678615970161832,49.4855,49.4904,48671.0,60192.0,Pipistrellus pipistrellus,0.594,0.605,-1,Echolocation,192000.0,/mnt/ubna_data_04/recover-20241018/UBNA_010/20241015_024000.WAV,recover-20241018,UBNA_010,Central Pond
HF,47040.0,19.66534637165956,49.566500000000005,49.5745,46093.0,63448.0,Pipistrellus pipistrellus,0.547,0.616,-1,Echolocation,192000.0,/mnt/ubna_data_04/recover-20241018/UBNA_010/20241015_024000.WAV,recover-20241018,UBNA_010,Central Pond
HF,48000.0,12.214130957413495,49.6545,49.6619,46953.0,54972.0,Pipistrellus pipistrellus,0.528,0.535,-1,Echolocation,192000.0,/mnt/ubna_data_04/recover-20241018/UBNA_010/20241015_024000.WAV,recover-20241018,UBNA_010,Central Pond
HF,48000.0,11.941033640758702,49.7375,49.7491,46093.0,60131.0,Pipistrellus pipistrellus,0.487,0.555,-1,Echolocation,192000.0,/mnt/ubna_data_04/recover-20241018/UBNA_010/20241015_024000.WAV,recover-20241018,UBNA_010,Central Pond
HF,46080.0,11.62731339869708,49.9885,49.9982,45234.0,64645.0,Pipistrellus pipistrellus,0.398,0.601,-1,Echolocation,192000.0,/mnt/ubna_data_04/recover-20241018/UBNA_010/20241015_024000.WAV,recover-20241018,UBNA_010,Central Pond
HF,46080.0,9.523010261125865,50.177499999999995,50.1858,45234.0,60267.0,Pipistrellus pipistrellus,0.316,0.501,-1,Echolocation,192000.0,/mnt/ubna_data_04/recover-20241018/UBNA_010/20241015_024000.WAV,recover-20241018,UBNA_010,Central Pond
