KMEANS_CLASSES,peak_frequency,SNR,start_time,end_time,low_freq,high_freq,class,class_prob,det_prob,individual,event,sampling_rate,input_file,Recover Folder,SD Card,Site name
HF,65280.0,1.2492437062130666,16.8625,16.8726,63281.0,67543.0,Pipistrellus pygmaeus,0.478,0.504,-1,Echolocation,192000.0,/mnt/ubna_data_04/recover-20241118/UBNA_027/20241105_002000.WAV,recover-20241118,UBNA_027,Foliage
HF,64320.0,3.988979886849094,11.6165,11.6313,64140.0,69874.0,Pipistrellus pygmaeus,0.531,0.543,-1,Echolocation,192000.0,/mnt/ubna_data_04/recover-20241118/UBNA_027/20241105_011000.WAV,recover-20241118,UBNA_027,Foliage
HF,46080.0,4.297545719339215,77.2325,77.2386,46093.0,53796.0,Pipistrellus pipistrellus,0.482,0.503,-1,Echolocation,192000.0,/mnt/ubna_data_04/recover-20241118/UBNA_027/20241105_014000.WAV,recover-20241118,UBNA_027,Foliage
HF,46080.0,5.264930658569035,77.48949999999999,77.4948,45234.0,54134.0,Pipistrellus pipistrellus,0.52,0.54,-1,Echolocation,192000.0,/mnt/ubna_data_04/recover-20241118/UBNA_027/20241105_014000.WAV,recover-20241118,UBNA_027,Foliage
HF,46080.0,1.9417527465411435,77.5775,77.5824,44375.0,53785.0,Pipistrellus pipistrellus,0.539,0.568,-1,Echolocation,192000.0,/mnt/ubna_data_04/recover-20241118/UBNA_027/20241105_014000.WAV,recover-20241118,UBNA_027,Foliage
HF,46080.0,3.8900380753099526,77.7655,77.7712,45234.0,53549.0,Pipistrellus pipistrellus,0.475,0.502,-1,Echolocation,192000.0,/mnt/ubna_data_04/recover-20241118/UBNA_027/20241105_014000.WAV,recover-20241118,UBNA_027,Foliage
HF,47040.0,4.053169260164228,98.89150000000001,98.8973,46953.0,59372.0,Pipistrellus pipistrellus,0.478,0.517,-1,Echolocation,192000.0,/mnt/ubna_data_04/recover-20241118/UBNA_027/20241105_014000.WAV,recover-20241118,UBNA_027,Foliage
HF,48960.0,6.5850050541825205,99.3665,99.3727,46953.0,62213.0,Pipistrellus pipistrellus,0.45,0.524,-1,Echolocation,192000.0,/mnt/ubna_data_04/recover-20241118/UBNA_027/20241105_014000.WAV,recover-20241118,UBNA_027,Foliage
HF,56640.0,3.8581903968634794,99.4485,99.4535,47812.0,64899.0,Pipistrellus pipistrellus,0.463,0.548,-1,Echolocation,192000.0,/mnt/ubna_data_04/recover-20241118/UBNA_027/20241105_014000.WAV,recover-20241118,UBNA_027,Foliage
HF,55680.0,6.919013830515729,99.5425,99.5473,47812.0,61504.0,Pipistrellus pipistrellus,0.489,0.549,-1,Echolocation,192000.0,/mnt/ubna_data_04/recover-20241118/UBNA_027/20241105_014000.WAV,recover-20241118,UBNA_027,Foliage
HF,48960.0,8.484084266546121,99.63550000000001,99.6409,48671.0,62915.0,Pipistrellus pipistrellus,0.585,0.64,-1,Echolocation,192000.0,/mnt/ubna_data_04/recover-20241118/UBNA_027/20241105_014000.WAV,recover-20241118,UBNA_027,Foliage
HF,52800.0,10.985226689601848,99.8195,99.8245,47812.0,63700.0,Pipistrellus pipistrellus,0.661,0.704,-1,Echolocation,192000.0,/mnt/ubna_data_04/recover-20241118/UBNA_027/20241105_014000.WAV,recover-20241118,UBNA_027,Foliage
HF,54720.0,10.78501047196875,99.9125,99.9171,47812.0,65636.0,Pipistrellus pipistrellus,0.436,0.541,-1,Echolocation,192000.0,/mnt/ubna_data_04/recover-20241118/UBNA_027/20241105_014000.WAV,recover-20241118,UBNA_027,Foliage
HF,47040.0,11.809696678902032,100.0065,100.0115,46093.0,57994.0,Pipistrellus pipistrellus,0.614,0.626,-1,Echolocation,192000.0,/mnt/ubna_data_04/recover-20241118/UBNA_027/20241105_014000.WAV,recover-20241118,UBNA_027,Foliage
HF,46080.0,14.636157737169015,100.0985,100.1037,44375.0,66546.0,Pipistrellus pipistrellus,0.648,0.713,-1,Echolocation,192000.0,/mnt/ubna_data_04/recover-20241118/UBNA_027/20241105_014000.WAV,recover-20241118,UBNA_027,Foliage
HF,47040.0,16.227518555250686,100.1905,100.1952,45234.0,59371.0,Pipistrellus pipistrellus,0.641,0.653,-1,Echolocation,192000.0,/mnt/ubna_data_04/recover-20241118/UBNA_027/20241105_014000.WAV,recover-20241118,UBNA_027,Foliage
HF,47040.0,16.07536490959373,100.2745,100.2799,45234.0,63845.0,Pipistrellus pipistrellus,0.711,0.755,-1,Echolocation,192000.0,/mnt/ubna_data_04/recover-20241118/UBNA_027/20241105_014000.WAV,recover-20241118,UBNA_027,Foliage
HF,47040.0,5.352549960826133,100.3625,100.3692,46953.0,56956.0,Pipistrellus pipistrellus,0.605,0.615,-1,Echolocation,192000.0,/mnt/ubna_data_04/recover-20241118/UBNA_027/20241105_014000.WAV,recover-20241118,UBNA_027,Foliage
HF,45120.0,20.5705726078278,100.5435,100.55,44375.0,70280.0,Pipistrellus pipistrellus,0.632,0.676,-1,Echolocation,192000.0,/mnt/ubna_data_04/recover-20241118/UBNA_027/20241105_014000.WAV,recover-20241118,UBNA_027,Foliage
HF,55680.0,15.79050613124296,100.6165,100.6232,48671.0,71892.0,Pipistrellus pipistrellus,0.564,0.6,-1,Echolocation,192000.0,/mnt/ubna_data_04/recover-20241118/UBNA_027/20241105_014000.WAV,recover-20241118,UBNA_027,Foliage
HF,58560.0,11.911721250706556,100.6865,100.6943,47812.0,70521.0,Pipistrellus pipistrellus,0.567,0.617,-1,Echolocation,192000.0,/mnt/ubna_data_04/recover-20241118/UBNA_027/20241105_014000.WAV,recover-20241118,UBNA_027,Foliage
HF,46080.0,14.04337370350424,100.7885,100.7987,46093.0,64461.0,Pipistrellus pipistrellus,0.527,0.585,-1,Echolocation,192000.0,/mnt/ubna_data_04/recover-20241118/UBNA_027/20241105_014000.WAV,recover-20241118,UBNA_027,Foliage
HF,46080.0,20.40314917278273,100.9615,100.9708,45234.0,66928.0,Pipistrellus pipistrellus,0.485,0.576,-1,Echolocation,192000.0,/mnt/ubna_data_04/recover-20241118/UBNA_027/20241105_014000.WAV,recover-20241118,UBNA_027,Foliage
HF,54720.0,17.218701326486723,101.0445,101.0523,47812.0,67763.0,Pipistrellus pipistrellus,0.58,0.634,-1,Echolocation,192000.0,/mnt/ubna_data_04/recover-20241118/UBNA_027/20241105_014000.WAV,recover-20241118,UBNA_027,Foliage
HF,48000.0,20.628082868432674,101.1545,101.1624,46953.0,66655.0,Pipistrellus pipistrellus,0.548,0.652,-1,Echolocation,192000.0,/mnt/ubna_data_04/recover-20241118/UBNA_027/20241105_014000.WAV,recover-20241118,UBNA_027,Foliage
HF,46080.0,13.137071966882308,101.3875,101.3982,46093.0,60791.0,Pipistrellus pipistrellus,0.469,0.541,-1,Echolocation,192000.0,/mnt/ubna_data_04/recover-20241118/UBNA_027/20241105_014000.WAV,recover-20241118,UBNA_027,Foliage
HF,48960.0,10.0992223577874,101.4765,101.4844,47812.0,63143.0,Pipistrellus pipistrellus,0.54,0.566,-1,Echolocation,192000.0,/mnt/ubna_data_04/recover-20241118/UBNA_027/20241105_014000.WAV,recover-20241118,UBNA_027,Foliage
HF,50880.0,12.882761874212774,101.8655,101.8707,47812.0,66677.0,Pipistrellus pipistrellus,0.549,0.573,-1,Echolocation,192000.0,/mnt/ubna_data_04/recover-20241118/UBNA_027/20241105_014000.WAV,recover-20241118,UBNA_027,Foliage
HF,52800.0,19.652380379497565,102.5985,102.6056,46953.0,70552.0,Pipistrellus pipistrellus,0.412,0.567,-1,Echolocation,192000.0,/mnt/ubna_data_04/recover-20241118/UBNA_027/20241105_014000.WAV,recover-20241118,UBNA_027,Foliage
HF,51840.0,19.807029375506843,102.7525,102.75919999999999,47812.0,68233.0,Pipistrellus pipistrellus,0.416,0.534,-1,Echolocation,192000.0,/mnt/ubna_data_04/recover-20241118/UBNA_027/20241105_014000.WAV,recover-20241118,UBNA_027,Foliage
HF,48960.0,14.524585950013083,102.9875,102.996,46953.0,61143.0,Pipistrellus pipistrellus,0.41,0.526,-1,Echolocation,192000.0,/mnt/ubna_data_04/recover-20241118/UBNA_027/20241105_014000.WAV,recover-20241118,UBNA_027,Foliage
HF,47040.0,21.273268188014075,103.1575,103.1649,45234.0,64162.0,Pipistrellus pipistrellus,0.462,0.598,-1,Echolocation,192000.0,/mnt/ubna_data_04/recover-20241118/UBNA_027/20241105_014000.WAV,recover-20241118,UBNA_027,Foliage
HF,47040.0,9.421249227560518,103.8655,103.8719,45234.0,61440.0,Pipistrellus pipistrellus,0.434,0.584,-1,Echolocation,192000.0,/mnt/ubna_data_04/recover-20241118/UBNA_027/20241105_014000.WAV,recover-20241118,UBNA_027,Foliage
HF,48000.0,11.525257184485191,104.76050000000001,104.7655,46953.0,62635.0,Pipistrellus pipistrellus,0.569,0.657,-1,Echolocation,192000.0,/mnt/ubna_data_04/recover-20241118/UBNA_027/20241105_014000.WAV,recover-20241118,UBNA_027,Foliage
HF,54720.0,4.722101444074568,0.8345,0.8387,47812.0,63905.0,Pipistrellus pipistrellus,0.418,0.54,-1,Echolocation,192000.0,/mnt/ubna_data_04/recover-20241118/UBNA_027/20241105_015000.WAV,recover-20241118,UBNA_027,Foliage
HF,55680.0,2.965469368291329,1.4135,1.4181,48671.0,66854.0,Pipistrellus pipistrellus,0.376,0.567,-1,Echolocation,192000.0,/mnt/ubna_data_04/recover-20241118/UBNA_027/20241105_015000.WAV,recover-20241118,UBNA_027,Foliage
HF,48960.0,3.902020213112184,1.5795,1.5851,48671.0,57802.0,Pipistrellus pipistrellus,0.495,0.512,-1,Echolocation,192000.0,/mnt/ubna_data_04/recover-20241118/UBNA_027/20241105_015000.WAV,recover-20241118,UBNA_027,Foliage
HF,54720.0,11.894909695448774,1.7515,1.7549,52109.0,67093.0,Pipistrellus pipistrellus,0.402,0.522,-1,Echolocation,192000.0,/mnt/ubna_data_04/recover-20241118/UBNA_027/20241105_015000.WAV,recover-20241118,UBNA_027,Foliage
HF,55680.0,8.175250793452527,2.0685,2.0732,47812.0,66330.0,Pipistrellus pipistrellus,0.467,0.545,-1,Echolocation,192000.0,/mnt/ubna_data_04/recover-20241118/UBNA_027/20241105_015000.WAV,recover-20241118,UBNA_027,Foliage
HF,53760.0,9.504404536146545,2.1525,2.1573,47812.0,69433.0,Pipistrellus pipistrellus,0.54,0.637,-1,Echolocation,192000.0,/mnt/ubna_data_04/recover-20241118/UBNA_027/20241105_015000.WAV,recover-20241118,UBNA_027,Foliage
HF,52800.0,13.02267418186845,2.6555,2.6612,46093.0,68276.0,Pipistrellus pipistrellus,0.521,0.627,-1,Echolocation,192000.0,/mnt/ubna_data_04/recover-20241118/UBNA_027/20241105_015000.WAV,recover-20241118,UBNA_027,Foliage
HF,50880.0,5.24997809424482,2.7455,2.7508,47812.0,59686.0,Pipistrellus pipistrellus,0.536,0.57,-1,Echolocation,192000.0,/mnt/ubna_data_04/recover-20241118/UBNA_027/20241105_015000.WAV,recover-20241118,UBNA_027,Foliage
HF,52800.0,11.991118977331364,2.8305,2.8358,45234.0,65635.0,Pipistrellus pipistrellus,0.358,0.528,-1,Echolocation,192000.0,/mnt/ubna_data_04/recover-20241118/UBNA_027/20241105_015000.WAV,recover-20241118,UBNA_027,Foliage
HF,52800.0,12.23639379256767,2.9195,2.9259,46953.0,70833.0,Pipistrellus pipistrellus,0.368,0.533,-1,Echolocation,192000.0,/mnt/ubna_data_04/recover-20241118/UBNA_027/20241105_015000.WAV,recover-20241118,UBNA_027,Foliage
HF,54720.0,5.648714629704205,3.0985,3.1037,48671.0,61686.0,Pipistrellus pipistrellus,0.652,0.679,-1,Echolocation,192000.0,/mnt/ubna_data_04/recover-20241118/UBNA_027/20241105_015000.WAV,recover-20241118,UBNA_027,Foliage
HF,51840.0,10.274785324132054,3.1965,3.2024,48671.0,64234.0,Pipistrellus pipistrellus,0.494,0.559,-1,Echolocation,192000.0,/mnt/ubna_data_04/recover-20241118/UBNA_027/20241105_015000.WAV,recover-20241118,UBNA_027,Foliage
HF,51840.0,9.52124396896579,9.4085,9.4133,46953.0,63340.0,Pipistrellus pipistrellus,0.407,0.5,-1,Echolocation,192000.0,/mnt/ubna_data_04/recover-20241118/UBNA_027/20241105_015000.WAV,recover-20241118,UBNA_027,Foliage
HF,52800.0,18.64905080953544,10.3105,10.314,48671.0,62256.0,Myotis mystacinus,0.195,0.53,-1,Echolocation,192000.0,/mnt/ubna_data_04/recover-20241118/UBNA_027/20241105_015000.WAV,recover-20241118,UBNA_027,Foliage
HF,53760.0,22.16127644551131,10.6575,10.662,46953.0,68745.0,Pipistrellus pipistrellus,0.281,0.567,-1,Echolocation,192000.0,/mnt/ubna_data_04/recover-20241118/UBNA_027/20241105_015000.WAV,recover-20241118,UBNA_027,Foliage
HF,51840.0,24.303881497970995,11.3015,11.3048,43515.0,77996.0,Myotis mystacinus,0.465,0.688,-1,Echolocation,192000.0,/mnt/ubna_data_04/recover-20241118/UBNA_027/20241105_015000.WAV,recover-20241118,UBNA_027,Foliage
HF,51840.0,18.847950636762462,11.4715,11.4753,43515.0,74889.0,Myotis mystacinus,0.28,0.609,-1,Echolocation,192000.0,/mnt/ubna_data_04/recover-20241118/UBNA_027/20241105_015000.WAV,recover-20241118,UBNA_027,Foliage
HF,51840.0,15.061471688258113,11.5665,11.5692,44375.0,69935.0,Myotis mystacinus,0.264,0.608,-1,Echolocation,192000.0,/mnt/ubna_data_04/recover-20241118/UBNA_027/20241105_015000.WAV,recover-20241118,UBNA_027,Foliage
HF,55680.0,7.186317202399354,11.7925,11.7957,46093.0,68111.0,Myotis mystacinus,0.252,0.523,-1,Echolocation,192000.0,/mnt/ubna_data_04/recover-20241118/UBNA_027/20241105_015000.WAV,recover-20241118,UBNA_027,Foliage
HF,51840.0,18.67004224292459,11.8685,11.8719,43515.0,68886.0,Myotis mystacinus,0.365,0.588,-1,Echolocation,192000.0,/mnt/ubna_data_04/recover-20241118/UBNA_027/20241105_015000.WAV,recover-20241118,UBNA_027,Foliage
HF,54720.0,31.907322644434316,12.0265,12.0312,41796.0,92399.0,Myotis alcathoe,0.476,0.604,-1,Echolocation,192000.0,/mnt/ubna_data_04/recover-20241118/UBNA_027/20241105_015000.WAV,recover-20241118,UBNA_027,Foliage
HF,53760.0,15.49672403125375,12.1075,12.1111,46093.0,67050.0,Myotis alcathoe,0.223,0.535,-1,Echolocation,192000.0,/mnt/ubna_data_04/recover-20241118/UBNA_027/20241105_015000.WAV,recover-20241118,UBNA_027,Foliage
HF,51840.0,31.24303566273936,12.1865,12.1907,40937.0,88068.0,Myotis alcathoe,0.413,0.522,-1,Echolocation,192000.0,/mnt/ubna_data_04/recover-20241118/UBNA_027/20241105_015000.WAV,recover-20241118,UBNA_027,Foliage
HF,57600.0,29.695840872882016,12.3455,12.3495,41796.0,84583.0,Myotis alcathoe,0.399,0.548,-1,Echolocation,192000.0,/mnt/ubna_data_04/recover-20241118/UBNA_027/20241105_015000.WAV,recover-20241118,UBNA_027,Foliage
HF,51840.0,14.056747329472095,12.4245,12.4286,42656.0,74750.0,Myotis alcathoe,0.342,0.553,-1,Echolocation,192000.0,/mnt/ubna_data_04/recover-20241118/UBNA_027/20241105_015000.WAV,recover-20241118,UBNA_027,Foliage
HF,52800.0,23.307123983336094,12.5025,12.5067,40937.0,80459.0,Myotis alcathoe,0.366,0.578,-1,Echolocation,192000.0,/mnt/ubna_data_04/recover-20241118/UBNA_027/20241105_015000.WAV,recover-20241118,UBNA_027,Foliage
HF,49920.0,20.192040141618683,12.6695,12.673,40937.0,77780.0,Myotis alcathoe,0.409,0.514,-1,Echolocation,192000.0,/mnt/ubna_data_04/recover-20241118/UBNA_027/20241105_015000.WAV,recover-20241118,UBNA_027,Foliage
HF,52800.0,20.01168549335308,12.7445,12.748,43515.0,82259.0,Myotis alcathoe,0.403,0.561,-1,Echolocation,192000.0,/mnt/ubna_data_04/recover-20241118/UBNA_027/20241105_015000.WAV,recover-20241118,UBNA_027,Foliage
HF,53760.0,19.002896839579765,12.8365,12.84,43515.0,75003.0,Myotis alcathoe,0.425,0.618,-1,Echolocation,192000.0,/mnt/ubna_data_04/recover-20241118/UBNA_027/20241105_015000.WAV,recover-20241118,UBNA_027,Foliage
HF,53760.0,20.11417812735077,13.0135,13.0171,44375.0,74038.0,Myotis alcathoe,0.373,0.584,-1,Echolocation,192000.0,/mnt/ubna_data_04/recover-20241118/UBNA_027/20241105_015000.WAV,recover-20241118,UBNA_027,Foliage
HF,51840.0,20.622620363414104,13.2685,13.2732,40937.0,79123.0,Myotis alcathoe,0.405,0.572,-1,Echolocation,192000.0,/mnt/ubna_data_04/recover-20241118/UBNA_027/20241105_015000.WAV,recover-20241118,UBNA_027,Foliage
HF,48960.0,18.434823010825205,13.4565,13.4599,41796.0,73936.0,Myotis alcathoe,0.372,0.613,-1,Echolocation,192000.0,/mnt/ubna_data_04/recover-20241118/UBNA_027/20241105_015000.WAV,recover-20241118,UBNA_027,Foliage
HF,48960.0,15.303638356145626,23.6965,23.7017,44375.0,74344.0,Myotis alcathoe,0.388,0.56,-1,Echolocation,192000.0,/mnt/ubna_data_04/recover-20241118/UBNA_027/20241105_015000.WAV,recover-20241118,UBNA_027,Foliage
HF,56640.0,20.894827659195023,23.7835,23.7885,43515.0,77409.0,Myotis alcathoe,0.375,0.56,-1,Echolocation,192000.0,/mnt/ubna_data_04/recover-20241118/UBNA_027/20241105_015000.WAV,recover-20241118,UBNA_027,Foliage
HF,55680.0,21.093238438553517,24.0395,24.0431,43515.0,81330.0,Myotis alcathoe,0.516,0.62,-1,Echolocation,192000.0,/mnt/ubna_data_04/recover-20241118/UBNA_027/20241105_015000.WAV,recover-20241118,UBNA_027,Foliage
HF,55680.0,18.083057970211286,24.1255,24.1296,45234.0,82663.0,Myotis alcathoe,0.469,0.531,-1,Echolocation,192000.0,/mnt/ubna_data_04/recover-20241118/UBNA_027/20241105_015000.WAV,recover-20241118,UBNA_027,Foliage
HF,47040.0,22.647332250438474,24.2145,24.2186,43515.0,84488.0,Myotis alcathoe,0.516,0.592,-1,Echolocation,192000.0,/mnt/ubna_data_04/recover-20241118/UBNA_027/20241105_015000.WAV,recover-20241118,UBNA_027,Foliage
HF,52800.0,19.812799699739838,24.2935,24.2972,44375.0,84968.0,Myotis alcathoe,0.499,0.588,-1,Echolocation,192000.0,/mnt/ubna_data_04/recover-20241118/UBNA_027/20241105_015000.WAV,recover-20241118,UBNA_027,Foliage
HF,51840.0,24.800577242551967,24.3765,24.3803,45234.0,87684.0,Myotis alcathoe,0.564,0.668,-1,Echolocation,192000.0,/mnt/ubna_data_04/recover-20241118/UBNA_027/20241105_015000.WAV,recover-20241118,UBNA_027,Foliage
HF,52800.0,25.10731495839631,24.4575,24.4614,44375.0,91381.0,Myotis alcathoe,0.417,0.521,-1,Echolocation,192000.0,/mnt/ubna_data_04/recover-20241118/UBNA_027/20241105_015000.WAV,recover-20241118,UBNA_027,Foliage
HF,50880.0,26.771963606815614,24.6125,24.6167,43515.0,90317.0,Myotis alcathoe,0.538,0.624,-1,Echolocation,192000.0,/mnt/ubna_data_04/recover-20241118/UBNA_027/20241105_015000.WAV,recover-20241118,UBNA_027,Foliage
HF,52800.0,31.791696630802264,24.6865,24.6911,44375.0,91141.0,Myotis alcathoe,0.518,0.583,-1,Echolocation,192000.0,/mnt/ubna_data_04/recover-20241118/UBNA_027/20241105_015000.WAV,recover-20241118,UBNA_027,Foliage
HF,52800.0,25.37819156410766,24.7525,24.7567,44375.0,90389.0,Myotis alcathoe,0.541,0.615,-1,Echolocation,192000.0,/mnt/ubna_data_04/recover-20241118/UBNA_027/20241105_015000.WAV,recover-20241118,UBNA_027,Foliage
HF,54720.0,21.999910273910587,24.8075,24.8116,46093.0,89986.0,Myotis alcathoe,0.524,0.68,-1,Echolocation,192000.0,/mnt/ubna_data_04/recover-20241118/UBNA_027/20241105_015000.WAV,recover-20241118,UBNA_027,Foliage
HF,53760.0,16.574477081425037,24.8525,24.8559,48671.0,85753.0,Myotis alcathoe,0.479,0.554,-1,Echolocation,192000.0,/mnt/ubna_data_04/recover-20241118/UBNA_027/20241105_015000.WAV,recover-20241118,UBNA_027,Foliage
HF,51840.0,19.69957103172241,25.2055,25.2093,43515.0,89812.0,Myotis alcathoe,0.595,0.669,-1,Echolocation,192000.0,/mnt/ubna_data_04/recover-20241118/UBNA_027/20241105_015000.WAV,recover-20241118,UBNA_027,Foliage
HF,51840.0,26.187109507968152,25.2795,25.2837,45234.0,91801.0,Myotis alcathoe,0.515,0.632,-1,Echolocation,192000.0,/mnt/ubna_data_04/recover-20241118/UBNA_027/20241105_015000.WAV,recover-20241118,UBNA_027,Foliage
HF,52800.0,31.426393756075495,25.3575,25.3618,46093.0,92030.0,Myotis alcathoe,0.565,0.633,-1,Echolocation,192000.0,/mnt/ubna_data_04/recover-20241118/UBNA_027/20241105_015000.WAV,recover-20241118,UBNA_027,Foliage
HF,53760.0,24.55123881655009,25.4355,25.4383,47812.0,70922.0,Myotis alcathoe,0.4,0.533,-1,Echolocation,192000.0,/mnt/ubna_data_04/recover-20241118/UBNA_027/20241105_015000.WAV,recover-20241118,UBNA_027,Foliage
HF,53760.0,31.964694890414542,25.5125,25.5176,42656.0,96294.0,Myotis alcathoe,0.503,0.625,-1,Echolocation,192000.0,/mnt/ubna_data_04/recover-20241118/UBNA_027/20241105_015000.WAV,recover-20241118,UBNA_027,Foliage
HF,54720.0,32.32428189405316,25.5865,25.5905,42656.0,92092.0,Myotis alcathoe,0.542,0.741,-1,Echolocation,192000.0,/mnt/ubna_data_04/recover-20241118/UBNA_027/20241105_015000.WAV,recover-20241118,UBNA_027,Foliage
HF,51840.0,27.719302166377044,25.6555,25.6592,43515.0,91966.0,Myotis alcathoe,0.512,0.648,-1,Echolocation,192000.0,/mnt/ubna_data_04/recover-20241118/UBNA_027/20241105_015000.WAV,recover-20241118,UBNA_027,Foliage
HF,52800.0,32.14814468408599,25.7415,25.7467,44375.0,93644.0,Myotis alcathoe,0.516,0.585,-1,Echolocation,192000.0,/mnt/ubna_data_04/recover-20241118/UBNA_027/20241105_015000.WAV,recover-20241118,UBNA_027,Foliage
HF,55680.0,35.3935496590081,25.8345,25.8385,47812.0,82069.0,Myotis alcathoe,0.366,0.519,-1,Echolocation,192000.0,/mnt/ubna_data_04/recover-20241118/UBNA_027/20241105_015000.WAV,recover-20241118,UBNA_027,Foliage
HF,55680.0,30.08770076319376,25.9345,25.9389,46093.0,88669.0,Myotis alcathoe,0.442,0.503,-1,Echolocation,192000.0,/mnt/ubna_data_04/recover-20241118/UBNA_027/20241105_015000.WAV,recover-20241118,UBNA_027,Foliage
HF,55680.0,13.264629528562024,26.1325,26.1361,50390.0,72842.0,Myotis alcathoe,0.276,0.571,-1,Echolocation,192000.0,/mnt/ubna_data_04/recover-20241118/UBNA_027/20241105_015000.WAV,recover-20241118,UBNA_027,Foliage
HF,53760.0,6.277911067185956,26.1825,26.1854,51250.0,77358.0,Myotis alcathoe,0.394,0.57,-1,Echolocation,192000.0,/mnt/ubna_data_04/recover-20241118/UBNA_027/20241105_015000.WAV,recover-20241118,UBNA_027,Foliage
HF,59520.0,13.772171356328027,26.4705,26.4745,44375.0,76654.0,Myotis alcathoe,0.282,0.593,-1,Echolocation,192000.0,/mnt/ubna_data_04/recover-20241118/UBNA_027/20241105_015000.WAV,recover-20241118,UBNA_027,Foliage
HF,58560.0,26.627950762630732,26.6115,26.6157,45234.0,85602.0,Myotis alcathoe,0.496,0.618,-1,Echolocation,192000.0,/mnt/ubna_data_04/recover-20241118/UBNA_027/20241105_015000.WAV,recover-20241118,UBNA_027,Foliage
HF,55680.0,20.568284872962032,26.6855,26.6887,46093.0,78475.0,Myotis alcathoe,0.497,0.591,-1,Echolocation,192000.0,/mnt/ubna_data_04/recover-20241118/UBNA_027/20241105_015000.WAV,recover-20241118,UBNA_027,Foliage
HF,51840.0,24.47221407370568,26.7605,26.7645,43515.0,80783.0,Myotis alcathoe,0.381,0.647,-1,Echolocation,192000.0,/mnt/ubna_data_04/recover-20241118/UBNA_027/20241105_015000.WAV,recover-20241118,UBNA_027,Foliage
HF,52800.0,13.20653096973965,26.8365,26.8403,44375.0,77516.0,Myotis alcathoe,0.369,0.582,-1,Echolocation,192000.0,/mnt/ubna_data_04/recover-20241118/UBNA_027/20241105_015000.WAV,recover-20241118,UBNA_027,Foliage
HF,54720.0,31.23827967330646,26.9155,26.9188,41796.0,88357.0,Myotis alcathoe,0.413,0.578,-1,Echolocation,192000.0,/mnt/ubna_data_04/recover-20241118/UBNA_027/20241105_015000.WAV,recover-20241118,UBNA_027,Foliage
HF,53760.0,24.6466859147108,26.9945,26.9986,42656.0,86385.0,Myotis alcathoe,0.369,0.677,-1,Echolocation,192000.0,/mnt/ubna_data_04/recover-20241118/UBNA_027/20241105_015000.WAV,recover-20241118,UBNA_027,Foliage
HF,51840.0,14.08376608482671,27.0755,27.0793,44375.0,67882.0,Myotis mystacinus,0.286,0.547,-1,Echolocation,192000.0,/mnt/ubna_data_04/recover-20241118/UBNA_027/20241105_015000.WAV,recover-20241118,UBNA_027,Foliage
HF,53760.0,26.67977739867466,27.1555,27.1591,40078.0,85075.0,Myotis alcathoe,0.38,0.603,-1,Echolocation,192000.0,/mnt/ubna_data_04/recover-20241118/UBNA_027/20241105_015000.WAV,recover-20241118,UBNA_027,Foliage
HF,52800.0,16.213867644649422,27.3155,27.319,41796.0,77640.0,Myotis alcathoe,0.344,0.698,-1,Echolocation,192000.0,/mnt/ubna_data_04/recover-20241118/UBNA_027/20241105_015000.WAV,recover-20241118,UBNA_027,Foliage
HF,55680.0,17.193529800488022,27.8225,27.826,49531.0,64565.0,Myotis alcathoe,0.32,0.534,-1,Echolocation,192000.0,/mnt/ubna_data_04/recover-20241118/UBNA_027/20241105_015000.WAV,recover-20241118,UBNA_027,Foliage
HF,52800.0,11.082216178842215,28.5205,28.5258,46093.0,62725.0,Pipistrellus pipistrellus,0.342,0.563,-1,Echolocation,192000.0,/mnt/ubna_data_04/recover-20241118/UBNA_027/20241105_015000.WAV,recover-20241118,UBNA_027,Foliage
HF,48000.0,15.25096497231058,36.1555,36.1591,46093.0,67966.0,Pipistrellus pipistrellus,0.229,0.514,-1,Echolocation,192000.0,/mnt/ubna_data_04/recover-20241118/UBNA_027/20241105_015000.WAV,recover-20241118,UBNA_027,Foliage
HF,48000.0,21.73340433540352,36.2365,36.2413,46093.0,77459.0,Myotis alcathoe,0.414,0.516,-1,Echolocation,192000.0,/mnt/ubna_data_04/recover-20241118/UBNA_027/20241105_015000.WAV,recover-20241118,UBNA_027,Foliage
HF,53760.0,20.469857009105105,36.6455,36.6496,43515.0,78774.0,Myotis alcathoe,0.473,0.525,-1,Echolocation,192000.0,/mnt/ubna_data_04/recover-20241118/UBNA_027/20241105_015000.WAV,recover-20241118,UBNA_027,Foliage
HF,55680.0,19.152995345828877,36.7345,36.7383,45234.0,76057.0,Myotis alcathoe,0.497,0.56,-1,Echolocation,192000.0,/mnt/ubna_data_04/recover-20241118/UBNA_027/20241105_015000.WAV,recover-20241118,UBNA_027,Foliage
HF,52800.0,24.48678027795845,36.8165,36.8207,45234.0,81196.0,Myotis alcathoe,0.487,0.58,-1,Echolocation,192000.0,/mnt/ubna_data_04/recover-20241118/UBNA_027/20241105_015000.WAV,recover-20241118,UBNA_027,Foliage
HF,51840.0,25.10934125701351,36.9815,36.9862,45234.0,83060.0,Myotis alcathoe,0.468,0.546,-1,Echolocation,192000.0,/mnt/ubna_data_04/recover-20241118/UBNA_027/20241105_015000.WAV,recover-20241118,UBNA_027,Foliage
HF,51840.0,25.78166035979166,37.0615,37.0654,45234.0,81043.0,Myotis alcathoe,0.498,0.55,-1,Echolocation,192000.0,/mnt/ubna_data_04/recover-20241118/UBNA_027/20241105_015000.WAV,recover-20241118,UBNA_027,Foliage
HF,53760.0,29.905104235426116,37.1405,37.1453,45234.0,87997.0,Myotis alcathoe,0.504,0.532,-1,Echolocation,192000.0,/mnt/ubna_data_04/recover-20241118/UBNA_027/20241105_015000.WAV,recover-20241118,UBNA_027,Foliage
HF,53760.0,29.490605789652218,37.2215,37.2268,45234.0,95652.0,Myotis alcathoe,0.557,0.608,-1,Echolocation,192000.0,/mnt/ubna_data_04/recover-20241118/UBNA_027/20241105_015000.WAV,recover-20241118,UBNA_027,Foliage
HF,52800.0,27.930167024828513,37.2955,37.2997,46953.0,83888.0,Myotis alcathoe,0.496,0.537,-1,Echolocation,192000.0,/mnt/ubna_data_04/recover-20241118/UBNA_027/20241105_015000.WAV,recover-20241118,UBNA_027,Foliage
HF,52800.0,17.00527533638649,37.3775,37.3809,48671.0,80320.0,Myotis alcathoe,0.479,0.517,-1,Echolocation,192000.0,/mnt/ubna_data_04/recover-20241118/UBNA_027/20241105_015000.WAV,recover-20241118,UBNA_027,Foliage
HF,55680.0,30.511571116665625,37.457499999999996,37.4619,42656.0,90533.0,Myotis alcathoe,0.529,0.557,-1,Echolocation,192000.0,/mnt/ubna_data_04/recover-20241118/UBNA_027/20241105_015000.WAV,recover-20241118,UBNA_027,Foliage
HF,52800.0,29.601124139158465,37.6215,37.6259,43515.0,90207.0,Myotis alcathoe,0.575,0.609,-1,Echolocation,192000.0,/mnt/ubna_data_04/recover-20241118/UBNA_027/20241105_015000.WAV,recover-20241118,UBNA_027,Foliage
HF,51840.0,34.1787571268332,37.7825,37.7871,43515.0,90945.0,Myotis alcathoe,0.551,0.599,-1,Echolocation,192000.0,/mnt/ubna_data_04/recover-20241118/UBNA_027/20241105_015000.WAV,recover-20241118,UBNA_027,Foliage
HF,53760.0,29.35990777229317,37.8555,37.8595,46093.0,82282.0,Myotis alcathoe,0.552,0.604,-1,Echolocation,192000.0,/mnt/ubna_data_04/recover-20241118/UBNA_027/20241105_015000.WAV,recover-20241118,UBNA_027,Foliage
HF,52800.0,29.241662061598454,37.9205,37.9253,45234.0,92972.0,Myotis alcathoe,0.536,0.599,-1,Echolocation,192000.0,/mnt/ubna_data_04/recover-20241118/UBNA_027/20241105_015000.WAV,recover-20241118,UBNA_027,Foliage
HF,53760.0,22.026921750925084,37.9815,37.9856,50390.0,88495.0,Myotis alcathoe,0.465,0.597,-1,Echolocation,192000.0,/mnt/ubna_data_04/recover-20241118/UBNA_027/20241105_015000.WAV,recover-20241118,UBNA_027,Foliage
HF,52800.0,23.642516269213957,38.0415,38.0453,49531.0,86439.0,Myotis alcathoe,0.511,0.601,-1,Echolocation,192000.0,/mnt/ubna_data_04/recover-20241118/UBNA_027/20241105_015000.WAV,recover-20241118,UBNA_027,Foliage
HF,53760.0,22.125611178009585,38.1105,38.1139,47812.0,80668.0,Myotis alcathoe,0.46,0.549,-1,Echolocation,192000.0,/mnt/ubna_data_04/recover-20241118/UBNA_027/20241105_015000.WAV,recover-20241118,UBNA_027,Foliage
HF,56640.0,28.07232768903184,38.1825,38.1864,45234.0,88619.0,Myotis alcathoe,0.569,0.685,-1,Echolocation,192000.0,/mnt/ubna_data_04/recover-20241118/UBNA_027/20241105_015000.WAV,recover-20241118,UBNA_027,Foliage
HF,54720.0,19.12478350900051,38.2545,38.2572,46093.0,78484.0,Myotis alcathoe,0.5,0.668,-1,Echolocation,192000.0,/mnt/ubna_data_04/recover-20241118/UBNA_027/20241105_015000.WAV,recover-20241118,UBNA_027,Foliage
HF,54720.0,13.008547104784965,38.3125,38.315799999999996,51250.0,78343.0,Myotis alcathoe,0.475,0.666,-1,Echolocation,192000.0,/mnt/ubna_data_04/recover-20241118/UBNA_027/20241105_015000.WAV,recover-20241118,UBNA_027,Foliage
HF,52800.0,23.383089361208267,38.3625,38.366,44375.0,81371.0,Myotis alcathoe,0.521,0.69,-1,Echolocation,192000.0,/mnt/ubna_data_04/recover-20241118/UBNA_027/20241105_015000.WAV,recover-20241118,UBNA_027,Foliage
HF,55680.0,37.79406801802993,38.4165,38.4212,42656.0,95849.0,Myotis alcathoe,0.54,0.686,-1,Echolocation,192000.0,/mnt/ubna_data_04/recover-20241118/UBNA_027/20241105_015000.WAV,recover-20241118,UBNA_027,Foliage
HF,52800.0,19.581675814208886,38.4875,38.490899999999996,43515.0,83892.0,Myotis alcathoe,0.464,0.623,-1,Echolocation,192000.0,/mnt/ubna_data_04/recover-20241118/UBNA_027/20241105_015000.WAV,recover-20241118,UBNA_027,Foliage
HF,52800.0,34.66221359173177,38.5655,38.57,41796.0,92829.0,Myotis alcathoe,0.566,0.651,-1,Echolocation,192000.0,/mnt/ubna_data_04/recover-20241118/UBNA_027/20241105_015000.WAV,recover-20241118,UBNA_027,Foliage
HF,51840.0,18.640333082821737,38.6505,38.6543,42656.0,82259.0,Myotis alcathoe,0.435,0.667,-1,Echolocation,192000.0,/mnt/ubna_data_04/recover-20241118/UBNA_027/20241105_015000.WAV,recover-20241118,UBNA_027,Foliage
HF,51840.0,34.74156393868653,38.7305,38.7346,40937.0,86575.0,Myotis alcathoe,0.537,0.623,-1,Echolocation,192000.0,/mnt/ubna_data_04/recover-20241118/UBNA_027/20241105_015000.WAV,recover-20241118,UBNA_027,Foliage
HF,51840.0,26.766868624663825,38.8185,38.8221,43515.0,82507.0,Myotis alcathoe,0.517,0.681,-1,Echolocation,192000.0,/mnt/ubna_data_04/recover-20241118/UBNA_027/20241105_015000.WAV,recover-20241118,UBNA_027,Foliage
HF,48960.0,11.569275040521077,290.2545,290.2613,47812.0,64126.0,Pipistrellus pipistrellus,0.552,0.603,-1,Echolocation,192000.0,/mnt/ubna_data_04/recover-20241118/UBNA_027/20241105_020000.WAV,recover-20241118,UBNA_027,Foliage
HF,49920.0,8.8754612066716,290.3385,290.3457,48671.0,62332.0,Pipistrellus pipistrellus,0.495,0.518,-1,Echolocation,192000.0,/mnt/ubna_data_04/recover-20241118/UBNA_027/20241105_020000.WAV,recover-20241118,UBNA_027,Foliage
HF,52800.0,12.013096682413948,290.5965,290.6034,47812.0,65899.0,Pipistrellus pipistrellus,0.473,0.559,-1,Echolocation,192000.0,/mnt/ubna_data_04/recover-20241118/UBNA_027/20241105_020000.WAV,recover-20241118,UBNA_027,Foliage
HF,48960.0,11.62466321472114,290.6835,290.6915,47812.0,63280.0,Pipistrellus pipistrellus,0.484,0.581,-1,Echolocation,192000.0,/mnt/ubna_data_04/recover-20241118/UBNA_027/20241105_020000.WAV,recover-20241118,UBNA_027,Foliage
HF,55680.0,13.621623927525556,290.7715,290.7783,47812.0,66761.0,Pipistrellus pipistrellus,0.479,0.591,-1,Echolocation,192000.0,/mnt/ubna_data_04/recover-20241118/UBNA_027/20241105_020000.WAV,recover-20241118,UBNA_027,Foliage
HF,48000.0,21.379534101849345,291.1205,291.1283,46953.0,64842.0,Pipistrellus pipistrellus,0.496,0.634,-1,Echolocation,192000.0,/mnt/ubna_data_04/recover-20241118/UBNA_027/20241105_020000.WAV,recover-20241118,UBNA_027,Foliage
HF,56640.0,15.576766013333092,291.2965,291.3047,46953.0,65145.0,Pipistrellus pipistrellus,0.383,0.529,-1,Echolocation,192000.0,/mnt/ubna_data_04/recover-20241118/UBNA_027/20241105_020000.WAV,recover-20241118,UBNA_027,Foliage
HF,53760.0,21.183983975587665,291.5515,291.5604,45234.0,65843.0,Pipistrellus pipistrellus,0.343,0.536,-1,Echolocation,192000.0,/mnt/ubna_data_04/recover-20241118/UBNA_027/20241105_020000.WAV,recover-20241118,UBNA_027,Foliage
HF,47040.0,24.462868534893374,291.7305,291.7355,44375.0,65386.0,Pipistrellus pipistrellus,0.513,0.601,-1,Echolocation,192000.0,/mnt/ubna_data_04/recover-20241118/UBNA_027/20241105_020000.WAV,recover-20241118,UBNA_027,Foliage
HF,47040.0,22.78535540648783,291.8235,291.8295,44375.0,69676.0,Pipistrellus pipistrellus,0.469,0.615,-1,Echolocation,192000.0,/mnt/ubna_data_04/recover-20241118/UBNA_027/20241105_020000.WAV,recover-20241118,UBNA_027,Foliage
HF,47040.0,21.25114672758815,291.9135,291.9218,45234.0,64560.0,Pipistrellus pipistrellus,0.435,0.541,-1,Echolocation,192000.0,/mnt/ubna_data_04/recover-20241118/UBNA_027/20241105_020000.WAV,recover-20241118,UBNA_027,Foliage
HF,48000.0,15.005496362018233,292.3495,292.353,44375.0,73119.0,Myotis alcathoe,0.333,0.508,-1,Echolocation,192000.0,/mnt/ubna_data_04/recover-20241118/UBNA_027/20241105_020000.WAV,recover-20241118,UBNA_027,Foliage
HF,48000.0,23.56915060870531,292.4405,292.4442,43515.0,78900.0,Myotis alcathoe,0.345,0.591,-1,Echolocation,192000.0,/mnt/ubna_data_04/recover-20241118/UBNA_027/20241105_020000.WAV,recover-20241118,UBNA_027,Foliage
HF,48960.0,14.196720360344717,292.5345,292.538,43515.0,74634.0,Myotis alcathoe,0.326,0.501,-1,Echolocation,192000.0,/mnt/ubna_data_04/recover-20241118/UBNA_027/20241105_020000.WAV,recover-20241118,UBNA_027,Foliage
HF,48000.0,15.962617525531206,292.6185,292.62239999999997,42656.0,75235.0,Myotis alcathoe,0.281,0.584,-1,Echolocation,192000.0,/mnt/ubna_data_04/recover-20241118/UBNA_027/20241105_020000.WAV,recover-20241118,UBNA_027,Foliage
HF,48000.0,5.483440738062162,292.7005,292.7043,44375.0,74223.0,Myotis alcathoe,0.345,0.508,-1,Echolocation,192000.0,/mnt/ubna_data_04/recover-20241118/UBNA_027/20241105_020000.WAV,recover-20241118,UBNA_027,Foliage
HF,48960.0,18.06448414969147,293.0405,293.044,42656.0,73164.0,Myotis mystacinus,0.287,0.631,-1,Echolocation,192000.0,/mnt/ubna_data_04/recover-20241118/UBNA_027/20241105_020000.WAV,recover-20241118,UBNA_027,Foliage
HF,51840.0,33.67268843385759,293.1285,293.1338,40937.0,93739.0,Myotis alcathoe,0.38,0.534,-1,Echolocation,192000.0,/mnt/ubna_data_04/recover-20241118/UBNA_027/20241105_020000.WAV,recover-20241118,UBNA_027,Foliage
HF,47040.0,32.31235612165665,293.4055,293.4111,41796.0,89880.0,Myotis alcathoe,0.345,0.505,-1,Echolocation,192000.0,/mnt/ubna_data_04/recover-20241118/UBNA_027/20241105_020000.WAV,recover-20241118,UBNA_027,Foliage
HF,46080.0,26.868882126141557,293.5885,293.5927,41796.0,83842.0,Myotis alcathoe,0.352,0.568,-1,Echolocation,192000.0,/mnt/ubna_data_04/recover-20241118/UBNA_027/20241105_020000.WAV,recover-20241118,UBNA_027,Foliage
HF,46080.0,25.75271700835064,293.6755,293.6791,42656.0,79540.0,Myotis alcathoe,0.336,0.556,-1,Echolocation,192000.0,/mnt/ubna_data_04/recover-20241118/UBNA_027/20241105_020000.WAV,recover-20241118,UBNA_027,Foliage
HF,47040.0,19.779954945922732,293.8535,293.8572,41796.0,78488.0,Myotis alcathoe,0.284,0.562,-1,Echolocation,192000.0,/mnt/ubna_data_04/recover-20241118/UBNA_027/20241105_020000.WAV,recover-20241118,UBNA_027,Foliage
HF,46080.0,17.167425629741086,294.6215,294.6272,44375.0,59357.0,Pipistrellus pipistrellus,0.421,0.518,-1,Echolocation,192000.0,/mnt/ubna_data_04/recover-20241118/UBNA_027/20241105_020000.WAV,recover-20241118,UBNA_027,Foliage
HF,52800.0,16.892018800285978,26.8505,26.8551,45234.0,67998.0,Pipistrellus pipistrellus,0.5,0.652,-1,Echolocation,192000.0,/mnt/ubna_data_04/recover-20241118/UBNA_027/20241105_021000.WAV,recover-20241118,UBNA_027,Foliage
HF,52800.0,10.237119398352343,28.4155,28.4201,47812.0,64998.0,Pipistrellus pipistrellus,0.449,0.573,-1,Echolocation,192000.0,/mnt/ubna_data_04/recover-20241118/UBNA_027/20241105_021000.WAV,recover-20241118,UBNA_027,Foliage
HF,48960.0,14.397316984037847,29.3525,29.3582,46093.0,68029.0,Pipistrellus pipistrellus,0.487,0.636,-1,Echolocation,192000.0,/mnt/ubna_data_04/recover-20241118/UBNA_027/20241105_021000.WAV,recover-20241118,UBNA_027,Foliage
HF,46080.0,8.256607058234845,29.5405,29.5454,44375.0,58736.0,Pipistrellus pipistrellus,0.518,0.619,-1,Echolocation,192000.0,/mnt/ubna_data_04/recover-20241118/UBNA_027/20241105_021000.WAV,recover-20241118,UBNA_027,Foliage
HF,54720.0,16.5096964077807,30.1455,30.1527,45234.0,65962.0,Pipistrellus pipistrellus,0.316,0.546,-1,Echolocation,192000.0,/mnt/ubna_data_04/recover-20241118/UBNA_027/20241105_021000.WAV,recover-20241118,UBNA_027,Foliage
HF,53760.0,21.023413444033267,30.6025,30.6082,45234.0,66784.0,Pipistrellus pipistrellus,0.374,0.557,-1,Echolocation,192000.0,/mnt/ubna_data_04/recover-20241118/UBNA_027/20241105_021000.WAV,recover-20241118,UBNA_027,Foliage
HF,48000.0,26.203418635459098,31.3785,31.3825,38359.0,82018.0,Myotis mystacinus,0.283,0.663,-1,Echolocation,192000.0,/mnt/ubna_data_04/recover-20241118/UBNA_027/20241105_021000.WAV,recover-20241118,UBNA_027,Foliage
HF,54720.0,13.673973057269833,31.6265,31.6305,46093.0,76316.0,Myotis alcathoe,0.265,0.514,-1,Echolocation,192000.0,/mnt/ubna_data_04/recover-20241118/UBNA_027/20241105_021000.WAV,recover-20241118,UBNA_027,Foliage
HF,46080.0,15.730410593075915,39.1535,39.1577,43515.0,66980.0,Myotis alcathoe,0.212,0.506,-1,Echolocation,192000.0,/mnt/ubna_data_04/recover-20241118/UBNA_027/20241105_021000.WAV,recover-20241118,UBNA_027,Foliage
HF,52800.0,22.702784212841035,40.6105,40.6144,46093.0,83201.0,Myotis alcathoe,0.399,0.576,-1,Echolocation,192000.0,/mnt/ubna_data_04/recover-20241118/UBNA_027/20241105_021000.WAV,recover-20241118,UBNA_027,Foliage
HF,55680.0,21.800290770657583,40.6935,40.6971,44375.0,87673.0,Myotis alcathoe,0.366,0.604,-1,Echolocation,192000.0,/mnt/ubna_data_04/recover-20241118/UBNA_027/20241105_021000.WAV,recover-20241118,UBNA_027,Foliage
HF,51840.0,16.89049470501173,41.0465,41.0496,44375.0,82535.0,Myotis alcathoe,0.351,0.536,-1,Echolocation,192000.0,/mnt/ubna_data_04/recover-20241118/UBNA_027/20241105_021000.WAV,recover-20241118,UBNA_027,Foliage
HF,56640.0,20.658860813711982,41.1125,41.1161,44375.0,81554.0,Myotis alcathoe,0.406,0.57,-1,Echolocation,192000.0,/mnt/ubna_data_04/recover-20241118/UBNA_027/20241105_021000.WAV,recover-20241118,UBNA_027,Foliage
HF,57600.0,15.45509272086896,41.1815,41.1852,44375.0,84500.0,Myotis alcathoe,0.437,0.641,-1,Echolocation,192000.0,/mnt/ubna_data_04/recover-20241118/UBNA_027/20241105_021000.WAV,recover-20241118,UBNA_027,Foliage
HF,46080.0,17.277833490518326,41.2585,41.2618,44375.0,79182.0,Myotis alcathoe,0.409,0.596,-1,Echolocation,192000.0,/mnt/ubna_data_04/recover-20241118/UBNA_027/20241105_021000.WAV,recover-20241118,UBNA_027,Foliage
HF,51840.0,33.70596419779659,41.3315,41.3349,39218.0,90024.0,Myotis alcathoe,0.328,0.55,-1,Echolocation,192000.0,/mnt/ubna_data_04/recover-20241118/UBNA_027/20241105_021000.WAV,recover-20241118,UBNA_027,Foliage
HF,52800.0,33.67060525102964,41.3935,41.3972,43515.0,92765.0,Myotis alcathoe,0.418,0.603,-1,Echolocation,192000.0,/mnt/ubna_data_04/recover-20241118/UBNA_027/20241105_021000.WAV,recover-20241118,UBNA_027,Foliage
HF,55680.0,22.943773720480536,41.4415,41.4451,43515.0,86933.0,Myotis alcathoe,0.409,0.683,-1,Echolocation,192000.0,/mnt/ubna_data_04/recover-20241118/UBNA_027/20241105_021000.WAV,recover-20241118,UBNA_027,Foliage
HF,52800.0,21.721767827958637,41.4835,41.487700000000004,45234.0,92275.0,Myotis alcathoe,0.366,0.658,-1,Echolocation,192000.0,/mnt/ubna_data_04/recover-20241118/UBNA_027/20241105_021000.WAV,recover-20241118,UBNA_027,Foliage
HF,52800.0,22.015973337152126,41.5285,41.5325,46953.0,87996.0,Myotis alcathoe,0.419,0.639,-1,Echolocation,192000.0,/mnt/ubna_data_04/recover-20241118/UBNA_027/20241105_021000.WAV,recover-20241118,UBNA_027,Foliage
HF,55680.0,22.206284298410583,41.576499999999996,41.5802,45234.0,88944.0,Myotis alcathoe,0.355,0.728,-1,Echolocation,192000.0,/mnt/ubna_data_04/recover-20241118/UBNA_027/20241105_021000.WAV,recover-20241118,UBNA_027,Foliage
HF,55680.0,23.02484156348015,41.6315,41.6358,49531.0,96762.0,Myotis alcathoe,0.417,0.681,-1,Echolocation,192000.0,/mnt/ubna_data_04/recover-20241118/UBNA_027/20241105_021000.WAV,recover-20241118,UBNA_027,Foliage
HF,58560.0,16.039759276501172,41.676500000000004,41.6805,46953.0,85997.0,Myotis alcathoe,0.37,0.666,-1,Echolocation,192000.0,/mnt/ubna_data_04/recover-20241118/UBNA_027/20241105_021000.WAV,recover-20241118,UBNA_027,Foliage
HF,55680.0,23.62528744342809,41.7255,41.7293,49531.0,92661.0,Myotis mystacinus,0.325,0.739,-1,Echolocation,192000.0,/mnt/ubna_data_04/recover-20241118/UBNA_027/20241105_021000.WAV,recover-20241118,UBNA_027,Foliage
HF,53760.0,15.680136518680388,41.7685,41.7716,47812.0,83432.0,Myotis alcathoe,0.433,0.723,-1,Echolocation,192000.0,/mnt/ubna_data_04/recover-20241118/UBNA_027/20241105_021000.WAV,recover-20241118,UBNA_027,Foliage
HF,53760.0,15.960364162353354,41.8915,41.8954,44375.0,87556.0,Myotis alcathoe,0.297,0.665,-1,Echolocation,192000.0,/mnt/ubna_data_04/recover-20241118/UBNA_027/20241105_021000.WAV,recover-20241118,UBNA_027,Foliage
HF,55680.0,30.603448025711003,41.9675,41.9715,41796.0,91989.0,Myotis alcathoe,0.358,0.716,-1,Echolocation,192000.0,/mnt/ubna_data_04/recover-20241118/UBNA_027/20241105_021000.WAV,recover-20241118,UBNA_027,Foliage
HF,51840.0,12.454362362366549,42.0435,42.0475,41796.0,73664.0,Myotis mystacinus,0.314,0.519,-1,Echolocation,192000.0,/mnt/ubna_data_04/recover-20241118/UBNA_027/20241105_021000.WAV,recover-20241118,UBNA_027,Foliage
HF,48000.0,26.068480983198064,42.2055,42.2096,39218.0,72838.0,Myotis mystacinus,0.434,0.672,-1,Echolocation,192000.0,/mnt/ubna_data_04/recover-20241118/UBNA_027/20241105_021000.WAV,recover-20241118,UBNA_027,Foliage
HF,55680.0,12.32972185786927,44.585499999999996,44.5897,46093.0,74166.0,Myotis alcathoe,0.384,0.506,-1,Echolocation,192000.0,/mnt/ubna_data_04/recover-20241118/UBNA_027/20241105_021000.WAV,recover-20241118,UBNA_027,Foliage
HF,55680.0,12.380260152304835,44.6485,44.6526,45234.0,80017.0,Myotis alcathoe,0.337,0.506,-1,Echolocation,192000.0,/mnt/ubna_data_04/recover-20241118/UBNA_027/20241105_021000.WAV,recover-20241118,UBNA_027,Foliage
HF,52800.0,26.878065643360294,45.1335,45.138999999999996,42656.0,85090.0,Myotis alcathoe,0.337,0.519,-1,Echolocation,192000.0,/mnt/ubna_data_04/recover-20241118/UBNA_027/20241105_021000.WAV,recover-20241118,UBNA_027,Foliage
HF,47040.0,19.100440231124516,45.5035,45.5072,42656.0,64596.0,Pipistrellus pipistrellus,0.258,0.515,-1,Echolocation,192000.0,/mnt/ubna_data_04/recover-20241118/UBNA_027/20241105_021000.WAV,recover-20241118,UBNA_027,Foliage
HF,47040.0,11.887482634099797,45.7905,45.7952,42656.0,68053.0,Pipistrellus pipistrellus,0.343,0.554,-1,Echolocation,192000.0,/mnt/ubna_data_04/recover-20241118/UBNA_027/20241105_021000.WAV,recover-20241118,UBNA_027,Foliage
HF,45120.0,6.553083822773403,46.308499999999995,46.3174,43515.0,58522.0,Pipistrellus pipistrellus,0.313,0.562,-1,Echolocation,192000.0,/mnt/ubna_data_04/recover-20241118/UBNA_027/20241105_021000.WAV,recover-20241118,UBNA_027,Foliage
HF,44160.0,5.769645520148961,46.4925,46.4995,43515.0,54806.0,Pipistrellus pipistrellus,0.46,0.512,-1,Echolocation,192000.0,/mnt/ubna_data_04/recover-20241118/UBNA_027/20241105_021000.WAV,recover-20241118,UBNA_027,Foliage
HF,49920.0,8.397748226204044,106.7615,106.7657,46953.0,60277.0,Pipistrellus pipistrellus,0.493,0.563,-1,Echolocation,192000.0,/mnt/ubna_data_04/recover-20241118/UBNA_027/20241105_021000.WAV,recover-20241118,UBNA_027,Foliage
HF,52800.0,11.699206061301425,106.8475,106.8513,48671.0,69750.0,Myotis alcathoe,0.217,0.522,-1,Echolocation,192000.0,/mnt/ubna_data_04/recover-20241118/UBNA_027/20241105_021000.WAV,recover-20241118,UBNA_027,Foliage
HF,52800.0,8.140036800409426,107.4105,107.4151,48671.0,63745.0,Pipistrellus pipistrellus,0.461,0.581,-1,Echolocation,192000.0,/mnt/ubna_data_04/recover-20241118/UBNA_027/20241105_021000.WAV,recover-20241118,UBNA_027,Foliage
HF,48000.0,10.278998458176524,107.5035,107.5084,46093.0,62669.0,Pipistrellus pipistrellus,0.352,0.518,-1,Echolocation,192000.0,/mnt/ubna_data_04/recover-20241118/UBNA_027/20241105_021000.WAV,recover-20241118,UBNA_027,Foliage
HF,51840.0,10.207479604762579,107.5995,107.6072,46953.0,64690.0,Pipistrellus pipistrellus,0.409,0.584,-1,Echolocation,192000.0,/mnt/ubna_data_04/recover-20241118/UBNA_027/20241105_021000.WAV,recover-20241118,UBNA_027,Foliage
HF,48000.0,12.190042887120434,107.7945,107.8015,46953.0,65805.0,Pipistrellus pipistrellus,0.375,0.533,-1,Echolocation,192000.0,/mnt/ubna_data_04/recover-20241118/UBNA_027/20241105_021000.WAV,recover-20241118,UBNA_027,Foliage
HF,52800.0,12.277893280730392,107.9845,107.9901,45234.0,66583.0,Pipistrellus pipistrellus,0.277,0.537,-1,Echolocation,192000.0,/mnt/ubna_data_04/recover-20241118/UBNA_027/20241105_021000.WAV,recover-20241118,UBNA_027,Foliage
HF,51840.0,19.60426194876011,108.5695,108.57300000000001,46093.0,66716.0,Myotis alcathoe,0.249,0.521,-1,Echolocation,192000.0,/mnt/ubna_data_04/recover-20241118/UBNA_027/20241105_021000.WAV,recover-20241118,UBNA_027,Foliage
HF,53760.0,16.77868952997492,109.2795,109.2836,45234.0,71273.0,Myotis alcathoe,0.327,0.534,-1,Echolocation,192000.0,/mnt/ubna_data_04/recover-20241118/UBNA_027/20241105_021000.WAV,recover-20241118,UBNA_027,Foliage
HF,55680.0,17.777696058508784,109.7565,109.7606,44375.0,83219.0,Myotis alcathoe,0.455,0.652,-1,Echolocation,192000.0,/mnt/ubna_data_04/recover-20241118/UBNA_027/20241105_021000.WAV,recover-20241118,UBNA_027,Foliage
HF,55680.0,17.453156005797997,109.9195,109.9229,48671.0,70655.0,Myotis alcathoe,0.357,0.525,-1,Echolocation,192000.0,/mnt/ubna_data_04/recover-20241118/UBNA_027/20241105_021000.WAV,recover-20241118,UBNA_027,Foliage
HF,54720.0,30.347631123086245,110.0835,110.0876,38359.0,81462.0,Myotis mystacinus,0.337,0.636,-1,Echolocation,192000.0,/mnt/ubna_data_04/recover-20241118/UBNA_027/20241105_021000.WAV,recover-20241118,UBNA_027,Foliage
HF,55680.0,25.839208245763608,110.2555,110.2593,36640.0,79454.0,Myotis mystacinus,0.368,0.564,-1,Echolocation,192000.0,/mnt/ubna_data_04/recover-20241118/UBNA_027/20241105_021000.WAV,recover-20241118,UBNA_027,Foliage
HF,52800.0,11.85574193530825,110.34049999999999,110.3443,40078.0,65594.0,Myotis mystacinus,0.37,0.522,-1,Echolocation,192000.0,/mnt/ubna_data_04/recover-20241118/UBNA_027/20241105_021000.WAV,recover-20241118,UBNA_027,Foliage
HF,47040.0,28.967887326679044,110.4245,110.42830000000001,37500.0,74081.0,Myotis mystacinus,0.323,0.596,-1,Echolocation,192000.0,/mnt/ubna_data_04/recover-20241118/UBNA_027/20241105_021000.WAV,recover-20241118,UBNA_027,Foliage
HF,47040.0,24.439585283304325,110.5085,110.513,37500.0,77209.0,Myotis mystacinus,0.398,0.571,-1,Echolocation,192000.0,/mnt/ubna_data_04/recover-20241118/UBNA_027/20241105_021000.WAV,recover-20241118,UBNA_027,Foliage
HF,47040.0,19.0857083923487,110.6835,110.6874,35781.0,71037.0,Myotis mystacinus,0.341,0.563,-1,Echolocation,192000.0,/mnt/ubna_data_04/recover-20241118/UBNA_027/20241105_021000.WAV,recover-20241118,UBNA_027,Foliage
HF,53760.0,7.097323869877746,111.1015,111.1053,47812.0,63822.0,Myotis mystacinus,0.288,0.532,-1,Echolocation,192000.0,/mnt/ubna_data_04/recover-20241118/UBNA_027/20241105_021000.WAV,recover-20241118,UBNA_027,Foliage
HF,54720.0,16.526821182049716,111.32849999999999,111.33160000000001,45234.0,63608.0,Myotis mystacinus,0.382,0.548,-1,Echolocation,192000.0,/mnt/ubna_data_04/recover-20241118/UBNA_027/20241105_021000.WAV,recover-20241118,UBNA_027,Foliage
HF,52800.0,13.098849098571543,111.5195,111.5234,44375.0,62305.0,Myotis mystacinus,0.35,0.528,-1,Echolocation,192000.0,/mnt/ubna_data_04/recover-20241118/UBNA_027/20241105_021000.WAV,recover-20241118,UBNA_027,Foliage
HF,48000.0,16.68215938421723,132.9705,132.975,45234.0,66913.0,Pipistrellus pipistrellus,0.233,0.5,-1,Echolocation,192000.0,/mnt/ubna_data_04/recover-20241118/UBNA_027/20241105_021000.WAV,recover-20241118,UBNA_027,Foliage
HF,47040.0,14.3586598166654,133.1545,133.1591,46953.0,60140.0,Pipistrellus pipistrellus,0.52,0.561,-1,Echolocation,192000.0,/mnt/ubna_data_04/recover-20241118/UBNA_027/20241105_021000.WAV,recover-20241118,UBNA_027,Foliage
HF,53760.0,24.635088360767536,133.4895,133.4939,47812.0,67694.0,Pipistrellus pipistrellus,0.485,0.579,-1,Echolocation,192000.0,/mnt/ubna_data_04/recover-20241118/UBNA_027/20241105_021000.WAV,recover-20241118,UBNA_027,Foliage
HF,54720.0,21.919825420985507,133.6545,133.6584,45234.0,71458.0,Myotis alcathoe,0.314,0.522,-1,Echolocation,192000.0,/mnt/ubna_data_04/recover-20241118/UBNA_027/20241105_021000.WAV,recover-20241118,UBNA_027,Foliage
HF,55680.0,29.19953111775373,133.7295,133.7336,44375.0,78220.0,Myotis alcathoe,0.313,0.521,-1,Echolocation,192000.0,/mnt/ubna_data_04/recover-20241118/UBNA_027/20241105_021000.WAV,recover-20241118,UBNA_027,Foliage
HF,54720.0,29.251718491766717,133.8005,133.8042,42656.0,77430.0,Myotis alcathoe,0.358,0.527,-1,Echolocation,192000.0,/mnt/ubna_data_04/recover-20241118/UBNA_027/20241105_021000.WAV,recover-20241118,UBNA_027,Foliage
HF,53760.0,26.58932299557531,133.8755,133.8791,45234.0,74759.0,Myotis alcathoe,0.315,0.519,-1,Echolocation,192000.0,/mnt/ubna_data_04/recover-20241118/UBNA_027/20241105_021000.WAV,recover-20241118,UBNA_027,Foliage
HF,51840.0,20.74512121617799,133.95850000000002,133.9624,41796.0,75862.0,Myotis alcathoe,0.334,0.569,-1,Echolocation,192000.0,/mnt/ubna_data_04/recover-20241118/UBNA_027/20241105_021000.WAV,recover-20241118,UBNA_027,Foliage
HF,56640.0,27.759262615162037,134.2805,134.2846,42656.0,87872.0,Myotis mystacinus,0.234,0.616,-1,Echolocation,192000.0,/mnt/ubna_data_04/recover-20241118/UBNA_027/20241105_021000.WAV,recover-20241118,UBNA_027,Foliage
HF,59520.0,30.14974430490807,134.3535,134.3576,39218.0,91302.0,Myotis mystacinus,0.239,0.513,-1,Echolocation,192000.0,/mnt/ubna_data_04/recover-20241118/UBNA_027/20241105_021000.WAV,recover-20241118,UBNA_027,Foliage
HF,58560.0,31.171742530991217,134.4405,134.4452,37500.0,86554.0,Myotis mystacinus,0.278,0.634,-1,Echolocation,192000.0,/mnt/ubna_data_04/recover-20241118/UBNA_027/20241105_021000.WAV,recover-20241118,UBNA_027,Foliage
HF,52800.0,28.68044388589103,134.5205,134.5246,41796.0,86916.0,Myotis mystacinus,0.23,0.54,-1,Echolocation,192000.0,/mnt/ubna_data_04/recover-20241118/UBNA_027/20241105_021000.WAV,recover-20241118,UBNA_027,Foliage
HF,47040.0,32.001388700936346,134.5985,134.603,38359.0,86784.0,Myotis mystacinus,0.378,0.662,-1,Echolocation,192000.0,/mnt/ubna_data_04/recover-20241118/UBNA_027/20241105_021000.WAV,recover-20241118,UBNA_027,Foliage
HF,52800.0,27.00285504807895,134.6825,134.6873,41796.0,84655.0,Myotis mystacinus,0.31,0.674,-1,Echolocation,192000.0,/mnt/ubna_data_04/recover-20241118/UBNA_027/20241105_021000.WAV,recover-20241118,UBNA_027,Foliage
HF,52800.0,18.09615690778375,134.7505,134.7542,44375.0,68015.0,Myotis mystacinus,0.313,0.531,-1,Echolocation,192000.0,/mnt/ubna_data_04/recover-20241118/UBNA_027/20241105_021000.WAV,recover-20241118,UBNA_027,Foliage
HF,52800.0,35.48701040039489,134.8175,134.8213,35781.0,95566.0,Myotis mystacinus,0.247,0.517,-1,Echolocation,192000.0,/mnt/ubna_data_04/recover-20241118/UBNA_027/20241105_021000.WAV,recover-20241118,UBNA_027,Foliage
HF,54720.0,30.95181831451004,134.9825,134.987,38359.0,89319.0,Myotis mystacinus,0.291,0.635,-1,Echolocation,192000.0,/mnt/ubna_data_04/recover-20241118/UBNA_027/20241105_021000.WAV,recover-20241118,UBNA_027,Foliage
HF,53760.0,18.763574403416957,135.1535,135.158,43515.0,77146.0,Myotis mystacinus,0.392,0.655,-1,Echolocation,192000.0,/mnt/ubna_data_04/recover-20241118/UBNA_027/20241105_021000.WAV,recover-20241118,UBNA_027,Foliage
HF,46080.0,18.010406435101004,135.2335,135.2373,41796.0,67926.0,Myotis mystacinus,0.334,0.655,-1,Echolocation,192000.0,/mnt/ubna_data_04/recover-20241118/UBNA_027/20241105_021000.WAV,recover-20241118,UBNA_027,Foliage
HF,46080.0,21.477498490384566,135.3055,135.3094,41796.0,77741.0,Myotis mystacinus,0.363,0.692,-1,Echolocation,192000.0,/mnt/ubna_data_04/recover-20241118/UBNA_027/20241105_021000.WAV,recover-20241118,UBNA_027,Foliage
HF,53760.0,20.06505430030856,135.5305,135.5349,45234.0,80412.0,Myotis mystacinus,0.232,0.587,-1,Echolocation,192000.0,/mnt/ubna_data_04/recover-20241118/UBNA_027/20241105_021000.WAV,recover-20241118,UBNA_027,Foliage
HF,55680.0,24.53752396754528,135.7335,135.7374,47812.0,73539.0,Myotis mystacinus,0.35,0.654,-1,Echolocation,192000.0,/mnt/ubna_data_04/recover-20241118/UBNA_027/20241105_021000.WAV,recover-20241118,UBNA_027,Foliage
HF,52800.0,16.3615812486413,135.7865,135.7903,46953.0,72827.0,Myotis mystacinus,0.422,0.639,-1,Echolocation,192000.0,/mnt/ubna_data_04/recover-20241118/UBNA_027/20241105_021000.WAV,recover-20241118,UBNA_027,Foliage
HF,55680.0,12.196422044536739,135.8305,135.8344,48671.0,72029.0,Myotis mystacinus,0.44,0.609,-1,Echolocation,192000.0,/mnt/ubna_data_04/recover-20241118/UBNA_027/20241105_021000.WAV,recover-20241118,UBNA_027,Foliage
HF,55680.0,14.981214336778113,136.1125,136.1155,52109.0,66816.0,Pipistrellus pipistrellus,0.378,0.59,-1,Echolocation,192000.0,/mnt/ubna_data_04/recover-20241118/UBNA_027/20241105_021000.WAV,recover-20241118,UBNA_027,Foliage
HF,60480.0,15.811395204442526,136.1935,136.1969,44375.0,69110.0,Myotis mystacinus,0.41,0.611,-1,Echolocation,192000.0,/mnt/ubna_data_04/recover-20241118/UBNA_027/20241105_021000.WAV,recover-20241118,UBNA_027,Foliage
HF,54720.0,16.71334382761437,136.3655,136.3685,46953.0,70702.0,Myotis mystacinus,0.451,0.554,-1,Echolocation,192000.0,/mnt/ubna_data_04/recover-20241118/UBNA_027/20241105_021000.WAV,recover-20241118,UBNA_027,Foliage
HF,52800.0,33.312260635677816,136.4395,136.4429,38359.0,77701.0,Myotis mystacinus,0.397,0.553,-1,Echolocation,192000.0,/mnt/ubna_data_04/recover-20241118/UBNA_027/20241105_021000.WAV,recover-20241118,UBNA_027,Foliage
HF,52800.0,26.421696563192498,136.5205,136.5242,43515.0,70560.0,Myotis mystacinus,0.538,0.663,-1,Echolocation,192000.0,/mnt/ubna_data_04/recover-20241118/UBNA_027/20241105_021000.WAV,recover-20241118,UBNA_027,Foliage
HF,48960.0,29.38882410491777,136.5985,136.6026,36640.0,79569.0,Myotis mystacinus,0.368,0.581,-1,Echolocation,192000.0,/mnt/ubna_data_04/recover-20241118/UBNA_027/20241105_021000.WAV,recover-20241118,UBNA_027,Foliage
HF,48960.0,15.968842112234164,136.6805,136.6841,41796.0,62987.0,Myotis mystacinus,0.448,0.617,-1,Echolocation,192000.0,/mnt/ubna_data_04/recover-20241118/UBNA_027/20241105_021000.WAV,recover-20241118,UBNA_027,Foliage
HF,48960.0,26.33985215129386,136.7615,136.7645,39218.0,71334.0,Myotis mystacinus,0.289,0.507,-1,Echolocation,192000.0,/mnt/ubna_data_04/recover-20241118/UBNA_027/20241105_021000.WAV,recover-20241118,UBNA_027,Foliage
HF,51840.0,12.843218293595744,136.8445,136.8486,46093.0,68670.0,Myotis mystacinus,0.458,0.578,-1,Echolocation,192000.0,/mnt/ubna_data_04/recover-20241118/UBNA_027/20241105_021000.WAV,recover-20241118,UBNA_027,Foliage
HF,48000.0,20.684697601849802,136.9305,136.9343,37500.0,68217.0,Myotis mystacinus,0.417,0.516,-1,Echolocation,192000.0,/mnt/ubna_data_04/recover-20241118/UBNA_027/20241105_021000.WAV,recover-20241118,UBNA_027,Foliage
HF,46080.0,20.765952294617726,137.0165,137.0202,37500.0,69570.0,Myotis mystacinus,0.522,0.65,-1,Echolocation,192000.0,/mnt/ubna_data_04/recover-20241118/UBNA_027/20241105_021000.WAV,recover-20241118,UBNA_027,Foliage
HF,48000.0,15.816999400827216,137.1815,137.185,40078.0,71828.0,Myotis mystacinus,0.497,0.581,-1,Echolocation,192000.0,/mnt/ubna_data_04/recover-20241118/UBNA_027/20241105_021000.WAV,recover-20241118,UBNA_027,Foliage
HF,52800.0,16.673376417002906,139.4315,139.43880000000001,46093.0,65570.0,Pipistrellus pipistrellus,0.317,0.53,-1,Echolocation,192000.0,/mnt/ubna_data_04/recover-20241118/UBNA_027/20241105_021000.WAV,recover-20241118,UBNA_027,Foliage
HF,48960.0,17.74464097752289,139.5995,139.6042,45234.0,63629.0,Pipistrellus pipistrellus,0.432,0.556,-1,Echolocation,192000.0,/mnt/ubna_data_04/recover-20241118/UBNA_027/20241105_021000.WAV,recover-20241118,UBNA_027,Foliage
HF,55680.0,24.452279430627666,139.67849999999999,139.6837,46093.0,67392.0,Pipistrellus pipistrellus,0.502,0.622,-1,Echolocation,192000.0,/mnt/ubna_data_04/recover-20241118/UBNA_027/20241105_021000.WAV,recover-20241118,UBNA_027,Foliage
HF,55680.0,20.077778921029626,139.7615,139.7673,43515.0,78221.0,Myotis alcathoe,0.214,0.562,-1,Echolocation,192000.0,/mnt/ubna_data_04/recover-20241118/UBNA_027/20241105_021000.WAV,recover-20241118,UBNA_027,Foliage
HF,53760.0,23.297764944550146,139.8505,139.8571,45234.0,75970.0,Pipistrellus pipistrellus,0.294,0.558,-1,Echolocation,192000.0,/mnt/ubna_data_04/recover-20241118/UBNA_027/20241105_021000.WAV,recover-20241118,UBNA_027,Foliage
HF,52800.0,32.60094703226691,140.4345,140.44,41796.0,78730.0,Pipistrellus pipistrellus,0.343,0.546,-1,Echolocation,192000.0,/mnt/ubna_data_04/recover-20241118/UBNA_027/20241105_021000.WAV,recover-20241118,UBNA_027,Foliage
HF,46080.0,13.494605631084829,140.7065,140.7112,41796.0,64922.0,Myotis mystacinus,0.146,0.507,-1,Echolocation,192000.0,/mnt/ubna_data_04/recover-20241118/UBNA_027/20241105_021000.WAV,recover-20241118,UBNA_027,Foliage
HF,46080.0,11.495527731896477,140.9635,140.9682,43515.0,66333.0,Pipistrellus pipistrellus,0.209,0.551,-1,Echolocation,192000.0,/mnt/ubna_data_04/recover-20241118/UBNA_027/20241105_021000.WAV,recover-20241118,UBNA_027,Foliage
HF,46080.0,5.185040486880156,141.6615,141.6668,46093.0,56232.0,Pipistrellus pipistrellus,0.549,0.561,-1,Echolocation,192000.0,/mnt/ubna_data_04/recover-20241118/UBNA_027/20241105_021000.WAV,recover-20241118,UBNA_027,Foliage
HF,52800.0,4.531496626134804,149.8815,149.8854,47812.0,63763.0,Pipistrellus pipistrellus,0.437,0.51,-1,Echolocation,192000.0,/mnt/ubna_data_04/recover-20241118/UBNA_027/20241105_021000.WAV,recover-20241118,UBNA_027,Foliage
HF,52800.0,7.48174474942706,150.4155,150.4208,46953.0,60929.0,Pipistrellus pipistrellus,0.503,0.565,-1,Echolocation,192000.0,/mnt/ubna_data_04/recover-20241118/UBNA_027/20241105_021000.WAV,recover-20241118,UBNA_027,Foliage
HF,54720.0,8.215616398105688,150.4925,150.4985,48671.0,66099.0,Pipistrellus pipistrellus,0.387,0.501,-1,Echolocation,192000.0,/mnt/ubna_data_04/recover-20241118/UBNA_027/20241105_021000.WAV,recover-20241118,UBNA_027,Foliage
HF,48000.0,8.46064996419391,150.7755,150.7809,47812.0,67410.0,Pipistrellus pipistrellus,0.406,0.504,-1,Echolocation,192000.0,/mnt/ubna_data_04/recover-20241118/UBNA_027/20241105_021000.WAV,recover-20241118,UBNA_027,Foliage
HF,55680.0,10.914088383439529,150.9655,150.9706,46093.0,65260.0,Pipistrellus pipistrellus,0.485,0.568,-1,Echolocation,192000.0,/mnt/ubna_data_04/recover-20241118/UBNA_027/20241105_021000.WAV,recover-20241118,UBNA_027,Foliage
HF,48960.0,10.216958833290288,151.0615,151.0667,47812.0,59909.0,Pipistrellus pipistrellus,0.553,0.591,-1,Echolocation,192000.0,/mnt/ubna_data_04/recover-20241118/UBNA_027/20241105_021000.WAV,recover-20241118,UBNA_027,Foliage
HF,46080.0,15.683674634887193,151.2855,151.2912,45234.0,66304.0,Pipistrellus pipistrellus,0.459,0.617,-1,Echolocation,192000.0,/mnt/ubna_data_04/recover-20241118/UBNA_027/20241105_021000.WAV,recover-20241118,UBNA_027,Foliage
HF,53760.0,19.752877863401547,151.4845,151.4905,44375.0,70084.0,Pipistrellus pipistrellus,0.529,0.629,-1,Echolocation,192000.0,/mnt/ubna_data_04/recover-20241118/UBNA_027/20241105_021000.WAV,recover-20241118,UBNA_027,Foliage
HF,53760.0,25.13450295841944,151.5985,151.6046,42656.0,69331.0,Pipistrellus pipistrellus,0.561,0.712,-1,Echolocation,192000.0,/mnt/ubna_data_04/recover-20241118/UBNA_027/20241105_021000.WAV,recover-20241118,UBNA_027,Foliage
HF,53760.0,28.880230479406784,151.7055,151.7114,42656.0,71360.0,Pipistrellus pipistrellus,0.518,0.683,-1,Echolocation,192000.0,/mnt/ubna_data_04/recover-20241118/UBNA_027/20241105_021000.WAV,recover-20241118,UBNA_027,Foliage
HF,47040.0,15.290663232917845,151.8065,151.8119,43515.0,69850.0,Pipistrellus pipistrellus,0.379,0.506,-1,Echolocation,192000.0,/mnt/ubna_data_04/recover-20241118/UBNA_027/20241105_021000.WAV,recover-20241118,UBNA_027,Foliage
HF,48000.0,28.868919409904944,151.9055,151.9111,41796.0,76498.0,Pipistrellus pipistrellus,0.358,0.561,-1,Echolocation,192000.0,/mnt/ubna_data_04/recover-20241118/UBNA_027/20241105_021000.WAV,recover-20241118,UBNA_027,Foliage
HF,47040.0,10.102949571477422,152.2365,152.2417,43515.0,54549.0,Pipistrellus pipistrellus,0.572,0.618,-1,Echolocation,192000.0,/mnt/ubna_data_04/recover-20241118/UBNA_027/20241105_021000.WAV,recover-20241118,UBNA_027,Foliage
HF,46080.0,17.623297135593905,152.3455,152.3519,43515.0,63427.0,Pipistrellus pipistrellus,0.618,0.668,-1,Echolocation,192000.0,/mnt/ubna_data_04/recover-20241118/UBNA_027/20241105_021000.WAV,recover-20241118,UBNA_027,Foliage
HF,47040.0,6.424812684823703,152.4535,152.4584,43515.0,52716.0,Pipistrellus pipistrellus,0.534,0.575,-1,Echolocation,192000.0,/mnt/ubna_data_04/recover-20241118/UBNA_027/20241105_021000.WAV,recover-20241118,UBNA_027,Foliage
HF,54720.0,22.701534722376785,152.5545,152.561,42656.0,69081.0,Pipistrellus pipistrellus,0.392,0.548,-1,Echolocation,192000.0,/mnt/ubna_data_04/recover-20241118/UBNA_027/20241105_021000.WAV,recover-20241118,UBNA_027,Foliage
HF,46080.0,14.39756015133214,152.7235,152.7319,44375.0,61799.0,Pipistrellus pipistrellus,0.556,0.668,-1,Echolocation,192000.0,/mnt/ubna_data_04/recover-20241118/UBNA_027/20241105_021000.WAV,recover-20241118,UBNA_027,Foliage
HF,47040.0,17.438092563094845,153.2885,153.2983,43515.0,63288.0,Pipistrellus pipistrellus,0.387,0.514,-1,Echolocation,192000.0,/mnt/ubna_data_04/recover-20241118/UBNA_027/20241105_021000.WAV,recover-20241118,UBNA_027,Foliage
HF,44160.0,12.76692306584783,153.4485,153.4549,42656.0,60555.0,Pipistrellus pipistrellus,0.419,0.603,-1,Echolocation,192000.0,/mnt/ubna_data_04/recover-20241118/UBNA_027/20241105_021000.WAV,recover-20241118,UBNA_027,Foliage
HF,48000.0,7.397878521960316,155.2635,155.2683,43515.0,58802.0,Pipistrellus pipistrellus,0.311,0.551,-1,Echolocation,192000.0,/mnt/ubna_data_04/recover-20241118/UBNA_027/20241105_021000.WAV,recover-20241118,UBNA_027,Foliage
HF,57600.0,10.582932413925349,184.7565,184.7604,41796.0,74316.0,Myotis mystacinus,0.504,0.57,-1,Echolocation,192000.0,/mnt/ubna_data_04/recover-20241118/UBNA_027/20241105_021000.WAV,recover-20241118,UBNA_027,Foliage
HF,54720.0,22.761993551886817,184.8315,184.8354,40937.0,83225.0,Myotis mystacinus,0.478,0.532,-1,Echolocation,192000.0,/mnt/ubna_data_04/recover-20241118/UBNA_027/20241105_021000.WAV,recover-20241118,UBNA_027,Foliage
HF,51840.0,11.893716109214342,184.9215,184.9246,42656.0,75023.0,Myotis mystacinus,0.504,0.576,-1,Echolocation,192000.0,/mnt/ubna_data_04/recover-20241118/UBNA_027/20241105_021000.WAV,recover-20241118,UBNA_027,Foliage
HF,48000.0,15.39812832686815,185.1935,185.1975,41796.0,70829.0,Myotis mystacinus,0.447,0.611,-1,Echolocation,192000.0,/mnt/ubna_data_04/recover-20241118/UBNA_027/20241105_021000.WAV,recover-20241118,UBNA_027,Foliage
HF,48000.0,17.734870458334512,185.2825,185.2866,41796.0,63617.0,Myotis mystacinus,0.341,0.641,-1,Echolocation,192000.0,/mnt/ubna_data_04/recover-20241118/UBNA_027/20241105_021000.WAV,recover-20241118,UBNA_027,Foliage
HF,45120.0,18.17783667793451,185.5575,185.5617,43515.0,63238.0,Myotis mystacinus,0.277,0.538,-1,Echolocation,192000.0,/mnt/ubna_data_04/recover-20241118/UBNA_027/20241105_021000.WAV,recover-20241118,UBNA_027,Foliage
HF,46080.0,16.056661469059236,185.7345,185.7389,43515.0,72036.0,Myotis mystacinus,0.293,0.532,-1,Echolocation,192000.0,/mnt/ubna_data_04/recover-20241118/UBNA_027/20241105_021000.WAV,recover-20241118,UBNA_027,Foliage
HF,51840.0,6.631359117930078,186.8105,186.8156,48671.0,60835.0,Pipistrellus pipistrellus,0.473,0.524,-1,Echolocation,192000.0,/mnt/ubna_data_04/recover-20241118/UBNA_027/20241105_021000.WAV,recover-20241118,UBNA_027,Foliage
HF,46080.0,9.65258501177934,187.6585,187.6639,45234.0,57473.0,Pipistrellus pipistrellus,0.487,0.566,-1,Echolocation,192000.0,/mnt/ubna_data_04/recover-20241118/UBNA_027/20241105_021000.WAV,recover-20241118,UBNA_027,Foliage
HF,48000.0,7.753116235554495,188.7925,188.797,45234.0,64319.0,Pipistrellus pipistrellus,0.206,0.536,-1,Echolocation,192000.0,/mnt/ubna_data_04/recover-20241118/UBNA_027/20241105_021000.WAV,recover-20241118,UBNA_027,Foliage
HF,53760.0,16.37809121572743,188.8835,188.8877,44375.0,67897.0,Myotis alcathoe,0.22,0.529,-1,Echolocation,192000.0,/mnt/ubna_data_04/recover-20241118/UBNA_027/20241105_021000.WAV,recover-20241118,UBNA_027,Foliage
HF,48000.0,11.371714688702406,189.9255,189.9299,46093.0,63327.0,Pipistrellus pipistrellus,0.228,0.56,-1,Echolocation,192000.0,/mnt/ubna_data_04/recover-20241118/UBNA_027/20241105_021000.WAV,recover-20241118,UBNA_027,Foliage
HF,54720.0,23.436942913424893,214.1165,214.119,46093.0,74333.0,Myotis alcathoe,0.203,0.533,-1,Echolocation,192000.0,/mnt/ubna_data_04/recover-20241118/UBNA_027/20241105_021000.WAV,recover-20241118,UBNA_027,Foliage
HF,55680.0,22.441943056799822,214.19650000000001,214.2,46093.0,77090.0,Myotis mystacinus,0.269,0.6,-1,Echolocation,192000.0,/mnt/ubna_data_04/recover-20241118/UBNA_027/20241105_021000.WAV,recover-20241118,UBNA_027,Foliage
HF,51840.0,19.063893621958933,214.2595,214.2628,46953.0,76388.0,Myotis mystacinus,0.294,0.558,-1,Echolocation,192000.0,/mnt/ubna_data_04/recover-20241118/UBNA_027/20241105_021000.WAV,recover-20241118,UBNA_027,Foliage
HF,55680.0,24.83198711877914,214.4885,214.4921,40078.0,89763.0,Myotis mystacinus,0.319,0.638,-1,Echolocation,192000.0,/mnt/ubna_data_04/recover-20241118/UBNA_027/20241105_021000.WAV,recover-20241118,UBNA_027,Foliage
HF,57600.0,29.072368841574114,214.5845,214.5889,37500.0,91159.0,Myotis mystacinus,0.398,0.657,-1,Echolocation,192000.0,/mnt/ubna_data_04/recover-20241118/UBNA_027/20241105_021000.WAV,recover-20241118,UBNA_027,Foliage
HF,51840.0,28.58137325387723,214.6525,214.6572,38359.0,93905.0,Myotis brandtii,0.315,0.681,-1,Echolocation,192000.0,/mnt/ubna_data_04/recover-20241118/UBNA_027/20241105_021000.WAV,recover-20241118,UBNA_027,Foliage
HF,55680.0,32.49668473299383,214.7275,214.73160000000001,38359.0,91817.0,Myotis mystacinus,0.385,0.583,-1,Echolocation,192000.0,/mnt/ubna_data_04/recover-20241118/UBNA_027/20241105_021000.WAV,recover-20241118,UBNA_027,Foliage
HF,52800.0,33.449682664381974,214.7945,214.799,41796.0,91568.0,Myotis brandtii,0.292,0.65,-1,Echolocation,192000.0,/mnt/ubna_data_04/recover-20241118/UBNA_027/20241105_021000.WAV,recover-20241118,UBNA_027,Foliage
HF,52800.0,32.71616801314524,214.8705,214.8749,44375.0,85242.0,Myotis mystacinus,0.228,0.609,-1,Echolocation,192000.0,/mnt/ubna_data_04/recover-20241118/UBNA_027/20241105_021000.WAV,recover-20241118,UBNA_027,Foliage
HF,52800.0,34.61511404906357,214.9345,214.939,41796.0,89229.0,Myotis mystacinus,0.302,0.635,-1,Echolocation,192000.0,/mnt/ubna_data_04/recover-20241118/UBNA_027/20241105_021000.WAV,recover-20241118,UBNA_027,Foliage
HF,53760.0,27.05075611384947,214.9885,214.9932,44375.0,90601.0,Myotis mystacinus,0.406,0.702,-1,Echolocation,192000.0,/mnt/ubna_data_04/recover-20241118/UBNA_027/20241105_021000.WAV,recover-20241118,UBNA_027,Foliage
HF,55680.0,29.79353297238445,215.0555,215.0598,41796.0,86039.0,Myotis mystacinus,0.419,0.666,-1,Echolocation,192000.0,/mnt/ubna_data_04/recover-20241118/UBNA_027/20241105_021000.WAV,recover-20241118,UBNA_027,Foliage
HF,57600.0,28.190971723168982,215.1105,215.1151,42656.0,87809.0,Myotis mystacinus,0.335,0.711,-1,Echolocation,192000.0,/mnt/ubna_data_04/recover-20241118/UBNA_027/20241105_021000.WAV,recover-20241118,UBNA_027,Foliage
HF,56640.0,35.78486504694891,215.1755,215.1794,40937.0,93793.0,Myotis mystacinus,0.273,0.517,-1,Echolocation,192000.0,/mnt/ubna_data_04/recover-20241118/UBNA_027/20241105_021000.WAV,recover-20241118,UBNA_027,Foliage
HF,52800.0,33.635107089309294,215.2325,215.2366,43515.0,86433.0,Myotis mystacinus,0.336,0.556,-1,Echolocation,192000.0,/mnt/ubna_data_04/recover-20241118/UBNA_027/20241105_021000.WAV,recover-20241118,UBNA_027,Foliage
HF,52800.0,43.289737805680566,215.3635,215.3687,35781.0,100029.0,Myotis brandtii,0.323,0.513,-1,Echolocation,192000.0,/mnt/ubna_data_04/recover-20241118/UBNA_027/20241105_021000.WAV,recover-20241118,UBNA_027,Foliage
HF,53760.0,21.350235364042327,215.4265,215.4307,40937.0,79181.0,Myotis mystacinus,0.452,0.72,-1,Echolocation,192000.0,/mnt/ubna_data_04/recover-20241118/UBNA_027/20241105_021000.WAV,recover-20241118,UBNA_027,Foliage
HF,52800.0,37.00716946992952,215.5085,215.513,34062.0,93058.0,Myotis mystacinus,0.306,0.637,-1,Echolocation,192000.0,/mnt/ubna_data_04/recover-20241118/UBNA_027/20241105_021000.WAV,recover-20241118,UBNA_027,Foliage
HF,51840.0,22.679875681691463,215.6295,215.6332,40078.0,84325.0,Myotis mystacinus,0.42,0.553,-1,Echolocation,192000.0,/mnt/ubna_data_04/recover-20241118/UBNA_027/20241105_021000.WAV,recover-20241118,UBNA_027,Foliage
HF,53760.0,12.828542619184118,215.7545,215.7585,42656.0,77259.0,Myotis mystacinus,0.393,0.623,-1,Echolocation,192000.0,/mnt/ubna_data_04/recover-20241118/UBNA_027/20241105_021000.WAV,recover-20241118,UBNA_027,Foliage
HF,47040.0,11.58672848286066,238.2545,238.2603,44375.0,64292.0,Pipistrellus pipistrellus,0.325,0.58,-1,Echolocation,192000.0,/mnt/ubna_data_04/recover-20241118/UBNA_027/20241105_021000.WAV,recover-20241118,UBNA_027,Foliage
HF,51840.0,14.57245562617529,238.4315,238.4368,46093.0,66888.0,Pipistrellus pipistrellus,0.373,0.559,-1,Echolocation,192000.0,/mnt/ubna_data_04/recover-20241118/UBNA_027/20241105_021000.WAV,recover-20241118,UBNA_027,Foliage
HF,48000.0,7.410658909568189,239.2605,239.2674,47812.0,55006.0,Pipistrellus pipistrellus,0.522,0.54,-1,Echolocation,192000.0,/mnt/ubna_data_04/recover-20241118/UBNA_027/20241105_021000.WAV,recover-20241118,UBNA_027,Foliage
HF,46080.0,13.377878952390663,266.0525,266.0592,46093.0,59084.0,Pipistrellus pipistrellus,0.51,0.58,-1,Echolocation,192000.0,/mnt/ubna_data_04/recover-20241118/UBNA_027/20241105_021000.WAV,recover-20241118,UBNA_027,Foliage
HF,45120.0,8.100905244949965,266.5315,266.5381,41796.0,59232.0,Pipistrellus pipistrellus,0.181,0.502,-1,Echolocation,192000.0,/mnt/ubna_data_04/recover-20241118/UBNA_027/20241105_021000.WAV,recover-20241118,UBNA_027,Foliage
LF,25920.0,10.348515028798545,54.2805,54.2976,24609.0,27614.0,Nyctalus leisleri,0.565,0.616,-1,Echolocation,192000.0,/mnt/ubna_data_04/recover-20241118/UBNA_027/20241105_022000.WAV,recover-20241118,UBNA_027,Foliage
LF,25920.0,5.442646543055679,54.8665,54.8802,25468.0,29610.0,Nyctalus leisleri,0.454,0.534,-1,Echolocation,192000.0,/mnt/ubna_data_04/recover-20241118/UBNA_027/20241105_022000.WAV,recover-20241118,UBNA_027,Foliage
LF,25920.0,6.993609928810624,55.8935,55.9099,24609.0,27979.0,Nyctalus leisleri,0.542,0.595,-1,Echolocation,192000.0,/mnt/ubna_data_04/recover-20241118/UBNA_027/20241105_022000.WAV,recover-20241118,UBNA_027,Foliage
LF,25920.0,7.264096040799602,56.6935,56.7091,25468.0,28431.0,Nyctalus leisleri,0.526,0.613,-1,Echolocation,192000.0,/mnt/ubna_data_04/recover-20241118/UBNA_027/20241105_022000.WAV,recover-20241118,UBNA_027,Foliage
LF,25920.0,5.106679307611533,57.2675,57.283500000000004,24609.0,27771.0,Nyctalus leisleri,0.468,0.551,-1,Echolocation,192000.0,/mnt/ubna_data_04/recover-20241118/UBNA_027/20241105_022000.WAV,recover-20241118,UBNA_027,Foliage
LF,25920.0,13.30697814847667,57.6145,57.631699999999995,24609.0,27991.0,Nyctalus leisleri,0.502,0.577,-1,Echolocation,192000.0,/mnt/ubna_data_04/recover-20241118/UBNA_027/20241105_022000.WAV,recover-20241118,UBNA_027,Foliage
LF,24960.0,8.230758918526483,58.0775,58.0929,24609.0,26954.0,Nyctalus leisleri,0.575,0.602,-1,Echolocation,192000.0,/mnt/ubna_data_04/recover-20241118/UBNA_027/20241105_022000.WAV,recover-20241118,UBNA_027,Foliage
LF,25920.0,10.398709781927183,58.3005,58.3153,25468.0,27478.0,Nyctalus leisleri,0.564,0.61,-1,Echolocation,192000.0,/mnt/ubna_data_04/recover-20241118/UBNA_027/20241105_022000.WAV,recover-20241118,UBNA_027,Foliage
LF,25920.0,15.82107816428033,58.7555,58.7705,24609.0,27525.0,Nyctalus leisleri,0.631,0.653,-1,Echolocation,192000.0,/mnt/ubna_data_04/recover-20241118/UBNA_027/20241105_022000.WAV,recover-20241118,UBNA_027,Foliage
LF,25920.0,9.418044387460107,59.2125,59.2286,24609.0,27753.0,Nyctalus leisleri,0.536,0.581,-1,Echolocation,192000.0,/mnt/ubna_data_04/recover-20241118/UBNA_027/20241105_022000.WAV,recover-20241118,UBNA_027,Foliage
HF,47040.0,6.407362835573008,59.5775,59.5826,43515.0,57650.0,Pipistrellus pipistrellus,0.525,0.613,-1,Echolocation,192000.0,/mnt/ubna_data_04/recover-20241118/UBNA_027/20241105_022000.WAV,recover-20241118,UBNA_027,Foliage
HF,46080.0,3.8052473539764757,59.8835,59.8883,46093.0,57570.0,Pipistrellus pipistrellus,0.491,0.518,-1,Echolocation,192000.0,/mnt/ubna_data_04/recover-20241118/UBNA_027/20241105_022000.WAV,recover-20241118,UBNA_027,Foliage
LF,25920.0,11.235942053925267,60.1315,60.146,24609.0,27586.0,Nyctalus leisleri,0.595,0.65,-1,Echolocation,192000.0,/mnt/ubna_data_04/recover-20241118/UBNA_027/20241105_022000.WAV,recover-20241118,UBNA_027,Foliage
HF,47040.0,3.5721449190014685,70.0945,70.099,45234.0,55856.0,Pipistrellus pipistrellus,0.47,0.509,-1,Echolocation,192000.0,/mnt/ubna_data_04/recover-20241118/UBNA_027/20241105_022000.WAV,recover-20241118,UBNA_027,Foliage
HF,46080.0,5.437930578217934,70.9615,70.9657,46093.0,57372.0,Pipistrellus pipistrellus,0.512,0.541,-1,Echolocation,192000.0,/mnt/ubna_data_04/recover-20241118/UBNA_027/20241105_022000.WAV,recover-20241118,UBNA_027,Foliage
HF,48000.0,3.9630318944005416,272.1505,272.1551,46953.0,56810.0,Pipistrellus pipistrellus,0.537,0.563,-1,Echolocation,192000.0,/mnt/ubna_data_04/recover-20241118/UBNA_027/20241105_024000.WAV,recover-20241118,UBNA_027,Foliage
HF,48000.0,4.488784549777726,272.2555,272.261,46953.0,58774.0,Pipistrellus pipistrellus,0.501,0.535,-1,Echolocation,192000.0,/mnt/ubna_data_04/recover-20241118/UBNA_027/20241105_024000.WAV,recover-20241118,UBNA_027,Foliage
HF,48000.0,4.69766195208245,272.3555,272.3601,47812.0,60072.0,Pipistrellus pipistrellus,0.516,0.552,-1,Echolocation,192000.0,/mnt/ubna_data_04/recover-20241118/UBNA_027/20241105_024000.WAV,recover-20241118,UBNA_027,Foliage
HF,48960.0,9.73065975715068,272.8365,272.8412,47812.0,63729.0,Pipistrellus pipistrellus,0.627,0.662,-1,Echolocation,192000.0,/mnt/ubna_data_04/recover-20241118/UBNA_027/20241105_024000.WAV,recover-20241118,UBNA_027,Foliage
HF,49920.0,4.460858757918334,272.9095,272.9137,49531.0,61338.0,Pipistrellus pipistrellus,0.487,0.512,-1,Echolocation,192000.0,/mnt/ubna_data_04/recover-20241118/UBNA_027/20241105_024000.WAV,recover-20241118,UBNA_027,Foliage
HF,50880.0,5.469281397137148,272.9865,272.9906,49531.0,64959.0,Pipistrellus pipistrellus,0.509,0.553,-1,Echolocation,192000.0,/mnt/ubna_data_04/recover-20241118/UBNA_027/20241105_024000.WAV,recover-20241118,UBNA_027,Foliage
HF,51840.0,8.191699372465058,273.1585,273.1633,47812.0,64571.0,Pipistrellus pipistrellus,0.483,0.551,-1,Echolocation,192000.0,/mnt/ubna_data_04/recover-20241118/UBNA_027/20241105_024000.WAV,recover-20241118,UBNA_027,Foliage
HF,51840.0,6.523569909039387,273.3345,273.3397,50390.0,63792.0,Pipistrellus pipistrellus,0.509,0.534,-1,Echolocation,192000.0,/mnt/ubna_data_04/recover-20241118/UBNA_027/20241105_024000.WAV,recover-20241118,UBNA_027,Foliage
HF,51840.0,5.8890755512406585,273.5115,273.5164,50390.0,61102.0,Pipistrellus pipistrellus,0.513,0.527,-1,Echolocation,192000.0,/mnt/ubna_data_04/recover-20241118/UBNA_027/20241105_024000.WAV,recover-20241118,UBNA_027,Foliage
HF,52800.0,10.17314707708252,276.0105,276.015,48671.0,59860.0,Pipistrellus pipistrellus,0.444,0.502,-1,Echolocation,192000.0,/mnt/ubna_data_04/recover-20241118/UBNA_027/20241105_024000.WAV,recover-20241118,UBNA_027,Foliage
HF,51840.0,8.550324478728186,276.4105,276.4144,48671.0,61219.0,Pipistrellus pipistrellus,0.473,0.547,-1,Echolocation,192000.0,/mnt/ubna_data_04/recover-20241118/UBNA_027/20241105_024000.WAV,recover-20241118,UBNA_027,Foliage
HF,48000.0,8.452550057616916,28.0815,28.0869,46953.0,60763.0,Pipistrellus pipistrellus,0.59,0.612,-1,Echolocation,192000.0,/mnt/ubna_data_04/recover-20241118/UBNA_027/20241105_040000.WAV,recover-20241118,UBNA_027,Foliage
HF,48000.0,9.21239867298159,28.2375,28.2421,45234.0,59458.0,Pipistrellus pipistrellus,0.56,0.591,-1,Echolocation,192000.0,/mnt/ubna_data_04/recover-20241118/UBNA_027/20241105_040000.WAV,recover-20241118,UBNA_027,Foliage
HF,47040.0,10.632833140420885,28.3215,28.3271,45234.0,64194.0,Pipistrellus pipistrellus,0.616,0.648,-1,Echolocation,192000.0,/mnt/ubna_data_04/recover-20241118/UBNA_027/20241105_040000.WAV,recover-20241118,UBNA_027,Foliage
HF,48000.0,9.72586610335993,28.4165,28.422,46093.0,57091.0,Pipistrellus pipistrellus,0.54,0.562,-1,Echolocation,192000.0,/mnt/ubna_data_04/recover-20241118/UBNA_027/20241105_040000.WAV,recover-20241118,UBNA_027,Foliage
HF,48000.0,12.255578078129943,28.5065,28.5121,44375.0,66303.0,Pipistrellus pipistrellus,0.624,0.689,-1,Echolocation,192000.0,/mnt/ubna_data_04/recover-20241118/UBNA_027/20241105_040000.WAV,recover-20241118,UBNA_027,Foliage
HF,56640.0,15.170242856172791,28.6005,28.607,46953.0,71260.0,Pipistrellus pipistrellus,0.609,0.683,-1,Echolocation,192000.0,/mnt/ubna_data_04/recover-20241118/UBNA_027/20241105_040000.WAV,recover-20241118,UBNA_027,Foliage
HF,48000.0,14.229194239105965,28.6945,28.7001,45234.0,66150.0,Pipistrellus pipistrellus,0.631,0.708,-1,Echolocation,192000.0,/mnt/ubna_data_04/recover-20241118/UBNA_027/20241105_040000.WAV,recover-20241118,UBNA_027,Foliage
HF,46080.0,15.387954953071066,28.8815,28.8895,45234.0,64344.0,Pipistrellus pipistrellus,0.635,0.686,-1,Echolocation,192000.0,/mnt/ubna_data_04/recover-20241118/UBNA_027/20241105_040000.WAV,recover-20241118,UBNA_027,Foliage
HF,46080.0,10.487145875887123,28.9835,28.99,45234.0,53401.0,Pipistrellus pipistrellus,0.693,0.72,-1,Echolocation,192000.0,/mnt/ubna_data_04/recover-20241118/UBNA_027/20241105_040000.WAV,recover-20241118,UBNA_027,Foliage
HF,46080.0,15.778892013189239,29.0795,29.0908,44375.0,64026.0,Pipistrellus pipistrellus,0.55,0.647,-1,Echolocation,192000.0,/mnt/ubna_data_04/recover-20241118/UBNA_027/20241105_040000.WAV,recover-20241118,UBNA_027,Foliage
HF,45120.0,15.210776328331201,29.2845,29.2937,44375.0,63321.0,Pipistrellus pipistrellus,0.58,0.64,-1,Echolocation,192000.0,/mnt/ubna_data_04/recover-20241118/UBNA_027/20241105_040000.WAV,recover-20241118,UBNA_027,Foliage
HF,45120.0,8.972806866314189,29.3895,29.4073,44375.0,48812.0,Pipistrellus pipistrellus,0.447,0.52,-1,Echolocation,192000.0,/mnt/ubna_data_04/recover-20241118/UBNA_027/20241105_040000.WAV,recover-20241118,UBNA_027,Foliage
HF,45120.0,15.061157175431868,29.4945,29.5025,44375.0,61336.0,Pipistrellus pipistrellus,0.608,0.658,-1,Echolocation,192000.0,/mnt/ubna_data_04/recover-20241118/UBNA_027/20241105_040000.WAV,recover-20241118,UBNA_027,Foliage
HF,45120.0,14.703232246200631,29.6945,29.7066,45234.0,60282.0,Pipistrellus pipistrellus,0.458,0.542,-1,Echolocation,192000.0,/mnt/ubna_data_04/recover-20241118/UBNA_027/20241105_040000.WAV,recover-20241118,UBNA_027,Foliage
HF,46080.0,13.13128385904877,29.8095,29.8208,45234.0,57822.0,Pipistrellus pipistrellus,0.487,0.565,-1,Echolocation,192000.0,/mnt/ubna_data_04/recover-20241118/UBNA_027/20241105_040000.WAV,recover-20241118,UBNA_027,Foliage
HF,47040.0,16.571776309757972,29.9035,29.911,44375.0,64136.0,Pipistrellus pipistrellus,0.448,0.572,-1,Echolocation,192000.0,/mnt/ubna_data_04/recover-20241118/UBNA_027/20241105_040000.WAV,recover-20241118,UBNA_027,Foliage
HF,46080.0,7.980313809250338,30.2605,30.266,44375.0,60644.0,Pipistrellus pipistrellus,0.252,0.57,-1,Echolocation,192000.0,/mnt/ubna_data_04/recover-20241118/UBNA_027/20241105_040000.WAV,recover-20241118,UBNA_027,Foliage
HF,53760.0,4.651503789705272,281.3625,281.3674,47812.0,64679.0,Pipistrellus pipistrellus,0.628,0.651,-1,Echolocation,192000.0,/mnt/ubna_data_04/recover-20241118/UBNA_027/20241106_012000.WAV,recover-20241118,UBNA_027,Foliage
HF,51840.0,5.413470876968676,283.3005,283.3058,47812.0,58554.0,Pipistrellus pipistrellus,0.545,0.575,-1,Echolocation,192000.0,/mnt/ubna_data_04/recover-20241118/UBNA_027/20241106_012000.WAV,recover-20241118,UBNA_027,Foliage
HF,51840.0,8.45895975793465,283.3895,283.3942,46953.0,64486.0,Pipistrellus pipistrellus,0.449,0.531,-1,Echolocation,192000.0,/mnt/ubna_data_04/recover-20241118/UBNA_027/20241106_012000.WAV,recover-20241118,UBNA_027,Foliage
HF,52800.0,7.582475447277316,283.6565,283.6631,46093.0,64899.0,Pipistrellus pipistrellus,0.4,0.511,-1,Echolocation,192000.0,/mnt/ubna_data_04/recover-20241118/UBNA_027/20241106_012000.WAV,recover-20241118,UBNA_027,Foliage
HF,46080.0,3.892186432996078,246.8485,246.8547,44375.0,52949.0,Pipistrellus pipistrellus,0.526,0.617,-1,Echolocation,192000.0,/mnt/ubna_data_04/recover-20241118/UBNA_027/20241107_014000.WAV,recover-20241118,UBNA_027,Foliage
HF,44160.0,4.382450080684972,247.7255,247.7342,42656.0,47825.0,Pipistrellus pipistrellus,0.216,0.505,-1,Echolocation,192000.0,/mnt/ubna_data_04/recover-20241118/UBNA_027/20241107_014000.WAV,recover-20241118,UBNA_027,Foliage
HF,45120.0,2.962432430076932,248.3845,248.3949,45234.0,53168.0,Pipistrellus pipistrellus,0.46,0.506,-1,Echolocation,192000.0,/mnt/ubna_data_04/recover-20241118/UBNA_027/20241107_014000.WAV,recover-20241118,UBNA_027,Foliage
HF,47040.0,6.394021891573991,248.6915,248.6997,44375.0,54034.0,Pipistrellus pipistrellus,0.535,0.582,-1,Echolocation,192000.0,/mnt/ubna_data_04/recover-20241118/UBNA_027/20241107_014000.WAV,recover-20241118,UBNA_027,Foliage
HF,45120.0,6.604753721128436,248.8525,248.8607,44375.0,53478.0,Pipistrellus pipistrellus,0.533,0.621,-1,Echolocation,192000.0,/mnt/ubna_data_04/recover-20241118/UBNA_027/20241107_014000.WAV,recover-20241118,UBNA_027,Foliage
HF,45120.0,5.67766905694495,249.1525,249.1619,43515.0,56455.0,Pipistrellus pipistrellus,0.483,0.553,-1,Echolocation,192000.0,/mnt/ubna_data_04/recover-20241118/UBNA_027/20241107_014000.WAV,recover-20241118,UBNA_027,Foliage
HF,45120.0,5.56333928194894,249.3025,249.3102,44375.0,52077.0,Pipistrellus pipistrellus,0.54,0.595,-1,Echolocation,192000.0,/mnt/ubna_data_04/recover-20241118/UBNA_027/20241107_014000.WAV,recover-20241118,UBNA_027,Foliage
HF,46080.0,5.616900639169571,249.4385,249.4446,44375.0,51687.0,Pipistrellus pipistrellus,0.474,0.508,-1,Echolocation,192000.0,/mnt/ubna_data_04/recover-20241118/UBNA_027/20241107_014000.WAV,recover-20241118,UBNA_027,Foliage
HF,44160.0,5.545059758397245,249.5845,249.5931,42656.0,50212.0,Pipistrellus pipistrellus,0.565,0.613,-1,Echolocation,192000.0,/mnt/ubna_data_04/recover-20241118/UBNA_027/20241107_014000.WAV,recover-20241118,UBNA_027,Foliage
HF,45120.0,9.983223214298215,250.1645,250.1714,45234.0,54549.0,Pipistrellus pipistrellus,0.577,0.652,-1,Echolocation,192000.0,/mnt/ubna_data_04/recover-20241118/UBNA_027/20241107_014000.WAV,recover-20241118,UBNA_027,Foliage
HF,46080.0,8.871378394475979,250.6145,250.62,42656.0,53572.0,Pipistrellus pipistrellus,0.411,0.502,-1,Echolocation,192000.0,/mnt/ubna_data_04/recover-20241118/UBNA_027/20241107_014000.WAV,recover-20241118,UBNA_027,Foliage
HF,47040.0,9.549945535807225,250.7695,250.7756,43515.0,54086.0,Pipistrellus pipistrellus,0.517,0.57,-1,Echolocation,192000.0,/mnt/ubna_data_04/recover-20241118/UBNA_027/20241107_014000.WAV,recover-20241118,UBNA_027,Foliage
HF,45120.0,7.461498130943884,250.9275,250.9341,43515.0,54411.0,Pipistrellus pipistrellus,0.499,0.622,-1,Echolocation,192000.0,/mnt/ubna_data_04/recover-20241118/UBNA_027/20241107_014000.WAV,recover-20241118,UBNA_027,Foliage
HF,45120.0,10.635599449502172,251.0795,251.0857,44375.0,52653.0,Pipistrellus pipistrellus,0.584,0.611,-1,Echolocation,192000.0,/mnt/ubna_data_04/recover-20241118/UBNA_027/20241107_014000.WAV,recover-20241118,UBNA_027,Foliage
HF,45120.0,10.581096687904775,251.3975,251.4034,43515.0,52557.0,Pipistrellus pipistrellus,0.552,0.595,-1,Echolocation,192000.0,/mnt/ubna_data_04/recover-20241118/UBNA_027/20241107_014000.WAV,recover-20241118,UBNA_027,Foliage
HF,47040.0,5.4268778395195225,251.5455,251.5524,45234.0,55735.0,Pipistrellus pipistrellus,0.503,0.572,-1,Echolocation,192000.0,/mnt/ubna_data_04/recover-20241118/UBNA_027/20241107_014000.WAV,recover-20241118,UBNA_027,Foliage
HF,45120.0,10.309767139039767,251.6895,251.6964,44375.0,54335.0,Pipistrellus pipistrellus,0.618,0.671,-1,Echolocation,192000.0,/mnt/ubna_data_04/recover-20241118/UBNA_027/20241107_014000.WAV,recover-20241118,UBNA_027,Foliage
HF,45120.0,6.3726836014105555,251.8235,251.8296,44375.0,54374.0,Pipistrellus pipistrellus,0.546,0.612,-1,Echolocation,192000.0,/mnt/ubna_data_04/recover-20241118/UBNA_027/20241107_014000.WAV,recover-20241118,UBNA_027,Foliage
HF,48000.0,9.133209270598782,252.0435,252.0502,45234.0,55307.0,Pipistrellus pipistrellus,0.506,0.594,-1,Echolocation,192000.0,/mnt/ubna_data_04/recover-20241118/UBNA_027/20241107_014000.WAV,recover-20241118,UBNA_027,Foliage
HF,45120.0,8.144427522717553,252.2225,252.2281,43515.0,54008.0,Pipistrellus pipistrellus,0.523,0.601,-1,Echolocation,192000.0,/mnt/ubna_data_04/recover-20241118/UBNA_027/20241107_014000.WAV,recover-20241118,UBNA_027,Foliage
HF,46080.0,8.616934144962318,252.3695,252.3772,45234.0,56095.0,Pipistrellus pipistrellus,0.472,0.611,-1,Echolocation,192000.0,/mnt/ubna_data_04/recover-20241118/UBNA_027/20241107_014000.WAV,recover-20241118,UBNA_027,Foliage
HF,45120.0,4.4458891336905575,252.5205,252.5286,44375.0,54832.0,Pipistrellus pipistrellus,0.488,0.541,-1,Echolocation,192000.0,/mnt/ubna_data_04/recover-20241118/UBNA_027/20241107_014000.WAV,recover-20241118,UBNA_027,Foliage
HF,46080.0,8.855117000359405,253.3185,253.3245,42656.0,54648.0,Pipistrellus pipistrellus,0.484,0.588,-1,Echolocation,192000.0,/mnt/ubna_data_04/recover-20241118/UBNA_027/20241107_014000.WAV,recover-20241118,UBNA_027,Foliage
HF,46080.0,12.00420292798813,253.4575,253.4642,44375.0,54006.0,Pipistrellus pipistrellus,0.518,0.583,-1,Echolocation,192000.0,/mnt/ubna_data_04/recover-20241118/UBNA_027/20241107_014000.WAV,recover-20241118,UBNA_027,Foliage
HF,44160.0,11.465574133535172,253.5845,253.5903,43515.0,53406.0,Pipistrellus pipistrellus,0.605,0.669,-1,Echolocation,192000.0,/mnt/ubna_data_04/recover-20241118/UBNA_027/20241107_014000.WAV,recover-20241118,UBNA_027,Foliage
HF,45120.0,14.567967932688477,253.7165,253.7236,44375.0,54253.0,Pipistrellus pipistrellus,0.54,0.616,-1,Echolocation,192000.0,/mnt/ubna_data_04/recover-20241118/UBNA_027/20241107_014000.WAV,recover-20241118,UBNA_027,Foliage
HF,45120.0,15.104712895496464,253.8315,253.8382,44375.0,56170.0,Pipistrellus pipistrellus,0.515,0.687,-1,Echolocation,192000.0,/mnt/ubna_data_04/recover-20241118/UBNA_027/20241107_014000.WAV,recover-20241118,UBNA_027,Foliage
HF,46080.0,21.691064405781475,253.9625,253.9696,44375.0,55299.0,Pipistrellus pipistrellus,0.526,0.613,-1,Echolocation,192000.0,/mnt/ubna_data_04/recover-20241118/UBNA_027/20241107_014000.WAV,recover-20241118,UBNA_027,Foliage
HF,46080.0,17.81956510163674,254.1045,254.1105,43515.0,54113.0,Pipistrellus pipistrellus,0.502,0.584,-1,Echolocation,192000.0,/mnt/ubna_data_04/recover-20241118/UBNA_027/20241107_014000.WAV,recover-20241118,UBNA_027,Foliage
HF,45120.0,18.288387963449473,254.2825,254.2884,43515.0,60196.0,Pipistrellus pipistrellus,0.579,0.651,-1,Echolocation,192000.0,/mnt/ubna_data_04/recover-20241118/UBNA_027/20241107_014000.WAV,recover-20241118,UBNA_027,Foliage
HF,46080.0,9.546619985526917,254.4125,254.4178,45234.0,55789.0,Pipistrellus pipistrellus,0.552,0.598,-1,Echolocation,192000.0,/mnt/ubna_data_04/recover-20241118/UBNA_027/20241107_014000.WAV,recover-20241118,UBNA_027,Foliage
HF,46080.0,14.01758109918394,254.5485,254.5557,42656.0,57672.0,Pipistrellus pipistrellus,0.354,0.529,-1,Echolocation,192000.0,/mnt/ubna_data_04/recover-20241118/UBNA_027/20241107_014000.WAV,recover-20241118,UBNA_027,Foliage
HF,46080.0,5.491879327613241,254.6915,254.6975,43515.0,57850.0,Pipistrellus pipistrellus,0.472,0.54,-1,Echolocation,192000.0,/mnt/ubna_data_04/recover-20241118/UBNA_027/20241107_014000.WAV,recover-20241118,UBNA_027,Foliage
HF,46080.0,11.813613697770736,254.8425,254.8483,44375.0,54842.0,Pipistrellus pipistrellus,0.492,0.56,-1,Echolocation,192000.0,/mnt/ubna_data_04/recover-20241118/UBNA_027/20241107_014000.WAV,recover-20241118,UBNA_027,Foliage
HF,45120.0,9.02660813449873,254.9795,254.9857,44375.0,54259.0,Pipistrellus pipistrellus,0.481,0.545,-1,Echolocation,192000.0,/mnt/ubna_data_04/recover-20241118/UBNA_027/20241107_014000.WAV,recover-20241118,UBNA_027,Foliage
HF,46080.0,11.287076429403237,255.1335,255.139,44375.0,51856.0,Pipistrellus pipistrellus,0.539,0.559,-1,Echolocation,192000.0,/mnt/ubna_data_04/recover-20241118/UBNA_027/20241107_014000.WAV,recover-20241118,UBNA_027,Foliage
HF,47040.0,7.258083360896766,255.4565,255.4626,45234.0,56466.0,Pipistrellus pipistrellus,0.539,0.662,-1,Echolocation,192000.0,/mnt/ubna_data_04/recover-20241118/UBNA_027/20241107_014000.WAV,recover-20241118,UBNA_027,Foliage
HF,46080.0,9.465373678842612,256.0625,256.0682,44375.0,55204.0,Pipistrellus pipistrellus,0.562,0.638,-1,Echolocation,192000.0,/mnt/ubna_data_04/recover-20241118/UBNA_027/20241107_014000.WAV,recover-20241118,UBNA_027,Foliage
HF,48960.0,2.6622636175294527,256.8205,256.826,45234.0,53473.0,Pipistrellus pipistrellus,0.502,0.514,-1,Echolocation,192000.0,/mnt/ubna_data_04/recover-20241118/UBNA_027/20241107_014000.WAV,recover-20241118,UBNA_027,Foliage
HF,44160.0,5.8942203293841855,257.1745,257.1808,43515.0,52876.0,Pipistrellus pipistrellus,0.439,0.604,-1,Echolocation,192000.0,/mnt/ubna_data_04/recover-20241118/UBNA_027/20241107_014000.WAV,recover-20241118,UBNA_027,Foliage
HF,45120.0,3.6602331528904215,258.8315,258.8384,43515.0,51556.0,Pipistrellus pipistrellus,0.541,0.584,-1,Echolocation,192000.0,/mnt/ubna_data_04/recover-20241118/UBNA_027/20241107_014000.WAV,recover-20241118,UBNA_027,Foliage
HF,45120.0,7.836472016672779,258.9725,258.9779,44375.0,55408.0,Pipistrellus pipistrellus,0.574,0.638,-1,Echolocation,192000.0,/mnt/ubna_data_04/recover-20241118/UBNA_027/20241107_014000.WAV,recover-20241118,UBNA_027,Foliage
HF,45120.0,3.7955766235623862,259.6535,259.6596,44375.0,52849.0,Pipistrellus pipistrellus,0.612,0.643,-1,Echolocation,192000.0,/mnt/ubna_data_04/recover-20241118/UBNA_027/20241107_014000.WAV,recover-20241118,UBNA_027,Foliage
HF,45120.0,5.936020106580811,259.7935,259.7991,44375.0,50927.0,Pipistrellus pipistrellus,0.517,0.545,-1,Echolocation,192000.0,/mnt/ubna_data_04/recover-20241118/UBNA_027/20241107_014000.WAV,recover-20241118,UBNA_027,Foliage
HF,45120.0,9.39141671818451,259.9635,259.9692,43515.0,53874.0,Pipistrellus pipistrellus,0.585,0.648,-1,Echolocation,192000.0,/mnt/ubna_data_04/recover-20241118/UBNA_027/20241107_014000.WAV,recover-20241118,UBNA_027,Foliage
HF,46080.0,9.765347580897876,260.3605,260.3658,42656.0,53503.0,Pipistrellus pipistrellus,0.456,0.5,-1,Echolocation,192000.0,/mnt/ubna_data_04/recover-20241118/UBNA_027/20241107_014000.WAV,recover-20241118,UBNA_027,Foliage
HF,46080.0,15.79628108694324,260.5065,260.51279999999997,43515.0,55633.0,Pipistrellus pipistrellus,0.564,0.626,-1,Echolocation,192000.0,/mnt/ubna_data_04/recover-20241118/UBNA_027/20241107_014000.WAV,recover-20241118,UBNA_027,Foliage
HF,45120.0,19.85384683419516,260.6325,260.6409,43515.0,57385.0,Pipistrellus pipistrellus,0.488,0.646,-1,Echolocation,192000.0,/mnt/ubna_data_04/recover-20241118/UBNA_027/20241107_014000.WAV,recover-20241118,UBNA_027,Foliage
HF,45120.0,23.25733354393182,260.7875,260.7942,43515.0,57278.0,Pipistrellus pipistrellus,0.598,0.667,-1,Echolocation,192000.0,/mnt/ubna_data_04/recover-20241118/UBNA_027/20241107_014000.WAV,recover-20241118,UBNA_027,Foliage
HF,44160.0,21.747776809049878,260.9715,260.9769,42656.0,58888.0,Pipistrellus pipistrellus,0.606,0.667,-1,Echolocation,192000.0,/mnt/ubna_data_04/recover-20241118/UBNA_027/20241107_014000.WAV,recover-20241118,UBNA_027,Foliage
HF,45120.0,22.100426880547968,261.1295,261.1364,42656.0,57001.0,Pipistrellus pipistrellus,0.535,0.6,-1,Echolocation,192000.0,/mnt/ubna_data_04/recover-20241118/UBNA_027/20241107_014000.WAV,recover-20241118,UBNA_027,Foliage
HF,45120.0,17.735466691748265,261.3235,261.3296,43515.0,58012.0,Pipistrellus pipistrellus,0.542,0.596,-1,Echolocation,192000.0,/mnt/ubna_data_04/recover-20241118/UBNA_027/20241107_014000.WAV,recover-20241118,UBNA_027,Foliage
HF,46080.0,8.25144891400773,261.5475,261.5539,45234.0,53708.0,Pipistrellus pipistrellus,0.603,0.643,-1,Echolocation,192000.0,/mnt/ubna_data_04/recover-20241118/UBNA_027/20241107_014000.WAV,recover-20241118,UBNA_027,Foliage
HF,45120.0,6.488970761299832,261.6955,261.7035,42656.0,57635.0,Pipistrellus pipistrellus,0.37,0.538,-1,Echolocation,192000.0,/mnt/ubna_data_04/recover-20241118/UBNA_027/20241107_014000.WAV,recover-20241118,UBNA_027,Foliage
HF,44160.0,11.427069779609912,261.8505,261.8571,44375.0,55823.0,Pipistrellus pipistrellus,0.571,0.639,-1,Echolocation,192000.0,/mnt/ubna_data_04/recover-20241118/UBNA_027/20241107_014000.WAV,recover-20241118,UBNA_027,Foliage
HF,47040.0,11.803737049207225,261.9765,261.9841,45234.0,58813.0,Pipistrellus pipistrellus,0.484,0.683,-1,Echolocation,192000.0,/mnt/ubna_data_04/recover-20241118/UBNA_027/20241107_014000.WAV,recover-20241118,UBNA_027,Foliage
HF,46080.0,6.54719907515248,262.2095,262.2155,45234.0,53512.0,Pipistrellus pipistrellus,0.609,0.639,-1,Echolocation,192000.0,/mnt/ubna_data_04/recover-20241118/UBNA_027/20241107_014000.WAV,recover-20241118,UBNA_027,Foliage
HF,45120.0,7.533233503643519,262.4775,262.4864,44375.0,51730.0,Pipistrellus pipistrellus,0.42,0.511,-1,Echolocation,192000.0,/mnt/ubna_data_04/recover-20241118/UBNA_027/20241107_014000.WAV,recover-20241118,UBNA_027,Foliage
HF,47040.0,7.251593710443158,265.0565,265.0624,45234.0,52403.0,Pipistrellus pipistrellus,0.487,0.551,-1,Echolocation,192000.0,/mnt/ubna_data_04/recover-20241118/UBNA_027/20241107_014000.WAV,recover-20241118,UBNA_027,Foliage
HF,46080.0,7.272187296647585,265.2255,265.2312,46093.0,53139.0,Pipistrellus pipistrellus,0.553,0.582,-1,Echolocation,192000.0,/mnt/ubna_data_04/recover-20241118/UBNA_027/20241107_014000.WAV,recover-20241118,UBNA_027,Foliage
HF,45120.0,8.754776212951775,265.3835,265.3894,44375.0,52344.0,Pipistrellus pipistrellus,0.579,0.609,-1,Echolocation,192000.0,/mnt/ubna_data_04/recover-20241118/UBNA_027/20241107_014000.WAV,recover-20241118,UBNA_027,Foliage
HF,46080.0,13.808189723278229,265.5295,265.5352,44375.0,55623.0,Pipistrellus pipistrellus,0.595,0.636,-1,Echolocation,192000.0,/mnt/ubna_data_04/recover-20241118/UBNA_027/20241107_014000.WAV,recover-20241118,UBNA_027,Foliage
HF,45120.0,11.557766099082713,265.6785,265.6841,44375.0,58081.0,Pipistrellus pipistrellus,0.568,0.667,-1,Echolocation,192000.0,/mnt/ubna_data_04/recover-20241118/UBNA_027/20241107_014000.WAV,recover-20241118,UBNA_027,Foliage
HF,45120.0,10.323201947602252,265.9005,265.9062,44375.0,51808.0,Pipistrellus pipistrellus,0.59,0.603,-1,Echolocation,192000.0,/mnt/ubna_data_04/recover-20241118/UBNA_027/20241107_014000.WAV,recover-20241118,UBNA_027,Foliage
HF,45120.0,5.515562870588897,266.0655,266.0715,44375.0,50366.0,Pipistrellus pipistrellus,0.48,0.526,-1,Echolocation,192000.0,/mnt/ubna_data_04/recover-20241118/UBNA_027/20241107_014000.WAV,recover-20241118,UBNA_027,Foliage
LF,26880.0,2.7600303012512772,242.3885,242.4005,25468.0,30356.0,Nyctalus leisleri,0.522,0.675,-1,Echolocation,192000.0,/mnt/ubna_data_04/recover-20241118/UBNA_027/20241107_015000.WAV,recover-20241118,UBNA_027,Foliage
LF,25920.0,2.9324886308804237,242.6375,242.6495,25468.0,30111.0,Nyctalus leisleri,0.54,0.658,-1,Echolocation,192000.0,/mnt/ubna_data_04/recover-20241118/UBNA_027/20241107_015000.WAV,recover-20241118,UBNA_027,Foliage
LF,25920.0,5.503509860367744,242.9615,242.9727,25468.0,30008.0,Nyctalus leisleri,0.53,0.652,-1,Echolocation,192000.0,/mnt/ubna_data_04/recover-20241118/UBNA_027/20241107_015000.WAV,recover-20241118,UBNA_027,Foliage
LF,25920.0,2.096443867545041,243.2155,243.2262,25468.0,30665.0,Nyctalus leisleri,0.382,0.506,-1,Echolocation,192000.0,/mnt/ubna_data_04/recover-20241118/UBNA_027/20241107_015000.WAV,recover-20241118,UBNA_027,Foliage
LF,25920.0,4.803163438574455,243.5405,243.5527,25468.0,31040.0,Nyctalus leisleri,0.496,0.683,-1,Echolocation,192000.0,/mnt/ubna_data_04/recover-20241118/UBNA_027/20241107_015000.WAV,recover-20241118,UBNA_027,Foliage
LF,25920.0,2.090144574360657,244.2315,244.2439,25468.0,29527.0,Nyctalus leisleri,0.409,0.564,-1,Echolocation,192000.0,/mnt/ubna_data_04/recover-20241118/UBNA_027/20241107_015000.WAV,recover-20241118,UBNA_027,Foliage
HF,48000.0,3.140068463777819,274.4445,274.4498,46953.0,64109.0,Pipistrellus pipistrellus,0.436,0.528,-1,Echolocation,192000.0,/mnt/ubna_data_04/recover-20241118/UBNA_027/20241107_021000.WAV,recover-20241118,UBNA_027,Foliage
HF,47040.0,13.029984845169217,274.6425,274.6481,46093.0,67694.0,Pipistrellus pipistrellus,0.501,0.627,-1,Echolocation,192000.0,/mnt/ubna_data_04/recover-20241118/UBNA_027/20241107_021000.WAV,recover-20241118,UBNA_027,Foliage
HF,51840.0,6.0898232130279695,274.7245,274.7291,47812.0,66733.0,Pipistrellus pipistrellus,0.43,0.552,-1,Echolocation,192000.0,/mnt/ubna_data_04/recover-20241118/UBNA_027/20241107_021000.WAV,recover-20241118,UBNA_027,Foliage
HF,51840.0,15.426750518163834,275.3485,275.3541,45234.0,67258.0,Pipistrellus pipistrellus,0.404,0.56,-1,Echolocation,192000.0,/mnt/ubna_data_04/recover-20241118/UBNA_027/20241107_021000.WAV,recover-20241118,UBNA_027,Foliage
HF,48000.0,10.772914849305163,275.4305,275.4359,46093.0,65111.0,Pipistrellus pipistrellus,0.445,0.558,-1,Echolocation,192000.0,/mnt/ubna_data_04/recover-20241118/UBNA_027/20241107_021000.WAV,recover-20241118,UBNA_027,Foliage
HF,51840.0,14.09652019129227,275.5145,275.5203,45234.0,74469.0,Pipistrellus pipistrellus,0.322,0.564,-1,Echolocation,192000.0,/mnt/ubna_data_04/recover-20241118/UBNA_027/20241107_021000.WAV,recover-20241118,UBNA_027,Foliage
HF,51840.0,9.09813561759555,275.6855,275.693,44375.0,63040.0,Pipistrellus pipistrellus,0.293,0.524,-1,Echolocation,192000.0,/mnt/ubna_data_04/recover-20241118/UBNA_027/20241107_021000.WAV,recover-20241118,UBNA_027,Foliage
HF,49920.0,6.784691331945,277.0275,277.0325,46953.0,64117.0,Pipistrellus pipistrellus,0.393,0.531,-1,Echolocation,192000.0,/mnt/ubna_data_04/recover-20241118/UBNA_027/20241107_021000.WAV,recover-20241118,UBNA_027,Foliage
HF,52800.0,8.082842590763407,279.4075,279.4138,45234.0,64515.0,Pipistrellus pipistrellus,0.372,0.592,-1,Echolocation,192000.0,/mnt/ubna_data_04/recover-20241118/UBNA_027/20241107_021000.WAV,recover-20241118,UBNA_027,Foliage
HF,45120.0,5.757773104064575,279.6905,279.6966,43515.0,56035.0,Pipistrellus pipistrellus,0.494,0.557,-1,Echolocation,192000.0,/mnt/ubna_data_04/recover-20241118/UBNA_027/20241107_021000.WAV,recover-20241118,UBNA_027,Foliage
HF,46080.0,11.222968000547509,279.7835,279.7913,43515.0,63550.0,Pipistrellus pipistrellus,0.276,0.569,-1,Echolocation,192000.0,/mnt/ubna_data_04/recover-20241118/UBNA_027/20241107_021000.WAV,recover-20241118,UBNA_027,Foliage
HF,46080.0,10.518561941921012,280.0785,280.085,42656.0,59555.0,Pipistrellus pipistrellus,0.265,0.614,-1,Echolocation,192000.0,/mnt/ubna_data_04/recover-20241118/UBNA_027/20241107_021000.WAV,recover-20241118,UBNA_027,Foliage
HF,46080.0,5.10909630877316,280.3675,280.3741,45234.0,52858.0,Pipistrellus pipistrellus,0.458,0.507,-1,Echolocation,192000.0,/mnt/ubna_data_04/recover-20241118/UBNA_027/20241107_021000.WAV,recover-20241118,UBNA_027,Foliage
HF,46080.0,4.883963635769643,252.2045,252.2115,44375.0,52614.0,Pipistrellus pipistrellus,0.493,0.554,-1,Echolocation,192000.0,/mnt/ubna_data_04/recover-20241118/UBNA_027/20241107_035000.WAV,recover-20241118,UBNA_027,Foliage
HF,47040.0,8.091457121208942,252.4085,252.4139,45234.0,54397.0,Pipistrellus pipistrellus,0.48,0.568,-1,Echolocation,192000.0,/mnt/ubna_data_04/recover-20241118/UBNA_027/20241107_035000.WAV,recover-20241118,UBNA_027,Foliage
HF,50880.0,1.9294909095416068,252.6165,252.6229,44375.0,56370.0,Pipistrellus pipistrellus,0.501,0.557,-1,Echolocation,192000.0,/mnt/ubna_data_04/recover-20241118/UBNA_027/20241107_035000.WAV,recover-20241118,UBNA_027,Foliage
HF,43200.0,5.659166701361114,252.9065,252.9133,42656.0,55196.0,Pipistrellus pipistrellus,0.417,0.544,-1,Echolocation,192000.0,/mnt/ubna_data_04/recover-20241118/UBNA_027/20241107_035000.WAV,recover-20241118,UBNA_027,Foliage
HF,43200.0,8.414543586029717,253.4785,253.4854,42656.0,54565.0,Pipistrellus pipistrellus,0.31,0.553,-1,Echolocation,192000.0,/mnt/ubna_data_04/recover-20241118/UBNA_027/20241107_035000.WAV,recover-20241118,UBNA_027,Foliage
LF,26880.0,13.249995159147982,219.9415,219.95420000000001,26328.0,30663.0,Nyctalus leisleri,0.593,0.703,-1,Echolocation,192000.0,/mnt/ubna_data_04/recover-20241118/UBNA_027/20241107_060000.WAV,recover-20241118,UBNA_027,Foliage
LF,27840.0,13.72351042294769,220.1715,220.1837,27187.0,32055.0,Nyctalus leisleri,0.554,0.679,-1,Echolocation,192000.0,/mnt/ubna_data_04/recover-20241118/UBNA_027/20241107_060000.WAV,recover-20241118,UBNA_027,Foliage
LF,26880.0,13.634255379493192,220.4055,220.4169,26328.0,32220.0,Nyctalus leisleri,0.651,0.755,-1,Echolocation,192000.0,/mnt/ubna_data_04/recover-20241118/UBNA_027/20241107_060000.WAV,recover-20241118,UBNA_027,Foliage
LF,26880.0,14.469195084321049,220.7415,220.7561,26328.0,29660.0,Nyctalus leisleri,0.733,0.773,-1,Echolocation,192000.0,/mnt/ubna_data_04/recover-20241118/UBNA_027/20241107_060000.WAV,recover-20241118,UBNA_027,Foliage
LF,27840.0,13.193013895055481,220.9775,220.9899,26328.0,31520.0,Nyctalus leisleri,0.606,0.693,-1,Echolocation,192000.0,/mnt/ubna_data_04/recover-20241118/UBNA_027/20241107_060000.WAV,recover-20241118,UBNA_027,Foliage
LF,27840.0,13.723618298268057,221.2125,221.2257,26328.0,31337.0,Nyctalus leisleri,0.639,0.722,-1,Echolocation,192000.0,/mnt/ubna_data_04/recover-20241118/UBNA_027/20241107_060000.WAV,recover-20241118,UBNA_027,Foliage
LF,26880.0,13.799705355973902,221.5485,221.562,26328.0,31248.0,Nyctalus leisleri,0.551,0.668,-1,Echolocation,192000.0,/mnt/ubna_data_04/recover-20241118/UBNA_027/20241107_060000.WAV,recover-20241118,UBNA_027,Foliage
LF,28800.0,18.525296061378004,221.7735,221.7837,26328.0,34536.0,Nyctalus leisleri,0.657,0.77,-1,Echolocation,192000.0,/mnt/ubna_data_04/recover-20241118/UBNA_027/20241107_060000.WAV,recover-20241118,UBNA_027,Foliage
LF,27840.0,19.604002209912746,222.0105,222.0228,26328.0,30912.0,Nyctalus leisleri,0.602,0.711,-1,Echolocation,192000.0,/mnt/ubna_data_04/recover-20241118/UBNA_027/20241107_060000.WAV,recover-20241118,UBNA_027,Foliage
LF,27840.0,23.695407750355358,222.3535,222.3663,26328.0,30715.0,Nyctalus leisleri,0.722,0.788,-1,Echolocation,192000.0,/mnt/ubna_data_04/recover-20241118/UBNA_027/20241107_060000.WAV,recover-20241118,UBNA_027,Foliage
LF,26880.0,17.986736812296762,222.6955,222.7088,25468.0,31102.0,Nyctalus leisleri,0.556,0.706,-1,Echolocation,192000.0,/mnt/ubna_data_04/recover-20241118/UBNA_027/20241107_060000.WAV,recover-20241118,UBNA_027,Foliage
LF,26880.0,13.565399041219958,223.3805,223.3938,26328.0,30746.0,Nyctalus leisleri,0.492,0.637,-1,Echolocation,192000.0,/mnt/ubna_data_04/recover-20241118/UBNA_027/20241107_060000.WAV,recover-20241118,UBNA_027,Foliage
LF,26880.0,17.0829705691959,223.7205,223.7357,26328.0,30011.0,Nyctalus leisleri,0.476,0.602,-1,Echolocation,192000.0,/mnt/ubna_data_04/recover-20241118/UBNA_027/20241107_060000.WAV,recover-20241118,UBNA_027,Foliage
LF,26880.0,17.078109534550606,224.0555,224.0695,26328.0,30127.0,Nyctalus leisleri,0.549,0.637,-1,Echolocation,192000.0,/mnt/ubna_data_04/recover-20241118/UBNA_027/20241107_060000.WAV,recover-20241118,UBNA_027,Foliage
LF,26880.0,21.045882178606462,224.3925,224.4072,26328.0,30274.0,Nyctalus leisleri,0.613,0.7,-1,Echolocation,192000.0,/mnt/ubna_data_04/recover-20241118/UBNA_027/20241107_060000.WAV,recover-20241118,UBNA_027,Foliage
LF,26880.0,17.132111337421495,224.6305,224.6451,26328.0,29706.0,Nyctalus leisleri,0.471,0.61,-1,Echolocation,192000.0,/mnt/ubna_data_04/recover-20241118/UBNA_027/20241107_060000.WAV,recover-20241118,UBNA_027,Foliage
LF,26880.0,20.20166696957743,224.9675,224.9825,26328.0,29879.0,Nyctalus leisleri,0.479,0.556,-1,Echolocation,192000.0,/mnt/ubna_data_04/recover-20241118/UBNA_027/20241107_060000.WAV,recover-20241118,UBNA_027,Foliage
LF,26880.0,18.202758996245112,225.3085,225.3249,25468.0,29345.0,Nyctalus leisleri,0.535,0.592,-1,Echolocation,192000.0,/mnt/ubna_data_04/recover-20241118/UBNA_027/20241107_060000.WAV,recover-20241118,UBNA_027,Foliage
LF,26880.0,22.22250525346844,225.5355,225.5505,26328.0,30598.0,Nyctalus leisleri,0.631,0.692,-1,Echolocation,192000.0,/mnt/ubna_data_04/recover-20241118/UBNA_027/20241107_060000.WAV,recover-20241118,UBNA_027,Foliage
LF,27840.0,22.85104071924112,225.8735,225.8872,26328.0,30463.0,Nyctalus leisleri,0.555,0.643,-1,Echolocation,192000.0,/mnt/ubna_data_04/recover-20241118/UBNA_027/20241107_060000.WAV,recover-20241118,UBNA_027,Foliage
LF,28800.0,27.86251577036043,226.1015,226.1141,27187.0,32832.0,Nyctalus leisleri,0.646,0.73,-1,Echolocation,192000.0,/mnt/ubna_data_04/recover-20241118/UBNA_027/20241107_060000.WAV,recover-20241118,UBNA_027,Foliage
LF,27840.0,24.148810872520357,226.3405,226.3538,26328.0,31451.0,Nyctalus leisleri,0.581,0.692,-1,Echolocation,192000.0,/mnt/ubna_data_04/recover-20241118/UBNA_027/20241107_060000.WAV,recover-20241118,UBNA_027,Foliage
LF,29760.0,17.28667764233242,226.4855,226.4943,27187.0,36054.0,Nyctalus leisleri,0.505,0.706,-1,Echolocation,192000.0,/mnt/ubna_data_04/recover-20241118/UBNA_027/20241107_060000.WAV,recover-20241118,UBNA_027,Foliage
LF,32640.0,10.132350124074875,226.5815,226.5903,27187.0,38543.0,Eptesicus serotinus,0.376,0.651,-1,Echolocation,192000.0,/mnt/ubna_data_04/recover-20241118/UBNA_027/20241107_060000.WAV,recover-20241118,UBNA_027,Foliage
LF,28800.0,9.969056030999162,226.6775,226.6846,27187.0,36965.0,Eptesicus serotinus,0.405,0.658,-1,Echolocation,192000.0,/mnt/ubna_data_04/recover-20241118/UBNA_027/20241107_060000.WAV,recover-20241118,UBNA_027,Foliage
LF,29760.0,14.214644963005723,226.7735,226.7815,27187.0,37104.0,Nyctalus leisleri,0.371,0.699,-1,Echolocation,192000.0,/mnt/ubna_data_04/recover-20241118/UBNA_027/20241107_060000.WAV,recover-20241118,UBNA_027,Foliage
LF,31680.0,14.09064591004551,226.8565,226.8641,26328.0,38179.0,Eptesicus serotinus,0.467,0.628,-1,Echolocation,192000.0,/mnt/ubna_data_04/recover-20241118/UBNA_027/20241107_060000.WAV,recover-20241118,UBNA_027,Foliage
LF,28800.0,20.90197915735637,227.0045,227.0139,27187.0,37024.0,Nyctalus leisleri,0.429,0.75,-1,Echolocation,192000.0,/mnt/ubna_data_04/recover-20241118/UBNA_027/20241107_060000.WAV,recover-20241118,UBNA_027,Foliage
LF,33600.0,8.652890722174574,227.1025,227.1091,27187.0,38496.0,Eptesicus serotinus,0.438,0.592,-1,Echolocation,192000.0,/mnt/ubna_data_04/recover-20241118/UBNA_027/20241107_060000.WAV,recover-20241118,UBNA_027,Foliage
LF,33600.0,5.312518688783427,227.2505,227.2546,23750.0,38735.0,Plecotus auritus,0.287,0.641,-1,Echolocation,192000.0,/mnt/ubna_data_04/recover-20241118/UBNA_027/20241107_060000.WAV,recover-20241118,UBNA_027,Foliage
LF,24000.0,7.463380418058007,227.32150000000001,227.3257,22890.0,37672.0,Plecotus auritus,0.267,0.666,-1,Echolocation,192000.0,/mnt/ubna_data_04/recover-20241118/UBNA_027/20241107_060000.WAV,recover-20241118,UBNA_027,Foliage
LF,23040.0,5.99433168452404,227.34550000000002,227.3491,19453.0,33876.0,Plecotus auritus,0.371,0.522,-1,Echolocation,192000.0,/mnt/ubna_data_04/recover-20241118/UBNA_027/20241107_060000.WAV,recover-20241118,UBNA_027,Foliage
LF,31680.0,22.965845248777512,227.8125,227.8222,27187.0,39058.0,Nyctalus leisleri,0.782,0.851,-1,Echolocation,192000.0,/mnt/ubna_data_04/recover-20241118/UBNA_027/20241107_060000.WAV,recover-20241118,UBNA_027,Foliage
LF,29760.0,22.810737466626207,227.9655,227.976,27187.0,36338.0,Nyctalus leisleri,0.732,0.807,-1,Echolocation,192000.0,/mnt/ubna_data_04/recover-20241118/UBNA_027/20241107_060000.WAV,recover-20241118,UBNA_027,Foliage
LF,28800.0,23.50004323232568,228.2355,228.2481,26328.0,33992.0,Nyctalus leisleri,0.441,0.726,-1,Echolocation,192000.0,/mnt/ubna_data_04/recover-20241118/UBNA_027/20241107_060000.WAV,recover-20241118,UBNA_027,Foliage
LF,28800.0,21.541942000740164,228.4545,228.4666,26328.0,32066.0,Nyctalus leisleri,0.622,0.715,-1,Echolocation,192000.0,/mnt/ubna_data_04/recover-20241118/UBNA_027/20241107_060000.WAV,recover-20241118,UBNA_027,Foliage
LF,28800.0,20.778242581287557,228.67849999999999,228.68880000000001,26328.0,34991.0,Nyctalus leisleri,0.505,0.74,-1,Echolocation,192000.0,/mnt/ubna_data_04/recover-20241118/UBNA_027/20241107_060000.WAV,recover-20241118,UBNA_027,Foliage
LF,27840.0,22.236566005919297,228.9235,228.9349,26328.0,32463.0,Nyctalus leisleri,0.693,0.765,-1,Echolocation,192000.0,/mnt/ubna_data_04/recover-20241118/UBNA_027/20241107_060000.WAV,recover-20241118,UBNA_027,Foliage
LF,26880.0,14.03308617590158,229.1525,229.1628,26328.0,36173.0,Eptesicus serotinus,0.326,0.685,-1,Echolocation,192000.0,/mnt/ubna_data_04/recover-20241118/UBNA_027/20241107_060000.WAV,recover-20241118,UBNA_027,Foliage
LF,26880.0,20.80960247398987,229.3785,229.3896,26328.0,37406.0,Nyctalus leisleri,0.62,0.764,-1,Echolocation,192000.0,/mnt/ubna_data_04/recover-20241118/UBNA_027/20241107_060000.WAV,recover-20241118,UBNA_027,Foliage
LF,26880.0,20.493564010251347,229.6225,229.6344,25468.0,31081.0,Nyctalus leisleri,0.66,0.753,-1,Echolocation,192000.0,/mnt/ubna_data_04/recover-20241118/UBNA_027/20241107_060000.WAV,recover-20241118,UBNA_027,Foliage
LF,28800.0,26.94592535449011,229.8545,229.8662,26328.0,32803.0,Nyctalus leisleri,0.781,0.831,-1,Echolocation,192000.0,/mnt/ubna_data_04/recover-20241118/UBNA_027/20241107_060000.WAV,recover-20241118,UBNA_027,Foliage
LF,28800.0,13.494926805216673,230.0905,230.1022,25468.0,31787.0,Nyctalus leisleri,0.56,0.698,-1,Echolocation,192000.0,/mnt/ubna_data_04/recover-20241118/UBNA_027/20241107_060000.WAV,recover-20241118,UBNA_027,Foliage
LF,26880.0,21.89424818568018,230.3285,230.34,25468.0,31638.0,Nyctalus leisleri,0.683,0.772,-1,Echolocation,192000.0,/mnt/ubna_data_04/recover-20241118/UBNA_027/20241107_060000.WAV,recover-20241118,UBNA_027,Foliage
LF,26880.0,14.441172139778304,230.5625,230.5751,26328.0,31703.0,Nyctalus leisleri,0.413,0.605,-1,Echolocation,192000.0,/mnt/ubna_data_04/recover-20241118/UBNA_027/20241107_060000.WAV,recover-20241118,UBNA_027,Foliage
LF,26880.0,23.5425676495489,230.7975,230.8111,26328.0,31206.0,Nyctalus leisleri,0.471,0.663,-1,Echolocation,192000.0,/mnt/ubna_data_04/recover-20241118/UBNA_027/20241107_060000.WAV,recover-20241118,UBNA_027,Foliage
LF,26880.0,13.660381112289686,231.0395,231.0534,26328.0,30047.0,Nyctalus leisleri,0.474,0.631,-1,Echolocation,192000.0,/mnt/ubna_data_04/recover-20241118/UBNA_027/20241107_060000.WAV,recover-20241118,UBNA_027,Foliage
LF,25920.0,21.184721248058654,231.4615,231.475,25468.0,29060.0,Nyctalus leisleri,0.682,0.767,-1,Echolocation,192000.0,/mnt/ubna_data_04/recover-20241118/UBNA_027/20241107_060000.WAV,recover-20241118,UBNA_027,Foliage
LF,26880.0,12.737238574544875,231.7575,231.7708,25468.0,29986.0,Nyctalus leisleri,0.499,0.639,-1,Echolocation,192000.0,/mnt/ubna_data_04/recover-20241118/UBNA_027/20241107_060000.WAV,recover-20241118,UBNA_027,Foliage
LF,25920.0,19.508212054428807,232.1085,232.1218,25468.0,29456.0,Nyctalus leisleri,0.584,0.715,-1,Echolocation,192000.0,/mnt/ubna_data_04/recover-20241118/UBNA_027/20241107_060000.WAV,recover-20241118,UBNA_027,Foliage
LF,25920.0,6.593182248665515,232.47050000000002,232.4846,25468.0,28637.0,Nyctalus leisleri,0.478,0.608,-1,Echolocation,192000.0,/mnt/ubna_data_04/recover-20241118/UBNA_027/20241107_060000.WAV,recover-20241118,UBNA_027,Foliage
LF,26880.0,10.998466589970167,232.8245,232.8375,25468.0,29475.0,Nyctalus leisleri,0.635,0.697,-1,Echolocation,192000.0,/mnt/ubna_data_04/recover-20241118/UBNA_027/20241107_060000.WAV,recover-20241118,UBNA_027,Foliage
LF,26880.0,10.643225306955326,233.54149999999998,233.5559,25468.0,29218.0,Nyctalus leisleri,0.574,0.656,-1,Echolocation,192000.0,/mnt/ubna_data_04/recover-20241118/UBNA_027/20241107_060000.WAV,recover-20241118,UBNA_027,Foliage
LF,25920.0,4.320098359853012,233.89249999999998,233.9058,25468.0,29434.0,Nyctalus leisleri,0.487,0.596,-1,Echolocation,192000.0,/mnt/ubna_data_04/recover-20241118/UBNA_027/20241107_060000.WAV,recover-20241118,UBNA_027,Foliage
LF,26880.0,7.43389340637356,234.2445,234.25979999999998,25468.0,29958.0,Nyctalus leisleri,0.472,0.617,-1,Echolocation,192000.0,/mnt/ubna_data_04/recover-20241118/UBNA_027/20241107_060000.WAV,recover-20241118,UBNA_027,Foliage
LF,25920.0,3.872372783178519,234.95850000000002,234.9745,25468.0,29206.0,Nyctalus leisleri,0.445,0.57,-1,Echolocation,192000.0,/mnt/ubna_data_04/recover-20241118/UBNA_027/20241107_060000.WAV,recover-20241118,UBNA_027,Foliage
LF,22080.0,21.241833915419356,240.1705,240.1889,21171.0,22823.0,Nyctalus leisleri,0.536,0.542,-1,Echolocation,192000.0,/mnt/ubna_data_04/recover-20241118/UBNA_027/20241108_000000.WAV,recover-20241118,UBNA_027,Foliage
LF,22080.0,11.367932392579522,285.8775,285.8977,21171.0,24239.0,Nyctalus leisleri,0.518,0.537,-1,Echolocation,192000.0,/mnt/ubna_data_04/recover-20241118/UBNA_027/20241108_001000.WAV,recover-20241118,UBNA_027,Foliage
HF,46080.0,4.828010005010827,234.7905,234.7989,46093.0,51635.0,Pipistrellus pipistrellus,0.446,0.518,-1,Echolocation,192000.0,/mnt/ubna_data_04/recover-20241118/UBNA_027/20241108_012000.WAV,recover-20241118,UBNA_027,Foliage
HF,46080.0,12.125109107984978,235.0345,235.0413,43515.0,60775.0,Pipistrellus pipistrellus,0.212,0.514,-1,Echolocation,192000.0,/mnt/ubna_data_04/recover-20241118/UBNA_027/20241108_012000.WAV,recover-20241118,UBNA_027,Foliage
HF,48960.0,7.327186210087525,299.3935,299.3989,46953.0,61434.0,Pipistrellus pipistrellus,0.594,0.647,-1,Echolocation,192000.0,/mnt/ubna_data_04/recover-20241118/UBNA_027/20241108_012000.WAV,recover-20241118,UBNA_027,Foliage
HF,47040.0,6.967517702988374,299.5685,299.5763,45234.0,58948.0,Pipistrellus pipistrellus,0.439,0.585,-1,Echolocation,192000.0,/mnt/ubna_data_04/recover-20241118/UBNA_027/20241108_012000.WAV,recover-20241118,UBNA_027,Foliage
HF,45120.0,3.9553793959996697,299.6515,299.6572,42656.0,61475.0,Pipistrellus pipistrellus,0.352,0.525,-1,Echolocation,192000.0,/mnt/ubna_data_04/recover-20241118/UBNA_027/20241108_012000.WAV,recover-20241118,UBNA_027,Foliage
HF,48000.0,8.863649936275797,299.7395,299.7454,46093.0,63134.0,Pipistrellus pipistrellus,0.509,0.593,-1,Echolocation,192000.0,/mnt/ubna_data_04/recover-20241118/UBNA_027/20241108_012000.WAV,recover-20241118,UBNA_027,Foliage
HF,46080.0,7.136534541560521,299.8245,299.8324,44375.0,64613.0,Pipistrellus pipistrellus,0.462,0.605,-1,Echolocation,192000.0,/mnt/ubna_data_04/recover-20241118/UBNA_027/20241108_012000.WAV,recover-20241118,UBNA_027,Foliage
HF,46080.0,9.731445416457477,299.9135,299.9187,45234.0,58300.0,Pipistrellus pipistrellus,0.52,0.575,-1,Echolocation,192000.0,/mnt/ubna_data_04/recover-20241118/UBNA_027/20241108_012000.WAV,recover-20241118,UBNA_027,Foliage
HF,52800.0,12.221996590528828,45.6155,45.6205,44375.0,66991.0,Pipistrellus pipistrellus,0.288,0.559,-1,Echolocation,192000.0,/mnt/ubna_data_04/recover-20241118/UBNA_027/20241108_013000.WAV,recover-20241118,UBNA_027,Foliage
HF,48960.0,14.48894042864003,47.332499999999996,47.3371,46953.0,63795.0,Pipistrellus pipistrellus,0.463,0.512,-1,Echolocation,192000.0,/mnt/ubna_data_04/recover-20241118/UBNA_027/20241108_013000.WAV,recover-20241118,UBNA_027,Foliage
HF,49920.0,9.84808687617746,47.5195,47.5239,47812.0,61965.0,Pipistrellus pipistrellus,0.469,0.513,-1,Echolocation,192000.0,/mnt/ubna_data_04/recover-20241118/UBNA_027/20241108_013000.WAV,recover-20241118,UBNA_027,Foliage
HF,48000.0,8.617686873606502,47.700500000000005,47.7054,47812.0,61777.0,Pipistrellus pipistrellus,0.522,0.579,-1,Echolocation,192000.0,/mnt/ubna_data_04/recover-20241118/UBNA_027/20241108_013000.WAV,recover-20241118,UBNA_027,Foliage
HF,48000.0,8.071458303620027,47.7855,47.790400000000005,47812.0,55764.0,Pipistrellus pipistrellus,0.504,0.533,-1,Echolocation,192000.0,/mnt/ubna_data_04/recover-20241118/UBNA_027/20241108_013000.WAV,recover-20241118,UBNA_027,Foliage
HF,48960.0,6.747361507982594,48.1535,48.1588,46953.0,58863.0,Pipistrellus pipistrellus,0.53,0.607,-1,Echolocation,192000.0,/mnt/ubna_data_04/recover-20241118/UBNA_027/20241108_013000.WAV,recover-20241118,UBNA_027,Foliage
HF,47040.0,3.5016238743551535,48.2585,48.263400000000004,46093.0,59885.0,Pipistrellus pipistrellus,0.41,0.507,-1,Echolocation,192000.0,/mnt/ubna_data_04/recover-20241118/UBNA_027/20241108_013000.WAV,recover-20241118,UBNA_027,Foliage
HF,48000.0,4.205547198396592,49.0445,49.0497,46093.0,56182.0,Pipistrellus pipistrellus,0.485,0.519,-1,Echolocation,192000.0,/mnt/ubna_data_04/recover-20241118/UBNA_027/20241108_013000.WAV,recover-20241118,UBNA_027,Foliage
HF,52800.0,7.6228607750500395,49.799499999999995,49.8053,45234.0,60972.0,Pipistrellus pipistrellus,0.276,0.511,-1,Echolocation,192000.0,/mnt/ubna_data_04/recover-20241118/UBNA_027/20241108_013000.WAV,recover-20241118,UBNA_027,Foliage
HF,48000.0,5.169113832687767,50.7665,50.7718,47812.0,62018.0,Pipistrellus pipistrellus,0.497,0.53,-1,Echolocation,192000.0,/mnt/ubna_data_04/recover-20241118/UBNA_027/20241108_013000.WAV,recover-20241118,UBNA_027,Foliage
HF,48000.0,10.501767814378809,50.939499999999995,50.9439,47812.0,63020.0,Pipistrellus pipistrellus,0.503,0.571,-1,Echolocation,192000.0,/mnt/ubna_data_04/recover-20241118/UBNA_027/20241108_013000.WAV,recover-20241118,UBNA_027,Foliage
HF,55680.0,7.935961735522619,51.3375,51.342600000000004,47812.0,61296.0,Pipistrellus pipistrellus,0.519,0.596,-1,Echolocation,192000.0,/mnt/ubna_data_04/recover-20241118/UBNA_027/20241108_013000.WAV,recover-20241118,UBNA_027,Foliage
HF,48960.0,4.262360967909278,51.4215,51.4273,46093.0,58541.0,Pipistrellus pipistrellus,0.442,0.521,-1,Echolocation,192000.0,/mnt/ubna_data_04/recover-20241118/UBNA_027/20241108_013000.WAV,recover-20241118,UBNA_027,Foliage
HF,49920.0,7.460725032979614,51.9535,51.959199999999996,47812.0,62421.0,Pipistrellus pipistrellus,0.571,0.619,-1,Echolocation,192000.0,/mnt/ubna_data_04/recover-20241118/UBNA_027/20241108_013000.WAV,recover-20241118,UBNA_027,Foliage
HF,48960.0,10.088149053279231,52.1255,52.129400000000004,47812.0,60448.0,Pipistrellus pipistrellus,0.502,0.583,-1,Echolocation,192000.0,/mnt/ubna_data_04/recover-20241118/UBNA_027/20241108_013000.WAV,recover-20241118,UBNA_027,Foliage
HF,48000.0,17.19612261425197,52.6265,52.6315,46093.0,64742.0,Pipistrellus pipistrellus,0.471,0.616,-1,Echolocation,192000.0,/mnt/ubna_data_04/recover-20241118/UBNA_027/20241108_013000.WAV,recover-20241118,UBNA_027,Foliage
HF,48960.0,17.047962563953604,53.0165,53.021699999999996,46093.0,65682.0,Myotis alcathoe,0.26,0.506,-1,Echolocation,192000.0,/mnt/ubna_data_04/recover-20241118/UBNA_027/20241108_013000.WAV,recover-20241118,UBNA_027,Foliage
HF,55680.0,10.42350198669233,74.0085,74.0127,48671.0,60434.0,Pipistrellus pipistrellus,0.532,0.6,-1,Echolocation,192000.0,/mnt/ubna_data_04/recover-20241118/UBNA_027/20241108_013000.WAV,recover-20241118,UBNA_027,Foliage
HF,48000.0,11.828906698296699,74.1005,74.1053,47812.0,61689.0,Pipistrellus pipistrellus,0.568,0.644,-1,Echolocation,192000.0,/mnt/ubna_data_04/recover-20241118/UBNA_027/20241108_013000.WAV,recover-20241118,UBNA_027,Foliage
HF,48000.0,26.03026608764827,75.0795,75.0849,41796.0,83877.0,Myotis alcathoe,0.459,0.521,-1,Echolocation,192000.0,/mnt/ubna_data_04/recover-20241118/UBNA_027/20241108_013000.WAV,recover-20241118,UBNA_027,Foliage
HF,50880.0,25.651187613044797,76.1075,76.1115,41796.0,76743.0,Myotis alcathoe,0.348,0.507,-1,Echolocation,192000.0,/mnt/ubna_data_04/recover-20241118/UBNA_027/20241108_013000.WAV,recover-20241118,UBNA_027,Foliage
HF,50880.0,15.094611419637346,76.2585,76.2624,43515.0,72149.0,Myotis mystacinus,0.29,0.593,-1,Echolocation,192000.0,/mnt/ubna_data_04/recover-20241118/UBNA_027/20241108_013000.WAV,recover-20241118,UBNA_027,Foliage
HF,54720.0,20.968723874086773,76.4145,76.4178,44375.0,75541.0,Myotis alcathoe,0.394,0.561,-1,Echolocation,192000.0,/mnt/ubna_data_04/recover-20241118/UBNA_027/20241108_013000.WAV,recover-20241118,UBNA_027,Foliage
HF,51840.0,17.02608432624913,76.8235,76.827,42656.0,71806.0,Myotis alcathoe,0.34,0.554,-1,Echolocation,192000.0,/mnt/ubna_data_04/recover-20241118/UBNA_027/20241108_013000.WAV,recover-20241118,UBNA_027,Foliage
HF,48000.0,11.785755079157108,76.9905,76.994,41796.0,67046.0,Myotis alcathoe,0.249,0.57,-1,Echolocation,192000.0,/mnt/ubna_data_04/recover-20241118/UBNA_027/20241108_013000.WAV,recover-20241118,UBNA_027,Foliage
HF,53760.0,6.459333266277537,118.8125,118.816,50390.0,63842.0,Myotis alcathoe,0.196,0.502,-1,Echolocation,192000.0,/mnt/ubna_data_04/recover-20241118/UBNA_027/20241108_013000.WAV,recover-20241118,UBNA_027,Foliage
HF,54720.0,13.825652712012433,119.1565,119.1597,49531.0,64745.0,Myotis alcathoe,0.217,0.524,-1,Echolocation,192000.0,/mnt/ubna_data_04/recover-20241118/UBNA_027/20241108_013000.WAV,recover-20241118,UBNA_027,Foliage
HF,52800.0,12.816327401247442,119.6605,119.6641,48671.0,65099.0,Pipistrellus pipistrellus,0.239,0.546,-1,Echolocation,192000.0,/mnt/ubna_data_04/recover-20241118/UBNA_027/20241108_013000.WAV,recover-20241118,UBNA_027,Foliage
HF,52800.0,11.07761932677889,119.8265,119.8309,46953.0,62908.0,Pipistrellus pipistrellus,0.315,0.522,-1,Echolocation,192000.0,/mnt/ubna_data_04/recover-20241118/UBNA_027/20241108_013000.WAV,recover-20241118,UBNA_027,Foliage
HF,48000.0,8.479397125350413,120.3275,120.332,46953.0,57130.0,Pipistrellus pipistrellus,0.515,0.54,-1,Echolocation,192000.0,/mnt/ubna_data_04/recover-20241118/UBNA_027/20241108_013000.WAV,recover-20241118,UBNA_027,Foliage
HF,51840.0,4.9501233167682495,121.8375,121.8418,46093.0,58107.0,Pipistrellus pipistrellus,0.461,0.522,-1,Echolocation,192000.0,/mnt/ubna_data_04/recover-20241118/UBNA_027/20241108_013000.WAV,recover-20241118,UBNA_027,Foliage
HF,52800.0,9.442939661923122,121.9055,121.9099,46093.0,59962.0,Pipistrellus pipistrellus,0.537,0.614,-1,Echolocation,192000.0,/mnt/ubna_data_04/recover-20241118/UBNA_027/20241108_013000.WAV,recover-20241118,UBNA_027,Foliage
HF,51840.0,5.687518095122956,121.9705,121.975,45234.0,60001.0,Pipistrellus pipistrellus,0.4,0.529,-1,Echolocation,192000.0,/mnt/ubna_data_04/recover-20241118/UBNA_027/20241108_013000.WAV,recover-20241118,UBNA_027,Foliage
HF,51840.0,4.389098272340238,122.1335,122.1371,50390.0,62308.0,Pipistrellus pipistrellus,0.433,0.507,-1,Echolocation,192000.0,/mnt/ubna_data_04/recover-20241118/UBNA_027/20241108_013000.WAV,recover-20241118,UBNA_027,Foliage
HF,52800.0,6.79013894806817,122.2075,122.2112,49531.0,63288.0,Pipistrellus pipistrellus,0.466,0.539,-1,Echolocation,192000.0,/mnt/ubna_data_04/recover-20241118/UBNA_027/20241108_013000.WAV,recover-20241118,UBNA_027,Foliage
HF,48960.0,4.052207827332557,124.0475,124.0527,47812.0,57167.0,Pipistrellus pipistrellus,0.505,0.58,-1,Echolocation,192000.0,/mnt/ubna_data_04/recover-20241118/UBNA_027/20241108_013000.WAV,recover-20241118,UBNA_027,Foliage
HF,47040.0,5.352551333478994,124.3425,124.3473,46953.0,57893.0,Pipistrellus pipistrellus,0.507,0.551,-1,Echolocation,192000.0,/mnt/ubna_data_04/recover-20241118/UBNA_027/20241108_013000.WAV,recover-20241118,UBNA_027,Foliage
HF,48000.0,3.4558439449529454,162.4515,162.4574,46093.0,56548.0,Pipistrellus pipistrellus,0.469,0.504,-1,Echolocation,192000.0,/mnt/ubna_data_04/recover-20241118/UBNA_027/20241108_013000.WAV,recover-20241118,UBNA_027,Foliage
HF,48960.0,4.037347516963438,162.6295,162.6356,47812.0,54670.0,Pipistrellus pipistrellus,0.563,0.576,-1,Echolocation,192000.0,/mnt/ubna_data_04/recover-20241118/UBNA_027/20241108_013000.WAV,recover-20241118,UBNA_027,Foliage
HF,48960.0,5.052355823417411,162.8045,162.8091,47812.0,60007.0,Pipistrellus pipistrellus,0.496,0.521,-1,Echolocation,192000.0,/mnt/ubna_data_04/recover-20241118/UBNA_027/20241108_013000.WAV,recover-20241118,UBNA_027,Foliage
HF,46080.0,9.736577024898681,163.1575,163.163,44375.0,58455.0,Pipistrellus pipistrellus,0.462,0.51,-1,Echolocation,192000.0,/mnt/ubna_data_04/recover-20241118/UBNA_027/20241108_013000.WAV,recover-20241118,UBNA_027,Foliage
HF,47040.0,7.019779460133727,163.3355,163.3413,46093.0,60616.0,Pipistrellus pipistrellus,0.538,0.614,-1,Echolocation,192000.0,/mnt/ubna_data_04/recover-20241118/UBNA_027/20241108_013000.WAV,recover-20241118,UBNA_027,Foliage
HF,48000.0,12.017809436557002,163.5105,163.5158,46093.0,57772.0,Pipistrellus pipistrellus,0.618,0.648,-1,Echolocation,192000.0,/mnt/ubna_data_04/recover-20241118/UBNA_027/20241108_013000.WAV,recover-20241118,UBNA_027,Foliage
HF,48000.0,10.389529448944206,163.7825,163.7874,46953.0,58361.0,Pipistrellus pipistrellus,0.542,0.572,-1,Echolocation,192000.0,/mnt/ubna_data_04/recover-20241118/UBNA_027/20241108_013000.WAV,recover-20241118,UBNA_027,Foliage
HF,46080.0,9.35511853758232,163.9565,163.9613,45234.0,59613.0,Pipistrellus pipistrellus,0.573,0.636,-1,Echolocation,192000.0,/mnt/ubna_data_04/recover-20241118/UBNA_027/20241108_013000.WAV,recover-20241118,UBNA_027,Foliage
HF,48960.0,11.748135800840732,165.0185,165.024,46093.0,56254.0,Pipistrellus pipistrellus,0.457,0.519,-1,Echolocation,192000.0,/mnt/ubna_data_04/recover-20241118/UBNA_027/20241108_013000.WAV,recover-20241118,UBNA_027,Foliage
HF,46080.0,4.8698980977589175,219.5075,219.5127,45234.0,54973.0,Pipistrellus pipistrellus,0.584,0.595,-1,Echolocation,192000.0,/mnt/ubna_data_04/recover-20241118/UBNA_027/20241108_013000.WAV,recover-20241118,UBNA_027,Foliage
HF,47040.0,3.5838051129723465,220.5365,220.5417,45234.0,55257.0,Pipistrellus pipistrellus,0.48,0.512,-1,Echolocation,192000.0,/mnt/ubna_data_04/recover-20241118/UBNA_027/20241108_013000.WAV,recover-20241118,UBNA_027,Foliage
HF,46080.0,4.428265827276636,221.5905,221.5961,44375.0,52468.0,Pipistrellus pipistrellus,0.474,0.522,-1,Echolocation,192000.0,/mnt/ubna_data_04/recover-20241118/UBNA_027/20241108_013000.WAV,recover-20241118,UBNA_027,Foliage
HF,46080.0,7.0979008379745325,221.6745,221.6792,44375.0,56729.0,Pipistrellus pipistrellus,0.542,0.604,-1,Echolocation,192000.0,/mnt/ubna_data_04/recover-20241118/UBNA_027/20241108_013000.WAV,recover-20241118,UBNA_027,Foliage
HF,47040.0,7.947535829244861,221.8525,221.857,45234.0,59160.0,Pipistrellus pipistrellus,0.48,0.577,-1,Echolocation,192000.0,/mnt/ubna_data_04/recover-20241118/UBNA_027/20241108_013000.WAV,recover-20241118,UBNA_027,Foliage
HF,45120.0,6.024952240878006,222.5215,222.5288,44375.0,55582.0,Pipistrellus pipistrellus,0.469,0.532,-1,Echolocation,192000.0,/mnt/ubna_data_04/recover-20241118/UBNA_027/20241108_013000.WAV,recover-20241118,UBNA_027,Foliage
HF,45120.0,8.373423595552193,222.7785,222.7861,44375.0,58908.0,Pipistrellus pipistrellus,0.619,0.705,-1,Echolocation,192000.0,/mnt/ubna_data_04/recover-20241118/UBNA_027/20241108_013000.WAV,recover-20241118,UBNA_027,Foliage
HF,44160.0,9.647276960927432,222.9565,222.9656,43515.0,57868.0,Pipistrellus pipistrellus,0.371,0.592,-1,Echolocation,192000.0,/mnt/ubna_data_04/recover-20241118/UBNA_027/20241108_013000.WAV,recover-20241118,UBNA_027,Foliage
HF,45120.0,8.372258473023873,223.1375,223.1441,43515.0,60689.0,Pipistrellus pipistrellus,0.523,0.657,-1,Echolocation,192000.0,/mnt/ubna_data_04/recover-20241118/UBNA_027/20241108_013000.WAV,recover-20241118,UBNA_027,Foliage
HF,45120.0,6.448605754910629,223.4095,223.4197,45234.0,58619.0,Pipistrellus pipistrellus,0.493,0.625,-1,Echolocation,192000.0,/mnt/ubna_data_04/recover-20241118/UBNA_027/20241108_013000.WAV,recover-20241118,UBNA_027,Foliage
HF,44160.0,15.241953687688532,223.8625,223.8685,42656.0,60979.0,Pipistrellus pipistrellus,0.405,0.581,-1,Echolocation,192000.0,/mnt/ubna_data_04/recover-20241118/UBNA_027/20241108_013000.WAV,recover-20241118,UBNA_027,Foliage
HF,45120.0,18.557927196558207,224.0505,224.0575,42656.0,57254.0,Pipistrellus pipistrellus,0.41,0.667,-1,Echolocation,192000.0,/mnt/ubna_data_04/recover-20241118/UBNA_027/20241108_013000.WAV,recover-20241118,UBNA_027,Foliage
HF,43200.0,9.999958697422342,224.1485,224.1553,42656.0,49650.0,Pipistrellus pipistrellus,0.255,0.573,-1,Echolocation,192000.0,/mnt/ubna_data_04/recover-20241118/UBNA_027/20241108_013000.WAV,recover-20241118,UBNA_027,Foliage
HF,45120.0,17.739415332604583,224.2415,224.2481,42656.0,56886.0,Pipistrellus pipistrellus,0.368,0.599,-1,Echolocation,192000.0,/mnt/ubna_data_04/recover-20241118/UBNA_027/20241108_013000.WAV,recover-20241118,UBNA_027,Foliage
HF,44160.0,18.299444766999418,224.3375,224.3455,43515.0,57690.0,Pipistrellus pipistrellus,0.314,0.584,-1,Echolocation,192000.0,/mnt/ubna_data_04/recover-20241118/UBNA_027/20241108_013000.WAV,recover-20241118,UBNA_027,Foliage
HF,43200.0,13.035655087659476,224.5255,224.5318,42656.0,52496.0,Pipistrellus pipistrellus,0.33,0.65,-1,Echolocation,192000.0,/mnt/ubna_data_04/recover-20241118/UBNA_027/20241108_013000.WAV,recover-20241118,UBNA_027,Foliage
HF,45120.0,21.46791530993662,224.6195,224.6278,41796.0,55802.0,Pipistrellus pipistrellus,0.259,0.569,-1,Echolocation,192000.0,/mnt/ubna_data_04/recover-20241118/UBNA_027/20241108_013000.WAV,recover-20241118,UBNA_027,Foliage
HF,43200.0,16.396276941990408,224.8115,224.818,41796.0,56956.0,Pipistrellus nathusii,0.39,0.597,-1,Echolocation,192000.0,/mnt/ubna_data_04/recover-20241118/UBNA_027/20241108_013000.WAV,recover-20241118,UBNA_027,Foliage
HF,43200.0,16.25485993891919,224.9195,224.9261,41796.0,57484.0,Pipistrellus nathusii,0.267,0.536,-1,Echolocation,192000.0,/mnt/ubna_data_04/recover-20241118/UBNA_027/20241108_013000.WAV,recover-20241118,UBNA_027,Foliage
HF,45120.0,6.9897225695679674,225.0105,225.0187,42656.0,49855.0,Pipistrellus nathusii,0.335,0.55,-1,Echolocation,192000.0,/mnt/ubna_data_04/recover-20241118/UBNA_027/20241108_013000.WAV,recover-20241118,UBNA_027,Foliage
HF,45120.0,12.030260440323017,225.1075,225.1138,42656.0,56751.0,Pipistrellus pipistrellus,0.255,0.586,-1,Echolocation,192000.0,/mnt/ubna_data_04/recover-20241118/UBNA_027/20241108_013000.WAV,recover-20241118,UBNA_027,Foliage
HF,43200.0,12.828737161271672,225.2855,225.2928,42656.0,57096.0,Pipistrellus pipistrellus,0.226,0.551,-1,Echolocation,192000.0,/mnt/ubna_data_04/recover-20241118/UBNA_027/20241108_013000.WAV,recover-20241118,UBNA_027,Foliage
HF,46080.0,9.068901962983313,225.4825,225.49,42656.0,57924.0,Pipistrellus pipistrellus,0.241,0.533,-1,Echolocation,192000.0,/mnt/ubna_data_04/recover-20241118/UBNA_027/20241108_013000.WAV,recover-20241118,UBNA_027,Foliage
HF,44160.0,9.752032783611567,225.6725,225.6794,41796.0,54094.0,Pipistrellus pipistrellus,0.237,0.559,-1,Echolocation,192000.0,/mnt/ubna_data_04/recover-20241118/UBNA_027/20241108_013000.WAV,recover-20241118,UBNA_027,Foliage
HF,42240.0,7.808285414902105,226.0555,226.0634,41796.0,52825.0,Pipistrellus nathusii,0.448,0.559,-1,Echolocation,192000.0,/mnt/ubna_data_04/recover-20241118/UBNA_027/20241108_013000.WAV,recover-20241118,UBNA_027,Foliage
HF,48960.0,6.666272544979687,247.3055,247.3124,47812.0,58342.0,Pipistrellus pipistrellus,0.469,0.501,-1,Echolocation,192000.0,/mnt/ubna_data_04/recover-20241118/UBNA_027/20241108_013000.WAV,recover-20241118,UBNA_027,Foliage
HF,48960.0,6.762252345732068,247.4705,247.4759,46093.0,57889.0,Pipistrellus pipistrellus,0.467,0.534,-1,Echolocation,192000.0,/mnt/ubna_data_04/recover-20241118/UBNA_027/20241108_013000.WAV,recover-20241118,UBNA_027,Foliage
HF,48000.0,13.012873309768436,247.6505,247.6555,44375.0,62843.0,Pipistrellus pipistrellus,0.421,0.563,-1,Echolocation,192000.0,/mnt/ubna_data_04/recover-20241118/UBNA_027/20241108_013000.WAV,recover-20241118,UBNA_027,Foliage
HF,48000.0,6.7931159643382,247.7455,247.7502,46093.0,55822.0,Pipistrellus pipistrellus,0.518,0.53,-1,Echolocation,192000.0,/mnt/ubna_data_04/recover-20241118/UBNA_027/20241108_013000.WAV,recover-20241118,UBNA_027,Foliage
HF,48000.0,13.484343388310105,247.8365,247.841,46093.0,59506.0,Pipistrellus pipistrellus,0.55,0.586,-1,Echolocation,192000.0,/mnt/ubna_data_04/recover-20241118/UBNA_027/20241108_013000.WAV,recover-20241118,UBNA_027,Foliage
HF,51840.0,14.535343658657645,247.9235,247.929,44375.0,66484.0,Pipistrellus pipistrellus,0.466,0.601,-1,Echolocation,192000.0,/mnt/ubna_data_04/recover-20241118/UBNA_027/20241108_013000.WAV,recover-20241118,UBNA_027,Foliage
HF,53760.0,26.382542778755543,249.2925,249.2967,43515.0,89356.0,Myotis alcathoe,0.43,0.671,-1,Echolocation,192000.0,/mnt/ubna_data_04/recover-20241118/UBNA_027/20241108_013000.WAV,recover-20241118,UBNA_027,Foliage
HF,50880.0,15.021671217672093,249.3795,249.3833,42656.0,72287.0,Myotis alcathoe,0.341,0.503,-1,Echolocation,192000.0,/mnt/ubna_data_04/recover-20241118/UBNA_027/20241108_013000.WAV,recover-20241118,UBNA_027,Foliage
HF,50880.0,31.65771491913555,249.4635,249.4679,42656.0,85789.0,Myotis alcathoe,0.398,0.501,-1,Echolocation,192000.0,/mnt/ubna_data_04/recover-20241118/UBNA_027/20241108_013000.WAV,recover-20241118,UBNA_027,Foliage
HF,51840.0,29.929974778591067,249.5375,249.5423,42656.0,89375.0,Myotis alcathoe,0.337,0.513,-1,Echolocation,192000.0,/mnt/ubna_data_04/recover-20241118/UBNA_027/20241108_013000.WAV,recover-20241118,UBNA_027,Foliage
HF,51840.0,26.46812932350743,249.6935,249.6981,40937.0,91694.0,Myotis alcathoe,0.417,0.576,-1,Echolocation,192000.0,/mnt/ubna_data_04/recover-20241118/UBNA_027/20241108_013000.WAV,recover-20241118,UBNA_027,Foliage
HF,53760.0,19.513551756544313,250.1215,250.1248,41796.0,70841.0,Myotis alcathoe,0.454,0.599,-1,Echolocation,192000.0,/mnt/ubna_data_04/recover-20241118/UBNA_027/20241108_013000.WAV,recover-20241118,UBNA_027,Foliage
HF,49920.0,14.088903137386865,250.8135,250.8173,43515.0,70604.0,Myotis alcathoe,0.338,0.559,-1,Echolocation,192000.0,/mnt/ubna_data_04/recover-20241118/UBNA_027/20241108_013000.WAV,recover-20241118,UBNA_027,Foliage
HF,48000.0,12.53908970101483,250.8865,250.89,43515.0,71326.0,Myotis alcathoe,0.4,0.641,-1,Echolocation,192000.0,/mnt/ubna_data_04/recover-20241118/UBNA_027/20241108_013000.WAV,recover-20241118,UBNA_027,Foliage
HF,52800.0,9.941999911168054,251.0975,251.1006,48671.0,78286.0,Myotis alcathoe,0.41,0.557,-1,Echolocation,192000.0,/mnt/ubna_data_04/recover-20241118/UBNA_027/20241108_013000.WAV,recover-20241118,UBNA_027,Foliage
HF,51840.0,18.85091570481364,251.4795,251.4828,43515.0,78078.0,Myotis alcathoe,0.381,0.526,-1,Echolocation,192000.0,/mnt/ubna_data_04/recover-20241118/UBNA_027/20241108_013000.WAV,recover-20241118,UBNA_027,Foliage
HF,48960.0,19.78545444181714,251.6255,251.6297,41796.0,74484.0,Myotis alcathoe,0.431,0.568,-1,Echolocation,192000.0,/mnt/ubna_data_04/recover-20241118/UBNA_027/20241108_013000.WAV,recover-20241118,UBNA_027,Foliage
HF,51840.0,10.654892363278899,251.7035,251.7069,43515.0,63345.0,Myotis alcathoe,0.225,0.512,-1,Echolocation,192000.0,/mnt/ubna_data_04/recover-20241118/UBNA_027/20241108_013000.WAV,recover-20241118,UBNA_027,Foliage
HF,51840.0,6.5324858198327105,252.1075,252.1114,46093.0,63050.0,Myotis mystacinus,0.336,0.509,-1,Echolocation,192000.0,/mnt/ubna_data_04/recover-20241118/UBNA_027/20241108_013000.WAV,recover-20241118,UBNA_027,Foliage
HF,56640.0,16.112973818487376,252.42849999999999,252.4328,45234.0,70056.0,Myotis alcathoe,0.269,0.526,-1,Echolocation,192000.0,/mnt/ubna_data_04/recover-20241118/UBNA_027/20241108_013000.WAV,recover-20241118,UBNA_027,Foliage
HF,57600.0,14.777161045159628,252.5235,252.5275,43515.0,71786.0,Myotis alcathoe,0.278,0.653,-1,Echolocation,192000.0,/mnt/ubna_data_04/recover-20241118/UBNA_027/20241108_013000.WAV,recover-20241118,UBNA_027,Foliage
HF,52800.0,13.49631677180356,252.6015,252.6052,43515.0,75846.0,Myotis mystacinus,0.286,0.51,-1,Echolocation,192000.0,/mnt/ubna_data_04/recover-20241118/UBNA_027/20241108_013000.WAV,recover-20241118,UBNA_027,Foliage
HF,48960.0,13.405452689623338,253.4785,253.4828,40937.0,69017.0,Myotis mystacinus,0.27,0.636,-1,Echolocation,192000.0,/mnt/ubna_data_04/recover-20241118/UBNA_027/20241108_013000.WAV,recover-20241118,UBNA_027,Foliage
HF,53760.0,13.774980386899022,254.1835,254.1864,52109.0,65721.0,Pipistrellus pipistrellus,0.292,0.517,-1,Echolocation,192000.0,/mnt/ubna_data_04/recover-20241118/UBNA_027/20241108_013000.WAV,recover-20241118,UBNA_027,Foliage
HF,53760.0,15.523638789093406,254.2495,254.2521,52109.0,71509.0,Myotis alcathoe,0.373,0.552,-1,Echolocation,192000.0,/mnt/ubna_data_04/recover-20241118/UBNA_027/20241108_013000.WAV,recover-20241118,UBNA_027,Foliage
HF,53760.0,14.633763496067449,254.3265,254.329,51250.0,70478.0,Myotis alcathoe,0.378,0.549,-1,Echolocation,192000.0,/mnt/ubna_data_04/recover-20241118/UBNA_027/20241108_013000.WAV,recover-20241118,UBNA_027,Foliage
HF,55680.0,9.529048302802806,254.3815,254.38400000000001,52968.0,70627.0,Myotis alcathoe,0.387,0.554,-1,Echolocation,192000.0,/mnt/ubna_data_04/recover-20241118/UBNA_027/20241108_013000.WAV,recover-20241118,UBNA_027,Foliage
HF,57600.0,19.981021517572128,254.6805,254.684,45234.0,73909.0,Myotis alcathoe,0.407,0.633,-1,Echolocation,192000.0,/mnt/ubna_data_04/recover-20241118/UBNA_027/20241108_013000.WAV,recover-20241118,UBNA_027,Foliage
HF,46080.0,9.047039348168795,259.7605,259.7657,45234.0,53168.0,Pipistrellus pipistrellus,0.522,0.556,-1,Echolocation,192000.0,/mnt/ubna_data_04/recover-20241118/UBNA_027/20241108_013000.WAV,recover-20241118,UBNA_027,Foliage
HF,51840.0,16.365986244880155,268.6955,268.6995,44375.0,78919.0,Myotis alcathoe,0.438,0.529,-1,Echolocation,192000.0,/mnt/ubna_data_04/recover-20241118/UBNA_027/20241108_013000.WAV,recover-20241118,UBNA_027,Foliage
HF,50880.0,12.155542245347311,269.1925,269.1969,45234.0,77240.0,Myotis alcathoe,0.418,0.513,-1,Echolocation,192000.0,/mnt/ubna_data_04/recover-20241118/UBNA_027/20241108_013000.WAV,recover-20241118,UBNA_027,Foliage
HF,55680.0,14.855164439380776,269.5915,269.5948,46093.0,76807.0,Myotis alcathoe,0.457,0.53,-1,Echolocation,192000.0,/mnt/ubna_data_04/recover-20241118/UBNA_027/20241108_013000.WAV,recover-20241118,UBNA_027,Foliage
HF,53760.0,18.971384830259872,269.7515,269.7559,44375.0,86908.0,Myotis alcathoe,0.477,0.529,-1,Echolocation,192000.0,/mnt/ubna_data_04/recover-20241118/UBNA_027/20241108_013000.WAV,recover-20241118,UBNA_027,Foliage
HF,52800.0,7.5395792414242315,271.4225,271.4256,52968.0,66828.0,Pipistrellus pygmaeus,0.537,0.625,-1,Echolocation,192000.0,/mnt/ubna_data_04/recover-20241118/UBNA_027/20241108_013000.WAV,recover-20241118,UBNA_027,Foliage
HF,51840.0,7.768367496289155,271.5945,271.5991,51250.0,62726.0,Pipistrellus pipistrellus,0.42,0.54,-1,Echolocation,192000.0,/mnt/ubna_data_04/recover-20241118/UBNA_027/20241108_013000.WAV,recover-20241118,UBNA_027,Foliage
HF,52800.0,11.981375467322493,271.7195,271.7238,52109.0,61012.0,Pipistrellus pipistrellus,0.327,0.506,-1,Echolocation,192000.0,/mnt/ubna_data_04/recover-20241118/UBNA_027/20241108_013000.WAV,recover-20241118,UBNA_027,Foliage
HF,46080.0,8.332682592187858,272.6235,272.6283,44375.0,56810.0,Pipistrellus pipistrellus,0.585,0.628,-1,Echolocation,192000.0,/mnt/ubna_data_04/recover-20241118/UBNA_027/20241108_013000.WAV,recover-20241118,UBNA_027,Foliage
HF,47040.0,11.318335701849662,273.0445,273.0495,45234.0,55648.0,Pipistrellus pipistrellus,0.581,0.623,-1,Echolocation,192000.0,/mnt/ubna_data_04/recover-20241118/UBNA_027/20241108_013000.WAV,recover-20241118,UBNA_027,Foliage
HF,47040.0,9.364447172007544,273.7435,273.7497,45234.0,55002.0,Pipistrellus pipistrellus,0.48,0.564,-1,Echolocation,192000.0,/mnt/ubna_data_04/recover-20241118/UBNA_027/20241108_013000.WAV,recover-20241118,UBNA_027,Foliage
HF,46080.0,4.242108304153352,40.5585,40.5646,45234.0,54851.0,Pipistrellus pipistrellus,0.476,0.506,-1,Echolocation,192000.0,/mnt/ubna_data_04/recover-20241118/UBNA_027/20241108_014000.WAV,recover-20241118,UBNA_027,Foliage
HF,45120.0,9.250164016234121,120.2825,120.2882,44375.0,55949.0,Pipistrellus pipistrellus,0.589,0.645,-1,Echolocation,192000.0,/mnt/ubna_data_04/recover-20241118/UBNA_027/20241108_014000.WAV,recover-20241118,UBNA_027,Foliage
HF,48000.0,7.178606980878928,127.5435,127.5482,47812.0,57451.0,Pipistrellus pipistrellus,0.611,0.637,-1,Echolocation,192000.0,/mnt/ubna_data_04/recover-20241118/UBNA_027/20241108_014000.WAV,recover-20241118,UBNA_027,Foliage
HF,51840.0,13.900039757999785,127.8405,127.8449,46093.0,58077.0,Pipistrellus pipistrellus,0.478,0.554,-1,Echolocation,192000.0,/mnt/ubna_data_04/recover-20241118/UBNA_027/20241108_014000.WAV,recover-20241118,UBNA_027,Foliage
HF,48000.0,16.957208856081888,128.0485,128.0534,46093.0,60194.0,Pipistrellus pipistrellus,0.519,0.608,-1,Echolocation,192000.0,/mnt/ubna_data_04/recover-20241118/UBNA_027/20241108_014000.WAV,recover-20241118,UBNA_027,Foliage
HF,52800.0,13.079032233764778,128.2585,128.2633,46953.0,61769.0,Pipistrellus pipistrellus,0.42,0.533,-1,Echolocation,192000.0,/mnt/ubna_data_04/recover-20241118/UBNA_027/20241108_014000.WAV,recover-20241118,UBNA_027,Foliage
HF,45120.0,4.458186030001935,24.1265,24.1328,43515.0,50024.0,Pipistrellus pipistrellus,0.53,0.57,-1,Echolocation,192000.0,/mnt/ubna_data_04/recover-20241118/UBNA_027/20241108_021000.WAV,recover-20241118,UBNA_027,Foliage
HF,45120.0,8.112666681800196,24.3275,24.3351,44375.0,50521.0,Pipistrellus pipistrellus,0.575,0.611,-1,Echolocation,192000.0,/mnt/ubna_data_04/recover-20241118/UBNA_027/20241108_021000.WAV,recover-20241118,UBNA_027,Foliage
HF,44160.0,7.8055233485116755,24.6175,24.6231,44375.0,56645.0,Pipistrellus pipistrellus,0.631,0.663,-1,Echolocation,192000.0,/mnt/ubna_data_04/recover-20241118/UBNA_027/20241108_021000.WAV,recover-20241118,UBNA_027,Foliage
HF,45120.0,5.320647988315854,24.7145,24.7214,44375.0,50944.0,Pipistrellus pipistrellus,0.572,0.596,-1,Echolocation,192000.0,/mnt/ubna_data_04/recover-20241118/UBNA_027/20241108_021000.WAV,recover-20241118,UBNA_027,Foliage
HF,44160.0,11.23952231724874,24.9845,24.9901,43515.0,53444.0,Pipistrellus pipistrellus,0.643,0.672,-1,Echolocation,192000.0,/mnt/ubna_data_04/recover-20241118/UBNA_027/20241108_021000.WAV,recover-20241118,UBNA_027,Foliage
HF,44160.0,10.638322234438139,25.2685,25.2749,43515.0,54308.0,Pipistrellus pipistrellus,0.597,0.667,-1,Echolocation,192000.0,/mnt/ubna_data_04/recover-20241118/UBNA_027/20241108_021000.WAV,recover-20241118,UBNA_027,Foliage
HF,44160.0,14.286677694134815,25.4665,25.4732,43515.0,56418.0,Pipistrellus pipistrellus,0.564,0.653,-1,Echolocation,192000.0,/mnt/ubna_data_04/recover-20241118/UBNA_027/20241108_021000.WAV,recover-20241118,UBNA_027,Foliage
HF,44160.0,12.261938013550715,25.6635,25.6694,43515.0,55414.0,Pipistrellus pipistrellus,0.654,0.697,-1,Echolocation,192000.0,/mnt/ubna_data_04/recover-20241118/UBNA_027/20241108_021000.WAV,recover-20241118,UBNA_027,Foliage
HF,44160.0,3.4863058006929797,25.7615,25.7675,44375.0,54497.0,Pipistrellus pipistrellus,0.539,0.554,-1,Echolocation,192000.0,/mnt/ubna_data_04/recover-20241118/UBNA_027/20241108_021000.WAV,recover-20241118,UBNA_027,Foliage
HF,44160.0,16.329724835834174,25.8595,25.8658,43515.0,55549.0,Pipistrellus pipistrellus,0.603,0.649,-1,Echolocation,192000.0,/mnt/ubna_data_04/recover-20241118/UBNA_027/20241108_021000.WAV,recover-20241118,UBNA_027,Foliage
HF,45120.0,17.255525266894978,26.0575,26.0646,42656.0,55851.0,Pipistrellus pipistrellus,0.571,0.702,-1,Echolocation,192000.0,/mnt/ubna_data_04/recover-20241118/UBNA_027/20241108_021000.WAV,recover-20241118,UBNA_027,Foliage
HF,44160.0,14.803426783844635,26.1555,26.1617,42656.0,60140.0,Pipistrellus pipistrellus,0.608,0.708,-1,Echolocation,192000.0,/mnt/ubna_data_04/recover-20241118/UBNA_027/20241108_021000.WAV,recover-20241118,UBNA_027,Foliage
HF,44160.0,13.978493218452464,26.3525,26.3584,43515.0,58209.0,Pipistrellus pipistrellus,0.63,0.723,-1,Echolocation,192000.0,/mnt/ubna_data_04/recover-20241118/UBNA_027/20241108_021000.WAV,recover-20241118,UBNA_027,Foliage
HF,44160.0,11.12647982366826,26.6265,26.6328,43515.0,57288.0,Pipistrellus pipistrellus,0.584,0.71,-1,Echolocation,192000.0,/mnt/ubna_data_04/recover-20241118/UBNA_027/20241108_021000.WAV,recover-20241118,UBNA_027,Foliage
HF,45120.0,9.428690992700064,26.8225,26.8277,43515.0,54621.0,Pipistrellus pipistrellus,0.613,0.669,-1,Echolocation,192000.0,/mnt/ubna_data_04/recover-20241118/UBNA_027/20241108_021000.WAV,recover-20241118,UBNA_027,Foliage
HF,51840.0,7.971418546170103,82.2445,82.2497,46953.0,59561.0,Pipistrellus pipistrellus,0.479,0.532,-1,Echolocation,192000.0,/mnt/ubna_data_04/recover-20241118/UBNA_027/20241108_023000.WAV,recover-20241118,UBNA_027,Foliage
HF,46080.0,11.944007133380321,82.5065,82.513,45234.0,58177.0,Pipistrellus pipistrellus,0.551,0.598,-1,Echolocation,192000.0,/mnt/ubna_data_04/recover-20241118/UBNA_027/20241108_023000.WAV,recover-20241118,UBNA_027,Foliage
HF,46080.0,11.6054943640796,82.6045,82.61070000000001,44375.0,57960.0,Pipistrellus pipistrellus,0.548,0.603,-1,Echolocation,192000.0,/mnt/ubna_data_04/recover-20241118/UBNA_027/20241108_023000.WAV,recover-20241118,UBNA_027,Foliage
HF,45120.0,10.521584224315891,82.6965,82.7069,43515.0,60146.0,Pipistrellus pipistrellus,0.463,0.586,-1,Echolocation,192000.0,/mnt/ubna_data_04/recover-20241118/UBNA_027/20241108_023000.WAV,recover-20241118,UBNA_027,Foliage
HF,46080.0,8.841613352815168,82.7915,82.7989,44375.0,62195.0,Pipistrellus pipistrellus,0.548,0.697,-1,Echolocation,192000.0,/mnt/ubna_data_04/recover-20241118/UBNA_027/20241108_023000.WAV,recover-20241118,UBNA_027,Foliage
HF,44160.0,18.260574548550274,82.9865,82.9939,41796.0,59007.0,Pipistrellus pipistrellus,0.34,0.539,-1,Echolocation,192000.0,/mnt/ubna_data_04/recover-20241118/UBNA_027/20241108_023000.WAV,recover-20241118,UBNA_027,Foliage
HF,46080.0,11.614966314413728,83.3665,83.3734,43515.0,56661.0,Pipistrellus pipistrellus,0.476,0.577,-1,Echolocation,192000.0,/mnt/ubna_data_04/recover-20241118/UBNA_027/20241108_023000.WAV,recover-20241118,UBNA_027,Foliage
HF,45120.0,4.175577837836033,83.4675,83.4728,44375.0,55587.0,Pipistrellus pipistrellus,0.518,0.566,-1,Echolocation,192000.0,/mnt/ubna_data_04/recover-20241118/UBNA_027/20241108_023000.WAV,recover-20241118,UBNA_027,Foliage
HF,45120.0,6.024266472998077,83.5695,83.5759,44375.0,51560.0,Pipistrellus pipistrellus,0.537,0.562,-1,Echolocation,192000.0,/mnt/ubna_data_04/recover-20241118/UBNA_027/20241108_023000.WAV,recover-20241118,UBNA_027,Foliage
HF,45120.0,15.468155263425567,83.74549999999999,83.7519,43515.0,54653.0,Pipistrellus pipistrellus,0.472,0.554,-1,Echolocation,192000.0,/mnt/ubna_data_04/recover-20241118/UBNA_027/20241108_023000.WAV,recover-20241118,UBNA_027,Foliage
HF,46080.0,10.561135995445742,56.8505,56.8553,44375.0,57546.0,Pipistrellus pipistrellus,0.534,0.6,-1,Echolocation,192000.0,/mnt/ubna_data_04/recover-20241118/UBNA_027/20241108_024000.WAV,recover-20241118,UBNA_027,Foliage
HF,46080.0,6.160724709881933,56.9825,56.988299999999995,45234.0,55415.0,Pipistrellus pipistrellus,0.548,0.632,-1,Echolocation,192000.0,/mnt/ubna_data_04/recover-20241118/UBNA_027/20241108_024000.WAV,recover-20241118,UBNA_027,Foliage
HF,47040.0,6.943837865538574,57.1025,57.1078,45234.0,60094.0,Pipistrellus pipistrellus,0.556,0.628,-1,Echolocation,192000.0,/mnt/ubna_data_04/recover-20241118/UBNA_027/20241108_024000.WAV,recover-20241118,UBNA_027,Foliage
HF,46080.0,6.757161622960801,57.2175,57.223299999999995,41796.0,57262.0,Pipistrellus pipistrellus,0.394,0.506,-1,Echolocation,192000.0,/mnt/ubna_data_04/recover-20241118/UBNA_027/20241108_024000.WAV,recover-20241118,UBNA_027,Foliage
HF,45120.0,10.101204947357388,57.3495,57.3548,44375.0,55071.0,Pipistrellus pipistrellus,0.523,0.563,-1,Echolocation,192000.0,/mnt/ubna_data_04/recover-20241118/UBNA_027/20241108_024000.WAV,recover-20241118,UBNA_027,Foliage
HF,46080.0,13.357599080525546,57.4805,57.4858,43515.0,57567.0,Pipistrellus pipistrellus,0.557,0.653,-1,Echolocation,192000.0,/mnt/ubna_data_04/recover-20241118/UBNA_027/20241108_024000.WAV,recover-20241118,UBNA_027,Foliage
HF,46080.0,16.3719591624583,57.6275,57.6327,42656.0,56314.0,Pipistrellus pipistrellus,0.482,0.533,-1,Echolocation,192000.0,/mnt/ubna_data_04/recover-20241118/UBNA_027/20241108_024000.WAV,recover-20241118,UBNA_027,Foliage
HF,46080.0,13.885356168851446,57.7585,57.7631,42656.0,57456.0,Pipistrellus pipistrellus,0.46,0.542,-1,Echolocation,192000.0,/mnt/ubna_data_04/recover-20241118/UBNA_027/20241108_024000.WAV,recover-20241118,UBNA_027,Foliage
HF,46080.0,14.952968284405994,57.8825,57.8878,43515.0,50966.0,Pipistrellus pipistrellus,0.505,0.545,-1,Echolocation,192000.0,/mnt/ubna_data_04/recover-20241118/UBNA_027/20241108_024000.WAV,recover-20241118,UBNA_027,Foliage
HF,46080.0,13.394262040151496,58.2775,58.284,43515.0,55417.0,Pipistrellus pipistrellus,0.301,0.563,-1,Echolocation,192000.0,/mnt/ubna_data_04/recover-20241118/UBNA_027/20241108_024000.WAV,recover-20241118,UBNA_027,Foliage
HF,46080.0,6.101163100899357,58.3985,58.4037,45234.0,54851.0,Pipistrellus pipistrellus,0.601,0.628,-1,Echolocation,192000.0,/mnt/ubna_data_04/recover-20241118/UBNA_027/20241108_024000.WAV,recover-20241118,UBNA_027,Foliage
HF,46080.0,10.229295978018902,58.5325,58.5403,45234.0,51352.0,Pipistrellus pipistrellus,0.53,0.585,-1,Echolocation,192000.0,/mnt/ubna_data_04/recover-20241118/UBNA_027/20241108_024000.WAV,recover-20241118,UBNA_027,Foliage
HF,46080.0,6.888042331607968,190.6675,190.6735,46093.0,57743.0,Pipistrellus pipistrellus,0.453,0.558,-1,Echolocation,192000.0,/mnt/ubna_data_04/recover-20241118/UBNA_027/20241108_024000.WAV,recover-20241118,UBNA_027,Foliage
HF,48960.0,5.307350934367569,191.6205,191.6255,47812.0,57937.0,Pipistrellus pipistrellus,0.512,0.539,-1,Echolocation,192000.0,/mnt/ubna_data_04/recover-20241118/UBNA_027/20241108_024000.WAV,recover-20241118,UBNA_027,Foliage
HF,50880.0,7.912973087127084,191.8825,191.887,47812.0,60350.0,Pipistrellus pipistrellus,0.593,0.608,-1,Echolocation,192000.0,/mnt/ubna_data_04/recover-20241118/UBNA_027/20241108_024000.WAV,recover-20241118,UBNA_027,Foliage
HF,46080.0,14.411564340846972,193.1715,193.1755,43515.0,62528.0,Pipistrellus pipistrellus,0.386,0.501,-1,Echolocation,192000.0,/mnt/ubna_data_04/recover-20241118/UBNA_027/20241108_024000.WAV,recover-20241118,UBNA_027,Foliage
HF,47040.0,4.7210566119518145,193.5035,193.5086,46953.0,57790.0,Pipistrellus pipistrellus,0.505,0.546,-1,Echolocation,192000.0,/mnt/ubna_data_04/recover-20241118/UBNA_027/20241108_024000.WAV,recover-20241118,UBNA_027,Foliage
HF,48000.0,9.032601941800099,195.0155,195.0209,47812.0,61804.0,Pipistrellus pipistrellus,0.591,0.645,-1,Echolocation,192000.0,/mnt/ubna_data_04/recover-20241118/UBNA_027/20241108_024000.WAV,recover-20241118,UBNA_027,Foliage
HF,47040.0,9.699870120445,195.3975,195.4026,46093.0,56565.0,Pipistrellus pipistrellus,0.511,0.574,-1,Echolocation,192000.0,/mnt/ubna_data_04/recover-20241118/UBNA_027/20241108_024000.WAV,recover-20241118,UBNA_027,Foliage
HF,48000.0,10.17581782468892,195.5845,195.5895,46093.0,57252.0,Pipistrellus pipistrellus,0.557,0.602,-1,Echolocation,192000.0,/mnt/ubna_data_04/recover-20241118/UBNA_027/20241108_024000.WAV,recover-20241118,UBNA_027,Foliage
HF,47040.0,12.68592770185223,195.9865,195.992,46093.0,55736.0,Pipistrellus pipistrellus,0.568,0.611,-1,Echolocation,192000.0,/mnt/ubna_data_04/recover-20241118/UBNA_027/20241108_024000.WAV,recover-20241118,UBNA_027,Foliage
HF,46080.0,8.032484590882557,196.7485,196.754,45234.0,52825.0,Pipistrellus pipistrellus,0.521,0.567,-1,Echolocation,192000.0,/mnt/ubna_data_04/recover-20241118/UBNA_027/20241108_024000.WAV,recover-20241118,UBNA_027,Foliage
HF,46080.0,3.5416365084109573,197.2265,197.2331,45234.0,51085.0,Pipistrellus pipistrellus,0.456,0.502,-1,Echolocation,192000.0,/mnt/ubna_data_04/recover-20241118/UBNA_027/20241108_024000.WAV,recover-20241118,UBNA_027,Foliage
LF,24000.0,4.9005304811334,101.2765,101.2934,22890.0,27170.0,Nyctalus leisleri,0.575,0.659,-1,Echolocation,192000.0,/mnt/ubna_data_04/recover-20241118/UBNA_027/20241108_031000.WAV,recover-20241118,UBNA_027,Foliage
LF,23040.0,5.328455025994627,101.9785,101.9983,22890.0,26107.0,Nyctalus leisleri,0.485,0.509,-1,Echolocation,192000.0,/mnt/ubna_data_04/recover-20241118/UBNA_027/20241108_031000.WAV,recover-20241118,UBNA_027,Foliage
LF,23040.0,6.122104584074166,105.0565,105.0742,22890.0,27862.0,Nyctalus leisleri,0.406,0.533,-1,Echolocation,192000.0,/mnt/ubna_data_04/recover-20241118/UBNA_027/20241108_031000.WAV,recover-20241118,UBNA_027,Foliage
LF,23040.0,8.03456828847095,105.5295,105.5483,22890.0,26297.0,Nyctalus leisleri,0.478,0.529,-1,Echolocation,192000.0,/mnt/ubna_data_04/recover-20241118/UBNA_027/20241108_031000.WAV,recover-20241118,UBNA_027,Foliage
LF,23040.0,5.4792346162342085,106.0575,106.0737,22890.0,26354.0,Nyctalus leisleri,0.598,0.636,-1,Echolocation,192000.0,/mnt/ubna_data_04/recover-20241118/UBNA_027/20241108_031000.WAV,recover-20241118,UBNA_027,Foliage
LF,24000.0,10.717156878882806,106.4635,106.481,22890.0,25834.0,Nyctalus leisleri,0.66,0.697,-1,Echolocation,192000.0,/mnt/ubna_data_04/recover-20241118/UBNA_027/20241108_031000.WAV,recover-20241118,UBNA_027,Foliage
LF,24960.0,21.049612330075504,107.1185,107.1367,22890.0,25879.0,Nyctalus leisleri,0.779,0.803,-1,Echolocation,192000.0,/mnt/ubna_data_04/recover-20241118/UBNA_027/20241108_031000.WAV,recover-20241118,UBNA_027,Foliage
LF,24960.0,4.39393005932545,107.5125,107.5276,23750.0,27609.0,Nyctalus leisleri,0.606,0.666,-1,Echolocation,192000.0,/mnt/ubna_data_04/recover-20241118/UBNA_027/20241108_031000.WAV,recover-20241118,UBNA_027,Foliage
LF,24960.0,19.63500963936231,107.9385,107.955,22890.0,26237.0,Nyctalus leisleri,0.699,0.738,-1,Echolocation,192000.0,/mnt/ubna_data_04/recover-20241118/UBNA_027/20241108_031000.WAV,recover-20241118,UBNA_027,Foliage
LF,24960.0,16.98616818026387,108.58449999999999,108.6028,22890.0,25620.0,Nyctalus leisleri,0.734,0.761,-1,Echolocation,192000.0,/mnt/ubna_data_04/recover-20241118/UBNA_027/20241108_031000.WAV,recover-20241118,UBNA_027,Foliage
LF,23040.0,2.911364129314751,108.9815,109.0004,22031.0,25966.0,Nyctalus leisleri,0.459,0.515,-1,Echolocation,192000.0,/mnt/ubna_data_04/recover-20241118/UBNA_027/20241108_031000.WAV,recover-20241118,UBNA_027,Foliage
LF,23040.0,10.89096719934695,109.39750000000001,109.41550000000001,22890.0,27559.0,Nyctalus leisleri,0.596,0.663,-1,Echolocation,192000.0,/mnt/ubna_data_04/recover-20241118/UBNA_027/20241108_031000.WAV,recover-20241118,UBNA_027,Foliage
LF,23040.0,14.159271391708515,110.0715,110.0892,22031.0,25745.0,Nyctalus leisleri,0.698,0.72,-1,Echolocation,192000.0,/mnt/ubna_data_04/recover-20241118/UBNA_027/20241108_031000.WAV,recover-20241118,UBNA_027,Foliage
LF,23040.0,16.2804026071186,110.9135,110.9315,22031.0,25280.0,Nyctalus leisleri,0.597,0.627,-1,Echolocation,192000.0,/mnt/ubna_data_04/recover-20241118/UBNA_027/20241108_031000.WAV,recover-20241118,UBNA_027,Foliage
LF,23040.0,3.982867164009308,111.5815,111.5994,22031.0,26454.0,Nyctalus leisleri,0.412,0.524,-1,Echolocation,192000.0,/mnt/ubna_data_04/recover-20241118/UBNA_027/20241108_031000.WAV,recover-20241118,UBNA_027,Foliage
LF,26880.0,7.047542743656629,0.2685,0.2876,26328.0,28969.0,Nyctalus leisleri,0.463,0.503,-1,Echolocation,192000.0,/mnt/ubna_data_04/recover-20241118/UBNA_027/20241108_034000.WAV,recover-20241118,UBNA_027,Foliage
LF,26880.0,16.93433199403453,0.5425,0.5617,26328.0,29729.0,Nyctalus leisleri,0.592,0.649,-1,Echolocation,192000.0,/mnt/ubna_data_04/recover-20241118/UBNA_027/20241108_034000.WAV,recover-20241118,UBNA_027,Foliage
LF,26880.0,18.231146304352677,0.8315,0.8505,26328.0,29464.0,Nyctalus leisleri,0.678,0.699,-1,Echolocation,192000.0,/mnt/ubna_data_04/recover-20241118/UBNA_027/20241108_034000.WAV,recover-20241118,UBNA_027,Foliage
LF,26880.0,12.155112017997599,1.1055,1.1237,26328.0,29340.0,Nyctalus leisleri,0.488,0.52,-1,Echolocation,192000.0,/mnt/ubna_data_04/recover-20241118/UBNA_027/20241108_034000.WAV,recover-20241118,UBNA_027,Foliage
LF,26880.0,21.17800425796407,1.3935,1.413,26328.0,28530.0,Nyctalus leisleri,0.587,0.615,-1,Echolocation,192000.0,/mnt/ubna_data_04/recover-20241118/UBNA_027/20241108_034000.WAV,recover-20241118,UBNA_027,Foliage
LF,26880.0,13.568538714362905,1.8745,1.888,26328.0,30097.0,Nyctalus leisleri,0.56,0.598,-1,Echolocation,192000.0,/mnt/ubna_data_04/recover-20241118/UBNA_027/20241108_034000.WAV,recover-20241118,UBNA_027,Foliage
LF,26880.0,5.048846552149789,2.1615,2.1797,26328.0,29479.0,Nyctalus leisleri,0.435,0.502,-1,Echolocation,192000.0,/mnt/ubna_data_04/recover-20241118/UBNA_027/20241108_034000.WAV,recover-20241118,UBNA_027,Foliage
LF,26880.0,10.436389255595543,2.9915,3.0074,26328.0,28830.0,Nyctalus leisleri,0.536,0.57,-1,Echolocation,192000.0,/mnt/ubna_data_04/recover-20241118/UBNA_027/20241108_034000.WAV,recover-20241118,UBNA_027,Foliage
LF,26880.0,12.831688459606465,3.2325,3.2503,26328.0,29078.0,Nyctalus leisleri,0.536,0.599,-1,Echolocation,192000.0,/mnt/ubna_data_04/recover-20241118/UBNA_027/20241108_034000.WAV,recover-20241118,UBNA_027,Foliage
LF,26880.0,19.75832550511235,3.5305,3.5486,26328.0,29400.0,Nyctalus leisleri,0.599,0.661,-1,Echolocation,192000.0,/mnt/ubna_data_04/recover-20241118/UBNA_027/20241108_034000.WAV,recover-20241118,UBNA_027,Foliage
LF,26880.0,4.040640564809725,176.94650000000001,176.9631,26328.0,29761.0,Nyctalus leisleri,0.423,0.529,-1,Echolocation,192000.0,/mnt/ubna_data_04/recover-20241118/UBNA_027/20241108_045000.WAV,recover-20241118,UBNA_027,Foliage
LF,26880.0,4.649609374614292,177.5985,177.615,26328.0,29739.0,Nyctalus leisleri,0.494,0.6,-1,Echolocation,192000.0,/mnt/ubna_data_04/recover-20241118/UBNA_027/20241108_045000.WAV,recover-20241118,UBNA_027,Foliage
LF,26880.0,4.380591967462213,178.7035,178.7182,26328.0,29471.0,Nyctalus leisleri,0.475,0.532,-1,Echolocation,192000.0,/mnt/ubna_data_04/recover-20241118/UBNA_027/20241108_045000.WAV,recover-20241118,UBNA_027,Foliage
LF,26880.0,5.174744267564564,179.0285,179.0414,26328.0,30803.0,Nyctalus leisleri,0.48,0.576,-1,Echolocation,192000.0,/mnt/ubna_data_04/recover-20241118/UBNA_027/20241108_045000.WAV,recover-20241118,UBNA_027,Foliage
LF,26880.0,7.602812453843725,179.3695,179.3813,26328.0,30772.0,Nyctalus leisleri,0.614,0.69,-1,Echolocation,192000.0,/mnt/ubna_data_04/recover-20241118/UBNA_027/20241108_045000.WAV,recover-20241118,UBNA_027,Foliage
LF,26880.0,5.112420464841632,179.6995,179.7134,26328.0,29940.0,Nyctalus leisleri,0.472,0.597,-1,Echolocation,192000.0,/mnt/ubna_data_04/recover-20241118/UBNA_027/20241108_045000.WAV,recover-20241118,UBNA_027,Foliage
LF,26880.0,6.524566707017783,180.0355,180.0502,26328.0,29373.0,Nyctalus leisleri,0.576,0.645,-1,Echolocation,192000.0,/mnt/ubna_data_04/recover-20241118/UBNA_027/20241108_045000.WAV,recover-20241118,UBNA_027,Foliage
LF,26880.0,4.39595519571407,180.7085,180.7239,26328.0,29620.0,Nyctalus leisleri,0.527,0.612,-1,Echolocation,192000.0,/mnt/ubna_data_04/recover-20241118/UBNA_027/20241108_045000.WAV,recover-20241118,UBNA_027,Foliage
LF,26880.0,4.859594284409904,181.3865,181.403,26328.0,29135.0,Nyctalus leisleri,0.414,0.501,-1,Echolocation,192000.0,/mnt/ubna_data_04/recover-20241118/UBNA_027/20241108_045000.WAV,recover-20241118,UBNA_027,Foliage
LF,26880.0,6.575755188891885,182.0585,182.0743,25468.0,29363.0,Nyctalus leisleri,0.528,0.634,-1,Echolocation,192000.0,/mnt/ubna_data_04/recover-20241118/UBNA_027/20241108_045000.WAV,recover-20241118,UBNA_027,Foliage
HF,46080.0,4.743808587316259,167.7835,167.7891,45234.0,53897.0,Pipistrellus pipistrellus,0.489,0.509,-1,Echolocation,192000.0,/mnt/ubna_data_04/recover-20241118/UBNA_027/20241108_050000.WAV,recover-20241118,UBNA_027,Foliage
HF,45120.0,4.00569989648068,167.9785,167.9844,43515.0,53716.0,Pipistrellus pipistrellus,0.545,0.592,-1,Echolocation,192000.0,/mnt/ubna_data_04/recover-20241118/UBNA_027/20241108_050000.WAV,recover-20241118,UBNA_027,Foliage
HF,45120.0,3.9983632866912537,168.17849999999999,168.184,44375.0,53555.0,Pipistrellus pipistrellus,0.465,0.519,-1,Echolocation,192000.0,/mnt/ubna_data_04/recover-20241118/UBNA_027/20241108_050000.WAV,recover-20241118,UBNA_027,Foliage
LF,26880.0,7.569335433886042,145.3025,145.3177,26328.0,30889.0,Nyctalus leisleri,0.286,0.552,-1,Echolocation,192000.0,/mnt/ubna_data_04/recover-20241118/UBNA_027/20241108_055000.WAV,recover-20241118,UBNA_027,Foliage
LF,26880.0,5.651531174122403,146.9575,146.9753,26328.0,28801.0,Nyctalus leisleri,0.486,0.529,-1,Echolocation,192000.0,/mnt/ubna_data_04/recover-20241118/UBNA_027/20241108_055000.WAV,recover-20241118,UBNA_027,Foliage
LF,26880.0,3.407759179049574,147.8065,147.8209,26328.0,29998.0,Nyctalus leisleri,0.452,0.542,-1,Echolocation,192000.0,/mnt/ubna_data_04/recover-20241118/UBNA_027/20241108_055000.WAV,recover-20241118,UBNA_027,Foliage
LF,26880.0,6.031212586177174,148.4075,148.4225,25468.0,29401.0,Nyctalus leisleri,0.472,0.593,-1,Echolocation,192000.0,/mnt/ubna_data_04/recover-20241118/UBNA_027/20241108_055000.WAV,recover-20241118,UBNA_027,Foliage
LF,26880.0,3.4065974245623343,148.7605,148.776,26328.0,29488.0,Nyctalus leisleri,0.531,0.619,-1,Echolocation,192000.0,/mnt/ubna_data_04/recover-20241118/UBNA_027/20241108_055000.WAV,recover-20241118,UBNA_027,Foliage
LF,26880.0,7.69234784726346,149.0025,149.0183,25468.0,29254.0,Nyctalus leisleri,0.522,0.639,-1,Echolocation,192000.0,/mnt/ubna_data_04/recover-20241118/UBNA_027/20241108_055000.WAV,recover-20241118,UBNA_027,Foliage
LF,26880.0,7.896572146089204,149.3515,149.3649,26328.0,29990.0,Nyctalus leisleri,0.519,0.638,-1,Echolocation,192000.0,/mnt/ubna_data_04/recover-20241118/UBNA_027/20241108_055000.WAV,recover-20241118,UBNA_027,Foliage
LF,26880.0,4.120997425120762,149.5895,149.6024,26328.0,31831.0,Nyctalus leisleri,0.372,0.512,-1,Echolocation,192000.0,/mnt/ubna_data_04/recover-20241118/UBNA_027/20241108_055000.WAV,recover-20241118,UBNA_027,Foliage
LF,26880.0,2.736035877468453,149.9395,149.956,26328.0,29887.0,Nyctalus leisleri,0.456,0.548,-1,Echolocation,192000.0,/mnt/ubna_data_04/recover-20241118/UBNA_027/20241108_055000.WAV,recover-20241118,UBNA_027,Foliage
LF,27840.0,8.570067742204188,150.1875,150.2029,26328.0,30371.0,Nyctalus leisleri,0.47,0.642,-1,Echolocation,192000.0,/mnt/ubna_data_04/recover-20241118/UBNA_027/20241108_055000.WAV,recover-20241118,UBNA_027,Foliage
LF,27840.0,11.532241280704092,272.8425,272.8573,26328.0,32100.0,Nyctalus leisleri,0.357,0.549,-1,Echolocation,192000.0,/mnt/ubna_data_04/recover-20241118/UBNA_027/20241108_063000.WAV,recover-20241118,UBNA_027,Foliage
LF,26880.0,9.181711100489728,273.0705,273.0844,27187.0,32155.0,Nyctalus leisleri,0.389,0.579,-1,Echolocation,192000.0,/mnt/ubna_data_04/recover-20241118/UBNA_027/20241108_063000.WAV,recover-20241118,UBNA_027,Foliage
LF,26880.0,19.209940754927125,273.4075,273.4207,26328.0,33499.0,Nyctalus leisleri,0.316,0.691,-1,Echolocation,192000.0,/mnt/ubna_data_04/recover-20241118/UBNA_027/20241108_063000.WAV,recover-20241118,UBNA_027,Foliage
LF,26880.0,17.86808305628186,273.7475,273.7586,26328.0,34485.0,Nyctalus leisleri,0.43,0.69,-1,Echolocation,192000.0,/mnt/ubna_data_04/recover-20241118/UBNA_027/20241108_063000.WAV,recover-20241118,UBNA_027,Foliage
LF,26880.0,20.554466007440368,273.9755,273.9887,26328.0,34017.0,Nyctalus leisleri,0.374,0.701,-1,Echolocation,192000.0,/mnt/ubna_data_04/recover-20241118/UBNA_027/20241108_063000.WAV,recover-20241118,UBNA_027,Foliage
LF,26880.0,19.060572806988066,274.2045,274.2174,26328.0,31680.0,Nyctalus leisleri,0.646,0.755,-1,Echolocation,192000.0,/mnt/ubna_data_04/recover-20241118/UBNA_027/20241108_063000.WAV,recover-20241118,UBNA_027,Foliage
LF,26880.0,23.57117907845195,274.4325,274.447,26328.0,34707.0,Eptesicus serotinus,0.298,0.621,-1,Echolocation,192000.0,/mnt/ubna_data_04/recover-20241118/UBNA_027/20241108_063000.WAV,recover-20241118,UBNA_027,Foliage
LF,26880.0,20.119880448392276,274.7785,274.7909,26328.0,32308.0,Nyctalus leisleri,0.601,0.717,-1,Echolocation,192000.0,/mnt/ubna_data_04/recover-20241118/UBNA_027/20241108_063000.WAV,recover-20241118,UBNA_027,Foliage
LF,27840.0,22.99609883581244,275.0025,275.0144,26328.0,34876.0,Nyctalus leisleri,0.426,0.734,-1,Echolocation,192000.0,/mnt/ubna_data_04/recover-20241118/UBNA_027/20241108_063000.WAV,recover-20241118,UBNA_027,Foliage
LF,27840.0,18.971498318777705,275.2425,275.2561,26328.0,32690.0,Nyctalus leisleri,0.382,0.671,-1,Echolocation,192000.0,/mnt/ubna_data_04/recover-20241118/UBNA_027/20241108_063000.WAV,recover-20241118,UBNA_027,Foliage
LF,26880.0,13.006131627384036,275.4785,275.4929,26328.0,30162.0,Nyctalus leisleri,0.68,0.747,-1,Echolocation,192000.0,/mnt/ubna_data_04/recover-20241118/UBNA_027/20241108_063000.WAV,recover-20241118,UBNA_027,Foliage
LF,27840.0,17.969662072388054,275.7125,275.7257,26328.0,32852.0,Nyctalus leisleri,0.448,0.674,-1,Echolocation,192000.0,/mnt/ubna_data_04/recover-20241118/UBNA_027/20241108_063000.WAV,recover-20241118,UBNA_027,Foliage
LF,26880.0,19.69969187039871,275.9475,275.9598,26328.0,31666.0,Nyctalus leisleri,0.556,0.698,-1,Echolocation,192000.0,/mnt/ubna_data_04/recover-20241118/UBNA_027/20241108_063000.WAV,recover-20241118,UBNA_027,Foliage
LF,26880.0,20.43877572811867,276.1715,276.1843,26328.0,31958.0,Nyctalus leisleri,0.402,0.578,-1,Echolocation,192000.0,/mnt/ubna_data_04/recover-20241118/UBNA_027/20241108_063000.WAV,recover-20241118,UBNA_027,Foliage
LF,26880.0,24.688060359177932,276.4035,276.4155,27187.0,34681.0,Nyctalus leisleri,0.413,0.699,-1,Echolocation,192000.0,/mnt/ubna_data_04/recover-20241118/UBNA_027/20241108_063000.WAV,recover-20241118,UBNA_027,Foliage
LF,26880.0,21.54515308078409,276.6335,276.6453,26328.0,31918.0,Nyctalus leisleri,0.5,0.675,-1,Echolocation,192000.0,/mnt/ubna_data_04/recover-20241118/UBNA_027/20241108_063000.WAV,recover-20241118,UBNA_027,Foliage
LF,27840.0,30.071239717557194,276.8645,276.8787,25468.0,30523.0,Nyctalus leisleri,0.631,0.733,-1,Echolocation,192000.0,/mnt/ubna_data_04/recover-20241118/UBNA_027/20241108_063000.WAV,recover-20241118,UBNA_027,Foliage
LF,27840.0,10.398492394754593,277.0935,277.1064,26328.0,32480.0,Nyctalus leisleri,0.411,0.643,-1,Echolocation,192000.0,/mnt/ubna_data_04/recover-20241118/UBNA_027/20241108_063000.WAV,recover-20241118,UBNA_027,Foliage
LF,26880.0,27.771399338124798,277.4345,277.4462,26328.0,32350.0,Nyctalus leisleri,0.635,0.708,-1,Echolocation,192000.0,/mnt/ubna_data_04/recover-20241118/UBNA_027/20241108_063000.WAV,recover-20241118,UBNA_027,Foliage
LF,26880.0,27.105173446679967,278.2345,278.2472,26328.0,31723.0,Nyctalus leisleri,0.555,0.683,-1,Echolocation,192000.0,/mnt/ubna_data_04/recover-20241118/UBNA_027/20241108_063000.WAV,recover-20241118,UBNA_027,Foliage
LF,26880.0,30.564998608828464,278.4655,278.4795,25468.0,32881.0,Nyctalus leisleri,0.527,0.694,-1,Echolocation,192000.0,/mnt/ubna_data_04/recover-20241118/UBNA_027/20241108_063000.WAV,recover-20241118,UBNA_027,Foliage
LF,29760.0,28.66169398013077,278.6015,278.6112,27187.0,45912.0,Nyctalus leisleri,0.643,0.771,-1,Echolocation,192000.0,/mnt/ubna_data_04/recover-20241118/UBNA_027/20241108_063000.WAV,recover-20241118,UBNA_027,Foliage
LF,31680.0,23.65792417579142,278.7845,278.7931,28046.0,44162.0,Nyctalus leisleri,0.396,0.683,-1,Echolocation,192000.0,/mnt/ubna_data_04/recover-20241118/UBNA_027/20241108_063000.WAV,recover-20241118,UBNA_027,Foliage
LF,29760.0,16.33396166066457,278.8875,278.8936,22890.0,43484.0,Eptesicus serotinus,0.334,0.588,-1,Echolocation,192000.0,/mnt/ubna_data_04/recover-20241118/UBNA_027/20241108_063000.WAV,recover-20241118,UBNA_027,Foliage
LF,25920.0,11.064708789381106,278.9975,279.001,20312.0,37223.0,Plecotus austriacus,0.293,0.568,-1,Echolocation,192000.0,/mnt/ubna_data_04/recover-20241118/UBNA_027/20241108_063000.WAV,recover-20241118,UBNA_027,Foliage
LF,29760.0,25.978072418585143,279.4105,279.4209,27187.0,41022.0,Nyctalus leisleri,0.414,0.718,-1,Echolocation,192000.0,/mnt/ubna_data_04/recover-20241118/UBNA_027/20241108_063000.WAV,recover-20241118,UBNA_027,Foliage
LF,28800.0,24.50254273144033,279.5585,279.5703,27187.0,40829.0,Nyctalus leisleri,0.336,0.721,-1,Echolocation,192000.0,/mnt/ubna_data_04/recover-20241118/UBNA_027/20241108_063000.WAV,recover-20241118,UBNA_027,Foliage
LF,27840.0,29.943518825238968,279.7365,279.7468,26328.0,40941.0,Nyctalus leisleri,0.418,0.756,-1,Echolocation,192000.0,/mnt/ubna_data_04/recover-20241118/UBNA_027/20241108_063000.WAV,recover-20241118,UBNA_027,Foliage
LF,26880.0,28.073716269454863,279.9385,279.9494,26328.0,38439.0,Nyctalus leisleri,0.376,0.701,-1,Echolocation,192000.0,/mnt/ubna_data_04/recover-20241118/UBNA_027/20241108_063000.WAV,recover-20241118,UBNA_027,Foliage
LF,26880.0,35.86901625135453,280.1615,280.1738,25468.0,36839.0,Nyctalus leisleri,0.425,0.714,-1,Echolocation,192000.0,/mnt/ubna_data_04/recover-20241118/UBNA_027/20241108_063000.WAV,recover-20241118,UBNA_027,Foliage
LF,26880.0,21.983100958283707,280.3895,280.4001,26328.0,34455.0,Nyctalus leisleri,0.453,0.739,-1,Echolocation,192000.0,/mnt/ubna_data_04/recover-20241118/UBNA_027/20241108_063000.WAV,recover-20241118,UBNA_027,Foliage
LF,26880.0,36.12634789747882,280.7205,280.7335,25468.0,34590.0,Nyctalus leisleri,0.374,0.723,-1,Echolocation,192000.0,/mnt/ubna_data_04/recover-20241118/UBNA_027/20241108_063000.WAV,recover-20241118,UBNA_027,Foliage
LF,25920.0,26.511753658157453,280.9545,280.9688,25468.0,31149.0,Nyctalus leisleri,0.507,0.691,-1,Echolocation,192000.0,/mnt/ubna_data_04/recover-20241118/UBNA_027/20241108_063000.WAV,recover-20241118,UBNA_027,Foliage
LF,25920.0,40.50902674933346,281.1885,281.2031,25468.0,31194.0,Nyctalus leisleri,0.459,0.645,-1,Echolocation,192000.0,/mnt/ubna_data_04/recover-20241118/UBNA_027/20241108_063000.WAV,recover-20241118,UBNA_027,Foliage
LF,25920.0,29.24864469901675,281.5335,281.5472,25468.0,28834.0,Nyctalus leisleri,0.64,0.724,-1,Echolocation,192000.0,/mnt/ubna_data_04/recover-20241118/UBNA_027/20241108_063000.WAV,recover-20241118,UBNA_027,Foliage
LF,25920.0,39.055783185150204,281.8825,281.8961,24609.0,28071.0,Nyctalus leisleri,0.592,0.727,-1,Echolocation,192000.0,/mnt/ubna_data_04/recover-20241118/UBNA_027/20241108_063000.WAV,recover-20241118,UBNA_027,Foliage
LF,25920.0,23.104139555549036,282.1195,282.1335,25468.0,31017.0,Nyctalus leisleri,0.513,0.699,-1,Echolocation,192000.0,/mnt/ubna_data_04/recover-20241118/UBNA_027/20241108_063000.WAV,recover-20241118,UBNA_027,Foliage
LF,25920.0,35.96890644270411,282.4645,282.4832,24609.0,27636.0,Nyctalus leisleri,0.594,0.655,-1,Echolocation,192000.0,/mnt/ubna_data_04/recover-20241118/UBNA_027/20241108_063000.WAV,recover-20241118,UBNA_027,Foliage
LF,26880.0,30.26756445135939,282.6905,282.7045,25468.0,32498.0,Nyctalus leisleri,0.438,0.692,-1,Echolocation,192000.0,/mnt/ubna_data_04/recover-20241118/UBNA_027/20241108_063000.WAV,recover-20241118,UBNA_027,Foliage
LF,25920.0,23.892426825277123,282.9245,282.9378,25468.0,29558.0,Nyctalus leisleri,0.631,0.724,-1,Echolocation,192000.0,/mnt/ubna_data_04/recover-20241118/UBNA_027/20241108_063000.WAV,recover-20241118,UBNA_027,Foliage
LF,25920.0,32.43110026700866,283.2665,283.2782,24609.0,30981.0,Nyctalus leisleri,0.612,0.735,-1,Echolocation,192000.0,/mnt/ubna_data_04/recover-20241118/UBNA_027/20241108_063000.WAV,recover-20241118,UBNA_027,Foliage
LF,25920.0,19.952335994203075,283.6165,283.6296,25468.0,29754.0,Nyctalus leisleri,0.626,0.728,-1,Echolocation,192000.0,/mnt/ubna_data_04/recover-20241118/UBNA_027/20241108_063000.WAV,recover-20241118,UBNA_027,Foliage
LF,25920.0,29.515081035243043,283.8525,283.8655,25468.0,30072.0,Nyctalus leisleri,0.63,0.722,-1,Echolocation,192000.0,/mnt/ubna_data_04/recover-20241118/UBNA_027/20241108_063000.WAV,recover-20241118,UBNA_027,Foliage
LF,25920.0,16.79868168941696,284.2005,284.2135,25468.0,29815.0,Nyctalus leisleri,0.593,0.724,-1,Echolocation,192000.0,/mnt/ubna_data_04/recover-20241118/UBNA_027/20241108_063000.WAV,recover-20241118,UBNA_027,Foliage
LF,25920.0,18.585365324843334,284.4405,284.4529,25468.0,29233.0,Nyctalus leisleri,0.703,0.766,-1,Echolocation,192000.0,/mnt/ubna_data_04/recover-20241118/UBNA_027/20241108_063000.WAV,recover-20241118,UBNA_027,Foliage
LF,25920.0,28.551509024022323,284.6735,284.6875,25468.0,29950.0,Nyctalus leisleri,0.568,0.72,-1,Echolocation,192000.0,/mnt/ubna_data_04/recover-20241118/UBNA_027/20241108_063000.WAV,recover-20241118,UBNA_027,Foliage
LF,25920.0,24.357351211409334,284.9165,284.9296,25468.0,29132.0,Nyctalus leisleri,0.544,0.681,-1,Echolocation,192000.0,/mnt/ubna_data_04/recover-20241118/UBNA_027/20241108_063000.WAV,recover-20241118,UBNA_027,Foliage
LF,25920.0,21.98924417489404,285.2835,285.2976,24609.0,28158.0,Nyctalus leisleri,0.749,0.79,-1,Echolocation,192000.0,/mnt/ubna_data_04/recover-20241118/UBNA_027/20241108_063000.WAV,recover-20241118,UBNA_027,Foliage
LF,25920.0,12.590607000558416,285.6435,285.6597,24609.0,27345.0,Nyctalus leisleri,0.593,0.647,-1,Echolocation,192000.0,/mnt/ubna_data_04/recover-20241118/UBNA_027/20241108_063000.WAV,recover-20241118,UBNA_027,Foliage
LF,25920.0,17.211175968785184,285.8975,285.9131,25468.0,27962.0,Nyctalus leisleri,0.635,0.688,-1,Echolocation,192000.0,/mnt/ubna_data_04/recover-20241118/UBNA_027/20241108_063000.WAV,recover-20241118,UBNA_027,Foliage
LF,25920.0,13.880599975570021,286.1515,286.1666,25468.0,28492.0,Nyctalus leisleri,0.583,0.713,-1,Echolocation,192000.0,/mnt/ubna_data_04/recover-20241118/UBNA_027/20241108_063000.WAV,recover-20241118,UBNA_027,Foliage
LF,25920.0,5.1451871179805195,286.8665,286.8856,24609.0,28026.0,Nyctalus leisleri,0.47,0.552,-1,Echolocation,192000.0,/mnt/ubna_data_04/recover-20241118/UBNA_027/20241108_063000.WAV,recover-20241118,UBNA_027,Foliage
LF,25920.0,7.680467789786871,192.9095,192.9267,25468.0,29037.0,Nyctalus leisleri,0.487,0.582,-1,Echolocation,192000.0,/mnt/ubna_data_04/recover-20241118/UBNA_027/20241108_064000.WAV,recover-20241118,UBNA_027,Foliage
LF,25920.0,7.186487659694171,193.3725,193.3892,25468.0,28362.0,Nyctalus leisleri,0.552,0.601,-1,Echolocation,192000.0,/mnt/ubna_data_04/recover-20241118/UBNA_027/20241108_064000.WAV,recover-20241118,UBNA_027,Foliage
LF,25920.0,19.49640280211486,194.5745,194.5903,25468.0,28560.0,Nyctalus leisleri,0.566,0.63,-1,Echolocation,192000.0,/mnt/ubna_data_04/recover-20241118/UBNA_027/20241108_064000.WAV,recover-20241118,UBNA_027,Foliage
LF,25920.0,19.496351868987695,195.29149999999998,195.3104,24609.0,28916.0,Nyctalus leisleri,0.579,0.641,-1,Echolocation,192000.0,/mnt/ubna_data_04/recover-20241118/UBNA_027/20241108_064000.WAV,recover-20241118,UBNA_027,Foliage
LF,26880.0,7.601365006019927,196.1925,196.2063,26328.0,32187.0,Nyctalus leisleri,0.363,0.67,-1,Echolocation,192000.0,/mnt/ubna_data_04/recover-20241118/UBNA_027/20241108_064000.WAV,recover-20241118,UBNA_027,Foliage
LF,27840.0,11.384494948355798,196.5705,196.5828,25468.0,31904.0,Nyctalus leisleri,0.354,0.652,-1,Echolocation,192000.0,/mnt/ubna_data_04/recover-20241118/UBNA_027/20241108_064000.WAV,recover-20241118,UBNA_027,Foliage
LF,25920.0,15.661531514997776,197.2955,197.3081,25468.0,32664.0,Eptesicus serotinus,0.36,0.66,-1,Echolocation,192000.0,/mnt/ubna_data_04/recover-20241118/UBNA_027/20241108_064000.WAV,recover-20241118,UBNA_027,Foliage
LF,25920.0,14.29697522317457,197.6615,197.6732,25468.0,32324.0,Nyctalus leisleri,0.347,0.642,-1,Echolocation,192000.0,/mnt/ubna_data_04/recover-20241118/UBNA_027/20241108_064000.WAV,recover-20241118,UBNA_027,Foliage
LF,26880.0,4.394498659997815,197.8135,197.8231,26328.0,33045.0,Nyctalus leisleri,0.43,0.65,-1,Echolocation,192000.0,/mnt/ubna_data_04/recover-20241118/UBNA_027/20241108_064000.WAV,recover-20241118,UBNA_027,Foliage
LF,25920.0,16.0022225939882,198.4205,198.4318,25468.0,33159.0,Nyctalus leisleri,0.326,0.714,-1,Echolocation,192000.0,/mnt/ubna_data_04/recover-20241118/UBNA_027/20241108_064000.WAV,recover-20241118,UBNA_027,Foliage
LF,26880.0,20.456407641624867,199.0505,199.0631,25468.0,32588.0,Nyctalus leisleri,0.352,0.695,-1,Echolocation,192000.0,/mnt/ubna_data_04/recover-20241118/UBNA_027/20241108_064000.WAV,recover-20241118,UBNA_027,Foliage
LF,26880.0,8.131360994401252,199.7815,199.7935,26328.0,32483.0,Nyctalus leisleri,0.322,0.582,-1,Echolocation,192000.0,/mnt/ubna_data_04/recover-20241118/UBNA_027/20241108_064000.WAV,recover-20241118,UBNA_027,Foliage
LF,26880.0,8.706066906443738,201.2825,201.29579999999999,25468.0,31715.0,Nyctalus leisleri,0.385,0.66,-1,Echolocation,192000.0,/mnt/ubna_data_04/recover-20241118/UBNA_027/20241108_064000.WAV,recover-20241118,UBNA_027,Foliage
LF,25920.0,4.281079084528622,203.3655,203.37709999999998,24609.0,29486.0,Nyctalus leisleri,0.463,0.584,-1,Echolocation,192000.0,/mnt/ubna_data_04/recover-20241118/UBNA_027/20241108_064000.WAV,recover-20241118,UBNA_027,Foliage
HF,45120.0,4.92064763466155,196.9305,196.936,44375.0,52657.0,Pipistrellus pipistrellus,0.571,0.599,-1,Echolocation,192000.0,/mnt/ubna_data_04/recover-20241118/UBNA_027/20241108_070000.WAV,recover-20241118,UBNA_027,Foliage
HF,45120.0,5.8115266565063015,197.1325,197.1392,44375.0,54229.0,Pipistrellus pipistrellus,0.573,0.595,-1,Echolocation,192000.0,/mnt/ubna_data_04/recover-20241118/UBNA_027/20241108_070000.WAV,recover-20241118,UBNA_027,Foliage
HF,45120.0,7.591786094065926,197.2335,197.239,45234.0,53201.0,Pipistrellus pipistrellus,0.576,0.603,-1,Echolocation,192000.0,/mnt/ubna_data_04/recover-20241118/UBNA_027/20241108_070000.WAV,recover-20241118,UBNA_027,Foliage
HF,45120.0,13.253428738925972,197.33350000000002,197.3396,44375.0,53933.0,Pipistrellus pipistrellus,0.671,0.699,-1,Echolocation,192000.0,/mnt/ubna_data_04/recover-20241118/UBNA_027/20241108_070000.WAV,recover-20241118,UBNA_027,Foliage
HF,45120.0,3.961149757733545,197.5315,197.5379,44375.0,53760.0,Pipistrellus pipistrellus,0.575,0.608,-1,Echolocation,192000.0,/mnt/ubna_data_04/recover-20241118/UBNA_027/20241108_070000.WAV,recover-20241118,UBNA_027,Foliage
HF,46080.0,5.423630307399102,197.6415,197.6478,45234.0,52781.0,Pipistrellus pipistrellus,0.571,0.604,-1,Echolocation,192000.0,/mnt/ubna_data_04/recover-20241118/UBNA_027/20241108_070000.WAV,recover-20241118,UBNA_027,Foliage
HF,46080.0,6.574752462667495,197.7425,197.7478,45234.0,54683.0,Pipistrellus pipistrellus,0.521,0.546,-1,Echolocation,192000.0,/mnt/ubna_data_04/recover-20241118/UBNA_027/20241108_070000.WAV,recover-20241118,UBNA_027,Foliage
HF,47040.0,4.736361686689069,197.8495,197.8555,44375.0,51338.0,Pipistrellus pipistrellus,0.563,0.6,-1,Echolocation,192000.0,/mnt/ubna_data_04/recover-20241118/UBNA_027/20241108_070000.WAV,recover-20241118,UBNA_027,Foliage
HF,46080.0,5.723802289108468,197.9455,197.9515,44375.0,52903.0,Pipistrellus pipistrellus,0.559,0.601,-1,Echolocation,192000.0,/mnt/ubna_data_04/recover-20241118/UBNA_027/20241108_070000.WAV,recover-20241118,UBNA_027,Foliage
HF,46080.0,9.750753349464459,198.1445,198.1488,43515.0,59650.0,Pipistrellus pipistrellus,0.431,0.516,-1,Echolocation,192000.0,/mnt/ubna_data_04/recover-20241118/UBNA_027/20241108_070000.WAV,recover-20241118,UBNA_027,Foliage
HF,46080.0,10.346238030498762,198.3385,198.344,45234.0,59275.0,Pipistrellus pipistrellus,0.471,0.542,-1,Echolocation,192000.0,/mnt/ubna_data_04/recover-20241118/UBNA_027/20241108_070000.WAV,recover-20241118,UBNA_027,Foliage
HF,48000.0,16.444426688297565,199.07150000000001,199.0769,45234.0,66859.0,Pipistrellus pipistrellus,0.455,0.589,-1,Echolocation,192000.0,/mnt/ubna_data_04/recover-20241118/UBNA_027/20241108_070000.WAV,recover-20241118,UBNA_027,Foliage
HF,47040.0,21.95586798926884,199.2555,199.2613,45234.0,68178.0,Pipistrellus pipistrellus,0.555,0.641,-1,Echolocation,192000.0,/mnt/ubna_data_04/recover-20241118/UBNA_027/20241108_070000.WAV,recover-20241118,UBNA_027,Foliage
HF,52800.0,20.61799165045872,200.8305,200.8351,42656.0,71168.0,Pipistrellus pipistrellus,0.25,0.504,-1,Echolocation,192000.0,/mnt/ubna_data_04/recover-20241118/UBNA_027/20241108_070000.WAV,recover-20241118,UBNA_027,Foliage
HF,52800.0,16.697274351970265,201.0105,201.0153,44375.0,65267.0,Pipistrellus pipistrellus,0.493,0.627,-1,Echolocation,192000.0,/mnt/ubna_data_04/recover-20241118/UBNA_027/20241108_070000.WAV,recover-20241118,UBNA_027,Foliage
HF,48000.0,14.002314953577548,201.2015,201.2061,44375.0,61055.0,Pipistrellus pipistrellus,0.379,0.536,-1,Echolocation,192000.0,/mnt/ubna_data_04/recover-20241118/UBNA_027/20241108_070000.WAV,recover-20241118,UBNA_027,Foliage
HF,51840.0,13.810851405327757,201.5845,201.5895,44375.0,58399.0,Pipistrellus pipistrellus,0.547,0.714,-1,Echolocation,192000.0,/mnt/ubna_data_04/recover-20241118/UBNA_027/20241108_070000.WAV,recover-20241118,UBNA_027,Foliage
HF,45120.0,17.87231898791836,201.7765,201.7812,43515.0,57681.0,Pipistrellus pipistrellus,0.65,0.696,-1,Echolocation,192000.0,/mnt/ubna_data_04/recover-20241118/UBNA_027/20241108_070000.WAV,recover-20241118,UBNA_027,Foliage
HF,46080.0,13.121869734172929,202.7595,202.7682,44375.0,58600.0,Pipistrellus pipistrellus,0.364,0.514,-1,Echolocation,192000.0,/mnt/ubna_data_04/recover-20241118/UBNA_027/20241108_070000.WAV,recover-20241118,UBNA_027,Foliage
HF,45120.0,6.897686046748303,216.82150000000001,216.827,44375.0,52636.0,Pipistrellus pipistrellus,0.546,0.594,-1,Echolocation,192000.0,/mnt/ubna_data_04/recover-20241118/UBNA_027/20241108_072000.WAV,recover-20241118,UBNA_027,Foliage
HF,45120.0,4.078258553888017,217.6535,217.6601,44375.0,51548.0,Pipistrellus pipistrellus,0.503,0.534,-1,Echolocation,192000.0,/mnt/ubna_data_04/recover-20241118/UBNA_027/20241108_072000.WAV,recover-20241118,UBNA_027,Foliage
HF,48960.0,5.4491941843553775,4.3975,4.4021,46953.0,60276.0,Pipistrellus pipistrellus,0.568,0.633,-1,Echolocation,192000.0,/mnt/ubna_data_04/recover-20241118/UBNA_027/20241108_080000.WAV,recover-20241118,UBNA_027,Foliage
HF,45120.0,3.2029164393478733,3.1405,3.1468,45234.0,55328.0,Pipistrellus pipistrellus,0.515,0.528,-1,Echolocation,192000.0,/mnt/ubna_data_04/recover-20241118/UBNA_027/20241108_083000.WAV,recover-20241118,UBNA_027,Foliage
HF,45120.0,2.9390952015680663,3.3115,3.3177,45234.0,55435.0,Pipistrellus pipistrellus,0.57,0.603,-1,Echolocation,192000.0,/mnt/ubna_data_04/recover-20241118/UBNA_027/20241108_083000.WAV,recover-20241118,UBNA_027,Foliage
HF,46080.0,9.975471403164462,3.4075,3.4135,44375.0,59249.0,Pipistrellus pipistrellus,0.516,0.662,-1,Echolocation,192000.0,/mnt/ubna_data_04/recover-20241118/UBNA_027/20241108_083000.WAV,recover-20241118,UBNA_027,Foliage
HF,45120.0,10.032705781095856,3.5035,3.509,44375.0,58294.0,Pipistrellus pipistrellus,0.604,0.667,-1,Echolocation,192000.0,/mnt/ubna_data_04/recover-20241118/UBNA_027/20241108_083000.WAV,recover-20241118,UBNA_027,Foliage
HF,45120.0,9.143021197320829,3.6055,3.6112,44375.0,53588.0,Pipistrellus pipistrellus,0.577,0.604,-1,Echolocation,192000.0,/mnt/ubna_data_04/recover-20241118/UBNA_027/20241108_083000.WAV,recover-20241118,UBNA_027,Foliage
HF,45120.0,12.2460714887693,3.6945,3.6996,44375.0,59995.0,Pipistrellus pipistrellus,0.662,0.721,-1,Echolocation,192000.0,/mnt/ubna_data_04/recover-20241118/UBNA_027/20241108_083000.WAV,recover-20241118,UBNA_027,Foliage
HF,46080.0,5.780638582439606,3.7745,3.781,45234.0,58005.0,Pipistrellus pipistrellus,0.464,0.546,-1,Echolocation,192000.0,/mnt/ubna_data_04/recover-20241118/UBNA_027/20241108_083000.WAV,recover-20241118,UBNA_027,Foliage
HF,45120.0,7.204935461336099,3.8575,3.8628,45234.0,60035.0,Pipistrellus pipistrellus,0.605,0.68,-1,Echolocation,192000.0,/mnt/ubna_data_04/recover-20241118/UBNA_027/20241108_083000.WAV,recover-20241118,UBNA_027,Foliage
HF,45120.0,15.713029714320196,3.9415,3.947,43515.0,58859.0,Pipistrellus pipistrellus,0.603,0.674,-1,Echolocation,192000.0,/mnt/ubna_data_04/recover-20241118/UBNA_027/20241108_083000.WAV,recover-20241118,UBNA_027,Foliage
HF,45120.0,13.778318390499075,4.0385,4.0446,44375.0,59874.0,Pipistrellus pipistrellus,0.616,0.719,-1,Echolocation,192000.0,/mnt/ubna_data_04/recover-20241118/UBNA_027/20241108_083000.WAV,recover-20241118,UBNA_027,Foliage
HF,45120.0,13.685692139245457,4.1375,4.1425,43515.0,53315.0,Pipistrellus pipistrellus,0.569,0.608,-1,Echolocation,192000.0,/mnt/ubna_data_04/recover-20241118/UBNA_027/20241108_083000.WAV,recover-20241118,UBNA_027,Foliage
HF,45120.0,17.32746347058707,4.2405,4.2462,42656.0,60261.0,Pipistrellus pipistrellus,0.638,0.697,-1,Echolocation,192000.0,/mnt/ubna_data_04/recover-20241118/UBNA_027/20241108_083000.WAV,recover-20241118,UBNA_027,Foliage
HF,45120.0,19.413575852354302,4.4515,4.4565,42656.0,62277.0,Pipistrellus pipistrellus,0.634,0.667,-1,Echolocation,192000.0,/mnt/ubna_data_04/recover-20241118/UBNA_027/20241108_083000.WAV,recover-20241118,UBNA_027,Foliage
HF,46080.0,14.995912974626378,4.5595,4.5645,42656.0,58671.0,Pipistrellus pipistrellus,0.558,0.623,-1,Echolocation,192000.0,/mnt/ubna_data_04/recover-20241118/UBNA_027/20241108_083000.WAV,recover-20241118,UBNA_027,Foliage
HF,45120.0,17.13042939127113,4.7705,4.7762,43515.0,58321.0,Pipistrellus pipistrellus,0.485,0.575,-1,Echolocation,192000.0,/mnt/ubna_data_04/recover-20241118/UBNA_027/20241108_083000.WAV,recover-20241118,UBNA_027,Foliage
HF,46080.0,16.820086670881146,5.0345,5.0415,44375.0,58607.0,Pipistrellus pipistrellus,0.418,0.559,-1,Echolocation,192000.0,/mnt/ubna_data_04/recover-20241118/UBNA_027/20241108_083000.WAV,recover-20241118,UBNA_027,Foliage
HF,46080.0,5.651639899891654,5.2085,5.2176,45234.0,50359.0,Pipistrellus pipistrellus,0.471,0.506,-1,Echolocation,192000.0,/mnt/ubna_data_04/recover-20241118/UBNA_027/20241108_083000.WAV,recover-20241118,UBNA_027,Foliage
HF,45120.0,10.284431849772812,6.0905,6.1002,44375.0,52375.0,Pipistrellus pipistrellus,0.587,0.673,-1,Echolocation,192000.0,/mnt/ubna_data_04/recover-20241118/UBNA_027/20241108_083000.WAV,recover-20241118,UBNA_027,Foliage
HF,46080.0,5.830685082872153,6.9775,6.9827,44375.0,51109.0,Pipistrellus pipistrellus,0.528,0.547,-1,Echolocation,192000.0,/mnt/ubna_data_04/recover-20241118/UBNA_027/20241108_083000.WAV,recover-20241118,UBNA_027,Foliage
HF,45120.0,5.662972431098284,8.8705,8.8757,45234.0,52701.0,Pipistrellus pipistrellus,0.464,0.515,-1,Echolocation,192000.0,/mnt/ubna_data_04/recover-20241118/UBNA_027/20241108_083000.WAV,recover-20241118,UBNA_027,Foliage
HF,45120.0,2.95785394523452,9.1645,9.1713,43515.0,52278.0,Pipistrellus pipistrellus,0.483,0.554,-1,Echolocation,192000.0,/mnt/ubna_data_04/recover-20241118/UBNA_027/20241108_083000.WAV,recover-20241118,UBNA_027,Foliage
HF,45120.0,6.228257028557901,9.3715,9.377,44375.0,54440.0,Pipistrellus pipistrellus,0.619,0.658,-1,Echolocation,192000.0,/mnt/ubna_data_04/recover-20241118/UBNA_027/20241108_083000.WAV,recover-20241118,UBNA_027,Foliage
HF,45120.0,5.163631814943072,9.6975,9.7033,45234.0,53881.0,Pipistrellus pipistrellus,0.6,0.631,-1,Echolocation,192000.0,/mnt/ubna_data_04/recover-20241118/UBNA_027/20241108_083000.WAV,recover-20241118,UBNA_027,Foliage
HF,46080.0,11.520012905831543,17.9035,17.9081,45234.0,54809.0,Pipistrellus pipistrellus,0.54,0.576,-1,Echolocation,192000.0,/mnt/ubna_data_04/recover-20241118/UBNA_027/20241108_083000.WAV,recover-20241118,UBNA_027,Foliage
HF,47040.0,5.0925942121357775,18.0045,18.0099,45234.0,52488.0,Pipistrellus pipistrellus,0.572,0.577,-1,Echolocation,192000.0,/mnt/ubna_data_04/recover-20241118/UBNA_027/20241108_083000.WAV,recover-20241118,UBNA_027,Foliage
HF,47040.0,7.257853192225623,18.0975,18.1028,46953.0,55713.0,Pipistrellus pipistrellus,0.583,0.593,-1,Echolocation,192000.0,/mnt/ubna_data_04/recover-20241118/UBNA_027/20241108_083000.WAV,recover-20241118,UBNA_027,Foliage
HF,46080.0,6.996630354080889,18.2935,18.2988,46093.0,59535.0,Pipistrellus pipistrellus,0.589,0.628,-1,Echolocation,192000.0,/mnt/ubna_data_04/recover-20241118/UBNA_027/20241108_083000.WAV,recover-20241118,UBNA_027,Foliage
HF,46080.0,3.970418646710545,18.3685,18.3732,46093.0,58795.0,Pipistrellus pipistrellus,0.559,0.591,-1,Echolocation,192000.0,/mnt/ubna_data_04/recover-20241118/UBNA_027/20241108_083000.WAV,recover-20241118,UBNA_027,Foliage
HF,46080.0,9.052265835163842,18.4455,18.4504,46093.0,60988.0,Pipistrellus pipistrellus,0.596,0.631,-1,Echolocation,192000.0,/mnt/ubna_data_04/recover-20241118/UBNA_027/20241108_083000.WAV,recover-20241118,UBNA_027,Foliage
HF,46080.0,8.582470928088338,18.5415,18.5465,46093.0,57698.0,Pipistrellus pipistrellus,0.599,0.614,-1,Echolocation,192000.0,/mnt/ubna_data_04/recover-20241118/UBNA_027/20241108_083000.WAV,recover-20241118,UBNA_027,Foliage
HF,46080.0,9.551437054367286,18.6305,18.6352,46093.0,55413.0,Pipistrellus pipistrellus,0.574,0.59,-1,Echolocation,192000.0,/mnt/ubna_data_04/recover-20241118/UBNA_027/20241108_083000.WAV,recover-20241118,UBNA_027,Foliage
HF,46080.0,14.49735652249932,18.7155,18.72,46093.0,62597.0,Pipistrellus pipistrellus,0.681,0.727,-1,Echolocation,192000.0,/mnt/ubna_data_04/recover-20241118/UBNA_027/20241108_083000.WAV,recover-20241118,UBNA_027,Foliage
HF,47040.0,14.150288443805001,18.8095,18.814,46093.0,60186.0,Pipistrellus pipistrellus,0.693,0.709,-1,Echolocation,192000.0,/mnt/ubna_data_04/recover-20241118/UBNA_027/20241108_083000.WAV,recover-20241118,UBNA_027,Foliage
HF,46080.0,12.683283461204073,18.9015,18.9066,45234.0,58821.0,Pipistrellus pipistrellus,0.689,0.713,-1,Echolocation,192000.0,/mnt/ubna_data_04/recover-20241118/UBNA_027/20241108_083000.WAV,recover-20241118,UBNA_027,Foliage
HF,47040.0,14.710394791100434,18.9965,19.0018,45234.0,62163.0,Pipistrellus pipistrellus,0.68,0.734,-1,Echolocation,192000.0,/mnt/ubna_data_04/recover-20241118/UBNA_027/20241108_083000.WAV,recover-20241118,UBNA_027,Foliage
HF,47040.0,14.094436142507373,19.0905,19.0954,46093.0,60284.0,Pipistrellus pipistrellus,0.675,0.698,-1,Echolocation,192000.0,/mnt/ubna_data_04/recover-20241118/UBNA_027/20241108_083000.WAV,recover-20241118,UBNA_027,Foliage
HF,46080.0,14.504568001910108,19.1895,19.1946,45234.0,61467.0,Pipistrellus pipistrellus,0.591,0.637,-1,Echolocation,192000.0,/mnt/ubna_data_04/recover-20241118/UBNA_027/20241108_083000.WAV,recover-20241118,UBNA_027,Foliage
HF,46080.0,17.728993042003594,19.2945,19.2993,45234.0,59258.0,Pipistrellus pipistrellus,0.679,0.694,-1,Echolocation,192000.0,/mnt/ubna_data_04/recover-20241118/UBNA_027/20241108_083000.WAV,recover-20241118,UBNA_027,Foliage
HF,46080.0,17.08976050588624,19.3895,19.3943,45234.0,63023.0,Pipistrellus pipistrellus,0.651,0.671,-1,Echolocation,192000.0,/mnt/ubna_data_04/recover-20241118/UBNA_027/20241108_083000.WAV,recover-20241118,UBNA_027,Foliage
HF,46080.0,11.344870224196399,19.4875,19.4928,45234.0,57261.0,Pipistrellus pipistrellus,0.568,0.594,-1,Echolocation,192000.0,/mnt/ubna_data_04/recover-20241118/UBNA_027/20241108_083000.WAV,recover-20241118,UBNA_027,Foliage
HF,46080.0,17.582370244987025,19.5815,19.587,43515.0,58109.0,Pipistrellus pipistrellus,0.555,0.586,-1,Echolocation,192000.0,/mnt/ubna_data_04/recover-20241118/UBNA_027/20241108_083000.WAV,recover-20241118,UBNA_027,Foliage
HF,45120.0,21.89262456950939,19.6805,19.6862,43515.0,59176.0,Pipistrellus pipistrellus,0.593,0.643,-1,Echolocation,192000.0,/mnt/ubna_data_04/recover-20241118/UBNA_027/20241108_083000.WAV,recover-20241118,UBNA_027,Foliage
HF,47040.0,5.629633538730059,19.7855,19.7912,46953.0,54716.0,Pipistrellus pipistrellus,0.528,0.539,-1,Echolocation,192000.0,/mnt/ubna_data_04/recover-20241118/UBNA_027/20241108_083000.WAV,recover-20241118,UBNA_027,Foliage
HF,45120.0,15.566647249507513,19.8875,19.8932,43515.0,58582.0,Pipistrellus pipistrellus,0.578,0.655,-1,Echolocation,192000.0,/mnt/ubna_data_04/recover-20241118/UBNA_027/20241108_083000.WAV,recover-20241118,UBNA_027,Foliage
HF,46080.0,9.758854441063743,19.9915,19.9987,46093.0,55577.0,Pipistrellus pipistrellus,0.47,0.523,-1,Echolocation,192000.0,/mnt/ubna_data_04/recover-20241118/UBNA_027/20241108_083000.WAV,recover-20241118,UBNA_027,Foliage
HF,46080.0,18.02905627899428,20.0885,20.0952,43515.0,57848.0,Pipistrellus pipistrellus,0.301,0.541,-1,Echolocation,192000.0,/mnt/ubna_data_04/recover-20241118/UBNA_027/20241108_083000.WAV,recover-20241118,UBNA_027,Foliage
HF,48000.0,9.490795849301488,21.8735,21.8802,46953.0,62571.0,Pipistrellus pipistrellus,0.439,0.569,-1,Echolocation,192000.0,/mnt/ubna_data_04/recover-20241118/UBNA_027/20241108_083000.WAV,recover-20241118,UBNA_027,Foliage
HF,46080.0,9.183832320719912,22.0755,22.0844,44375.0,59149.0,Pipistrellus pipistrellus,0.404,0.535,-1,Echolocation,192000.0,/mnt/ubna_data_04/recover-20241118/UBNA_027/20241108_083000.WAV,recover-20241118,UBNA_027,Foliage
HF,47040.0,12.835844185348275,22.2725,22.2821,46953.0,61795.0,Pipistrellus pipistrellus,0.47,0.539,-1,Echolocation,192000.0,/mnt/ubna_data_04/recover-20241118/UBNA_027/20241108_083000.WAV,recover-20241118,UBNA_027,Foliage
HF,52800.0,11.942171719422294,22.3605,22.3684,46953.0,65134.0,Pipistrellus pipistrellus,0.477,0.592,-1,Echolocation,192000.0,/mnt/ubna_data_04/recover-20241118/UBNA_027/20241108_083000.WAV,recover-20241118,UBNA_027,Foliage
HF,45120.0,10.476063546476116,22.5515,22.5587,44375.0,59879.0,Pipistrellus pipistrellus,0.571,0.655,-1,Echolocation,192000.0,/mnt/ubna_data_04/recover-20241118/UBNA_027/20241108_083000.WAV,recover-20241118,UBNA_027,Foliage
HF,46080.0,14.577408862404049,22.6635,22.6727,45234.0,62050.0,Pipistrellus pipistrellus,0.431,0.588,-1,Echolocation,192000.0,/mnt/ubna_data_04/recover-20241118/UBNA_027/20241108_083000.WAV,recover-20241118,UBNA_027,Foliage
HF,46080.0,11.579048671629902,23.0615,23.0656,44375.0,58048.0,Pipistrellus pipistrellus,0.501,0.568,-1,Echolocation,192000.0,/mnt/ubna_data_04/recover-20241118/UBNA_027/20241108_083000.WAV,recover-20241118,UBNA_027,Foliage
HF,46080.0,5.404851755753918,23.3515,23.3574,43515.0,58257.0,Pipistrellus pipistrellus,0.449,0.581,-1,Echolocation,192000.0,/mnt/ubna_data_04/recover-20241118/UBNA_027/20241108_083000.WAV,recover-20241118,UBNA_027,Foliage
HF,46080.0,6.854714556872028,26.4815,26.4931,45234.0,61355.0,Pipistrellus pipistrellus,0.385,0.526,-1,Echolocation,192000.0,/mnt/ubna_data_04/recover-20241118/UBNA_027/20241108_083000.WAV,recover-20241118,UBNA_027,Foliage
HF,46080.0,6.953617096925749,26.5815,26.5889,44375.0,58683.0,Pipistrellus pipistrellus,0.51,0.629,-1,Echolocation,192000.0,/mnt/ubna_data_04/recover-20241118/UBNA_027/20241108_083000.WAV,recover-20241118,UBNA_027,Foliage
HF,46080.0,14.04633143612088,26.7805,26.7874,44375.0,61717.0,Pipistrellus pipistrellus,0.648,0.722,-1,Echolocation,192000.0,/mnt/ubna_data_04/recover-20241118/UBNA_027/20241108_083000.WAV,recover-20241118,UBNA_027,Foliage
HF,45120.0,10.967160353349463,26.9975,27.0048,44375.0,58883.0,Pipistrellus pipistrellus,0.59,0.696,-1,Echolocation,192000.0,/mnt/ubna_data_04/recover-20241118/UBNA_027/20241108_083000.WAV,recover-20241118,UBNA_027,Foliage
HF,48000.0,4.52123169271151,27.0965,27.1021,46093.0,57728.0,Pipistrellus pipistrellus,0.576,0.61,-1,Echolocation,192000.0,/mnt/ubna_data_04/recover-20241118/UBNA_027/20241108_083000.WAV,recover-20241118,UBNA_027,Foliage
HF,45120.0,11.012231786022259,27.1975,27.2031,44375.0,58552.0,Pipistrellus pipistrellus,0.648,0.699,-1,Echolocation,192000.0,/mnt/ubna_data_04/recover-20241118/UBNA_027/20241108_083000.WAV,recover-20241118,UBNA_027,Foliage
HF,45120.0,12.469039180625554,27.5485,27.5555,44375.0,61711.0,Pipistrellus pipistrellus,0.466,0.635,-1,Echolocation,192000.0,/mnt/ubna_data_04/recover-20241118/UBNA_027/20241108_083000.WAV,recover-20241118,UBNA_027,Foliage
HF,46080.0,7.585247052994033,27.7375,27.7457,44375.0,58394.0,Pipistrellus pipistrellus,0.549,0.588,-1,Echolocation,192000.0,/mnt/ubna_data_04/recover-20241118/UBNA_027/20241108_083000.WAV,recover-20241118,UBNA_027,Foliage
HF,46080.0,14.764479795421455,27.8295,27.8373,44375.0,61612.0,Pipistrellus pipistrellus,0.579,0.673,-1,Echolocation,192000.0,/mnt/ubna_data_04/recover-20241118/UBNA_027/20241108_083000.WAV,recover-20241118,UBNA_027,Foliage
HF,46080.0,5.931229350053276,34.1895,34.1973,44375.0,50017.0,Pipistrellus pipistrellus,0.548,0.562,-1,Echolocation,192000.0,/mnt/ubna_data_04/recover-20241118/UBNA_027/20241108_083000.WAV,recover-20241118,UBNA_027,Foliage
HF,45120.0,6.993455248902849,35.1655,35.173,44375.0,51921.0,Pipistrellus pipistrellus,0.562,0.634,-1,Echolocation,192000.0,/mnt/ubna_data_04/recover-20241118/UBNA_027/20241108_083000.WAV,recover-20241118,UBNA_027,Foliage
HF,44160.0,9.03639389161608,38.3445,38.3514,44375.0,54927.0,Pipistrellus pipistrellus,0.663,0.691,-1,Echolocation,192000.0,/mnt/ubna_data_04/recover-20241118/UBNA_027/20241108_083000.WAV,recover-20241118,UBNA_027,Foliage
HF,45120.0,15.058236335843368,38.4465,38.4527,43515.0,57416.0,Pipistrellus pipistrellus,0.67,0.716,-1,Echolocation,192000.0,/mnt/ubna_data_04/recover-20241118/UBNA_027/20241108_083000.WAV,recover-20241118,UBNA_027,Foliage
HF,44160.0,6.531483531871905,38.7245,38.7304,43515.0,55591.0,Pipistrellus pipistrellus,0.572,0.641,-1,Echolocation,192000.0,/mnt/ubna_data_04/recover-20241118/UBNA_027/20241108_083000.WAV,recover-20241118,UBNA_027,Foliage
HF,44160.0,12.162909843809349,38.8215,38.8274,44375.0,55580.0,Pipistrellus pipistrellus,0.637,0.664,-1,Echolocation,192000.0,/mnt/ubna_data_04/recover-20241118/UBNA_027/20241108_083000.WAV,recover-20241118,UBNA_027,Foliage
HF,45120.0,10.012173767417634,39.0585,39.0638,44375.0,55509.0,Pipistrellus pipistrellus,0.621,0.647,-1,Echolocation,192000.0,/mnt/ubna_data_04/recover-20241118/UBNA_027/20241108_083000.WAV,recover-20241118,UBNA_027,Foliage
HF,46080.0,7.572573826926224,39.1325,39.138,45234.0,56915.0,Pipistrellus pipistrellus,0.617,0.637,-1,Echolocation,192000.0,/mnt/ubna_data_04/recover-20241118/UBNA_027/20241108_083000.WAV,recover-20241118,UBNA_027,Foliage
HF,46080.0,7.37747714790438,39.2795,39.2863,45234.0,58035.0,Pipistrellus pipistrellus,0.64,0.699,-1,Echolocation,192000.0,/mnt/ubna_data_04/recover-20241118/UBNA_027/20241108_083000.WAV,recover-20241118,UBNA_027,Foliage
HF,45120.0,4.765089763499378,39.585499999999996,39.5908,44375.0,53235.0,Pipistrellus pipistrellus,0.551,0.566,-1,Echolocation,192000.0,/mnt/ubna_data_04/recover-20241118/UBNA_027/20241108_083000.WAV,recover-20241118,UBNA_027,Foliage
HF,45120.0,4.453941514976506,42.3715,42.378299999999996,44375.0,52210.0,Pipistrellus pipistrellus,0.554,0.573,-1,Echolocation,192000.0,/mnt/ubna_data_04/recover-20241118/UBNA_027/20241108_083000.WAV,recover-20241118,UBNA_027,Foliage
HF,45120.0,6.6004362865600585,42.4695,42.4749,45234.0,54581.0,Pipistrellus pipistrellus,0.634,0.657,-1,Echolocation,192000.0,/mnt/ubna_data_04/recover-20241118/UBNA_027/20241108_083000.WAV,recover-20241118,UBNA_027,Foliage
HF,45120.0,5.323721443912084,42.6575,42.6629,44375.0,52282.0,Pipistrellus pipistrellus,0.559,0.588,-1,Echolocation,192000.0,/mnt/ubna_data_04/recover-20241118/UBNA_027/20241108_083000.WAV,recover-20241118,UBNA_027,Foliage
HF,45120.0,3.8883232229126534,42.8555,42.8605,44375.0,53078.0,Pipistrellus pipistrellus,0.548,0.592,-1,Echolocation,192000.0,/mnt/ubna_data_04/recover-20241118/UBNA_027/20241108_083000.WAV,recover-20241118,UBNA_027,Foliage
HF,44160.0,5.800238168979269,43.2085,43.2144,43515.0,51318.0,Pipistrellus pipistrellus,0.592,0.656,-1,Echolocation,192000.0,/mnt/ubna_data_04/recover-20241118/UBNA_027/20241108_083000.WAV,recover-20241118,UBNA_027,Foliage
HF,44160.0,3.514302982052401,43.2905,43.2966,44375.0,51795.0,Pipistrellus pipistrellus,0.51,0.541,-1,Echolocation,192000.0,/mnt/ubna_data_04/recover-20241118/UBNA_027/20241108_083000.WAV,recover-20241118,UBNA_027,Foliage
HF,45120.0,3.8017689663779914,43.3705,43.376,44375.0,51441.0,Pipistrellus pipistrellus,0.518,0.541,-1,Echolocation,192000.0,/mnt/ubna_data_04/recover-20241118/UBNA_027/20241108_083000.WAV,recover-20241118,UBNA_027,Foliage
HF,46080.0,4.421551109265282,43.4645,43.4695,45234.0,57159.0,Pipistrellus pipistrellus,0.637,0.667,-1,Echolocation,192000.0,/mnt/ubna_data_04/recover-20241118/UBNA_027/20241108_083000.WAV,recover-20241118,UBNA_027,Foliage
HF,46080.0,3.9474666906093714,44.0945,44.100300000000004,45234.0,54762.0,Pipistrellus pipistrellus,0.535,0.546,-1,Echolocation,192000.0,/mnt/ubna_data_04/recover-20241118/UBNA_027/20241108_083000.WAV,recover-20241118,UBNA_027,Foliage
HF,46080.0,4.584302432513959,44.1775,44.1841,44375.0,51906.0,Pipistrellus pipistrellus,0.546,0.586,-1,Echolocation,192000.0,/mnt/ubna_data_04/recover-20241118/UBNA_027/20241108_083000.WAV,recover-20241118,UBNA_027,Foliage
HF,44160.0,15.645526628735208,44.2645,44.2697,43515.0,56599.0,Pipistrellus pipistrellus,0.643,0.668,-1,Echolocation,192000.0,/mnt/ubna_data_04/recover-20241118/UBNA_027/20241108_083000.WAV,recover-20241118,UBNA_027,Foliage
HF,45120.0,4.156424768578088,44.3575,44.3633,44375.0,51882.0,Pipistrellus pipistrellus,0.547,0.573,-1,Echolocation,192000.0,/mnt/ubna_data_04/recover-20241118/UBNA_027/20241108_083000.WAV,recover-20241118,UBNA_027,Foliage
HF,44160.0,13.935164034306503,44.451499999999996,44.4567,43515.0,57208.0,Pipistrellus pipistrellus,0.638,0.666,-1,Echolocation,192000.0,/mnt/ubna_data_04/recover-20241118/UBNA_027/20241108_083000.WAV,recover-20241118,UBNA_027,Foliage
HF,45120.0,16.497146098011754,44.5465,44.5525,44375.0,56829.0,Pipistrellus pipistrellus,0.611,0.65,-1,Echolocation,192000.0,/mnt/ubna_data_04/recover-20241118/UBNA_027/20241108_083000.WAV,recover-20241118,UBNA_027,Foliage
HF,45120.0,5.706056706269185,44.7495,44.7552,44375.0,54765.0,Pipistrellus pipistrellus,0.637,0.662,-1,Echolocation,192000.0,/mnt/ubna_data_04/recover-20241118/UBNA_027/20241108_083000.WAV,recover-20241118,UBNA_027,Foliage
HF,45120.0,3.6595072634902297,44.8565,44.8622,43515.0,50033.0,Pipistrellus pipistrellus,0.485,0.52,-1,Echolocation,192000.0,/mnt/ubna_data_04/recover-20241118/UBNA_027/20241108_083000.WAV,recover-20241118,UBNA_027,Foliage
HF,45120.0,11.30036952627863,44.9615,44.9672,44375.0,55534.0,Pipistrellus pipistrellus,0.628,0.674,-1,Echolocation,192000.0,/mnt/ubna_data_04/recover-20241118/UBNA_027/20241108_083000.WAV,recover-20241118,UBNA_027,Foliage
HF,45120.0,4.3452997002628395,45.3835,45.3897,44375.0,56399.0,Pipistrellus pipistrellus,0.59,0.641,-1,Echolocation,192000.0,/mnt/ubna_data_04/recover-20241118/UBNA_027/20241108_083000.WAV,recover-20241118,UBNA_027,Foliage
HF,44160.0,7.557214493270297,45.4915,45.4971,43515.0,55439.0,Pipistrellus pipistrellus,0.657,0.684,-1,Echolocation,192000.0,/mnt/ubna_data_04/recover-20241118/UBNA_027/20241108_083000.WAV,recover-20241118,UBNA_027,Foliage
HF,45120.0,6.778068735600701,45.7005,45.7077,44375.0,52650.0,Pipistrellus pipistrellus,0.654,0.68,-1,Echolocation,192000.0,/mnt/ubna_data_04/recover-20241118/UBNA_027/20241108_083000.WAV,recover-20241118,UBNA_027,Foliage
HF,44160.0,6.258405046026628,45.8845,45.8913,44375.0,56432.0,Pipistrellus pipistrellus,0.558,0.593,-1,Echolocation,192000.0,/mnt/ubna_data_04/recover-20241118/UBNA_027/20241108_083000.WAV,recover-20241118,UBNA_027,Foliage
HF,45120.0,11.564234853820077,46.466499999999996,46.4727,44375.0,57097.0,Pipistrellus pipistrellus,0.644,0.716,-1,Echolocation,192000.0,/mnt/ubna_data_04/recover-20241118/UBNA_027/20241108_083000.WAV,recover-20241118,UBNA_027,Foliage
HF,45120.0,6.3046295175523595,46.575500000000005,46.5815,43515.0,54226.0,Pipistrellus pipistrellus,0.635,0.657,-1,Echolocation,192000.0,/mnt/ubna_data_04/recover-20241118/UBNA_027/20241108_083000.WAV,recover-20241118,UBNA_027,Foliage
HF,44160.0,17.6845782480898,46.673500000000004,46.6799,43515.0,56386.0,Pipistrellus pipistrellus,0.651,0.714,-1,Echolocation,192000.0,/mnt/ubna_data_04/recover-20241118/UBNA_027/20241108_083000.WAV,recover-20241118,UBNA_027,Foliage
HF,44160.0,11.17491574808271,46.7675,46.773700000000005,44375.0,55795.0,Pipistrellus pipistrellus,0.601,0.663,-1,Echolocation,192000.0,/mnt/ubna_data_04/recover-20241118/UBNA_027/20241108_083000.WAV,recover-20241118,UBNA_027,Foliage
HF,45120.0,5.683371603791336,46.8635,46.8691,44375.0,55020.0,Pipistrellus pipistrellus,0.632,0.652,-1,Echolocation,192000.0,/mnt/ubna_data_04/recover-20241118/UBNA_027/20241108_083000.WAV,recover-20241118,UBNA_027,Foliage
HF,44160.0,25.35910689464079,46.947500000000005,46.9531,43515.0,59445.0,Pipistrellus pipistrellus,0.679,0.726,-1,Echolocation,192000.0,/mnt/ubna_data_04/recover-20241118/UBNA_027/20241108_083000.WAV,recover-20241118,UBNA_027,Foliage
HF,45120.0,7.525634433828936,47.0415,47.047799999999995,44375.0,56853.0,Pipistrellus pipistrellus,0.52,0.61,-1,Echolocation,192000.0,/mnt/ubna_data_04/recover-20241118/UBNA_027/20241108_083000.WAV,recover-20241118,UBNA_027,Foliage
HF,45120.0,6.613307975958556,47.1305,47.1361,44375.0,55468.0,Pipistrellus pipistrellus,0.621,0.645,-1,Echolocation,192000.0,/mnt/ubna_data_04/recover-20241118/UBNA_027/20241108_083000.WAV,recover-20241118,UBNA_027,Foliage
HF,44160.0,18.184126295386736,47.2225,47.2286,43515.0,60027.0,Pipistrellus pipistrellus,0.677,0.762,-1,Echolocation,192000.0,/mnt/ubna_data_04/recover-20241118/UBNA_027/20241108_083000.WAV,recover-20241118,UBNA_027,Foliage
HF,45120.0,5.353593906341688,47.320499999999996,47.3267,44375.0,54716.0,Pipistrellus pipistrellus,0.57,0.645,-1,Echolocation,192000.0,/mnt/ubna_data_04/recover-20241118/UBNA_027/20241108_083000.WAV,recover-20241118,UBNA_027,Foliage
HF,45120.0,16.254598461547975,47.4155,47.4212,43515.0,59774.0,Pipistrellus pipistrellus,0.653,0.736,-1,Echolocation,192000.0,/mnt/ubna_data_04/recover-20241118/UBNA_027/20241108_083000.WAV,recover-20241118,UBNA_027,Foliage
HF,46080.0,16.022385470422478,47.576499999999996,47.581900000000005,43515.0,60581.0,Pipistrellus pipistrellus,0.698,0.753,-1,Echolocation,192000.0,/mnt/ubna_data_04/recover-20241118/UBNA_027/20241108_083000.WAV,recover-20241118,UBNA_027,Foliage
HF,46080.0,6.719129820190028,47.8215,47.8273,44375.0,56556.0,Pipistrellus pipistrellus,0.614,0.654,-1,Echolocation,192000.0,/mnt/ubna_data_04/recover-20241118/UBNA_027/20241108_083000.WAV,recover-20241118,UBNA_027,Foliage
HF,45120.0,4.248773945356634,47.908500000000004,47.914699999999996,44375.0,51674.0,Pipistrellus pipistrellus,0.541,0.556,-1,Echolocation,192000.0,/mnt/ubna_data_04/recover-20241118/UBNA_027/20241108_083000.WAV,recover-20241118,UBNA_027,Foliage
HF,46080.0,9.79174182594959,47.9965,48.0015,45234.0,57276.0,Pipistrellus pipistrellus,0.627,0.65,-1,Echolocation,192000.0,/mnt/ubna_data_04/recover-20241118/UBNA_027/20241108_083000.WAV,recover-20241118,UBNA_027,Foliage
HF,46080.0,4.881860689087773,50.3655,50.3716,45234.0,54776.0,Pipistrellus pipistrellus,0.564,0.581,-1,Echolocation,192000.0,/mnt/ubna_data_04/recover-20241118/UBNA_027/20241108_083000.WAV,recover-20241118,UBNA_027,Foliage
HF,45120.0,13.557897785679085,50.6535,50.6593,44375.0,57390.0,Pipistrellus pipistrellus,0.634,0.696,-1,Echolocation,192000.0,/mnt/ubna_data_04/recover-20241118/UBNA_027/20241108_083000.WAV,recover-20241118,UBNA_027,Foliage
HF,44160.0,3.272308333307728,50.7525,50.7586,44375.0,56850.0,Pipistrellus pipistrellus,0.533,0.599,-1,Echolocation,192000.0,/mnt/ubna_data_04/recover-20241118/UBNA_027/20241108_083000.WAV,recover-20241118,UBNA_027,Foliage
HF,45120.0,12.868164123653676,50.9525,50.9581,44375.0,56259.0,Pipistrellus pipistrellus,0.643,0.695,-1,Echolocation,192000.0,/mnt/ubna_data_04/recover-20241118/UBNA_027/20241108_083000.WAV,recover-20241118,UBNA_027,Foliage
HF,44160.0,5.12474815263846,51.3535,51.3596,44375.0,54329.0,Pipistrellus pipistrellus,0.64,0.666,-1,Echolocation,192000.0,/mnt/ubna_data_04/recover-20241118/UBNA_027/20241108_083000.WAV,recover-20241118,UBNA_027,Foliage
HF,46080.0,6.492620860770635,51.6495,51.656,44375.0,55419.0,Pipistrellus pipistrellus,0.521,0.553,-1,Echolocation,192000.0,/mnt/ubna_data_04/recover-20241118/UBNA_027/20241108_083000.WAV,recover-20241118,UBNA_027,Foliage
HF,45120.0,3.8650893764381196,51.7495,51.7554,44375.0,53269.0,Pipistrellus pipistrellus,0.576,0.598,-1,Echolocation,192000.0,/mnt/ubna_data_04/recover-20241118/UBNA_027/20241108_083000.WAV,recover-20241118,UBNA_027,Foliage
HF,46080.0,6.830417679042508,53.036500000000004,53.0424,45234.0,57044.0,Pipistrellus pipistrellus,0.597,0.685,-1,Echolocation,192000.0,/mnt/ubna_data_04/recover-20241118/UBNA_027/20241108_083000.WAV,recover-20241118,UBNA_027,Foliage
HF,45120.0,12.663011706217155,53.2225,53.228899999999996,43515.0,57844.0,Pipistrellus pipistrellus,0.584,0.709,-1,Echolocation,192000.0,/mnt/ubna_data_04/recover-20241118/UBNA_027/20241108_083000.WAV,recover-20241118,UBNA_027,Foliage
HF,45120.0,5.9895644598034625,53.316500000000005,53.322500000000005,44375.0,54389.0,Pipistrellus pipistrellus,0.626,0.662,-1,Echolocation,192000.0,/mnt/ubna_data_04/recover-20241118/UBNA_027/20241108_083000.WAV,recover-20241118,UBNA_027,Foliage
HF,44160.0,11.840887324487596,53.4055,53.4113,43515.0,56197.0,Pipistrellus pipistrellus,0.625,0.686,-1,Echolocation,192000.0,/mnt/ubna_data_04/recover-20241118/UBNA_027/20241108_083000.WAV,recover-20241118,UBNA_027,Foliage
HF,44160.0,15.164037425089766,53.5965,53.6024,43515.0,56528.0,Pipistrellus pipistrellus,0.626,0.674,-1,Echolocation,192000.0,/mnt/ubna_data_04/recover-20241118/UBNA_027/20241108_083000.WAV,recover-20241118,UBNA_027,Foliage
HF,45120.0,10.196938047713653,53.7845,53.7899,44375.0,56624.0,Pipistrellus pipistrellus,0.6,0.688,-1,Echolocation,192000.0,/mnt/ubna_data_04/recover-20241118/UBNA_027/20241108_083000.WAV,recover-20241118,UBNA_027,Foliage
HF,45120.0,5.346405989784344,53.9765,53.982600000000005,44375.0,55916.0,Pipistrellus pipistrellus,0.579,0.641,-1,Echolocation,192000.0,/mnt/ubna_data_04/recover-20241118/UBNA_027/20241108_083000.WAV,recover-20241118,UBNA_027,Foliage
HF,44160.0,4.820936377367737,54.3595,54.366299999999995,43515.0,49961.0,Pipistrellus pipistrellus,0.258,0.55,-1,Echolocation,192000.0,/mnt/ubna_data_04/recover-20241118/UBNA_027/20241108_083000.WAV,recover-20241118,UBNA_027,Foliage
HF,43200.0,2.8029061208159667,60.6225,60.6293,43515.0,50174.0,Pipistrellus pipistrellus,0.507,0.564,-1,Echolocation,192000.0,/mnt/ubna_data_04/recover-20241118/UBNA_027/20241108_083000.WAV,recover-20241118,UBNA_027,Foliage
HF,45120.0,5.265232211116816,61.1725,61.1776,44375.0,52733.0,Pipistrellus pipistrellus,0.575,0.593,-1,Echolocation,192000.0,/mnt/ubna_data_04/recover-20241118/UBNA_027/20241108_083000.WAV,recover-20241118,UBNA_027,Foliage
HF,45120.0,13.077549198446018,61.4875,61.4929,43515.0,57910.0,Pipistrellus pipistrellus,0.532,0.674,-1,Echolocation,192000.0,/mnt/ubna_data_04/recover-20241118/UBNA_027/20241108_083000.WAV,recover-20241118,UBNA_027,Foliage
HF,45120.0,11.37849826800803,61.7135,61.7192,44375.0,57479.0,Pipistrellus pipistrellus,0.598,0.696,-1,Echolocation,192000.0,/mnt/ubna_data_04/recover-20241118/UBNA_027/20241108_083000.WAV,recover-20241118,UBNA_027,Foliage
HF,46080.0,8.005523531358195,62.0275,62.0327,44375.0,57658.0,Pipistrellus pipistrellus,0.598,0.654,-1,Echolocation,192000.0,/mnt/ubna_data_04/recover-20241118/UBNA_027/20241108_083000.WAV,recover-20241118,UBNA_027,Foliage
HF,45120.0,4.801331697732854,62.2335,62.2389,44375.0,53051.0,Pipistrellus pipistrellus,0.545,0.583,-1,Echolocation,192000.0,/mnt/ubna_data_04/recover-20241118/UBNA_027/20241108_083000.WAV,recover-20241118,UBNA_027,Foliage
HF,46080.0,10.069444050341978,62.3375,62.3426,44375.0,55730.0,Pipistrellus pipistrellus,0.613,0.646,-1,Echolocation,192000.0,/mnt/ubna_data_04/recover-20241118/UBNA_027/20241108_083000.WAV,recover-20241118,UBNA_027,Foliage
HF,45120.0,6.406524640363303,62.5355,62.54,45234.0,55648.0,Pipistrellus pipistrellus,0.575,0.604,-1,Echolocation,192000.0,/mnt/ubna_data_04/recover-20241118/UBNA_027/20241108_083000.WAV,recover-20241118,UBNA_027,Foliage
HF,46080.0,5.6300818641524515,63.0125,63.0179,45234.0,54718.0,Pipistrellus pipistrellus,0.618,0.638,-1,Echolocation,192000.0,/mnt/ubna_data_04/recover-20241118/UBNA_027/20241108_083000.WAV,recover-20241118,UBNA_027,Foliage
HF,46080.0,3.8774183358683767,64.5035,64.5081,46093.0,56378.0,Pipistrellus pipistrellus,0.49,0.534,-1,Echolocation,192000.0,/mnt/ubna_data_04/recover-20241118/UBNA_027/20241108_083000.WAV,recover-20241118,UBNA_027,Foliage
HF,45120.0,5.763233408735351,64.6835,64.6883,44375.0,53799.0,Pipistrellus pipistrellus,0.563,0.602,-1,Echolocation,192000.0,/mnt/ubna_data_04/recover-20241118/UBNA_027/20241108_083000.WAV,recover-20241118,UBNA_027,Foliage
HF,46080.0,6.259196655390785,67.5935,67.5985,45234.0,55819.0,Pipistrellus pipistrellus,0.589,0.621,-1,Echolocation,192000.0,/mnt/ubna_data_04/recover-20241118/UBNA_027/20241108_083000.WAV,recover-20241118,UBNA_027,Foliage
HF,50880.0,4.797612587750021,67.8605,67.8653,46093.0,56844.0,Pipistrellus pipistrellus,0.498,0.52,-1,Echolocation,192000.0,/mnt/ubna_data_04/recover-20241118/UBNA_027/20241108_083000.WAV,recover-20241118,UBNA_027,Foliage
HF,47040.0,6.177198190835595,68.0625,68.0676,44375.0,55088.0,Pipistrellus pipistrellus,0.573,0.63,-1,Echolocation,192000.0,/mnt/ubna_data_04/recover-20241118/UBNA_027/20241108_083000.WAV,recover-20241118,UBNA_027,Foliage
HF,45120.0,7.052570566447647,68.1655,68.1704,44375.0,54644.0,Pipistrellus pipistrellus,0.594,0.64,-1,Echolocation,192000.0,/mnt/ubna_data_04/recover-20241118/UBNA_027/20241108_083000.WAV,recover-20241118,UBNA_027,Foliage
HF,46080.0,5.853317350040931,68.4285,68.4336,44375.0,53445.0,Pipistrellus pipistrellus,0.543,0.603,-1,Echolocation,192000.0,/mnt/ubna_data_04/recover-20241118/UBNA_027/20241108_083000.WAV,recover-20241118,UBNA_027,Foliage
HF,44160.0,3.0477868268601025,68.7055,68.7113,44375.0,54360.0,Pipistrellus pipistrellus,0.552,0.582,-1,Echolocation,192000.0,/mnt/ubna_data_04/recover-20241118/UBNA_027/20241108_083000.WAV,recover-20241118,UBNA_027,Foliage
HF,44160.0,6.178813725018632,68.7955,68.8005,44375.0,55669.0,Pipistrellus pipistrellus,0.586,0.619,-1,Echolocation,192000.0,/mnt/ubna_data_04/recover-20241118/UBNA_027/20241108_083000.WAV,recover-20241118,UBNA_027,Foliage
HF,48000.0,3.926491947369745,68.9715,68.9763,45234.0,56873.0,Pipistrellus pipistrellus,0.578,0.612,-1,Echolocation,192000.0,/mnt/ubna_data_04/recover-20241118/UBNA_027/20241108_083000.WAV,recover-20241118,UBNA_027,Foliage
HF,45120.0,2.9502131449022344,80.2685,80.2733,44375.0,51950.0,Pipistrellus pipistrellus,0.487,0.54,-1,Echolocation,192000.0,/mnt/ubna_data_04/recover-20241118/UBNA_027/20241108_083000.WAV,recover-20241118,UBNA_027,Foliage
HF,47040.0,2.4957771461478666,92.0255,92.0311,45234.0,59204.0,Pipistrellus pipistrellus,0.544,0.577,-1,Echolocation,192000.0,/mnt/ubna_data_04/recover-20241118/UBNA_027/20241108_083000.WAV,recover-20241118,UBNA_027,Foliage
HF,46080.0,2.8782419136211708,92.8335,92.8386,46093.0,57138.0,Pipistrellus pipistrellus,0.531,0.563,-1,Echolocation,192000.0,/mnt/ubna_data_04/recover-20241118/UBNA_027/20241108_083000.WAV,recover-20241118,UBNA_027,Foliage
HF,46080.0,4.6354100252597865,93.0625,93.0678,44375.0,56752.0,Pipistrellus pipistrellus,0.47,0.521,-1,Echolocation,192000.0,/mnt/ubna_data_04/recover-20241118/UBNA_027/20241108_083000.WAV,recover-20241118,UBNA_027,Foliage
HF,46080.0,8.823156286550232,93.1695,93.1759,44375.0,56737.0,Pipistrellus pipistrellus,0.613,0.671,-1,Echolocation,192000.0,/mnt/ubna_data_04/recover-20241118/UBNA_027/20241108_083000.WAV,recover-20241118,UBNA_027,Foliage
HF,45120.0,6.479053125006329,93.2915,93.2969,44375.0,54099.0,Pipistrellus pipistrellus,0.614,0.636,-1,Echolocation,192000.0,/mnt/ubna_data_04/recover-20241118/UBNA_027/20241108_083000.WAV,recover-20241118,UBNA_027,Foliage
HF,45120.0,2.4579781279775084,93.3785,93.385,45234.0,53183.0,Pipistrellus pipistrellus,0.583,0.606,-1,Echolocation,192000.0,/mnt/ubna_data_04/recover-20241118/UBNA_027/20241108_083000.WAV,recover-20241118,UBNA_027,Foliage
HF,46080.0,4.313375514070163,93.4525,93.4581,45234.0,54071.0,Pipistrellus pipistrellus,0.516,0.529,-1,Echolocation,192000.0,/mnt/ubna_data_04/recover-20241118/UBNA_027/20241108_083000.WAV,recover-20241118,UBNA_027,Foliage
HF,47040.0,7.908676456289192,93.5855,93.5908,45234.0,57204.0,Pipistrellus pipistrellus,0.558,0.619,-1,Echolocation,192000.0,/mnt/ubna_data_04/recover-20241118/UBNA_027/20241108_083000.WAV,recover-20241118,UBNA_027,Foliage
HF,46080.0,4.283583381800647,94.0645,94.0705,46093.0,55429.0,Pipistrellus pipistrellus,0.534,0.573,-1,Echolocation,192000.0,/mnt/ubna_data_04/recover-20241118/UBNA_027/20241108_083000.WAV,recover-20241118,UBNA_027,Foliage
HF,46080.0,4.974860689221688,94.1605,94.1652,44375.0,55826.0,Pipistrellus pipistrellus,0.588,0.614,-1,Echolocation,192000.0,/mnt/ubna_data_04/recover-20241118/UBNA_027/20241108_083000.WAV,recover-20241118,UBNA_027,Foliage
HF,47040.0,3.4285990362538605,94.3295,94.3351,45234.0,54072.0,Pipistrellus pipistrellus,0.585,0.599,-1,Echolocation,192000.0,/mnt/ubna_data_04/recover-20241118/UBNA_027/20241108_083000.WAV,recover-20241118,UBNA_027,Foliage
HF,46080.0,3.2428864139171325,94.3905,94.3962,45234.0,53047.0,Pipistrellus pipistrellus,0.532,0.545,-1,Echolocation,192000.0,/mnt/ubna_data_04/recover-20241118/UBNA_027/20241108_083000.WAV,recover-20241118,UBNA_027,Foliage
HF,45120.0,2.268366307724759,95.1885,95.1946,44375.0,54825.0,Pipistrellus pipistrellus,0.485,0.502,-1,Echolocation,192000.0,/mnt/ubna_data_04/recover-20241118/UBNA_027/20241108_083000.WAV,recover-20241118,UBNA_027,Foliage
HF,46080.0,2.4679464544865466,95.4985,95.5042,45234.0,55349.0,Pipistrellus pipistrellus,0.515,0.523,-1,Echolocation,192000.0,/mnt/ubna_data_04/recover-20241118/UBNA_027/20241108_083000.WAV,recover-20241118,UBNA_027,Foliage
HF,46080.0,4.002810665585209,95.7195,95.7247,45234.0,55487.0,Pipistrellus pipistrellus,0.515,0.533,-1,Echolocation,192000.0,/mnt/ubna_data_04/recover-20241118/UBNA_027/20241108_083000.WAV,recover-20241118,UBNA_027,Foliage
HF,45120.0,6.267030195547388,95.8595,95.8657,44375.0,52913.0,Pipistrellus pipistrellus,0.576,0.599,-1,Echolocation,192000.0,/mnt/ubna_data_04/recover-20241118/UBNA_027/20241108_083000.WAV,recover-20241118,UBNA_027,Foliage
HF,46080.0,7.5602481011104885,98.1175,98.1224,45234.0,54022.0,Pipistrellus pipistrellus,0.629,0.652,-1,Echolocation,192000.0,/mnt/ubna_data_04/recover-20241118/UBNA_027/20241108_083000.WAV,recover-20241118,UBNA_027,Foliage
HF,45120.0,6.170435730276304,98.3195,98.3244,44375.0,53170.0,Pipistrellus pipistrellus,0.602,0.628,-1,Echolocation,192000.0,/mnt/ubna_data_04/recover-20241118/UBNA_027/20241108_083000.WAV,recover-20241118,UBNA_027,Foliage
HF,45120.0,9.262310738058929,98.5295,98.5349,44375.0,53387.0,Pipistrellus pipistrellus,0.64,0.66,-1,Echolocation,192000.0,/mnt/ubna_data_04/recover-20241118/UBNA_027/20241108_083000.WAV,recover-20241118,UBNA_027,Foliage
HF,45120.0,3.799107757246097,98.7385,98.7442,44375.0,52477.0,Pipistrellus pipistrellus,0.6,0.621,-1,Echolocation,192000.0,/mnt/ubna_data_04/recover-20241118/UBNA_027/20241108_083000.WAV,recover-20241118,UBNA_027,Foliage
HF,44160.0,7.590596435434074,98.9525,98.9583,44375.0,52740.0,Pipistrellus pipistrellus,0.627,0.654,-1,Echolocation,192000.0,/mnt/ubna_data_04/recover-20241118/UBNA_027/20241108_083000.WAV,recover-20241118,UBNA_027,Foliage
HF,44160.0,5.4715570740859985,99.2735,99.279,43515.0,52301.0,Pipistrellus pipistrellus,0.506,0.577,-1,Echolocation,192000.0,/mnt/ubna_data_04/recover-20241118/UBNA_027/20241108_083000.WAV,recover-20241118,UBNA_027,Foliage
HF,45120.0,3.463232340044504,99.4905,99.496,45234.0,53518.0,Pipistrellus pipistrellus,0.493,0.515,-1,Echolocation,192000.0,/mnt/ubna_data_04/recover-20241118/UBNA_027/20241108_083000.WAV,recover-20241118,UBNA_027,Foliage
HF,45120.0,4.236853671723241,105.4015,105.4081,44375.0,54867.0,Pipistrellus pipistrellus,0.595,0.65,-1,Echolocation,192000.0,/mnt/ubna_data_04/recover-20241118/UBNA_027/20241108_083000.WAV,recover-20241118,UBNA_027,Foliage
HF,44160.0,4.61852500979184,105.60849999999999,105.6154,44375.0,50498.0,Pipistrellus pipistrellus,0.465,0.52,-1,Echolocation,192000.0,/mnt/ubna_data_04/recover-20241118/UBNA_027/20241108_083000.WAV,recover-20241118,UBNA_027,Foliage
HF,45120.0,6.5299824450421635,106.1965,106.202,43515.0,54239.0,Pipistrellus pipistrellus,0.568,0.602,-1,Echolocation,192000.0,/mnt/ubna_data_04/recover-20241118/UBNA_027/20241108_083000.WAV,recover-20241118,UBNA_027,Foliage
HF,46080.0,7.229367829367672,106.5915,106.5973,45234.0,59157.0,Pipistrellus pipistrellus,0.559,0.606,-1,Echolocation,192000.0,/mnt/ubna_data_04/recover-20241118/UBNA_027/20241108_083000.WAV,recover-20241118,UBNA_027,Foliage
HF,47040.0,6.455373156747588,106.7925,106.7981,45234.0,56844.0,Pipistrellus pipistrellus,0.539,0.581,-1,Echolocation,192000.0,/mnt/ubna_data_04/recover-20241118/UBNA_027/20241108_083000.WAV,recover-20241118,UBNA_027,Foliage
HF,45120.0,6.022374750955524,106.9905,106.9966,44375.0,58128.0,Pipistrellus pipistrellus,0.52,0.593,-1,Echolocation,192000.0,/mnt/ubna_data_04/recover-20241118/UBNA_027/20241108_083000.WAV,recover-20241118,UBNA_027,Foliage
HF,45120.0,13.068998512795229,107.2515,107.2575,43515.0,63144.0,Pipistrellus pipistrellus,0.619,0.697,-1,Echolocation,192000.0,/mnt/ubna_data_04/recover-20241118/UBNA_027/20241108_083000.WAV,recover-20241118,UBNA_027,Foliage
HF,46080.0,13.188072064615092,107.4375,107.4432,44375.0,59043.0,Pipistrellus pipistrellus,0.594,0.655,-1,Echolocation,192000.0,/mnt/ubna_data_04/recover-20241118/UBNA_027/20241108_083000.WAV,recover-20241118,UBNA_027,Foliage
HF,46080.0,12.523473183984876,107.79050000000001,107.79650000000001,44375.0,59372.0,Pipistrellus pipistrellus,0.568,0.668,-1,Echolocation,192000.0,/mnt/ubna_data_04/recover-20241118/UBNA_027/20241108_083000.WAV,recover-20241118,UBNA_027,Foliage
HF,45120.0,11.889444362607723,107.9785,107.98400000000001,43515.0,57135.0,Pipistrellus pipistrellus,0.56,0.633,-1,Echolocation,192000.0,/mnt/ubna_data_04/recover-20241118/UBNA_027/20241108_083000.WAV,recover-20241118,UBNA_027,Foliage
HF,47040.0,12.227529017550111,108.2495,108.2542,46093.0,59265.0,Pipistrellus pipistrellus,0.606,0.621,-1,Echolocation,192000.0,/mnt/ubna_data_04/recover-20241118/UBNA_027/20241108_083000.WAV,recover-20241118,UBNA_027,Foliage
HF,45120.0,8.258537669408694,108.3505,108.3562,44375.0,53657.0,Pipistrellus pipistrellus,0.579,0.611,-1,Echolocation,192000.0,/mnt/ubna_data_04/recover-20241118/UBNA_027/20241108_083000.WAV,recover-20241118,UBNA_027,Foliage
HF,53760.0,16.932046390590116,108.4345,108.4408,43515.0,62386.0,Pipistrellus pipistrellus,0.667,0.734,-1,Echolocation,192000.0,/mnt/ubna_data_04/recover-20241118/UBNA_027/20241108_083000.WAV,recover-20241118,UBNA_027,Foliage
HF,46080.0,11.767033101205557,108.5315,108.53659999999999,44375.0,56055.0,Pipistrellus pipistrellus,0.597,0.622,-1,Echolocation,192000.0,/mnt/ubna_data_04/recover-20241118/UBNA_027/20241108_083000.WAV,recover-20241118,UBNA_027,Foliage
HF,46080.0,18.261091628078688,108.6305,108.6378,44375.0,61209.0,Pipistrellus pipistrellus,0.628,0.739,-1,Echolocation,192000.0,/mnt/ubna_data_04/recover-20241118/UBNA_027/20241108_083000.WAV,recover-20241118,UBNA_027,Foliage
HF,45120.0,15.158584438460153,108.92150000000001,108.9275,44375.0,57322.0,Pipistrellus pipistrellus,0.646,0.686,-1,Echolocation,192000.0,/mnt/ubna_data_04/recover-20241118/UBNA_027/20241108_083000.WAV,recover-20241118,UBNA_027,Foliage
HF,45120.0,8.596806860922824,109.1245,109.1348,45234.0,57465.0,Pipistrellus pipistrellus,0.49,0.618,-1,Echolocation,192000.0,/mnt/ubna_data_04/recover-20241118/UBNA_027/20241108_083000.WAV,recover-20241118,UBNA_027,Foliage
HF,46080.0,7.366266504111438,109.2315,109.2381,45234.0,58009.0,Pipistrellus pipistrellus,0.566,0.614,-1,Echolocation,192000.0,/mnt/ubna_data_04/recover-20241118/UBNA_027/20241108_083000.WAV,recover-20241118,UBNA_027,Foliage
HF,45120.0,2.658169669553443,109.4345,109.4414,45234.0,55938.0,Pipistrellus pipistrellus,0.497,0.523,-1,Echolocation,192000.0,/mnt/ubna_data_04/recover-20241118/UBNA_027/20241108_083000.WAV,recover-20241118,UBNA_027,Foliage
HF,46080.0,5.869736730893545,109.6305,109.6366,45234.0,56122.0,Pipistrellus pipistrellus,0.516,0.545,-1,Echolocation,192000.0,/mnt/ubna_data_04/recover-20241118/UBNA_027/20241108_083000.WAV,recover-20241118,UBNA_027,Foliage
HF,45120.0,6.192131646171537,109.9565,109.9624,45234.0,55011.0,Pipistrellus pipistrellus,0.645,0.658,-1,Echolocation,192000.0,/mnt/ubna_data_04/recover-20241118/UBNA_027/20241108_083000.WAV,recover-20241118,UBNA_027,Foliage
HF,45120.0,9.251471950343573,110.12049999999999,110.1255,43515.0,56604.0,Pipistrellus pipistrellus,0.675,0.715,-1,Echolocation,192000.0,/mnt/ubna_data_04/recover-20241118/UBNA_027/20241108_083000.WAV,recover-20241118,UBNA_027,Foliage
HF,46080.0,6.20719356021056,110.4135,110.4186,46093.0,54193.0,Pipistrellus pipistrellus,0.604,0.623,-1,Echolocation,192000.0,/mnt/ubna_data_04/recover-20241118/UBNA_027/20241108_083000.WAV,recover-20241118,UBNA_027,Foliage
HF,46080.0,4.406390561748245,110.6995,110.7054,45234.0,55597.0,Pipistrellus pipistrellus,0.633,0.645,-1,Echolocation,192000.0,/mnt/ubna_data_04/recover-20241118/UBNA_027/20241108_083000.WAV,recover-20241118,UBNA_027,Foliage
HF,47040.0,3.228521299809604,111.2015,111.207,46093.0,54838.0,Pipistrellus pipistrellus,0.5,0.509,-1,Echolocation,192000.0,/mnt/ubna_data_04/recover-20241118/UBNA_027/20241108_083000.WAV,recover-20241118,UBNA_027,Foliage
HF,45120.0,5.2626231139516735,111.6395,111.6455,45234.0,52669.0,Pipistrellus pipistrellus,0.611,0.645,-1,Echolocation,192000.0,/mnt/ubna_data_04/recover-20241118/UBNA_027/20241108_083000.WAV,recover-20241118,UBNA_027,Foliage
HF,47040.0,2.7081646635753605,111.9745,111.98089999999999,46953.0,54918.0,Pipistrellus pipistrellus,0.589,0.597,-1,Echolocation,192000.0,/mnt/ubna_data_04/recover-20241118/UBNA_027/20241108_083000.WAV,recover-20241118,UBNA_027,Foliage
HF,46080.0,5.033927033742122,112.0805,112.0853,44375.0,52849.0,Pipistrellus pipistrellus,0.516,0.552,-1,Echolocation,192000.0,/mnt/ubna_data_04/recover-20241118/UBNA_027/20241108_083000.WAV,recover-20241118,UBNA_027,Foliage
HF,46080.0,5.129854367840194,117.7465,117.7526,46093.0,52010.0,Pipistrellus pipistrellus,0.551,0.574,-1,Echolocation,192000.0,/mnt/ubna_data_04/recover-20241118/UBNA_027/20241108_083000.WAV,recover-20241118,UBNA_027,Foliage
HF,46080.0,10.142529911172812,117.8545,117.8611,45234.0,54348.0,Pipistrellus pipistrellus,0.446,0.601,-1,Echolocation,192000.0,/mnt/ubna_data_04/recover-20241118/UBNA_027/20241108_083000.WAV,recover-20241118,UBNA_027,Foliage
HF,46080.0,4.641648635135584,118.0605,118.0663,45234.0,52682.0,Pipistrellus pipistrellus,0.514,0.529,-1,Echolocation,192000.0,/mnt/ubna_data_04/recover-20241118/UBNA_027/20241108_083000.WAV,recover-20241118,UBNA_027,Foliage
HF,46080.0,13.635422500641212,118.1555,118.1615,45234.0,57710.0,Pipistrellus pipistrellus,0.641,0.682,-1,Echolocation,192000.0,/mnt/ubna_data_04/recover-20241118/UBNA_027/20241108_083000.WAV,recover-20241118,UBNA_027,Foliage
HF,46080.0,5.324186089046879,118.23949999999999,118.2449,46093.0,56780.0,Pipistrellus pipistrellus,0.55,0.573,-1,Echolocation,192000.0,/mnt/ubna_data_04/recover-20241118/UBNA_027/20241108_083000.WAV,recover-20241118,UBNA_027,Foliage
HF,46080.0,9.95563722223038,118.3185,118.3238,45234.0,54152.0,Pipistrellus pipistrellus,0.569,0.604,-1,Echolocation,192000.0,/mnt/ubna_data_04/recover-20241118/UBNA_027/20241108_083000.WAV,recover-20241118,UBNA_027,Foliage
HF,46080.0,6.031613479649321,118.4195,118.4256,45234.0,53806.0,Pipistrellus pipistrellus,0.588,0.611,-1,Echolocation,192000.0,/mnt/ubna_data_04/recover-20241118/UBNA_027/20241108_083000.WAV,recover-20241118,UBNA_027,Foliage
HF,46080.0,16.04876860581807,118.52250000000001,118.52850000000001,45234.0,59066.0,Pipistrellus pipistrellus,0.555,0.669,-1,Echolocation,192000.0,/mnt/ubna_data_04/recover-20241118/UBNA_027/20241108_083000.WAV,recover-20241118,UBNA_027,Foliage
HF,46080.0,8.313438979226053,118.6455,118.6519,45234.0,56751.0,Pipistrellus pipistrellus,0.528,0.583,-1,Echolocation,192000.0,/mnt/ubna_data_04/recover-20241118/UBNA_027/20241108_083000.WAV,recover-20241118,UBNA_027,Foliage
HF,46080.0,5.862654234995032,118.7235,118.72919999999999,45234.0,52934.0,Pipistrellus pipistrellus,0.553,0.573,-1,Echolocation,192000.0,/mnt/ubna_data_04/recover-20241118/UBNA_027/20241108_083000.WAV,recover-20241118,UBNA_027,Foliage
HF,46080.0,10.93695447785327,118.7645,118.7701,45234.0,57583.0,Pipistrellus pipistrellus,0.696,0.727,-1,Echolocation,192000.0,/mnt/ubna_data_04/recover-20241118/UBNA_027/20241108_083000.WAV,recover-20241118,UBNA_027,Foliage
HF,46080.0,6.815666189281293,118.8725,118.8781,45234.0,53714.0,Pipistrellus pipistrellus,0.58,0.609,-1,Echolocation,192000.0,/mnt/ubna_data_04/recover-20241118/UBNA_027/20241108_083000.WAV,recover-20241118,UBNA_027,Foliage
HF,46080.0,5.033175654551419,118.9415,118.9472,45234.0,54138.0,Pipistrellus pipistrellus,0.521,0.532,-1,Echolocation,192000.0,/mnt/ubna_data_04/recover-20241118/UBNA_027/20241108_083000.WAV,recover-20241118,UBNA_027,Foliage
HF,46080.0,5.245545070691167,118.9755,118.9811,45234.0,53193.0,Pipistrellus pipistrellus,0.577,0.592,-1,Echolocation,192000.0,/mnt/ubna_data_04/recover-20241118/UBNA_027/20241108_083000.WAV,recover-20241118,UBNA_027,Foliage
HF,46080.0,9.739776832057977,119.0755,119.0815,45234.0,56817.0,Pipistrellus pipistrellus,0.58,0.622,-1,Echolocation,192000.0,/mnt/ubna_data_04/recover-20241118/UBNA_027/20241108_083000.WAV,recover-20241118,UBNA_027,Foliage
HF,45120.0,5.150924437236062,119.1735,119.1799,44375.0,52120.0,Pipistrellus pipistrellus,0.632,0.645,-1,Echolocation,192000.0,/mnt/ubna_data_04/recover-20241118/UBNA_027/20241108_083000.WAV,recover-20241118,UBNA_027,Foliage
HF,46080.0,2.3495547004515034,119.2355,119.2416,45234.0,53375.0,Pipistrellus pipistrellus,0.496,0.506,-1,Echolocation,192000.0,/mnt/ubna_data_04/recover-20241118/UBNA_027/20241108_083000.WAV,recover-20241118,UBNA_027,Foliage
HF,46080.0,7.413571371390992,119.2765,119.2834,45234.0,56760.0,Pipistrellus pipistrellus,0.574,0.603,-1,Echolocation,192000.0,/mnt/ubna_data_04/recover-20241118/UBNA_027/20241108_083000.WAV,recover-20241118,UBNA_027,Foliage
HF,46080.0,7.6414893556117125,119.4925,119.4997,45234.0,57914.0,Pipistrellus pipistrellus,0.501,0.519,-1,Echolocation,192000.0,/mnt/ubna_data_04/recover-20241118/UBNA_027/20241108_083000.WAV,recover-20241118,UBNA_027,Foliage
HF,48000.0,9.780599631748942,119.67150000000001,119.6767,46093.0,58129.0,Pipistrellus pipistrellus,0.614,0.628,-1,Echolocation,192000.0,/mnt/ubna_data_04/recover-20241118/UBNA_027/20241108_083000.WAV,recover-20241118,UBNA_027,Foliage
HF,45120.0,13.226276716380754,119.7245,119.7324,45234.0,60233.0,Pipistrellus pipistrellus,0.582,0.647,-1,Echolocation,192000.0,/mnt/ubna_data_04/recover-20241118/UBNA_027/20241108_083000.WAV,recover-20241118,UBNA_027,Foliage
HF,48000.0,8.286256438782452,119.7635,119.769,46953.0,58934.0,Pipistrellus pipistrellus,0.575,0.602,-1,Echolocation,192000.0,/mnt/ubna_data_04/recover-20241118/UBNA_027/20241108_083000.WAV,recover-20241118,UBNA_027,Foliage
HF,46080.0,5.717431291180293,119.8655,119.8709,44375.0,53388.0,Pipistrellus pipistrellus,0.531,0.541,-1,Echolocation,192000.0,/mnt/ubna_data_04/recover-20241118/UBNA_027/20241108_083000.WAV,recover-20241118,UBNA_027,Foliage
HF,46080.0,13.258292025570297,119.9395,119.9454,46093.0,57361.0,Pipistrellus pipistrellus,0.64,0.669,-1,Echolocation,192000.0,/mnt/ubna_data_04/recover-20241118/UBNA_027/20241108_083000.WAV,recover-20241118,UBNA_027,Foliage
HF,48000.0,7.085925559741783,120.0895,120.0943,46093.0,58666.0,Pipistrellus pipistrellus,0.559,0.607,-1,Echolocation,192000.0,/mnt/ubna_data_04/recover-20241118/UBNA_027/20241108_083000.WAV,recover-20241118,UBNA_027,Foliage
HF,47040.0,11.603774448526195,120.1515,120.1563,46093.0,59165.0,Pipistrellus pipistrellus,0.633,0.653,-1,Echolocation,192000.0,/mnt/ubna_data_04/recover-20241118/UBNA_027/20241108_083000.WAV,recover-20241118,UBNA_027,Foliage
HF,47040.0,14.816304342775942,120.2495,120.2544,46093.0,59537.0,Pipistrellus pipistrellus,0.692,0.725,-1,Echolocation,192000.0,/mnt/ubna_data_04/recover-20241118/UBNA_027/20241108_083000.WAV,recover-20241118,UBNA_027,Foliage
HF,47040.0,7.02201526955624,120.2945,120.2994,46093.0,58188.0,Pipistrellus pipistrellus,0.628,0.645,-1,Echolocation,192000.0,/mnt/ubna_data_04/recover-20241118/UBNA_027/20241108_083000.WAV,recover-20241118,UBNA_027,Foliage
HF,46080.0,3.020242460267993,120.3425,120.3475,46093.0,56306.0,Pipistrellus pipistrellus,0.527,0.545,-1,Echolocation,192000.0,/mnt/ubna_data_04/recover-20241118/UBNA_027/20241108_083000.WAV,recover-20241118,UBNA_027,Foliage
HF,52800.0,8.804060743533299,120.4365,120.4414,45234.0,59610.0,Pipistrellus pipistrellus,0.47,0.561,-1,Echolocation,192000.0,/mnt/ubna_data_04/recover-20241118/UBNA_027/20241108_083000.WAV,recover-20241118,UBNA_027,Foliage
HF,52800.0,3.9149566167694076,120.5245,120.5296,47812.0,59914.0,Pipistrellus pipistrellus,0.495,0.529,-1,Echolocation,192000.0,/mnt/ubna_data_04/recover-20241118/UBNA_027/20241108_083000.WAV,recover-20241118,UBNA_027,Foliage
HF,52800.0,11.722297639499397,120.6795,120.6845,45234.0,62202.0,Pipistrellus pipistrellus,0.451,0.545,-1,Echolocation,192000.0,/mnt/ubna_data_04/recover-20241118/UBNA_027/20241108_083000.WAV,recover-20241118,UBNA_027,Foliage
HF,51840.0,5.956017899607717,120.8605,120.8652,48671.0,61321.0,Pipistrellus pipistrellus,0.48,0.53,-1,Echolocation,192000.0,/mnt/ubna_data_04/recover-20241118/UBNA_027/20241108_083000.WAV,recover-20241118,UBNA_027,Foliage
HF,48000.0,11.999228618254945,121.0445,121.0494,46953.0,61937.0,Pipistrellus pipistrellus,0.624,0.654,-1,Echolocation,192000.0,/mnt/ubna_data_04/recover-20241118/UBNA_027/20241108_083000.WAV,recover-20241118,UBNA_027,Foliage
HF,48000.0,10.573395536645533,121.1195,121.1243,46093.0,61066.0,Pipistrellus pipistrellus,0.582,0.637,-1,Echolocation,192000.0,/mnt/ubna_data_04/recover-20241118/UBNA_027/20241108_083000.WAV,recover-20241118,UBNA_027,Foliage
HF,53760.0,13.914983319726723,121.2845,121.2895,45234.0,62592.0,Pipistrellus pipistrellus,0.564,0.63,-1,Echolocation,192000.0,/mnt/ubna_data_04/recover-20241118/UBNA_027/20241108_083000.WAV,recover-20241118,UBNA_027,Foliage
HF,54720.0,18.226366823501465,121.4495,121.4551,45234.0,63124.0,Pipistrellus pipistrellus,0.625,0.679,-1,Echolocation,192000.0,/mnt/ubna_data_04/recover-20241118/UBNA_027/20241108_083000.WAV,recover-20241118,UBNA_027,Foliage
HF,45120.0,2.5083598256527093,121.6645,121.6698,45234.0,56062.0,Pipistrellus pipistrellus,0.48,0.5,-1,Echolocation,192000.0,/mnt/ubna_data_04/recover-20241118/UBNA_027/20241108_083000.WAV,recover-20241118,UBNA_027,Foliage
HF,48000.0,11.49024975455717,121.9015,121.9058,46093.0,60028.0,Pipistrellus pipistrellus,0.554,0.6,-1,Echolocation,192000.0,/mnt/ubna_data_04/recover-20241118/UBNA_027/20241108_083000.WAV,recover-20241118,UBNA_027,Foliage
HF,46080.0,8.643817064820885,122.3505,122.3569,45234.0,60274.0,Pipistrellus pipistrellus,0.464,0.537,-1,Echolocation,192000.0,/mnt/ubna_data_04/recover-20241118/UBNA_027/20241108_083000.WAV,recover-20241118,UBNA_027,Foliage
HF,46080.0,6.93225627220274,122.6185,122.6283,45234.0,58243.0,Pipistrellus pipistrellus,0.451,0.538,-1,Echolocation,192000.0,/mnt/ubna_data_04/recover-20241118/UBNA_027/20241108_083000.WAV,recover-20241118,UBNA_027,Foliage
HF,46080.0,6.589410008014271,122.8935,122.9018,45234.0,58851.0,Pipistrellus pipistrellus,0.419,0.509,-1,Echolocation,192000.0,/mnt/ubna_data_04/recover-20241118/UBNA_027/20241108_083000.WAV,recover-20241118,UBNA_027,Foliage
HF,46080.0,7.79784401226527,122.9865,122.9938,45234.0,56425.0,Pipistrellus pipistrellus,0.549,0.616,-1,Echolocation,192000.0,/mnt/ubna_data_04/recover-20241118/UBNA_027/20241108_083000.WAV,recover-20241118,UBNA_027,Foliage
HF,45120.0,11.191479240604249,123.1785,123.1831,43515.0,56685.0,Pipistrellus pipistrellus,0.478,0.522,-1,Echolocation,192000.0,/mnt/ubna_data_04/recover-20241118/UBNA_027/20241108_083000.WAV,recover-20241118,UBNA_027,Foliage
HF,45120.0,4.887467427539928,123.6885,123.6937,43515.0,53914.0,Pipistrellus pipistrellus,0.536,0.638,-1,Echolocation,192000.0,/mnt/ubna_data_04/recover-20241118/UBNA_027/20241108_083000.WAV,recover-20241118,UBNA_027,Foliage
HF,45120.0,6.8452970464486915,123.7215,123.7263,43515.0,52456.0,Pipistrellus pipistrellus,0.602,0.636,-1,Echolocation,192000.0,/mnt/ubna_data_04/recover-20241118/UBNA_027/20241108_083000.WAV,recover-20241118,UBNA_027,Foliage
HF,46080.0,13.415877853644297,124.0885,124.0939,44375.0,54312.0,Pipistrellus pipistrellus,0.604,0.664,-1,Echolocation,192000.0,/mnt/ubna_data_04/recover-20241118/UBNA_027/20241108_083000.WAV,recover-20241118,UBNA_027,Foliage
HF,44160.0,13.274142540190262,124.50450000000001,124.5108,44375.0,54669.0,Pipistrellus pipistrellus,0.65,0.674,-1,Echolocation,192000.0,/mnt/ubna_data_04/recover-20241118/UBNA_027/20241108_083000.WAV,recover-20241118,UBNA_027,Foliage
HF,45120.0,4.172975012838796,124.6125,124.6182,44375.0,52472.0,Pipistrellus pipistrellus,0.511,0.523,-1,Echolocation,192000.0,/mnt/ubna_data_04/recover-20241118/UBNA_027/20241108_083000.WAV,recover-20241118,UBNA_027,Foliage
HF,45120.0,10.726967211097001,124.7175,124.7228,43515.0,52251.0,Pipistrellus pipistrellus,0.606,0.668,-1,Echolocation,192000.0,/mnt/ubna_data_04/recover-20241118/UBNA_027/20241108_083000.WAV,recover-20241118,UBNA_027,Foliage
HF,44160.0,9.642727271799362,124.8155,124.8219,43515.0,55137.0,Pipistrellus pipistrellus,0.601,0.68,-1,Echolocation,192000.0,/mnt/ubna_data_04/recover-20241118/UBNA_027/20241108_083000.WAV,recover-20241118,UBNA_027,Foliage
HF,44160.0,5.383958599407077,124.9325,124.9398,44375.0,52545.0,Pipistrellus pipistrellus,0.543,0.597,-1,Echolocation,192000.0,/mnt/ubna_data_04/recover-20241118/UBNA_027/20241108_083000.WAV,recover-20241118,UBNA_027,Foliage
HF,44160.0,3.3166454155021654,125.1495,125.1582,43515.0,48828.0,Pipistrellus pipistrellus,0.463,0.513,-1,Echolocation,192000.0,/mnt/ubna_data_04/recover-20241118/UBNA_027/20241108_083000.WAV,recover-20241118,UBNA_027,Foliage
HF,45120.0,3.1141350365355076,132.3245,132.3304,44375.0,51471.0,Pipistrellus pipistrellus,0.551,0.583,-1,Echolocation,192000.0,/mnt/ubna_data_04/recover-20241118/UBNA_027/20241108_083000.WAV,recover-20241118,UBNA_027,Foliage
HF,44160.0,4.753258114715399,132.8465,132.8527,43515.0,49348.0,Pipistrellus pipistrellus,0.507,0.542,-1,Echolocation,192000.0,/mnt/ubna_data_04/recover-20241118/UBNA_027/20241108_083000.WAV,recover-20241118,UBNA_027,Foliage
HF,45120.0,5.018488021626419,133.07150000000001,133.0762,44375.0,52109.0,Pipistrellus pipistrellus,0.563,0.607,-1,Echolocation,192000.0,/mnt/ubna_data_04/recover-20241118/UBNA_027/20241108_083000.WAV,recover-20241118,UBNA_027,Foliage
HF,45120.0,6.275858394431596,137.7065,137.7167,45234.0,53200.0,Pipistrellus pipistrellus,0.507,0.619,-1,Echolocation,192000.0,/mnt/ubna_data_04/recover-20241118/UBNA_027/20241108_083000.WAV,recover-20241118,UBNA_027,Foliage
HF,46080.0,9.396244186396368,137.9205,137.9271,44375.0,57658.0,Pipistrellus pipistrellus,0.478,0.638,-1,Echolocation,192000.0,/mnt/ubna_data_04/recover-20241118/UBNA_027/20241108_083000.WAV,recover-20241118,UBNA_027,Foliage
HF,46080.0,9.260705124504643,138.0325,138.0374,43515.0,57147.0,Pipistrellus pipistrellus,0.557,0.615,-1,Echolocation,192000.0,/mnt/ubna_data_04/recover-20241118/UBNA_027/20241108_083000.WAV,recover-20241118,UBNA_027,Foliage
HF,45120.0,4.29469999328761,138.1295,138.1352,44375.0,52370.0,Pipistrellus pipistrellus,0.556,0.58,-1,Echolocation,192000.0,/mnt/ubna_data_04/recover-20241118/UBNA_027/20241108_083000.WAV,recover-20241118,UBNA_027,Foliage
HF,46080.0,12.838111852221441,138.2235,138.2288,44375.0,61166.0,Pipistrellus pipistrellus,0.597,0.638,-1,Echolocation,192000.0,/mnt/ubna_data_04/recover-20241118/UBNA_027/20241108_083000.WAV,recover-20241118,UBNA_027,Foliage
HF,46080.0,17.990785669912043,138.3295,138.3357,44375.0,64447.0,Pipistrellus pipistrellus,0.594,0.709,-1,Echolocation,192000.0,/mnt/ubna_data_04/recover-20241118/UBNA_027/20241108_083000.WAV,recover-20241118,UBNA_027,Foliage
HF,45120.0,16.330183922812328,138.4185,138.4241,44375.0,61222.0,Pipistrellus pipistrellus,0.526,0.556,-1,Echolocation,192000.0,/mnt/ubna_data_04/recover-20241118/UBNA_027/20241108_083000.WAV,recover-20241118,UBNA_027,Foliage
HF,45120.0,19.59363791633433,138.5805,138.5857,44375.0,67194.0,Pipistrellus pipistrellus,0.629,0.721,-1,Echolocation,192000.0,/mnt/ubna_data_04/recover-20241118/UBNA_027/20241108_083000.WAV,recover-20241118,UBNA_027,Foliage
HF,46080.0,16.916875802673452,138.6715,138.6772,44375.0,63564.0,Pipistrellus pipistrellus,0.477,0.574,-1,Echolocation,192000.0,/mnt/ubna_data_04/recover-20241118/UBNA_027/20241108_083000.WAV,recover-20241118,UBNA_027,Foliage
HF,46080.0,11.313594614324312,138.7575,138.7622,44375.0,59605.0,Pipistrellus pipistrellus,0.531,0.561,-1,Echolocation,192000.0,/mnt/ubna_data_04/recover-20241118/UBNA_027/20241108_083000.WAV,recover-20241118,UBNA_027,Foliage
HF,48000.0,18.605186963039323,138.8485,138.8535,45234.0,66221.0,Pipistrellus pipistrellus,0.49,0.547,-1,Echolocation,192000.0,/mnt/ubna_data_04/recover-20241118/UBNA_027/20241108_083000.WAV,recover-20241118,UBNA_027,Foliage
HF,47040.0,15.25200942561903,138.9365,138.9413,45234.0,61382.0,Pipistrellus pipistrellus,0.517,0.53,-1,Echolocation,192000.0,/mnt/ubna_data_04/recover-20241118/UBNA_027/20241108_083000.WAV,recover-20241118,UBNA_027,Foliage
HF,48960.0,9.690583913068107,139.0975,139.1028,46953.0,60929.0,Pipistrellus pipistrellus,0.613,0.655,-1,Echolocation,192000.0,/mnt/ubna_data_04/recover-20241118/UBNA_027/20241108_083000.WAV,recover-20241118,UBNA_027,Foliage
HF,55680.0,16.16036814454144,139.1885,139.1948,45234.0,75404.0,Pipistrellus pipistrellus,0.278,0.569,-1,Echolocation,192000.0,/mnt/ubna_data_04/recover-20241118/UBNA_027/20241108_083000.WAV,recover-20241118,UBNA_027,Foliage
HF,47040.0,10.16819514131994,139.2775,139.2831,45234.0,58646.0,Pipistrellus pipistrellus,0.552,0.584,-1,Echolocation,192000.0,/mnt/ubna_data_04/recover-20241118/UBNA_027/20241108_083000.WAV,recover-20241118,UBNA_027,Foliage
HF,48000.0,16.88012586273329,139.3705,139.3757,45234.0,67263.0,Pipistrellus pipistrellus,0.561,0.63,-1,Echolocation,192000.0,/mnt/ubna_data_04/recover-20241118/UBNA_027/20241108_083000.WAV,recover-20241118,UBNA_027,Foliage
HF,48960.0,13.820569564936044,139.4615,139.466,46093.0,61063.0,Pipistrellus pipistrellus,0.595,0.613,-1,Echolocation,192000.0,/mnt/ubna_data_04/recover-20241118/UBNA_027/20241108_083000.WAV,recover-20241118,UBNA_027,Foliage
HF,48000.0,19.5647745510778,139.5515,139.5564,46093.0,67123.0,Pipistrellus pipistrellus,0.664,0.696,-1,Echolocation,192000.0,/mnt/ubna_data_04/recover-20241118/UBNA_027/20241108_083000.WAV,recover-20241118,UBNA_027,Foliage
HF,53760.0,25.465864525988717,140.0575,140.0627,44375.0,71247.0,Pipistrellus pipistrellus,0.568,0.638,-1,Echolocation,192000.0,/mnt/ubna_data_04/recover-20241118/UBNA_027/20241108_083000.WAV,recover-20241118,UBNA_027,Foliage
HF,52800.0,20.944475041653234,140.1355,140.1405,46093.0,64556.0,Pipistrellus pipistrellus,0.508,0.592,-1,Echolocation,192000.0,/mnt/ubna_data_04/recover-20241118/UBNA_027/20241108_083000.WAV,recover-20241118,UBNA_027,Foliage
HF,48000.0,15.756667092065497,140.2235,140.228,45234.0,63848.0,Pipistrellus pipistrellus,0.437,0.502,-1,Echolocation,192000.0,/mnt/ubna_data_04/recover-20241118/UBNA_027/20241108_083000.WAV,recover-20241118,UBNA_027,Foliage
HF,52800.0,26.867590614701484,140.3045,140.3098,44375.0,69683.0,Pipistrellus pipistrellus,0.562,0.631,-1,Echolocation,192000.0,/mnt/ubna_data_04/recover-20241118/UBNA_027/20241108_083000.WAV,recover-20241118,UBNA_027,Foliage
HF,51840.0,9.035907858997778,140.3935,140.3979,47812.0,60095.0,Pipistrellus pipistrellus,0.646,0.664,-1,Echolocation,192000.0,/mnt/ubna_data_04/recover-20241118/UBNA_027/20241108_083000.WAV,recover-20241118,UBNA_027,Foliage
HF,47040.0,19.911152975093533,140.5455,140.5504,45234.0,63991.0,Pipistrellus pipistrellus,0.668,0.724,-1,Echolocation,192000.0,/mnt/ubna_data_04/recover-20241118/UBNA_027/20241108_083000.WAV,recover-20241118,UBNA_027,Foliage
HF,52800.0,21.106874485531414,140.7115,140.7165,44375.0,63953.0,Pipistrellus pipistrellus,0.538,0.608,-1,Echolocation,192000.0,/mnt/ubna_data_04/recover-20241118/UBNA_027/20241108_083000.WAV,recover-20241118,UBNA_027,Foliage
HF,46080.0,7.185530521560077,140.7775,140.7825,46093.0,58623.0,Pipistrellus pipistrellus,0.627,0.662,-1,Echolocation,192000.0,/mnt/ubna_data_04/recover-20241118/UBNA_027/20241108_083000.WAV,recover-20241118,UBNA_027,Foliage
HF,50880.0,20.613174876609662,140.8085,140.8134,46093.0,67375.0,Pipistrellus pipistrellus,0.594,0.652,-1,Echolocation,192000.0,/mnt/ubna_data_04/recover-20241118/UBNA_027/20241108_083000.WAV,recover-20241118,UBNA_027,Foliage
HF,47040.0,16.225544252209335,141.0015,141.00639999999999,46093.0,58948.0,Pipistrellus pipistrellus,0.551,0.64,-1,Echolocation,192000.0,/mnt/ubna_data_04/recover-20241118/UBNA_027/20241108_083000.WAV,recover-20241118,UBNA_027,Foliage
HF,46080.0,15.282489745175702,141.7865,141.7968,45234.0,60457.0,Pipistrellus pipistrellus,0.37,0.5,-1,Echolocation,192000.0,/mnt/ubna_data_04/recover-20241118/UBNA_027/20241108_083000.WAV,recover-20241118,UBNA_027,Foliage
HF,47040.0,3.0296640143342266,141.8865,141.8915,46093.0,58393.0,Pipistrellus pipistrellus,0.506,0.536,-1,Echolocation,192000.0,/mnt/ubna_data_04/recover-20241118/UBNA_027/20241108_083000.WAV,recover-20241118,UBNA_027,Foliage
HF,46080.0,4.544255314359359,149.0395,149.0446,46093.0,55779.0,Pipistrellus pipistrellus,0.551,0.58,-1,Echolocation,192000.0,/mnt/ubna_data_04/recover-20241118/UBNA_027/20241108_083000.WAV,recover-20241118,UBNA_027,Foliage
HF,47040.0,2.2747617071648776,149.2985,149.3046,46953.0,57203.0,Pipistrellus pipistrellus,0.528,0.542,-1,Echolocation,192000.0,/mnt/ubna_data_04/recover-20241118/UBNA_027/20241108_083000.WAV,recover-20241118,UBNA_027,Foliage
HF,44160.0,12.135584190451109,157.5385,157.5433,43515.0,54356.0,Pipistrellus pipistrellus,0.611,0.656,-1,Echolocation,192000.0,/mnt/ubna_data_04/recover-20241118/UBNA_027/20241108_083000.WAV,recover-20241118,UBNA_027,Foliage
HF,45120.0,5.000738587197899,174.1925,174.1989,44375.0,55604.0,Pipistrellus pipistrellus,0.563,0.594,-1,Echolocation,192000.0,/mnt/ubna_data_04/recover-20241118/UBNA_027/20241108_083000.WAV,recover-20241118,UBNA_027,Foliage
HF,45120.0,5.643794188437062,174.3375,174.3433,45234.0,54626.0,Pipistrellus pipistrellus,0.594,0.614,-1,Echolocation,192000.0,/mnt/ubna_data_04/recover-20241118/UBNA_027/20241108_083000.WAV,recover-20241118,UBNA_027,Foliage
HF,45120.0,6.393690675370465,174.4645,174.4701,44375.0,54890.0,Pipistrellus pipistrellus,0.643,0.698,-1,Echolocation,192000.0,/mnt/ubna_data_04/recover-20241118/UBNA_027/20241108_083000.WAV,recover-20241118,UBNA_027,Foliage
HF,45120.0,7.179883462037907,174.5815,174.5873,45234.0,55507.0,Pipistrellus pipistrellus,0.555,0.601,-1,Echolocation,192000.0,/mnt/ubna_data_04/recover-20241118/UBNA_027/20241108_083000.WAV,recover-20241118,UBNA_027,Foliage
HF,44160.0,7.761990619404919,174.9605,174.9663,44375.0,56403.0,Pipistrellus pipistrellus,0.594,0.678,-1,Echolocation,192000.0,/mnt/ubna_data_04/recover-20241118/UBNA_027/20241108_083000.WAV,recover-20241118,UBNA_027,Foliage
HF,45120.0,7.232722528809966,175.2135,175.2194,45234.0,55467.0,Pipistrellus pipistrellus,0.611,0.685,-1,Echolocation,192000.0,/mnt/ubna_data_04/recover-20241118/UBNA_027/20241108_083000.WAV,recover-20241118,UBNA_027,Foliage
HF,45120.0,6.071474472084919,175.3225,175.3282,45234.0,60242.0,Pipistrellus pipistrellus,0.671,0.717,-1,Echolocation,192000.0,/mnt/ubna_data_04/recover-20241118/UBNA_027/20241108_083000.WAV,recover-20241118,UBNA_027,Foliage
HF,45120.0,3.9900135961565706,175.4625,175.4675,44375.0,57325.0,Pipistrellus pipistrellus,0.554,0.63,-1,Echolocation,192000.0,/mnt/ubna_data_04/recover-20241118/UBNA_027/20241108_083000.WAV,recover-20241118,UBNA_027,Foliage
HF,45120.0,6.24255996519291,175.7475,175.7528,44375.0,55776.0,Pipistrellus pipistrellus,0.638,0.661,-1,Echolocation,192000.0,/mnt/ubna_data_04/recover-20241118/UBNA_027/20241108_083000.WAV,recover-20241118,UBNA_027,Foliage
HF,44160.0,6.025815092798724,183.4335,183.4426,44375.0,49846.0,Pipistrellus pipistrellus,0.448,0.506,-1,Echolocation,192000.0,/mnt/ubna_data_04/recover-20241118/UBNA_027/20241108_083000.WAV,recover-20241118,UBNA_027,Foliage
HF,44160.0,7.252445832185932,183.6645,183.6702,43515.0,53875.0,Pipistrellus pipistrellus,0.655,0.681,-1,Echolocation,192000.0,/mnt/ubna_data_04/recover-20241118/UBNA_027/20241108_083000.WAV,recover-20241118,UBNA_027,Foliage
HF,46080.0,6.702801726964758,184.1245,184.1301,44375.0,51808.0,Pipistrellus pipistrellus,0.588,0.616,-1,Echolocation,192000.0,/mnt/ubna_data_04/recover-20241118/UBNA_027/20241108_083000.WAV,recover-20241118,UBNA_027,Foliage
HF,44160.0,5.365198744792518,202.8985,202.9056,43515.0,50220.0,Pipistrellus pipistrellus,0.42,0.577,-1,Echolocation,192000.0,/mnt/ubna_data_04/recover-20241118/UBNA_027/20241108_083000.WAV,recover-20241118,UBNA_027,Foliage
HF,45120.0,5.9118983465424835,208.9405,208.947,44375.0,50203.0,Pipistrellus pipistrellus,0.531,0.554,-1,Echolocation,192000.0,/mnt/ubna_data_04/recover-20241118/UBNA_027/20241108_083000.WAV,recover-20241118,UBNA_027,Foliage
HF,44160.0,5.327565631183308,209.1325,209.1385,43515.0,51642.0,Pipistrellus pipistrellus,0.565,0.662,-1,Echolocation,192000.0,/mnt/ubna_data_04/recover-20241118/UBNA_027/20241108_083000.WAV,recover-20241118,UBNA_027,Foliage
HF,45120.0,5.54713862136461,211.2765,211.2826,44375.0,50948.0,Pipistrellus pipistrellus,0.545,0.57,-1,Echolocation,192000.0,/mnt/ubna_data_04/recover-20241118/UBNA_027/20241108_083000.WAV,recover-20241118,UBNA_027,Foliage
HF,45120.0,5.120434348229122,218.4145,218.4209,44375.0,49991.0,Pipistrellus pipistrellus,0.511,0.53,-1,Echolocation,192000.0,/mnt/ubna_data_04/recover-20241118/UBNA_027/20241108_083000.WAV,recover-20241118,UBNA_027,Foliage
HF,44160.0,9.61884677739542,218.9805,218.9853,43515.0,52514.0,Pipistrellus pipistrellus,0.567,0.615,-1,Echolocation,192000.0,/mnt/ubna_data_04/recover-20241118/UBNA_027/20241108_083000.WAV,recover-20241118,UBNA_027,Foliage
HF,45120.0,12.395151340813957,219.1765,219.1828,43515.0,54332.0,Pipistrellus pipistrellus,0.521,0.669,-1,Echolocation,192000.0,/mnt/ubna_data_04/recover-20241118/UBNA_027/20241108_083000.WAV,recover-20241118,UBNA_027,Foliage
HF,44160.0,10.571579995733735,219.2815,219.2878,42656.0,52206.0,Pipistrellus pipistrellus,0.525,0.608,-1,Echolocation,192000.0,/mnt/ubna_data_04/recover-20241118/UBNA_027/20241108_083000.WAV,recover-20241118,UBNA_027,Foliage
HF,46080.0,5.3671876135683,227.5165,227.52179999999998,45234.0,53711.0,Pipistrellus pipistrellus,0.522,0.552,-1,Echolocation,192000.0,/mnt/ubna_data_04/recover-20241118/UBNA_027/20241108_083000.WAV,recover-20241118,UBNA_027,Foliage
HF,45120.0,5.809557732165405,233.7175,233.7231,44375.0,51603.0,Pipistrellus pipistrellus,0.549,0.584,-1,Echolocation,192000.0,/mnt/ubna_data_04/recover-20241118/UBNA_027/20241108_083000.WAV,recover-20241118,UBNA_027,Foliage
HF,45120.0,3.6782756595592248,240.7285,240.7349,44375.0,55303.0,Pipistrellus pipistrellus,0.522,0.553,-1,Echolocation,192000.0,/mnt/ubna_data_04/recover-20241118/UBNA_027/20241108_083000.WAV,recover-20241118,UBNA_027,Foliage
HF,44160.0,6.180455868992521,240.9025,240.9079,43515.0,50204.0,Pipistrellus pipistrellus,0.503,0.574,-1,Echolocation,192000.0,/mnt/ubna_data_04/recover-20241118/UBNA_027/20241108_083000.WAV,recover-20241118,UBNA_027,Foliage
HF,44160.0,10.901910109110538,241.0525,241.0575,43515.0,57005.0,Pipistrellus pipistrellus,0.654,0.691,-1,Echolocation,192000.0,/mnt/ubna_data_04/recover-20241118/UBNA_027/20241108_083000.WAV,recover-20241118,UBNA_027,Foliage
HF,44160.0,9.907587835197306,241.3055,241.3105,43515.0,54110.0,Pipistrellus pipistrellus,0.558,0.612,-1,Echolocation,192000.0,/mnt/ubna_data_04/recover-20241118/UBNA_027/20241108_083000.WAV,recover-20241118,UBNA_027,Foliage
HF,45120.0,7.014325255713775,241.5065,241.5121,44375.0,53779.0,Pipistrellus pipistrellus,0.627,0.662,-1,Echolocation,192000.0,/mnt/ubna_data_04/recover-20241118/UBNA_027/20241108_083000.WAV,recover-20241118,UBNA_027,Foliage
HF,44160.0,3.6516280859329346,241.9475,241.9536,42656.0,51127.0,Pipistrellus pipistrellus,0.544,0.601,-1,Echolocation,192000.0,/mnt/ubna_data_04/recover-20241118/UBNA_027/20241108_083000.WAV,recover-20241118,UBNA_027,Foliage
HF,46080.0,8.039964416993296,246.2495,246.2545,45234.0,52844.0,Pipistrellus pipistrellus,0.56,0.575,-1,Echolocation,192000.0,/mnt/ubna_data_04/recover-20241118/UBNA_027/20241108_083000.WAV,recover-20241118,UBNA_027,Foliage
HF,45120.0,3.3196062754643947,246.3405,246.3461,44375.0,54979.0,Pipistrellus pipistrellus,0.593,0.614,-1,Echolocation,192000.0,/mnt/ubna_data_04/recover-20241118/UBNA_027/20241108_083000.WAV,recover-20241118,UBNA_027,Foliage
HF,45120.0,7.457168512885174,246.4365,246.4415,44375.0,53996.0,Pipistrellus pipistrellus,0.616,0.641,-1,Echolocation,192000.0,/mnt/ubna_data_04/recover-20241118/UBNA_027/20241108_083000.WAV,recover-20241118,UBNA_027,Foliage
HF,44160.0,9.093186236372771,246.5275,246.5331,43515.0,54531.0,Pipistrellus pipistrellus,0.601,0.655,-1,Echolocation,192000.0,/mnt/ubna_data_04/recover-20241118/UBNA_027/20241108_083000.WAV,recover-20241118,UBNA_027,Foliage
HF,44160.0,10.113894357930807,246.7875,246.7927,43515.0,54222.0,Pipistrellus pipistrellus,0.627,0.675,-1,Echolocation,192000.0,/mnt/ubna_data_04/recover-20241118/UBNA_027/20241108_083000.WAV,recover-20241118,UBNA_027,Foliage
HF,45120.0,7.5672415636822965,246.8765,246.8828,44375.0,51370.0,Pipistrellus pipistrellus,0.607,0.613,-1,Echolocation,192000.0,/mnt/ubna_data_04/recover-20241118/UBNA_027/20241108_083000.WAV,recover-20241118,UBNA_027,Foliage
HF,46080.0,3.2967915982220757,246.9725,246.9779,45234.0,52837.0,Pipistrellus pipistrellus,0.507,0.525,-1,Echolocation,192000.0,/mnt/ubna_data_04/recover-20241118/UBNA_027/20241108_083000.WAV,recover-20241118,UBNA_027,Foliage
HF,47040.0,9.514621106551822,247.7145,247.7197,46093.0,53345.0,Pipistrellus pipistrellus,0.57,0.587,-1,Echolocation,192000.0,/mnt/ubna_data_04/recover-20241118/UBNA_027/20241108_083000.WAV,recover-20241118,UBNA_027,Foliage
HF,44160.0,11.961627849955478,247.8855,247.8916,42656.0,53128.0,Pipistrellus pipistrellus,0.424,0.547,-1,Echolocation,192000.0,/mnt/ubna_data_04/recover-20241118/UBNA_027/20241108_083000.WAV,recover-20241118,UBNA_027,Foliage
HF,44160.0,2.875397766139508,254.8575,254.8642,44375.0,53017.0,Pipistrellus pipistrellus,0.517,0.583,-1,Echolocation,192000.0,/mnt/ubna_data_04/recover-20241118/UBNA_027/20241108_083000.WAV,recover-20241118,UBNA_027,Foliage
HF,45120.0,4.45504236002882,256.0055,256.0124,44375.0,47049.0,Pipistrellus pipistrellus,0.444,0.503,-1,Echolocation,192000.0,/mnt/ubna_data_04/recover-20241118/UBNA_027/20241108_083000.WAV,recover-20241118,UBNA_027,Foliage
HF,45120.0,3.360552617363438,256.2135,256.219,44375.0,51097.0,Pipistrellus pipistrellus,0.537,0.551,-1,Echolocation,192000.0,/mnt/ubna_data_04/recover-20241118/UBNA_027/20241108_083000.WAV,recover-20241118,UBNA_027,Foliage
HF,45120.0,9.173541828643003,256.4425,256.44780000000003,43515.0,52544.0,Pipistrellus pipistrellus,0.587,0.646,-1,Echolocation,192000.0,/mnt/ubna_data_04/recover-20241118/UBNA_027/20241108_083000.WAV,recover-20241118,UBNA_027,Foliage
HF,45120.0,6.91690884795565,256.5495,256.5546,44375.0,53670.0,Pipistrellus pipistrellus,0.616,0.659,-1,Echolocation,192000.0,/mnt/ubna_data_04/recover-20241118/UBNA_027/20241108_083000.WAV,recover-20241118,UBNA_027,Foliage
HF,46080.0,4.082865834793842,270.6855,270.6908,46093.0,56836.0,Pipistrellus pipistrellus,0.533,0.545,-1,Echolocation,192000.0,/mnt/ubna_data_04/recover-20241118/UBNA_027/20241108_083000.WAV,recover-20241118,UBNA_027,Foliage
HF,45120.0,9.39040220645182,270.8785,270.8838,44375.0,53527.0,Pipistrellus pipistrellus,0.536,0.577,-1,Echolocation,192000.0,/mnt/ubna_data_04/recover-20241118/UBNA_027/20241108_083000.WAV,recover-20241118,UBNA_027,Foliage
HF,45120.0,8.823275561429433,271.0665,271.0714,43515.0,54377.0,Pipistrellus pipistrellus,0.584,0.62,-1,Echolocation,192000.0,/mnt/ubna_data_04/recover-20241118/UBNA_027/20241108_083000.WAV,recover-20241118,UBNA_027,Foliage
HF,45120.0,13.030964920397691,271.1735,271.1789,44375.0,53648.0,Pipistrellus pipistrellus,0.633,0.67,-1,Echolocation,192000.0,/mnt/ubna_data_04/recover-20241118/UBNA_027/20241108_083000.WAV,recover-20241118,UBNA_027,Foliage
HF,45120.0,12.034746411841773,271.3775,271.3826,44375.0,54555.0,Pipistrellus pipistrellus,0.624,0.657,-1,Echolocation,192000.0,/mnt/ubna_data_04/recover-20241118/UBNA_027/20241108_083000.WAV,recover-20241118,UBNA_027,Foliage
HF,45120.0,10.574943903390812,271.5585,271.564,44375.0,54315.0,Pipistrellus pipistrellus,0.594,0.65,-1,Echolocation,192000.0,/mnt/ubna_data_04/recover-20241118/UBNA_027/20241108_083000.WAV,recover-20241118,UBNA_027,Foliage
HF,45120.0,4.4486015702171136,271.7515,271.7571,44375.0,52272.0,Pipistrellus pipistrellus,0.523,0.556,-1,Echolocation,192000.0,/mnt/ubna_data_04/recover-20241118/UBNA_027/20241108_083000.WAV,recover-20241118,UBNA_027,Foliage
HF,45120.0,4.407028516777124,272.2315,272.2377,44375.0,55131.0,Pipistrellus pipistrellus,0.536,0.618,-1,Echolocation,192000.0,/mnt/ubna_data_04/recover-20241118/UBNA_027/20241108_083000.WAV,recover-20241118,UBNA_027,Foliage
HF,45120.0,3.74448834750602,273.1055,273.1135,44375.0,52627.0,Pipistrellus pipistrellus,0.536,0.577,-1,Echolocation,192000.0,/mnt/ubna_data_04/recover-20241118/UBNA_027/20241108_083000.WAV,recover-20241118,UBNA_027,Foliage
HF,44160.0,7.065837313357863,273.2045,273.2111,43515.0,54479.0,Pipistrellus pipistrellus,0.59,0.668,-1,Echolocation,192000.0,/mnt/ubna_data_04/recover-20241118/UBNA_027/20241108_083000.WAV,recover-20241118,UBNA_027,Foliage
HF,45120.0,9.519645501673786,274.0495,274.0554,44375.0,56041.0,Pipistrellus pipistrellus,0.664,0.718,-1,Echolocation,192000.0,/mnt/ubna_data_04/recover-20241118/UBNA_027/20241108_083000.WAV,recover-20241118,UBNA_027,Foliage
HF,45120.0,9.849613741641123,274.2595,274.2653,44375.0,54518.0,Pipistrellus pipistrellus,0.493,0.553,-1,Echolocation,192000.0,/mnt/ubna_data_04/recover-20241118/UBNA_027/20241108_083000.WAV,recover-20241118,UBNA_027,Foliage
HF,46080.0,4.026246701985853,294.1315,294.1374,45234.0,56332.0,Pipistrellus pipistrellus,0.549,0.562,-1,Echolocation,192000.0,/mnt/ubna_data_04/recover-20241118/UBNA_027/20241108_083000.WAV,recover-20241118,UBNA_027,Foliage
HF,46080.0,5.294347253880031,294.4615,294.467,45234.0,52757.0,Pipistrellus pipistrellus,0.56,0.569,-1,Echolocation,192000.0,/mnt/ubna_data_04/recover-20241118/UBNA_027/20241108_083000.WAV,recover-20241118,UBNA_027,Foliage
HF,46080.0,6.4625301143463085,294.7505,294.7554,45234.0,56920.0,Pipistrellus pipistrellus,0.631,0.644,-1,Echolocation,192000.0,/mnt/ubna_data_04/recover-20241118/UBNA_027/20241108_083000.WAV,recover-20241118,UBNA_027,Foliage
HF,46080.0,2.817954767877067,294.8455,294.8525,45234.0,51866.0,Pipistrellus pipistrellus,0.487,0.504,-1,Echolocation,192000.0,/mnt/ubna_data_04/recover-20241118/UBNA_027/20241108_083000.WAV,recover-20241118,UBNA_027,Foliage
HF,45120.0,4.037718673028831,295.1145,295.1209,45234.0,51684.0,Pipistrellus pipistrellus,0.558,0.57,-1,Echolocation,192000.0,/mnt/ubna_data_04/recover-20241118/UBNA_027/20241108_083000.WAV,recover-20241118,UBNA_027,Foliage
HF,46080.0,6.557801144504598,295.4135,295.4188,45234.0,52974.0,Pipistrellus pipistrellus,0.566,0.589,-1,Echolocation,192000.0,/mnt/ubna_data_04/recover-20241118/UBNA_027/20241108_083000.WAV,recover-20241118,UBNA_027,Foliage
HF,45120.0,5.775161047954812,295.9545,295.9605,45234.0,53454.0,Pipistrellus pipistrellus,0.666,0.678,-1,Echolocation,192000.0,/mnt/ubna_data_04/recover-20241118/UBNA_027/20241108_083000.WAV,recover-20241118,UBNA_027,Foliage
HF,45120.0,10.064808334173382,296.1625,296.1677,44375.0,55253.0,Pipistrellus pipistrellus,0.644,0.674,-1,Echolocation,192000.0,/mnt/ubna_data_04/recover-20241118/UBNA_027/20241108_083000.WAV,recover-20241118,UBNA_027,Foliage
HF,45120.0,5.973215228772118,296.3925,296.3986,44375.0,53696.0,Pipistrellus pipistrellus,0.584,0.654,-1,Echolocation,192000.0,/mnt/ubna_data_04/recover-20241118/UBNA_027/20241108_083000.WAV,recover-20241118,UBNA_027,Foliage
HF,45120.0,6.430245230711539,296.6145,296.6204,44375.0,52121.0,Pipistrellus pipistrellus,0.585,0.62,-1,Echolocation,192000.0,/mnt/ubna_data_04/recover-20241118/UBNA_027/20241108_083000.WAV,recover-20241118,UBNA_027,Foliage
HF,46080.0,2.207497011509382,1.0885,1.0951,46093.0,53555.0,Pipistrellus pipistrellus,0.465,0.503,-1,Echolocation,192000.0,/mnt/ubna_data_04/recover-20241118/UBNA_027/20241108_085000.WAV,recover-20241118,UBNA_027,Foliage
HF,47040.0,2.7100397541089363,1.9725,1.9781,46093.0,55852.0,Pipistrellus pipistrellus,0.495,0.511,-1,Echolocation,192000.0,/mnt/ubna_data_04/recover-20241118/UBNA_027/20241108_085000.WAV,recover-20241118,UBNA_027,Foliage
HF,45120.0,5.150711034703955,28.6915,28.6971,44375.0,49369.0,Pipistrellus pipistrellus,0.476,0.51,-1,Echolocation,192000.0,/mnt/ubna_data_04/recover-20241118/UBNA_027/20241108_085000.WAV,recover-20241118,UBNA_027,Foliage
HF,46080.0,3.117871477933055,57.0215,57.025999999999996,44375.0,56013.0,Pipistrellus pipistrellus,0.505,0.551,-1,Echolocation,192000.0,/mnt/ubna_data_04/recover-20241118/UBNA_027/20241108_085000.WAV,recover-20241118,UBNA_027,Foliage
HF,48000.0,3.3080606824391556,57.2385,57.2431,46953.0,58427.0,Pipistrellus pipistrellus,0.475,0.502,-1,Echolocation,192000.0,/mnt/ubna_data_04/recover-20241118/UBNA_027/20241108_085000.WAV,recover-20241118,UBNA_027,Foliage
HF,45120.0,5.209928372056474,57.4055,57.4112,44375.0,52483.0,Pipistrellus pipistrellus,0.591,0.618,-1,Echolocation,192000.0,/mnt/ubna_data_04/recover-20241118/UBNA_027/20241108_085000.WAV,recover-20241118,UBNA_027,Foliage
HF,47040.0,8.43113108933058,57.4915,57.497,45234.0,56589.0,Pipistrellus pipistrellus,0.627,0.703,-1,Echolocation,192000.0,/mnt/ubna_data_04/recover-20241118/UBNA_027/20241108_085000.WAV,recover-20241118,UBNA_027,Foliage
HF,45120.0,6.888030482030551,57.7425,57.748599999999996,44375.0,50441.0,Pipistrellus pipistrellus,0.479,0.558,-1,Echolocation,192000.0,/mnt/ubna_data_04/recover-20241118/UBNA_027/20241108_085000.WAV,recover-20241118,UBNA_027,Foliage
HF,46080.0,5.414475016343774,64.8315,64.83670000000001,45234.0,53799.0,Pipistrellus pipistrellus,0.498,0.513,-1,Echolocation,192000.0,/mnt/ubna_data_04/recover-20241118/UBNA_027/20241108_085000.WAV,recover-20241118,UBNA_027,Foliage
HF,46080.0,12.440139481573198,65.0055,65.0111,44375.0,52365.0,Pipistrellus pipistrellus,0.593,0.625,-1,Echolocation,192000.0,/mnt/ubna_data_04/recover-20241118/UBNA_027/20241108_085000.WAV,recover-20241118,UBNA_027,Foliage
HF,46080.0,4.728934860166277,65.0895,65.0949,44375.0,51889.0,Pipistrellus pipistrellus,0.56,0.58,-1,Echolocation,192000.0,/mnt/ubna_data_04/recover-20241118/UBNA_027/20241108_085000.WAV,recover-20241118,UBNA_027,Foliage
HF,46080.0,12.987058324040415,65.1735,65.178,44375.0,55151.0,Pipistrellus pipistrellus,0.64,0.658,-1,Echolocation,192000.0,/mnt/ubna_data_04/recover-20241118/UBNA_027/20241108_085000.WAV,recover-20241118,UBNA_027,Foliage
HF,45120.0,9.488987103375079,65.2655,65.2713,43515.0,54612.0,Pipistrellus pipistrellus,0.621,0.675,-1,Echolocation,192000.0,/mnt/ubna_data_04/recover-20241118/UBNA_027/20241108_085000.WAV,recover-20241118,UBNA_027,Foliage
HF,44160.0,5.057387747357563,65.4525,65.4592,43515.0,52192.0,Pipistrellus pipistrellus,0.467,0.563,-1,Echolocation,192000.0,/mnt/ubna_data_04/recover-20241118/UBNA_027/20241108_085000.WAV,recover-20241118,UBNA_027,Foliage
HF,46080.0,7.778182518397765,86.4605,86.4654,45234.0,56397.0,Pipistrellus pipistrellus,0.618,0.652,-1,Echolocation,192000.0,/mnt/ubna_data_04/recover-20241118/UBNA_027/20241108_085000.WAV,recover-20241118,UBNA_027,Foliage
HF,46080.0,4.032659912183934,86.5455,86.5509,46093.0,56336.0,Pipistrellus pipistrellus,0.571,0.597,-1,Echolocation,192000.0,/mnt/ubna_data_04/recover-20241118/UBNA_027/20241108_085000.WAV,recover-20241118,UBNA_027,Foliage
HF,46080.0,10.492631627401373,86.6395,86.6444,44375.0,57715.0,Pipistrellus pipistrellus,0.561,0.652,-1,Echolocation,192000.0,/mnt/ubna_data_04/recover-20241118/UBNA_027/20241108_085000.WAV,recover-20241118,UBNA_027,Foliage
HF,45120.0,5.842209979713926,86.8365,86.84270000000001,44375.0,50737.0,Pipistrellus pipistrellus,0.599,0.614,-1,Echolocation,192000.0,/mnt/ubna_data_04/recover-20241118/UBNA_027/20241108_085000.WAV,recover-20241118,UBNA_027,Foliage
HF,45120.0,7.607633266363622,88.5475,88.553,44375.0,54218.0,Pipistrellus pipistrellus,0.459,0.562,-1,Echolocation,192000.0,/mnt/ubna_data_04/recover-20241118/UBNA_027/20241108_085000.WAV,recover-20241118,UBNA_027,Foliage
HF,45120.0,4.471229477746775,106.4645,106.469,44375.0,55343.0,Pipistrellus pipistrellus,0.53,0.596,-1,Echolocation,192000.0,/mnt/ubna_data_04/recover-20241118/UBNA_027/20241108_085000.WAV,recover-20241118,UBNA_027,Foliage
HF,45120.0,4.688567522179351,108.8255,108.8309,44375.0,57509.0,Pipistrellus pipistrellus,0.65,0.702,-1,Echolocation,192000.0,/mnt/ubna_data_04/recover-20241118/UBNA_027/20241108_085000.WAV,recover-20241118,UBNA_027,Foliage
HF,46080.0,2.0227797183229046,133.5685,133.5731,45234.0,57128.0,Pipistrellus pipistrellus,0.514,0.55,-1,Echolocation,192000.0,/mnt/ubna_data_04/recover-20241118/UBNA_027/20241108_085000.WAV,recover-20241118,UBNA_027,Foliage
HF,45120.0,4.077929450672447,133.9825,133.9882,44375.0,54345.0,Pipistrellus pipistrellus,0.604,0.641,-1,Echolocation,192000.0,/mnt/ubna_data_04/recover-20241118/UBNA_027/20241108_085000.WAV,recover-20241118,UBNA_027,Foliage
HF,45120.0,6.210090698172141,134.0685,134.0741,44375.0,52354.0,Pipistrellus pipistrellus,0.604,0.645,-1,Echolocation,192000.0,/mnt/ubna_data_04/recover-20241118/UBNA_027/20241108_085000.WAV,recover-20241118,UBNA_027,Foliage
HF,48000.0,5.287749380026833,135.1445,135.1499,45234.0,53713.0,Pipistrellus pipistrellus,0.57,0.586,-1,Echolocation,192000.0,/mnt/ubna_data_04/recover-20241118/UBNA_027/20241108_085000.WAV,recover-20241118,UBNA_027,Foliage
HF,47040.0,9.112153244242085,135.5655,135.5709,44375.0,52917.0,Pipistrellus pipistrellus,0.607,0.63,-1,Echolocation,192000.0,/mnt/ubna_data_04/recover-20241118/UBNA_027/20241108_085000.WAV,recover-20241118,UBNA_027,Foliage
HF,45120.0,2.911464074834777,135.9545,135.9606,44375.0,50884.0,Pipistrellus pipistrellus,0.542,0.554,-1,Echolocation,192000.0,/mnt/ubna_data_04/recover-20241118/UBNA_027/20241108_085000.WAV,recover-20241118,UBNA_027,Foliage
HF,45120.0,3.6681002908430074,142.8635,142.8697,44375.0,50807.0,Pipistrellus pipistrellus,0.519,0.544,-1,Echolocation,192000.0,/mnt/ubna_data_04/recover-20241118/UBNA_027/20241108_085000.WAV,recover-20241118,UBNA_027,Foliage
HF,46080.0,6.888136046977827,142.9555,142.9615,45234.0,55394.0,Pipistrellus pipistrellus,0.624,0.657,-1,Echolocation,192000.0,/mnt/ubna_data_04/recover-20241118/UBNA_027/20241108_085000.WAV,recover-20241118,UBNA_027,Foliage
HF,46080.0,5.405476561728484,143.0325,143.0376,46093.0,56202.0,Pipistrellus pipistrellus,0.534,0.556,-1,Echolocation,192000.0,/mnt/ubna_data_04/recover-20241118/UBNA_027/20241108_085000.WAV,recover-20241118,UBNA_027,Foliage
HF,45120.0,7.706142825393058,143.6315,143.6361,44375.0,55932.0,Pipistrellus pipistrellus,0.51,0.57,-1,Echolocation,192000.0,/mnt/ubna_data_04/recover-20241118/UBNA_027/20241108_085000.WAV,recover-20241118,UBNA_027,Foliage
HF,45120.0,5.976498049331791,143.7935,143.799,44375.0,54360.0,Pipistrellus pipistrellus,0.563,0.579,-1,Echolocation,192000.0,/mnt/ubna_data_04/recover-20241118/UBNA_027/20241108_085000.WAV,recover-20241118,UBNA_027,Foliage
HF,46080.0,4.649427940457539,149.3935,149.3983,44375.0,54250.0,Pipistrellus pipistrellus,0.513,0.561,-1,Echolocation,192000.0,/mnt/ubna_data_04/recover-20241118/UBNA_027/20241108_085000.WAV,recover-20241118,UBNA_027,Foliage
HF,46080.0,3.7564574775528574,149.6805,149.68619999999999,46093.0,53657.0,Pipistrellus pipistrellus,0.55,0.561,-1,Echolocation,192000.0,/mnt/ubna_data_04/recover-20241118/UBNA_027/20241108_085000.WAV,recover-20241118,UBNA_027,Foliage
HF,47040.0,7.924416001885563,149.7685,149.7732,45234.0,57273.0,Pipistrellus pipistrellus,0.485,0.525,-1,Echolocation,192000.0,/mnt/ubna_data_04/recover-20241118/UBNA_027/20241108_085000.WAV,recover-20241118,UBNA_027,Foliage
HF,46080.0,4.576030231721225,149.8565,149.8615,46093.0,56347.0,Pipistrellus pipistrellus,0.543,0.558,-1,Echolocation,192000.0,/mnt/ubna_data_04/recover-20241118/UBNA_027/20241108_085000.WAV,recover-20241118,UBNA_027,Foliage
HF,46080.0,10.225483777809961,149.9515,149.9562,45234.0,56728.0,Pipistrellus pipistrellus,0.556,0.61,-1,Echolocation,192000.0,/mnt/ubna_data_04/recover-20241118/UBNA_027/20241108_085000.WAV,recover-20241118,UBNA_027,Foliage
HF,48000.0,7.429958877313379,150.0425,150.0471,45234.0,59079.0,Pipistrellus pipistrellus,0.519,0.562,-1,Echolocation,192000.0,/mnt/ubna_data_04/recover-20241118/UBNA_027/20241108_085000.WAV,recover-20241118,UBNA_027,Foliage
HF,48000.0,8.203580220786469,150.1315,150.1365,46093.0,57861.0,Pipistrellus pipistrellus,0.53,0.553,-1,Echolocation,192000.0,/mnt/ubna_data_04/recover-20241118/UBNA_027/20241108_085000.WAV,recover-20241118,UBNA_027,Foliage
HF,50880.0,10.291076394355372,150.7095,150.7141,47812.0,61407.0,Pipistrellus pipistrellus,0.545,0.591,-1,Echolocation,192000.0,/mnt/ubna_data_04/recover-20241118/UBNA_027/20241108_085000.WAV,recover-20241118,UBNA_027,Foliage
HF,48960.0,6.506538128036135,150.7965,150.8015,47812.0,59311.0,Pipistrellus pipistrellus,0.55,0.588,-1,Echolocation,192000.0,/mnt/ubna_data_04/recover-20241118/UBNA_027/20241108_085000.WAV,recover-20241118,UBNA_027,Foliage
HF,51840.0,17.348281782702376,150.8745,150.8805,45234.0,60388.0,Pipistrellus pipistrellus,0.537,0.665,-1,Echolocation,192000.0,/mnt/ubna_data_04/recover-20241118/UBNA_027/20241108_085000.WAV,recover-20241118,UBNA_027,Foliage
HF,46080.0,6.478628770934945,151.0595,151.0646,43515.0,54423.0,Pipistrellus pipistrellus,0.503,0.533,-1,Echolocation,192000.0,/mnt/ubna_data_04/recover-20241118/UBNA_027/20241108_085000.WAV,recover-20241118,UBNA_027,Foliage
HF,46080.0,13.567620508984415,151.1475,151.1538,44375.0,60281.0,Pipistrellus pipistrellus,0.536,0.689,-1,Echolocation,192000.0,/mnt/ubna_data_04/recover-20241118/UBNA_027/20241108_085000.WAV,recover-20241118,UBNA_027,Foliage
HF,47040.0,11.819797783280732,152.1315,152.1403,46093.0,56776.0,Pipistrellus pipistrellus,0.5,0.562,-1,Echolocation,192000.0,/mnt/ubna_data_04/recover-20241118/UBNA_027/20241108_085000.WAV,recover-20241118,UBNA_027,Foliage
HF,46080.0,10.202402175702368,152.3995,152.407,44375.0,61467.0,Pipistrellus pipistrellus,0.31,0.547,-1,Echolocation,192000.0,/mnt/ubna_data_04/recover-20241118/UBNA_027/20241108_085000.WAV,recover-20241118,UBNA_027,Foliage
HF,46080.0,11.32955037300761,152.6785,152.6846,43515.0,61569.0,Pipistrellus pipistrellus,0.22,0.58,-1,Echolocation,192000.0,/mnt/ubna_data_04/recover-20241118/UBNA_027/20241108_085000.WAV,recover-20241118,UBNA_027,Foliage
HF,46080.0,8.015036314910716,192.3495,192.3552,44375.0,52231.0,Pipistrellus pipistrellus,0.575,0.624,-1,Echolocation,192000.0,/mnt/ubna_data_04/recover-20241118/UBNA_027/20241108_085000.WAV,recover-20241118,UBNA_027,Foliage
HF,46080.0,4.7410956060266995,192.4355,192.4416,45234.0,51348.0,Pipistrellus pipistrellus,0.487,0.505,-1,Echolocation,192000.0,/mnt/ubna_data_04/recover-20241118/UBNA_027/20241108_085000.WAV,recover-20241118,UBNA_027,Foliage
HF,45120.0,7.6394005844721145,208.3695,208.3772,44375.0,52420.0,Pipistrellus pipistrellus,0.608,0.643,-1,Echolocation,192000.0,/mnt/ubna_data_04/recover-20241118/UBNA_027/20241108_085000.WAV,recover-20241118,UBNA_027,Foliage
HF,45120.0,12.446550054621376,208.4545,208.461,44375.0,54857.0,Pipistrellus pipistrellus,0.666,0.708,-1,Echolocation,192000.0,/mnt/ubna_data_04/recover-20241118/UBNA_027/20241108_085000.WAV,recover-20241118,UBNA_027,Foliage
HF,45120.0,7.013778347620612,208.5505,208.5583,44375.0,52177.0,Pipistrellus pipistrellus,0.511,0.616,-1,Echolocation,192000.0,/mnt/ubna_data_04/recover-20241118/UBNA_027/20241108_085000.WAV,recover-20241118,UBNA_027,Foliage
HF,46080.0,9.741454125057633,208.9085,208.9166,45234.0,58461.0,Pipistrellus pipistrellus,0.574,0.619,-1,Echolocation,192000.0,/mnt/ubna_data_04/recover-20241118/UBNA_027/20241108_085000.WAV,recover-20241118,UBNA_027,Foliage
HF,45120.0,6.320207479558972,209.1005,209.1077,44375.0,52568.0,Pipistrellus pipistrellus,0.598,0.643,-1,Echolocation,192000.0,/mnt/ubna_data_04/recover-20241118/UBNA_027/20241108_085000.WAV,recover-20241118,UBNA_027,Foliage
HF,45120.0,11.01996778804705,209.2875,209.2935,44375.0,53997.0,Pipistrellus pipistrellus,0.651,0.676,-1,Echolocation,192000.0,/mnt/ubna_data_04/recover-20241118/UBNA_027/20241108_085000.WAV,recover-20241118,UBNA_027,Foliage
HF,45120.0,6.17483656432179,209.4805,209.4873,44375.0,50604.0,Pipistrellus pipistrellus,0.561,0.571,-1,Echolocation,192000.0,/mnt/ubna_data_04/recover-20241118/UBNA_027/20241108_085000.WAV,recover-20241118,UBNA_027,Foliage
HF,45120.0,11.80336638786164,209.64249999999998,209.6481,44375.0,53033.0,Pipistrellus pipistrellus,0.639,0.653,-1,Echolocation,192000.0,/mnt/ubna_data_04/recover-20241118/UBNA_027/20241108_085000.WAV,recover-20241118,UBNA_027,Foliage
HF,45120.0,9.39862034537631,209.9655,209.97129999999999,43515.0,53688.0,Pipistrellus pipistrellus,0.619,0.659,-1,Echolocation,192000.0,/mnt/ubna_data_04/recover-20241118/UBNA_027/20241108_085000.WAV,recover-20241118,UBNA_027,Foliage
HF,46080.0,6.532147804402252,210.3945,210.3996,44375.0,55538.0,Pipistrellus pipistrellus,0.545,0.605,-1,Echolocation,192000.0,/mnt/ubna_data_04/recover-20241118/UBNA_027/20241108_085000.WAV,recover-20241118,UBNA_027,Foliage
HF,46080.0,9.8962866261626,210.8265,210.8311,44375.0,57161.0,Pipistrellus pipistrellus,0.603,0.656,-1,Echolocation,192000.0,/mnt/ubna_data_04/recover-20241118/UBNA_027/20241108_085000.WAV,recover-20241118,UBNA_027,Foliage
HF,46080.0,8.180861925624445,211.5925,211.5977,46093.0,57738.0,Pipistrellus pipistrellus,0.658,0.7,-1,Echolocation,192000.0,/mnt/ubna_data_04/recover-20241118/UBNA_027/20241108_085000.WAV,recover-20241118,UBNA_027,Foliage
HF,48960.0,9.985389543856282,212.2795,212.284,45234.0,60784.0,Pipistrellus pipistrellus,0.484,0.572,-1,Echolocation,192000.0,/mnt/ubna_data_04/recover-20241118/UBNA_027/20241108_085000.WAV,recover-20241118,UBNA_027,Foliage
HF,46080.0,8.45171797079136,212.7815,212.7862,44375.0,58210.0,Pipistrellus pipistrellus,0.599,0.651,-1,Echolocation,192000.0,/mnt/ubna_data_04/recover-20241118/UBNA_027/20241108_085000.WAV,recover-20241118,UBNA_027,Foliage
HF,45120.0,3.6906479340305722,212.9475,212.9526,43515.0,54865.0,Pipistrellus pipistrellus,0.469,0.516,-1,Echolocation,192000.0,/mnt/ubna_data_04/recover-20241118/UBNA_027/20241108_085000.WAV,recover-20241118,UBNA_027,Foliage
HF,46080.0,4.624654441056808,213.3345,213.3398,44375.0,51191.0,Pipistrellus pipistrellus,0.46,0.516,-1,Echolocation,192000.0,/mnt/ubna_data_04/recover-20241118/UBNA_027/20241108_085000.WAV,recover-20241118,UBNA_027,Foliage
HF,46080.0,7.092122112826878,213.8335,213.8383,44375.0,57097.0,Pipistrellus pipistrellus,0.578,0.626,-1,Echolocation,192000.0,/mnt/ubna_data_04/recover-20241118/UBNA_027/20241108_085000.WAV,recover-20241118,UBNA_027,Foliage
HF,46080.0,6.169654590783233,227.40449999999998,227.4098,45234.0,56970.0,Pipistrellus pipistrellus,0.541,0.629,-1,Echolocation,192000.0,/mnt/ubna_data_04/recover-20241118/UBNA_027/20241108_085000.WAV,recover-20241118,UBNA_027,Foliage
HF,46080.0,3.3176970054207318,232.5055,232.5119,45234.0,54128.0,Pipistrellus pipistrellus,0.531,0.608,-1,Echolocation,192000.0,/mnt/ubna_data_04/recover-20241118/UBNA_027/20241108_085000.WAV,recover-20241118,UBNA_027,Foliage
HF,45120.0,4.7308092190079,232.9775,232.9827,44375.0,52610.0,Pipistrellus pipistrellus,0.469,0.503,-1,Echolocation,192000.0,/mnt/ubna_data_04/recover-20241118/UBNA_027/20241108_085000.WAV,recover-20241118,UBNA_027,Foliage
HF,47040.0,4.270349128236965,233.7785,233.7827,46093.0,58446.0,Pipistrellus pipistrellus,0.462,0.506,-1,Echolocation,192000.0,/mnt/ubna_data_04/recover-20241118/UBNA_027/20241108_085000.WAV,recover-20241118,UBNA_027,Foliage
HF,46080.0,5.584101987325832,234.04149999999998,234.047,45234.0,56453.0,Pipistrellus pipistrellus,0.5,0.554,-1,Echolocation,192000.0,/mnt/ubna_data_04/recover-20241118/UBNA_027/20241108_085000.WAV,recover-20241118,UBNA_027,Foliage
HF,46080.0,6.667930453584163,234.1345,234.1399,44375.0,57361.0,Pipistrellus pipistrellus,0.503,0.643,-1,Echolocation,192000.0,/mnt/ubna_data_04/recover-20241118/UBNA_027/20241108_085000.WAV,recover-20241118,UBNA_027,Foliage
HF,46080.0,6.813687169061828,236.7065,236.7125,45234.0,51941.0,Pipistrellus pipistrellus,0.542,0.567,-1,Echolocation,192000.0,/mnt/ubna_data_04/recover-20241118/UBNA_027/20241108_085000.WAV,recover-20241118,UBNA_027,Foliage
HF,47040.0,13.239288294057534,88.6645,88.6705,46953.0,59748.0,Pipistrellus pipistrellus,0.558,0.71,-1,Echolocation,192000.0,/mnt/ubna_data_04/recover-20241118/UBNA_027/20241108_090000.WAV,recover-20241118,UBNA_027,Foliage
HF,48000.0,10.840322107677615,88.7505,88.756,47812.0,61874.0,Pipistrellus pipistrellus,0.621,0.719,-1,Echolocation,192000.0,/mnt/ubna_data_04/recover-20241118/UBNA_027/20241108_090000.WAV,recover-20241118,UBNA_027,Foliage
HF,47040.0,10.507229025674945,88.8455,88.8503,46953.0,57752.0,Pipistrellus pipistrellus,0.627,0.669,-1,Echolocation,192000.0,/mnt/ubna_data_04/recover-20241118/UBNA_027/20241108_090000.WAV,recover-20241118,UBNA_027,Foliage
HF,51840.0,11.259548747660366,89.0375,89.0427,46953.0,56577.0,Pipistrellus pipistrellus,0.613,0.646,-1,Echolocation,192000.0,/mnt/ubna_data_04/recover-20241118/UBNA_027/20241108_090000.WAV,recover-20241118,UBNA_027,Foliage
HF,47040.0,12.44159678253439,89.2085,89.2142,46953.0,57769.0,Pipistrellus pipistrellus,0.674,0.724,-1,Echolocation,192000.0,/mnt/ubna_data_04/recover-20241118/UBNA_027/20241108_090000.WAV,recover-20241118,UBNA_027,Foliage
HF,47040.0,5.0656363441715255,89.3065,89.3125,46953.0,56897.0,Pipistrellus pipistrellus,0.579,0.63,-1,Echolocation,192000.0,/mnt/ubna_data_04/recover-20241118/UBNA_027/20241108_090000.WAV,recover-20241118,UBNA_027,Foliage
HF,46080.0,14.303693909678563,89.40350000000001,89.4102,45234.0,58899.0,Pipistrellus pipistrellus,0.594,0.663,-1,Echolocation,192000.0,/mnt/ubna_data_04/recover-20241118/UBNA_027/20241108_090000.WAV,recover-20241118,UBNA_027,Foliage
HF,48000.0,13.565024531140866,89.5775,89.58330000000001,46953.0,57699.0,Pipistrellus pipistrellus,0.613,0.657,-1,Echolocation,192000.0,/mnt/ubna_data_04/recover-20241118/UBNA_027/20241108_090000.WAV,recover-20241118,UBNA_027,Foliage
HF,47040.0,12.171310554850796,89.7715,89.7769,45234.0,57841.0,Pipistrellus pipistrellus,0.54,0.608,-1,Echolocation,192000.0,/mnt/ubna_data_04/recover-20241118/UBNA_027/20241108_090000.WAV,recover-20241118,UBNA_027,Foliage
HF,47040.0,15.786675615364345,89.9575,89.9627,44375.0,58630.0,Pipistrellus pipistrellus,0.627,0.665,-1,Echolocation,192000.0,/mnt/ubna_data_04/recover-20241118/UBNA_027/20241108_090000.WAV,recover-20241118,UBNA_027,Foliage
HF,47040.0,10.424151241421825,90.1485,90.1529,45234.0,58789.0,Pipistrellus pipistrellus,0.593,0.661,-1,Echolocation,192000.0,/mnt/ubna_data_04/recover-20241118/UBNA_027/20241108_090000.WAV,recover-20241118,UBNA_027,Foliage
HF,53760.0,11.373517437347038,90.2605,90.2653,46093.0,60327.0,Pipistrellus pipistrellus,0.597,0.682,-1,Echolocation,192000.0,/mnt/ubna_data_04/recover-20241118/UBNA_027/20241108_090000.WAV,recover-20241118,UBNA_027,Foliage
HF,51840.0,5.941443903185657,90.6325,90.6368,47812.0,62866.0,Pipistrellus pipistrellus,0.539,0.617,-1,Echolocation,192000.0,/mnt/ubna_data_04/recover-20241118/UBNA_027/20241108_090000.WAV,recover-20241118,UBNA_027,Foliage
HF,48000.0,4.807680070594351,163.33350000000002,163.3382,46093.0,55257.0,Pipistrellus pipistrellus,0.499,0.538,-1,Echolocation,192000.0,/mnt/ubna_data_04/recover-20241118/UBNA_027/20241108_090000.WAV,recover-20241118,UBNA_027,Foliage
HF,46080.0,6.322427757186949,163.5155,163.5211,46093.0,54172.0,Pipistrellus pipistrellus,0.469,0.513,-1,Echolocation,192000.0,/mnt/ubna_data_04/recover-20241118/UBNA_027/20241108_090000.WAV,recover-20241118,UBNA_027,Foliage
HF,46080.0,8.502571565780976,164.3685,164.37369999999999,46093.0,57350.0,Pipistrellus pipistrellus,0.633,0.66,-1,Echolocation,192000.0,/mnt/ubna_data_04/recover-20241118/UBNA_027/20241108_090000.WAV,recover-20241118,UBNA_027,Foliage
HF,47040.0,11.372017328709296,164.4675,164.4729,46093.0,55952.0,Pipistrellus pipistrellus,0.589,0.629,-1,Echolocation,192000.0,/mnt/ubna_data_04/recover-20241118/UBNA_027/20241108_090000.WAV,recover-20241118,UBNA_027,Foliage
HF,46080.0,5.181608121112116,164.7305,164.7362,46093.0,54811.0,Pipistrellus pipistrellus,0.597,0.626,-1,Echolocation,192000.0,/mnt/ubna_data_04/recover-20241118/UBNA_027/20241108_090000.WAV,recover-20241118,UBNA_027,Foliage
HF,46080.0,5.619880501965346,164.9065,164.9116,46093.0,55106.0,Pipistrellus pipistrellus,0.522,0.531,-1,Echolocation,192000.0,/mnt/ubna_data_04/recover-20241118/UBNA_027/20241108_090000.WAV,recover-20241118,UBNA_027,Foliage
HF,46080.0,7.8005474628616795,165.0985,165.1043,45234.0,56537.0,Pipistrellus pipistrellus,0.619,0.666,-1,Echolocation,192000.0,/mnt/ubna_data_04/recover-20241118/UBNA_027/20241108_090000.WAV,recover-20241118,UBNA_027,Foliage
HF,46080.0,4.732554201135188,165.3045,165.3093,46093.0,57843.0,Pipistrellus pipistrellus,0.559,0.586,-1,Echolocation,192000.0,/mnt/ubna_data_04/recover-20241118/UBNA_027/20241108_090000.WAV,recover-20241118,UBNA_027,Foliage
HF,46080.0,10.937302374720154,165.3975,165.4028,46093.0,57517.0,Pipistrellus pipistrellus,0.642,0.683,-1,Echolocation,192000.0,/mnt/ubna_data_04/recover-20241118/UBNA_027/20241108_090000.WAV,recover-20241118,UBNA_027,Foliage
HF,46080.0,5.348812427249357,165.5925,165.5981,46093.0,56482.0,Pipistrellus pipistrellus,0.641,0.666,-1,Echolocation,192000.0,/mnt/ubna_data_04/recover-20241118/UBNA_027/20241108_090000.WAV,recover-20241118,UBNA_027,Foliage
HF,46080.0,4.751664675614716,165.8635,165.8687,44375.0,55365.0,Pipistrellus pipistrellus,0.507,0.548,-1,Echolocation,192000.0,/mnt/ubna_data_04/recover-20241118/UBNA_027/20241108_090000.WAV,recover-20241118,UBNA_027,Foliage
HF,46080.0,8.841899813181177,80.8155,80.8199,44375.0,52933.0,Pipistrellus pipistrellus,0.43,0.506,-1,Echolocation,192000.0,/mnt/ubna_data_04/recover-20241118/UBNA_027/20241108_091000.WAV,recover-20241118,UBNA_027,Foliage
HF,46080.0,2.4442093361655988,80.9925,80.9979,45234.0,52963.0,Pipistrellus pipistrellus,0.51,0.534,-1,Echolocation,192000.0,/mnt/ubna_data_04/recover-20241118/UBNA_027/20241108_091000.WAV,recover-20241118,UBNA_027,Foliage
HF,46080.0,8.03417828513193,81.0835,81.08879999999999,45234.0,54271.0,Pipistrellus pipistrellus,0.617,0.637,-1,Echolocation,192000.0,/mnt/ubna_data_04/recover-20241118/UBNA_027/20241108_091000.WAV,recover-20241118,UBNA_027,Foliage
HF,46080.0,6.9285723249301885,81.7255,81.7302,45234.0,58433.0,Pipistrellus pipistrellus,0.5,0.577,-1,Echolocation,192000.0,/mnt/ubna_data_04/recover-20241118/UBNA_027/20241108_091000.WAV,recover-20241118,UBNA_027,Foliage
HF,48000.0,4.0674733156412755,81.7995,81.8043,45234.0,56946.0,Pipistrellus pipistrellus,0.348,0.508,-1,Echolocation,192000.0,/mnt/ubna_data_04/recover-20241118/UBNA_027/20241108_091000.WAV,recover-20241118,UBNA_027,Foliage
HF,48960.0,10.711353348289975,82.7515,82.7559,45234.0,64465.0,Pipistrellus pipistrellus,0.306,0.523,-1,Echolocation,192000.0,/mnt/ubna_data_04/recover-20241118/UBNA_027/20241108_091000.WAV,recover-20241118,UBNA_027,Foliage
HF,52800.0,20.33642422293549,83.3425,83.3473,44375.0,75815.0,Myotis alcathoe,0.32,0.506,-1,Echolocation,192000.0,/mnt/ubna_data_04/recover-20241118/UBNA_027/20241108_091000.WAV,recover-20241118,UBNA_027,Foliage
HF,51840.0,20.874178864222355,83.7695,83.77420000000001,46093.0,67827.0,Pipistrellus pipistrellus,0.361,0.579,-1,Echolocation,192000.0,/mnt/ubna_data_04/recover-20241118/UBNA_027/20241108_091000.WAV,recover-20241118,UBNA_027,Foliage
HF,51840.0,11.50532617691536,83.8355,83.8395,46953.0,62635.0,Pipistrellus pipistrellus,0.261,0.502,-1,Echolocation,192000.0,/mnt/ubna_data_04/recover-20241118/UBNA_027/20241108_091000.WAV,recover-20241118,UBNA_027,Foliage
HF,48000.0,14.80137778852432,84.0305,84.0349,43515.0,60299.0,Pipistrellus pipistrellus,0.282,0.526,-1,Echolocation,192000.0,/mnt/ubna_data_04/recover-20241118/UBNA_027/20241108_091000.WAV,recover-20241118,UBNA_027,Foliage
HF,47040.0,16.890683437583164,84.7365,84.7409,44375.0,61894.0,Pipistrellus pipistrellus,0.518,0.657,-1,Echolocation,192000.0,/mnt/ubna_data_04/recover-20241118/UBNA_027/20241108_091000.WAV,recover-20241118,UBNA_027,Foliage
HF,46080.0,6.676539340114569,85.2295,85.2342,45234.0,53607.0,Pipistrellus pipistrellus,0.526,0.59,-1,Echolocation,192000.0,/mnt/ubna_data_04/recover-20241118/UBNA_027/20241108_091000.WAV,recover-20241118,UBNA_027,Foliage
HF,46080.0,9.964152884185204,85.5975,85.6026,44375.0,57205.0,Pipistrellus pipistrellus,0.511,0.657,-1,Echolocation,192000.0,/mnt/ubna_data_04/recover-20241118/UBNA_027/20241108_091000.WAV,recover-20241118,UBNA_027,Foliage
HF,48000.0,8.817311792230566,86.3035,86.3087,43515.0,61687.0,Pipistrellus pipistrellus,0.241,0.556,-1,Echolocation,192000.0,/mnt/ubna_data_04/recover-20241118/UBNA_027/20241108_091000.WAV,recover-20241118,UBNA_027,Foliage
HF,46080.0,4.475772273596572,94.76050000000001,94.7667,45234.0,51221.0,Pipistrellus pipistrellus,0.539,0.57,-1,Echolocation,192000.0,/mnt/ubna_data_04/recover-20241118/UBNA_027/20241108_091000.WAV,recover-20241118,UBNA_027,Foliage
HF,46080.0,6.740141006623279,94.8565,94.8622,45234.0,53902.0,Pipistrellus pipistrellus,0.589,0.619,-1,Echolocation,192000.0,/mnt/ubna_data_04/recover-20241118/UBNA_027/20241108_091000.WAV,recover-20241118,UBNA_027,Foliage
HF,46080.0,3.093919254489303,103.23349999999999,103.2384,45234.0,54518.0,Pipistrellus pipistrellus,0.49,0.515,-1,Echolocation,192000.0,/mnt/ubna_data_04/recover-20241118/UBNA_027/20241108_091000.WAV,recover-20241118,UBNA_027,Foliage
HF,47040.0,4.602115293445594,103.6405,103.645,44375.0,54924.0,Pipistrellus pipistrellus,0.496,0.543,-1,Echolocation,192000.0,/mnt/ubna_data_04/recover-20241118/UBNA_027/20241108_091000.WAV,recover-20241118,UBNA_027,Foliage
HF,48000.0,3.0442871128704194,108.5375,108.54220000000001,46093.0,58864.0,Pipistrellus pipistrellus,0.535,0.571,-1,Echolocation,192000.0,/mnt/ubna_data_04/recover-20241118/UBNA_027/20241108_091000.WAV,recover-20241118,UBNA_027,Foliage
HF,47040.0,3.003314375432134,109.8355,109.8419,46093.0,53333.0,Pipistrellus pipistrellus,0.513,0.528,-1,Echolocation,192000.0,/mnt/ubna_data_04/recover-20241118/UBNA_027/20241108_091000.WAV,recover-20241118,UBNA_027,Foliage
HF,48000.0,7.097990276638079,114.1645,114.1694,46953.0,58148.0,Pipistrellus pipistrellus,0.644,0.679,-1,Echolocation,192000.0,/mnt/ubna_data_04/recover-20241118/UBNA_027/20241108_091000.WAV,recover-20241118,UBNA_027,Foliage
HF,47040.0,7.971246387276949,120.1965,120.2032,46093.0,58102.0,Pipistrellus pipistrellus,0.503,0.56,-1,Echolocation,192000.0,/mnt/ubna_data_04/recover-20241118/UBNA_027/20241108_091000.WAV,recover-20241118,UBNA_027,Foliage
HF,47040.0,13.349471919301305,120.6875,120.694,46093.0,57574.0,Pipistrellus pipistrellus,0.563,0.583,-1,Echolocation,192000.0,/mnt/ubna_data_04/recover-20241118/UBNA_027/20241108_091000.WAV,recover-20241118,UBNA_027,Foliage
HF,48000.0,10.106020577694093,120.9775,120.9823,44375.0,53631.0,Pipistrellus pipistrellus,0.543,0.581,-1,Echolocation,192000.0,/mnt/ubna_data_04/recover-20241118/UBNA_027/20241108_091000.WAV,recover-20241118,UBNA_027,Foliage
HF,46080.0,8.476015273053449,121.1495,121.1542,44375.0,55754.0,Pipistrellus pipistrellus,0.506,0.543,-1,Echolocation,192000.0,/mnt/ubna_data_04/recover-20241118/UBNA_027/20241108_091000.WAV,recover-20241118,UBNA_027,Foliage
HF,48000.0,6.3824341507137925,121.3535,121.3586,46093.0,55400.0,Pipistrellus pipistrellus,0.49,0.51,-1,Echolocation,192000.0,/mnt/ubna_data_04/recover-20241118/UBNA_027/20241108_091000.WAV,recover-20241118,UBNA_027,Foliage
HF,46080.0,7.3864664211151165,121.6605,121.6662,45234.0,53425.0,Pipistrellus pipistrellus,0.57,0.601,-1,Echolocation,192000.0,/mnt/ubna_data_04/recover-20241118/UBNA_027/20241108_091000.WAV,recover-20241118,UBNA_027,Foliage
HF,47040.0,7.338036661265573,121.7535,121.7588,44375.0,51882.0,Pipistrellus pipistrellus,0.514,0.535,-1,Echolocation,192000.0,/mnt/ubna_data_04/recover-20241118/UBNA_027/20241108_091000.WAV,recover-20241118,UBNA_027,Foliage
HF,46080.0,4.375413951760197,121.9515,121.9575,45234.0,51345.0,Pipistrellus pipistrellus,0.52,0.534,-1,Echolocation,192000.0,/mnt/ubna_data_04/recover-20241118/UBNA_027/20241108_091000.WAV,recover-20241118,UBNA_027,Foliage
LF,32640.0,4.029633041361145,170.6655,170.6703,28046.0,37156.0,Eptesicus serotinus,0.295,0.54,-1,Echolocation,192000.0,/mnt/ubna_data_04/recover-20241118/UBNA_027/20241108_093000.WAV,recover-20241118,UBNA_027,Foliage
LF,30720.0,14.484725829324338,298.1535,298.1699,30625.0,33537.0,Nyctalus leisleri,0.469,0.606,-1,Echolocation,192000.0,/mnt/ubna_data_04/recover-20241118/UBNA_027/20241108_111000.WAV,recover-20241118,UBNA_027,Foliage
LF,30720.0,13.355000668960082,0.0845,0.1006,30625.0,33439.0,Nyctalus leisleri,0.395,0.565,-1,Echolocation,192000.0,/mnt/ubna_data_04/recover-20241118/UBNA_027/20241108_112000.WAV,recover-20241118,UBNA_027,Foliage
LF,21120.0,14.317886468558768,37.6065,37.6273,21171.0,23804.0,Nyctalus leisleri,0.509,0.527,-1,Echolocation,192000.0,/mnt/ubna_data_04/recover-20241118/UBNA_027/20241109_000000.WAV,recover-20241118,UBNA_027,Foliage
HF,53760.0,6.9889185643252025,225.2815,225.2871,51250.0,69196.0,Pipistrellus pygmaeus,0.32,0.554,-1,Echolocation,192000.0,/mnt/ubna_data_04/recover-20241118/UBNA_027/20241109_012000.WAV,recover-20241118,UBNA_027,Foliage
HF,51840.0,8.897591282339128,225.4605,225.4649,49531.0,68012.0,Pipistrellus pipistrellus,0.377,0.637,-1,Echolocation,192000.0,/mnt/ubna_data_04/recover-20241118/UBNA_027/20241109_012000.WAV,recover-20241118,UBNA_027,Foliage
HF,51840.0,6.737087138235493,225.6365,225.641,51250.0,69728.0,Pipistrellus pygmaeus,0.254,0.572,-1,Echolocation,192000.0,/mnt/ubna_data_04/recover-20241118/UBNA_027/20241109_012000.WAV,recover-20241118,UBNA_027,Foliage
HF,51840.0,7.282809358137029,226.0385,226.047,51250.0,70462.0,Pipistrellus pipistrellus,0.356,0.55,-1,Echolocation,192000.0,/mnt/ubna_data_04/recover-20241118/UBNA_027/20241109_012000.WAV,recover-20241118,UBNA_027,Foliage
HF,52800.0,10.952625182032588,230.0575,230.0639,52109.0,64466.0,Pipistrellus pygmaeus,0.451,0.537,-1,Echolocation,192000.0,/mnt/ubna_data_04/recover-20241118/UBNA_027/20241109_012000.WAV,recover-20241118,UBNA_027,Foliage
HF,55680.0,9.721245550562863,230.2185,230.2236,51250.0,64481.0,Pipistrellus pipistrellus,0.372,0.612,-1,Echolocation,192000.0,/mnt/ubna_data_04/recover-20241118/UBNA_027/20241109_012000.WAV,recover-20241118,UBNA_027,Foliage
HF,55680.0,12.342804972928008,230.3935,230.3989,52109.0,63567.0,Pipistrellus pygmaeus,0.427,0.576,-1,Echolocation,192000.0,/mnt/ubna_data_04/recover-20241118/UBNA_027/20241109_012000.WAV,recover-20241118,UBNA_027,Foliage
HF,55680.0,10.562622602047604,230.4805,230.4857,51250.0,64785.0,Pipistrellus pipistrellus,0.382,0.511,-1,Echolocation,192000.0,/mnt/ubna_data_04/recover-20241118/UBNA_027/20241109_012000.WAV,recover-20241118,UBNA_027,Foliage
HF,52800.0,17.60590821601898,230.6555,230.6605,50390.0,66921.0,Pipistrellus pipistrellus,0.331,0.554,-1,Echolocation,192000.0,/mnt/ubna_data_04/recover-20241118/UBNA_027/20241109_012000.WAV,recover-20241118,UBNA_027,Foliage
HF,53760.0,17.70128524576372,230.8315,230.8365,51250.0,67415.0,Pipistrellus pipistrellus,0.354,0.616,-1,Echolocation,192000.0,/mnt/ubna_data_04/recover-20241118/UBNA_027/20241109_012000.WAV,recover-20241118,UBNA_027,Foliage
HF,52800.0,15.466084965782091,231.0925,231.0978,51250.0,67180.0,Pipistrellus pipistrellus,0.4,0.564,-1,Echolocation,192000.0,/mnt/ubna_data_04/recover-20241118/UBNA_027/20241109_012000.WAV,recover-20241118,UBNA_027,Foliage
HF,51840.0,13.437139772177254,231.3055,231.3163,50390.0,62785.0,Pipistrellus pipistrellus,0.366,0.513,-1,Echolocation,192000.0,/mnt/ubna_data_04/recover-20241118/UBNA_027/20241109_012000.WAV,recover-20241118,UBNA_027,Foliage
HF,52800.0,4.908431197318752,265.0645,265.069,52968.0,63191.0,Pipistrellus pygmaeus,0.542,0.582,-1,Echolocation,192000.0,/mnt/ubna_data_04/recover-20241118/UBNA_027/20241109_012000.WAV,recover-20241118,UBNA_027,Foliage
HF,52800.0,8.57812574744263,265.14549999999997,265.1497,52109.0,63465.0,Pipistrellus pygmaeus,0.487,0.548,-1,Echolocation,192000.0,/mnt/ubna_data_04/recover-20241118/UBNA_027/20241109_012000.WAV,recover-20241118,UBNA_027,Foliage
HF,55680.0,9.395269228728548,265.22950000000003,265.2329,52968.0,64716.0,Pipistrellus pygmaeus,0.515,0.585,-1,Echolocation,192000.0,/mnt/ubna_data_04/recover-20241118/UBNA_027/20241109_012000.WAV,recover-20241118,UBNA_027,Foliage
HF,52800.0,10.151246340584484,265.6095,265.614,52968.0,68147.0,Pipistrellus pygmaeus,0.476,0.619,-1,Echolocation,192000.0,/mnt/ubna_data_04/recover-20241118/UBNA_027/20241109_012000.WAV,recover-20241118,UBNA_027,Foliage
HF,52800.0,11.264005171601442,265.7815,265.7856,52109.0,64214.0,Pipistrellus pygmaeus,0.373,0.58,-1,Echolocation,192000.0,/mnt/ubna_data_04/recover-20241118/UBNA_027/20241109_012000.WAV,recover-20241118,UBNA_027,Foliage
HF,52800.0,14.061099304761415,266.1195,266.1229,51250.0,67222.0,Pipistrellus pipistrellus,0.25,0.51,-1,Echolocation,192000.0,/mnt/ubna_data_04/recover-20241118/UBNA_027/20241109_012000.WAV,recover-20241118,UBNA_027,Foliage
HF,53760.0,19.6558963031552,266.2925,266.2957,51250.0,67023.0,Myotis alcathoe,0.22,0.506,-1,Echolocation,192000.0,/mnt/ubna_data_04/recover-20241118/UBNA_027/20241109_012000.WAV,recover-20241118,UBNA_027,Foliage
HF,53760.0,17.46060168189755,266.4605,266.4636,51250.0,66981.0,Pipistrellus pipistrellus,0.218,0.546,-1,Echolocation,192000.0,/mnt/ubna_data_04/recover-20241118/UBNA_027/20241109_012000.WAV,recover-20241118,UBNA_027,Foliage
HF,53760.0,19.258820453692874,266.6195,266.6227,51250.0,65639.0,Pipistrellus pipistrellus,0.296,0.595,-1,Echolocation,192000.0,/mnt/ubna_data_04/recover-20241118/UBNA_027/20241109_012000.WAV,recover-20241118,UBNA_027,Foliage
HF,53760.0,11.705628292026178,266.7815,266.7862,52109.0,64815.0,Pipistrellus pipistrellus,0.217,0.541,-1,Echolocation,192000.0,/mnt/ubna_data_04/recover-20241118/UBNA_027/20241109_012000.WAV,recover-20241118,UBNA_027,Foliage
HF,52800.0,21.711334639783605,266.9915,266.9953,48671.0,69814.0,Myotis alcathoe,0.274,0.556,-1,Echolocation,192000.0,/mnt/ubna_data_04/recover-20241118/UBNA_027/20241109_012000.WAV,recover-20241118,UBNA_027,Foliage
HF,56640.0,15.90762753134992,267.0485,267.0519,49531.0,69406.0,Myotis alcathoe,0.403,0.512,-1,Echolocation,192000.0,/mnt/ubna_data_04/recover-20241118/UBNA_027/20241109_012000.WAV,recover-20241118,UBNA_027,Foliage
HF,58560.0,10.414303768191884,267.2005,267.2039,51250.0,70118.0,Myotis alcathoe,0.361,0.511,-1,Echolocation,192000.0,/mnt/ubna_data_04/recover-20241118/UBNA_027/20241109_012000.WAV,recover-20241118,UBNA_027,Foliage
HF,52800.0,13.005778002426434,267.9275,267.9328,52109.0,65853.0,Pipistrellus pipistrellus,0.262,0.543,-1,Echolocation,192000.0,/mnt/ubna_data_04/recover-20241118/UBNA_027/20241109_012000.WAV,recover-20241118,UBNA_027,Foliage
HF,51840.0,8.352443733632219,268.2425,268.2468,50390.0,63241.0,Pipistrellus pipistrellus,0.445,0.559,-1,Echolocation,192000.0,/mnt/ubna_data_04/recover-20241118/UBNA_027/20241109_012000.WAV,recover-20241118,UBNA_027,Foliage
HF,54720.0,15.010142952658686,269.2355,269.23969999999997,53828.0,67862.0,Pipistrellus pygmaeus,0.603,0.616,-1,Echolocation,192000.0,/mnt/ubna_data_04/recover-20241118/UBNA_027/20241109_012000.WAV,recover-20241118,UBNA_027,Foliage
HF,57600.0,5.126765177662488,269.3155,269.3205,55546.0,61405.0,Pipistrellus pygmaeus,0.588,0.593,-1,Echolocation,192000.0,/mnt/ubna_data_04/recover-20241118/UBNA_027/20241109_012000.WAV,recover-20241118,UBNA_027,Foliage
HF,58560.0,17.778139230353787,269.3935,269.3982,53828.0,68723.0,Pipistrellus pygmaeus,0.615,0.629,-1,Echolocation,192000.0,/mnt/ubna_data_04/recover-20241118/UBNA_027/20241109_012000.WAV,recover-20241118,UBNA_027,Foliage
HF,52800.0,4.782776005582776,270.2895,270.2948,51250.0,61139.0,Pipistrellus pipistrellus,0.447,0.525,-1,Echolocation,192000.0,/mnt/ubna_data_04/recover-20241118/UBNA_027/20241109_012000.WAV,recover-20241118,UBNA_027,Foliage
HF,51840.0,10.493877479716517,270.6595,270.663,49531.0,61841.0,Pipistrellus pipistrellus,0.462,0.551,-1,Echolocation,192000.0,/mnt/ubna_data_04/recover-20241118/UBNA_027/20241109_012000.WAV,recover-20241118,UBNA_027,Foliage
HF,51840.0,4.841261821550418,278.3105,278.3159,50390.0,59500.0,Pipistrellus pipistrellus,0.38,0.51,-1,Echolocation,192000.0,/mnt/ubna_data_04/recover-20241118/UBNA_027/20241109_012000.WAV,recover-20241118,UBNA_027,Foliage
HF,51840.0,11.300249270268402,278.7645,278.7689,50390.0,65560.0,Pipistrellus pipistrellus,0.441,0.586,-1,Echolocation,192000.0,/mnt/ubna_data_04/recover-20241118/UBNA_027/20241109_012000.WAV,recover-20241118,UBNA_027,Foliage
HF,46080.0,8.132784949619879,0.2425,0.2478,45234.0,54675.0,Pipistrellus pipistrellus,0.605,0.632,-1,Echolocation,192000.0,/mnt/ubna_data_04/recover-20241118/UBNA_027/20241109_013000.WAV,recover-20241118,UBNA_027,Foliage
HF,47040.0,4.355635047404973,0.5425,0.5484,45234.0,51609.0,Pipistrellus pipistrellus,0.48,0.539,-1,Echolocation,192000.0,/mnt/ubna_data_04/recover-20241118/UBNA_027/20241109_013000.WAV,recover-20241118,UBNA_027,Foliage
HF,54720.0,8.24753012357055,3.3715,3.3762,52968.0,63129.0,Pipistrellus pygmaeus,0.483,0.531,-1,Echolocation,192000.0,/mnt/ubna_data_04/recover-20241118/UBNA_027/20241109_013000.WAV,recover-20241118,UBNA_027,Foliage
HF,46080.0,2.443137849781623,4.7485,4.7529,45234.0,54490.0,Pipistrellus pipistrellus,0.452,0.506,-1,Echolocation,192000.0,/mnt/ubna_data_04/recover-20241118/UBNA_027/20241109_013000.WAV,recover-20241118,UBNA_027,Foliage
HF,52800.0,7.757299601512911,4.9715,4.9765,52109.0,60453.0,Pipistrellus pygmaeus,0.257,0.525,-1,Echolocation,192000.0,/mnt/ubna_data_04/recover-20241118/UBNA_027/20241109_013000.WAV,recover-20241118,UBNA_027,Foliage
HF,52800.0,10.460030897440827,5.0455,5.0501,52109.0,62370.0,Pipistrellus pygmaeus,0.497,0.559,-1,Echolocation,192000.0,/mnt/ubna_data_04/recover-20241118/UBNA_027/20241109_013000.WAV,recover-20241118,UBNA_027,Foliage
HF,51840.0,11.139356561091859,5.1995,5.203,50390.0,58024.0,Pipistrellus pipistrellus,0.38,0.595,-1,Echolocation,192000.0,/mnt/ubna_data_04/recover-20241118/UBNA_027/20241109_013000.WAV,recover-20241118,UBNA_027,Foliage
HF,47040.0,3.6619504814336823,5.2985,5.3025,45234.0,57464.0,Pipistrellus pipistrellus,0.478,0.531,-1,Echolocation,192000.0,/mnt/ubna_data_04/recover-20241118/UBNA_027/20241109_013000.WAV,recover-20241118,UBNA_027,Foliage
HF,47040.0,5.644880839277092,17.3975,17.4023,46093.0,59529.0,Pipistrellus pipistrellus,0.53,0.581,-1,Echolocation,192000.0,/mnt/ubna_data_04/recover-20241118/UBNA_027/20241109_013000.WAV,recover-20241118,UBNA_027,Foliage
HF,48960.0,3.5011217279465816,73.3245,73.3304,47812.0,55310.0,Pipistrellus pipistrellus,0.462,0.55,-1,Echolocation,192000.0,/mnt/ubna_data_04/recover-20241118/UBNA_027/20241109_013000.WAV,recover-20241118,UBNA_027,Foliage
HF,54720.0,13.346308562333743,75.8295,75.8331,52109.0,61593.0,Pipistrellus pygmaeus,0.515,0.552,-1,Echolocation,192000.0,/mnt/ubna_data_04/recover-20241118/UBNA_027/20241109_013000.WAV,recover-20241118,UBNA_027,Foliage
HF,54720.0,10.328154997367898,75.9615,75.9643,52968.0,64457.0,Pipistrellus pygmaeus,0.48,0.537,-1,Echolocation,192000.0,/mnt/ubna_data_04/recover-20241118/UBNA_027/20241109_013000.WAV,recover-20241118,UBNA_027,Foliage
HF,46080.0,5.127163198614014,83.5125,83.5183,45234.0,56887.0,Pipistrellus pipistrellus,0.55,0.635,-1,Echolocation,192000.0,/mnt/ubna_data_04/recover-20241118/UBNA_027/20241109_013000.WAV,recover-20241118,UBNA_027,Foliage
HF,52800.0,4.358041732901235,83.6405,83.6454,49531.0,62261.0,Pipistrellus pipistrellus,0.548,0.582,-1,Echolocation,192000.0,/mnt/ubna_data_04/recover-20241118/UBNA_027/20241109_013000.WAV,recover-20241118,UBNA_027,Foliage
HF,53760.0,10.764043494413345,83.8385,83.84309999999999,49531.0,62617.0,Pipistrellus pipistrellus,0.552,0.607,-1,Echolocation,192000.0,/mnt/ubna_data_04/recover-20241118/UBNA_027/20241109_013000.WAV,recover-20241118,UBNA_027,Foliage
HF,52800.0,7.142199549385486,84.2425,84.24719999999999,49531.0,60452.0,Pipistrellus pipistrellus,0.443,0.529,-1,Echolocation,192000.0,/mnt/ubna_data_04/recover-20241118/UBNA_027/20241109_013000.WAV,recover-20241118,UBNA_027,Foliage
HF,51840.0,8.563927698496673,84.8045,84.8103,49531.0,65392.0,Pipistrellus pipistrellus,0.407,0.574,-1,Echolocation,192000.0,/mnt/ubna_data_04/recover-20241118/UBNA_027/20241109_013000.WAV,recover-20241118,UBNA_027,Foliage
HF,51840.0,9.197015478476912,85.0295,85.03450000000001,50390.0,62228.0,Pipistrellus pipistrellus,0.527,0.622,-1,Echolocation,192000.0,/mnt/ubna_data_04/recover-20241118/UBNA_027/20241109_013000.WAV,recover-20241118,UBNA_027,Foliage
HF,52800.0,11.647355260213565,85.21549999999999,85.2218,48671.0,66551.0,Pipistrellus pipistrellus,0.538,0.684,-1,Echolocation,192000.0,/mnt/ubna_data_04/recover-20241118/UBNA_027/20241109_013000.WAV,recover-20241118,UBNA_027,Foliage
HF,48000.0,6.112761690486062,86.4325,86.43809999999999,46953.0,59232.0,Pipistrellus pipistrellus,0.47,0.517,-1,Echolocation,192000.0,/mnt/ubna_data_04/recover-20241118/UBNA_027/20241109_013000.WAV,recover-20241118,UBNA_027,Foliage
HF,49920.0,6.037927598945637,90.2315,90.2364,48671.0,64478.0,Pipistrellus pipistrellus,0.545,0.637,-1,Echolocation,192000.0,/mnt/ubna_data_04/recover-20241118/UBNA_027/20241109_013000.WAV,recover-20241118,UBNA_027,Foliage
HF,52800.0,10.613873123817111,90.3915,90.396,48671.0,66569.0,Pipistrellus pipistrellus,0.519,0.6,-1,Echolocation,192000.0,/mnt/ubna_data_04/recover-20241118/UBNA_027/20241109_013000.WAV,recover-20241118,UBNA_027,Foliage
HF,52800.0,8.030161136766212,90.4635,90.4679,48671.0,65749.0,Pipistrellus pipistrellus,0.542,0.603,-1,Echolocation,192000.0,/mnt/ubna_data_04/recover-20241118/UBNA_027/20241109_013000.WAV,recover-20241118,UBNA_027,Foliage
HF,48960.0,6.9084624336716445,90.5385,90.543,47812.0,64172.0,Pipistrellus pipistrellus,0.482,0.558,-1,Echolocation,192000.0,/mnt/ubna_data_04/recover-20241118/UBNA_027/20241109_013000.WAV,recover-20241118,UBNA_027,Foliage
HF,52800.0,13.974638162179144,90.6155,90.6197,47812.0,65628.0,Pipistrellus pipistrellus,0.608,0.644,-1,Echolocation,192000.0,/mnt/ubna_data_04/recover-20241118/UBNA_027/20241109_013000.WAV,recover-20241118,UBNA_027,Foliage
HF,48000.0,9.674227792207901,90.6945,90.6999,46953.0,68312.0,Pipistrellus pipistrellus,0.535,0.646,-1,Echolocation,192000.0,/mnt/ubna_data_04/recover-20241118/UBNA_027/20241109_013000.WAV,recover-20241118,UBNA_027,Foliage
HF,48000.0,13.290550882760472,90.7755,90.7804,46093.0,66371.0,Pipistrellus pipistrellus,0.629,0.681,-1,Echolocation,192000.0,/mnt/ubna_data_04/recover-20241118/UBNA_027/20241109_013000.WAV,recover-20241118,UBNA_027,Foliage
HF,53760.0,14.182771354135522,90.9325,90.9373,45234.0,70016.0,Pipistrellus pipistrellus,0.427,0.528,-1,Echolocation,192000.0,/mnt/ubna_data_04/recover-20241118/UBNA_027/20241109_013000.WAV,recover-20241118,UBNA_027,Foliage
HF,48960.0,13.62381355529575,91.1045,91.1096,45234.0,65266.0,Pipistrellus pipistrellus,0.515,0.589,-1,Echolocation,192000.0,/mnt/ubna_data_04/recover-20241118/UBNA_027/20241109_013000.WAV,recover-20241118,UBNA_027,Foliage
HF,48000.0,15.475792247229398,91.4655,91.4709,46953.0,63065.0,Pipistrellus pipistrellus,0.482,0.55,-1,Echolocation,192000.0,/mnt/ubna_data_04/recover-20241118/UBNA_027/20241109_013000.WAV,recover-20241118,UBNA_027,Foliage
HF,51840.0,14.655896211500195,91.5435,91.5494,48671.0,68283.0,Pipistrellus pipistrellus,0.525,0.61,-1,Echolocation,192000.0,/mnt/ubna_data_04/recover-20241118/UBNA_027/20241109_013000.WAV,recover-20241118,UBNA_027,Foliage
HF,48000.0,8.210734631589425,91.7015,91.7107,47812.0,61798.0,Pipistrellus pipistrellus,0.429,0.511,-1,Echolocation,192000.0,/mnt/ubna_data_04/recover-20241118/UBNA_027/20241109_013000.WAV,recover-20241118,UBNA_027,Foliage
HF,51840.0,10.915025244081145,91.8805,91.8871,47812.0,63871.0,Pipistrellus pipistrellus,0.449,0.53,-1,Echolocation,192000.0,/mnt/ubna_data_04/recover-20241118/UBNA_027/20241109_013000.WAV,recover-20241118,UBNA_027,Foliage
HF,51840.0,4.9938434705821475,93.1115,93.1159,50390.0,64911.0,Pipistrellus pipistrellus,0.423,0.504,-1,Echolocation,192000.0,/mnt/ubna_data_04/recover-20241118/UBNA_027/20241109_013000.WAV,recover-20241118,UBNA_027,Foliage
HF,51840.0,4.415128887597413,93.1915,93.1956,52109.0,65800.0,Pipistrellus pipistrellus,0.488,0.57,-1,Echolocation,192000.0,/mnt/ubna_data_04/recover-20241118/UBNA_027/20241109_013000.WAV,recover-20241118,UBNA_027,Foliage
HF,52800.0,13.885920017376403,93.5415,93.5462,46093.0,63698.0,Pipistrellus pipistrellus,0.364,0.551,-1,Echolocation,192000.0,/mnt/ubna_data_04/recover-20241118/UBNA_027/20241109_013000.WAV,recover-20241118,UBNA_027,Foliage
HF,47040.0,8.239161264989356,93.7035,93.7089,46093.0,61113.0,Pipistrellus pipistrellus,0.479,0.584,-1,Echolocation,192000.0,/mnt/ubna_data_04/recover-20241118/UBNA_027/20241109_013000.WAV,recover-20241118,UBNA_027,Foliage
HF,51840.0,7.43515847595546,96.6905,96.6945,49531.0,60677.0,Pipistrellus pipistrellus,0.424,0.537,-1,Echolocation,192000.0,/mnt/ubna_data_04/recover-20241118/UBNA_027/20241109_013000.WAV,recover-20241118,UBNA_027,Foliage
HF,53760.0,8.310208593976453,97.6545,97.6585,51250.0,62070.0,Pipistrellus pipistrellus,0.428,0.58,-1,Echolocation,192000.0,/mnt/ubna_data_04/recover-20241118/UBNA_027/20241109_013000.WAV,recover-20241118,UBNA_027,Foliage
HF,52800.0,13.387206206206358,98.64750000000001,98.6528,52109.0,67213.0,Pipistrellus pygmaeus,0.486,0.558,-1,Echolocation,192000.0,/mnt/ubna_data_04/recover-20241118/UBNA_027/20241109_013000.WAV,recover-20241118,UBNA_027,Foliage
HF,51840.0,16.925411103767612,98.7285,98.7327,52109.0,63965.0,Pipistrellus pygmaeus,0.573,0.616,-1,Echolocation,192000.0,/mnt/ubna_data_04/recover-20241118/UBNA_027/20241109_013000.WAV,recover-20241118,UBNA_027,Foliage
HF,53760.0,11.361716990385059,98.8935,98.898,52109.0,61599.0,Pipistrellus pygmaeus,0.545,0.58,-1,Echolocation,192000.0,/mnt/ubna_data_04/recover-20241118/UBNA_027/20241109_013000.WAV,recover-20241118,UBNA_027,Foliage
HF,54720.0,14.578009101253413,99.0655,99.07,51250.0,64613.0,Pipistrellus pygmaeus,0.322,0.558,-1,Echolocation,192000.0,/mnt/ubna_data_04/recover-20241118/UBNA_027/20241109_013000.WAV,recover-20241118,UBNA_027,Foliage
HF,52800.0,11.652359836550474,101.1345,101.139,44375.0,59494.0,Pipistrellus pipistrellus,0.259,0.506,-1,Echolocation,192000.0,/mnt/ubna_data_04/recover-20241118/UBNA_027/20241109_013000.WAV,recover-20241118,UBNA_027,Foliage
HF,47040.0,8.112122324761193,101.3115,101.3173,45234.0,61776.0,Pipistrellus pipistrellus,0.253,0.504,-1,Echolocation,192000.0,/mnt/ubna_data_04/recover-20241118/UBNA_027/20241109_013000.WAV,recover-20241118,UBNA_027,Foliage
HF,52800.0,9.216240033048742,103.4495,103.4528,49531.0,62677.0,Pipistrellus pipistrellus,0.458,0.555,-1,Echolocation,192000.0,/mnt/ubna_data_04/recover-20241118/UBNA_027/20241109_013000.WAV,recover-20241118,UBNA_027,Foliage
HF,53760.0,11.6257097050832,103.7025,103.7067,50390.0,63612.0,Pipistrellus pipistrellus,0.347,0.609,-1,Echolocation,192000.0,/mnt/ubna_data_04/recover-20241118/UBNA_027/20241109_013000.WAV,recover-20241118,UBNA_027,Foliage
HF,48000.0,5.272644473144475,104.9915,104.9974,46093.0,60995.0,Pipistrellus pipistrellus,0.418,0.528,-1,Echolocation,192000.0,/mnt/ubna_data_04/recover-20241118/UBNA_027/20241109_013000.WAV,recover-20241118,UBNA_027,Foliage
HF,47040.0,6.220267925658383,105.1735,105.1815,46953.0,63075.0,Pipistrellus pipistrellus,0.408,0.522,-1,Echolocation,192000.0,/mnt/ubna_data_04/recover-20241118/UBNA_027/20241109_013000.WAV,recover-20241118,UBNA_027,Foliage
HF,46080.0,11.921456172680266,105.3545,105.3609,45234.0,64016.0,Pipistrellus pipistrellus,0.457,0.635,-1,Echolocation,192000.0,/mnt/ubna_data_04/recover-20241118/UBNA_027/20241109_013000.WAV,recover-20241118,UBNA_027,Foliage
HF,51840.0,4.576592272637946,107.6405,107.6459,50390.0,60755.0,Pipistrellus pipistrellus,0.329,0.504,-1,Echolocation,192000.0,/mnt/ubna_data_04/recover-20241118/UBNA_027/20241109_013000.WAV,recover-20241118,UBNA_027,Foliage
HF,52800.0,13.12288978853129,108.00450000000001,108.0086,50390.0,62603.0,Pipistrellus pygmaeus,0.292,0.506,-1,Echolocation,192000.0,/mnt/ubna_data_04/recover-20241118/UBNA_027/20241109_013000.WAV,recover-20241118,UBNA_027,Foliage
HF,52800.0,14.488216646344782,108.0855,108.0896,51250.0,67519.0,Pipistrellus pygmaeus,0.306,0.596,-1,Echolocation,192000.0,/mnt/ubna_data_04/recover-20241118/UBNA_027/20241109_013000.WAV,recover-20241118,UBNA_027,Foliage
HF,51840.0,18.11911232133172,110.0895,110.0946,50390.0,65230.0,Pipistrellus pipistrellus,0.375,0.563,-1,Echolocation,192000.0,/mnt/ubna_data_04/recover-20241118/UBNA_027/20241109_013000.WAV,recover-20241118,UBNA_027,Foliage
HF,51840.0,13.593167230839212,110.2705,110.2747,49531.0,62228.0,Pipistrellus pipistrellus,0.468,0.57,-1,Echolocation,192000.0,/mnt/ubna_data_04/recover-20241118/UBNA_027/20241109_013000.WAV,recover-20241118,UBNA_027,Foliage
HF,51840.0,9.389132687375252,110.4565,110.4627,51250.0,62094.0,Pipistrellus pipistrellus,0.354,0.546,-1,Echolocation,192000.0,/mnt/ubna_data_04/recover-20241118/UBNA_027/20241109_013000.WAV,recover-20241118,UBNA_027,Foliage
HF,52800.0,6.32814985956193,110.7375,110.7422,50390.0,61253.0,Pipistrellus pipistrellus,0.515,0.593,-1,Echolocation,192000.0,/mnt/ubna_data_04/recover-20241118/UBNA_027/20241109_013000.WAV,recover-20241118,UBNA_027,Foliage
HF,52800.0,6.652743973463227,111.1105,111.11580000000001,51250.0,60288.0,Pipistrellus pipistrellus,0.313,0.514,-1,Echolocation,192000.0,/mnt/ubna_data_04/recover-20241118/UBNA_027/20241109_013000.WAV,recover-20241118,UBNA_027,Foliage
HF,48000.0,3.619309831501019,138.7235,138.7283,46093.0,57881.0,Pipistrellus pipistrellus,0.464,0.504,-1,Echolocation,192000.0,/mnt/ubna_data_04/recover-20241118/UBNA_027/20241109_013000.WAV,recover-20241118,UBNA_027,Foliage
HF,51840.0,6.781618387252468,138.8605,138.865,47812.0,63617.0,Pipistrellus pipistrellus,0.336,0.5,-1,Echolocation,192000.0,/mnt/ubna_data_04/recover-20241118/UBNA_027/20241109_013000.WAV,recover-20241118,UBNA_027,Foliage
HF,48960.0,6.073311157388459,139.8845,139.8892,47812.0,58816.0,Pipistrellus pipistrellus,0.487,0.519,-1,Echolocation,192000.0,/mnt/ubna_data_04/recover-20241118/UBNA_027/20241109_013000.WAV,recover-20241118,UBNA_027,Foliage
HF,48000.0,6.882302194261798,140.9025,140.9069,46953.0,59862.0,Pipistrellus pipistrellus,0.558,0.595,-1,Echolocation,192000.0,/mnt/ubna_data_04/recover-20241118/UBNA_027/20241109_013000.WAV,recover-20241118,UBNA_027,Foliage
HF,48000.0,6.093060667305128,141.0675,141.074,46953.0,59332.0,Pipistrellus pipistrellus,0.535,0.579,-1,Echolocation,192000.0,/mnt/ubna_data_04/recover-20241118/UBNA_027/20241109_013000.WAV,recover-20241118,UBNA_027,Foliage
HF,48960.0,8.360796860149266,141.2015,141.2062,46093.0,60744.0,Pipistrellus pipistrellus,0.53,0.61,-1,Echolocation,192000.0,/mnt/ubna_data_04/recover-20241118/UBNA_027/20241109_013000.WAV,recover-20241118,UBNA_027,Foliage
HF,47040.0,7.90967497529683,141.2405,141.2454,45234.0,60432.0,Pipistrellus pipistrellus,0.585,0.648,-1,Echolocation,192000.0,/mnt/ubna_data_04/recover-20241118/UBNA_027/20241109_013000.WAV,recover-20241118,UBNA_027,Foliage
HF,46080.0,14.8331908971516,141.4535,141.4587,43515.0,61147.0,Pipistrellus pipistrellus,0.643,0.696,-1,Echolocation,192000.0,/mnt/ubna_data_04/recover-20241118/UBNA_027/20241109_013000.WAV,recover-20241118,UBNA_027,Foliage
HF,46080.0,7.4349216183043465,141.7945,141.79919999999998,45234.0,57940.0,Pipistrellus pipistrellus,0.583,0.635,-1,Echolocation,192000.0,/mnt/ubna_data_04/recover-20241118/UBNA_027/20241109_013000.WAV,recover-20241118,UBNA_027,Foliage
HF,48000.0,5.8754050720320645,141.8655,141.8698,46953.0,59158.0,Pipistrellus pipistrellus,0.583,0.615,-1,Echolocation,192000.0,/mnt/ubna_data_04/recover-20241118/UBNA_027/20241109_013000.WAV,recover-20241118,UBNA_027,Foliage
HF,47040.0,4.394430305304825,142.1365,142.1413,45234.0,59291.0,Pipistrellus pipistrellus,0.528,0.626,-1,Echolocation,192000.0,/mnt/ubna_data_04/recover-20241118/UBNA_027/20241109_013000.WAV,recover-20241118,UBNA_027,Foliage
HF,49920.0,8.862123657680609,142.8065,142.8107,46093.0,60472.0,Pipistrellus pipistrellus,0.568,0.623,-1,Echolocation,192000.0,/mnt/ubna_data_04/recover-20241118/UBNA_027/20241109_013000.WAV,recover-20241118,UBNA_027,Foliage
HF,48000.0,8.413084437938151,145.0135,145.022,46093.0,61263.0,Pipistrellus pipistrellus,0.432,0.52,-1,Echolocation,192000.0,/mnt/ubna_data_04/recover-20241118/UBNA_027/20241109_013000.WAV,recover-20241118,UBNA_027,Foliage
HF,48960.0,9.779785911866155,145.5325,145.54,46953.0,61962.0,Pipistrellus pipistrellus,0.514,0.633,-1,Echolocation,192000.0,/mnt/ubna_data_04/recover-20241118/UBNA_027/20241109_013000.WAV,recover-20241118,UBNA_027,Foliage
HF,53760.0,12.302664143006952,145.6125,145.6193,46953.0,64064.0,Pipistrellus pipistrellus,0.46,0.583,-1,Echolocation,192000.0,/mnt/ubna_data_04/recover-20241118/UBNA_027/20241109_013000.WAV,recover-20241118,UBNA_027,Foliage
HF,47040.0,11.877355347327775,145.6805,145.6873,45234.0,64906.0,Pipistrellus pipistrellus,0.496,0.632,-1,Echolocation,192000.0,/mnt/ubna_data_04/recover-20241118/UBNA_027/20241109_013000.WAV,recover-20241118,UBNA_027,Foliage
HF,51840.0,11.644218960690695,145.8015,145.80610000000001,46953.0,62406.0,Pipistrellus pipistrellus,0.502,0.618,-1,Echolocation,192000.0,/mnt/ubna_data_04/recover-20241118/UBNA_027/20241109_013000.WAV,recover-20241118,UBNA_027,Foliage
HF,48000.0,11.669639386582915,146.5375,146.5445,44375.0,64542.0,Pipistrellus pipistrellus,0.244,0.511,-1,Echolocation,192000.0,/mnt/ubna_data_04/recover-20241118/UBNA_027/20241109_013000.WAV,recover-20241118,UBNA_027,Foliage
HF,48960.0,6.576526292308596,148.5435,148.54840000000002,47812.0,62901.0,Pipistrellus pipistrellus,0.461,0.525,-1,Echolocation,192000.0,/mnt/ubna_data_04/recover-20241118/UBNA_027/20241109_013000.WAV,recover-20241118,UBNA_027,Foliage
HF,48000.0,12.42571402041248,148.8245,148.8293,43515.0,61126.0,Pipistrellus pipistrellus,0.464,0.588,-1,Echolocation,192000.0,/mnt/ubna_data_04/recover-20241118/UBNA_027/20241109_013000.WAV,recover-20241118,UBNA_027,Foliage
HF,46080.0,3.926178632336142,151.0755,151.0809,45234.0,52864.0,Pipistrellus pipistrellus,0.491,0.518,-1,Echolocation,192000.0,/mnt/ubna_data_04/recover-20241118/UBNA_027/20241109_013000.WAV,recover-20241118,UBNA_027,Foliage
HF,52800.0,13.033139433265186,153.8855,153.8895,48671.0,59445.0,Pipistrellus pipistrellus,0.496,0.562,-1,Echolocation,192000.0,/mnt/ubna_data_04/recover-20241118/UBNA_027/20241109_013000.WAV,recover-20241118,UBNA_027,Foliage
HF,51840.0,5.59428135408664,154.3295,154.3337,50390.0,59380.0,Pipistrellus pipistrellus,0.378,0.549,-1,Echolocation,192000.0,/mnt/ubna_data_04/recover-20241118/UBNA_027/20241109_013000.WAV,recover-20241118,UBNA_027,Foliage
HF,53760.0,4.7382514002559075,154.5495,154.5533,51250.0,61670.0,Pipistrellus pipistrellus,0.311,0.517,-1,Echolocation,192000.0,/mnt/ubna_data_04/recover-20241118/UBNA_027/20241109_013000.WAV,recover-20241118,UBNA_027,Foliage
HF,53760.0,13.78410467312062,155.0845,155.0883,51250.0,62805.0,Pipistrellus pygmaeus,0.34,0.521,-1,Echolocation,192000.0,/mnt/ubna_data_04/recover-20241118/UBNA_027/20241109_013000.WAV,recover-20241118,UBNA_027,Foliage
HF,51840.0,13.596370864703509,155.1625,155.1662,49531.0,65367.0,Pipistrellus pipistrellus,0.409,0.553,-1,Echolocation,192000.0,/mnt/ubna_data_04/recover-20241118/UBNA_027/20241109_013000.WAV,recover-20241118,UBNA_027,Foliage
HF,51840.0,16.38582687551625,155.2375,155.2415,48671.0,68047.0,Pipistrellus pipistrellus,0.427,0.571,-1,Echolocation,192000.0,/mnt/ubna_data_04/recover-20241118/UBNA_027/20241109_013000.WAV,recover-20241118,UBNA_027,Foliage
HF,53760.0,19.086779006935373,155.4895,155.4942,46093.0,64764.0,Pipistrellus pipistrellus,0.501,0.638,-1,Echolocation,192000.0,/mnt/ubna_data_04/recover-20241118/UBNA_027/20241109_013000.WAV,recover-20241118,UBNA_027,Foliage
HF,50880.0,12.312837442249968,155.9425,155.94650000000001,47812.0,59368.0,Pipistrellus pipistrellus,0.393,0.6,-1,Echolocation,192000.0,/mnt/ubna_data_04/recover-20241118/UBNA_027/20241109_013000.WAV,recover-20241118,UBNA_027,Foliage
HF,49920.0,6.49386629345001,156.2155,156.221,46953.0,58434.0,Pipistrellus pipistrellus,0.497,0.611,-1,Echolocation,192000.0,/mnt/ubna_data_04/recover-20241118/UBNA_027/20241109_013000.WAV,recover-20241118,UBNA_027,Foliage
HF,48960.0,3.69021878286138,160.6895,160.6944,47812.0,59154.0,Pipistrellus pipistrellus,0.502,0.522,-1,Echolocation,192000.0,/mnt/ubna_data_04/recover-20241118/UBNA_027/20241109_013000.WAV,recover-20241118,UBNA_027,Foliage
HF,52800.0,6.328680398886148,161.3995,161.4036,48671.0,61384.0,Pipistrellus pipistrellus,0.423,0.501,-1,Echolocation,192000.0,/mnt/ubna_data_04/recover-20241118/UBNA_027/20241109_013000.WAV,recover-20241118,UBNA_027,Foliage
HF,51840.0,8.189996460286075,161.6465,161.65109999999999,50390.0,61551.0,Pipistrellus pipistrellus,0.407,0.527,-1,Echolocation,192000.0,/mnt/ubna_data_04/recover-20241118/UBNA_027/20241109_013000.WAV,recover-20241118,UBNA_027,Foliage
HF,52800.0,6.807338939513525,161.7315,161.736,50390.0,63959.0,Pipistrellus pipistrellus,0.362,0.542,-1,Echolocation,192000.0,/mnt/ubna_data_04/recover-20241118/UBNA_027/20241109_013000.WAV,recover-20241118,UBNA_027,Foliage
HF,48000.0,4.836031031138125,161.7555,161.7603,47812.0,58066.0,Pipistrellus pipistrellus,0.486,0.526,-1,Echolocation,192000.0,/mnt/ubna_data_04/recover-20241118/UBNA_027/20241109_013000.WAV,recover-20241118,UBNA_027,Foliage
HF,52800.0,14.179430745639511,161.9145,161.9184,49531.0,63533.0,Pipistrellus pipistrellus,0.432,0.565,-1,Echolocation,192000.0,/mnt/ubna_data_04/recover-20241118/UBNA_027/20241109_013000.WAV,recover-20241118,UBNA_027,Foliage
HF,51840.0,7.017021977323388,165.6225,165.6271,50390.0,63195.0,Pipistrellus pipistrellus,0.39,0.509,-1,Echolocation,192000.0,/mnt/ubna_data_04/recover-20241118/UBNA_027/20241109_013000.WAV,recover-20241118,UBNA_027,Foliage
HF,54720.0,10.268215218663372,167.4455,167.45,52968.0,63103.0,Pipistrellus pygmaeus,0.453,0.503,-1,Echolocation,192000.0,/mnt/ubna_data_04/recover-20241118/UBNA_027/20241109_013000.WAV,recover-20241118,UBNA_027,Foliage
HF,53760.0,12.102058609835872,167.6585,167.663,52109.0,62277.0,Pipistrellus pygmaeus,0.542,0.572,-1,Echolocation,192000.0,/mnt/ubna_data_04/recover-20241118/UBNA_027/20241109_013000.WAV,recover-20241118,UBNA_027,Foliage
HF,52800.0,12.80187591402935,167.8245,167.8293,52109.0,64657.0,Pipistrellus pygmaeus,0.534,0.554,-1,Echolocation,192000.0,/mnt/ubna_data_04/recover-20241118/UBNA_027/20241109_013000.WAV,recover-20241118,UBNA_027,Foliage
HF,52800.0,7.989452361537047,168.0095,168.0181,52109.0,60111.0,Pipistrellus pygmaeus,0.301,0.554,-1,Echolocation,192000.0,/mnt/ubna_data_04/recover-20241118/UBNA_027/20241109_013000.WAV,recover-20241118,UBNA_027,Foliage
HF,56640.0,14.101818522578967,168.5485,168.5522,52968.0,63273.0,Pipistrellus pygmaeus,0.46,0.512,-1,Echolocation,192000.0,/mnt/ubna_data_04/recover-20241118/UBNA_027/20241109_013000.WAV,recover-20241118,UBNA_027,Foliage
HF,47040.0,5.361701646750419,175.6565,175.6618,46953.0,57774.0,Pipistrellus pipistrellus,0.557,0.59,-1,Echolocation,192000.0,/mnt/ubna_data_04/recover-20241118/UBNA_027/20241109_013000.WAV,recover-20241118,UBNA_027,Foliage
LF,23040.0,1.1128869064842246,193.4835,193.4986,22890.0,26721.0,Nyctalus leisleri,0.465,0.548,-1,Echolocation,192000.0,/mnt/ubna_data_04/recover-20241118/UBNA_027/20241109_013000.WAV,recover-20241118,UBNA_027,Foliage
HF,51840.0,9.2742185238201,193.6305,193.6358,51250.0,62063.0,Pipistrellus pipistrellus,0.354,0.566,-1,Echolocation,192000.0,/mnt/ubna_data_04/recover-20241118/UBNA_027/20241109_013000.WAV,recover-20241118,UBNA_027,Foliage
LF,24000.0,3.6330639762131014,193.7605,193.7716,23750.0,29566.0,Nyctalus leisleri,0.229,0.54,-1,Echolocation,192000.0,/mnt/ubna_data_04/recover-20241118/UBNA_027/20241109_013000.WAV,recover-20241118,UBNA_027,Foliage
LF,23040.0,5.061830090459337,194.1545,194.1675,22031.0,27246.0,Nyctalus leisleri,0.435,0.59,-1,Echolocation,192000.0,/mnt/ubna_data_04/recover-20241118/UBNA_027/20241109_013000.WAV,recover-20241118,UBNA_027,Foliage
LF,24000.0,5.741030502706029,194.4135,194.425,22890.0,28986.0,Nyctalus leisleri,0.328,0.612,-1,Echolocation,192000.0,/mnt/ubna_data_04/recover-20241118/UBNA_027/20241109_013000.WAV,recover-20241118,UBNA_027,Foliage
LF,24000.0,2.5891485894641435,196.6355,196.64679999999998,23750.0,31815.0,Eptesicus serotinus,0.302,0.57,-1,Echolocation,192000.0,/mnt/ubna_data_04/recover-20241118/UBNA_027/20241109_013000.WAV,recover-20241118,UBNA_027,Foliage
LF,26880.0,5.304333439918488,196.77949999999998,196.7894,23750.0,32028.0,Eptesicus serotinus,0.247,0.607,-1,Echolocation,192000.0,/mnt/ubna_data_04/recover-20241118/UBNA_027/20241109_013000.WAV,recover-20241118,UBNA_027,Foliage
LF,23040.0,8.832377045461827,197.0455,197.0581,22890.0,32009.0,Eptesicus serotinus,0.402,0.66,-1,Echolocation,192000.0,/mnt/ubna_data_04/recover-20241118/UBNA_027/20241109_013000.WAV,recover-20241118,UBNA_027,Foliage
LF,23040.0,10.848517616598572,197.3075,197.32,22890.0,31529.0,Eptesicus serotinus,0.322,0.676,-1,Echolocation,192000.0,/mnt/ubna_data_04/recover-20241118/UBNA_027/20241109_013000.WAV,recover-20241118,UBNA_027,Foliage
LF,23040.0,13.702574294036028,197.5765,197.5906,22031.0,29535.0,Eptesicus serotinus,0.314,0.588,-1,Echolocation,192000.0,/mnt/ubna_data_04/recover-20241118/UBNA_027/20241109_013000.WAV,recover-20241118,UBNA_027,Foliage
LF,23040.0,11.450682884578459,197.8445,197.8567,22031.0,29624.0,Eptesicus serotinus,0.305,0.62,-1,Echolocation,192000.0,/mnt/ubna_data_04/recover-20241118/UBNA_027/20241109_013000.WAV,recover-20241118,UBNA_027,Foliage
LF,23040.0,14.790956938086568,198.2415,198.2568,22031.0,28434.0,Nyctalus leisleri,0.318,0.571,-1,Echolocation,192000.0,/mnt/ubna_data_04/recover-20241118/UBNA_027/20241109_013000.WAV,recover-20241118,UBNA_027,Foliage
LF,24000.0,7.959734915550064,198.3935,198.4035,23750.0,31856.0,Eptesicus serotinus,0.228,0.573,-1,Echolocation,192000.0,/mnt/ubna_data_04/recover-20241118/UBNA_027/20241109_013000.WAV,recover-20241118,UBNA_027,Foliage
LF,23040.0,7.496192489545365,199.6215,199.6368,22031.0,27672.0,Nyctalus leisleri,0.368,0.598,-1,Echolocation,192000.0,/mnt/ubna_data_04/recover-20241118/UBNA_027/20241109_013000.WAV,recover-20241118,UBNA_027,Foliage
LF,23040.0,5.517837734114507,200.3365,200.3513,22890.0,27241.0,Nyctalus leisleri,0.45,0.576,-1,Echolocation,192000.0,/mnt/ubna_data_04/recover-20241118/UBNA_027/20241109_013000.WAV,recover-20241118,UBNA_027,Foliage
LF,23040.0,4.0273715364386735,201.1805,201.1935,22031.0,27595.0,Nyctalus leisleri,0.218,0.564,-1,Echolocation,192000.0,/mnt/ubna_data_04/recover-20241118/UBNA_027/20241109_013000.WAV,recover-20241118,UBNA_027,Foliage
HF,54720.0,9.70165387220549,246.8455,246.8499,51250.0,62248.0,Pipistrellus pipistrellus,0.248,0.528,-1,Echolocation,192000.0,/mnt/ubna_data_04/recover-20241118/UBNA_027/20241109_013000.WAV,recover-20241118,UBNA_027,Foliage
HF,52800.0,8.610073765882799,247.1675,247.172,52968.0,58803.0,Pipistrellus pygmaeus,0.473,0.513,-1,Echolocation,192000.0,/mnt/ubna_data_04/recover-20241118/UBNA_027/20241109_013000.WAV,recover-20241118,UBNA_027,Foliage
HF,51840.0,10.076218938870669,299.2325,299.2373,50390.0,60706.0,Pipistrellus pipistrellus,0.335,0.564,-1,Echolocation,192000.0,/mnt/ubna_data_04/recover-20241118/UBNA_027/20241109_013000.WAV,recover-20241118,UBNA_027,Foliage
HF,52800.0,13.303478549979841,299.7695,299.7741,51250.0,64763.0,Pipistrellus pygmaeus,0.465,0.531,-1,Echolocation,192000.0,/mnt/ubna_data_04/recover-20241118/UBNA_027/20241109_013000.WAV,recover-20241118,UBNA_027,Foliage
HF,52800.0,10.315214141317885,299.9865,299.9914,51250.0,62897.0,Pipistrellus pygmaeus,0.413,0.555,-1,Echolocation,192000.0,/mnt/ubna_data_04/recover-20241118/UBNA_027/20241109_013000.WAV,recover-20241118,UBNA_027,Foliage
HF,47040.0,5.071749950966012,161.1385,161.1446,46953.0,56795.0,Pipistrellus pipistrellus,0.523,0.545,-1,Echolocation,192000.0,/mnt/ubna_data_04/recover-20241118/UBNA_027/20241109_014000.WAV,recover-20241118,UBNA_027,Foliage
HF,48000.0,5.9316713526680935,161.2275,161.2327,47812.0,60522.0,Pipistrellus pipistrellus,0.499,0.531,-1,Echolocation,192000.0,/mnt/ubna_data_04/recover-20241118/UBNA_027/20241109_014000.WAV,recover-20241118,UBNA_027,Foliage
HF,47040.0,7.709916163722392,161.4385,161.443,46093.0,58618.0,Pipistrellus pipistrellus,0.487,0.559,-1,Echolocation,192000.0,/mnt/ubna_data_04/recover-20241118/UBNA_027/20241109_014000.WAV,recover-20241118,UBNA_027,Foliage
HF,46080.0,10.86580677811844,161.6635,161.6682,43515.0,60528.0,Pipistrellus pipistrellus,0.489,0.616,-1,Echolocation,192000.0,/mnt/ubna_data_04/recover-20241118/UBNA_027/20241109_014000.WAV,recover-20241118,UBNA_027,Foliage
HF,48000.0,8.716546068092551,161.7615,161.7665,45234.0,61902.0,Pipistrellus pipistrellus,0.509,0.611,-1,Echolocation,192000.0,/mnt/ubna_data_04/recover-20241118/UBNA_027/20241109_014000.WAV,recover-20241118,UBNA_027,Foliage
HF,46080.0,15.640171426403718,161.8685,161.8729,45234.0,64864.0,Pipistrellus pipistrellus,0.566,0.685,-1,Echolocation,192000.0,/mnt/ubna_data_04/recover-20241118/UBNA_027/20241109_014000.WAV,recover-20241118,UBNA_027,Foliage
HF,47040.0,11.229288359892408,161.9735,161.9781,44375.0,60479.0,Pipistrellus pipistrellus,0.585,0.668,-1,Echolocation,192000.0,/mnt/ubna_data_04/recover-20241118/UBNA_027/20241109_014000.WAV,recover-20241118,UBNA_027,Foliage
HF,46080.0,16.40884421461663,162.0725,162.0785,44375.0,67108.0,Pipistrellus pipistrellus,0.608,0.748,-1,Echolocation,192000.0,/mnt/ubna_data_04/recover-20241118/UBNA_027/20241109_014000.WAV,recover-20241118,UBNA_027,Foliage
HF,46080.0,15.129819399595359,162.1725,162.1779,45234.0,68846.0,Pipistrellus pipistrellus,0.466,0.625,-1,Echolocation,192000.0,/mnt/ubna_data_04/recover-20241118/UBNA_027/20241109_014000.WAV,recover-20241118,UBNA_027,Foliage
HF,46080.0,17.95976401580889,162.5035,162.5087,42656.0,67972.0,Pipistrellus pipistrellus,0.591,0.675,-1,Echolocation,192000.0,/mnt/ubna_data_04/recover-20241118/UBNA_027/20241109_014000.WAV,recover-20241118,UBNA_027,Foliage
HF,45120.0,17.500606525447626,162.6235,162.6286,41796.0,66023.0,Pipistrellus pipistrellus,0.509,0.666,-1,Echolocation,192000.0,/mnt/ubna_data_04/recover-20241118/UBNA_027/20241109_014000.WAV,recover-20241118,UBNA_027,Foliage
HF,47040.0,17.464271791173616,162.8475,162.8528,42656.0,64054.0,Pipistrellus pipistrellus,0.561,0.661,-1,Echolocation,192000.0,/mnt/ubna_data_04/recover-20241118/UBNA_027/20241109_014000.WAV,recover-20241118,UBNA_027,Foliage
HF,48000.0,7.5378292224451995,162.9735,162.9802,44375.0,55930.0,Pipistrellus pipistrellus,0.44,0.537,-1,Echolocation,192000.0,/mnt/ubna_data_04/recover-20241118/UBNA_027/20241109_014000.WAV,recover-20241118,UBNA_027,Foliage
HF,48960.0,9.14531111684063,164.4515,164.4573,46953.0,61637.0,Pipistrellus pipistrellus,0.525,0.654,-1,Echolocation,192000.0,/mnt/ubna_data_04/recover-20241118/UBNA_027/20241109_014000.WAV,recover-20241118,UBNA_027,Foliage
HF,46080.0,9.900785203759487,164.5695,164.5752,44375.0,61438.0,Pipistrellus pipistrellus,0.585,0.665,-1,Echolocation,192000.0,/mnt/ubna_data_04/recover-20241118/UBNA_027/20241109_014000.WAV,recover-20241118,UBNA_027,Foliage
HF,48000.0,10.686017521225587,247.1995,247.2046,46093.0,60217.0,Pipistrellus pipistrellus,0.601,0.703,-1,Echolocation,192000.0,/mnt/ubna_data_04/recover-20241118/UBNA_027/20241109_014000.WAV,recover-20241118,UBNA_027,Foliage
HF,46080.0,9.152222685222517,247.4085,247.4135,46093.0,61893.0,Pipistrellus pipistrellus,0.586,0.638,-1,Echolocation,192000.0,/mnt/ubna_data_04/recover-20241118/UBNA_027/20241109_014000.WAV,recover-20241118,UBNA_027,Foliage
HF,47040.0,10.451025737482118,247.6125,247.6174,44375.0,59642.0,Pipistrellus pipistrellus,0.647,0.704,-1,Echolocation,192000.0,/mnt/ubna_data_04/recover-20241118/UBNA_027/20241109_014000.WAV,recover-20241118,UBNA_027,Foliage
HF,48960.0,7.509329589273078,247.7055,247.7101,45234.0,57038.0,Pipistrellus pipistrellus,0.591,0.621,-1,Echolocation,192000.0,/mnt/ubna_data_04/recover-20241118/UBNA_027/20241109_014000.WAV,recover-20241118,UBNA_027,Foliage
HF,48000.0,11.86771934733288,247.7915,247.7964,44375.0,60305.0,Pipistrellus pipistrellus,0.551,0.65,-1,Echolocation,192000.0,/mnt/ubna_data_04/recover-20241118/UBNA_027/20241109_014000.WAV,recover-20241118,UBNA_027,Foliage
HF,48000.0,13.294245544061834,247.8735,247.8778,46093.0,60614.0,Pipistrellus pipistrellus,0.585,0.645,-1,Echolocation,192000.0,/mnt/ubna_data_04/recover-20241118/UBNA_027/20241109_014000.WAV,recover-20241118,UBNA_027,Foliage
HF,48000.0,13.4099978104243,247.9625,247.9672,44375.0,62713.0,Pipistrellus pipistrellus,0.482,0.581,-1,Echolocation,192000.0,/mnt/ubna_data_04/recover-20241118/UBNA_027/20241109_014000.WAV,recover-20241118,UBNA_027,Foliage
HF,48000.0,13.563933827978182,249.3765,249.381,46093.0,63111.0,Pipistrellus pipistrellus,0.634,0.693,-1,Echolocation,192000.0,/mnt/ubna_data_04/recover-20241118/UBNA_027/20241109_014000.WAV,recover-20241118,UBNA_027,Foliage
HF,47040.0,4.763848019097914,249.4575,249.4625,46093.0,58897.0,Pipistrellus pipistrellus,0.538,0.59,-1,Echolocation,192000.0,/mnt/ubna_data_04/recover-20241118/UBNA_027/20241109_014000.WAV,recover-20241118,UBNA_027,Foliage
HF,48000.0,13.627469081007845,249.5515,249.556,45234.0,61106.0,Pipistrellus pipistrellus,0.488,0.592,-1,Echolocation,192000.0,/mnt/ubna_data_04/recover-20241118/UBNA_027/20241109_014000.WAV,recover-20241118,UBNA_027,Foliage
HF,51840.0,13.01800603555918,250.1055,250.11,46093.0,67769.0,Pipistrellus pipistrellus,0.286,0.518,-1,Echolocation,192000.0,/mnt/ubna_data_04/recover-20241118/UBNA_027/20241109_014000.WAV,recover-20241118,UBNA_027,Foliage
HF,47040.0,7.572305388166248,251.1865,251.1912,46093.0,59710.0,Pipistrellus pipistrellus,0.422,0.556,-1,Echolocation,192000.0,/mnt/ubna_data_04/recover-20241118/UBNA_027/20241109_014000.WAV,recover-20241118,UBNA_027,Foliage
HF,47040.0,4.426951473263504,251.3995,251.4046,45234.0,59568.0,Pipistrellus pipistrellus,0.565,0.658,-1,Echolocation,192000.0,/mnt/ubna_data_04/recover-20241118/UBNA_027/20241109_014000.WAV,recover-20241118,UBNA_027,Foliage
HF,45120.0,4.446304481397015,27.1855,27.1916,44375.0,57069.0,Pipistrellus pipistrellus,0.464,0.509,-1,Echolocation,192000.0,/mnt/ubna_data_04/recover-20241118/UBNA_027/20241109_015000.WAV,recover-20241118,UBNA_027,Foliage
HF,45120.0,4.38680301336923,27.9395,27.9454,44375.0,53332.0,Pipistrellus pipistrellus,0.494,0.516,-1,Echolocation,192000.0,/mnt/ubna_data_04/recover-20241118/UBNA_027/20241109_015000.WAV,recover-20241118,UBNA_027,Foliage
HF,46080.0,6.07801593689531,28.9865,28.9922,46093.0,51753.0,Pipistrellus pipistrellus,0.504,0.538,-1,Echolocation,192000.0,/mnt/ubna_data_04/recover-20241118/UBNA_027/20241109_015000.WAV,recover-20241118,UBNA_027,Foliage
HF,46080.0,4.090142240811065,33.4325,33.4377,45234.0,55734.0,Pipistrellus pipistrellus,0.474,0.526,-1,Echolocation,192000.0,/mnt/ubna_data_04/recover-20241118/UBNA_027/20241109_015000.WAV,recover-20241118,UBNA_027,Foliage
HF,46080.0,5.775002501775291,33.5135,33.5185,44375.0,55911.0,Pipistrellus pipistrellus,0.492,0.555,-1,Echolocation,192000.0,/mnt/ubna_data_04/recover-20241118/UBNA_027/20241109_015000.WAV,recover-20241118,UBNA_027,Foliage
HF,45120.0,10.61461429262527,76.3725,76.3788,44375.0,53844.0,Pipistrellus pipistrellus,0.512,0.575,-1,Echolocation,192000.0,/mnt/ubna_data_04/recover-20241118/UBNA_027/20241109_015000.WAV,recover-20241118,UBNA_027,Foliage
HF,45120.0,5.401523331406626,76.8175,76.8231,45234.0,55936.0,Pipistrellus pipistrellus,0.624,0.655,-1,Echolocation,192000.0,/mnt/ubna_data_04/recover-20241118/UBNA_027/20241109_015000.WAV,recover-20241118,UBNA_027,Foliage
HF,46080.0,3.834145364530885,77.09049999999999,77.0971,45234.0,53200.0,Pipistrellus pipistrellus,0.507,0.527,-1,Echolocation,192000.0,/mnt/ubna_data_04/recover-20241118/UBNA_027/20241109_015000.WAV,recover-20241118,UBNA_027,Foliage
HF,46080.0,4.731832143957792,77.6285,77.63419999999999,44375.0,53715.0,Pipistrellus pipistrellus,0.566,0.588,-1,Echolocation,192000.0,/mnt/ubna_data_04/recover-20241118/UBNA_027/20241109_015000.WAV,recover-20241118,UBNA_027,Foliage
HF,45120.0,4.601781980733533,78.4465,78.4522,44375.0,51925.0,Pipistrellus pipistrellus,0.484,0.514,-1,Echolocation,192000.0,/mnt/ubna_data_04/recover-20241118/UBNA_027/20241109_015000.WAV,recover-20241118,UBNA_027,Foliage
HF,45120.0,5.845320694754711,78.7325,78.73949999999999,44375.0,51823.0,Pipistrellus pipistrellus,0.559,0.578,-1,Echolocation,192000.0,/mnt/ubna_data_04/recover-20241118/UBNA_027/20241109_015000.WAV,recover-20241118,UBNA_027,Foliage
HF,45120.0,3.531722953706926,79.2185,79.2253,44375.0,53362.0,Pipistrellus pipistrellus,0.492,0.519,-1,Echolocation,192000.0,/mnt/ubna_data_04/recover-20241118/UBNA_027/20241109_015000.WAV,recover-20241118,UBNA_027,Foliage
HF,45120.0,5.126466957363704,79.41550000000001,79.4218,44375.0,56618.0,Pipistrellus pipistrellus,0.586,0.677,-1,Echolocation,192000.0,/mnt/ubna_data_04/recover-20241118/UBNA_027/20241109_015000.WAV,recover-20241118,UBNA_027,Foliage
HF,45120.0,12.748720325180646,79.6175,79.623,44375.0,54940.0,Pipistrellus pipistrellus,0.606,0.653,-1,Echolocation,192000.0,/mnt/ubna_data_04/recover-20241118/UBNA_027/20241109_015000.WAV,recover-20241118,UBNA_027,Foliage
HF,45120.0,14.90668598421781,79.8265,79.8323,44375.0,56250.0,Pipistrellus pipistrellus,0.602,0.674,-1,Echolocation,192000.0,/mnt/ubna_data_04/recover-20241118/UBNA_027/20241109_015000.WAV,recover-20241118,UBNA_027,Foliage
HF,45120.0,18.19387576515219,79.9285,79.93469999999999,43515.0,58950.0,Pipistrellus pipistrellus,0.637,0.714,-1,Echolocation,192000.0,/mnt/ubna_data_04/recover-20241118/UBNA_027/20241109_015000.WAV,recover-20241118,UBNA_027,Foliage
HF,45120.0,16.294261945519395,80.20949999999999,80.2148,43515.0,57072.0,Pipistrellus pipistrellus,0.625,0.672,-1,Echolocation,192000.0,/mnt/ubna_data_04/recover-20241118/UBNA_027/20241109_015000.WAV,recover-20241118,UBNA_027,Foliage
HF,46080.0,13.040984826176938,80.4145,80.4201,44375.0,59223.0,Pipistrellus pipistrellus,0.551,0.663,-1,Echolocation,192000.0,/mnt/ubna_data_04/recover-20241118/UBNA_027/20241109_015000.WAV,recover-20241118,UBNA_027,Foliage
HF,47040.0,15.30652095064919,80.6215,80.6266,44375.0,55125.0,Pipistrellus pipistrellus,0.605,0.676,-1,Echolocation,192000.0,/mnt/ubna_data_04/recover-20241118/UBNA_027/20241109_015000.WAV,recover-20241118,UBNA_027,Foliage
HF,46080.0,16.09494644305744,80.7075,80.7127,45234.0,58079.0,Pipistrellus pipistrellus,0.64,0.683,-1,Echolocation,192000.0,/mnt/ubna_data_04/recover-20241118/UBNA_027/20241109_015000.WAV,recover-20241118,UBNA_027,Foliage
HF,46080.0,10.525138499286694,80.79050000000001,80.7958,45234.0,60995.0,Pipistrellus pipistrellus,0.617,0.713,-1,Echolocation,192000.0,/mnt/ubna_data_04/recover-20241118/UBNA_027/20241109_015000.WAV,recover-20241118,UBNA_027,Foliage
HF,46080.0,9.653178820257956,80.87049999999999,80.87610000000001,45234.0,62026.0,Pipistrellus pipistrellus,0.518,0.654,-1,Echolocation,192000.0,/mnt/ubna_data_04/recover-20241118/UBNA_027/20241109_015000.WAV,recover-20241118,UBNA_027,Foliage
HF,47040.0,9.640323605980113,80.9555,80.9598,46093.0,60196.0,Pipistrellus pipistrellus,0.528,0.583,-1,Echolocation,192000.0,/mnt/ubna_data_04/recover-20241118/UBNA_027/20241109_015000.WAV,recover-20241118,UBNA_027,Foliage
HF,47040.0,11.084733127945212,81.0325,81.0374,45234.0,60098.0,Pipistrellus pipistrellus,0.584,0.645,-1,Echolocation,192000.0,/mnt/ubna_data_04/recover-20241118/UBNA_027/20241109_015000.WAV,recover-20241118,UBNA_027,Foliage
HF,48000.0,7.130996420660881,81.1735,81.1782,46093.0,59924.0,Pipistrellus pipistrellus,0.482,0.5,-1,Echolocation,192000.0,/mnt/ubna_data_04/recover-20241118/UBNA_027/20241109_015000.WAV,recover-20241118,UBNA_027,Foliage
HF,46080.0,16.87642170129187,81.5315,81.53620000000001,44375.0,60435.0,Pipistrellus pipistrellus,0.574,0.606,-1,Echolocation,192000.0,/mnt/ubna_data_04/recover-20241118/UBNA_027/20241109_015000.WAV,recover-20241118,UBNA_027,Foliage
HF,46080.0,7.958451610859935,81.6045,81.6091,45234.0,54725.0,Pipistrellus pipistrellus,0.538,0.557,-1,Echolocation,192000.0,/mnt/ubna_data_04/recover-20241118/UBNA_027/20241109_015000.WAV,recover-20241118,UBNA_027,Foliage
HF,47040.0,19.794910864409687,81.6875,81.6933,44375.0,61987.0,Pipistrellus pipistrellus,0.65,0.713,-1,Echolocation,192000.0,/mnt/ubna_data_04/recover-20241118/UBNA_027/20241109_015000.WAV,recover-20241118,UBNA_027,Foliage
HF,45120.0,19.867841318669683,81.8665,81.871,41796.0,58213.0,Pipistrellus pipistrellus,0.477,0.572,-1,Echolocation,192000.0,/mnt/ubna_data_04/recover-20241118/UBNA_027/20241109_015000.WAV,recover-20241118,UBNA_027,Foliage
HF,45120.0,6.274746640655434,81.9645,81.9697,44375.0,54643.0,Pipistrellus pipistrellus,0.571,0.582,-1,Echolocation,192000.0,/mnt/ubna_data_04/recover-20241118/UBNA_027/20241109_015000.WAV,recover-20241118,UBNA_027,Foliage
HF,45120.0,20.665047843336055,82.0595,82.065,43515.0,57022.0,Pipistrellus pipistrellus,0.594,0.619,-1,Echolocation,192000.0,/mnt/ubna_data_04/recover-20241118/UBNA_027/20241109_015000.WAV,recover-20241118,UBNA_027,Foliage
HF,45120.0,8.374498860533397,82.1575,82.1624,44375.0,53644.0,Pipistrellus pipistrellus,0.543,0.567,-1,Echolocation,192000.0,/mnt/ubna_data_04/recover-20241118/UBNA_027/20241109_015000.WAV,recover-20241118,UBNA_027,Foliage
HF,45120.0,15.727619392197344,82.2565,82.2623,43515.0,53281.0,Pipistrellus pipistrellus,0.457,0.549,-1,Echolocation,192000.0,/mnt/ubna_data_04/recover-20241118/UBNA_027/20241109_015000.WAV,recover-20241118,UBNA_027,Foliage
HF,45120.0,2.4554746623531143,82.3565,82.3622,44375.0,53147.0,Pipistrellus pipistrellus,0.523,0.544,-1,Echolocation,192000.0,/mnt/ubna_data_04/recover-20241118/UBNA_027/20241109_015000.WAV,recover-20241118,UBNA_027,Foliage
HF,45120.0,15.364853487097756,82.45349999999999,82.4588,43515.0,51565.0,Pipistrellus pipistrellus,0.471,0.512,-1,Echolocation,192000.0,/mnt/ubna_data_04/recover-20241118/UBNA_027/20241109_015000.WAV,recover-20241118,UBNA_027,Foliage
HF,45120.0,8.970945259317919,82.6485,82.6541,44375.0,52846.0,Pipistrellus pipistrellus,0.626,0.679,-1,Echolocation,192000.0,/mnt/ubna_data_04/recover-20241118/UBNA_027/20241109_015000.WAV,recover-20241118,UBNA_027,Foliage
HF,45120.0,3.817255062227032,82.8715,82.877,44375.0,51422.0,Pipistrellus pipistrellus,0.492,0.508,-1,Echolocation,192000.0,/mnt/ubna_data_04/recover-20241118/UBNA_027/20241109_015000.WAV,recover-20241118,UBNA_027,Foliage
HF,45120.0,7.094772663159869,83.0755,83.0825,44375.0,51393.0,Pipistrellus pipistrellus,0.583,0.649,-1,Echolocation,192000.0,/mnt/ubna_data_04/recover-20241118/UBNA_027/20241109_015000.WAV,recover-20241118,UBNA_027,Foliage
HF,45120.0,5.014957701725478,85.3535,85.3605,44375.0,50773.0,Pipistrellus pipistrellus,0.521,0.563,-1,Echolocation,192000.0,/mnt/ubna_data_04/recover-20241118/UBNA_027/20241109_015000.WAV,recover-20241118,UBNA_027,Foliage
HF,45120.0,2.794958572247893,85.5495,85.55590000000001,44375.0,50824.0,Pipistrellus pipistrellus,0.525,0.555,-1,Echolocation,192000.0,/mnt/ubna_data_04/recover-20241118/UBNA_027/20241109_015000.WAV,recover-20241118,UBNA_027,Foliage
HF,46080.0,4.821044312452079,94.2815,94.2874,46093.0,54164.0,Pipistrellus pipistrellus,0.535,0.567,-1,Echolocation,192000.0,/mnt/ubna_data_04/recover-20241118/UBNA_027/20241109_015000.WAV,recover-20241118,UBNA_027,Foliage
HF,47040.0,4.366307715085258,98.3415,98.3464,46093.0,55940.0,Pipistrellus pipistrellus,0.561,0.589,-1,Echolocation,192000.0,/mnt/ubna_data_04/recover-20241118/UBNA_027/20241109_015000.WAV,recover-20241118,UBNA_027,Foliage
HF,46080.0,5.883376673960095,98.60849999999999,98.6132,45234.0,58213.0,Pipistrellus pipistrellus,0.575,0.608,-1,Echolocation,192000.0,/mnt/ubna_data_04/recover-20241118/UBNA_027/20241109_015000.WAV,recover-20241118,UBNA_027,Foliage
HF,46080.0,6.638773610070929,99.4325,99.4373,46093.0,57358.0,Pipistrellus pipistrellus,0.576,0.596,-1,Echolocation,192000.0,/mnt/ubna_data_04/recover-20241118/UBNA_027/20241109_015000.WAV,recover-20241118,UBNA_027,Foliage
HF,47040.0,5.082789400451718,99.6835,99.6883,45234.0,57700.0,Pipistrellus pipistrellus,0.51,0.546,-1,Echolocation,192000.0,/mnt/ubna_data_04/recover-20241118/UBNA_027/20241109_015000.WAV,recover-20241118,UBNA_027,Foliage
HF,48000.0,6.619030375381137,99.9325,99.9367,45234.0,56829.0,Pipistrellus pipistrellus,0.561,0.579,-1,Echolocation,192000.0,/mnt/ubna_data_04/recover-20241118/UBNA_027/20241109_015000.WAV,recover-20241118,UBNA_027,Foliage
HF,46080.0,6.120331881693353,100.7585,100.7635,45234.0,53829.0,Pipistrellus pipistrellus,0.53,0.573,-1,Echolocation,192000.0,/mnt/ubna_data_04/recover-20241118/UBNA_027/20241109_015000.WAV,recover-20241118,UBNA_027,Foliage
HF,46080.0,4.4185199683144925,101.1865,101.1925,45234.0,53091.0,Pipistrellus pipistrellus,0.498,0.528,-1,Echolocation,192000.0,/mnt/ubna_data_04/recover-20241118/UBNA_027/20241109_015000.WAV,recover-20241118,UBNA_027,Foliage
HF,48000.0,7.846434954066912,101.3515,101.3606,46093.0,61257.0,Pipistrellus pipistrellus,0.427,0.507,-1,Echolocation,192000.0,/mnt/ubna_data_04/recover-20241118/UBNA_027/20241109_015000.WAV,recover-20241118,UBNA_027,Foliage
HF,46080.0,14.61833382800921,101.5255,101.5344,44375.0,62413.0,Pipistrellus pipistrellus,0.411,0.621,-1,Echolocation,192000.0,/mnt/ubna_data_04/recover-20241118/UBNA_027/20241109_015000.WAV,recover-20241118,UBNA_027,Foliage
HF,48000.0,4.822428371407495,101.7165,101.7232,45234.0,58331.0,Pipistrellus pipistrellus,0.468,0.516,-1,Echolocation,192000.0,/mnt/ubna_data_04/recover-20241118/UBNA_027/20241109_015000.WAV,recover-20241118,UBNA_027,Foliage
HF,46080.0,8.358627469643043,101.9055,101.9108,43515.0,55692.0,Pipistrellus pipistrellus,0.472,0.528,-1,Echolocation,192000.0,/mnt/ubna_data_04/recover-20241118/UBNA_027/20241109_015000.WAV,recover-20241118,UBNA_027,Foliage
HF,47040.0,5.564802989544981,128.2675,128.2722,46093.0,58265.0,Pipistrellus pipistrellus,0.488,0.548,-1,Echolocation,192000.0,/mnt/ubna_data_04/recover-20241118/UBNA_027/20241109_015000.WAV,recover-20241118,UBNA_027,Foliage
HF,46080.0,7.216263587577497,128.6435,128.6485,42656.0,54128.0,Pipistrellus pipistrellus,0.476,0.553,-1,Echolocation,192000.0,/mnt/ubna_data_04/recover-20241118/UBNA_027/20241109_015000.WAV,recover-20241118,UBNA_027,Foliage
HF,46080.0,5.440388134143046,128.9535,128.9588,45234.0,54009.0,Pipistrellus pipistrellus,0.51,0.532,-1,Echolocation,192000.0,/mnt/ubna_data_04/recover-20241118/UBNA_027/20241109_015000.WAV,recover-20241118,UBNA_027,Foliage
HF,48960.0,7.635742510604004,131.0595,131.0647,45234.0,61143.0,Pipistrellus pipistrellus,0.508,0.628,-1,Echolocation,192000.0,/mnt/ubna_data_04/recover-20241118/UBNA_027/20241109_015000.WAV,recover-20241118,UBNA_027,Foliage
HF,47040.0,7.520098188130683,131.1805,131.1844,45234.0,58017.0,Pipistrellus pipistrellus,0.471,0.518,-1,Echolocation,192000.0,/mnt/ubna_data_04/recover-20241118/UBNA_027/20241109_015000.WAV,recover-20241118,UBNA_027,Foliage
HF,46080.0,10.705383145924163,131.4625,131.4692,44375.0,60208.0,Pipistrellus pipistrellus,0.496,0.655,-1,Echolocation,192000.0,/mnt/ubna_data_04/recover-20241118/UBNA_027/20241109_015000.WAV,recover-20241118,UBNA_027,Foliage
HF,46080.0,5.421938330032927,131.5605,131.5654,45234.0,55712.0,Pipistrellus pipistrellus,0.54,0.586,-1,Echolocation,192000.0,/mnt/ubna_data_04/recover-20241118/UBNA_027/20241109_015000.WAV,recover-20241118,UBNA_027,Foliage
HF,47040.0,5.054452845927391,131.6545,131.6603,45234.0,59133.0,Pipistrellus pipistrellus,0.439,0.51,-1,Echolocation,192000.0,/mnt/ubna_data_04/recover-20241118/UBNA_027/20241109_015000.WAV,recover-20241118,UBNA_027,Foliage
HF,48000.0,8.157518190994544,131.8575,131.8635,45234.0,57203.0,Pipistrellus pipistrellus,0.479,0.614,-1,Echolocation,192000.0,/mnt/ubna_data_04/recover-20241118/UBNA_027/20241109_015000.WAV,recover-20241118,UBNA_027,Foliage
HF,47040.0,6.602329194505221,137.6505,137.655,45234.0,57315.0,Pipistrellus pipistrellus,0.504,0.54,-1,Echolocation,192000.0,/mnt/ubna_data_04/recover-20241118/UBNA_027/20241109_015000.WAV,recover-20241118,UBNA_027,Foliage
HF,46080.0,12.103336410566893,137.9135,137.919,44375.0,59024.0,Pipistrellus pipistrellus,0.551,0.674,-1,Echolocation,192000.0,/mnt/ubna_data_04/recover-20241118/UBNA_027/20241109_015000.WAV,recover-20241118,UBNA_027,Foliage
HF,47040.0,8.206895149066069,192.3285,192.3337,45234.0,55254.0,Pipistrellus pipistrellus,0.504,0.556,-1,Echolocation,192000.0,/mnt/ubna_data_04/recover-20241118/UBNA_027/20241109_015000.WAV,recover-20241118,UBNA_027,Foliage
HF,48000.0,5.1066489914324,192.4185,192.4236,46093.0,54232.0,Pipistrellus pipistrellus,0.517,0.537,-1,Echolocation,192000.0,/mnt/ubna_data_04/recover-20241118/UBNA_027/20241109_015000.WAV,recover-20241118,UBNA_027,Foliage
HF,45120.0,5.609713657327485,192.7535,192.7577,44375.0,55943.0,Pipistrellus pipistrellus,0.514,0.558,-1,Echolocation,192000.0,/mnt/ubna_data_04/recover-20241118/UBNA_027/20241109_015000.WAV,recover-20241118,UBNA_027,Foliage
HF,47040.0,6.527917970201726,213.2275,213.2337,46953.0,59818.0,Pipistrellus pipistrellus,0.547,0.662,-1,Echolocation,192000.0,/mnt/ubna_data_04/recover-20241118/UBNA_027/20241109_015000.WAV,recover-20241118,UBNA_027,Foliage
HF,46080.0,7.998784271217794,213.3295,213.336,46093.0,59153.0,Pipistrellus pipistrellus,0.495,0.617,-1,Echolocation,192000.0,/mnt/ubna_data_04/recover-20241118/UBNA_027/20241109_015000.WAV,recover-20241118,UBNA_027,Foliage
HF,47040.0,9.417064658023694,250.2735,250.2808,46093.0,59948.0,Pipistrellus pipistrellus,0.431,0.545,-1,Echolocation,192000.0,/mnt/ubna_data_04/recover-20241118/UBNA_027/20241109_015000.WAV,recover-20241118,UBNA_027,Foliage
HF,46080.0,11.784921427757302,250.4735,250.4791,44375.0,59989.0,Pipistrellus pipistrellus,0.534,0.639,-1,Echolocation,192000.0,/mnt/ubna_data_04/recover-20241118/UBNA_027/20241109_015000.WAV,recover-20241118,UBNA_027,Foliage
HF,46080.0,15.319664119092902,250.6735,250.6787,45234.0,57995.0,Pipistrellus pipistrellus,0.628,0.685,-1,Echolocation,192000.0,/mnt/ubna_data_04/recover-20241118/UBNA_027/20241109_015000.WAV,recover-20241118,UBNA_027,Foliage
HF,48000.0,7.754178154239742,250.7755,250.7802,46093.0,58137.0,Pipistrellus pipistrellus,0.546,0.582,-1,Echolocation,192000.0,/mnt/ubna_data_04/recover-20241118/UBNA_027/20241109_015000.WAV,recover-20241118,UBNA_027,Foliage
HF,46080.0,18.247591359141968,250.8715,250.877,45234.0,62831.0,Pipistrellus pipistrellus,0.599,0.735,-1,Echolocation,192000.0,/mnt/ubna_data_04/recover-20241118/UBNA_027/20241109_015000.WAV,recover-20241118,UBNA_027,Foliage
HF,48000.0,9.140749029210372,250.9675,250.9725,46093.0,58871.0,Pipistrellus pipistrellus,0.517,0.558,-1,Echolocation,192000.0,/mnt/ubna_data_04/recover-20241118/UBNA_027/20241109_015000.WAV,recover-20241118,UBNA_027,Foliage
HF,47040.0,17.982123246593748,251.0635,251.0682,44375.0,63171.0,Pipistrellus pipistrellus,0.544,0.608,-1,Echolocation,192000.0,/mnt/ubna_data_04/recover-20241118/UBNA_027/20241109_015000.WAV,recover-20241118,UBNA_027,Foliage
HF,46080.0,19.322348558902473,251.1445,251.1499,43515.0,66588.0,Pipistrellus pipistrellus,0.622,0.685,-1,Echolocation,192000.0,/mnt/ubna_data_04/recover-20241118/UBNA_027/20241109_015000.WAV,recover-20241118,UBNA_027,Foliage
HF,48000.0,11.452193053283493,251.2335,251.2382,46953.0,60184.0,Pipistrellus pipistrellus,0.599,0.627,-1,Echolocation,192000.0,/mnt/ubna_data_04/recover-20241118/UBNA_027/20241109_015000.WAV,recover-20241118,UBNA_027,Foliage
HF,48000.0,17.36888938974163,251.3175,251.322,46093.0,63030.0,Pipistrellus pipistrellus,0.508,0.562,-1,Echolocation,192000.0,/mnt/ubna_data_04/recover-20241118/UBNA_027/20241109_015000.WAV,recover-20241118,UBNA_027,Foliage
HF,47040.0,17.831282596527053,251.4155,251.4209,46093.0,65137.0,Pipistrellus pipistrellus,0.65,0.718,-1,Echolocation,192000.0,/mnt/ubna_data_04/recover-20241118/UBNA_027/20241109_015000.WAV,recover-20241118,UBNA_027,Foliage
HF,48960.0,7.939878213354088,251.5055,251.5096,48671.0,61356.0,Pipistrellus pipistrellus,0.58,0.607,-1,Echolocation,192000.0,/mnt/ubna_data_04/recover-20241118/UBNA_027/20241109_015000.WAV,recover-20241118,UBNA_027,Foliage
HF,46080.0,19.58062025616332,251.5905,251.5955,45234.0,67290.0,Pipistrellus pipistrellus,0.665,0.714,-1,Echolocation,192000.0,/mnt/ubna_data_04/recover-20241118/UBNA_027/20241109_015000.WAV,recover-20241118,UBNA_027,Foliage
HF,48000.0,7.023960978843765,251.6575,251.662,47812.0,60737.0,Pipistrellus pipistrellus,0.499,0.533,-1,Echolocation,192000.0,/mnt/ubna_data_04/recover-20241118/UBNA_027/20241109_015000.WAV,recover-20241118,UBNA_027,Foliage
HF,48000.0,17.742501662882276,251.7375,251.7428,45234.0,65445.0,Pipistrellus pipistrellus,0.46,0.555,-1,Echolocation,192000.0,/mnt/ubna_data_04/recover-20241118/UBNA_027/20241109_015000.WAV,recover-20241118,UBNA_027,Foliage
HF,47040.0,8.124221609468169,253.1795,253.1847,46093.0,61431.0,Pipistrellus pipistrellus,0.45,0.529,-1,Echolocation,192000.0,/mnt/ubna_data_04/recover-20241118/UBNA_027/20241109_015000.WAV,recover-20241118,UBNA_027,Foliage
HF,46080.0,7.185236556984865,253.3715,253.3766,45234.0,57746.0,Pipistrellus pipistrellus,0.577,0.625,-1,Echolocation,192000.0,/mnt/ubna_data_04/recover-20241118/UBNA_027/20241109_015000.WAV,recover-20241118,UBNA_027,Foliage
HF,46080.0,7.7714886075647325,253.6535,253.6589,45234.0,58062.0,Pipistrellus pipistrellus,0.544,0.684,-1,Echolocation,192000.0,/mnt/ubna_data_04/recover-20241118/UBNA_027/20241109_015000.WAV,recover-20241118,UBNA_027,Foliage
HF,48000.0,5.052314310085895,253.8105,253.8156,45234.0,57757.0,Pipistrellus pipistrellus,0.488,0.548,-1,Echolocation,192000.0,/mnt/ubna_data_04/recover-20241118/UBNA_027/20241109_015000.WAV,recover-20241118,UBNA_027,Foliage
HF,46080.0,9.324850308171946,253.9895,253.9942,45234.0,59422.0,Pipistrellus pipistrellus,0.467,0.628,-1,Echolocation,192000.0,/mnt/ubna_data_04/recover-20241118/UBNA_027/20241109_015000.WAV,recover-20241118,UBNA_027,Foliage
HF,46080.0,11.486933473707555,254.1765,254.1808,43515.0,58083.0,Pipistrellus pipistrellus,0.401,0.56,-1,Echolocation,192000.0,/mnt/ubna_data_04/recover-20241118/UBNA_027/20241109_015000.WAV,recover-20241118,UBNA_027,Foliage
HF,45120.0,7.286431595342942,254.3695,254.3749,44375.0,52942.0,Pipistrellus pipistrellus,0.492,0.577,-1,Echolocation,192000.0,/mnt/ubna_data_04/recover-20241118/UBNA_027/20241109_015000.WAV,recover-20241118,UBNA_027,Foliage
HF,48000.0,5.513325258852254,269.5225,269.5278,45234.0,54697.0,Pipistrellus pipistrellus,0.554,0.597,-1,Echolocation,192000.0,/mnt/ubna_data_04/recover-20241118/UBNA_027/20241109_015000.WAV,recover-20241118,UBNA_027,Foliage
HF,53760.0,12.57122037567356,269.9115,269.91610000000003,44375.0,60452.0,Pipistrellus pipistrellus,0.449,0.607,-1,Echolocation,192000.0,/mnt/ubna_data_04/recover-20241118/UBNA_027/20241109_015000.WAV,recover-20241118,UBNA_027,Foliage
HF,52800.0,9.439820327967732,270.0995,270.106,45234.0,63172.0,Pipistrellus pipistrellus,0.494,0.655,-1,Echolocation,192000.0,/mnt/ubna_data_04/recover-20241118/UBNA_027/20241109_015000.WAV,recover-20241118,UBNA_027,Foliage
HF,46080.0,3.8013235615701957,270.3785,270.3841,45234.0,57878.0,Pipistrellus pipistrellus,0.468,0.508,-1,Echolocation,192000.0,/mnt/ubna_data_04/recover-20241118/UBNA_027/20241109_015000.WAV,recover-20241118,UBNA_027,Foliage
HF,47040.0,5.283483502998054,271.1235,271.1295,45234.0,56797.0,Pipistrellus pipistrellus,0.488,0.548,-1,Echolocation,192000.0,/mnt/ubna_data_04/recover-20241118/UBNA_027/20241109_015000.WAV,recover-20241118,UBNA_027,Foliage
HF,46080.0,12.83239766564787,271.3225,271.3286,44375.0,61627.0,Pipistrellus pipistrellus,0.531,0.667,-1,Echolocation,192000.0,/mnt/ubna_data_04/recover-20241118/UBNA_027/20241109_015000.WAV,recover-20241118,UBNA_027,Foliage
HF,48000.0,6.479896197415079,271.5225,271.5279,46953.0,59008.0,Pipistrellus pipistrellus,0.441,0.516,-1,Echolocation,192000.0,/mnt/ubna_data_04/recover-20241118/UBNA_027/20241109_015000.WAV,recover-20241118,UBNA_027,Foliage
HF,48000.0,9.248700696410554,271.7145,271.7198,45234.0,61041.0,Pipistrellus pipistrellus,0.517,0.647,-1,Echolocation,192000.0,/mnt/ubna_data_04/recover-20241118/UBNA_027/20241109_015000.WAV,recover-20241118,UBNA_027,Foliage
HF,46080.0,15.513163500863179,271.9045,271.9114,44375.0,57578.0,Pipistrellus pipistrellus,0.5,0.676,-1,Echolocation,192000.0,/mnt/ubna_data_04/recover-20241118/UBNA_027/20241109_015000.WAV,recover-20241118,UBNA_027,Foliage
HF,46080.0,13.957854731672153,272.0965,272.1029,45234.0,56450.0,Pipistrellus pipistrellus,0.604,0.712,-1,Echolocation,192000.0,/mnt/ubna_data_04/recover-20241118/UBNA_027/20241109_015000.WAV,recover-20241118,UBNA_027,Foliage
HF,46080.0,14.25335358683322,272.2965,272.3013,44375.0,57259.0,Pipistrellus pipistrellus,0.611,0.677,-1,Echolocation,192000.0,/mnt/ubna_data_04/recover-20241118/UBNA_027/20241109_015000.WAV,recover-20241118,UBNA_027,Foliage
HF,47040.0,14.409693312611996,272.4925,272.4982,45234.0,58265.0,Pipistrellus pipistrellus,0.554,0.719,-1,Echolocation,192000.0,/mnt/ubna_data_04/recover-20241118/UBNA_027/20241109_015000.WAV,recover-20241118,UBNA_027,Foliage
HF,46080.0,11.029442676598274,272.6965,272.7022,44375.0,58814.0,Pipistrellus pipistrellus,0.599,0.71,-1,Echolocation,192000.0,/mnt/ubna_data_04/recover-20241118/UBNA_027/20241109_015000.WAV,recover-20241118,UBNA_027,Foliage
HF,47040.0,7.915062784191824,272.9055,272.9105,46093.0,56627.0,Pipistrellus pipistrellus,0.573,0.615,-1,Echolocation,192000.0,/mnt/ubna_data_04/recover-20241118/UBNA_027/20241109_015000.WAV,recover-20241118,UBNA_027,Foliage
HF,46080.0,5.805678799860619,274.9335,274.9388,45234.0,53954.0,Pipistrellus pipistrellus,0.529,0.591,-1,Echolocation,192000.0,/mnt/ubna_data_04/recover-20241118/UBNA_027/20241109_015000.WAV,recover-20241118,UBNA_027,Foliage
HF,47040.0,5.101058258423512,82.6425,82.648,45234.0,52365.0,Pipistrellus pipistrellus,0.534,0.554,-1,Echolocation,192000.0,/mnt/ubna_data_04/recover-20241118/UBNA_027/20241109_020000.WAV,recover-20241118,UBNA_027,Foliage
HF,56640.0,12.815722844940229,146.2865,146.29149999999998,51250.0,64833.0,Pipistrellus pipistrellus,0.599,0.637,-1,Echolocation,192000.0,/mnt/ubna_data_04/recover-20241118/UBNA_027/20241109_021000.WAV,recover-20241118,UBNA_027,Foliage
HF,51840.0,6.736861022437603,146.3705,146.3755,49531.0,62907.0,Pipistrellus pipistrellus,0.5,0.569,-1,Echolocation,192000.0,/mnt/ubna_data_04/recover-20241118/UBNA_027/20241109_021000.WAV,recover-20241118,UBNA_027,Foliage
HF,52800.0,15.697092442393332,146.4535,146.4577,49531.0,65320.0,Pipistrellus pipistrellus,0.454,0.518,-1,Echolocation,192000.0,/mnt/ubna_data_04/recover-20241118/UBNA_027/20241109_021000.WAV,recover-20241118,UBNA_027,Foliage
HF,48960.0,10.752018827871417,146.6225,146.6295,47812.0,63293.0,Pipistrellus pipistrellus,0.453,0.528,-1,Echolocation,192000.0,/mnt/ubna_data_04/recover-20241118/UBNA_027/20241109_021000.WAV,recover-20241118,UBNA_027,Foliage
HF,51840.0,13.64696057533358,146.7075,146.7122,48671.0,59623.0,Pipistrellus pipistrellus,0.526,0.552,-1,Echolocation,192000.0,/mnt/ubna_data_04/recover-20241118/UBNA_027/20241109_021000.WAV,recover-20241118,UBNA_027,Foliage
HF,48000.0,13.544780838168846,146.7935,146.7993,46093.0,59052.0,Pipistrellus pipistrellus,0.501,0.554,-1,Echolocation,192000.0,/mnt/ubna_data_04/recover-20241118/UBNA_027/20241109_021000.WAV,recover-20241118,UBNA_027,Foliage
HF,48000.0,8.082558109121244,147.3275,147.3331,46953.0,60746.0,Pipistrellus pipistrellus,0.598,0.631,-1,Echolocation,192000.0,/mnt/ubna_data_04/recover-20241118/UBNA_027/20241109_021000.WAV,recover-20241118,UBNA_027,Foliage
HF,51840.0,10.552982116535631,147.5055,147.5099,48671.0,61313.0,Pipistrellus pipistrellus,0.547,0.583,-1,Echolocation,192000.0,/mnt/ubna_data_04/recover-20241118/UBNA_027/20241109_021000.WAV,recover-20241118,UBNA_027,Foliage
HF,48960.0,4.951637460676732,147.6845,147.6898,47812.0,59717.0,Pipistrellus pipistrellus,0.5,0.532,-1,Echolocation,192000.0,/mnt/ubna_data_04/recover-20241118/UBNA_027/20241109_021000.WAV,recover-20241118,UBNA_027,Foliage
HF,48000.0,8.413373173934037,148.0565,148.0632,46093.0,60667.0,Pipistrellus pipistrellus,0.484,0.58,-1,Echolocation,192000.0,/mnt/ubna_data_04/recover-20241118/UBNA_027/20241109_021000.WAV,recover-20241118,UBNA_027,Foliage
HF,51840.0,7.688854986431059,148.2775,148.2825,47812.0,59248.0,Pipistrellus pipistrellus,0.533,0.552,-1,Echolocation,192000.0,/mnt/ubna_data_04/recover-20241118/UBNA_027/20241109_021000.WAV,recover-20241118,UBNA_027,Foliage
HF,51840.0,8.981958370891384,148.4635,148.4685,46953.0,57291.0,Pipistrellus pipistrellus,0.533,0.563,-1,Echolocation,192000.0,/mnt/ubna_data_04/recover-20241118/UBNA_027/20241109_021000.WAV,recover-20241118,UBNA_027,Foliage
HF,51840.0,14.815140690215403,148.7465,148.7524,46953.0,65247.0,Pipistrellus pipistrellus,0.634,0.728,-1,Echolocation,192000.0,/mnt/ubna_data_04/recover-20241118/UBNA_027/20241109_021000.WAV,recover-20241118,UBNA_027,Foliage
HF,47040.0,5.234840973949256,148.8415,148.8475,46093.0,54685.0,Pipistrellus pipistrellus,0.529,0.562,-1,Echolocation,192000.0,/mnt/ubna_data_04/recover-20241118/UBNA_027/20241109_021000.WAV,recover-20241118,UBNA_027,Foliage
HF,47040.0,10.365424400546514,148.9385,148.9444,46093.0,58638.0,Pipistrellus pipistrellus,0.598,0.641,-1,Echolocation,192000.0,/mnt/ubna_data_04/recover-20241118/UBNA_027/20241109_021000.WAV,recover-20241118,UBNA_027,Foliage
HF,54720.0,9.42954418428121,149.4775,149.482,50390.0,65661.0,Pipistrellus pipistrellus,0.5,0.598,-1,Echolocation,192000.0,/mnt/ubna_data_04/recover-20241118/UBNA_027/20241109_021000.WAV,recover-20241118,UBNA_027,Foliage
HF,53760.0,9.292315962139224,149.5635,149.5679,49531.0,63410.0,Pipistrellus pipistrellus,0.534,0.584,-1,Echolocation,192000.0,/mnt/ubna_data_04/recover-20241118/UBNA_027/20241109_021000.WAV,recover-20241118,UBNA_027,Foliage
HF,54720.0,8.016523511376707,149.6475,149.6519,50390.0,62475.0,Pipistrellus pipistrellus,0.455,0.529,-1,Echolocation,192000.0,/mnt/ubna_data_04/recover-20241118/UBNA_027/20241109_021000.WAV,recover-20241118,UBNA_027,Foliage
HF,48960.0,7.460802048834665,156.30349999999999,156.3085,47812.0,60605.0,Pipistrellus pipistrellus,0.634,0.705,-1,Echolocation,192000.0,/mnt/ubna_data_04/recover-20241118/UBNA_027/20241109_021000.WAV,recover-20241118,UBNA_027,Foliage
HF,50880.0,7.556004968770802,156.3925,156.3968,48671.0,61184.0,Pipistrellus pipistrellus,0.604,0.622,-1,Echolocation,192000.0,/mnt/ubna_data_04/recover-20241118/UBNA_027/20241109_021000.WAV,recover-20241118,UBNA_027,Foliage
HF,47040.0,14.399964580588755,156.5705,156.5753,46093.0,61074.0,Pipistrellus pipistrellus,0.633,0.711,-1,Echolocation,192000.0,/mnt/ubna_data_04/recover-20241118/UBNA_027/20241109_021000.WAV,recover-20241118,UBNA_027,Foliage
HF,53760.0,8.022441917861224,157.6255,157.6294,50390.0,67308.0,Pipistrellus pipistrellus,0.47,0.576,-1,Echolocation,192000.0,/mnt/ubna_data_04/recover-20241118/UBNA_027/20241109_021000.WAV,recover-20241118,UBNA_027,Foliage
HF,51840.0,8.191085534643964,157.7875,157.7921,47812.0,69060.0,Myotis alcathoe,0.255,0.508,-1,Echolocation,192000.0,/mnt/ubna_data_04/recover-20241118/UBNA_027/20241109_021000.WAV,recover-20241118,UBNA_027,Foliage
HF,52800.0,10.08364153279214,158.4075,158.4111,50390.0,65745.0,Pipistrellus pipistrellus,0.487,0.539,-1,Echolocation,192000.0,/mnt/ubna_data_04/recover-20241118/UBNA_027/20241109_021000.WAV,recover-20241118,UBNA_027,Foliage
HF,54720.0,9.977227989923875,158.4905,158.4961,47812.0,70416.0,Pipistrellus pipistrellus,0.602,0.685,-1,Echolocation,192000.0,/mnt/ubna_data_04/recover-20241118/UBNA_027/20241109_021000.WAV,recover-20241118,UBNA_027,Foliage
HF,52800.0,10.387551951164745,158.5765,158.5805,46953.0,63314.0,Pipistrellus pipistrellus,0.497,0.543,-1,Echolocation,192000.0,/mnt/ubna_data_04/recover-20241118/UBNA_027/20241109_021000.WAV,recover-20241118,UBNA_027,Foliage
HF,55680.0,11.715387124894894,158.6645,158.6716,47812.0,69689.0,Pipistrellus pipistrellus,0.539,0.655,-1,Echolocation,192000.0,/mnt/ubna_data_04/recover-20241118/UBNA_027/20241109_021000.WAV,recover-20241118,UBNA_027,Foliage
HF,51840.0,8.446489625745603,158.7555,158.7599,48671.0,62121.0,Pipistrellus pipistrellus,0.552,0.576,-1,Echolocation,192000.0,/mnt/ubna_data_04/recover-20241118/UBNA_027/20241109_021000.WAV,recover-20241118,UBNA_027,Foliage
HF,51840.0,10.127144785951023,158.8465,158.8536,46953.0,68242.0,Pipistrellus pipistrellus,0.577,0.7,-1,Echolocation,192000.0,/mnt/ubna_data_04/recover-20241118/UBNA_027/20241109_021000.WAV,recover-20241118,UBNA_027,Foliage
HF,52800.0,14.155811078516605,158.9355,158.9417,48671.0,72430.0,Pipistrellus pipistrellus,0.661,0.76,-1,Echolocation,192000.0,/mnt/ubna_data_04/recover-20241118/UBNA_027/20241109_021000.WAV,recover-20241118,UBNA_027,Foliage
HF,48000.0,14.131681703590031,159.0255,159.0331,47812.0,68066.0,Pipistrellus pipistrellus,0.511,0.624,-1,Echolocation,192000.0,/mnt/ubna_data_04/recover-20241118/UBNA_027/20241109_021000.WAV,recover-20241118,UBNA_027,Foliage
HF,48000.0,10.885179442856764,159.1165,159.1226,47812.0,58511.0,Pipistrellus pipistrellus,0.494,0.509,-1,Echolocation,192000.0,/mnt/ubna_data_04/recover-20241118/UBNA_027/20241109_021000.WAV,recover-20241118,UBNA_027,Foliage
HF,47040.0,20.028937865007997,159.20850000000002,159.2141,46953.0,67630.0,Pipistrellus pipistrellus,0.524,0.66,-1,Echolocation,192000.0,/mnt/ubna_data_04/recover-20241118/UBNA_027/20241109_021000.WAV,recover-20241118,UBNA_027,Foliage
HF,48000.0,25.46692671363433,159.3045,159.3099,44375.0,70689.0,Pipistrellus pipistrellus,0.593,0.661,-1,Echolocation,192000.0,/mnt/ubna_data_04/recover-20241118/UBNA_027/20241109_021000.WAV,recover-20241118,UBNA_027,Foliage
HF,52800.0,20.936038300069143,159.3985,159.4038,46093.0,62671.0,Pipistrellus pipistrellus,0.528,0.575,-1,Echolocation,192000.0,/mnt/ubna_data_04/recover-20241118/UBNA_027/20241109_021000.WAV,recover-20241118,UBNA_027,Foliage
HF,53760.0,26.15392945263148,159.4935,159.4996,44375.0,71554.0,Pipistrellus pipistrellus,0.555,0.648,-1,Echolocation,192000.0,/mnt/ubna_data_04/recover-20241118/UBNA_027/20241109_021000.WAV,recover-20241118,UBNA_027,Foliage
HF,52800.0,25.646555845142892,159.5825,159.5882,45234.0,74632.0,Pipistrellus pipistrellus,0.561,0.611,-1,Echolocation,192000.0,/mnt/ubna_data_04/recover-20241118/UBNA_027/20241109_021000.WAV,recover-20241118,UBNA_027,Foliage
HF,48960.0,16.441340201535482,159.9015,159.9065,46953.0,65561.0,Pipistrellus pipistrellus,0.469,0.526,-1,Echolocation,192000.0,/mnt/ubna_data_04/recover-20241118/UBNA_027/20241109_021000.WAV,recover-20241118,UBNA_027,Foliage
HF,48000.0,13.503603631849854,160.5525,160.557,45234.0,63032.0,Pipistrellus pipistrellus,0.617,0.686,-1,Echolocation,192000.0,/mnt/ubna_data_04/recover-20241118/UBNA_027/20241109_021000.WAV,recover-20241118,UBNA_027,Foliage
HF,48960.0,8.291053141877736,162.6545,162.6598,46953.0,62634.0,Pipistrellus pipistrellus,0.572,0.658,-1,Echolocation,192000.0,/mnt/ubna_data_04/recover-20241118/UBNA_027/20241109_021000.WAV,recover-20241118,UBNA_027,Foliage
HF,48960.0,4.857613984256973,162.83350000000002,162.8385,46093.0,57187.0,Pipistrellus pipistrellus,0.49,0.508,-1,Echolocation,192000.0,/mnt/ubna_data_04/recover-20241118/UBNA_027/20241109_021000.WAV,recover-20241118,UBNA_027,Foliage
HF,48000.0,4.915168630408525,163.0225,163.028,46093.0,57531.0,Pipistrellus pipistrellus,0.475,0.5,-1,Echolocation,192000.0,/mnt/ubna_data_04/recover-20241118/UBNA_027/20241109_021000.WAV,recover-20241118,UBNA_027,Foliage
HF,48960.0,6.591533474525796,163.1145,163.1198,47812.0,60519.0,Pipistrellus pipistrellus,0.464,0.523,-1,Echolocation,192000.0,/mnt/ubna_data_04/recover-20241118/UBNA_027/20241109_021000.WAV,recover-20241118,UBNA_027,Foliage
HF,48000.0,7.819407386835176,163.2995,163.3048,46953.0,57364.0,Pipistrellus pipistrellus,0.588,0.606,-1,Echolocation,192000.0,/mnt/ubna_data_04/recover-20241118/UBNA_027/20241109_021000.WAV,recover-20241118,UBNA_027,Foliage
HF,48000.0,6.443197808335754,187.1685,187.174,46953.0,57075.0,Pipistrellus pipistrellus,0.519,0.54,-1,Echolocation,192000.0,/mnt/ubna_data_04/recover-20241118/UBNA_027/20241109_021000.WAV,recover-20241118,UBNA_027,Foliage
HF,47040.0,11.084534426660074,187.2635,187.2692,46093.0,65003.0,Pipistrellus pipistrellus,0.58,0.66,-1,Echolocation,192000.0,/mnt/ubna_data_04/recover-20241118/UBNA_027/20241109_021000.WAV,recover-20241118,UBNA_027,Foliage
HF,52800.0,11.495199393944269,187.3625,187.3679,45234.0,68785.0,Pipistrellus pipistrellus,0.489,0.641,-1,Echolocation,192000.0,/mnt/ubna_data_04/recover-20241118/UBNA_027/20241109_021000.WAV,recover-20241118,UBNA_027,Foliage
HF,46080.0,11.169999873468853,187.5615,187.5693,45234.0,66101.0,Pipistrellus pipistrellus,0.434,0.64,-1,Echolocation,192000.0,/mnt/ubna_data_04/recover-20241118/UBNA_027/20241109_021000.WAV,recover-20241118,UBNA_027,Foliage
HF,47040.0,12.667705595925776,187.6635,187.6703,45234.0,63919.0,Pipistrellus pipistrellus,0.442,0.639,-1,Echolocation,192000.0,/mnt/ubna_data_04/recover-20241118/UBNA_027/20241109_021000.WAV,recover-20241118,UBNA_027,Foliage
HF,46080.0,12.185081460898058,187.8665,187.8732,45234.0,58327.0,Pipistrellus pipistrellus,0.556,0.642,-1,Echolocation,192000.0,/mnt/ubna_data_04/recover-20241118/UBNA_027/20241109_021000.WAV,recover-20241118,UBNA_027,Foliage
HF,46080.0,8.406204506773765,187.9685,187.9753,44375.0,61096.0,Pipistrellus pipistrellus,0.54,0.667,-1,Echolocation,192000.0,/mnt/ubna_data_04/recover-20241118/UBNA_027/20241109_021000.WAV,recover-20241118,UBNA_027,Foliage
HF,46080.0,5.124559466816217,188.2715,188.2784,45234.0,55565.0,Pipistrellus pipistrellus,0.418,0.516,-1,Echolocation,192000.0,/mnt/ubna_data_04/recover-20241118/UBNA_027/20241109_021000.WAV,recover-20241118,UBNA_027,Foliage
HF,46080.0,6.554519548907392,188.6325,188.6381,45234.0,55670.0,Pipistrellus pipistrellus,0.507,0.573,-1,Echolocation,192000.0,/mnt/ubna_data_04/recover-20241118/UBNA_027/20241109_021000.WAV,recover-20241118,UBNA_027,Foliage
HF,46080.0,5.068320151680945,292.1635,292.16949999999997,45234.0,52060.0,Pipistrellus pipistrellus,0.546,0.559,-1,Echolocation,192000.0,/mnt/ubna_data_04/recover-20241118/UBNA_027/20241109_021000.WAV,recover-20241118,UBNA_027,Foliage
HF,46080.0,5.5609152703053235,292.8385,292.8451,45234.0,51390.0,Pipistrellus pipistrellus,0.482,0.528,-1,Echolocation,192000.0,/mnt/ubna_data_04/recover-20241118/UBNA_027/20241109_021000.WAV,recover-20241118,UBNA_027,Foliage
HF,46080.0,5.579043501622034,293.0285,293.0337,44375.0,50758.0,Pipistrellus pipistrellus,0.47,0.509,-1,Echolocation,192000.0,/mnt/ubna_data_04/recover-20241118/UBNA_027/20241109_021000.WAV,recover-20241118,UBNA_027,Foliage
HF,46080.0,6.864676797618388,293.8265,293.8328,45234.0,55815.0,Pipistrellus pipistrellus,0.598,0.634,-1,Echolocation,192000.0,/mnt/ubna_data_04/recover-20241118/UBNA_027/20241109_021000.WAV,recover-20241118,UBNA_027,Foliage
HF,47040.0,11.636514170998016,295.6215,295.6261,45234.0,60552.0,Pipistrellus pipistrellus,0.55,0.61,-1,Echolocation,192000.0,/mnt/ubna_data_04/recover-20241118/UBNA_027/20241109_021000.WAV,recover-20241118,UBNA_027,Foliage
HF,46080.0,16.18168512469155,295.8135,295.8213,45234.0,59479.0,Pipistrellus pipistrellus,0.521,0.704,-1,Echolocation,192000.0,/mnt/ubna_data_04/recover-20241118/UBNA_027/20241109_021000.WAV,recover-20241118,UBNA_027,Foliage
HF,46080.0,9.46996483623749,295.9135,295.9198,45234.0,51822.0,Pipistrellus pipistrellus,0.597,0.629,-1,Echolocation,192000.0,/mnt/ubna_data_04/recover-20241118/UBNA_027/20241109_021000.WAV,recover-20241118,UBNA_027,Foliage
HF,46080.0,10.560489855015778,296.0955,296.1048,45234.0,64374.0,Pipistrellus pipistrellus,0.428,0.587,-1,Echolocation,192000.0,/mnt/ubna_data_04/recover-20241118/UBNA_027/20241109_021000.WAV,recover-20241118,UBNA_027,Foliage
HF,45120.0,4.891433282134685,296.1975,296.2048,45234.0,57644.0,Pipistrellus pipistrellus,0.499,0.527,-1,Echolocation,192000.0,/mnt/ubna_data_04/recover-20241118/UBNA_027/20241109_021000.WAV,recover-20241118,UBNA_027,Foliage
HF,47040.0,12.464809158094583,296.2905,296.2986,45234.0,65906.0,Pipistrellus pipistrellus,0.565,0.683,-1,Echolocation,192000.0,/mnt/ubna_data_04/recover-20241118/UBNA_027/20241109_021000.WAV,recover-20241118,UBNA_027,Foliage
HF,47040.0,11.954324439557858,296.5035,296.5116,45234.0,62070.0,Pipistrellus pipistrellus,0.522,0.697,-1,Echolocation,192000.0,/mnt/ubna_data_04/recover-20241118/UBNA_027/20241109_021000.WAV,recover-20241118,UBNA_027,Foliage
HF,46080.0,7.882548163418221,296.7035,296.712,44375.0,57570.0,Pipistrellus pipistrellus,0.486,0.582,-1,Echolocation,192000.0,/mnt/ubna_data_04/recover-20241118/UBNA_027/20241109_021000.WAV,recover-20241118,UBNA_027,Foliage
HF,46080.0,15.291505491603761,296.9015,296.9106,44375.0,62095.0,Pipistrellus pipistrellus,0.535,0.631,-1,Echolocation,192000.0,/mnt/ubna_data_04/recover-20241118/UBNA_027/20241109_021000.WAV,recover-20241118,UBNA_027,Foliage
HF,45120.0,9.326367590802558,296.9945,297.0055,44375.0,59985.0,Pipistrellus pipistrellus,0.417,0.537,-1,Echolocation,192000.0,/mnt/ubna_data_04/recover-20241118/UBNA_027/20241109_021000.WAV,recover-20241118,UBNA_027,Foliage
HF,45120.0,6.354403684751832,297.0925,297.0994,44375.0,53049.0,Pipistrellus pipistrellus,0.639,0.672,-1,Echolocation,192000.0,/mnt/ubna_data_04/recover-20241118/UBNA_027/20241109_021000.WAV,recover-20241118,UBNA_027,Foliage
HF,48000.0,13.424614329641829,297.2565,297.2655,45234.0,65326.0,Pipistrellus pipistrellus,0.502,0.651,-1,Echolocation,192000.0,/mnt/ubna_data_04/recover-20241118/UBNA_027/20241109_021000.WAV,recover-20241118,UBNA_027,Foliage
HF,46080.0,11.94553465348789,297.4025,297.4095,45234.0,53165.0,Pipistrellus pipistrellus,0.586,0.659,-1,Echolocation,192000.0,/mnt/ubna_data_04/recover-20241118/UBNA_027/20241109_021000.WAV,recover-20241118,UBNA_027,Foliage
HF,46080.0,15.234667595214926,297.4975,297.505,45234.0,57562.0,Pipistrellus pipistrellus,0.584,0.708,-1,Echolocation,192000.0,/mnt/ubna_data_04/recover-20241118/UBNA_027/20241109_021000.WAV,recover-20241118,UBNA_027,Foliage
HF,47040.0,10.506498075803886,297.5615,297.5699,46093.0,63465.0,Pipistrellus pipistrellus,0.488,0.616,-1,Echolocation,192000.0,/mnt/ubna_data_04/recover-20241118/UBNA_027/20241109_021000.WAV,recover-20241118,UBNA_027,Foliage
HF,46080.0,7.006783677936887,297.6835,297.6917,45234.0,51301.0,Pipistrellus pipistrellus,0.56,0.631,-1,Echolocation,192000.0,/mnt/ubna_data_04/recover-20241118/UBNA_027/20241109_021000.WAV,recover-20241118,UBNA_027,Foliage
HF,46080.0,19.209079143431524,297.7995,297.8077,44375.0,64974.0,Pipistrellus pipistrellus,0.522,0.648,-1,Echolocation,192000.0,/mnt/ubna_data_04/recover-20241118/UBNA_027/20241109_021000.WAV,recover-20241118,UBNA_027,Foliage
HF,46080.0,11.566214073315908,298.0105,298.0166,44375.0,52563.0,Pipistrellus pipistrellus,0.579,0.593,-1,Echolocation,192000.0,/mnt/ubna_data_04/recover-20241118/UBNA_027/20241109_021000.WAV,recover-20241118,UBNA_027,Foliage
HF,45120.0,22.486875910482258,298.1145,298.1214,44375.0,62842.0,Pipistrellus pipistrellus,0.538,0.699,-1,Echolocation,192000.0,/mnt/ubna_data_04/recover-20241118/UBNA_027/20241109_021000.WAV,recover-20241118,UBNA_027,Foliage
HF,46080.0,22.931338404720133,298.2215,298.2279,44375.0,52659.0,Pipistrellus pipistrellus,0.591,0.604,-1,Echolocation,192000.0,/mnt/ubna_data_04/recover-20241118/UBNA_027/20241109_021000.WAV,recover-20241118,UBNA_027,Foliage
HF,47040.0,12.036118707540124,298.3245,298.3302,46093.0,54027.0,Pipistrellus pipistrellus,0.583,0.602,-1,Echolocation,192000.0,/mnt/ubna_data_04/recover-20241118/UBNA_027/20241109_021000.WAV,recover-20241118,UBNA_027,Foliage
HF,47040.0,18.031619570773092,298.4305,298.4369,45234.0,63248.0,Pipistrellus pipistrellus,0.679,0.757,-1,Echolocation,192000.0,/mnt/ubna_data_04/recover-20241118/UBNA_027/20241109_021000.WAV,recover-20241118,UBNA_027,Foliage
HF,45120.0,10.160986422007806,298.5355,298.5421,45234.0,51577.0,Pipistrellus pipistrellus,0.562,0.588,-1,Echolocation,192000.0,/mnt/ubna_data_04/recover-20241118/UBNA_027/20241109_021000.WAV,recover-20241118,UBNA_027,Foliage
HF,46080.0,19.448913692709095,298.6395,298.6453,45234.0,60019.0,Pipistrellus pipistrellus,0.667,0.729,-1,Echolocation,192000.0,/mnt/ubna_data_04/recover-20241118/UBNA_027/20241109_021000.WAV,recover-20241118,UBNA_027,Foliage
HF,48960.0,22.00459075048031,298.7185,298.7237,43515.0,65136.0,Pipistrellus pipistrellus,0.495,0.573,-1,Echolocation,192000.0,/mnt/ubna_data_04/recover-20241118/UBNA_027/20241109_021000.WAV,recover-20241118,UBNA_027,Foliage
HF,46080.0,18.25451762630904,298.8235,298.8301,44375.0,52444.0,Pipistrellus pipistrellus,0.596,0.663,-1,Echolocation,192000.0,/mnt/ubna_data_04/recover-20241118/UBNA_027/20241109_021000.WAV,recover-20241118,UBNA_027,Foliage
HF,46080.0,23.882572222791154,298.9255,298.9338,44375.0,62555.0,Pipistrellus pipistrellus,0.62,0.745,-1,Echolocation,192000.0,/mnt/ubna_data_04/recover-20241118/UBNA_027/20241109_021000.WAV,recover-20241118,UBNA_027,Foliage
HF,46080.0,24.64650659184288,299.0315,299.0383,45234.0,58519.0,Pipistrellus pipistrellus,0.593,0.686,-1,Echolocation,192000.0,/mnt/ubna_data_04/recover-20241118/UBNA_027/20241109_021000.WAV,recover-20241118,UBNA_027,Foliage
HF,45120.0,5.600147026680288,299.1495,299.1557,45234.0,54145.0,Pipistrellus pipistrellus,0.637,0.649,-1,Echolocation,192000.0,/mnt/ubna_data_04/recover-20241118/UBNA_027/20241109_021000.WAV,recover-20241118,UBNA_027,Foliage
HF,48000.0,15.352712538386386,299.2555,299.2619,46093.0,61487.0,Pipistrellus pipistrellus,0.662,0.752,-1,Echolocation,192000.0,/mnt/ubna_data_04/recover-20241118/UBNA_027/20241109_021000.WAV,recover-20241118,UBNA_027,Foliage
HF,46080.0,12.728989429962718,299.3735,299.3794,45234.0,53128.0,Pipistrellus pipistrellus,0.586,0.595,-1,Echolocation,192000.0,/mnt/ubna_data_04/recover-20241118/UBNA_027/20241109_021000.WAV,recover-20241118,UBNA_027,Foliage
HF,47040.0,17.859385733129276,299.4665,299.4726,45234.0,65497.0,Pipistrellus pipistrellus,0.674,0.734,-1,Echolocation,192000.0,/mnt/ubna_data_04/recover-20241118/UBNA_027/20241109_021000.WAV,recover-20241118,UBNA_027,Foliage
HF,46080.0,12.963184235258062,299.5635,299.5695,45234.0,55699.0,Pipistrellus pipistrellus,0.686,0.709,-1,Echolocation,192000.0,/mnt/ubna_data_04/recover-20241118/UBNA_027/20241109_021000.WAV,recover-20241118,UBNA_027,Foliage
HF,46080.0,14.823699465740743,299.6635,299.6744,45234.0,64327.0,Pipistrellus pipistrellus,0.524,0.68,-1,Echolocation,192000.0,/mnt/ubna_data_04/recover-20241118/UBNA_027/20241109_021000.WAV,recover-20241118,UBNA_027,Foliage
HF,46080.0,30.109287839272728,299.8745,299.8814,44375.0,66579.0,Pipistrellus pipistrellus,0.548,0.643,-1,Echolocation,192000.0,/mnt/ubna_data_04/recover-20241118/UBNA_027/20241109_021000.WAV,recover-20241118,UBNA_027,Foliage
HF,46080.0,8.873243657932964,299.9875,299.9932,45234.0,55064.0,Pipistrellus pipistrellus,0.607,0.64,-1,Echolocation,192000.0,/mnt/ubna_data_04/recover-20241118/UBNA_027/20241109_021000.WAV,recover-20241118,UBNA_027,Foliage
HF,52800.0,5.560070496959527,38.5505,38.5553,48671.0,62637.0,Pipistrellus pipistrellus,0.431,0.519,-1,Echolocation,192000.0,/mnt/ubna_data_04/recover-20241118/UBNA_027/20241109_022000.WAV,recover-20241118,UBNA_027,Foliage
HF,52800.0,5.703346989391935,38.6445,38.6487,48671.0,62029.0,Pipistrellus pipistrellus,0.505,0.596,-1,Echolocation,192000.0,/mnt/ubna_data_04/recover-20241118/UBNA_027/20241109_022000.WAV,recover-20241118,UBNA_027,Foliage
HF,52800.0,7.652719035520538,38.7355,38.7404,47812.0,61118.0,Pipistrellus pipistrellus,0.49,0.55,-1,Echolocation,192000.0,/mnt/ubna_data_04/recover-20241118/UBNA_027/20241109_022000.WAV,recover-20241118,UBNA_027,Foliage
HF,52800.0,6.440879550523256,38.8315,38.8362,46953.0,62320.0,Pipistrellus pipistrellus,0.553,0.611,-1,Echolocation,192000.0,/mnt/ubna_data_04/recover-20241118/UBNA_027/20241109_022000.WAV,recover-20241118,UBNA_027,Foliage
HF,52800.0,14.158327871693785,38.926500000000004,38.9318,48671.0,69949.0,Pipistrellus pipistrellus,0.504,0.616,-1,Echolocation,192000.0,/mnt/ubna_data_04/recover-20241118/UBNA_027/20241109_022000.WAV,recover-20241118,UBNA_027,Foliage
HF,47040.0,10.951026039397034,39.0275,39.0338,45234.0,68963.0,Pipistrellus pipistrellus,0.606,0.717,-1,Echolocation,192000.0,/mnt/ubna_data_04/recover-20241118/UBNA_027/20241109_022000.WAV,recover-20241118,UBNA_027,Foliage
HF,52800.0,15.22011657721058,39.1275,39.1323,46953.0,66889.0,Pipistrellus pipistrellus,0.55,0.626,-1,Echolocation,192000.0,/mnt/ubna_data_04/recover-20241118/UBNA_027/20241109_022000.WAV,recover-20241118,UBNA_027,Foliage
HF,53760.0,12.04856657577526,39.2085,39.2134,46953.0,64186.0,Pipistrellus pipistrellus,0.511,0.615,-1,Echolocation,192000.0,/mnt/ubna_data_04/recover-20241118/UBNA_027/20241109_022000.WAV,recover-20241118,UBNA_027,Foliage
HF,48000.0,18.494547184164293,39.3075,39.3126,43515.0,68710.0,Pipistrellus pipistrellus,0.553,0.665,-1,Echolocation,192000.0,/mnt/ubna_data_04/recover-20241118/UBNA_027/20241109_022000.WAV,recover-20241118,UBNA_027,Foliage
HF,48000.0,15.870362545366145,39.4075,39.4126,46093.0,64446.0,Pipistrellus pipistrellus,0.606,0.668,-1,Echolocation,192000.0,/mnt/ubna_data_04/recover-20241118/UBNA_027/20241109_022000.WAV,recover-20241118,UBNA_027,Foliage
HF,47040.0,22.70613020466332,39.5105,39.5167,45234.0,67959.0,Pipistrellus pipistrellus,0.474,0.637,-1,Echolocation,192000.0,/mnt/ubna_data_04/recover-20241118/UBNA_027/20241109_022000.WAV,recover-20241118,UBNA_027,Foliage
HF,47040.0,4.403973471287831,39.6925,39.6978,46953.0,56092.0,Pipistrellus pipistrellus,0.535,0.562,-1,Echolocation,192000.0,/mnt/ubna_data_04/recover-20241118/UBNA_027/20241109_022000.WAV,recover-20241118,UBNA_027,Foliage
HF,48960.0,12.31860826565364,40.2005,40.2054,46093.0,68295.0,Pipistrellus pipistrellus,0.566,0.632,-1,Echolocation,192000.0,/mnt/ubna_data_04/recover-20241118/UBNA_027/20241109_022000.WAV,recover-20241118,UBNA_027,Foliage
HF,48000.0,17.340054379589695,40.2775,40.2843,45234.0,64785.0,Pipistrellus pipistrellus,0.47,0.565,-1,Echolocation,192000.0,/mnt/ubna_data_04/recover-20241118/UBNA_027/20241109_022000.WAV,recover-20241118,UBNA_027,Foliage
HF,47040.0,9.964964826179711,40.3675,40.3752,45234.0,62883.0,Pipistrellus pipistrellus,0.53,0.668,-1,Echolocation,192000.0,/mnt/ubna_data_04/recover-20241118/UBNA_027/20241109_022000.WAV,recover-20241118,UBNA_027,Foliage
HF,46080.0,18.885952488932908,40.5805,40.5875,43515.0,64777.0,Pipistrellus pipistrellus,0.441,0.576,-1,Echolocation,192000.0,/mnt/ubna_data_04/recover-20241118/UBNA_027/20241109_022000.WAV,recover-20241118,UBNA_027,Foliage
HF,46080.0,25.368240258803333,40.7725,40.7796,41796.0,68705.0,Pipistrellus pipistrellus,0.468,0.664,-1,Echolocation,192000.0,/mnt/ubna_data_04/recover-20241118/UBNA_027/20241109_022000.WAV,recover-20241118,UBNA_027,Foliage
HF,46080.0,21.368175704789735,41.1565,41.166,45234.0,64590.0,Pipistrellus pipistrellus,0.438,0.671,-1,Echolocation,192000.0,/mnt/ubna_data_04/recover-20241118/UBNA_027/20241109_022000.WAV,recover-20241118,UBNA_027,Foliage
HF,48000.0,17.219407424995367,41.3695,41.3763,46093.0,57398.0,Pipistrellus pipistrellus,0.552,0.592,-1,Echolocation,192000.0,/mnt/ubna_data_04/recover-20241118/UBNA_027/20241109_022000.WAV,recover-20241118,UBNA_027,Foliage
HF,47040.0,6.239046572633088,43.0535,43.0582,46093.0,57389.0,Pipistrellus pipistrellus,0.486,0.578,-1,Echolocation,192000.0,/mnt/ubna_data_04/recover-20241118/UBNA_027/20241109_022000.WAV,recover-20241118,UBNA_027,Foliage
HF,46080.0,4.191230407089609,55.3705,55.3758,46953.0,60010.0,Pipistrellus pipistrellus,0.47,0.561,-1,Echolocation,192000.0,/mnt/ubna_data_04/recover-20241118/UBNA_027/20241109_022000.WAV,recover-20241118,UBNA_027,Foliage
HF,48000.0,10.322753096755878,55.4795,55.484700000000004,46953.0,61444.0,Pipistrellus pipistrellus,0.603,0.682,-1,Echolocation,192000.0,/mnt/ubna_data_04/recover-20241118/UBNA_027/20241109_022000.WAV,recover-20241118,UBNA_027,Foliage
HF,54720.0,10.347739430602116,55.591499999999996,55.597,46093.0,61383.0,Pipistrellus pipistrellus,0.454,0.614,-1,Echolocation,192000.0,/mnt/ubna_data_04/recover-20241118/UBNA_027/20241109_022000.WAV,recover-20241118,UBNA_027,Foliage
HF,47040.0,7.798546728399279,55.6965,55.702799999999996,46093.0,61459.0,Pipistrellus pipistrellus,0.442,0.609,-1,Echolocation,192000.0,/mnt/ubna_data_04/recover-20241118/UBNA_027/20241109_022000.WAV,recover-20241118,UBNA_027,Foliage
HF,46080.0,13.413455740179696,55.801500000000004,55.809799999999996,44375.0,68720.0,Pipistrellus pipistrellus,0.403,0.629,-1,Echolocation,192000.0,/mnt/ubna_data_04/recover-20241118/UBNA_027/20241109_022000.WAV,recover-20241118,UBNA_027,Foliage
HF,53760.0,12.598820170663954,55.8845,55.888999999999996,46093.0,66907.0,Pipistrellus pipistrellus,0.447,0.535,-1,Echolocation,192000.0,/mnt/ubna_data_04/recover-20241118/UBNA_027/20241109_022000.WAV,recover-20241118,UBNA_027,Foliage
HF,53760.0,11.671429215725556,55.9705,55.975,46953.0,65559.0,Pipistrellus pipistrellus,0.547,0.644,-1,Echolocation,192000.0,/mnt/ubna_data_04/recover-20241118/UBNA_027/20241109_022000.WAV,recover-20241118,UBNA_027,Foliage
HF,47040.0,15.4917355917767,56.4845,56.4891,45234.0,66035.0,Pipistrellus pipistrellus,0.51,0.619,-1,Echolocation,192000.0,/mnt/ubna_data_04/recover-20241118/UBNA_027/20241109_022000.WAV,recover-20241118,UBNA_027,Foliage
HF,46080.0,9.869344258877927,56.6445,56.6494,46093.0,60525.0,Pipistrellus pipistrellus,0.575,0.658,-1,Echolocation,192000.0,/mnt/ubna_data_04/recover-20241118/UBNA_027/20241109_022000.WAV,recover-20241118,UBNA_027,Foliage
HF,52800.0,4.403644835989785,75.0015,75.0059,52109.0,60875.0,Pipistrellus pygmaeus,0.483,0.516,-1,Echolocation,192000.0,/mnt/ubna_data_04/recover-20241118/UBNA_027/20241109_022000.WAV,recover-20241118,UBNA_027,Foliage
HF,53760.0,5.673096558310337,75.0905,75.0956,52968.0,64377.0,Pipistrellus pygmaeus,0.478,0.585,-1,Echolocation,192000.0,/mnt/ubna_data_04/recover-20241118/UBNA_027/20241109_022000.WAV,recover-20241118,UBNA_027,Foliage
HF,53760.0,6.563682761817823,75.3455,75.35,52109.0,63412.0,Pipistrellus pygmaeus,0.557,0.591,-1,Echolocation,192000.0,/mnt/ubna_data_04/recover-20241118/UBNA_027/20241109_022000.WAV,recover-20241118,UBNA_027,Foliage
HF,54720.0,4.700388539153993,75.62049999999999,75.6253,52968.0,65429.0,Pipistrellus pygmaeus,0.538,0.554,-1,Echolocation,192000.0,/mnt/ubna_data_04/recover-20241118/UBNA_027/20241109_022000.WAV,recover-20241118,UBNA_027,Foliage
HF,53760.0,10.209253731243937,76.1895,76.19579999999999,51250.0,68501.0,Pipistrellus pygmaeus,0.541,0.65,-1,Echolocation,192000.0,/mnt/ubna_data_04/recover-20241118/UBNA_027/20241109_022000.WAV,recover-20241118,UBNA_027,Foliage
HF,54720.0,5.281249234321069,77.1045,77.11,53828.0,62422.0,Pipistrellus pygmaeus,0.485,0.517,-1,Echolocation,192000.0,/mnt/ubna_data_04/recover-20241118/UBNA_027/20241109_022000.WAV,recover-20241118,UBNA_027,Foliage
HF,52800.0,7.8160024521369635,77.3865,77.3961,52109.0,64651.0,Pipistrellus pygmaeus,0.301,0.6,-1,Echolocation,192000.0,/mnt/ubna_data_04/recover-20241118/UBNA_027/20241109_022000.WAV,recover-20241118,UBNA_027,Foliage
HF,47040.0,7.4964431121929955,264.6385,264.6437,46953.0,60204.0,Pipistrellus pipistrellus,0.506,0.636,-1,Echolocation,192000.0,/mnt/ubna_data_04/recover-20241118/UBNA_027/20241109_022000.WAV,recover-20241118,UBNA_027,Foliage
HF,48000.0,14.338347804996896,264.7315,264.7404,45234.0,64485.0,Pipistrellus pipistrellus,0.476,0.724,-1,Echolocation,192000.0,/mnt/ubna_data_04/recover-20241118/UBNA_027/20241109_022000.WAV,recover-20241118,UBNA_027,Foliage
HF,56640.0,18.153984966352002,264.8235,264.8309,46093.0,65698.0,Pipistrellus pipistrellus,0.548,0.731,-1,Echolocation,192000.0,/mnt/ubna_data_04/recover-20241118/UBNA_027/20241109_022000.WAV,recover-20241118,UBNA_027,Foliage
HF,47040.0,16.235333503173038,264.9245,264.9307,46093.0,67337.0,Pipistrellus pipistrellus,0.534,0.7,-1,Echolocation,192000.0,/mnt/ubna_data_04/recover-20241118/UBNA_027/20241109_022000.WAV,recover-20241118,UBNA_027,Foliage
HF,52800.0,15.330584629744148,265.0365,265.044,46093.0,68424.0,Pipistrellus pipistrellus,0.536,0.686,-1,Echolocation,192000.0,/mnt/ubna_data_04/recover-20241118/UBNA_027/20241109_022000.WAV,recover-20241118,UBNA_027,Foliage
HF,52800.0,14.064902238079593,265.1345,265.1402,46093.0,69244.0,Pipistrellus pipistrellus,0.465,0.613,-1,Echolocation,192000.0,/mnt/ubna_data_04/recover-20241118/UBNA_027/20241109_022000.WAV,recover-20241118,UBNA_027,Foliage
HF,44160.0,4.844401049287119,274.1235,274.1299,43515.0,54003.0,Pipistrellus pipistrellus,0.517,0.61,-1,Echolocation,192000.0,/mnt/ubna_data_04/recover-20241118/UBNA_027/20241109_022000.WAV,recover-20241118,UBNA_027,Foliage
HF,47040.0,4.9956706340792705,35.1735,35.179,46953.0,54884.0,Pipistrellus pipistrellus,0.494,0.512,-1,Echolocation,192000.0,/mnt/ubna_data_04/recover-20241118/UBNA_027/20241109_023000.WAV,recover-20241118,UBNA_027,Foliage
HF,52800.0,10.130032440074874,35.3705,35.3754,46953.0,60775.0,Pipistrellus pipistrellus,0.468,0.557,-1,Echolocation,192000.0,/mnt/ubna_data_04/recover-20241118/UBNA_027/20241109_023000.WAV,recover-20241118,UBNA_027,Foliage
HF,46080.0,7.293560017603968,35.4785,35.4858,45234.0,58858.0,Pipistrellus pipistrellus,0.505,0.616,-1,Echolocation,192000.0,/mnt/ubna_data_04/recover-20241118/UBNA_027/20241109_023000.WAV,recover-20241118,UBNA_027,Foliage
HF,46080.0,9.99837734874643,35.582499999999996,35.5919,46093.0,61319.0,Pipistrellus pipistrellus,0.248,0.554,-1,Echolocation,192000.0,/mnt/ubna_data_04/recover-20241118/UBNA_027/20241109_023000.WAV,recover-20241118,UBNA_027,Foliage
HF,48000.0,13.705168272442762,35.7885,35.7969,45234.0,61640.0,Pipistrellus pipistrellus,0.478,0.675,-1,Echolocation,192000.0,/mnt/ubna_data_04/recover-20241118/UBNA_027/20241109_023000.WAV,recover-20241118,UBNA_027,Foliage
HF,47040.0,11.917957125532254,35.8955,35.9011,46953.0,61634.0,Pipistrellus pipistrellus,0.584,0.685,-1,Echolocation,192000.0,/mnt/ubna_data_04/recover-20241118/UBNA_027/20241109_023000.WAV,recover-20241118,UBNA_027,Foliage
HF,47040.0,15.70839903003913,36.0045,36.0122,45234.0,64866.0,Pipistrellus pipistrellus,0.445,0.578,-1,Echolocation,192000.0,/mnt/ubna_data_04/recover-20241118/UBNA_027/20241109_023000.WAV,recover-20241118,UBNA_027,Foliage
HF,47040.0,10.135323256153487,36.1135,36.1189,46093.0,56295.0,Pipistrellus pipistrellus,0.546,0.587,-1,Echolocation,192000.0,/mnt/ubna_data_04/recover-20241118/UBNA_027/20241109_023000.WAV,recover-20241118,UBNA_027,Foliage
HF,46080.0,21.276380976052263,36.2175,36.2241,44375.0,63362.0,Pipistrellus pipistrellus,0.535,0.658,-1,Echolocation,192000.0,/mnt/ubna_data_04/recover-20241118/UBNA_027/20241109_023000.WAV,recover-20241118,UBNA_027,Foliage
HF,46080.0,14.27047950643012,36.3045,36.31,45234.0,65584.0,Pipistrellus pipistrellus,0.526,0.657,-1,Echolocation,192000.0,/mnt/ubna_data_04/recover-20241118/UBNA_027/20241109_023000.WAV,recover-20241118,UBNA_027,Foliage
HF,46080.0,19.931697469245393,36.5045,36.5103,45234.0,62639.0,Pipistrellus pipistrellus,0.54,0.65,-1,Echolocation,192000.0,/mnt/ubna_data_04/recover-20241118/UBNA_027/20241109_023000.WAV,recover-20241118,UBNA_027,Foliage
HF,47040.0,10.732050628546176,36.5995,36.6051,45234.0,53874.0,Pipistrellus pipistrellus,0.461,0.547,-1,Echolocation,192000.0,/mnt/ubna_data_04/recover-20241118/UBNA_027/20241109_023000.WAV,recover-20241118,UBNA_027,Foliage
HF,46080.0,21.545315547667183,36.6995,36.7056,43515.0,66810.0,Pipistrellus pipistrellus,0.444,0.578,-1,Echolocation,192000.0,/mnt/ubna_data_04/recover-20241118/UBNA_027/20241109_023000.WAV,recover-20241118,UBNA_027,Foliage
HF,46080.0,16.95431187950074,36.8505,36.8559,44375.0,59768.0,Pipistrellus pipistrellus,0.576,0.626,-1,Echolocation,192000.0,/mnt/ubna_data_04/recover-20241118/UBNA_027/20241109_023000.WAV,recover-20241118,UBNA_027,Foliage
HF,47040.0,4.366886912086275,37.0935,37.0993,45234.0,52126.0,Pipistrellus pipistrellus,0.486,0.511,-1,Echolocation,192000.0,/mnt/ubna_data_04/recover-20241118/UBNA_027/20241109_023000.WAV,recover-20241118,UBNA_027,Foliage
HF,48960.0,5.8831280099163274,37.4235,37.4285,46953.0,55742.0,Pipistrellus pipistrellus,0.505,0.515,-1,Echolocation,192000.0,/mnt/ubna_data_04/recover-20241118/UBNA_027/20241109_023000.WAV,recover-20241118,UBNA_027,Foliage
HF,46080.0,4.734819940657244,37.6895,37.6947,46093.0,55414.0,Pipistrellus pipistrellus,0.565,0.575,-1,Echolocation,192000.0,/mnt/ubna_data_04/recover-20241118/UBNA_027/20241109_023000.WAV,recover-20241118,UBNA_027,Foliage
HF,47040.0,3.446502263577103,37.9865,37.9918,45234.0,54584.0,Pipistrellus pipistrellus,0.49,0.506,-1,Echolocation,192000.0,/mnt/ubna_data_04/recover-20241118/UBNA_027/20241109_023000.WAV,recover-20241118,UBNA_027,Foliage
HF,47040.0,3.994327201047001,38.0805,38.085300000000004,45234.0,53563.0,Pipistrellus pipistrellus,0.487,0.519,-1,Echolocation,192000.0,/mnt/ubna_data_04/recover-20241118/UBNA_027/20241109_023000.WAV,recover-20241118,UBNA_027,Foliage
HF,47040.0,4.757543459287942,38.1785,38.1837,45234.0,55704.0,Pipistrellus pipistrellus,0.506,0.545,-1,Echolocation,192000.0,/mnt/ubna_data_04/recover-20241118/UBNA_027/20241109_023000.WAV,recover-20241118,UBNA_027,Foliage
HF,46080.0,5.600534577284168,38.3665,38.3715,45234.0,53564.0,Pipistrellus pipistrellus,0.492,0.51,-1,Echolocation,192000.0,/mnt/ubna_data_04/recover-20241118/UBNA_027/20241109_023000.WAV,recover-20241118,UBNA_027,Foliage
HF,46080.0,3.2588995447822544,39.0295,39.0358,45234.0,53718.0,Pipistrellus pipistrellus,0.561,0.598,-1,Echolocation,192000.0,/mnt/ubna_data_04/recover-20241118/UBNA_027/20241109_023000.WAV,recover-20241118,UBNA_027,Foliage
HF,46080.0,6.1172676690936365,68.3885,68.3942,46093.0,58773.0,Pipistrellus pipistrellus,0.441,0.589,-1,Echolocation,192000.0,/mnt/ubna_data_04/recover-20241118/UBNA_027/20241109_023000.WAV,recover-20241118,UBNA_027,Foliage
HF,47040.0,7.123238666867177,68.48949999999999,68.4947,46953.0,59844.0,Pipistrellus pipistrellus,0.604,0.676,-1,Echolocation,192000.0,/mnt/ubna_data_04/recover-20241118/UBNA_027/20241109_023000.WAV,recover-20241118,UBNA_027,Foliage
HF,46080.0,6.279039278208568,68.9055,68.912,45234.0,59720.0,Pipistrellus pipistrellus,0.508,0.638,-1,Echolocation,192000.0,/mnt/ubna_data_04/recover-20241118/UBNA_027/20241109_023000.WAV,recover-20241118,UBNA_027,Foliage
HF,46080.0,12.420426825996557,69.0275,69.0351,45234.0,62878.0,Pipistrellus pipistrellus,0.387,0.656,-1,Echolocation,192000.0,/mnt/ubna_data_04/recover-20241118/UBNA_027/20241109_023000.WAV,recover-20241118,UBNA_027,Foliage
HF,46080.0,9.085937091083725,69.1265,69.1313,44375.0,60354.0,Pipistrellus pipistrellus,0.426,0.55,-1,Echolocation,192000.0,/mnt/ubna_data_04/recover-20241118/UBNA_027/20241109_023000.WAV,recover-20241118,UBNA_027,Foliage
HF,46080.0,12.17936246373376,69.2385,69.2443,45234.0,61964.0,Pipistrellus pipistrellus,0.529,0.691,-1,Echolocation,192000.0,/mnt/ubna_data_04/recover-20241118/UBNA_027/20241109_023000.WAV,recover-20241118,UBNA_027,Foliage
HF,46080.0,12.042109944351768,69.3485,69.3547,45234.0,60979.0,Pipistrellus pipistrellus,0.511,0.666,-1,Echolocation,192000.0,/mnt/ubna_data_04/recover-20241118/UBNA_027/20241109_023000.WAV,recover-20241118,UBNA_027,Foliage
HF,47040.0,10.558214315059358,69.4535,69.4597,46093.0,59040.0,Pipistrellus pipistrellus,0.508,0.615,-1,Echolocation,192000.0,/mnt/ubna_data_04/recover-20241118/UBNA_027/20241109_023000.WAV,recover-20241118,UBNA_027,Foliage
HF,47040.0,14.118459723161545,69.5525,69.5596,45234.0,57829.0,Pipistrellus pipistrellus,0.48,0.587,-1,Echolocation,192000.0,/mnt/ubna_data_04/recover-20241118/UBNA_027/20241109_023000.WAV,recover-20241118,UBNA_027,Foliage
HF,51840.0,10.181260350325608,70.0185,70.0234,46093.0,67579.0,Pipistrellus pipistrellus,0.473,0.559,-1,Echolocation,192000.0,/mnt/ubna_data_04/recover-20241118/UBNA_027/20241109_023000.WAV,recover-20241118,UBNA_027,Foliage
HF,51840.0,7.552166768410738,70.0985,70.1031,47812.0,61288.0,Pipistrellus pipistrellus,0.5,0.521,-1,Echolocation,192000.0,/mnt/ubna_data_04/recover-20241118/UBNA_027/20241109_023000.WAV,recover-20241118,UBNA_027,Foliage
HF,48000.0,6.191611070505438,70.1875,70.1927,46953.0,62784.0,Pipistrellus pipistrellus,0.558,0.619,-1,Echolocation,192000.0,/mnt/ubna_data_04/recover-20241118/UBNA_027/20241109_023000.WAV,recover-20241118,UBNA_027,Foliage
HF,53760.0,12.128422754218597,70.3605,70.3663,47812.0,65322.0,Pipistrellus pipistrellus,0.489,0.564,-1,Echolocation,192000.0,/mnt/ubna_data_04/recover-20241118/UBNA_027/20241109_023000.WAV,recover-20241118,UBNA_027,Foliage
HF,48960.0,5.893597869349758,70.4565,70.4618,47812.0,61728.0,Pipistrellus pipistrellus,0.557,0.599,-1,Echolocation,192000.0,/mnt/ubna_data_04/recover-20241118/UBNA_027/20241109_023000.WAV,recover-20241118,UBNA_027,Foliage
HF,52800.0,10.858845064566571,70.5575,70.562,47812.0,61442.0,Pipistrellus pipistrellus,0.57,0.59,-1,Echolocation,192000.0,/mnt/ubna_data_04/recover-20241118/UBNA_027/20241109_023000.WAV,recover-20241118,UBNA_027,Foliage
HF,48000.0,9.24689676605326,70.6535,70.6611,46953.0,64878.0,Pipistrellus pipistrellus,0.503,0.575,-1,Echolocation,192000.0,/mnt/ubna_data_04/recover-20241118/UBNA_027/20241109_023000.WAV,recover-20241118,UBNA_027,Foliage
HF,51840.0,14.34894081006826,70.7505,70.7571,46953.0,62530.0,Pipistrellus pipistrellus,0.551,0.624,-1,Echolocation,192000.0,/mnt/ubna_data_04/recover-20241118/UBNA_027/20241109_023000.WAV,recover-20241118,UBNA_027,Foliage
HF,48960.0,14.658311295870725,70.8465,70.8548,45234.0,65396.0,Pipistrellus pipistrellus,0.51,0.636,-1,Echolocation,192000.0,/mnt/ubna_data_04/recover-20241118/UBNA_027/20241109_023000.WAV,recover-20241118,UBNA_027,Foliage
HF,51840.0,13.83640911185314,71.0385,71.04429999999999,47812.0,62337.0,Pipistrellus pipistrellus,0.596,0.632,-1,Echolocation,192000.0,/mnt/ubna_data_04/recover-20241118/UBNA_027/20241109_023000.WAV,recover-20241118,UBNA_027,Foliage
HF,51840.0,16.033146912582367,71.23949999999999,71.2489,46093.0,67173.0,Pipistrellus pipistrellus,0.515,0.665,-1,Echolocation,192000.0,/mnt/ubna_data_04/recover-20241118/UBNA_027/20241109_023000.WAV,recover-20241118,UBNA_027,Foliage
HF,47040.0,15.788453045974828,71.5515,71.5603,45234.0,66829.0,Pipistrellus pipistrellus,0.497,0.704,-1,Echolocation,192000.0,/mnt/ubna_data_04/recover-20241118/UBNA_027/20241109_023000.WAV,recover-20241118,UBNA_027,Foliage
HF,48000.0,6.864769461158585,71.7765,71.7856,46953.0,63580.0,Pipistrellus pipistrellus,0.435,0.538,-1,Echolocation,192000.0,/mnt/ubna_data_04/recover-20241118/UBNA_027/20241109_023000.WAV,recover-20241118,UBNA_027,Foliage
HF,48000.0,12.280993796696535,71.8695,71.8775,46953.0,63418.0,Pipistrellus pipistrellus,0.447,0.544,-1,Echolocation,192000.0,/mnt/ubna_data_04/recover-20241118/UBNA_027/20241109_023000.WAV,recover-20241118,UBNA_027,Foliage
HF,48000.0,9.319542832878811,74.0775,74.0822,46953.0,59868.0,Pipistrellus pipistrellus,0.592,0.648,-1,Echolocation,192000.0,/mnt/ubna_data_04/recover-20241118/UBNA_027/20241109_023000.WAV,recover-20241118,UBNA_027,Foliage
HF,52800.0,10.97290592035423,76.36449999999999,76.3697,46953.0,61609.0,Pipistrellus pipistrellus,0.531,0.653,-1,Echolocation,192000.0,/mnt/ubna_data_04/recover-20241118/UBNA_027/20241109_023000.WAV,recover-20241118,UBNA_027,Foliage
HF,52800.0,22.131385030739892,76.4485,76.45439999999999,44375.0,66175.0,Pipistrellus pipistrellus,0.597,0.693,-1,Echolocation,192000.0,/mnt/ubna_data_04/recover-20241118/UBNA_027/20241109_023000.WAV,recover-20241118,UBNA_027,Foliage
HF,47040.0,13.961464307332525,76.5395,76.54599999999999,45234.0,61898.0,Pipistrellus pipistrellus,0.417,0.634,-1,Echolocation,192000.0,/mnt/ubna_data_04/recover-20241118/UBNA_027/20241109_023000.WAV,recover-20241118,UBNA_027,Foliage
HF,54720.0,23.530501666828194,76.62950000000001,76.6357,43515.0,66177.0,Pipistrellus pipistrellus,0.445,0.639,-1,Echolocation,192000.0,/mnt/ubna_data_04/recover-20241118/UBNA_027/20241109_023000.WAV,recover-20241118,UBNA_027,Foliage
HF,48000.0,20.250064493941924,76.7245,76.7317,43515.0,69418.0,Pipistrellus pipistrellus,0.618,0.759,-1,Echolocation,192000.0,/mnt/ubna_data_04/recover-20241118/UBNA_027/20241109_023000.WAV,recover-20241118,UBNA_027,Foliage
HF,46080.0,10.97919753680994,76.8185,76.8242,44375.0,61177.0,Pipistrellus pipistrellus,0.548,0.661,-1,Echolocation,192000.0,/mnt/ubna_data_04/recover-20241118/UBNA_027/20241109_023000.WAV,recover-20241118,UBNA_027,Foliage
HF,47040.0,28.748446986933796,76.90950000000001,76.9159,41796.0,68540.0,Pipistrellus pipistrellus,0.465,0.62,-1,Echolocation,192000.0,/mnt/ubna_data_04/recover-20241118/UBNA_027/20241109_023000.WAV,recover-20241118,UBNA_027,Foliage
HF,48000.0,27.335511198241328,77.0015,77.00829999999999,41796.0,72023.0,Pipistrellus pipistrellus,0.58,0.702,-1,Echolocation,192000.0,/mnt/ubna_data_04/recover-20241118/UBNA_027/20241109_023000.WAV,recover-20241118,UBNA_027,Foliage
HF,47040.0,21.02133688846912,77.1985,77.2053,43515.0,66872.0,Pipistrellus pipistrellus,0.529,0.663,-1,Echolocation,192000.0,/mnt/ubna_data_04/recover-20241118/UBNA_027/20241109_023000.WAV,recover-20241118,UBNA_027,Foliage
HF,47040.0,15.479626246929193,77.4045,77.4132,43515.0,60586.0,Pipistrellus pipistrellus,0.457,0.62,-1,Echolocation,192000.0,/mnt/ubna_data_04/recover-20241118/UBNA_027/20241109_023000.WAV,recover-20241118,UBNA_027,Foliage
HF,46080.0,12.857697620576069,77.6195,77.63,45234.0,61176.0,Pipistrellus pipistrellus,0.404,0.569,-1,Echolocation,192000.0,/mnt/ubna_data_04/recover-20241118/UBNA_027/20241109_023000.WAV,recover-20241118,UBNA_027,Foliage
HF,48000.0,10.864495517632133,78.1555,78.1643,46093.0,58648.0,Pipistrellus pipistrellus,0.378,0.521,-1,Echolocation,192000.0,/mnt/ubna_data_04/recover-20241118/UBNA_027/20241109_023000.WAV,recover-20241118,UBNA_027,Foliage
HF,52800.0,14.36230093318066,79.8615,79.8694,45234.0,62727.0,Pipistrellus pipistrellus,0.344,0.61,-1,Echolocation,192000.0,/mnt/ubna_data_04/recover-20241118/UBNA_027/20241109_023000.WAV,recover-20241118,UBNA_027,Foliage
HF,47040.0,10.424232400695605,84.0985,84.10589999999999,46093.0,60119.0,Pipistrellus pipistrellus,0.429,0.532,-1,Echolocation,192000.0,/mnt/ubna_data_04/recover-20241118/UBNA_027/20241109_023000.WAV,recover-20241118,UBNA_027,Foliage
HF,48000.0,14.419153292755759,84.41550000000001,84.42099999999999,45234.0,59501.0,Pipistrellus pipistrellus,0.606,0.686,-1,Echolocation,192000.0,/mnt/ubna_data_04/recover-20241118/UBNA_027/20241109_023000.WAV,recover-20241118,UBNA_027,Foliage
HF,48000.0,12.370187628037694,84.6125,84.6181,45234.0,56672.0,Pipistrellus pipistrellus,0.566,0.63,-1,Echolocation,192000.0,/mnt/ubna_data_04/recover-20241118/UBNA_027/20241109_023000.WAV,recover-20241118,UBNA_027,Foliage
HF,46080.0,9.718468942800333,84.8105,84.8163,45234.0,56727.0,Pipistrellus pipistrellus,0.58,0.613,-1,Echolocation,192000.0,/mnt/ubna_data_04/recover-20241118/UBNA_027/20241109_023000.WAV,recover-20241118,UBNA_027,Foliage
HF,46080.0,5.659048444591934,85.4055,85.4117,45234.0,55458.0,Pipistrellus pipistrellus,0.482,0.522,-1,Echolocation,192000.0,/mnt/ubna_data_04/recover-20241118/UBNA_027/20241109_023000.WAV,recover-20241118,UBNA_027,Foliage
HF,53760.0,3.5273649459188245,92.6425,92.6471,48671.0,60894.0,Pipistrellus pipistrellus,0.464,0.508,-1,Echolocation,192000.0,/mnt/ubna_data_04/recover-20241118/UBNA_027/20241109_023000.WAV,recover-20241118,UBNA_027,Foliage
HF,53760.0,4.142975389908479,92.8135,92.8188,48671.0,59957.0,Pipistrellus pipistrellus,0.508,0.567,-1,Echolocation,192000.0,/mnt/ubna_data_04/recover-20241118/UBNA_027/20241109_023000.WAV,recover-20241118,UBNA_027,Foliage
HF,49920.0,4.40712953610278,93.2095,93.215,48671.0,62307.0,Pipistrellus pipistrellus,0.471,0.523,-1,Echolocation,192000.0,/mnt/ubna_data_04/recover-20241118/UBNA_027/20241109_023000.WAV,recover-20241118,UBNA_027,Foliage
HF,55680.0,5.390504950797686,93.7115,93.7159,49531.0,61375.0,Pipistrellus pipistrellus,0.418,0.512,-1,Echolocation,192000.0,/mnt/ubna_data_04/recover-20241118/UBNA_027/20241109_023000.WAV,recover-20241118,UBNA_027,Foliage
HF,51840.0,7.59714900951341,94.4875,94.4918,51250.0,68313.0,Pipistrellus pipistrellus,0.513,0.599,-1,Echolocation,192000.0,/mnt/ubna_data_04/recover-20241118/UBNA_027/20241109_023000.WAV,recover-20241118,UBNA_027,Foliage
HF,52800.0,12.306948611522436,94.6585,94.6632,50390.0,64900.0,Pipistrellus pipistrellus,0.476,0.558,-1,Echolocation,192000.0,/mnt/ubna_data_04/recover-20241118/UBNA_027/20241109_023000.WAV,recover-20241118,UBNA_027,Foliage
HF,52800.0,9.072588199692088,94.6975,94.7022,47812.0,66690.0,Pipistrellus pipistrellus,0.52,0.601,-1,Echolocation,192000.0,/mnt/ubna_data_04/recover-20241118/UBNA_027/20241109_023000.WAV,recover-20241118,UBNA_027,Foliage
HF,53760.0,10.681131491971673,94.8335,94.8382,52109.0,62518.0,Pipistrellus pipistrellus,0.406,0.537,-1,Echolocation,192000.0,/mnt/ubna_data_04/recover-20241118/UBNA_027/20241109_023000.WAV,recover-20241118,UBNA_027,Foliage
HF,54720.0,14.165117942740071,94.9185,94.9228,51250.0,65699.0,Pipistrellus pipistrellus,0.487,0.59,-1,Echolocation,192000.0,/mnt/ubna_data_04/recover-20241118/UBNA_027/20241109_023000.WAV,recover-20241118,UBNA_027,Foliage
HF,53760.0,8.325366975650358,94.9555,94.9596,48671.0,66943.0,Pipistrellus pipistrellus,0.401,0.517,-1,Echolocation,192000.0,/mnt/ubna_data_04/recover-20241118/UBNA_027/20241109_023000.WAV,recover-20241118,UBNA_027,Foliage
HF,51840.0,7.41019063607442,95.0075,95.0145,50390.0,70553.0,Pipistrellus pipistrellus,0.479,0.606,-1,Echolocation,192000.0,/mnt/ubna_data_04/recover-20241118/UBNA_027/20241109_023000.WAV,recover-20241118,UBNA_027,Foliage
HF,53760.0,12.364059463982166,95.0705,95.075,48671.0,67202.0,Pipistrellus pipistrellus,0.363,0.522,-1,Echolocation,192000.0,/mnt/ubna_data_04/recover-20241118/UBNA_027/20241109_023000.WAV,recover-20241118,UBNA_027,Foliage
HF,59520.0,10.92502034392524,95.0915,95.0969,52109.0,67265.0,Pipistrellus pygmaeus,0.292,0.569,-1,Echolocation,192000.0,/mnt/ubna_data_04/recover-20241118/UBNA_027/20241109_023000.WAV,recover-20241118,UBNA_027,Foliage
HF,51840.0,17.076874607425353,95.1705,95.1756,47812.0,70258.0,Pipistrellus pipistrellus,0.365,0.509,-1,Echolocation,192000.0,/mnt/ubna_data_04/recover-20241118/UBNA_027/20241109_023000.WAV,recover-20241118,UBNA_027,Foliage
HF,57600.0,13.029925068447001,95.2495,95.2569,51250.0,75669.0,Pipistrellus pipistrellus,0.451,0.593,-1,Echolocation,192000.0,/mnt/ubna_data_04/recover-20241118/UBNA_027/20241109_023000.WAV,recover-20241118,UBNA_027,Foliage
HF,51840.0,15.207825135150213,95.3445,95.3493,50390.0,71071.0,Pipistrellus pipistrellus,0.631,0.686,-1,Echolocation,192000.0,/mnt/ubna_data_04/recover-20241118/UBNA_027/20241109_023000.WAV,recover-20241118,UBNA_027,Foliage
HF,50880.0,21.623690871964165,95.4335,95.4387,50390.0,72858.0,Pipistrellus pipistrellus,0.456,0.619,-1,Echolocation,192000.0,/mnt/ubna_data_04/recover-20241118/UBNA_027/20241109_023000.WAV,recover-20241118,UBNA_027,Foliage
HF,51840.0,15.114969736090346,95.5275,95.5343,49531.0,72607.0,Pipistrellus pipistrellus,0.502,0.569,-1,Echolocation,192000.0,/mnt/ubna_data_04/recover-20241118/UBNA_027/20241109_023000.WAV,recover-20241118,UBNA_027,Foliage
HF,51840.0,16.486613954126796,95.6125,95.6167,49531.0,66554.0,Pipistrellus pipistrellus,0.456,0.547,-1,Echolocation,192000.0,/mnt/ubna_data_04/recover-20241118/UBNA_027/20241109_023000.WAV,recover-20241118,UBNA_027,Foliage
HF,55680.0,8.087038635774078,95.6365,95.64189999999999,48671.0,68096.0,Pipistrellus pipistrellus,0.426,0.585,-1,Echolocation,192000.0,/mnt/ubna_data_04/recover-20241118/UBNA_027/20241109_023000.WAV,recover-20241118,UBNA_027,Foliage
HF,51840.0,22.464812045028427,95.7015,95.7085,47812.0,77951.0,Pipistrellus pipistrellus,0.404,0.579,-1,Echolocation,192000.0,/mnt/ubna_data_04/recover-20241118/UBNA_027/20241109_023000.WAV,recover-20241118,UBNA_027,Foliage
HF,51840.0,19.658056828127744,95.7805,95.7872,47812.0,72728.0,Pipistrellus pipistrellus,0.38,0.515,-1,Echolocation,192000.0,/mnt/ubna_data_04/recover-20241118/UBNA_027/20241109_023000.WAV,recover-20241118,UBNA_027,Foliage
HF,56640.0,20.944533397527408,95.8665,95.8727,45234.0,80094.0,Pipistrellus pipistrellus,0.278,0.508,-1,Echolocation,192000.0,/mnt/ubna_data_04/recover-20241118/UBNA_027/20241109_023000.WAV,recover-20241118,UBNA_027,Foliage
HF,48000.0,10.36986513431765,95.9765,95.9817,46953.0,61299.0,Pipistrellus pipistrellus,0.543,0.602,-1,Echolocation,192000.0,/mnt/ubna_data_04/recover-20241118/UBNA_027/20241109_023000.WAV,recover-20241118,UBNA_027,Foliage
HF,55680.0,19.932320321606273,97.1425,97.147,46953.0,66175.0,Pipistrellus pipistrellus,0.486,0.606,-1,Echolocation,192000.0,/mnt/ubna_data_04/recover-20241118/UBNA_027/20241109_023000.WAV,recover-20241118,UBNA_027,Foliage
HF,52800.0,21.721099533447685,97.3585,97.3639,41796.0,93165.0,Myotis alcathoe,0.428,0.526,-1,Echolocation,192000.0,/mnt/ubna_data_04/recover-20241118/UBNA_027/20241109_023000.WAV,recover-20241118,UBNA_027,Foliage
HF,47040.0,15.878720440741766,98.1645,98.1696,45234.0,68438.0,Pipistrellus pipistrellus,0.258,0.52,-1,Echolocation,192000.0,/mnt/ubna_data_04/recover-20241118/UBNA_027/20241109_023000.WAV,recover-20241118,UBNA_027,Foliage
HF,51840.0,17.760204444744552,98.4225,98.42830000000001,46093.0,68015.0,Pipistrellus pipistrellus,0.403,0.645,-1,Echolocation,192000.0,/mnt/ubna_data_04/recover-20241118/UBNA_027/20241109_023000.WAV,recover-20241118,UBNA_027,Foliage
HF,55680.0,15.831677990581817,98.6765,98.6813,46953.0,65812.0,Pipistrellus pipistrellus,0.432,0.587,-1,Echolocation,192000.0,/mnt/ubna_data_04/recover-20241118/UBNA_027/20241109_023000.WAV,recover-20241118,UBNA_027,Foliage
HF,55680.0,13.645608860686458,98.8195,98.8238,51250.0,68797.0,Pipistrellus pipistrellus,0.42,0.562,-1,Echolocation,192000.0,/mnt/ubna_data_04/recover-20241118/UBNA_027/20241109_023000.WAV,recover-20241118,UBNA_027,Foliage
HF,48960.0,5.575454093242663,100.5285,100.5351,47812.0,59906.0,Pipistrellus pipistrellus,0.514,0.556,-1,Echolocation,192000.0,/mnt/ubna_data_04/recover-20241118/UBNA_027/20241109_023000.WAV,recover-20241118,UBNA_027,Foliage
HF,56640.0,15.296080374923907,101.3925,101.3982,46093.0,67565.0,Pipistrellus pipistrellus,0.509,0.632,-1,Echolocation,192000.0,/mnt/ubna_data_04/recover-20241118/UBNA_027/20241109_023000.WAV,recover-20241118,UBNA_027,Foliage
HF,50880.0,11.960327058798047,101.5825,101.5899,46953.0,62297.0,Pipistrellus pipistrellus,0.424,0.52,-1,Echolocation,192000.0,/mnt/ubna_data_04/recover-20241118/UBNA_027/20241109_023000.WAV,recover-20241118,UBNA_027,Foliage
HF,49920.0,11.140276254574989,101.6715,101.67830000000001,46953.0,67529.0,Pipistrellus pipistrellus,0.295,0.501,-1,Echolocation,192000.0,/mnt/ubna_data_04/recover-20241118/UBNA_027/20241109_023000.WAV,recover-20241118,UBNA_027,Foliage
HF,51840.0,10.907631585208932,103.0395,103.04560000000001,46953.0,60323.0,Pipistrellus pipistrellus,0.474,0.566,-1,Echolocation,192000.0,/mnt/ubna_data_04/recover-20241118/UBNA_027/20241109_023000.WAV,recover-20241118,UBNA_027,Foliage
HF,52800.0,13.68308400453148,103.1345,103.1389,46093.0,57402.0,Pipistrellus pipistrellus,0.514,0.6,-1,Echolocation,192000.0,/mnt/ubna_data_04/recover-20241118/UBNA_027/20241109_023000.WAV,recover-20241118,UBNA_027,Foliage
HF,52800.0,16.143263674471218,103.2235,103.2299,45234.0,62502.0,Pipistrellus pipistrellus,0.507,0.661,-1,Echolocation,192000.0,/mnt/ubna_data_04/recover-20241118/UBNA_027/20241109_023000.WAV,recover-20241118,UBNA_027,Foliage
HF,49920.0,13.937470211467627,103.3185,103.3231,45234.0,58971.0,Pipistrellus pipistrellus,0.435,0.513,-1,Echolocation,192000.0,/mnt/ubna_data_04/recover-20241118/UBNA_027/20241109_023000.WAV,recover-20241118,UBNA_027,Foliage
HF,50880.0,12.98258158586604,103.4105,103.4188,46093.0,64417.0,Pipistrellus pipistrellus,0.473,0.651,-1,Echolocation,192000.0,/mnt/ubna_data_04/recover-20241118/UBNA_027/20241109_023000.WAV,recover-20241118,UBNA_027,Foliage
HF,46080.0,8.858253856176404,103.6005,103.6095,45234.0,62752.0,Pipistrellus pipistrellus,0.459,0.61,-1,Echolocation,192000.0,/mnt/ubna_data_04/recover-20241118/UBNA_027/20241109_023000.WAV,recover-20241118,UBNA_027,Foliage
HF,54720.0,17.521911441867225,103.6975,103.7055,44375.0,66298.0,Pipistrellus pipistrellus,0.302,0.523,-1,Echolocation,192000.0,/mnt/ubna_data_04/recover-20241118/UBNA_027/20241109_023000.WAV,recover-20241118,UBNA_027,Foliage
HF,48000.0,17.636133555290574,103.7955,103.8006,45234.0,59475.0,Pipistrellus pipistrellus,0.454,0.63,-1,Echolocation,192000.0,/mnt/ubna_data_04/recover-20241118/UBNA_027/20241109_023000.WAV,recover-20241118,UBNA_027,Foliage
HF,47040.0,16.901634533749036,103.8955,103.9023,44375.0,63902.0,Pipistrellus pipistrellus,0.398,0.625,-1,Echolocation,192000.0,/mnt/ubna_data_04/recover-20241118/UBNA_027/20241109_023000.WAV,recover-20241118,UBNA_027,Foliage
HF,53760.0,22.2069409757983,103.9945,104.0006,46953.0,66014.0,Pipistrellus pipistrellus,0.425,0.52,-1,Echolocation,192000.0,/mnt/ubna_data_04/recover-20241118/UBNA_027/20241109_023000.WAV,recover-20241118,UBNA_027,Foliage
HF,47040.0,27.664398598406322,104.0915,104.0969,42656.0,86689.0,Myotis alcathoe,0.495,0.541,-1,Echolocation,192000.0,/mnt/ubna_data_04/recover-20241118/UBNA_027/20241109_023000.WAV,recover-20241118,UBNA_027,Foliage
HF,47040.0,19.312055385457878,104.1925,104.1965,46093.0,65529.0,Pipistrellus pipistrellus,0.424,0.524,-1,Echolocation,192000.0,/mnt/ubna_data_04/recover-20241118/UBNA_027/20241109_023000.WAV,recover-20241118,UBNA_027,Foliage
HF,53760.0,14.173357545456192,104.9295,104.9331,47812.0,64585.0,Pipistrellus pipistrellus,0.463,0.544,-1,Echolocation,192000.0,/mnt/ubna_data_04/recover-20241118/UBNA_027/20241109_023000.WAV,recover-20241118,UBNA_027,Foliage
HF,53760.0,22.230256675837765,105.0035,105.00880000000001,45234.0,73826.0,Pipistrellus pipistrellus,0.386,0.56,-1,Echolocation,192000.0,/mnt/ubna_data_04/recover-20241118/UBNA_027/20241109_023000.WAV,recover-20241118,UBNA_027,Foliage
HF,52800.0,20.489472362733846,105.1045,105.1092,45234.0,70097.0,Pipistrellus pipistrellus,0.422,0.544,-1,Echolocation,192000.0,/mnt/ubna_data_04/recover-20241118/UBNA_027/20241109_023000.WAV,recover-20241118,UBNA_027,Foliage
HF,53760.0,16.42001363873022,105.7795,105.7834,46093.0,76110.0,Myotis alcathoe,0.461,0.531,-1,Echolocation,192000.0,/mnt/ubna_data_04/recover-20241118/UBNA_027/20241109_023000.WAV,recover-20241118,UBNA_027,Foliage
HF,55680.0,19.924149387370765,105.8555,105.8595,45234.0,76030.0,Myotis alcathoe,0.399,0.501,-1,Echolocation,192000.0,/mnt/ubna_data_04/recover-20241118/UBNA_027/20241109_023000.WAV,recover-20241118,UBNA_027,Foliage
HF,52800.0,18.77979728992029,106.5185,106.5226,42656.0,79668.0,Myotis alcathoe,0.438,0.507,-1,Echolocation,192000.0,/mnt/ubna_data_04/recover-20241118/UBNA_027/20241109_023000.WAV,recover-20241118,UBNA_027,Foliage
HF,52800.0,18.791394203672837,106.5855,106.58879999999999,42656.0,79955.0,Myotis alcathoe,0.388,0.525,-1,Echolocation,192000.0,/mnt/ubna_data_04/recover-20241118/UBNA_027/20241109_023000.WAV,recover-20241118,UBNA_027,Foliage
HF,51840.0,29.679443339273078,106.9455,106.95060000000001,44375.0,83427.0,Myotis alcathoe,0.421,0.508,-1,Echolocation,192000.0,/mnt/ubna_data_04/recover-20241118/UBNA_027/20241109_023000.WAV,recover-20241118,UBNA_027,Foliage
HF,55680.0,20.561338589787994,107.0215,107.0253,41796.0,79291.0,Myotis alcathoe,0.52,0.604,-1,Echolocation,192000.0,/mnt/ubna_data_04/recover-20241118/UBNA_027/20241109_023000.WAV,recover-20241118,UBNA_027,Foliage
HF,52800.0,34.157434384335986,107.1055,107.1097,44375.0,83606.0,Myotis alcathoe,0.482,0.579,-1,Echolocation,192000.0,/mnt/ubna_data_04/recover-20241118/UBNA_027/20241109_023000.WAV,recover-20241118,UBNA_027,Foliage
HF,52800.0,32.09807806526488,107.26650000000001,107.2714,40937.0,89623.0,Myotis alcathoe,0.505,0.551,-1,Echolocation,192000.0,/mnt/ubna_data_04/recover-20241118/UBNA_027/20241109_023000.WAV,recover-20241118,UBNA_027,Foliage
HF,52800.0,16.841591631669928,107.3535,107.357,45234.0,77273.0,Myotis alcathoe,0.449,0.505,-1,Echolocation,192000.0,/mnt/ubna_data_04/recover-20241118/UBNA_027/20241109_023000.WAV,recover-20241118,UBNA_027,Foliage
HF,52800.0,32.51939599221637,107.4395,107.4443,40937.0,83688.0,Myotis alcathoe,0.413,0.554,-1,Echolocation,192000.0,/mnt/ubna_data_04/recover-20241118/UBNA_027/20241109_023000.WAV,recover-20241118,UBNA_027,Foliage
HF,49920.0,18.699356731419293,107.53450000000001,107.5376,46953.0,68592.0,Myotis alcathoe,0.453,0.561,-1,Echolocation,192000.0,/mnt/ubna_data_04/recover-20241118/UBNA_027/20241109_023000.WAV,recover-20241118,UBNA_027,Foliage
HF,55680.0,30.17839105157556,107.7515,107.7563,46093.0,71616.0,Pipistrellus pipistrellus,0.422,0.591,-1,Echolocation,192000.0,/mnt/ubna_data_04/recover-20241118/UBNA_027/20241109_023000.WAV,recover-20241118,UBNA_027,Foliage
HF,48000.0,5.282571178766503,107.8495,107.8533,47812.0,61058.0,Pipistrellus pipistrellus,0.429,0.502,-1,Echolocation,192000.0,/mnt/ubna_data_04/recover-20241118/UBNA_027/20241109_023000.WAV,recover-20241118,UBNA_027,Foliage
HF,52800.0,13.979483445853798,108.0395,108.0454,46953.0,60218.0,Pipistrellus pipistrellus,0.568,0.644,-1,Echolocation,192000.0,/mnt/ubna_data_04/recover-20241118/UBNA_027/20241109_023000.WAV,recover-20241118,UBNA_027,Foliage
HF,53760.0,17.174069457312445,108.3305,108.3409,46093.0,67410.0,Pipistrellus pipistrellus,0.46,0.668,-1,Echolocation,192000.0,/mnt/ubna_data_04/recover-20241118/UBNA_027/20241109_023000.WAV,recover-20241118,UBNA_027,Foliage
HF,47040.0,7.8387213059705445,108.4285,108.4366,46093.0,60038.0,Pipistrellus pipistrellus,0.489,0.604,-1,Echolocation,192000.0,/mnt/ubna_data_04/recover-20241118/UBNA_027/20241109_023000.WAV,recover-20241118,UBNA_027,Foliage
HF,47040.0,15.712743282184729,108.5295,108.5369,44375.0,63802.0,Pipistrellus pipistrellus,0.544,0.678,-1,Echolocation,192000.0,/mnt/ubna_data_04/recover-20241118/UBNA_027/20241109_023000.WAV,recover-20241118,UBNA_027,Foliage
HF,48000.0,9.632161596005563,108.62950000000001,108.635,46953.0,57091.0,Pipistrellus pipistrellus,0.595,0.635,-1,Echolocation,192000.0,/mnt/ubna_data_04/recover-20241118/UBNA_027/20241109_023000.WAV,recover-20241118,UBNA_027,Foliage
HF,52800.0,29.299494290533236,108.72749999999999,108.7337,42656.0,70319.0,Pipistrellus pipistrellus,0.43,0.577,-1,Echolocation,192000.0,/mnt/ubna_data_04/recover-20241118/UBNA_027/20241109_023000.WAV,recover-20241118,UBNA_027,Foliage
HF,52800.0,9.639267339733104,108.8315,108.8358,47812.0,62784.0,Pipistrellus pipistrellus,0.516,0.561,-1,Echolocation,192000.0,/mnt/ubna_data_04/recover-20241118/UBNA_027/20241109_023000.WAV,recover-20241118,UBNA_027,Foliage
HF,54720.0,19.373563324433803,108.9315,108.9377,44375.0,68344.0,Pipistrellus pipistrellus,0.478,0.585,-1,Echolocation,192000.0,/mnt/ubna_data_04/recover-20241118/UBNA_027/20241109_023000.WAV,recover-20241118,UBNA_027,Foliage
HF,47040.0,17.65061321562665,109.17150000000001,109.1778,44375.0,66239.0,Pipistrellus pipistrellus,0.553,0.671,-1,Echolocation,192000.0,/mnt/ubna_data_04/recover-20241118/UBNA_027/20241109_023000.WAV,recover-20241118,UBNA_027,Foliage
HF,47040.0,15.137084918976178,109.37049999999999,109.3764,44375.0,68638.0,Pipistrellus pipistrellus,0.611,0.725,-1,Echolocation,192000.0,/mnt/ubna_data_04/recover-20241118/UBNA_027/20241109_023000.WAV,recover-20241118,UBNA_027,Foliage
HF,47040.0,8.113967893298815,109.4735,109.4793,46093.0,55404.0,Pipistrellus pipistrellus,0.486,0.504,-1,Echolocation,192000.0,/mnt/ubna_data_04/recover-20241118/UBNA_027/20241109_023000.WAV,recover-20241118,UBNA_027,Foliage
HF,47040.0,7.701606138416706,109.6695,109.6757,46093.0,59990.0,Pipistrellus pipistrellus,0.487,0.575,-1,Echolocation,192000.0,/mnt/ubna_data_04/recover-20241118/UBNA_027/20241109_023000.WAV,recover-20241118,UBNA_027,Foliage
HF,52800.0,10.845238584193563,109.7655,109.7713,46093.0,59554.0,Pipistrellus pipistrellus,0.435,0.645,-1,Echolocation,192000.0,/mnt/ubna_data_04/recover-20241118/UBNA_027/20241109_023000.WAV,recover-20241118,UBNA_027,Foliage
HF,51840.0,7.60692591811652,109.9645,109.9702,46953.0,60127.0,Pipistrellus pipistrellus,0.571,0.608,-1,Echolocation,192000.0,/mnt/ubna_data_04/recover-20241118/UBNA_027/20241109_023000.WAV,recover-20241118,UBNA_027,Foliage
HF,51840.0,4.728838615380843,120.2075,120.2123,48671.0,62259.0,Pipistrellus pipistrellus,0.464,0.549,-1,Echolocation,192000.0,/mnt/ubna_data_04/recover-20241118/UBNA_027/20241109_023000.WAV,recover-20241118,UBNA_027,Foliage
HF,52800.0,9.241060979505168,121.6575,121.6631,49531.0,69907.0,Pipistrellus pipistrellus,0.412,0.547,-1,Echolocation,192000.0,/mnt/ubna_data_04/recover-20241118/UBNA_027/20241109_023000.WAV,recover-20241118,UBNA_027,Foliage
HF,53760.0,10.991622854732949,121.7445,121.7532,46953.0,69820.0,Pipistrellus pipistrellus,0.418,0.582,-1,Echolocation,192000.0,/mnt/ubna_data_04/recover-20241118/UBNA_027/20241109_023000.WAV,recover-20241118,UBNA_027,Foliage
HF,55680.0,11.476064475745783,121.8305,121.8377,46953.0,68550.0,Pipistrellus pipistrellus,0.396,0.569,-1,Echolocation,192000.0,/mnt/ubna_data_04/recover-20241118/UBNA_027/20241109_023000.WAV,recover-20241118,UBNA_027,Foliage
HF,48960.0,10.597735866307465,121.9195,121.9278,46953.0,70394.0,Pipistrellus pipistrellus,0.412,0.567,-1,Echolocation,192000.0,/mnt/ubna_data_04/recover-20241118/UBNA_027/20241109_023000.WAV,recover-20241118,UBNA_027,Foliage
HF,48960.0,20.39659661376806,123.1455,123.1502,46093.0,69807.0,Pipistrellus pipistrellus,0.548,0.623,-1,Echolocation,192000.0,/mnt/ubna_data_04/recover-20241118/UBNA_027/20241109_023000.WAV,recover-20241118,UBNA_027,Foliage
HF,52800.0,21.081013658188947,123.3155,123.3213,47812.0,67198.0,Pipistrellus pipistrellus,0.427,0.536,-1,Echolocation,192000.0,/mnt/ubna_data_04/recover-20241118/UBNA_027/20241109_023000.WAV,recover-20241118,UBNA_027,Foliage
HF,53760.0,29.93417055689857,123.5685,123.5741,45234.0,74536.0,Pipistrellus pipistrellus,0.428,0.537,-1,Echolocation,192000.0,/mnt/ubna_data_04/recover-20241118/UBNA_027/20241109_023000.WAV,recover-20241118,UBNA_027,Foliage
HF,48000.0,20.725507137812134,124.5465,124.5514,41796.0,74691.0,Myotis alcathoe,0.401,0.526,-1,Echolocation,192000.0,/mnt/ubna_data_04/recover-20241118/UBNA_027/20241109_023000.WAV,recover-20241118,UBNA_027,Foliage
HF,47040.0,10.144581980189308,125.8065,125.8114,45234.0,60397.0,Pipistrellus pipistrellus,0.403,0.523,-1,Echolocation,192000.0,/mnt/ubna_data_04/recover-20241118/UBNA_027/20241109_023000.WAV,recover-20241118,UBNA_027,Foliage
HF,47040.0,6.970585406081861,125.8885,125.8938,46093.0,57096.0,Pipistrellus pipistrellus,0.509,0.533,-1,Echolocation,192000.0,/mnt/ubna_data_04/recover-20241118/UBNA_027/20241109_023000.WAV,recover-20241118,UBNA_027,Foliage
HF,52800.0,8.254603210963099,129.3795,129.3838,48671.0,60114.0,Pipistrellus pipistrellus,0.466,0.519,-1,Echolocation,192000.0,/mnt/ubna_data_04/recover-20241118/UBNA_027/20241109_023000.WAV,recover-20241118,UBNA_027,Foliage
HF,51840.0,17.64122926144319,129.4665,129.4714,47812.0,69669.0,Pipistrellus pipistrellus,0.525,0.622,-1,Echolocation,192000.0,/mnt/ubna_data_04/recover-20241118/UBNA_027/20241109_023000.WAV,recover-20241118,UBNA_027,Foliage
HF,47040.0,15.903204852460938,129.7145,129.7209,44375.0,67595.0,Pipistrellus pipistrellus,0.5,0.698,-1,Echolocation,192000.0,/mnt/ubna_data_04/recover-20241118/UBNA_027/20241109_023000.WAV,recover-20241118,UBNA_027,Foliage
HF,47040.0,7.654087385040907,129.9005,129.9062,46953.0,57870.0,Pipistrellus pipistrellus,0.484,0.563,-1,Echolocation,192000.0,/mnt/ubna_data_04/recover-20241118/UBNA_027/20241109_023000.WAV,recover-20241118,UBNA_027,Foliage
HF,46080.0,7.462242008302143,130.1315,130.1373,45234.0,58446.0,Pipistrellus pipistrellus,0.412,0.567,-1,Echolocation,192000.0,/mnt/ubna_data_04/recover-20241118/UBNA_027/20241109_023000.WAV,recover-20241118,UBNA_027,Foliage
HF,48000.0,10.733121258085717,149.0855,149.09,46953.0,60953.0,Pipistrellus pipistrellus,0.56,0.604,-1,Echolocation,192000.0,/mnt/ubna_data_04/recover-20241118/UBNA_027/20241109_023000.WAV,recover-20241118,UBNA_027,Foliage
HF,48000.0,8.394965836495643,149.1825,149.188,46953.0,63695.0,Pipistrellus pipistrellus,0.509,0.594,-1,Echolocation,192000.0,/mnt/ubna_data_04/recover-20241118/UBNA_027/20241109_023000.WAV,recover-20241118,UBNA_027,Foliage
HF,48000.0,15.314388862137175,149.4095,149.4145,46093.0,63039.0,Pipistrellus pipistrellus,0.521,0.612,-1,Echolocation,192000.0,/mnt/ubna_data_04/recover-20241118/UBNA_027/20241109_023000.WAV,recover-20241118,UBNA_027,Foliage
HF,48000.0,12.864708457267884,149.5045,149.5094,46093.0,58939.0,Pipistrellus pipistrellus,0.461,0.51,-1,Echolocation,192000.0,/mnt/ubna_data_04/recover-20241118/UBNA_027/20241109_023000.WAV,recover-20241118,UBNA_027,Foliage
HF,48000.0,9.895625474029776,150.0115,150.017,46953.0,54900.0,Pipistrellus pipistrellus,0.512,0.542,-1,Echolocation,192000.0,/mnt/ubna_data_04/recover-20241118/UBNA_027/20241109_023000.WAV,recover-20241118,UBNA_027,Foliage
HF,47040.0,5.6485719909691525,150.1155,150.1207,46953.0,56299.0,Pipistrellus pipistrellus,0.57,0.581,-1,Echolocation,192000.0,/mnt/ubna_data_04/recover-20241118/UBNA_027/20241109_023000.WAV,recover-20241118,UBNA_027,Foliage
HF,48000.0,9.05962400180851,150.2135,150.2199,46093.0,55696.0,Pipistrellus pipistrellus,0.509,0.595,-1,Echolocation,192000.0,/mnt/ubna_data_04/recover-20241118/UBNA_027/20241109_023000.WAV,recover-20241118,UBNA_027,Foliage
HF,47040.0,13.513913286892844,150.3175,150.3253,45234.0,60622.0,Pipistrellus pipistrellus,0.486,0.656,-1,Echolocation,192000.0,/mnt/ubna_data_04/recover-20241118/UBNA_027/20241109_023000.WAV,recover-20241118,UBNA_027,Foliage
HF,48000.0,7.930457345875139,150.5465,150.5526,46093.0,58564.0,Pipistrellus pipistrellus,0.497,0.54,-1,Echolocation,192000.0,/mnt/ubna_data_04/recover-20241118/UBNA_027/20241109_023000.WAV,recover-20241118,UBNA_027,Foliage
HF,46080.0,17.689001431364538,150.6585,150.668,45234.0,65487.0,Pipistrellus pipistrellus,0.463,0.647,-1,Echolocation,192000.0,/mnt/ubna_data_04/recover-20241118/UBNA_027/20241109_023000.WAV,recover-20241118,UBNA_027,Foliage
HF,47040.0,16.782571733782536,151.0875,151.0952,46093.0,60797.0,Pipistrellus pipistrellus,0.515,0.653,-1,Echolocation,192000.0,/mnt/ubna_data_04/recover-20241118/UBNA_027/20241109_023000.WAV,recover-20241118,UBNA_027,Foliage
HF,55680.0,18.433712874684836,151.1915,151.2023,46093.0,64506.0,Pipistrellus pipistrellus,0.369,0.548,-1,Echolocation,192000.0,/mnt/ubna_data_04/recover-20241118/UBNA_027/20241109_023000.WAV,recover-20241118,UBNA_027,Foliage
HF,48000.0,8.937586432887654,151.2885,151.2961,47812.0,63362.0,Pipistrellus pipistrellus,0.449,0.525,-1,Echolocation,192000.0,/mnt/ubna_data_04/recover-20241118/UBNA_027/20241109_023000.WAV,recover-20241118,UBNA_027,Foliage
HF,47040.0,14.071637043473606,151.5895,151.5975,45234.0,63120.0,Pipistrellus pipistrellus,0.316,0.593,-1,Echolocation,192000.0,/mnt/ubna_data_04/recover-20241118/UBNA_027/20241109_023000.WAV,recover-20241118,UBNA_027,Foliage
HF,48000.0,12.151707698466943,152.1925,152.2006,46093.0,65123.0,Pipistrellus pipistrellus,0.459,0.669,-1,Echolocation,192000.0,/mnt/ubna_data_04/recover-20241118/UBNA_027/20241109_023000.WAV,recover-20241118,UBNA_027,Foliage
HF,47040.0,10.565346234690608,152.2895,152.2967,46093.0,63062.0,Pipistrellus pipistrellus,0.505,0.672,-1,Echolocation,192000.0,/mnt/ubna_data_04/recover-20241118/UBNA_027/20241109_023000.WAV,recover-20241118,UBNA_027,Foliage
HF,48000.0,6.398683687690246,152.3805,152.3871,45234.0,58163.0,Pipistrellus pipistrellus,0.48,0.512,-1,Echolocation,192000.0,/mnt/ubna_data_04/recover-20241118/UBNA_027/20241109_023000.WAV,recover-20241118,UBNA_027,Foliage
HF,51840.0,17.7217406679149,152.4865,152.4941,45234.0,64762.0,Pipistrellus pipistrellus,0.46,0.618,-1,Echolocation,192000.0,/mnt/ubna_data_04/recover-20241118/UBNA_027/20241109_023000.WAV,recover-20241118,UBNA_027,Foliage
HF,52800.0,18.04380042399231,152.5835,152.5894,46093.0,65592.0,Pipistrellus pipistrellus,0.537,0.624,-1,Echolocation,192000.0,/mnt/ubna_data_04/recover-20241118/UBNA_027/20241109_023000.WAV,recover-20241118,UBNA_027,Foliage
HF,48000.0,6.631700795553029,152.6825,152.6923,46953.0,62302.0,Pipistrellus pipistrellus,0.483,0.548,-1,Echolocation,192000.0,/mnt/ubna_data_04/recover-20241118/UBNA_027/20241109_023000.WAV,recover-20241118,UBNA_027,Foliage
HF,52800.0,19.26147084877284,152.7815,152.79,45234.0,63695.0,Pipistrellus pipistrellus,0.436,0.58,-1,Echolocation,192000.0,/mnt/ubna_data_04/recover-20241118/UBNA_027/20241109_023000.WAV,recover-20241118,UBNA_027,Foliage
HF,51840.0,19.49342652002852,153.0315,153.0397,46093.0,66497.0,Pipistrellus pipistrellus,0.445,0.62,-1,Echolocation,192000.0,/mnt/ubna_data_04/recover-20241118/UBNA_027/20241109_023000.WAV,recover-20241118,UBNA_027,Foliage
HF,48000.0,21.308815404572883,153.2445,153.2532,45234.0,63520.0,Pipistrellus pipistrellus,0.547,0.609,-1,Echolocation,192000.0,/mnt/ubna_data_04/recover-20241118/UBNA_027/20241109_023000.WAV,recover-20241118,UBNA_027,Foliage
HF,46080.0,14.752516176598288,153.4595,153.4689,44375.0,62271.0,Pipistrellus pipistrellus,0.536,0.668,-1,Echolocation,192000.0,/mnt/ubna_data_04/recover-20241118/UBNA_027/20241109_023000.WAV,recover-20241118,UBNA_027,Foliage
HF,47040.0,15.80980241088201,153.6785,153.6851,43515.0,59138.0,Pipistrellus pipistrellus,0.636,0.722,-1,Echolocation,192000.0,/mnt/ubna_data_04/recover-20241118/UBNA_027/20241109_023000.WAV,recover-20241118,UBNA_027,Foliage
HF,45120.0,14.629602362912584,153.9145,153.9221,43515.0,65962.0,Pipistrellus pipistrellus,0.616,0.661,-1,Echolocation,192000.0,/mnt/ubna_data_04/recover-20241118/UBNA_027/20241109_023000.WAV,recover-20241118,UBNA_027,Foliage
HF,46080.0,12.090505387710788,154.0225,154.0304,45234.0,60369.0,Pipistrellus pipistrellus,0.312,0.511,-1,Echolocation,192000.0,/mnt/ubna_data_04/recover-20241118/UBNA_027/20241109_023000.WAV,recover-20241118,UBNA_027,Foliage
HF,47040.0,8.271899220675396,154.2035,154.2084,45234.0,58707.0,Pipistrellus pipistrellus,0.537,0.577,-1,Echolocation,192000.0,/mnt/ubna_data_04/recover-20241118/UBNA_027/20241109_023000.WAV,recover-20241118,UBNA_027,Foliage
HF,46080.0,14.955208584504394,154.3995,154.4048,44375.0,62610.0,Pipistrellus pipistrellus,0.561,0.688,-1,Echolocation,192000.0,/mnt/ubna_data_04/recover-20241118/UBNA_027/20241109_023000.WAV,recover-20241118,UBNA_027,Foliage
HF,46080.0,4.088639424484108,154.6985,154.7064,45234.0,52102.0,Pipistrellus pipistrellus,0.458,0.513,-1,Echolocation,192000.0,/mnt/ubna_data_04/recover-20241118/UBNA_027/20241109_023000.WAV,recover-20241118,UBNA_027,Foliage
HF,52800.0,9.5847885742552,162.6805,162.6852,47812.0,62580.0,Pipistrellus pipistrellus,0.5,0.563,-1,Echolocation,192000.0,/mnt/ubna_data_04/recover-20241118/UBNA_027/20241109_023000.WAV,recover-20241118,UBNA_027,Foliage
HF,48960.0,8.610199665713013,162.9705,162.9754,47812.0,63447.0,Pipistrellus pipistrellus,0.621,0.679,-1,Echolocation,192000.0,/mnt/ubna_data_04/recover-20241118/UBNA_027/20241109_023000.WAV,recover-20241118,UBNA_027,Foliage
HF,48000.0,8.560647080379693,163.0775,163.0838,46953.0,63812.0,Pipistrellus pipistrellus,0.514,0.629,-1,Echolocation,192000.0,/mnt/ubna_data_04/recover-20241118/UBNA_027/20241109_023000.WAV,recover-20241118,UBNA_027,Foliage
HF,52800.0,14.531964397066286,163.2565,163.2637,46093.0,67388.0,Pipistrellus pipistrellus,0.613,0.706,-1,Echolocation,192000.0,/mnt/ubna_data_04/recover-20241118/UBNA_027/20241109_023000.WAV,recover-20241118,UBNA_027,Foliage
HF,53760.0,7.536874193094745,163.3445,163.3516,47812.0,63601.0,Pipistrellus pipistrellus,0.468,0.579,-1,Echolocation,192000.0,/mnt/ubna_data_04/recover-20241118/UBNA_027/20241109_023000.WAV,recover-20241118,UBNA_027,Foliage
HF,48000.0,17.603922140460643,163.44650000000001,163.4528,44375.0,67226.0,Pipistrellus pipistrellus,0.502,0.689,-1,Echolocation,192000.0,/mnt/ubna_data_04/recover-20241118/UBNA_027/20241109_023000.WAV,recover-20241118,UBNA_027,Foliage
HF,48000.0,12.921197137186313,163.6605,163.6668,46093.0,61734.0,Pipistrellus pipistrellus,0.467,0.597,-1,Echolocation,192000.0,/mnt/ubna_data_04/recover-20241118/UBNA_027/20241109_023000.WAV,recover-20241118,UBNA_027,Foliage
HF,48000.0,24.83977009222002,163.7645,163.7714,43515.0,70126.0,Pipistrellus pipistrellus,0.492,0.692,-1,Echolocation,192000.0,/mnt/ubna_data_04/recover-20241118/UBNA_027/20241109_023000.WAV,recover-20241118,UBNA_027,Foliage
HF,48000.0,9.845885527467706,163.8725,163.8776,46093.0,55542.0,Pipistrellus pipistrellus,0.573,0.6,-1,Echolocation,192000.0,/mnt/ubna_data_04/recover-20241118/UBNA_027/20241109_023000.WAV,recover-20241118,UBNA_027,Foliage
HF,47040.0,22.000002500270558,163.9845,163.9915,45234.0,66549.0,Pipistrellus pipistrellus,0.567,0.73,-1,Echolocation,192000.0,/mnt/ubna_data_04/recover-20241118/UBNA_027/20241109_023000.WAV,recover-20241118,UBNA_027,Foliage
HF,47040.0,20.291496708392746,164.2325,164.2384,45234.0,63158.0,Pipistrellus pipistrellus,0.522,0.681,-1,Echolocation,192000.0,/mnt/ubna_data_04/recover-20241118/UBNA_027/20241109_023000.WAV,recover-20241118,UBNA_027,Foliage
HF,48000.0,16.773833095635883,164.4335,164.4404,45234.0,57664.0,Pipistrellus pipistrellus,0.398,0.513,-1,Echolocation,192000.0,/mnt/ubna_data_04/recover-20241118/UBNA_027/20241109_023000.WAV,recover-20241118,UBNA_027,Foliage
HF,47040.0,13.050888295760053,165.3475,165.3529,45234.0,59407.0,Pipistrellus pipistrellus,0.557,0.668,-1,Echolocation,192000.0,/mnt/ubna_data_04/recover-20241118/UBNA_027/20241109_023000.WAV,recover-20241118,UBNA_027,Foliage
HF,51840.0,5.571632357077472,165.5205,165.52609999999999,47812.0,61736.0,Pipistrellus pipistrellus,0.459,0.511,-1,Echolocation,192000.0,/mnt/ubna_data_04/recover-20241118/UBNA_027/20241109_023000.WAV,recover-20241118,UBNA_027,Foliage
HF,52800.0,4.814320122780949,173.5495,173.5547,47812.0,61413.0,Pipistrellus pipistrellus,0.541,0.662,-1,Echolocation,192000.0,/mnt/ubna_data_04/recover-20241118/UBNA_027/20241109_023000.WAV,recover-20241118,UBNA_027,Foliage
HF,52800.0,4.906285029211825,175.7155,175.7204,50390.0,61480.0,Pipistrellus pipistrellus,0.5,0.562,-1,Echolocation,192000.0,/mnt/ubna_data_04/recover-20241118/UBNA_027/20241109_023000.WAV,recover-20241118,UBNA_027,Foliage
HF,56640.0,10.358655057124405,176.3595,176.3646,48671.0,64948.0,Pipistrellus pipistrellus,0.528,0.613,-1,Echolocation,192000.0,/mnt/ubna_data_04/recover-20241118/UBNA_027/20241109_023000.WAV,recover-20241118,UBNA_027,Foliage
HF,57600.0,10.553287650994074,176.5455,176.5511,48671.0,66445.0,Pipistrellus pipistrellus,0.475,0.567,-1,Echolocation,192000.0,/mnt/ubna_data_04/recover-20241118/UBNA_027/20241109_023000.WAV,recover-20241118,UBNA_027,Foliage
HF,48960.0,2.652569599365491,176.9695,176.9752,47812.0,60275.0,Pipistrellus pipistrellus,0.479,0.514,-1,Echolocation,192000.0,/mnt/ubna_data_04/recover-20241118/UBNA_027/20241109_023000.WAV,recover-20241118,UBNA_027,Foliage
HF,48000.0,20.488889035058335,177.1585,177.1652,46093.0,69307.0,Pipistrellus pipistrellus,0.523,0.679,-1,Echolocation,192000.0,/mnt/ubna_data_04/recover-20241118/UBNA_027/20241109_023000.WAV,recover-20241118,UBNA_027,Foliage
HF,47040.0,6.399160222637933,177.4405,177.4467,46093.0,59618.0,Pipistrellus pipistrellus,0.588,0.65,-1,Echolocation,192000.0,/mnt/ubna_data_04/recover-20241118/UBNA_027/20241109_023000.WAV,recover-20241118,UBNA_027,Foliage
HF,48000.0,6.03824106072746,177.5375,177.5448,46953.0,54372.0,Pipistrellus pipistrellus,0.504,0.529,-1,Echolocation,192000.0,/mnt/ubna_data_04/recover-20241118/UBNA_027/20241109_023000.WAV,recover-20241118,UBNA_027,Foliage
HF,50880.0,13.894233816017794,177.6405,177.6475,46093.0,65391.0,Pipistrellus pipistrellus,0.511,0.696,-1,Echolocation,192000.0,/mnt/ubna_data_04/recover-20241118/UBNA_027/20241109_023000.WAV,recover-20241118,UBNA_027,Foliage
HF,48960.0,12.376757477459524,180.2795,180.2879,46953.0,62366.0,Pipistrellus pipistrellus,0.418,0.513,-1,Echolocation,192000.0,/mnt/ubna_data_04/recover-20241118/UBNA_027/20241109_023000.WAV,recover-20241118,UBNA_027,Foliage
HF,53760.0,15.435604185134626,180.5645,180.5743,46953.0,65686.0,Pipistrellus pipistrellus,0.377,0.521,-1,Echolocation,192000.0,/mnt/ubna_data_04/recover-20241118/UBNA_027/20241109_023000.WAV,recover-20241118,UBNA_027,Foliage
HF,47040.0,9.324951716784986,180.6595,180.6703,46093.0,64041.0,Pipistrellus pipistrellus,0.445,0.595,-1,Echolocation,192000.0,/mnt/ubna_data_04/recover-20241118/UBNA_027/20241109_023000.WAV,recover-20241118,UBNA_027,Foliage
HF,47040.0,9.075801180036168,180.7475,180.7538,46093.0,58622.0,Pipistrellus pipistrellus,0.474,0.584,-1,Echolocation,192000.0,/mnt/ubna_data_04/recover-20241118/UBNA_027/20241109_023000.WAV,recover-20241118,UBNA_027,Foliage
HF,54720.0,13.15554466761403,180.9385,180.9433,47812.0,61077.0,Pipistrellus pipistrellus,0.464,0.501,-1,Echolocation,192000.0,/mnt/ubna_data_04/recover-20241118/UBNA_027/20241109_023000.WAV,recover-20241118,UBNA_027,Foliage
HF,53760.0,19.02881092604724,181.1045,181.1107,48671.0,66281.0,Pipistrellus pipistrellus,0.479,0.55,-1,Echolocation,192000.0,/mnt/ubna_data_04/recover-20241118/UBNA_027/20241109_023000.WAV,recover-20241118,UBNA_027,Foliage
HF,52800.0,15.948882229868609,181.2475,181.253,46953.0,65967.0,Pipistrellus pipistrellus,0.422,0.549,-1,Echolocation,192000.0,/mnt/ubna_data_04/recover-20241118/UBNA_027/20241109_023000.WAV,recover-20241118,UBNA_027,Foliage
HF,54720.0,5.497557929106374,181.4305,181.4369,46953.0,62068.0,Pipistrellus pipistrellus,0.474,0.503,-1,Echolocation,192000.0,/mnt/ubna_data_04/recover-20241118/UBNA_027/20241109_023000.WAV,recover-20241118,UBNA_027,Foliage
HF,47040.0,22.390656798714772,181.5185,181.5285,45234.0,67431.0,Pipistrellus pipistrellus,0.471,0.628,-1,Echolocation,192000.0,/mnt/ubna_data_04/recover-20241118/UBNA_027/20241109_023000.WAV,recover-20241118,UBNA_027,Foliage
HF,51840.0,19.446964967222492,181.7175,181.726,46093.0,64955.0,Pipistrellus pipistrellus,0.443,0.606,-1,Echolocation,192000.0,/mnt/ubna_data_04/recover-20241118/UBNA_027/20241109_023000.WAV,recover-20241118,UBNA_027,Foliage
HF,46080.0,18.650581697447418,181.9285,181.9384,45234.0,60954.0,Pipistrellus pipistrellus,0.454,0.556,-1,Echolocation,192000.0,/mnt/ubna_data_04/recover-20241118/UBNA_027/20241109_023000.WAV,recover-20241118,UBNA_027,Foliage
HF,46080.0,12.237025902910148,182.2255,182.2316,45234.0,56909.0,Pipistrellus pipistrellus,0.638,0.671,-1,Echolocation,192000.0,/mnt/ubna_data_04/recover-20241118/UBNA_027/20241109_023000.WAV,recover-20241118,UBNA_027,Foliage
HF,48000.0,12.683188631024846,182.3185,182.3241,45234.0,60982.0,Pipistrellus pipistrellus,0.561,0.65,-1,Echolocation,192000.0,/mnt/ubna_data_04/recover-20241118/UBNA_027/20241109_023000.WAV,recover-20241118,UBNA_027,Foliage
HF,48960.0,7.936205057478144,182.3925,182.3976,47812.0,65922.0,Pipistrellus pipistrellus,0.606,0.692,-1,Echolocation,192000.0,/mnt/ubna_data_04/recover-20241118/UBNA_027/20241109_023000.WAV,recover-20241118,UBNA_027,Foliage
HF,47040.0,10.101109944164481,182.5585,182.5633,45234.0,59008.0,Pipistrellus pipistrellus,0.486,0.559,-1,Echolocation,192000.0,/mnt/ubna_data_04/recover-20241118/UBNA_027/20241109_023000.WAV,recover-20241118,UBNA_027,Foliage
HF,48000.0,11.283386803360141,182.6415,182.6463,46093.0,59969.0,Pipistrellus pipistrellus,0.494,0.524,-1,Echolocation,192000.0,/mnt/ubna_data_04/recover-20241118/UBNA_027/20241109_023000.WAV,recover-20241118,UBNA_027,Foliage
HF,48000.0,7.31694476427167,183.2005,183.2053,46953.0,60188.0,Pipistrellus pipistrellus,0.558,0.598,-1,Echolocation,192000.0,/mnt/ubna_data_04/recover-20241118/UBNA_027/20241109_023000.WAV,recover-20241118,UBNA_027,Foliage
HF,53760.0,6.30351501744129,183.5255,183.5302,46953.0,58618.0,Pipistrellus pipistrellus,0.552,0.578,-1,Echolocation,192000.0,/mnt/ubna_data_04/recover-20241118/UBNA_027/20241109_023000.WAV,recover-20241118,UBNA_027,Foliage
HF,52800.0,8.636811745402754,199.0045,199.0093,46093.0,64535.0,Pipistrellus pipistrellus,0.438,0.594,-1,Echolocation,192000.0,/mnt/ubna_data_04/recover-20241118/UBNA_027/20241109_023000.WAV,recover-20241118,UBNA_027,Foliage
HF,53760.0,7.2662069212720475,199.8245,199.8283,48671.0,65156.0,Pipistrellus pipistrellus,0.457,0.57,-1,Echolocation,192000.0,/mnt/ubna_data_04/recover-20241118/UBNA_027/20241109_023000.WAV,recover-20241118,UBNA_027,Foliage
HF,48960.0,13.64736344927672,200.0795,200.0846,46953.0,66099.0,Pipistrellus pipistrellus,0.498,0.6,-1,Echolocation,192000.0,/mnt/ubna_data_04/recover-20241118/UBNA_027/20241109_023000.WAV,recover-20241118,UBNA_027,Foliage
HF,47040.0,22.170045437861504,200.3775,200.3836,45234.0,67193.0,Pipistrellus pipistrellus,0.553,0.623,-1,Echolocation,192000.0,/mnt/ubna_data_04/recover-20241118/UBNA_027/20241109_023000.WAV,recover-20241118,UBNA_027,Foliage
HF,47040.0,8.346820620711833,200.67849999999999,200.6847,46953.0,57435.0,Pipistrellus pipistrellus,0.507,0.537,-1,Echolocation,192000.0,/mnt/ubna_data_04/recover-20241118/UBNA_027/20241109_023000.WAV,recover-20241118,UBNA_027,Foliage
HF,47040.0,20.975977438477255,200.7805,200.788,45234.0,65644.0,Pipistrellus pipistrellus,0.463,0.589,-1,Echolocation,192000.0,/mnt/ubna_data_04/recover-20241118/UBNA_027/20241109_023000.WAV,recover-20241118,UBNA_027,Foliage
HF,47040.0,13.687082806600888,200.8855,200.8927,46093.0,58868.0,Pipistrellus pipistrellus,0.498,0.63,-1,Echolocation,192000.0,/mnt/ubna_data_04/recover-20241118/UBNA_027/20241109_023000.WAV,recover-20241118,UBNA_027,Foliage
HF,48000.0,19.31356892354447,201.1285,201.1356,46093.0,61615.0,Pipistrellus pipistrellus,0.369,0.579,-1,Echolocation,192000.0,/mnt/ubna_data_04/recover-20241118/UBNA_027/20241109_023000.WAV,recover-20241118,UBNA_027,Foliage
HF,48000.0,15.089724887851068,201.3405,201.3485,45234.0,60663.0,Pipistrellus pipistrellus,0.486,0.596,-1,Echolocation,192000.0,/mnt/ubna_data_04/recover-20241118/UBNA_027/20241109_023000.WAV,recover-20241118,UBNA_027,Foliage
HF,47040.0,11.376116400323518,201.4445,201.4527,44375.0,58293.0,Pipistrellus pipistrellus,0.482,0.593,-1,Echolocation,192000.0,/mnt/ubna_data_04/recover-20241118/UBNA_027/20241109_023000.WAV,recover-20241118,UBNA_027,Foliage
HF,51840.0,10.976661191613161,221.2745,221.2797,46093.0,65024.0,Pipistrellus pipistrellus,0.555,0.647,-1,Echolocation,192000.0,/mnt/ubna_data_04/recover-20241118/UBNA_027/20241109_023000.WAV,recover-20241118,UBNA_027,Foliage
HF,48960.0,7.205360663295913,221.3695,221.3747,46953.0,55903.0,Pipistrellus pipistrellus,0.511,0.525,-1,Echolocation,192000.0,/mnt/ubna_data_04/recover-20241118/UBNA_027/20241109_023000.WAV,recover-20241118,UBNA_027,Foliage
HF,48000.0,6.77547534358062,221.4575,221.4641,46953.0,60513.0,Pipistrellus pipistrellus,0.455,0.516,-1,Echolocation,192000.0,/mnt/ubna_data_04/recover-20241118/UBNA_027/20241109_023000.WAV,recover-20241118,UBNA_027,Foliage
HF,48000.0,7.7593244214611365,221.6415,221.6474,46093.0,60711.0,Pipistrellus pipistrellus,0.518,0.615,-1,Echolocation,192000.0,/mnt/ubna_data_04/recover-20241118/UBNA_027/20241109_023000.WAV,recover-20241118,UBNA_027,Foliage
HF,48960.0,3.161231100629678,221.8255,221.832,47812.0,59160.0,Pipistrellus pipistrellus,0.556,0.604,-1,Echolocation,192000.0,/mnt/ubna_data_04/recover-20241118/UBNA_027/20241109_023000.WAV,recover-20241118,UBNA_027,Foliage
HF,48000.0,9.16443775727997,221.9175,221.9235,45234.0,60802.0,Pipistrellus pipistrellus,0.464,0.601,-1,Echolocation,192000.0,/mnt/ubna_data_04/recover-20241118/UBNA_027/20241109_023000.WAV,recover-20241118,UBNA_027,Foliage
HF,48000.0,2.6905484269760094,222.0095,222.016,46953.0,61895.0,Pipistrellus pipistrellus,0.537,0.574,-1,Echolocation,192000.0,/mnt/ubna_data_04/recover-20241118/UBNA_027/20241109_023000.WAV,recover-20241118,UBNA_027,Foliage
HF,48000.0,2.7322894546137775,222.0975,222.1035,47812.0,60152.0,Pipistrellus pipistrellus,0.469,0.521,-1,Echolocation,192000.0,/mnt/ubna_data_04/recover-20241118/UBNA_027/20241109_023000.WAV,recover-20241118,UBNA_027,Foliage
HF,47040.0,8.312213378384984,222.1905,222.197,46953.0,62821.0,Pipistrellus pipistrellus,0.475,0.598,-1,Echolocation,192000.0,/mnt/ubna_data_04/recover-20241118/UBNA_027/20241109_023000.WAV,recover-20241118,UBNA_027,Foliage
HF,51840.0,7.946292270113437,222.2885,222.29410000000001,50390.0,65453.0,Pipistrellus pipistrellus,0.485,0.551,-1,Echolocation,192000.0,/mnt/ubna_data_04/recover-20241118/UBNA_027/20241109_023000.WAV,recover-20241118,UBNA_027,Foliage
HF,52800.0,12.957676486054323,222.3605,222.365,48671.0,63477.0,Pipistrellus pipistrellus,0.592,0.635,-1,Echolocation,192000.0,/mnt/ubna_data_04/recover-20241118/UBNA_027/20241109_023000.WAV,recover-20241118,UBNA_027,Foliage
HF,53760.0,6.074553765218806,222.4475,222.4561,48671.0,68172.0,Pipistrellus pipistrellus,0.438,0.537,-1,Echolocation,192000.0,/mnt/ubna_data_04/recover-20241118/UBNA_027/20241109_023000.WAV,recover-20241118,UBNA_027,Foliage
HF,56640.0,11.329080559352082,222.7225,222.7302,45234.0,69092.0,Pipistrellus pipistrellus,0.495,0.607,-1,Echolocation,192000.0,/mnt/ubna_data_04/recover-20241118/UBNA_027/20241109_023000.WAV,recover-20241118,UBNA_027,Foliage
HF,51840.0,10.999998199419693,222.8155,222.8219,46953.0,65623.0,Pipistrellus pipistrellus,0.541,0.693,-1,Echolocation,192000.0,/mnt/ubna_data_04/recover-20241118/UBNA_027/20241109_023000.WAV,recover-20241118,UBNA_027,Foliage
HF,47040.0,5.7396905724967615,223.0985,223.1055,45234.0,53521.0,Pipistrellus pipistrellus,0.507,0.559,-1,Echolocation,192000.0,/mnt/ubna_data_04/recover-20241118/UBNA_027/20241109_023000.WAV,recover-20241118,UBNA_027,Foliage
HF,47040.0,17.106406404980415,223.1855,223.193,45234.0,64689.0,Pipistrellus pipistrellus,0.608,0.682,-1,Echolocation,192000.0,/mnt/ubna_data_04/recover-20241118/UBNA_027/20241109_023000.WAV,recover-20241118,UBNA_027,Foliage
HF,47040.0,7.559381219313531,223.2855,223.2913,45234.0,52845.0,Pipistrellus pipistrellus,0.509,0.535,-1,Echolocation,192000.0,/mnt/ubna_data_04/recover-20241118/UBNA_027/20241109_023000.WAV,recover-20241118,UBNA_027,Foliage
HF,46080.0,13.435590188677786,223.3895,223.3962,45234.0,58327.0,Pipistrellus pipistrellus,0.503,0.68,-1,Echolocation,192000.0,/mnt/ubna_data_04/recover-20241118/UBNA_027/20241109_023000.WAV,recover-20241118,UBNA_027,Foliage
HF,48960.0,8.222265404394765,223.4965,223.5026,46953.0,60724.0,Pipistrellus pipistrellus,0.552,0.599,-1,Echolocation,192000.0,/mnt/ubna_data_04/recover-20241118/UBNA_027/20241109_023000.WAV,recover-20241118,UBNA_027,Foliage
HF,48960.0,18.02133600032905,223.6015,223.6105,46093.0,68195.0,Pipistrellus pipistrellus,0.414,0.541,-1,Echolocation,192000.0,/mnt/ubna_data_04/recover-20241118/UBNA_027/20241109_023000.WAV,recover-20241118,UBNA_027,Foliage
HF,48000.0,16.917892772519494,223.9395,223.9475,46093.0,65365.0,Pipistrellus pipistrellus,0.465,0.664,-1,Echolocation,192000.0,/mnt/ubna_data_04/recover-20241118/UBNA_027/20241109_023000.WAV,recover-20241118,UBNA_027,Foliage
HF,47040.0,18.138518379638967,224.0465,224.0559,45234.0,67704.0,Pipistrellus pipistrellus,0.482,0.629,-1,Echolocation,192000.0,/mnt/ubna_data_04/recover-20241118/UBNA_027/20241109_023000.WAV,recover-20241118,UBNA_027,Foliage
HF,48960.0,11.07390918423254,225.4075,225.417,46953.0,61091.0,Pipistrellus pipistrellus,0.418,0.5,-1,Echolocation,192000.0,/mnt/ubna_data_04/recover-20241118/UBNA_027/20241109_023000.WAV,recover-20241118,UBNA_027,Foliage
HF,53760.0,13.819855250855277,225.5045,225.5126,45234.0,64134.0,Pipistrellus pipistrellus,0.438,0.659,-1,Echolocation,192000.0,/mnt/ubna_data_04/recover-20241118/UBNA_027/20241109_023000.WAV,recover-20241118,UBNA_027,Foliage
HF,47040.0,11.535594494419847,225.5975,225.6055,46953.0,61265.0,Pipistrellus pipistrellus,0.504,0.564,-1,Echolocation,192000.0,/mnt/ubna_data_04/recover-20241118/UBNA_027/20241109_023000.WAV,recover-20241118,UBNA_027,Foliage
HF,46080.0,20.65787130661252,225.6935,225.703,45234.0,66293.0,Pipistrellus pipistrellus,0.32,0.5,-1,Echolocation,192000.0,/mnt/ubna_data_04/recover-20241118/UBNA_027/20241109_023000.WAV,recover-20241118,UBNA_027,Foliage
HF,47040.0,10.006785640538773,225.7875,225.7982,46953.0,54527.0,Pipistrellus pipistrellus,0.508,0.555,-1,Echolocation,192000.0,/mnt/ubna_data_04/recover-20241118/UBNA_027/20241109_023000.WAV,recover-20241118,UBNA_027,Foliage
HF,46080.0,23.958406354834864,225.8835,225.8914,43515.0,66614.0,Pipistrellus pipistrellus,0.565,0.647,-1,Echolocation,192000.0,/mnt/ubna_data_04/recover-20241118/UBNA_027/20241109_023000.WAV,recover-20241118,UBNA_027,Foliage
HF,46080.0,19.068581729012003,226.16649999999998,226.1766,44375.0,62233.0,Pipistrellus pipistrellus,0.479,0.614,-1,Echolocation,192000.0,/mnt/ubna_data_04/recover-20241118/UBNA_027/20241109_023000.WAV,recover-20241118,UBNA_027,Foliage
HF,47040.0,17.093242228639134,226.2705,226.2783,45234.0,60826.0,Pipistrellus pipistrellus,0.562,0.611,-1,Echolocation,192000.0,/mnt/ubna_data_04/recover-20241118/UBNA_027/20241109_023000.WAV,recover-20241118,UBNA_027,Foliage
HF,46080.0,18.842226539359356,226.47050000000002,226.4797,44375.0,60734.0,Pipistrellus pipistrellus,0.464,0.608,-1,Echolocation,192000.0,/mnt/ubna_data_04/recover-20241118/UBNA_027/20241109_023000.WAV,recover-20241118,UBNA_027,Foliage
HF,47040.0,16.505472202254353,226.6905,226.6967,44375.0,58873.0,Pipistrellus pipistrellus,0.618,0.656,-1,Echolocation,192000.0,/mnt/ubna_data_04/recover-20241118/UBNA_027/20241109_023000.WAV,recover-20241118,UBNA_027,Foliage
HF,48960.0,15.930951724891669,226.9055,226.9126,44375.0,63611.0,Pipistrellus pipistrellus,0.533,0.609,-1,Echolocation,192000.0,/mnt/ubna_data_04/recover-20241118/UBNA_027/20241109_023000.WAV,recover-20241118,UBNA_027,Foliage
HF,46080.0,11.077813442845734,227.1925,227.1989,44375.0,58751.0,Pipistrellus pipistrellus,0.535,0.596,-1,Echolocation,192000.0,/mnt/ubna_data_04/recover-20241118/UBNA_027/20241109_023000.WAV,recover-20241118,UBNA_027,Foliage
HF,47040.0,10.554753523364857,227.3835,227.3903,46093.0,59751.0,Pipistrellus pipistrellus,0.54,0.63,-1,Echolocation,192000.0,/mnt/ubna_data_04/recover-20241118/UBNA_027/20241109_023000.WAV,recover-20241118,UBNA_027,Foliage
HF,46080.0,12.691084061178959,227.4985,227.5039,45234.0,59561.0,Pipistrellus pipistrellus,0.499,0.562,-1,Echolocation,192000.0,/mnt/ubna_data_04/recover-20241118/UBNA_027/20241109_023000.WAV,recover-20241118,UBNA_027,Foliage
HF,48000.0,2.3961192485690295,227.6815,227.6866,47812.0,61862.0,Pipistrellus pipistrellus,0.508,0.536,-1,Echolocation,192000.0,/mnt/ubna_data_04/recover-20241118/UBNA_027/20241109_023000.WAV,recover-20241118,UBNA_027,Foliage
HF,47040.0,7.0478311271146,227.7735,227.7803,45234.0,58059.0,Pipistrellus pipistrellus,0.324,0.582,-1,Echolocation,192000.0,/mnt/ubna_data_04/recover-20241118/UBNA_027/20241109_023000.WAV,recover-20241118,UBNA_027,Foliage
HF,47040.0,5.417690513924859,264.5285,264.5342,46953.0,61124.0,Pipistrellus pipistrellus,0.44,0.542,-1,Echolocation,192000.0,/mnt/ubna_data_04/recover-20241118/UBNA_027/20241109_023000.WAV,recover-20241118,UBNA_027,Foliage
HF,47040.0,6.422004460824252,264.6255,264.6305,46953.0,60519.0,Pipistrellus pipistrellus,0.595,0.629,-1,Echolocation,192000.0,/mnt/ubna_data_04/recover-20241118/UBNA_027/20241109_023000.WAV,recover-20241118,UBNA_027,Foliage
HF,47040.0,6.217169713456756,264.8245,264.8299,46953.0,56951.0,Pipistrellus pipistrellus,0.57,0.616,-1,Echolocation,192000.0,/mnt/ubna_data_04/recover-20241118/UBNA_027/20241109_023000.WAV,recover-20241118,UBNA_027,Foliage
HF,46080.0,8.425602824118041,264.9305,264.9368,45234.0,61365.0,Pipistrellus pipistrellus,0.562,0.649,-1,Echolocation,192000.0,/mnt/ubna_data_04/recover-20241118/UBNA_027/20241109_023000.WAV,recover-20241118,UBNA_027,Foliage
HF,48000.0,10.887618591109208,265.0365,265.0424,46093.0,62364.0,Pipistrellus pipistrellus,0.613,0.724,-1,Echolocation,192000.0,/mnt/ubna_data_04/recover-20241118/UBNA_027/20241109_023000.WAV,recover-20241118,UBNA_027,Foliage
HF,47040.0,11.676092947973743,265.1425,265.1487,46093.0,64166.0,Pipistrellus pipistrellus,0.533,0.664,-1,Echolocation,192000.0,/mnt/ubna_data_04/recover-20241118/UBNA_027/20241109_023000.WAV,recover-20241118,UBNA_027,Foliage
HF,48000.0,18.38447404554594,265.2455,265.2518,46093.0,66440.0,Pipistrellus pipistrellus,0.59,0.678,-1,Echolocation,192000.0,/mnt/ubna_data_04/recover-20241118/UBNA_027/20241109_023000.WAV,recover-20241118,UBNA_027,Foliage
HF,48000.0,14.4521890364061,265.4035,265.4089,45234.0,64979.0,Pipistrellus pipistrellus,0.567,0.648,-1,Echolocation,192000.0,/mnt/ubna_data_04/recover-20241118/UBNA_027/20241109_023000.WAV,recover-20241118,UBNA_027,Foliage
HF,48000.0,12.463184191730637,265.4985,265.5044,46093.0,67105.0,Pipistrellus pipistrellus,0.584,0.7,-1,Echolocation,192000.0,/mnt/ubna_data_04/recover-20241118/UBNA_027/20241109_023000.WAV,recover-20241118,UBNA_027,Foliage
HF,48000.0,10.552358271909682,265.6015,265.6072,46953.0,60137.0,Pipistrellus pipistrellus,0.544,0.596,-1,Echolocation,192000.0,/mnt/ubna_data_04/recover-20241118/UBNA_027/20241109_023000.WAV,recover-20241118,UBNA_027,Foliage
HF,48000.0,21.9654793425005,265.7065,265.7123,43515.0,68766.0,Pipistrellus pipistrellus,0.502,0.641,-1,Echolocation,192000.0,/mnt/ubna_data_04/recover-20241118/UBNA_027/20241109_023000.WAV,recover-20241118,UBNA_027,Foliage
HF,46080.0,16.500292985766244,265.8205,265.8259,45234.0,59537.0,Pipistrellus pipistrellus,0.631,0.663,-1,Echolocation,192000.0,/mnt/ubna_data_04/recover-20241118/UBNA_027/20241109_023000.WAV,recover-20241118,UBNA_027,Foliage
HF,47040.0,11.25241606956175,265.9235,265.929,46093.0,55977.0,Pipistrellus pipistrellus,0.527,0.58,-1,Echolocation,192000.0,/mnt/ubna_data_04/recover-20241118/UBNA_027/20241109_023000.WAV,recover-20241118,UBNA_027,Foliage
HF,46080.0,26.183431670919784,266.0315,266.0378,43515.0,62509.0,Pipistrellus pipistrellus,0.498,0.573,-1,Echolocation,192000.0,/mnt/ubna_data_04/recover-20241118/UBNA_027/20241109_023000.WAV,recover-20241118,UBNA_027,Foliage
HF,46080.0,8.086916077303414,266.1465,266.1527,46093.0,54141.0,Pipistrellus pipistrellus,0.558,0.599,-1,Echolocation,192000.0,/mnt/ubna_data_04/recover-20241118/UBNA_027/20241109_023000.WAV,recover-20241118,UBNA_027,Foliage
HF,46080.0,11.046859723635771,266.2595,266.2677,45234.0,57246.0,Pipistrellus pipistrellus,0.58,0.697,-1,Echolocation,192000.0,/mnt/ubna_data_04/recover-20241118/UBNA_027/20241109_023000.WAV,recover-20241118,UBNA_027,Foliage
HF,47040.0,23.737175532144224,266.3735,266.3805,44375.0,60989.0,Pipistrellus pipistrellus,0.573,0.705,-1,Echolocation,192000.0,/mnt/ubna_data_04/recover-20241118/UBNA_027/20241109_023000.WAV,recover-20241118,UBNA_027,Foliage
HF,47040.0,11.742689510472093,267.5315,267.5426,45234.0,62457.0,Pipistrellus pipistrellus,0.407,0.533,-1,Echolocation,192000.0,/mnt/ubna_data_04/recover-20241118/UBNA_027/20241109_023000.WAV,recover-20241118,UBNA_027,Foliage
HF,48000.0,6.704511924672012,277.3415,277.347,47812.0,58402.0,Pipistrellus pipistrellus,0.565,0.616,-1,Echolocation,192000.0,/mnt/ubna_data_04/recover-20241118/UBNA_027/20241109_023000.WAV,recover-20241118,UBNA_027,Foliage
HF,51840.0,4.8687477305758495,277.5355,277.54110000000003,48671.0,62642.0,Pipistrellus pipistrellus,0.46,0.526,-1,Echolocation,192000.0,/mnt/ubna_data_04/recover-20241118/UBNA_027/20241109_023000.WAV,recover-20241118,UBNA_027,Foliage
HF,48000.0,3.456976634515036,277.6395,277.64639999999997,46953.0,62156.0,Pipistrellus pipistrellus,0.435,0.522,-1,Echolocation,192000.0,/mnt/ubna_data_04/recover-20241118/UBNA_027/20241109_023000.WAV,recover-20241118,UBNA_027,Foliage
HF,49920.0,10.810974496656257,277.7345,277.7397,47812.0,61457.0,Pipistrellus pipistrellus,0.608,0.666,-1,Echolocation,192000.0,/mnt/ubna_data_04/recover-20241118/UBNA_027/20241109_023000.WAV,recover-20241118,UBNA_027,Foliage
HF,47040.0,5.851655512024232,277.8365,277.8419,46093.0,60471.0,Pipistrellus pipistrellus,0.53,0.616,-1,Echolocation,192000.0,/mnt/ubna_data_04/recover-20241118/UBNA_027/20241109_023000.WAV,recover-20241118,UBNA_027,Foliage
HF,52800.0,8.96092660667756,277.9345,277.9406,46093.0,62871.0,Pipistrellus pipistrellus,0.484,0.581,-1,Echolocation,192000.0,/mnt/ubna_data_04/recover-20241118/UBNA_027/20241109_023000.WAV,recover-20241118,UBNA_027,Foliage
HF,52800.0,10.46551602405623,278.0275,278.0327,46953.0,62685.0,Pipistrellus pipistrellus,0.573,0.66,-1,Echolocation,192000.0,/mnt/ubna_data_04/recover-20241118/UBNA_027/20241109_023000.WAV,recover-20241118,UBNA_027,Foliage
HF,47040.0,12.324847774304244,278.1225,278.1277,45234.0,65328.0,Pipistrellus pipistrellus,0.585,0.689,-1,Echolocation,192000.0,/mnt/ubna_data_04/recover-20241118/UBNA_027/20241109_023000.WAV,recover-20241118,UBNA_027,Foliage
HF,52800.0,16.216688855613683,278.2255,278.2314,44375.0,66706.0,Pipistrellus pipistrellus,0.579,0.634,-1,Echolocation,192000.0,/mnt/ubna_data_04/recover-20241118/UBNA_027/20241109_023000.WAV,recover-20241118,UBNA_027,Foliage
HF,47040.0,13.655379213897945,278.3285,278.3342,45234.0,63573.0,Pipistrellus pipistrellus,0.627,0.673,-1,Echolocation,192000.0,/mnt/ubna_data_04/recover-20241118/UBNA_027/20241109_023000.WAV,recover-20241118,UBNA_027,Foliage
HF,46080.0,24.693285917970083,278.4335,278.4401,44375.0,70279.0,Pipistrellus pipistrellus,0.549,0.678,-1,Echolocation,192000.0,/mnt/ubna_data_04/recover-20241118/UBNA_027/20241109_023000.WAV,recover-20241118,UBNA_027,Foliage
HF,48000.0,5.551604362106009,278.5355,278.5403,46093.0,58530.0,Pipistrellus pipistrellus,0.57,0.611,-1,Echolocation,192000.0,/mnt/ubna_data_04/recover-20241118/UBNA_027/20241109_023000.WAV,recover-20241118,UBNA_027,Foliage
HF,46080.0,13.109404427388904,278.6415,278.6478,46093.0,60294.0,Pipistrellus pipistrellus,0.608,0.677,-1,Echolocation,192000.0,/mnt/ubna_data_04/recover-20241118/UBNA_027/20241109_023000.WAV,recover-20241118,UBNA_027,Foliage
HF,48960.0,12.824421774380074,278.7465,278.7522,45234.0,63188.0,Pipistrellus pipistrellus,0.588,0.64,-1,Echolocation,192000.0,/mnt/ubna_data_04/recover-20241118/UBNA_027/20241109_023000.WAV,recover-20241118,UBNA_027,Foliage
HF,46080.0,8.308151975986823,278.8505,278.8579,46093.0,58105.0,Pipistrellus pipistrellus,0.551,0.685,-1,Echolocation,192000.0,/mnt/ubna_data_04/recover-20241118/UBNA_027/20241109_023000.WAV,recover-20241118,UBNA_027,Foliage
HF,48000.0,5.891433494912705,278.9645,278.9702,46953.0,56350.0,Pipistrellus pipistrellus,0.531,0.542,-1,Echolocation,192000.0,/mnt/ubna_data_04/recover-20241118/UBNA_027/20241109_023000.WAV,recover-20241118,UBNA_027,Foliage
HF,48000.0,19.890342363789465,279.0705,279.0782,44375.0,68215.0,Pipistrellus pipistrellus,0.589,0.681,-1,Echolocation,192000.0,/mnt/ubna_data_04/recover-20241118/UBNA_027/20241109_023000.WAV,recover-20241118,UBNA_027,Foliage
HF,46080.0,14.268685604059677,279.6055,279.6146,45234.0,62153.0,Pipistrellus pipistrellus,0.434,0.587,-1,Echolocation,192000.0,/mnt/ubna_data_04/recover-20241118/UBNA_027/20241109_023000.WAV,recover-20241118,UBNA_027,Foliage
HF,51840.0,13.603785189636714,280.9785,280.9873,47812.0,63863.0,Pipistrellus pipistrellus,0.43,0.52,-1,Echolocation,192000.0,/mnt/ubna_data_04/recover-20241118/UBNA_027/20241109_023000.WAV,recover-20241118,UBNA_027,Foliage
HF,48000.0,13.464399439936477,281.1605,281.1699,46953.0,64419.0,Pipistrellus pipistrellus,0.385,0.504,-1,Echolocation,192000.0,/mnt/ubna_data_04/recover-20241118/UBNA_027/20241109_023000.WAV,recover-20241118,UBNA_027,Foliage
HF,47040.0,12.39071993261131,281.3555,281.3659,45234.0,60169.0,Pipistrellus pipistrellus,0.41,0.541,-1,Echolocation,192000.0,/mnt/ubna_data_04/recover-20241118/UBNA_027/20241109_023000.WAV,recover-20241118,UBNA_027,Foliage
HF,48000.0,7.316474720918748,281.4535,281.4619,46953.0,56110.0,Pipistrellus pipistrellus,0.567,0.614,-1,Echolocation,192000.0,/mnt/ubna_data_04/recover-20241118/UBNA_027/20241109_023000.WAV,recover-20241118,UBNA_027,Foliage
HF,46080.0,19.779377990645415,281.5525,281.5633,43515.0,64342.0,Pipistrellus pipistrellus,0.436,0.606,-1,Echolocation,192000.0,/mnt/ubna_data_04/recover-20241118/UBNA_027/20241109_023000.WAV,recover-20241118,UBNA_027,Foliage
HF,46080.0,5.705788098430507,281.7545,281.7612,45234.0,57244.0,Pipistrellus pipistrellus,0.555,0.612,-1,Echolocation,192000.0,/mnt/ubna_data_04/recover-20241118/UBNA_027/20241109_023000.WAV,recover-20241118,UBNA_027,Foliage
HF,46080.0,17.811508705389574,281.8505,281.8591,43515.0,62967.0,Pipistrellus pipistrellus,0.536,0.627,-1,Echolocation,192000.0,/mnt/ubna_data_04/recover-20241118/UBNA_027/20241109_023000.WAV,recover-20241118,UBNA_027,Foliage
HF,46080.0,15.12821661085908,282.0585,282.0645,43515.0,58612.0,Pipistrellus pipistrellus,0.447,0.568,-1,Echolocation,192000.0,/mnt/ubna_data_04/recover-20241118/UBNA_027/20241109_023000.WAV,recover-20241118,UBNA_027,Foliage
HF,46080.0,16.316842983001933,282.1585,282.1646,44375.0,63338.0,Pipistrellus pipistrellus,0.417,0.685,-1,Echolocation,192000.0,/mnt/ubna_data_04/recover-20241118/UBNA_027/20241109_023000.WAV,recover-20241118,UBNA_027,Foliage
HF,52800.0,8.384865231067591,282.3525,282.3573,46093.0,59410.0,Pipistrellus pipistrellus,0.403,0.62,-1,Echolocation,192000.0,/mnt/ubna_data_04/recover-20241118/UBNA_027/20241109_023000.WAV,recover-20241118,UBNA_027,Foliage
HF,52800.0,9.34859576517647,294.2345,294.2387,50390.0,63588.0,Pipistrellus pipistrellus,0.484,0.558,-1,Echolocation,192000.0,/mnt/ubna_data_04/recover-20241118/UBNA_027/20241109_023000.WAV,recover-20241118,UBNA_027,Foliage
HF,52800.0,9.706282240995348,294.4135,294.4178,48671.0,60568.0,Pipistrellus pipistrellus,0.511,0.595,-1,Echolocation,192000.0,/mnt/ubna_data_04/recover-20241118/UBNA_027/20241109_023000.WAV,recover-20241118,UBNA_027,Foliage
HF,49920.0,3.5543387805762405,294.5065,294.5118,48671.0,62525.0,Pipistrellus pipistrellus,0.46,0.556,-1,Echolocation,192000.0,/mnt/ubna_data_04/recover-20241118/UBNA_027/20241109_023000.WAV,recover-20241118,UBNA_027,Foliage
HF,52800.0,7.7316572077046795,294.60450000000003,294.6086,48671.0,62088.0,Pipistrellus pipistrellus,0.547,0.598,-1,Echolocation,192000.0,/mnt/ubna_data_04/recover-20241118/UBNA_027/20241109_023000.WAV,recover-20241118,UBNA_027,Foliage
HF,48960.0,4.278908955014344,294.7015,294.7066,47812.0,62609.0,Pipistrellus pipistrellus,0.439,0.518,-1,Echolocation,192000.0,/mnt/ubna_data_04/recover-20241118/UBNA_027/20241109_023000.WAV,recover-20241118,UBNA_027,Foliage
HF,54720.0,10.98441149476088,294.7955,294.8001,48671.0,64815.0,Pipistrellus pipistrellus,0.647,0.723,-1,Echolocation,192000.0,/mnt/ubna_data_04/recover-20241118/UBNA_027/20241109_023000.WAV,recover-20241118,UBNA_027,Foliage
HF,54720.0,11.578587026853953,294.9885,294.9924,51250.0,62405.0,Pipistrellus pipistrellus,0.424,0.515,-1,Echolocation,192000.0,/mnt/ubna_data_04/recover-20241118/UBNA_027/20241109_023000.WAV,recover-20241118,UBNA_027,Foliage
HF,56640.0,11.319183796093974,295.0825,295.0899,46093.0,66833.0,Pipistrellus pipistrellus,0.376,0.552,-1,Echolocation,192000.0,/mnt/ubna_data_04/recover-20241118/UBNA_027/20241109_023000.WAV,recover-20241118,UBNA_027,Foliage
HF,56640.0,12.290259169000334,295.1625,295.16700000000003,48671.0,66724.0,Pipistrellus pipistrellus,0.473,0.606,-1,Echolocation,192000.0,/mnt/ubna_data_04/recover-20241118/UBNA_027/20241109_023000.WAV,recover-20241118,UBNA_027,Foliage
HF,53760.0,15.62114641557985,295.7455,295.7506,45234.0,64179.0,Pipistrellus pipistrellus,0.505,0.617,-1,Echolocation,192000.0,/mnt/ubna_data_04/recover-20241118/UBNA_027/20241109_023000.WAV,recover-20241118,UBNA_027,Foliage
HF,48000.0,7.795220863091351,295.9065,295.9109,46953.0,59870.0,Pipistrellus pipistrellus,0.521,0.579,-1,Echolocation,192000.0,/mnt/ubna_data_04/recover-20241118/UBNA_027/20241109_023000.WAV,recover-20241118,UBNA_027,Foliage
HF,48000.0,4.748802354644568,296.0935,296.0989,46093.0,56648.0,Pipistrellus pipistrellus,0.509,0.559,-1,Echolocation,192000.0,/mnt/ubna_data_04/recover-20241118/UBNA_027/20241109_023000.WAV,recover-20241118,UBNA_027,Foliage
HF,48000.0,6.802783340109995,296.1835,296.1879,46953.0,58340.0,Pipistrellus pipistrellus,0.49,0.514,-1,Echolocation,192000.0,/mnt/ubna_data_04/recover-20241118/UBNA_027/20241109_023000.WAV,recover-20241118,UBNA_027,Foliage
HF,47040.0,18.133789380113672,296.2735,296.2809,45234.0,65162.0,Pipistrellus pipistrellus,0.513,0.647,-1,Echolocation,192000.0,/mnt/ubna_data_04/recover-20241118/UBNA_027/20241109_023000.WAV,recover-20241118,UBNA_027,Foliage
HF,48000.0,10.588226430465436,296.3685,296.3745,45234.0,59413.0,Pipistrellus pipistrellus,0.527,0.614,-1,Echolocation,192000.0,/mnt/ubna_data_04/recover-20241118/UBNA_027/20241109_023000.WAV,recover-20241118,UBNA_027,Foliage
HF,48000.0,9.30260626701018,296.4615,296.4662,46093.0,55824.0,Pipistrellus pipistrellus,0.53,0.568,-1,Echolocation,192000.0,/mnt/ubna_data_04/recover-20241118/UBNA_027/20241109_023000.WAV,recover-20241118,UBNA_027,Foliage
HF,48960.0,10.044466335614658,296.6235,296.6292,46093.0,62005.0,Pipistrellus pipistrellus,0.524,0.573,-1,Echolocation,192000.0,/mnt/ubna_data_04/recover-20241118/UBNA_027/20241109_023000.WAV,recover-20241118,UBNA_027,Foliage
HF,48960.0,6.837135737447411,297.0255,297.0329,46953.0,60181.0,Pipistrellus pipistrellus,0.515,0.586,-1,Echolocation,192000.0,/mnt/ubna_data_04/recover-20241118/UBNA_027/20241109_023000.WAV,recover-20241118,UBNA_027,Foliage
HF,47040.0,15.090752898432063,297.3425,297.3519,46093.0,63744.0,Pipistrellus pipistrellus,0.441,0.642,-1,Echolocation,192000.0,/mnt/ubna_data_04/recover-20241118/UBNA_027/20241109_023000.WAV,recover-20241118,UBNA_027,Foliage
HF,47040.0,7.251177050531172,299.7825,299.7873,45234.0,58993.0,Pipistrellus pipistrellus,0.435,0.536,-1,Echolocation,192000.0,/mnt/ubna_data_04/recover-20241118/UBNA_027/20241109_023000.WAV,recover-20241118,UBNA_027,Foliage
HF,47040.0,12.886717194458313,299.9685,299.9736,46093.0,59854.0,Pipistrellus pipistrellus,0.437,0.626,-1,Echolocation,192000.0,/mnt/ubna_data_04/recover-20241118/UBNA_027/20241109_023000.WAV,recover-20241118,UBNA_027,Foliage
HF,52800.0,5.9450629563742075,8.3985,8.4052,46953.0,62014.0,Pipistrellus pipistrellus,0.434,0.535,-1,Echolocation,192000.0,/mnt/ubna_data_04/recover-20241118/UBNA_027/20241109_024000.WAV,recover-20241118,UBNA_027,Foliage
HF,52800.0,4.723535719387354,8.5045,8.5106,46953.0,62055.0,Pipistrellus pipistrellus,0.471,0.548,-1,Echolocation,192000.0,/mnt/ubna_data_04/recover-20241118/UBNA_027/20241109_024000.WAV,recover-20241118,UBNA_027,Foliage
HF,47040.0,6.580686165101354,8.6055,8.6113,45234.0,57694.0,Pipistrellus pipistrellus,0.45,0.512,-1,Echolocation,192000.0,/mnt/ubna_data_04/recover-20241118/UBNA_027/20241109_024000.WAV,recover-20241118,UBNA_027,Foliage
HF,47040.0,9.089672878781066,8.7115,8.7195,45234.0,63580.0,Pipistrellus pipistrellus,0.52,0.68,-1,Echolocation,192000.0,/mnt/ubna_data_04/recover-20241118/UBNA_027/20241109_024000.WAV,recover-20241118,UBNA_027,Foliage
HF,52800.0,10.483997776492473,8.8225,8.8287,46093.0,62757.0,Pipistrellus pipistrellus,0.519,0.663,-1,Echolocation,192000.0,/mnt/ubna_data_04/recover-20241118/UBNA_027/20241109_024000.WAV,recover-20241118,UBNA_027,Foliage
HF,46080.0,6.896798154812876,8.9375,8.9447,46093.0,63143.0,Pipistrellus pipistrellus,0.45,0.652,-1,Echolocation,192000.0,/mnt/ubna_data_04/recover-20241118/UBNA_027/20241109_024000.WAV,recover-20241118,UBNA_027,Foliage
HF,52800.0,8.430402708374645,9.0385,9.0454,46953.0,63237.0,Pipistrellus pipistrellus,0.399,0.561,-1,Echolocation,192000.0,/mnt/ubna_data_04/recover-20241118/UBNA_027/20241109_024000.WAV,recover-20241118,UBNA_027,Foliage
HF,48000.0,11.143887560704693,9.1405,9.1473,45234.0,60563.0,Pipistrellus pipistrellus,0.554,0.689,-1,Echolocation,192000.0,/mnt/ubna_data_04/recover-20241118/UBNA_027/20241109_024000.WAV,recover-20241118,UBNA_027,Foliage
HF,48000.0,14.614441248638494,9.2415,9.2471,45234.0,66639.0,Pipistrellus pipistrellus,0.616,0.688,-1,Echolocation,192000.0,/mnt/ubna_data_04/recover-20241118/UBNA_027/20241109_024000.WAV,recover-20241118,UBNA_027,Foliage
HF,48000.0,15.309732378430505,9.3455,9.3507,46093.0,65521.0,Pipistrellus pipistrellus,0.566,0.651,-1,Echolocation,192000.0,/mnt/ubna_data_04/recover-20241118/UBNA_027/20241109_024000.WAV,recover-20241118,UBNA_027,Foliage
HF,47040.0,14.762893767420003,9.4535,9.4606,45234.0,66189.0,Pipistrellus pipistrellus,0.538,0.721,-1,Echolocation,192000.0,/mnt/ubna_data_04/recover-20241118/UBNA_027/20241109_024000.WAV,recover-20241118,UBNA_027,Foliage
HF,48000.0,14.948602065896264,9.5645,9.571,45234.0,64532.0,Pipistrellus pipistrellus,0.536,0.666,-1,Echolocation,192000.0,/mnt/ubna_data_04/recover-20241118/UBNA_027/20241109_024000.WAV,recover-20241118,UBNA_027,Foliage
HF,47040.0,21.626872978912857,9.6705,9.6771,44375.0,66772.0,Pipistrellus pipistrellus,0.485,0.636,-1,Echolocation,192000.0,/mnt/ubna_data_04/recover-20241118/UBNA_027/20241109_024000.WAV,recover-20241118,UBNA_027,Foliage
HF,46080.0,24.345102486895122,9.8935,9.9007,44375.0,68383.0,Pipistrellus pipistrellus,0.41,0.566,-1,Echolocation,192000.0,/mnt/ubna_data_04/recover-20241118/UBNA_027/20241109_024000.WAV,recover-20241118,UBNA_027,Foliage
HF,46080.0,11.169366109465017,10.2045,10.2104,46093.0,55271.0,Pipistrellus pipistrellus,0.517,0.58,-1,Echolocation,192000.0,/mnt/ubna_data_04/recover-20241118/UBNA_027/20241109_024000.WAV,recover-20241118,UBNA_027,Foliage
HF,46080.0,17.126892951175666,10.3135,10.3222,44375.0,65368.0,Pipistrellus pipistrellus,0.56,0.71,-1,Echolocation,192000.0,/mnt/ubna_data_04/recover-20241118/UBNA_027/20241109_024000.WAV,recover-20241118,UBNA_027,Foliage
HF,47040.0,14.92927172971001,12.4025,12.4114,45234.0,65547.0,Pipistrellus pipistrellus,0.469,0.661,-1,Echolocation,192000.0,/mnt/ubna_data_04/recover-20241118/UBNA_027/20241109_024000.WAV,recover-20241118,UBNA_027,Foliage
HF,47040.0,10.394052620222494,12.9895,12.9942,45234.0,56218.0,Pipistrellus pipistrellus,0.532,0.581,-1,Echolocation,192000.0,/mnt/ubna_data_04/recover-20241118/UBNA_027/20241109_024000.WAV,recover-20241118,UBNA_027,Foliage
HF,46080.0,6.1381708607036725,13.1805,13.1858,45234.0,55356.0,Pipistrellus pipistrellus,0.561,0.604,-1,Echolocation,192000.0,/mnt/ubna_data_04/recover-20241118/UBNA_027/20241109_024000.WAV,recover-20241118,UBNA_027,Foliage
HF,46080.0,8.395284223294578,29.4065,29.413,45234.0,60464.0,Pipistrellus pipistrellus,0.534,0.649,-1,Echolocation,192000.0,/mnt/ubna_data_04/recover-20241118/UBNA_027/20241109_024000.WAV,recover-20241118,UBNA_027,Foliage
HF,47040.0,10.38513034033489,29.5155,29.5209,46093.0,61232.0,Pipistrellus pipistrellus,0.582,0.657,-1,Echolocation,192000.0,/mnt/ubna_data_04/recover-20241118/UBNA_027/20241109_024000.WAV,recover-20241118,UBNA_027,Foliage
HF,46080.0,9.53691453547865,29.6355,29.644,44375.0,61081.0,Pipistrellus pipistrellus,0.525,0.677,-1,Echolocation,192000.0,/mnt/ubna_data_04/recover-20241118/UBNA_027/20241109_024000.WAV,recover-20241118,UBNA_027,Foliage
HF,46080.0,9.386505623092386,29.8055,29.8123,46093.0,60660.0,Pipistrellus pipistrellus,0.55,0.661,-1,Echolocation,192000.0,/mnt/ubna_data_04/recover-20241118/UBNA_027/20241109_024000.WAV,recover-20241118,UBNA_027,Foliage
HF,46080.0,13.700833260425275,29.9165,29.9219,45234.0,55319.0,Pipistrellus pipistrellus,0.573,0.611,-1,Echolocation,192000.0,/mnt/ubna_data_04/recover-20241118/UBNA_027/20241109_024000.WAV,recover-20241118,UBNA_027,Foliage
HF,46080.0,13.134448816685628,30.0525,30.0578,46093.0,58820.0,Pipistrellus pipistrellus,0.573,0.621,-1,Echolocation,192000.0,/mnt/ubna_data_04/recover-20241118/UBNA_027/20241109_024000.WAV,recover-20241118,UBNA_027,Foliage
HF,46080.0,15.540797903729914,30.1525,30.1577,46093.0,57913.0,Pipistrellus pipistrellus,0.521,0.613,-1,Echolocation,192000.0,/mnt/ubna_data_04/recover-20241118/UBNA_027/20241109_024000.WAV,recover-20241118,UBNA_027,Foliage
HF,48960.0,11.477847831004787,30.2325,30.2372,46953.0,65580.0,Pipistrellus pipistrellus,0.497,0.597,-1,Echolocation,192000.0,/mnt/ubna_data_04/recover-20241118/UBNA_027/20241109_024000.WAV,recover-20241118,UBNA_027,Foliage
HF,48000.0,11.302413220605757,31.0105,31.0148,46093.0,62763.0,Pipistrellus pipistrellus,0.569,0.657,-1,Echolocation,192000.0,/mnt/ubna_data_04/recover-20241118/UBNA_027/20241109_024000.WAV,recover-20241118,UBNA_027,Foliage
HF,47040.0,12.689507473028254,31.1885,31.1942,45234.0,65525.0,Pipistrellus pipistrellus,0.485,0.678,-1,Echolocation,192000.0,/mnt/ubna_data_04/recover-20241118/UBNA_027/20241109_024000.WAV,recover-20241118,UBNA_027,Foliage
HF,46080.0,14.702294820888609,31.3965,31.4021,45234.0,57924.0,Pipistrellus pipistrellus,0.586,0.673,-1,Echolocation,192000.0,/mnt/ubna_data_04/recover-20241118/UBNA_027/20241109_024000.WAV,recover-20241118,UBNA_027,Foliage
HF,45120.0,8.887640296681996,31.5015,31.506,44375.0,60770.0,Pipistrellus pipistrellus,0.504,0.621,-1,Echolocation,192000.0,/mnt/ubna_data_04/recover-20241118/UBNA_027/20241109_024000.WAV,recover-20241118,UBNA_027,Foliage
HF,53760.0,12.14224161596132,42.201499999999996,42.2059,46953.0,68984.0,Pipistrellus pipistrellus,0.382,0.512,-1,Echolocation,192000.0,/mnt/ubna_data_04/recover-20241118/UBNA_027/20241109_024000.WAV,recover-20241118,UBNA_027,Foliage
HF,48000.0,14.158437055856893,42.585499999999996,42.5901,46093.0,59297.0,Pipistrellus pipistrellus,0.564,0.62,-1,Echolocation,192000.0,/mnt/ubna_data_04/recover-20241118/UBNA_027/20241109_024000.WAV,recover-20241118,UBNA_027,Foliage
HF,47040.0,17.7161934498618,42.6825,42.689099999999996,45234.0,67298.0,Pipistrellus pipistrellus,0.513,0.736,-1,Echolocation,192000.0,/mnt/ubna_data_04/recover-20241118/UBNA_027/20241109_024000.WAV,recover-20241118,UBNA_027,Foliage
HF,47040.0,19.24188595208858,42.7795,42.7857,45234.0,71121.0,Pipistrellus pipistrellus,0.554,0.725,-1,Echolocation,192000.0,/mnt/ubna_data_04/recover-20241118/UBNA_027/20241109_024000.WAV,recover-20241118,UBNA_027,Foliage
HF,47040.0,8.77871249447794,42.8765,42.8819,46093.0,55457.0,Pipistrellus pipistrellus,0.485,0.557,-1,Echolocation,192000.0,/mnt/ubna_data_04/recover-20241118/UBNA_027/20241109_024000.WAV,recover-20241118,UBNA_027,Foliage
HF,51840.0,8.275349060651555,43.7845,43.7909,47812.0,65352.0,Pipistrellus pipistrellus,0.431,0.563,-1,Echolocation,192000.0,/mnt/ubna_data_04/recover-20241118/UBNA_027/20241109_024000.WAV,recover-20241118,UBNA_027,Foliage
HF,46080.0,7.397323106336736,44.554500000000004,44.5647,45234.0,60101.0,Pipistrellus pipistrellus,0.462,0.544,-1,Echolocation,192000.0,/mnt/ubna_data_04/recover-20241118/UBNA_027/20241109_024000.WAV,recover-20241118,UBNA_027,Foliage
HF,52800.0,10.03904765127704,45.463499999999996,45.471199999999996,46953.0,66520.0,Pipistrellus pipistrellus,0.367,0.517,-1,Echolocation,192000.0,/mnt/ubna_data_04/recover-20241118/UBNA_027/20241109_024000.WAV,recover-20241118,UBNA_027,Foliage
HF,47040.0,12.180550975628634,45.6555,45.6654,46953.0,61777.0,Pipistrellus pipistrellus,0.398,0.541,-1,Echolocation,192000.0,/mnt/ubna_data_04/recover-20241118/UBNA_027/20241109_024000.WAV,recover-20241118,UBNA_027,Foliage
HF,52800.0,14.97416990322694,45.7525,45.7577,46953.0,66516.0,Pipistrellus pipistrellus,0.579,0.658,-1,Echolocation,192000.0,/mnt/ubna_data_04/recover-20241118/UBNA_027/20241109_024000.WAV,recover-20241118,UBNA_027,Foliage
HF,48960.0,9.68619294580021,45.8435,45.8513,46953.0,62209.0,Pipistrellus pipistrellus,0.464,0.636,-1,Echolocation,192000.0,/mnt/ubna_data_04/recover-20241118/UBNA_027/20241109_024000.WAV,recover-20241118,UBNA_027,Foliage
HF,48960.0,15.507849220394906,45.9555,45.961600000000004,47812.0,67513.0,Pipistrellus pipistrellus,0.485,0.6,-1,Echolocation,192000.0,/mnt/ubna_data_04/recover-20241118/UBNA_027/20241109_024000.WAV,recover-20241118,UBNA_027,Foliage
HF,52800.0,17.7712121089208,46.0535,46.059,47812.0,61158.0,Pipistrellus pipistrellus,0.478,0.525,-1,Echolocation,192000.0,/mnt/ubna_data_04/recover-20241118/UBNA_027/20241109_024000.WAV,recover-20241118,UBNA_027,Foliage
HF,52800.0,18.626778584608907,46.1485,46.1562,46093.0,64048.0,Pipistrellus pipistrellus,0.544,0.668,-1,Echolocation,192000.0,/mnt/ubna_data_04/recover-20241118/UBNA_027/20241109_024000.WAV,recover-20241118,UBNA_027,Foliage
HF,48960.0,14.165425844994747,46.325500000000005,46.333600000000004,46953.0,62233.0,Pipistrellus pipistrellus,0.466,0.528,-1,Echolocation,192000.0,/mnt/ubna_data_04/recover-20241118/UBNA_027/20241109_024000.WAV,recover-20241118,UBNA_027,Foliage
HF,46080.0,25.582220801980586,46.4765,46.483599999999996,44375.0,65344.0,Pipistrellus pipistrellus,0.491,0.593,-1,Echolocation,192000.0,/mnt/ubna_data_04/recover-20241118/UBNA_027/20241109_024000.WAV,recover-20241118,UBNA_027,Foliage
HF,48000.0,21.288429332020115,46.674499999999995,46.681200000000004,46953.0,64756.0,Pipistrellus pipistrellus,0.516,0.58,-1,Echolocation,192000.0,/mnt/ubna_data_04/recover-20241118/UBNA_027/20241109_024000.WAV,recover-20241118,UBNA_027,Foliage
HF,47040.0,15.428479429480028,46.7725,46.7792,45234.0,63135.0,Pipistrellus pipistrellus,0.537,0.603,-1,Echolocation,192000.0,/mnt/ubna_data_04/recover-20241118/UBNA_027/20241109_024000.WAV,recover-20241118,UBNA_027,Foliage
HF,47040.0,4.824871472556787,46.8705,46.8761,46093.0,57970.0,Pipistrellus pipistrellus,0.578,0.611,-1,Echolocation,192000.0,/mnt/ubna_data_04/recover-20241118/UBNA_027/20241109_024000.WAV,recover-20241118,UBNA_027,Foliage
HF,48000.0,19.212797341410685,46.966499999999996,46.9727,43515.0,66253.0,Pipistrellus pipistrellus,0.576,0.628,-1,Echolocation,192000.0,/mnt/ubna_data_04/recover-20241118/UBNA_027/20241109_024000.WAV,recover-20241118,UBNA_027,Foliage
HF,46080.0,17.69517107922755,47.0785,47.0841,44375.0,65912.0,Pipistrellus pipistrellus,0.588,0.647,-1,Echolocation,192000.0,/mnt/ubna_data_04/recover-20241118/UBNA_027/20241109_024000.WAV,recover-20241118,UBNA_027,Foliage
HF,46080.0,6.185560072168994,47.186499999999995,47.192499999999995,46093.0,57150.0,Pipistrellus pipistrellus,0.508,0.568,-1,Echolocation,192000.0,/mnt/ubna_data_04/recover-20241118/UBNA_027/20241109_024000.WAV,recover-20241118,UBNA_027,Foliage
HF,45120.0,21.335890346099777,47.292500000000004,47.298500000000004,43515.0,65820.0,Pipistrellus pipistrellus,0.691,0.732,-1,Echolocation,192000.0,/mnt/ubna_data_04/recover-20241118/UBNA_027/20241109_024000.WAV,recover-20241118,UBNA_027,Foliage
HF,46080.0,4.308318144623614,47.4045,47.4109,45234.0,53746.0,Pipistrellus pipistrellus,0.533,0.552,-1,Echolocation,192000.0,/mnt/ubna_data_04/recover-20241118/UBNA_027/20241109_024000.WAV,recover-20241118,UBNA_027,Foliage
HF,46080.0,17.768175757497573,47.5155,47.5209,44375.0,62635.0,Pipistrellus pipistrellus,0.633,0.67,-1,Echolocation,192000.0,/mnt/ubna_data_04/recover-20241118/UBNA_027/20241109_024000.WAV,recover-20241118,UBNA_027,Foliage
HF,46080.0,16.33607977651897,47.7335,47.7394,44375.0,59537.0,Pipistrellus pipistrellus,0.634,0.653,-1,Echolocation,192000.0,/mnt/ubna_data_04/recover-20241118/UBNA_027/20241109_024000.WAV,recover-20241118,UBNA_027,Foliage
HF,46080.0,7.28356181435638,47.9345,47.939499999999995,46093.0,57104.0,Pipistrellus pipistrellus,0.57,0.588,-1,Echolocation,192000.0,/mnt/ubna_data_04/recover-20241118/UBNA_027/20241109_024000.WAV,recover-20241118,UBNA_027,Foliage
HF,55680.0,8.113955578209207,48.295500000000004,48.3018,48671.0,67526.0,Pipistrellus pipistrellus,0.345,0.518,-1,Echolocation,192000.0,/mnt/ubna_data_04/recover-20241118/UBNA_027/20241109_024000.WAV,recover-20241118,UBNA_027,Foliage
HF,52800.0,10.039336688420185,48.3865,48.3919,47812.0,68662.0,Pipistrellus pipistrellus,0.376,0.556,-1,Echolocation,192000.0,/mnt/ubna_data_04/recover-20241118/UBNA_027/20241109_024000.WAV,recover-20241118,UBNA_027,Foliage
HF,52800.0,8.003526535757132,49.033500000000004,49.0375,50390.0,63463.0,Pipistrellus pipistrellus,0.42,0.525,-1,Echolocation,192000.0,/mnt/ubna_data_04/recover-20241118/UBNA_027/20241109_024000.WAV,recover-20241118,UBNA_027,Foliage
HF,55680.0,7.912667597455113,49.1115,49.1165,52968.0,66191.0,Pipistrellus pipistrellus,0.375,0.513,-1,Echolocation,192000.0,/mnt/ubna_data_04/recover-20241118/UBNA_027/20241109_024000.WAV,recover-20241118,UBNA_027,Foliage
HF,53760.0,11.934442909243725,49.3625,49.3674,48671.0,61404.0,Pipistrellus pipistrellus,0.528,0.594,-1,Echolocation,192000.0,/mnt/ubna_data_04/recover-20241118/UBNA_027/20241109_024000.WAV,recover-20241118,UBNA_027,Foliage
HF,51840.0,8.09608919885849,50.408500000000004,50.412800000000004,49531.0,64562.0,Pipistrellus pipistrellus,0.466,0.532,-1,Echolocation,192000.0,/mnt/ubna_data_04/recover-20241118/UBNA_027/20241109_024000.WAV,recover-20241118,UBNA_027,Foliage
HF,55680.0,12.554014099781838,50.5925,50.5974,49531.0,68370.0,Pipistrellus pipistrellus,0.44,0.544,-1,Echolocation,192000.0,/mnt/ubna_data_04/recover-20241118/UBNA_027/20241109_024000.WAV,recover-20241118,UBNA_027,Foliage
HF,53760.0,10.90137555746165,50.6845,50.6894,48671.0,66949.0,Pipistrellus pipistrellus,0.373,0.545,-1,Echolocation,192000.0,/mnt/ubna_data_04/recover-20241118/UBNA_027/20241109_024000.WAV,recover-20241118,UBNA_027,Foliage
HF,52800.0,16.974395846904173,50.7875,50.7924,47812.0,69341.0,Pipistrellus pipistrellus,0.584,0.662,-1,Echolocation,192000.0,/mnt/ubna_data_04/recover-20241118/UBNA_027/20241109_024000.WAV,recover-20241118,UBNA_027,Foliage
HF,56640.0,18.623252160851372,50.8775,50.8818,48671.0,71982.0,Pipistrellus pipistrellus,0.446,0.532,-1,Echolocation,192000.0,/mnt/ubna_data_04/recover-20241118/UBNA_027/20241109_024000.WAV,recover-20241118,UBNA_027,Foliage
HF,54720.0,25.41935832298039,51.057500000000005,51.061800000000005,48671.0,70584.0,Pipistrellus pipistrellus,0.549,0.589,-1,Echolocation,192000.0,/mnt/ubna_data_04/recover-20241118/UBNA_027/20241109_024000.WAV,recover-20241118,UBNA_027,Foliage
HF,52800.0,25.112828857346088,51.1525,51.1571,47812.0,71743.0,Pipistrellus pipistrellus,0.45,0.513,-1,Echolocation,192000.0,/mnt/ubna_data_04/recover-20241118/UBNA_027/20241109_024000.WAV,recover-20241118,UBNA_027,Foliage
HF,55680.0,28.136982593705817,51.3495,51.355199999999996,44375.0,72102.0,Pipistrellus pipistrellus,0.515,0.619,-1,Echolocation,192000.0,/mnt/ubna_data_04/recover-20241118/UBNA_027/20241109_024000.WAV,recover-20241118,UBNA_027,Foliage
HF,54720.0,22.65223116146272,51.4875,51.492599999999996,46093.0,66996.0,Pipistrellus pipistrellus,0.528,0.664,-1,Echolocation,192000.0,/mnt/ubna_data_04/recover-20241118/UBNA_027/20241109_024000.WAV,recover-20241118,UBNA_027,Foliage
HF,54720.0,22.863322619895797,51.6815,51.6867,45234.0,68984.0,Pipistrellus pipistrellus,0.461,0.566,-1,Echolocation,192000.0,/mnt/ubna_data_04/recover-20241118/UBNA_027/20241109_024000.WAV,recover-20241118,UBNA_027,Foliage
HF,52800.0,27.057173825331034,51.9745,51.9801,42656.0,81093.0,Pipistrellus pipistrellus,0.254,0.521,-1,Echolocation,192000.0,/mnt/ubna_data_04/recover-20241118/UBNA_027/20241109_024000.WAV,recover-20241118,UBNA_027,Foliage
HF,52800.0,28.015426093920635,52.0565,52.0614,44375.0,78216.0,Myotis alcathoe,0.419,0.54,-1,Echolocation,192000.0,/mnt/ubna_data_04/recover-20241118/UBNA_027/20241109_024000.WAV,recover-20241118,UBNA_027,Foliage
HF,51840.0,25.940721709150715,52.2405,52.2451,45234.0,88962.0,Myotis alcathoe,0.519,0.583,-1,Echolocation,192000.0,/mnt/ubna_data_04/recover-20241118/UBNA_027/20241109_024000.WAV,recover-20241118,UBNA_027,Foliage
HF,53760.0,27.09886508815807,52.3395,52.3429,48671.0,82272.0,Myotis alcathoe,0.496,0.574,-1,Echolocation,192000.0,/mnt/ubna_data_04/recover-20241118/UBNA_027/20241109_024000.WAV,recover-20241118,UBNA_027,Foliage
HF,57600.0,31.08190927288513,52.4285,52.4333,46093.0,88925.0,Myotis alcathoe,0.557,0.589,-1,Echolocation,192000.0,/mnt/ubna_data_04/recover-20241118/UBNA_027/20241109_024000.WAV,recover-20241118,UBNA_027,Foliage
HF,51840.0,23.52965504475904,52.686499999999995,52.6899,47812.0,73727.0,Myotis alcathoe,0.468,0.513,-1,Echolocation,192000.0,/mnt/ubna_data_04/recover-20241118/UBNA_027/20241109_024000.WAV,recover-20241118,UBNA_027,Foliage
HF,56640.0,28.58287331610441,52.7765,52.780699999999996,42656.0,84893.0,Myotis alcathoe,0.551,0.601,-1,Echolocation,192000.0,/mnt/ubna_data_04/recover-20241118/UBNA_027/20241109_024000.WAV,recover-20241118,UBNA_027,Foliage
HF,52800.0,8.688284036783065,53.1225,53.126400000000004,50390.0,68886.0,Myotis alcathoe,0.324,0.504,-1,Echolocation,192000.0,/mnt/ubna_data_04/recover-20241118/UBNA_027/20241109_024000.WAV,recover-20241118,UBNA_027,Foliage
HF,52800.0,20.742903014595406,53.2775,53.2805,48671.0,75582.0,Myotis alcathoe,0.445,0.51,-1,Echolocation,192000.0,/mnt/ubna_data_04/recover-20241118/UBNA_027/20241109_024000.WAV,recover-20241118,UBNA_027,Foliage
HF,53760.0,17.6202894494179,53.9795,53.9832,45234.0,82180.0,Myotis alcathoe,0.579,0.652,-1,Echolocation,192000.0,/mnt/ubna_data_04/recover-20241118/UBNA_027/20241109_024000.WAV,recover-20241118,UBNA_027,Foliage
HF,47040.0,11.524335302015336,55.6325,55.636700000000005,46953.0,62588.0,Pipistrellus pipistrellus,0.478,0.599,-1,Echolocation,192000.0,/mnt/ubna_data_04/recover-20241118/UBNA_027/20241109_024000.WAV,recover-20241118,UBNA_027,Foliage
HF,48000.0,13.649158613943746,55.7265,55.7309,46093.0,61289.0,Pipistrellus pipistrellus,0.617,0.695,-1,Echolocation,192000.0,/mnt/ubna_data_04/recover-20241118/UBNA_027/20241109_024000.WAV,recover-20241118,UBNA_027,Foliage
HF,48000.0,6.773450747809946,55.9035,55.908,46953.0,58915.0,Pipistrellus pipistrellus,0.529,0.579,-1,Echolocation,192000.0,/mnt/ubna_data_04/recover-20241118/UBNA_027/20241109_024000.WAV,recover-20241118,UBNA_027,Foliage
HF,52800.0,10.623785417412117,56.3995,56.4042,50390.0,67327.0,Pipistrellus pipistrellus,0.363,0.529,-1,Echolocation,192000.0,/mnt/ubna_data_04/recover-20241118/UBNA_027/20241109_024000.WAV,recover-20241118,UBNA_027,Foliage
HF,53760.0,10.611213542102764,57.1665,57.171099999999996,46953.0,61182.0,Pipistrellus pipistrellus,0.404,0.531,-1,Echolocation,192000.0,/mnt/ubna_data_04/recover-20241118/UBNA_027/20241109_024000.WAV,recover-20241118,UBNA_027,Foliage
HF,54720.0,13.359230185939616,57.2455,57.2495,47812.0,62614.0,Pipistrellus pipistrellus,0.491,0.582,-1,Echolocation,192000.0,/mnt/ubna_data_04/recover-20241118/UBNA_027/20241109_024000.WAV,recover-20241118,UBNA_027,Foliage
HF,51840.0,12.864434079430874,57.4055,57.409800000000004,47812.0,62385.0,Pipistrellus pipistrellus,0.525,0.619,-1,Echolocation,192000.0,/mnt/ubna_data_04/recover-20241118/UBNA_027/20241109_024000.WAV,recover-20241118,UBNA_027,Foliage
HF,52800.0,12.42827087099906,57.4875,57.4928,46093.0,63250.0,Pipistrellus pipistrellus,0.365,0.508,-1,Echolocation,192000.0,/mnt/ubna_data_04/recover-20241118/UBNA_027/20241109_024000.WAV,recover-20241118,UBNA_027,Foliage
HF,49920.0,9.59378002422778,57.7445,57.749700000000004,46953.0,62505.0,Pipistrellus pipistrellus,0.425,0.511,-1,Echolocation,192000.0,/mnt/ubna_data_04/recover-20241118/UBNA_027/20241109_024000.WAV,recover-20241118,UBNA_027,Foliage
HF,48960.0,18.756797362333398,57.8305,57.835499999999996,46093.0,65884.0,Pipistrellus pipistrellus,0.344,0.524,-1,Echolocation,192000.0,/mnt/ubna_data_04/recover-20241118/UBNA_027/20241109_024000.WAV,recover-20241118,UBNA_027,Foliage
HF,55680.0,19.570847741343943,57.9215,57.9267,46953.0,66799.0,Pipistrellus pipistrellus,0.559,0.689,-1,Echolocation,192000.0,/mnt/ubna_data_04/recover-20241118/UBNA_027/20241109_024000.WAV,recover-20241118,UBNA_027,Foliage
HF,52800.0,17.080583468914533,58.2095,58.2136,48671.0,71385.0,Pipistrellus pipistrellus,0.231,0.592,-1,Echolocation,192000.0,/mnt/ubna_data_04/recover-20241118/UBNA_027/20241109_024000.WAV,recover-20241118,UBNA_027,Foliage
HF,48960.0,4.2714208281620145,61.3935,61.3979,48671.0,59446.0,Pipistrellus pipistrellus,0.47,0.508,-1,Echolocation,192000.0,/mnt/ubna_data_04/recover-20241118/UBNA_027/20241109_024000.WAV,recover-20241118,UBNA_027,Foliage
HF,48000.0,10.105712265323614,61.6795,61.6845,46953.0,59184.0,Pipistrellus pipistrellus,0.43,0.516,-1,Echolocation,192000.0,/mnt/ubna_data_04/recover-20241118/UBNA_027/20241109_024000.WAV,recover-20241118,UBNA_027,Foliage
HF,47040.0,11.140974345932637,62.3775,62.3853,46953.0,64269.0,Pipistrellus pipistrellus,0.345,0.541,-1,Echolocation,192000.0,/mnt/ubna_data_04/recover-20241118/UBNA_027/20241109_024000.WAV,recover-20241118,UBNA_027,Foliage
HF,52800.0,16.251754157785086,63.1055,63.1102,49531.0,68026.0,Pipistrellus pipistrellus,0.361,0.503,-1,Echolocation,192000.0,/mnt/ubna_data_04/recover-20241118/UBNA_027/20241109_024000.WAV,recover-20241118,UBNA_027,Foliage
HF,48960.0,9.289974336572138,64.3585,64.3647,47812.0,60978.0,Pipistrellus pipistrellus,0.587,0.618,-1,Echolocation,192000.0,/mnt/ubna_data_04/recover-20241118/UBNA_027/20241109_024000.WAV,recover-20241118,UBNA_027,Foliage
HF,51840.0,12.225783131944912,64.7195,64.724,47812.0,62936.0,Pipistrellus pipistrellus,0.6,0.631,-1,Echolocation,192000.0,/mnt/ubna_data_04/recover-20241118/UBNA_027/20241109_024000.WAV,recover-20241118,UBNA_027,Foliage
HF,51840.0,5.826872354046322,64.7905,64.7953,48671.0,59625.0,Pipistrellus pipistrellus,0.554,0.569,-1,Echolocation,192000.0,/mnt/ubna_data_04/recover-20241118/UBNA_027/20241109_024000.WAV,recover-20241118,UBNA_027,Foliage
HF,52800.0,8.063044623047118,64.8575,64.8643,47812.0,63088.0,Pipistrellus pipistrellus,0.484,0.517,-1,Echolocation,192000.0,/mnt/ubna_data_04/recover-20241118/UBNA_027/20241109_024000.WAV,recover-20241118,UBNA_027,Foliage
HF,54720.0,19.137614463330998,65.11449999999999,65.1193,46093.0,65975.0,Pipistrellus pipistrellus,0.558,0.615,-1,Echolocation,192000.0,/mnt/ubna_data_04/recover-20241118/UBNA_027/20241109_024000.WAV,recover-20241118,UBNA_027,Foliage
HF,51840.0,5.850041365005679,65.2415,65.2483,48671.0,62392.0,Pipistrellus pipistrellus,0.516,0.552,-1,Echolocation,192000.0,/mnt/ubna_data_04/recover-20241118/UBNA_027/20241109_024000.WAV,recover-20241118,UBNA_027,Foliage
HF,52800.0,11.457747931502023,65.3235,65.3332,46093.0,65510.0,Pipistrellus pipistrellus,0.381,0.57,-1,Echolocation,192000.0,/mnt/ubna_data_04/recover-20241118/UBNA_027/20241109_024000.WAV,recover-20241118,UBNA_027,Foliage
HF,51840.0,13.912015592863332,65.4145,65.4213,47812.0,64746.0,Pipistrellus pipistrellus,0.595,0.678,-1,Echolocation,192000.0,/mnt/ubna_data_04/recover-20241118/UBNA_027/20241109_024000.WAV,recover-20241118,UBNA_027,Foliage
HF,52800.0,18.31136717070615,65.5005,65.5082,46953.0,66726.0,Pipistrellus pipistrellus,0.456,0.614,-1,Echolocation,192000.0,/mnt/ubna_data_04/recover-20241118/UBNA_027/20241109_024000.WAV,recover-20241118,UBNA_027,Foliage
HF,48960.0,9.725901121627565,65.5845,65.5904,47812.0,62349.0,Pipistrellus pipistrellus,0.636,0.686,-1,Echolocation,192000.0,/mnt/ubna_data_04/recover-20241118/UBNA_027/20241109_024000.WAV,recover-20241118,UBNA_027,Foliage
HF,50880.0,24.7011120506103,65.6665,65.672,45234.0,69549.0,Pipistrellus pipistrellus,0.489,0.539,-1,Echolocation,192000.0,/mnt/ubna_data_04/recover-20241118/UBNA_027/20241109_024000.WAV,recover-20241118,UBNA_027,Foliage
HF,52800.0,12.810649195016818,65.7575,65.7627,45234.0,62048.0,Pipistrellus pipistrellus,0.554,0.671,-1,Echolocation,192000.0,/mnt/ubna_data_04/recover-20241118/UBNA_027/20241109_024000.WAV,recover-20241118,UBNA_027,Foliage
HF,48960.0,17.226611549523337,65.8475,65.8523,46953.0,60648.0,Pipistrellus pipistrellus,0.564,0.592,-1,Echolocation,192000.0,/mnt/ubna_data_04/recover-20241118/UBNA_027/20241109_024000.WAV,recover-20241118,UBNA_027,Foliage
HF,58560.0,23.907329937497096,65.9365,65.9428,45234.0,71809.0,Pipistrellus pipistrellus,0.499,0.588,-1,Echolocation,192000.0,/mnt/ubna_data_04/recover-20241118/UBNA_027/20241109_024000.WAV,recover-20241118,UBNA_027,Foliage
HF,50880.0,16.833121491169972,66.1695,66.1725,44375.0,70008.0,Myotis alcathoe,0.423,0.534,-1,Echolocation,192000.0,/mnt/ubna_data_04/recover-20241118/UBNA_027/20241109_024000.WAV,recover-20241118,UBNA_027,Foliage
HF,53760.0,19.53199685775212,66.3135,66.3172,48671.0,79559.0,Myotis alcathoe,0.465,0.531,-1,Echolocation,192000.0,/mnt/ubna_data_04/recover-20241118/UBNA_027/20241109_024000.WAV,recover-20241118,UBNA_027,Foliage
HF,55680.0,18.45356484702856,66.3745,66.3779,49531.0,76994.0,Myotis alcathoe,0.408,0.533,-1,Echolocation,192000.0,/mnt/ubna_data_04/recover-20241118/UBNA_027/20241109_024000.WAV,recover-20241118,UBNA_027,Foliage
HF,55680.0,14.823068368791283,66.4245,66.4278,51250.0,73496.0,Myotis alcathoe,0.426,0.541,-1,Echolocation,192000.0,/mnt/ubna_data_04/recover-20241118/UBNA_027/20241109_024000.WAV,recover-20241118,UBNA_027,Foliage
HF,59520.0,10.791553578976899,66.4675,66.4705,53828.0,76266.0,Myotis alcathoe,0.365,0.502,-1,Echolocation,192000.0,/mnt/ubna_data_04/recover-20241118/UBNA_027/20241109_024000.WAV,recover-20241118,UBNA_027,Foliage
HF,59520.0,7.436090607951957,66.50450000000001,66.5074,55546.0,75774.0,Myotis alcathoe,0.41,0.531,-1,Echolocation,192000.0,/mnt/ubna_data_04/recover-20241118/UBNA_027/20241109_024000.WAV,recover-20241118,UBNA_027,Foliage
HF,56640.0,17.69882289589323,66.8555,66.8592,42656.0,80244.0,Myotis alcathoe,0.38,0.55,-1,Echolocation,192000.0,/mnt/ubna_data_04/recover-20241118/UBNA_027/20241109_024000.WAV,recover-20241118,UBNA_027,Foliage
HF,52800.0,22.524354198477795,66.9205,66.9247,46093.0,79388.0,Myotis alcathoe,0.511,0.62,-1,Echolocation,192000.0,/mnt/ubna_data_04/recover-20241118/UBNA_027/20241109_024000.WAV,recover-20241118,UBNA_027,Foliage
HF,58560.0,24.96181922812278,66.9985,67.002,44375.0,84096.0,Myotis alcathoe,0.477,0.625,-1,Echolocation,192000.0,/mnt/ubna_data_04/recover-20241118/UBNA_027/20241109_024000.WAV,recover-20241118,UBNA_027,Foliage
HF,52800.0,27.758424253503648,67.0775,67.0808,44375.0,84925.0,Myotis alcathoe,0.605,0.699,-1,Echolocation,192000.0,/mnt/ubna_data_04/recover-20241118/UBNA_027/20241109_024000.WAV,recover-20241118,UBNA_027,Foliage
HF,54720.0,26.658911940619483,67.1575,67.1617,42656.0,84481.0,Myotis alcathoe,0.464,0.591,-1,Echolocation,192000.0,/mnt/ubna_data_04/recover-20241118/UBNA_027/20241109_024000.WAV,recover-20241118,UBNA_027,Foliage
HF,59520.0,27.536718798863955,67.2405,67.2441,44375.0,83809.0,Myotis alcathoe,0.426,0.51,-1,Echolocation,192000.0,/mnt/ubna_data_04/recover-20241118/UBNA_027/20241109_024000.WAV,recover-20241118,UBNA_027,Foliage
HF,51840.0,25.904499663858832,67.3225,67.3269,41796.0,88256.0,Myotis alcathoe,0.488,0.656,-1,Echolocation,192000.0,/mnt/ubna_data_04/recover-20241118/UBNA_027/20241109_024000.WAV,recover-20241118,UBNA_027,Foliage
HF,53760.0,32.5112787597828,67.4085,67.4127,40937.0,87090.0,Myotis alcathoe,0.34,0.631,-1,Echolocation,192000.0,/mnt/ubna_data_04/recover-20241118/UBNA_027/20241109_024000.WAV,recover-20241118,UBNA_027,Foliage
HF,55680.0,24.86699172727226,67.4925,67.4956,43515.0,78276.0,Myotis alcathoe,0.405,0.595,-1,Echolocation,192000.0,/mnt/ubna_data_04/recover-20241118/UBNA_027/20241109_024000.WAV,recover-20241118,UBNA_027,Foliage
HF,53760.0,19.408445828543318,67.7095,67.7125,43515.0,74324.0,Myotis alcathoe,0.397,0.51,-1,Echolocation,192000.0,/mnt/ubna_data_04/recover-20241118/UBNA_027/20241109_024000.WAV,recover-20241118,UBNA_027,Foliage
HF,52800.0,30.39496002196391,67.7875,67.7909,41796.0,82746.0,Myotis alcathoe,0.51,0.658,-1,Echolocation,192000.0,/mnt/ubna_data_04/recover-20241118/UBNA_027/20241109_024000.WAV,recover-20241118,UBNA_027,Foliage
HF,57600.0,24.72264134676624,67.9465,67.9509,42656.0,76638.0,Myotis alcathoe,0.339,0.646,-1,Echolocation,192000.0,/mnt/ubna_data_04/recover-20241118/UBNA_027/20241109_024000.WAV,recover-20241118,UBNA_027,Foliage
HF,51840.0,8.645195101809334,68.0395,68.0475,50390.0,64196.0,Pipistrellus pipistrellus,0.536,0.577,-1,Echolocation,192000.0,/mnt/ubna_data_04/recover-20241118/UBNA_027/20241109_024000.WAV,recover-20241118,UBNA_027,Foliage
HF,50880.0,4.957053117925007,68.4055,68.4104,48671.0,64616.0,Pipistrellus pipistrellus,0.613,0.668,-1,Echolocation,192000.0,/mnt/ubna_data_04/recover-20241118/UBNA_027/20241109_024000.WAV,recover-20241118,UBNA_027,Foliage
HF,52800.0,29.032025180328876,68.4965,68.502,43515.0,74988.0,Pipistrellus pipistrellus,0.411,0.509,-1,Echolocation,192000.0,/mnt/ubna_data_04/recover-20241118/UBNA_027/20241109_024000.WAV,recover-20241118,UBNA_027,Foliage
HF,53760.0,18.466962660050164,68.7865,68.7924,45234.0,64686.0,Pipistrellus pipistrellus,0.544,0.628,-1,Echolocation,192000.0,/mnt/ubna_data_04/recover-20241118/UBNA_027/20241109_024000.WAV,recover-20241118,UBNA_027,Foliage
HF,47040.0,9.988239981698221,68.9745,68.9791,46093.0,55828.0,Pipistrellus pipistrellus,0.554,0.579,-1,Echolocation,192000.0,/mnt/ubna_data_04/recover-20241118/UBNA_027/20241109_024000.WAV,recover-20241118,UBNA_027,Foliage
HF,48000.0,12.814208644571012,69.0685,69.0738,45234.0,60635.0,Pipistrellus pipistrellus,0.568,0.655,-1,Echolocation,192000.0,/mnt/ubna_data_04/recover-20241118/UBNA_027/20241109_024000.WAV,recover-20241118,UBNA_027,Foliage
HF,48960.0,10.48619582325907,69.1625,69.1671,47812.0,60887.0,Pipistrellus pipistrellus,0.582,0.611,-1,Echolocation,192000.0,/mnt/ubna_data_04/recover-20241118/UBNA_027/20241109_024000.WAV,recover-20241118,UBNA_027,Foliage
HF,51840.0,14.179253930954372,69.3465,69.3513,47812.0,63379.0,Pipistrellus pipistrellus,0.6,0.644,-1,Echolocation,192000.0,/mnt/ubna_data_04/recover-20241118/UBNA_027/20241109_024000.WAV,recover-20241118,UBNA_027,Foliage
HF,52800.0,19.64102572020726,69.4385,69.4437,46953.0,68065.0,Pipistrellus pipistrellus,0.67,0.732,-1,Echolocation,192000.0,/mnt/ubna_data_04/recover-20241118/UBNA_027/20241109_024000.WAV,recover-20241118,UBNA_027,Foliage
HF,51840.0,6.796906478009679,69.5275,69.5325,49531.0,63474.0,Pipistrellus pipistrellus,0.504,0.59,-1,Echolocation,192000.0,/mnt/ubna_data_04/recover-20241118/UBNA_027/20241109_024000.WAV,recover-20241118,UBNA_027,Foliage
HF,52800.0,4.550760881323004,69.89150000000001,69.8962,49531.0,62373.0,Pipistrellus pipistrellus,0.492,0.517,-1,Echolocation,192000.0,/mnt/ubna_data_04/recover-20241118/UBNA_027/20241109_024000.WAV,recover-20241118,UBNA_027,Foliage
HF,48000.0,6.441801501134011,70.1665,70.1719,46953.0,57325.0,Pipistrellus pipistrellus,0.582,0.64,-1,Echolocation,192000.0,/mnt/ubna_data_04/recover-20241118/UBNA_027/20241109_024000.WAV,recover-20241118,UBNA_027,Foliage
HF,48000.0,4.692405574571999,82.74549999999999,82.7512,47812.0,60228.0,Pipistrellus pipistrellus,0.493,0.529,-1,Echolocation,192000.0,/mnt/ubna_data_04/recover-20241118/UBNA_027/20241109_024000.WAV,recover-20241118,UBNA_027,Foliage
HF,51840.0,4.612666618552809,83.2465,83.25280000000001,47812.0,64388.0,Pipistrellus pipistrellus,0.428,0.542,-1,Echolocation,192000.0,/mnt/ubna_data_04/recover-20241118/UBNA_027/20241109_024000.WAV,recover-20241118,UBNA_027,Foliage
HF,55680.0,7.349614083002082,83.4555,83.463,46953.0,66520.0,Pipistrellus pipistrellus,0.486,0.643,-1,Echolocation,192000.0,/mnt/ubna_data_04/recover-20241118/UBNA_027/20241109_024000.WAV,recover-20241118,UBNA_027,Foliage
HF,47040.0,8.655587492768,83.5565,83.5616,46953.0,61560.0,Pipistrellus pipistrellus,0.643,0.695,-1,Echolocation,192000.0,/mnt/ubna_data_04/recover-20241118/UBNA_027/20241109_024000.WAV,recover-20241118,UBNA_027,Foliage
HF,48000.0,5.540383412790448,83.6585,83.6664,46953.0,64616.0,Pipistrellus pipistrellus,0.519,0.64,-1,Echolocation,192000.0,/mnt/ubna_data_04/recover-20241118/UBNA_027/20241109_024000.WAV,recover-20241118,UBNA_027,Foliage
HF,49920.0,12.202885076080927,83.7585,83.7654,46953.0,67057.0,Pipistrellus pipistrellus,0.548,0.723,-1,Echolocation,192000.0,/mnt/ubna_data_04/recover-20241118/UBNA_027/20241109_024000.WAV,recover-20241118,UBNA_027,Foliage
HF,52800.0,8.063881764876427,83.8625,83.8697,47812.0,65654.0,Pipistrellus pipistrellus,0.445,0.599,-1,Echolocation,192000.0,/mnt/ubna_data_04/recover-20241118/UBNA_027/20241109_024000.WAV,recover-20241118,UBNA_027,Foliage
HF,47040.0,8.505428543468717,83.9645,83.9693,46093.0,59465.0,Pipistrellus pipistrellus,0.522,0.574,-1,Echolocation,192000.0,/mnt/ubna_data_04/recover-20241118/UBNA_027/20241109_024000.WAV,recover-20241118,UBNA_027,Foliage
HF,48000.0,12.676084083686385,84.0595,84.0644,46953.0,60610.0,Pipistrellus pipistrellus,0.547,0.597,-1,Echolocation,192000.0,/mnt/ubna_data_04/recover-20241118/UBNA_027/20241109_024000.WAV,recover-20241118,UBNA_027,Foliage
HF,46080.0,17.78434739715401,84.1565,84.1627,45234.0,64216.0,Pipistrellus pipistrellus,0.684,0.739,-1,Echolocation,192000.0,/mnt/ubna_data_04/recover-20241118/UBNA_027/20241109_024000.WAV,recover-20241118,UBNA_027,Foliage
HF,47040.0,15.63183627783991,84.2495,84.256,46093.0,63137.0,Pipistrellus pipistrellus,0.612,0.703,-1,Echolocation,192000.0,/mnt/ubna_data_04/recover-20241118/UBNA_027/20241109_024000.WAV,recover-20241118,UBNA_027,Foliage
HF,46080.0,21.139412778135803,84.3505,84.357,45234.0,68127.0,Pipistrellus pipistrellus,0.667,0.743,-1,Echolocation,192000.0,/mnt/ubna_data_04/recover-20241118/UBNA_027/20241109_024000.WAV,recover-20241118,UBNA_027,Foliage
HF,48000.0,5.4484743062619225,84.4505,84.4563,46953.0,54613.0,Pipistrellus pipistrellus,0.499,0.514,-1,Echolocation,192000.0,/mnt/ubna_data_04/recover-20241118/UBNA_027/20241109_024000.WAV,recover-20241118,UBNA_027,Foliage
HF,46080.0,18.374011436997666,84.5485,84.5543,44375.0,63355.0,Pipistrellus pipistrellus,0.574,0.681,-1,Echolocation,192000.0,/mnt/ubna_data_04/recover-20241118/UBNA_027/20241109_024000.WAV,recover-20241118,UBNA_027,Foliage
HF,48000.0,27.520793367015198,84.6545,84.6606,42656.0,70013.0,Pipistrellus pipistrellus,0.618,0.691,-1,Echolocation,192000.0,/mnt/ubna_data_04/recover-20241118/UBNA_027/20241109_024000.WAV,recover-20241118,UBNA_027,Foliage
HF,48000.0,28.97697545027588,84.7575,84.76429999999999,44375.0,70948.0,Pipistrellus pipistrellus,0.592,0.661,-1,Echolocation,192000.0,/mnt/ubna_data_04/recover-20241118/UBNA_027/20241109_024000.WAV,recover-20241118,UBNA_027,Foliage
HF,48960.0,26.797695706769673,84.8555,84.8633,44375.0,69184.0,Pipistrellus pipistrellus,0.527,0.65,-1,Echolocation,192000.0,/mnt/ubna_data_04/recover-20241118/UBNA_027/20241109_024000.WAV,recover-20241118,UBNA_027,Foliage
HF,48960.0,10.476793235154,84.9565,84.9639,45234.0,56235.0,Pipistrellus pipistrellus,0.457,0.525,-1,Echolocation,192000.0,/mnt/ubna_data_04/recover-20241118/UBNA_027/20241109_024000.WAV,recover-20241118,UBNA_027,Foliage
HF,48000.0,15.324942939327942,85.0545,85.06569999999999,46093.0,61977.0,Pipistrellus pipistrellus,0.31,0.519,-1,Echolocation,192000.0,/mnt/ubna_data_04/recover-20241118/UBNA_027/20241109_024000.WAV,recover-20241118,UBNA_027,Foliage
HF,48000.0,16.827306852980165,85.1565,85.1659,45234.0,65621.0,Pipistrellus pipistrellus,0.458,0.614,-1,Echolocation,192000.0,/mnt/ubna_data_04/recover-20241118/UBNA_027/20241109_024000.WAV,recover-20241118,UBNA_027,Foliage
HF,53760.0,9.423412247605016,86.6485,86.6558,46093.0,64287.0,Pipistrellus pipistrellus,0.371,0.552,-1,Echolocation,192000.0,/mnt/ubna_data_04/recover-20241118/UBNA_027/20241109_024000.WAV,recover-20241118,UBNA_027,Foliage
HF,51840.0,14.253557092101062,86.9395,86.9465,46093.0,62452.0,Pipistrellus pipistrellus,0.462,0.558,-1,Echolocation,192000.0,/mnt/ubna_data_04/recover-20241118/UBNA_027/20241109_024000.WAV,recover-20241118,UBNA_027,Foliage
HF,47040.0,9.96666945748979,87.2885,87.2944,46093.0,57381.0,Pipistrellus pipistrellus,0.546,0.616,-1,Echolocation,192000.0,/mnt/ubna_data_04/recover-20241118/UBNA_027/20241109_024000.WAV,recover-20241118,UBNA_027,Foliage
HF,46080.0,9.361494004720566,87.4625,87.4685,45234.0,56879.0,Pipistrellus pipistrellus,0.495,0.572,-1,Echolocation,192000.0,/mnt/ubna_data_04/recover-20241118/UBNA_027/20241109_024000.WAV,recover-20241118,UBNA_027,Foliage
HF,46080.0,8.279000443472295,87.5475,87.5536,45234.0,59076.0,Pipistrellus pipistrellus,0.447,0.526,-1,Echolocation,192000.0,/mnt/ubna_data_04/recover-20241118/UBNA_027/20241109_024000.WAV,recover-20241118,UBNA_027,Foliage
HF,48000.0,14.041136901429416,89.0335,89.0429,46093.0,63573.0,Pipistrellus pipistrellus,0.385,0.544,-1,Echolocation,192000.0,/mnt/ubna_data_04/recover-20241118/UBNA_027/20241109_024000.WAV,recover-20241118,UBNA_027,Foliage
HF,47040.0,12.005969800386595,89.3505,89.35900000000001,46093.0,59979.0,Pipistrellus pipistrellus,0.419,0.573,-1,Echolocation,192000.0,/mnt/ubna_data_04/recover-20241118/UBNA_027/20241109_024000.WAV,recover-20241118,UBNA_027,Foliage
HF,46080.0,6.755457838657266,89.7655,89.7704,46093.0,58381.0,Pipistrellus pipistrellus,0.525,0.566,-1,Echolocation,192000.0,/mnt/ubna_data_04/recover-20241118/UBNA_027/20241109_024000.WAV,recover-20241118,UBNA_027,Foliage
HF,46080.0,6.659860437368552,89.9615,89.9661,46093.0,56927.0,Pipistrellus pipistrellus,0.487,0.509,-1,Echolocation,192000.0,/mnt/ubna_data_04/recover-20241118/UBNA_027/20241109_024000.WAV,recover-20241118,UBNA_027,Foliage
HF,47040.0,7.064121775797739,90.1495,90.1544,46093.0,55962.0,Pipistrellus pipistrellus,0.539,0.59,-1,Echolocation,192000.0,/mnt/ubna_data_04/recover-20241118/UBNA_027/20241109_024000.WAV,recover-20241118,UBNA_027,Foliage
HF,46080.0,9.355749776792111,90.3455,90.3511,45234.0,56527.0,Pipistrellus pipistrellus,0.525,0.64,-1,Echolocation,192000.0,/mnt/ubna_data_04/recover-20241118/UBNA_027/20241109_024000.WAV,recover-20241118,UBNA_027,Foliage
HF,46080.0,9.964677357448927,90.5455,90.5506,45234.0,56565.0,Pipistrellus pipistrellus,0.585,0.613,-1,Echolocation,192000.0,/mnt/ubna_data_04/recover-20241118/UBNA_027/20241109_024000.WAV,recover-20241118,UBNA_027,Foliage
HF,46080.0,7.52093649248363,90.8495,90.8545,45234.0,57616.0,Pipistrellus pipistrellus,0.565,0.604,-1,Echolocation,192000.0,/mnt/ubna_data_04/recover-20241118/UBNA_027/20241109_024000.WAV,recover-20241118,UBNA_027,Foliage
HF,55680.0,11.276914405051148,115.9455,115.9554,47812.0,65344.0,Pipistrellus pipistrellus,0.357,0.594,-1,Echolocation,192000.0,/mnt/ubna_data_04/recover-20241118/UBNA_027/20241109_024000.WAV,recover-20241118,UBNA_027,Foliage
HF,48000.0,6.4692751169773395,116.0475,116.0526,47812.0,59616.0,Pipistrellus pipistrellus,0.453,0.507,-1,Echolocation,192000.0,/mnt/ubna_data_04/recover-20241118/UBNA_027/20241109_024000.WAV,recover-20241118,UBNA_027,Foliage
HF,47040.0,6.639450690593131,116.1425,116.1498,46953.0,62424.0,Pipistrellus pipistrellus,0.441,0.55,-1,Echolocation,192000.0,/mnt/ubna_data_04/recover-20241118/UBNA_027/20241109_024000.WAV,recover-20241118,UBNA_027,Foliage
HF,48000.0,8.543422901084949,116.2465,116.2515,46953.0,60586.0,Pipistrellus pipistrellus,0.63,0.691,-1,Echolocation,192000.0,/mnt/ubna_data_04/recover-20241118/UBNA_027/20241109_024000.WAV,recover-20241118,UBNA_027,Foliage
HF,47040.0,14.718519363599983,116.34649999999999,116.352,46093.0,66649.0,Pipistrellus pipistrellus,0.574,0.691,-1,Echolocation,192000.0,/mnt/ubna_data_04/recover-20241118/UBNA_027/20241109_024000.WAV,recover-20241118,UBNA_027,Foliage
HF,48960.0,13.628014477327197,116.4465,116.4522,46953.0,64789.0,Pipistrellus pipistrellus,0.55,0.678,-1,Echolocation,192000.0,/mnt/ubna_data_04/recover-20241118/UBNA_027/20241109_024000.WAV,recover-20241118,UBNA_027,Foliage
HF,47040.0,13.965038295076802,116.5495,116.5572,45234.0,66422.0,Pipistrellus pipistrellus,0.541,0.68,-1,Echolocation,192000.0,/mnt/ubna_data_04/recover-20241118/UBNA_027/20241109_024000.WAV,recover-20241118,UBNA_027,Foliage
HF,52800.0,17.183595854917996,116.6575,116.6632,45234.0,64821.0,Pipistrellus pipistrellus,0.589,0.711,-1,Echolocation,192000.0,/mnt/ubna_data_04/recover-20241118/UBNA_027/20241109_024000.WAV,recover-20241118,UBNA_027,Foliage
HF,47040.0,17.703949073989634,116.7625,116.7683,45234.0,71633.0,Pipistrellus pipistrellus,0.52,0.667,-1,Echolocation,192000.0,/mnt/ubna_data_04/recover-20241118/UBNA_027/20241109_024000.WAV,recover-20241118,UBNA_027,Foliage
HF,48000.0,13.017718290269142,116.8675,116.8728,46093.0,63168.0,Pipistrellus pipistrellus,0.601,0.662,-1,Echolocation,192000.0,/mnt/ubna_data_04/recover-20241118/UBNA_027/20241109_024000.WAV,recover-20241118,UBNA_027,Foliage
HF,46080.0,23.94421538236866,116.9675,116.9746,45234.0,67325.0,Pipistrellus pipistrellus,0.595,0.71,-1,Echolocation,192000.0,/mnt/ubna_data_04/recover-20241118/UBNA_027/20241109_024000.WAV,recover-20241118,UBNA_027,Foliage
HF,48000.0,17.079471129488724,117.0725,117.0791,46093.0,60311.0,Pipistrellus pipistrellus,0.476,0.595,-1,Echolocation,192000.0,/mnt/ubna_data_04/recover-20241118/UBNA_027/20241109_024000.WAV,recover-20241118,UBNA_027,Foliage
HF,46080.0,15.017550882644661,117.1745,117.1815,45234.0,64865.0,Pipistrellus pipistrellus,0.53,0.709,-1,Echolocation,192000.0,/mnt/ubna_data_04/recover-20241118/UBNA_027/20241109_024000.WAV,recover-20241118,UBNA_027,Foliage
HF,47040.0,13.313083993601982,117.29050000000001,117.29599999999999,46093.0,60443.0,Pipistrellus pipistrellus,0.433,0.527,-1,Echolocation,192000.0,/mnt/ubna_data_04/recover-20241118/UBNA_027/20241109_024000.WAV,recover-20241118,UBNA_027,Foliage
HF,46080.0,23.931091312315047,117.39750000000001,117.404,43515.0,70719.0,Pipistrellus pipistrellus,0.581,0.684,-1,Echolocation,192000.0,/mnt/ubna_data_04/recover-20241118/UBNA_027/20241109_024000.WAV,recover-20241118,UBNA_027,Foliage
HF,48960.0,12.335269317879614,117.50450000000001,117.51089999999999,46093.0,57973.0,Pipistrellus pipistrellus,0.483,0.597,-1,Echolocation,192000.0,/mnt/ubna_data_04/recover-20241118/UBNA_027/20241109_024000.WAV,recover-20241118,UBNA_027,Foliage
HF,48960.0,13.400795826887798,117.5975,117.6034,46093.0,59989.0,Pipistrellus pipistrellus,0.51,0.607,-1,Echolocation,192000.0,/mnt/ubna_data_04/recover-20241118/UBNA_027/20241109_024000.WAV,recover-20241118,UBNA_027,Foliage
HF,46080.0,13.769390619324282,117.7025,117.7122,45234.0,61658.0,Pipistrellus pipistrellus,0.387,0.511,-1,Echolocation,192000.0,/mnt/ubna_data_04/recover-20241118/UBNA_027/20241109_024000.WAV,recover-20241118,UBNA_027,Foliage
HF,46080.0,15.442013431881325,118.0135,118.025,45234.0,62907.0,Pipistrellus pipistrellus,0.444,0.616,-1,Echolocation,192000.0,/mnt/ubna_data_04/recover-20241118/UBNA_027/20241109_024000.WAV,recover-20241118,UBNA_027,Foliage
HF,52800.0,15.655717226847388,119.2405,119.2475,46953.0,65889.0,Pipistrellus pipistrellus,0.463,0.593,-1,Echolocation,192000.0,/mnt/ubna_data_04/recover-20241118/UBNA_027/20241109_024000.WAV,recover-20241118,UBNA_027,Foliage
HF,47040.0,9.54243153001146,119.5385,119.54939999999999,46953.0,64652.0,Pipistrellus pipistrellus,0.397,0.607,-1,Echolocation,192000.0,/mnt/ubna_data_04/recover-20241118/UBNA_027/20241109_024000.WAV,recover-20241118,UBNA_027,Foliage
HF,47040.0,8.06083430056759,119.7835,119.7906,46953.0,64479.0,Pipistrellus pipistrellus,0.51,0.663,-1,Echolocation,192000.0,/mnt/ubna_data_04/recover-20241118/UBNA_027/20241109_024000.WAV,recover-20241118,UBNA_027,Foliage
HF,46080.0,5.13664107871075,119.8765,119.88210000000001,46093.0,58552.0,Pipistrellus pipistrellus,0.474,0.522,-1,Echolocation,192000.0,/mnt/ubna_data_04/recover-20241118/UBNA_027/20241109_024000.WAV,recover-20241118,UBNA_027,Foliage
HF,47040.0,8.544856726345868,121.1285,121.1376,46093.0,62164.0,Pipistrellus pipistrellus,0.402,0.516,-1,Echolocation,192000.0,/mnt/ubna_data_04/recover-20241118/UBNA_027/20241109_024000.WAV,recover-20241118,UBNA_027,Foliage
HF,46080.0,10.329950493037568,121.8945,121.9052,45234.0,61788.0,Pipistrellus pipistrellus,0.373,0.559,-1,Echolocation,192000.0,/mnt/ubna_data_04/recover-20241118/UBNA_027/20241109_024000.WAV,recover-20241118,UBNA_027,Foliage
HF,47040.0,7.03540369588762,122.5605,122.5653,45234.0,55558.0,Pipistrellus pipistrellus,0.494,0.526,-1,Echolocation,192000.0,/mnt/ubna_data_04/recover-20241118/UBNA_027/20241109_024000.WAV,recover-20241118,UBNA_027,Foliage
HF,49920.0,5.08596470626016,140.7055,140.71,47812.0,61457.0,Pipistrellus pipistrellus,0.456,0.506,-1,Echolocation,192000.0,/mnt/ubna_data_04/recover-20241118/UBNA_027/20241109_024000.WAV,recover-20241118,UBNA_027,Foliage
HF,48000.0,3.3507429148006946,140.9005,140.9058,46953.0,57558.0,Pipistrellus pipistrellus,0.492,0.522,-1,Echolocation,192000.0,/mnt/ubna_data_04/recover-20241118/UBNA_027/20241109_024000.WAV,recover-20241118,UBNA_027,Foliage
HF,46080.0,4.4966677269203466,141.0045,141.0126,46093.0,61054.0,Pipistrellus pipistrellus,0.379,0.55,-1,Echolocation,192000.0,/mnt/ubna_data_04/recover-20241118/UBNA_027/20241109_024000.WAV,recover-20241118,UBNA_027,Foliage
HF,47040.0,13.487672868903367,141.1135,141.1205,46093.0,65379.0,Pipistrellus pipistrellus,0.571,0.752,-1,Echolocation,192000.0,/mnt/ubna_data_04/recover-20241118/UBNA_027/20241109_024000.WAV,recover-20241118,UBNA_027,Foliage
HF,47040.0,11.594971142346822,141.2335,141.2405,46093.0,65687.0,Pipistrellus pipistrellus,0.552,0.713,-1,Echolocation,192000.0,/mnt/ubna_data_04/recover-20241118/UBNA_027/20241109_024000.WAV,recover-20241118,UBNA_027,Foliage
HF,47040.0,11.066897715020936,141.3425,141.3482,45234.0,63571.0,Pipistrellus pipistrellus,0.507,0.629,-1,Echolocation,192000.0,/mnt/ubna_data_04/recover-20241118/UBNA_027/20241109_024000.WAV,recover-20241118,UBNA_027,Foliage
HF,48000.0,7.864607164499886,141.44650000000001,141.4514,47812.0,62770.0,Pipistrellus pipistrellus,0.506,0.596,-1,Echolocation,192000.0,/mnt/ubna_data_04/recover-20241118/UBNA_027/20241109_024000.WAV,recover-20241118,UBNA_027,Foliage
HF,47040.0,9.21674562108736,141.5385,141.5467,46093.0,66877.0,Pipistrellus pipistrellus,0.399,0.645,-1,Echolocation,192000.0,/mnt/ubna_data_04/recover-20241118/UBNA_027/20241109_024000.WAV,recover-20241118,UBNA_027,Foliage
HF,47040.0,15.092597294264804,141.6405,141.648,45234.0,64643.0,Pipistrellus pipistrellus,0.559,0.707,-1,Echolocation,192000.0,/mnt/ubna_data_04/recover-20241118/UBNA_027/20241109_024000.WAV,recover-20241118,UBNA_027,Foliage
HF,46080.0,19.097299399457444,141.7605,141.7679,44375.0,67760.0,Pipistrellus pipistrellus,0.543,0.715,-1,Echolocation,192000.0,/mnt/ubna_data_04/recover-20241118/UBNA_027/20241109_024000.WAV,recover-20241118,UBNA_027,Foliage
HF,53760.0,11.79616486354595,141.9695,141.9768,46093.0,67734.0,Pipistrellus pipistrellus,0.497,0.646,-1,Echolocation,192000.0,/mnt/ubna_data_04/recover-20241118/UBNA_027/20241109_024000.WAV,recover-20241118,UBNA_027,Foliage
HF,47040.0,27.346012543693416,142.5485,142.5567,42656.0,65151.0,Pipistrellus pipistrellus,0.472,0.64,-1,Echolocation,192000.0,/mnt/ubna_data_04/recover-20241118/UBNA_027/20241109_024000.WAV,recover-20241118,UBNA_027,Foliage
HF,46080.0,12.264015761428425,142.7695,142.7757,46093.0,60361.0,Pipistrellus pipistrellus,0.644,0.711,-1,Echolocation,192000.0,/mnt/ubna_data_04/recover-20241118/UBNA_027/20241109_024000.WAV,recover-20241118,UBNA_027,Foliage
HF,47040.0,5.107847095961686,142.8755,142.8815,46093.0,54189.0,Pipistrellus pipistrellus,0.548,0.569,-1,Echolocation,192000.0,/mnt/ubna_data_04/recover-20241118/UBNA_027/20241109_024000.WAV,recover-20241118,UBNA_027,Foliage
HF,46080.0,22.952857438227802,143.09550000000002,143.1036,45234.0,65550.0,Pipistrellus pipistrellus,0.544,0.687,-1,Echolocation,192000.0,/mnt/ubna_data_04/recover-20241118/UBNA_027/20241109_024000.WAV,recover-20241118,UBNA_027,Foliage
HF,46080.0,16.209647289901575,143.5635,143.5757,44375.0,63270.0,Pipistrellus pipistrellus,0.389,0.554,-1,Echolocation,192000.0,/mnt/ubna_data_04/recover-20241118/UBNA_027/20241109_024000.WAV,recover-20241118,UBNA_027,Foliage
HF,48000.0,6.039908520819919,145.7695,145.7745,46953.0,58058.0,Pipistrellus pipistrellus,0.519,0.57,-1,Echolocation,192000.0,/mnt/ubna_data_04/recover-20241118/UBNA_027/20241109_024000.WAV,recover-20241118,UBNA_027,Foliage
HF,48960.0,10.486910986309415,145.9695,145.9756,46953.0,60355.0,Pipistrellus pipistrellus,0.485,0.63,-1,Echolocation,192000.0,/mnt/ubna_data_04/recover-20241118/UBNA_027/20241109_024000.WAV,recover-20241118,UBNA_027,Foliage
HF,53760.0,4.2675502957090785,160.4835,160.4878,49531.0,63112.0,Pipistrellus pipistrellus,0.472,0.533,-1,Echolocation,192000.0,/mnt/ubna_data_04/recover-20241118/UBNA_027/20241109_024000.WAV,recover-20241118,UBNA_027,Foliage
HF,54720.0,8.350887729493246,160.8655,160.8713,48671.0,69729.0,Pipistrellus pipistrellus,0.498,0.634,-1,Echolocation,192000.0,/mnt/ubna_data_04/recover-20241118/UBNA_027/20241109_024000.WAV,recover-20241118,UBNA_027,Foliage
HF,47040.0,7.32600881218104,161.1435,161.1484,46953.0,61261.0,Pipistrellus pipistrellus,0.513,0.583,-1,Echolocation,192000.0,/mnt/ubna_data_04/recover-20241118/UBNA_027/20241109_024000.WAV,recover-20241118,UBNA_027,Foliage
HF,55680.0,11.517070355208592,161.2445,161.2496,46953.0,67905.0,Pipistrellus pipistrellus,0.561,0.694,-1,Echolocation,192000.0,/mnt/ubna_data_04/recover-20241118/UBNA_027/20241109_024000.WAV,recover-20241118,UBNA_027,Foliage
HF,52800.0,13.231208659478934,161.3415,161.3467,46953.0,64948.0,Pipistrellus pipistrellus,0.614,0.731,-1,Echolocation,192000.0,/mnt/ubna_data_04/recover-20241118/UBNA_027/20241109_024000.WAV,recover-20241118,UBNA_027,Foliage
HF,47040.0,12.274493403570625,161.4485,161.4544,46953.0,65913.0,Pipistrellus pipistrellus,0.476,0.651,-1,Echolocation,192000.0,/mnt/ubna_data_04/recover-20241118/UBNA_027/20241109_024000.WAV,recover-20241118,UBNA_027,Foliage
HF,48960.0,12.117820558125455,161.5545,161.559,46953.0,62102.0,Pipistrellus pipistrellus,0.549,0.629,-1,Echolocation,192000.0,/mnt/ubna_data_04/recover-20241118/UBNA_027/20241109_024000.WAV,recover-20241118,UBNA_027,Foliage
HF,52800.0,19.25234003421941,161.6505,161.6561,45234.0,71681.0,Pipistrellus pipistrellus,0.517,0.724,-1,Echolocation,192000.0,/mnt/ubna_data_04/recover-20241118/UBNA_027/20241109_024000.WAV,recover-20241118,UBNA_027,Foliage
HF,52800.0,17.708543513009303,161.7265,161.7318,45234.0,71302.0,Pipistrellus pipistrellus,0.492,0.657,-1,Echolocation,192000.0,/mnt/ubna_data_04/recover-20241118/UBNA_027/20241109_024000.WAV,recover-20241118,UBNA_027,Foliage
HF,54720.0,16.77514465240507,161.7965,161.8019,46093.0,75675.0,Myotis alcathoe,0.25,0.505,-1,Echolocation,192000.0,/mnt/ubna_data_04/recover-20241118/UBNA_027/20241109_024000.WAV,recover-20241118,UBNA_027,Foliage
HF,48960.0,17.76223236219039,162.1825,162.1871,45234.0,67259.0,Pipistrellus pipistrellus,0.474,0.595,-1,Echolocation,192000.0,/mnt/ubna_data_04/recover-20241118/UBNA_027/20241109_024000.WAV,recover-20241118,UBNA_027,Foliage
HF,48000.0,22.06418840196589,162.3485,162.3543,43515.0,71761.0,Pipistrellus pipistrellus,0.546,0.668,-1,Echolocation,192000.0,/mnt/ubna_data_04/recover-20241118/UBNA_027/20241109_024000.WAV,recover-20241118,UBNA_027,Foliage
HF,47040.0,20.526929310452275,162.5345,162.5396,43515.0,66368.0,Pipistrellus pipistrellus,0.456,0.621,-1,Echolocation,192000.0,/mnt/ubna_data_04/recover-20241118/UBNA_027/20241109_024000.WAV,recover-20241118,UBNA_027,Foliage
HF,48000.0,24.50468672185956,162.6295,162.6349,43515.0,70412.0,Pipistrellus pipistrellus,0.458,0.557,-1,Echolocation,192000.0,/mnt/ubna_data_04/recover-20241118/UBNA_027/20241109_024000.WAV,recover-20241118,UBNA_027,Foliage
HF,48000.0,21.241415800349618,162.7235,162.7284,42656.0,67228.0,Pipistrellus pipistrellus,0.527,0.633,-1,Echolocation,192000.0,/mnt/ubna_data_04/recover-20241118/UBNA_027/20241109_024000.WAV,recover-20241118,UBNA_027,Foliage
HF,48000.0,7.762809180906527,162.8265,162.8319,45234.0,61471.0,Pipistrellus pipistrellus,0.507,0.578,-1,Echolocation,192000.0,/mnt/ubna_data_04/recover-20241118/UBNA_027/20241109_024000.WAV,recover-20241118,UBNA_027,Foliage
HF,48000.0,25.095279396511643,162.9275,162.9326,42656.0,69057.0,Pipistrellus pipistrellus,0.435,0.595,-1,Echolocation,192000.0,/mnt/ubna_data_04/recover-20241118/UBNA_027/20241109_024000.WAV,recover-20241118,UBNA_027,Foliage
HF,48000.0,11.818346451261705,163.1335,163.1419,45234.0,59608.0,Pipistrellus pipistrellus,0.466,0.566,-1,Echolocation,192000.0,/mnt/ubna_data_04/recover-20241118/UBNA_027/20241109_024000.WAV,recover-20241118,UBNA_027,Foliage
HF,48000.0,15.142545064253515,163.3315,163.3405,45234.0,61671.0,Pipistrellus pipistrellus,0.512,0.616,-1,Echolocation,192000.0,/mnt/ubna_data_04/recover-20241118/UBNA_027/20241109_024000.WAV,recover-20241118,UBNA_027,Foliage
HF,46080.0,16.105549668790108,164.0105,164.0196,46953.0,63844.0,Pipistrellus pipistrellus,0.384,0.527,-1,Echolocation,192000.0,/mnt/ubna_data_04/recover-20241118/UBNA_027/20241109_024000.WAV,recover-20241118,UBNA_027,Foliage
HF,52800.0,9.586662191198352,165.1295,165.1373,47812.0,66222.0,Pipistrellus pipistrellus,0.485,0.553,-1,Echolocation,192000.0,/mnt/ubna_data_04/recover-20241118/UBNA_027/20241109_024000.WAV,recover-20241118,UBNA_027,Foliage
HF,53760.0,11.980735383642912,165.30349999999999,165.3099,47812.0,65500.0,Pipistrellus pipistrellus,0.442,0.558,-1,Echolocation,192000.0,/mnt/ubna_data_04/recover-20241118/UBNA_027/20241109_024000.WAV,recover-20241118,UBNA_027,Foliage
HF,55680.0,18.258487913383632,165.4055,165.4119,46953.0,66810.0,Pipistrellus pipistrellus,0.427,0.551,-1,Echolocation,192000.0,/mnt/ubna_data_04/recover-20241118/UBNA_027/20241109_024000.WAV,recover-20241118,UBNA_027,Foliage
HF,48000.0,13.194428539568497,165.4925,165.4995,46093.0,61823.0,Pipistrellus pipistrellus,0.399,0.557,-1,Echolocation,192000.0,/mnt/ubna_data_04/recover-20241118/UBNA_027/20241109_024000.WAV,recover-20241118,UBNA_027,Foliage
HF,52800.0,17.942443507259092,165.6815,165.6883,48671.0,65614.0,Pipistrellus pipistrellus,0.55,0.617,-1,Echolocation,192000.0,/mnt/ubna_data_04/recover-20241118/UBNA_027/20241109_024000.WAV,recover-20241118,UBNA_027,Foliage
HF,52800.0,22.16679740481059,165.7765,165.7822,45234.0,68400.0,Pipistrellus pipistrellus,0.538,0.659,-1,Echolocation,192000.0,/mnt/ubna_data_04/recover-20241118/UBNA_027/20241109_024000.WAV,recover-20241118,UBNA_027,Foliage
HF,48960.0,10.911758052394052,165.9425,165.9483,46093.0,63291.0,Pipistrellus pipistrellus,0.396,0.522,-1,Echolocation,192000.0,/mnt/ubna_data_04/recover-20241118/UBNA_027/20241109_024000.WAV,recover-20241118,UBNA_027,Foliage
HF,54720.0,25.583087293021528,166.0305,166.0368,45234.0,73040.0,Pipistrellus pipistrellus,0.454,0.583,-1,Echolocation,192000.0,/mnt/ubna_data_04/recover-20241118/UBNA_027/20241109_024000.WAV,recover-20241118,UBNA_027,Foliage
HF,46080.0,11.741576279164525,166.4905,166.4957,45234.0,64227.0,Pipistrellus pipistrellus,0.465,0.531,-1,Echolocation,192000.0,/mnt/ubna_data_04/recover-20241118/UBNA_027/20241109_024000.WAV,recover-20241118,UBNA_027,Foliage
HF,47040.0,13.97666519914817,166.6775,166.6828,45234.0,66789.0,Pipistrellus pipistrellus,0.529,0.639,-1,Echolocation,192000.0,/mnt/ubna_data_04/recover-20241118/UBNA_027/20241109_024000.WAV,recover-20241118,UBNA_027,Foliage
HF,46080.0,21.465167115168505,166.8565,166.8622,43515.0,70172.0,Pipistrellus pipistrellus,0.55,0.651,-1,Echolocation,192000.0,/mnt/ubna_data_04/recover-20241118/UBNA_027/20241109_024000.WAV,recover-20241118,UBNA_027,Foliage
HF,47040.0,19.765277702032304,167.0555,167.061,44375.0,67187.0,Pipistrellus pipistrellus,0.697,0.753,-1,Echolocation,192000.0,/mnt/ubna_data_04/recover-20241118/UBNA_027/20241109_024000.WAV,recover-20241118,UBNA_027,Foliage
HF,47040.0,9.212193981179707,167.1575,167.1634,45234.0,57731.0,Pipistrellus pipistrellus,0.518,0.616,-1,Echolocation,192000.0,/mnt/ubna_data_04/recover-20241118/UBNA_027/20241109_024000.WAV,recover-20241118,UBNA_027,Foliage
HF,46080.0,16.43900325171817,167.2605,167.2668,45234.0,68795.0,Pipistrellus pipistrellus,0.601,0.743,-1,Echolocation,192000.0,/mnt/ubna_data_04/recover-20241118/UBNA_027/20241109_024000.WAV,recover-20241118,UBNA_027,Foliage
HF,46080.0,16.418758587688476,167.4735,167.4801,44375.0,67541.0,Pipistrellus pipistrellus,0.619,0.705,-1,Echolocation,192000.0,/mnt/ubna_data_04/recover-20241118/UBNA_027/20241109_024000.WAV,recover-20241118,UBNA_027,Foliage
HF,46080.0,11.669303588584086,167.7375,167.7428,46093.0,63334.0,Pipistrellus pipistrellus,0.523,0.636,-1,Echolocation,192000.0,/mnt/ubna_data_04/recover-20241118/UBNA_027/20241109_024000.WAV,recover-20241118,UBNA_027,Foliage
HF,46080.0,6.784326910570073,167.9395,167.9467,45234.0,60247.0,Pipistrellus pipistrellus,0.547,0.62,-1,Echolocation,192000.0,/mnt/ubna_data_04/recover-20241118/UBNA_027/20241109_024000.WAV,recover-20241118,UBNA_027,Foliage
HF,48960.0,5.808353851663151,179.0185,179.0237,47812.0,61202.0,Pipistrellus pipistrellus,0.456,0.529,-1,Echolocation,192000.0,/mnt/ubna_data_04/recover-20241118/UBNA_027/20241109_024000.WAV,recover-20241118,UBNA_027,Foliage
HF,46080.0,6.818937048349991,179.2155,179.2228,45234.0,61215.0,Pipistrellus pipistrellus,0.549,0.702,-1,Echolocation,192000.0,/mnt/ubna_data_04/recover-20241118/UBNA_027/20241109_024000.WAV,recover-20241118,UBNA_027,Foliage
HF,47040.0,13.86904154612267,179.3115,179.3179,46093.0,59783.0,Pipistrellus pipistrellus,0.507,0.702,-1,Echolocation,192000.0,/mnt/ubna_data_04/recover-20241118/UBNA_027/20241109_024000.WAV,recover-20241118,UBNA_027,Foliage
HF,47040.0,16.171593923746833,179.4085,179.4161,46093.0,63927.0,Pipistrellus pipistrellus,0.531,0.729,-1,Echolocation,192000.0,/mnt/ubna_data_04/recover-20241118/UBNA_027/20241109_024000.WAV,recover-20241118,UBNA_027,Foliage
HF,47040.0,12.079987953273717,179.5095,179.5152,46093.0,62667.0,Pipistrellus pipistrellus,0.565,0.709,-1,Echolocation,192000.0,/mnt/ubna_data_04/recover-20241118/UBNA_027/20241109_024000.WAV,recover-20241118,UBNA_027,Foliage
HF,53760.0,11.076286821833175,179.6025,179.6081,46093.0,61974.0,Pipistrellus pipistrellus,0.539,0.639,-1,Echolocation,192000.0,/mnt/ubna_data_04/recover-20241118/UBNA_027/20241109_024000.WAV,recover-20241118,UBNA_027,Foliage
HF,52800.0,14.772423680665668,179.69650000000001,179.7027,46093.0,64894.0,Pipistrellus pipistrellus,0.565,0.716,-1,Echolocation,192000.0,/mnt/ubna_data_04/recover-20241118/UBNA_027/20241109_024000.WAV,recover-20241118,UBNA_027,Foliage
HF,52800.0,19.37984299637385,179.7905,179.7963,46093.0,65902.0,Pipistrellus pipistrellus,0.504,0.648,-1,Echolocation,192000.0,/mnt/ubna_data_04/recover-20241118/UBNA_027/20241109_024000.WAV,recover-20241118,UBNA_027,Foliage
HF,48000.0,14.970467639858802,179.8995,179.9046,46953.0,66149.0,Pipistrellus pipistrellus,0.451,0.601,-1,Echolocation,192000.0,/mnt/ubna_data_04/recover-20241118/UBNA_027/20241109_024000.WAV,recover-20241118,UBNA_027,Foliage
HF,46080.0,13.269328121004571,180.0065,180.0139,45234.0,67481.0,Pipistrellus pipistrellus,0.581,0.664,-1,Echolocation,192000.0,/mnt/ubna_data_04/recover-20241118/UBNA_027/20241109_024000.WAV,recover-20241118,UBNA_027,Foliage
HF,48000.0,21.075803127821715,180.1135,180.12,44375.0,68856.0,Pipistrellus pipistrellus,0.612,0.676,-1,Echolocation,192000.0,/mnt/ubna_data_04/recover-20241118/UBNA_027/20241109_024000.WAV,recover-20241118,UBNA_027,Foliage
HF,46080.0,12.238843044364211,180.2165,180.223,45234.0,60404.0,Pipistrellus pipistrellus,0.488,0.602,-1,Echolocation,192000.0,/mnt/ubna_data_04/recover-20241118/UBNA_027/20241109_024000.WAV,recover-20241118,UBNA_027,Foliage
HF,46080.0,12.743848099645492,180.3235,180.3297,44375.0,61551.0,Pipistrellus pipistrellus,0.623,0.688,-1,Echolocation,192000.0,/mnt/ubna_data_04/recover-20241118/UBNA_027/20241109_024000.WAV,recover-20241118,UBNA_027,Foliage
HF,48000.0,9.869022437829557,180.4325,180.4372,46953.0,59852.0,Pipistrellus pipistrellus,0.592,0.615,-1,Echolocation,192000.0,/mnt/ubna_data_04/recover-20241118/UBNA_027/20241109_024000.WAV,recover-20241118,UBNA_027,Foliage
HF,48000.0,23.281436679757345,180.5425,180.5501,43515.0,66931.0,Pipistrellus pipistrellus,0.419,0.558,-1,Echolocation,192000.0,/mnt/ubna_data_04/recover-20241118/UBNA_027/20241109_024000.WAV,recover-20241118,UBNA_027,Foliage
HF,47040.0,13.543991261152977,180.6605,180.6663,45234.0,58871.0,Pipistrellus pipistrellus,0.608,0.687,-1,Echolocation,192000.0,/mnt/ubna_data_04/recover-20241118/UBNA_027/20241109_024000.WAV,recover-20241118,UBNA_027,Foliage
HF,46080.0,13.387264888710725,180.7795,180.7874,44375.0,61262.0,Pipistrellus pipistrellus,0.59,0.684,-1,Echolocation,192000.0,/mnt/ubna_data_04/recover-20241118/UBNA_027/20241109_024000.WAV,recover-20241118,UBNA_027,Foliage
HF,45120.0,19.089113352707336,181.0075,181.0144,43515.0,65067.0,Pipistrellus pipistrellus,0.596,0.658,-1,Echolocation,192000.0,/mnt/ubna_data_04/recover-20241118/UBNA_027/20241109_024000.WAV,recover-20241118,UBNA_027,Foliage
HF,55680.0,16.207917558210085,182.7125,182.7194,46093.0,63492.0,Pipistrellus pipistrellus,0.499,0.684,-1,Echolocation,192000.0,/mnt/ubna_data_04/recover-20241118/UBNA_027/20241109_024000.WAV,recover-20241118,UBNA_027,Foliage
HF,47040.0,10.285096266069527,183.0195,183.0277,46093.0,62275.0,Pipistrellus pipistrellus,0.384,0.642,-1,Echolocation,192000.0,/mnt/ubna_data_04/recover-20241118/UBNA_027/20241109_024000.WAV,recover-20241118,UBNA_027,Foliage
HF,48960.0,7.344832247935242,184.1575,184.1639,47812.0,64203.0,Pipistrellus pipistrellus,0.596,0.636,-1,Echolocation,192000.0,/mnt/ubna_data_04/recover-20241118/UBNA_027/20241109_024000.WAV,recover-20241118,UBNA_027,Foliage
HF,47040.0,16.2895763427407,185.1735,185.1836,44375.0,61748.0,Pipistrellus pipistrellus,0.354,0.516,-1,Echolocation,192000.0,/mnt/ubna_data_04/recover-20241118/UBNA_027/20241109_024000.WAV,recover-20241118,UBNA_027,Foliage
HF,46080.0,10.478914738561107,185.5995,185.6085,45234.0,58197.0,Pipistrellus pipistrellus,0.412,0.553,-1,Echolocation,192000.0,/mnt/ubna_data_04/recover-20241118/UBNA_027/20241109_024000.WAV,recover-20241118,UBNA_027,Foliage
HF,48000.0,15.538068273135286,185.9165,185.9217,46093.0,59071.0,Pipistrellus pipistrellus,0.621,0.667,-1,Echolocation,192000.0,/mnt/ubna_data_04/recover-20241118/UBNA_027/20241109_024000.WAV,recover-20241118,UBNA_027,Foliage
HF,46080.0,13.599307109024924,186.2095,186.2144,45234.0,58938.0,Pipistrellus pipistrellus,0.65,0.672,-1,Echolocation,192000.0,/mnt/ubna_data_04/recover-20241118/UBNA_027/20241109_024000.WAV,recover-20241118,UBNA_027,Foliage
HF,46080.0,10.074326491651831,186.4095,186.4146,45234.0,58538.0,Pipistrellus pipistrellus,0.622,0.675,-1,Echolocation,192000.0,/mnt/ubna_data_04/recover-20241118/UBNA_027/20241109_024000.WAV,recover-20241118,UBNA_027,Foliage
HF,45120.0,6.341628083854412,186.6105,186.61599999999999,44375.0,55800.0,Pipistrellus pipistrellus,0.576,0.6,-1,Echolocation,192000.0,/mnt/ubna_data_04/recover-20241118/UBNA_027/20241109_024000.WAV,recover-20241118,UBNA_027,Foliage
HF,46080.0,8.189932524481241,186.8025,186.8084,46093.0,56126.0,Pipistrellus pipistrellus,0.588,0.616,-1,Echolocation,192000.0,/mnt/ubna_data_04/recover-20241118/UBNA_027/20241109_024000.WAV,recover-20241118,UBNA_027,Foliage
HF,46080.0,6.066245670906135,187.0115,187.0181,45234.0,52508.0,Pipistrellus pipistrellus,0.588,0.608,-1,Echolocation,192000.0,/mnt/ubna_data_04/recover-20241118/UBNA_027/20241109_024000.WAV,recover-20241118,UBNA_027,Foliage
HF,46080.0,3.5489227444245626,187.2125,187.2183,46093.0,55468.0,Pipistrellus pipistrellus,0.559,0.581,-1,Echolocation,192000.0,/mnt/ubna_data_04/recover-20241118/UBNA_027/20241109_024000.WAV,recover-20241118,UBNA_027,Foliage
HF,48000.0,4.54934024853514,231.57150000000001,231.5763,47812.0,62005.0,Pipistrellus pipistrellus,0.448,0.509,-1,Echolocation,192000.0,/mnt/ubna_data_04/recover-20241118/UBNA_027/20241109_024000.WAV,recover-20241118,UBNA_027,Foliage
HF,48000.0,10.631840593942762,231.6695,231.6752,46953.0,57063.0,Pipistrellus pipistrellus,0.479,0.546,-1,Echolocation,192000.0,/mnt/ubna_data_04/recover-20241118/UBNA_027/20241109_024000.WAV,recover-20241118,UBNA_027,Foliage
HF,47040.0,11.767995944622738,231.8585,231.8647,45234.0,60906.0,Pipistrellus pipistrellus,0.564,0.672,-1,Echolocation,192000.0,/mnt/ubna_data_04/recover-20241118/UBNA_027/20241109_024000.WAV,recover-20241118,UBNA_027,Foliage
HF,45120.0,11.040896873713475,232.0735,232.0793,44375.0,56602.0,Pipistrellus pipistrellus,0.466,0.585,-1,Echolocation,192000.0,/mnt/ubna_data_04/recover-20241118/UBNA_027/20241109_024000.WAV,recover-20241118,UBNA_027,Foliage
HF,46080.0,4.181882684380756,233.0665,233.0725,45234.0,54626.0,Pipistrellus pipistrellus,0.508,0.566,-1,Echolocation,192000.0,/mnt/ubna_data_04/recover-20241118/UBNA_027/20241109_024000.WAV,recover-20241118,UBNA_027,Foliage
HF,52800.0,7.452662862555553,263.1035,263.1086,47812.0,57832.0,Pipistrellus pipistrellus,0.49,0.557,-1,Echolocation,192000.0,/mnt/ubna_data_04/recover-20241118/UBNA_027/20241109_024000.WAV,recover-20241118,UBNA_027,Foliage
HF,52800.0,13.097932469894234,263.1965,263.2021,45234.0,63401.0,Pipistrellus pipistrellus,0.564,0.72,-1,Echolocation,192000.0,/mnt/ubna_data_04/recover-20241118/UBNA_027/20241109_024000.WAV,recover-20241118,UBNA_027,Foliage
HF,52800.0,12.784110396199068,263.5275,263.5328,46093.0,61119.0,Pipistrellus pipistrellus,0.547,0.649,-1,Echolocation,192000.0,/mnt/ubna_data_04/recover-20241118/UBNA_027/20241109_024000.WAV,recover-20241118,UBNA_027,Foliage
HF,46080.0,12.440841697261103,263.7215,263.7285,45234.0,65406.0,Pipistrellus pipistrellus,0.531,0.705,-1,Echolocation,192000.0,/mnt/ubna_data_04/recover-20241118/UBNA_027/20241109_024000.WAV,recover-20241118,UBNA_027,Foliage
HF,46080.0,18.124933319802274,263.8315,263.8386,45234.0,65272.0,Pipistrellus pipistrellus,0.5,0.692,-1,Echolocation,192000.0,/mnt/ubna_data_04/recover-20241118/UBNA_027/20241109_024000.WAV,recover-20241118,UBNA_027,Foliage
HF,47040.0,14.133131054438099,263.9355,263.9415,46093.0,61208.0,Pipistrellus pipistrellus,0.445,0.607,-1,Echolocation,192000.0,/mnt/ubna_data_04/recover-20241118/UBNA_027/20241109_024000.WAV,recover-20241118,UBNA_027,Foliage
HF,46080.0,9.206784873323059,264.0415,264.0486,46093.0,63845.0,Pipistrellus pipistrellus,0.596,0.715,-1,Echolocation,192000.0,/mnt/ubna_data_04/recover-20241118/UBNA_027/20241109_024000.WAV,recover-20241118,UBNA_027,Foliage
HF,47040.0,15.98786649978001,264.1475,264.1526,46093.0,66757.0,Pipistrellus pipistrellus,0.601,0.675,-1,Echolocation,192000.0,/mnt/ubna_data_04/recover-20241118/UBNA_027/20241109_024000.WAV,recover-20241118,UBNA_027,Foliage
HF,46080.0,12.119766870541211,264.2615,264.2693,45234.0,65419.0,Pipistrellus pipistrellus,0.54,0.704,-1,Echolocation,192000.0,/mnt/ubna_data_04/recover-20241118/UBNA_027/20241109_024000.WAV,recover-20241118,UBNA_027,Foliage
HF,47040.0,15.407915699642441,264.3715,264.3765,45234.0,66272.0,Pipistrellus pipistrellus,0.598,0.636,-1,Echolocation,192000.0,/mnt/ubna_data_04/recover-20241118/UBNA_027/20241109_024000.WAV,recover-20241118,UBNA_027,Foliage
HF,47040.0,25.281777457789826,264.4785,264.4851,42656.0,68985.0,Pipistrellus pipistrellus,0.475,0.67,-1,Echolocation,192000.0,/mnt/ubna_data_04/recover-20241118/UBNA_027/20241109_024000.WAV,recover-20241118,UBNA_027,Foliage
HF,46080.0,25.986768485245385,264.7085,264.7159,42656.0,68246.0,Pipistrellus pipistrellus,0.477,0.65,-1,Echolocation,192000.0,/mnt/ubna_data_04/recover-20241118/UBNA_027/20241109_024000.WAV,recover-20241118,UBNA_027,Foliage
HF,46080.0,15.97047724536148,264.8145,264.8203,44375.0,60899.0,Pipistrellus pipistrellus,0.544,0.576,-1,Echolocation,192000.0,/mnt/ubna_data_04/recover-20241118/UBNA_027/20241109_024000.WAV,recover-20241118,UBNA_027,Foliage
HF,47040.0,11.085642620320462,265.0525,265.0581,46093.0,53751.0,Pipistrellus pipistrellus,0.539,0.564,-1,Echolocation,192000.0,/mnt/ubna_data_04/recover-20241118/UBNA_027/20241109_024000.WAV,recover-20241118,UBNA_027,Foliage
HF,46080.0,14.528371741113164,265.1745,265.1804,45234.0,53915.0,Pipistrellus pipistrellus,0.568,0.587,-1,Echolocation,192000.0,/mnt/ubna_data_04/recover-20241118/UBNA_027/20241109_024000.WAV,recover-20241118,UBNA_027,Foliage
HF,46080.0,23.001143843093573,265.2935,265.3026,44375.0,65317.0,Pipistrellus pipistrellus,0.504,0.676,-1,Echolocation,192000.0,/mnt/ubna_data_04/recover-20241118/UBNA_027/20241109_024000.WAV,recover-20241118,UBNA_027,Foliage
HF,47040.0,12.97575726401432,265.6305,265.6402,45234.0,64491.0,Pipistrellus pipistrellus,0.429,0.565,-1,Echolocation,192000.0,/mnt/ubna_data_04/recover-20241118/UBNA_027/20241109_024000.WAV,recover-20241118,UBNA_027,Foliage
HF,47040.0,12.95862372052256,265.7365,265.7477,46093.0,64866.0,Pipistrellus pipistrellus,0.436,0.566,-1,Echolocation,192000.0,/mnt/ubna_data_04/recover-20241118/UBNA_027/20241109_024000.WAV,recover-20241118,UBNA_027,Foliage
HF,46080.0,18.95766496450896,267.8075,267.81759999999997,46093.0,64236.0,Pipistrellus pipistrellus,0.391,0.586,-1,Echolocation,192000.0,/mnt/ubna_data_04/recover-20241118/UBNA_027/20241109_024000.WAV,recover-20241118,UBNA_027,Foliage
HF,46080.0,17.461142350591544,267.9605,267.9706,45234.0,61566.0,Pipistrellus pipistrellus,0.361,0.552,-1,Echolocation,192000.0,/mnt/ubna_data_04/recover-20241118/UBNA_027/20241109_024000.WAV,recover-20241118,UBNA_027,Foliage
HF,45120.0,10.450684074601014,268.3285,268.3366,44375.0,57291.0,Pipistrellus pipistrellus,0.481,0.571,-1,Echolocation,192000.0,/mnt/ubna_data_04/recover-20241118/UBNA_027/20241109_024000.WAV,recover-20241118,UBNA_027,Foliage
HF,48000.0,16.30989246499203,268.5465,268.5578,43515.0,61266.0,Pipistrellus pipistrellus,0.311,0.506,-1,Echolocation,192000.0,/mnt/ubna_data_04/recover-20241118/UBNA_027/20241109_024000.WAV,recover-20241118,UBNA_027,Foliage
HF,46080.0,5.405937332499099,268.6635,268.66949999999997,45234.0,52459.0,Pipistrellus pipistrellus,0.48,0.504,-1,Echolocation,192000.0,/mnt/ubna_data_04/recover-20241118/UBNA_027/20241109_024000.WAV,recover-20241118,UBNA_027,Foliage
HF,47040.0,10.370601628765943,268.8765,268.8815,45234.0,56056.0,Pipistrellus pipistrellus,0.561,0.596,-1,Echolocation,192000.0,/mnt/ubna_data_04/recover-20241118/UBNA_027/20241109_024000.WAV,recover-20241118,UBNA_027,Foliage
HF,47040.0,9.420134621552595,269.0155,269.0204,45234.0,57815.0,Pipistrellus pipistrellus,0.524,0.581,-1,Echolocation,192000.0,/mnt/ubna_data_04/recover-20241118/UBNA_027/20241109_024000.WAV,recover-20241118,UBNA_027,Foliage
HF,46080.0,10.319336589645992,269.2145,269.2199,45234.0,56839.0,Pipistrellus pipistrellus,0.556,0.626,-1,Echolocation,192000.0,/mnt/ubna_data_04/recover-20241118/UBNA_027/20241109_024000.WAV,recover-20241118,UBNA_027,Foliage
HF,46080.0,7.727738550713811,282.5235,282.5297,45234.0,58071.0,Pipistrellus pipistrellus,0.497,0.67,-1,Echolocation,192000.0,/mnt/ubna_data_04/recover-20241118/UBNA_027/20241109_024000.WAV,recover-20241118,UBNA_027,Foliage
HF,51840.0,4.963281251357142,6.7005,6.706,47812.0,59974.0,Pipistrellus pipistrellus,0.528,0.624,-1,Echolocation,192000.0,/mnt/ubna_data_04/recover-20241118/UBNA_027/20241109_025000.WAV,recover-20241118,UBNA_027,Foliage
HF,49920.0,6.8812774875549465,6.7935,6.7985,46953.0,56931.0,Pipistrellus pipistrellus,0.575,0.624,-1,Echolocation,192000.0,/mnt/ubna_data_04/recover-20241118/UBNA_027/20241109_025000.WAV,recover-20241118,UBNA_027,Foliage
HF,48000.0,5.335482653628208,6.8905,6.8961,46953.0,63108.0,Pipistrellus pipistrellus,0.418,0.543,-1,Echolocation,192000.0,/mnt/ubna_data_04/recover-20241118/UBNA_027/20241109_025000.WAV,recover-20241118,UBNA_027,Foliage
HF,47040.0,13.77088591655516,7.0005,7.006,46093.0,63685.0,Pipistrellus pipistrellus,0.578,0.758,-1,Echolocation,192000.0,/mnt/ubna_data_04/recover-20241118/UBNA_027/20241109_025000.WAV,recover-20241118,UBNA_027,Foliage
HF,52800.0,9.676182585237099,8.6405,8.6449,51250.0,63467.0,Pipistrellus pipistrellus,0.402,0.506,-1,Echolocation,192000.0,/mnt/ubna_data_04/recover-20241118/UBNA_027/20241109_025000.WAV,recover-20241118,UBNA_027,Foliage
HF,52800.0,9.979531950201446,9.9655,9.9699,50390.0,63009.0,Pipistrellus pipistrellus,0.476,0.575,-1,Echolocation,192000.0,/mnt/ubna_data_04/recover-20241118/UBNA_027/20241109_025000.WAV,recover-20241118,UBNA_027,Foliage
HF,48000.0,7.5041206248822325,10.2635,10.269,46953.0,65297.0,Pipistrellus pipistrellus,0.511,0.612,-1,Echolocation,192000.0,/mnt/ubna_data_04/recover-20241118/UBNA_027/20241109_025000.WAV,recover-20241118,UBNA_027,Foliage
HF,48000.0,10.486034295664998,10.6485,10.6535,45234.0,57495.0,Pipistrellus pipistrellus,0.589,0.642,-1,Echolocation,192000.0,/mnt/ubna_data_04/recover-20241118/UBNA_027/20241109_025000.WAV,recover-20241118,UBNA_027,Foliage
HF,46080.0,25.025434795458985,10.7505,10.7562,44375.0,65515.0,Pipistrellus pipistrellus,0.533,0.7,-1,Echolocation,192000.0,/mnt/ubna_data_04/recover-20241118/UBNA_027/20241109_025000.WAV,recover-20241118,UBNA_027,Foliage
HF,47040.0,13.013269135412479,10.9435,10.9485,45234.0,57945.0,Pipistrellus pipistrellus,0.545,0.616,-1,Echolocation,192000.0,/mnt/ubna_data_04/recover-20241118/UBNA_027/20241109_025000.WAV,recover-20241118,UBNA_027,Foliage
HF,47040.0,19.526240972021597,11.0445,11.0531,44375.0,67916.0,Pipistrellus pipistrellus,0.548,0.701,-1,Echolocation,192000.0,/mnt/ubna_data_04/recover-20241118/UBNA_027/20241109_025000.WAV,recover-20241118,UBNA_027,Foliage
HF,47040.0,13.856530645698284,11.5715,11.5825,45234.0,62183.0,Pipistrellus pipistrellus,0.451,0.622,-1,Echolocation,192000.0,/mnt/ubna_data_04/recover-20241118/UBNA_027/20241109_025000.WAV,recover-20241118,UBNA_027,Foliage
HF,46080.0,12.23444774205614,13.0155,13.0221,46093.0,60696.0,Pipistrellus pipistrellus,0.462,0.588,-1,Echolocation,192000.0,/mnt/ubna_data_04/recover-20241118/UBNA_027/20241109_025000.WAV,recover-20241118,UBNA_027,Foliage
HF,47040.0,9.468808081663033,13.2135,13.2211,46093.0,60448.0,Pipistrellus pipistrellus,0.469,0.602,-1,Echolocation,192000.0,/mnt/ubna_data_04/recover-20241118/UBNA_027/20241109_025000.WAV,recover-20241118,UBNA_027,Foliage
HF,48000.0,6.402140895573107,13.3805,13.3878,46953.0,55920.0,Pipistrellus pipistrellus,0.543,0.559,-1,Echolocation,192000.0,/mnt/ubna_data_04/recover-20241118/UBNA_027/20241109_025000.WAV,recover-20241118,UBNA_027,Foliage
HF,48960.0,7.300718896739179,13.6125,13.6191,46953.0,59574.0,Pipistrellus pipistrellus,0.529,0.591,-1,Echolocation,192000.0,/mnt/ubna_data_04/recover-20241118/UBNA_027/20241109_025000.WAV,recover-20241118,UBNA_027,Foliage
HF,46080.0,13.803384548811406,14.8685,14.877,45234.0,62774.0,Pipistrellus pipistrellus,0.506,0.619,-1,Echolocation,192000.0,/mnt/ubna_data_04/recover-20241118/UBNA_027/20241109_025000.WAV,recover-20241118,UBNA_027,Foliage
HF,46080.0,16.549330017266534,15.3065,15.3146,45234.0,59874.0,Pipistrellus pipistrellus,0.507,0.614,-1,Echolocation,192000.0,/mnt/ubna_data_04/recover-20241118/UBNA_027/20241109_025000.WAV,recover-20241118,UBNA_027,Foliage
HF,46080.0,16.80404239339003,15.7375,15.7433,45234.0,58302.0,Pipistrellus pipistrellus,0.543,0.643,-1,Echolocation,192000.0,/mnt/ubna_data_04/recover-20241118/UBNA_027/20241109_025000.WAV,recover-20241118,UBNA_027,Foliage
HF,46080.0,7.2088346071012435,15.9405,15.9465,45234.0,56483.0,Pipistrellus pipistrellus,0.608,0.651,-1,Echolocation,192000.0,/mnt/ubna_data_04/recover-20241118/UBNA_027/20241109_025000.WAV,recover-20241118,UBNA_027,Foliage
HF,46080.0,11.430331000704488,16.0405,16.0479,45234.0,59101.0,Pipistrellus pipistrellus,0.324,0.619,-1,Echolocation,192000.0,/mnt/ubna_data_04/recover-20241118/UBNA_027/20241109_025000.WAV,recover-20241118,UBNA_027,Foliage
HF,46080.0,7.010946166046721,16.3215,16.327,45234.0,59876.0,Pipistrellus pipistrellus,0.537,0.627,-1,Echolocation,192000.0,/mnt/ubna_data_04/recover-20241118/UBNA_027/20241109_025000.WAV,recover-20241118,UBNA_027,Foliage
HF,51840.0,8.111120298101497,52.0785,52.0843,47812.0,63222.0,Pipistrellus pipistrellus,0.544,0.662,-1,Echolocation,192000.0,/mnt/ubna_data_04/recover-20241118/UBNA_027/20241109_025000.WAV,recover-20241118,UBNA_027,Foliage
HF,46080.0,9.018347088436725,52.180499999999995,52.1877,46093.0,62261.0,Pipistrellus pipistrellus,0.561,0.736,-1,Echolocation,192000.0,/mnt/ubna_data_04/recover-20241118/UBNA_027/20241109_025000.WAV,recover-20241118,UBNA_027,Foliage
HF,48960.0,8.301336180731198,52.2825,52.289,46953.0,62276.0,Pipistrellus pipistrellus,0.57,0.689,-1,Echolocation,192000.0,/mnt/ubna_data_04/recover-20241118/UBNA_027/20241109_025000.WAV,recover-20241118,UBNA_027,Foliage
HF,47040.0,10.312797426149904,52.3825,52.3878,46093.0,63391.0,Pipistrellus pipistrellus,0.597,0.681,-1,Echolocation,192000.0,/mnt/ubna_data_04/recover-20241118/UBNA_027/20241109_025000.WAV,recover-20241118,UBNA_027,Foliage
HF,48000.0,13.089947160466506,52.4845,52.4899,46953.0,65202.0,Pipistrellus pipistrellus,0.532,0.662,-1,Echolocation,192000.0,/mnt/ubna_data_04/recover-20241118/UBNA_027/20241109_025000.WAV,recover-20241118,UBNA_027,Foliage
HF,47040.0,13.341415828386275,52.5945,52.599900000000005,45234.0,69902.0,Pipistrellus pipistrellus,0.541,0.711,-1,Echolocation,192000.0,/mnt/ubna_data_04/recover-20241118/UBNA_027/20241109_025000.WAV,recover-20241118,UBNA_027,Foliage
HF,47040.0,11.238042976884593,52.694500000000005,52.702600000000004,46093.0,66695.0,Pipistrellus pipistrellus,0.499,0.713,-1,Echolocation,192000.0,/mnt/ubna_data_04/recover-20241118/UBNA_027/20241109_025000.WAV,recover-20241118,UBNA_027,Foliage
HF,47040.0,9.288820225092124,52.7945,52.7996,46093.0,60106.0,Pipistrellus pipistrellus,0.565,0.622,-1,Echolocation,192000.0,/mnt/ubna_data_04/recover-20241118/UBNA_027/20241109_025000.WAV,recover-20241118,UBNA_027,Foliage
HF,46080.0,21.648177524228707,52.9025,52.908699999999996,44375.0,68601.0,Pipistrellus pipistrellus,0.521,0.705,-1,Echolocation,192000.0,/mnt/ubna_data_04/recover-20241118/UBNA_027/20241109_025000.WAV,recover-20241118,UBNA_027,Foliage
HF,47040.0,19.992949555202408,53.0165,53.0219,45234.0,65667.0,Pipistrellus pipistrellus,0.497,0.561,-1,Echolocation,192000.0,/mnt/ubna_data_04/recover-20241118/UBNA_027/20241109_025000.WAV,recover-20241118,UBNA_027,Foliage
HF,47040.0,23.27987344554634,53.1195,53.1256,45234.0,68103.0,Pipistrellus pipistrellus,0.493,0.633,-1,Echolocation,192000.0,/mnt/ubna_data_04/recover-20241118/UBNA_027/20241109_025000.WAV,recover-20241118,UBNA_027,Foliage
HF,48000.0,8.772039389509327,53.2275,53.2329,46093.0,56072.0,Pipistrellus pipistrellus,0.556,0.572,-1,Echolocation,192000.0,/mnt/ubna_data_04/recover-20241118/UBNA_027/20241109_025000.WAV,recover-20241118,UBNA_027,Foliage
HF,46080.0,26.770285213285042,53.3375,53.343900000000005,43515.0,70326.0,Pipistrellus pipistrellus,0.554,0.676,-1,Echolocation,192000.0,/mnt/ubna_data_04/recover-20241118/UBNA_027/20241109_025000.WAV,recover-20241118,UBNA_027,Foliage
HF,48000.0,6.057712087841173,53.6575,53.6629,47812.0,55548.0,Pipistrellus pipistrellus,0.497,0.517,-1,Echolocation,192000.0,/mnt/ubna_data_04/recover-20241118/UBNA_027/20241109_025000.WAV,recover-20241118,UBNA_027,Foliage
HF,46080.0,18.600857149933944,53.7555,53.7619,45234.0,65928.0,Pipistrellus pipistrellus,0.373,0.505,-1,Echolocation,192000.0,/mnt/ubna_data_04/recover-20241118/UBNA_027/20241109_025000.WAV,recover-20241118,UBNA_027,Foliage
HF,47040.0,10.024646683669797,53.966499999999996,53.9734,45234.0,59844.0,Pipistrellus pipistrellus,0.594,0.718,-1,Echolocation,192000.0,/mnt/ubna_data_04/recover-20241118/UBNA_027/20241109_025000.WAV,recover-20241118,UBNA_027,Foliage
HF,46080.0,10.437735790246904,54.1625,54.1733,46093.0,60622.0,Pipistrellus pipistrellus,0.358,0.55,-1,Echolocation,192000.0,/mnt/ubna_data_04/recover-20241118/UBNA_027/20241109_025000.WAV,recover-20241118,UBNA_027,Foliage
HF,46080.0,10.895449780485084,56.1015,56.1104,45234.0,62153.0,Pipistrellus pipistrellus,0.491,0.628,-1,Echolocation,192000.0,/mnt/ubna_data_04/recover-20241118/UBNA_027/20241109_025000.WAV,recover-20241118,UBNA_027,Foliage
HF,47040.0,14.83048919348866,56.2175,56.2265,46093.0,62056.0,Pipistrellus pipistrellus,0.375,0.517,-1,Echolocation,192000.0,/mnt/ubna_data_04/recover-20241118/UBNA_027/20241109_025000.WAV,recover-20241118,UBNA_027,Foliage
HF,48000.0,13.724647608211582,56.3995,56.4071,46953.0,59124.0,Pipistrellus pipistrellus,0.493,0.565,-1,Echolocation,192000.0,/mnt/ubna_data_04/recover-20241118/UBNA_027/20241109_025000.WAV,recover-20241118,UBNA_027,Foliage
HF,46080.0,23.153421719499157,56.5125,56.5208,44375.0,66223.0,Pipistrellus pipistrellus,0.557,0.69,-1,Echolocation,192000.0,/mnt/ubna_data_04/recover-20241118/UBNA_027/20241109_025000.WAV,recover-20241118,UBNA_027,Foliage
HF,45120.0,23.89610237602445,56.7595,56.7696,43515.0,67534.0,Pipistrellus pipistrellus,0.546,0.629,-1,Echolocation,192000.0,/mnt/ubna_data_04/recover-20241118/UBNA_027/20241109_025000.WAV,recover-20241118,UBNA_027,Foliage
HF,47040.0,13.761891566334699,56.8625,56.8696,45234.0,62308.0,Pipistrellus pipistrellus,0.501,0.653,-1,Echolocation,192000.0,/mnt/ubna_data_04/recover-20241118/UBNA_027/20241109_025000.WAV,recover-20241118,UBNA_027,Foliage
HF,45120.0,19.079051791651406,57.1225,57.129000000000005,42656.0,63711.0,Pipistrellus pipistrellus,0.588,0.635,-1,Echolocation,192000.0,/mnt/ubna_data_04/recover-20241118/UBNA_027/20241109_025000.WAV,recover-20241118,UBNA_027,Foliage
HF,46080.0,3.166717288551289,57.2325,57.2381,44375.0,53708.0,Pipistrellus pipistrellus,0.462,0.5,-1,Echolocation,192000.0,/mnt/ubna_data_04/recover-20241118/UBNA_027/20241109_025000.WAV,recover-20241118,UBNA_027,Foliage
HF,45120.0,16.10328149294412,57.3515,57.358000000000004,42656.0,65198.0,Pipistrellus pipistrellus,0.622,0.683,-1,Echolocation,192000.0,/mnt/ubna_data_04/recover-20241118/UBNA_027/20241109_025000.WAV,recover-20241118,UBNA_027,Foliage
HF,46080.0,15.066989356945903,57.575500000000005,57.5811,44375.0,61502.0,Pipistrellus pipistrellus,0.577,0.636,-1,Echolocation,192000.0,/mnt/ubna_data_04/recover-20241118/UBNA_027/20241109_025000.WAV,recover-20241118,UBNA_027,Foliage
HF,46080.0,10.737113515098098,57.7945,57.800200000000004,45234.0,58315.0,Pipistrellus pipistrellus,0.634,0.681,-1,Echolocation,192000.0,/mnt/ubna_data_04/recover-20241118/UBNA_027/20241109_025000.WAV,recover-20241118,UBNA_027,Foliage
HF,46080.0,7.873458941476099,58.0065,58.012,45234.0,55320.0,Pipistrellus pipistrellus,0.518,0.677,-1,Echolocation,192000.0,/mnt/ubna_data_04/recover-20241118/UBNA_027/20241109_025000.WAV,recover-20241118,UBNA_027,Foliage
HF,47040.0,10.490001683452919,86.0875,86.0933,46093.0,62978.0,Pipistrellus pipistrellus,0.558,0.663,-1,Echolocation,192000.0,/mnt/ubna_data_04/recover-20241118/UBNA_027/20241109_025000.WAV,recover-20241118,UBNA_027,Foliage
HF,46080.0,9.697782762318141,86.2935,86.3011,46093.0,62845.0,Pipistrellus pipistrellus,0.405,0.654,-1,Echolocation,192000.0,/mnt/ubna_data_04/recover-20241118/UBNA_027/20241109_025000.WAV,recover-20241118,UBNA_027,Foliage
HF,46080.0,10.135340968010706,86.52850000000001,86.5364,45234.0,61412.0,Pipistrellus pipistrellus,0.484,0.634,-1,Echolocation,192000.0,/mnt/ubna_data_04/recover-20241118/UBNA_027/20241109_025000.WAV,recover-20241118,UBNA_027,Foliage
HF,47040.0,15.289782084589607,86.6485,86.6553,46093.0,64665.0,Pipistrellus pipistrellus,0.526,0.741,-1,Echolocation,192000.0,/mnt/ubna_data_04/recover-20241118/UBNA_027/20241109_025000.WAV,recover-20241118,UBNA_027,Foliage
HF,46080.0,9.19544181830262,86.7625,86.7692,45234.0,64315.0,Pipistrellus pipistrellus,0.477,0.615,-1,Echolocation,192000.0,/mnt/ubna_data_04/recover-20241118/UBNA_027/20241109_025000.WAV,recover-20241118,UBNA_027,Foliage
HF,46080.0,16.50254500248802,86.8685,86.8765,45234.0,58841.0,Pipistrellus pipistrellus,0.421,0.597,-1,Echolocation,192000.0,/mnt/ubna_data_04/recover-20241118/UBNA_027/20241109_025000.WAV,recover-20241118,UBNA_027,Foliage
HF,48000.0,15.292432526757251,86.9765,86.9828,46093.0,60852.0,Pipistrellus pipistrellus,0.503,0.621,-1,Echolocation,192000.0,/mnt/ubna_data_04/recover-20241118/UBNA_027/20241109_025000.WAV,recover-20241118,UBNA_027,Foliage
HF,46080.0,19.265108645623087,87.1705,87.1762,45234.0,67663.0,Pipistrellus pipistrellus,0.555,0.714,-1,Echolocation,192000.0,/mnt/ubna_data_04/recover-20241118/UBNA_027/20241109_025000.WAV,recover-20241118,UBNA_027,Foliage
HF,46080.0,9.231850070388605,87.2755,87.2817,46093.0,62642.0,Pipistrellus pipistrellus,0.493,0.649,-1,Echolocation,192000.0,/mnt/ubna_data_04/recover-20241118/UBNA_027/20241109_025000.WAV,recover-20241118,UBNA_027,Foliage
HF,46080.0,22.16481407333166,87.3955,87.4024,43515.0,74349.0,Pipistrellus pipistrellus,0.573,0.709,-1,Echolocation,192000.0,/mnt/ubna_data_04/recover-20241118/UBNA_027/20241109_025000.WAV,recover-20241118,UBNA_027,Foliage
HF,47040.0,7.842460605320884,87.50450000000001,87.5102,46953.0,61311.0,Pipistrellus pipistrellus,0.484,0.593,-1,Echolocation,192000.0,/mnt/ubna_data_04/recover-20241118/UBNA_027/20241109_025000.WAV,recover-20241118,UBNA_027,Foliage
HF,46080.0,16.85779416756374,87.6285,87.6354,44375.0,66592.0,Pipistrellus pipistrellus,0.53,0.734,-1,Echolocation,192000.0,/mnt/ubna_data_04/recover-20241118/UBNA_027/20241109_025000.WAV,recover-20241118,UBNA_027,Foliage
HF,47040.0,23.93888929509881,87.7515,87.757,44375.0,65131.0,Pipistrellus pipistrellus,0.451,0.553,-1,Echolocation,192000.0,/mnt/ubna_data_04/recover-20241118/UBNA_027/20241109_025000.WAV,recover-20241118,UBNA_027,Foliage
HF,46080.0,25.762425493892295,87.8655,87.8719,43515.0,70572.0,Pipistrellus pipistrellus,0.485,0.681,-1,Echolocation,192000.0,/mnt/ubna_data_04/recover-20241118/UBNA_027/20241109_025000.WAV,recover-20241118,UBNA_027,Foliage
HF,46080.0,10.39543580828452,87.9815,87.9866,45234.0,54969.0,Pipistrellus pipistrellus,0.454,0.539,-1,Echolocation,192000.0,/mnt/ubna_data_04/recover-20241118/UBNA_027/20241109_025000.WAV,recover-20241118,UBNA_027,Foliage
HF,47040.0,19.461680473553642,88.0985,88.1058,43515.0,65969.0,Pipistrellus pipistrellus,0.575,0.656,-1,Echolocation,192000.0,/mnt/ubna_data_04/recover-20241118/UBNA_027/20241109_025000.WAV,recover-20241118,UBNA_027,Foliage
HF,46080.0,9.28845355798347,88.2085,88.21600000000001,44375.0,56704.0,Pipistrellus pipistrellus,0.555,0.645,-1,Echolocation,192000.0,/mnt/ubna_data_04/recover-20241118/UBNA_027/20241109_025000.WAV,recover-20241118,UBNA_027,Foliage
HF,46080.0,21.28743676208582,88.4175,88.4257,43515.0,69967.0,Pipistrellus pipistrellus,0.606,0.719,-1,Echolocation,192000.0,/mnt/ubna_data_04/recover-20241118/UBNA_027/20241109_025000.WAV,recover-20241118,UBNA_027,Foliage
HF,46080.0,17.625717918097234,88.8625,88.87010000000001,45234.0,65611.0,Pipistrellus pipistrellus,0.453,0.652,-1,Echolocation,192000.0,/mnt/ubna_data_04/recover-20241118/UBNA_027/20241109_025000.WAV,recover-20241118,UBNA_027,Foliage
HF,48000.0,5.436979097266424,106.4005,106.4055,47812.0,60931.0,Pipistrellus pipistrellus,0.479,0.507,-1,Echolocation,192000.0,/mnt/ubna_data_04/recover-20241118/UBNA_027/20241109_025000.WAV,recover-20241118,UBNA_027,Foliage
HF,48000.0,4.525839979994267,106.7825,106.7881,47812.0,57293.0,Pipistrellus pipistrellus,0.526,0.54,-1,Echolocation,192000.0,/mnt/ubna_data_04/recover-20241118/UBNA_027/20241109_025000.WAV,recover-20241118,UBNA_027,Foliage
HF,48000.0,5.576555795749084,106.8775,106.8832,46953.0,62095.0,Pipistrellus pipistrellus,0.597,0.673,-1,Echolocation,192000.0,/mnt/ubna_data_04/recover-20241118/UBNA_027/20241109_025000.WAV,recover-20241118,UBNA_027,Foliage
HF,48960.0,4.830581039889777,106.97149999999999,106.9782,47812.0,62316.0,Pipistrellus pipistrellus,0.546,0.639,-1,Echolocation,192000.0,/mnt/ubna_data_04/recover-20241118/UBNA_027/20241109_025000.WAV,recover-20241118,UBNA_027,Foliage
HF,48000.0,7.432060404893476,107.0695,107.0758,46953.0,63710.0,Pipistrellus pipistrellus,0.568,0.695,-1,Echolocation,192000.0,/mnt/ubna_data_04/recover-20241118/UBNA_027/20241109_025000.WAV,recover-20241118,UBNA_027,Foliage
HF,54720.0,5.890344531650663,107.35849999999999,107.36619999999999,47812.0,66779.0,Pipistrellus pipistrellus,0.438,0.502,-1,Echolocation,192000.0,/mnt/ubna_data_04/recover-20241118/UBNA_027/20241109_025000.WAV,recover-20241118,UBNA_027,Foliage
HF,52800.0,8.052457605995354,107.4585,107.4645,48671.0,64295.0,Pipistrellus pipistrellus,0.491,0.539,-1,Echolocation,192000.0,/mnt/ubna_data_04/recover-20241118/UBNA_027/20241109_025000.WAV,recover-20241118,UBNA_027,Foliage
HF,56640.0,6.103946103984061,107.5605,107.57,46953.0,64281.0,Pipistrellus pipistrellus,0.433,0.535,-1,Echolocation,192000.0,/mnt/ubna_data_04/recover-20241118/UBNA_027/20241109_025000.WAV,recover-20241118,UBNA_027,Foliage
HF,48960.0,6.616719264159024,107.65950000000001,107.6653,47812.0,61578.0,Pipistrellus pipistrellus,0.491,0.511,-1,Echolocation,192000.0,/mnt/ubna_data_04/recover-20241118/UBNA_027/20241109_025000.WAV,recover-20241118,UBNA_027,Foliage
HF,46080.0,12.26313552181047,107.7585,107.7673,46093.0,65623.0,Pipistrellus pipistrellus,0.522,0.692,-1,Echolocation,192000.0,/mnt/ubna_data_04/recover-20241118/UBNA_027/20241109_025000.WAV,recover-20241118,UBNA_027,Foliage
HF,51840.0,6.2584929971803085,107.8605,107.8683,47812.0,65791.0,Pipistrellus pipistrellus,0.466,0.52,-1,Echolocation,192000.0,/mnt/ubna_data_04/recover-20241118/UBNA_027/20241109_025000.WAV,recover-20241118,UBNA_027,Foliage
HF,47040.0,11.858684200936278,107.96549999999999,107.9718,46093.0,61233.0,Pipistrellus pipistrellus,0.619,0.711,-1,Echolocation,192000.0,/mnt/ubna_data_04/recover-20241118/UBNA_027/20241109_025000.WAV,recover-20241118,UBNA_027,Foliage
HF,48000.0,14.009945972082603,108.0565,108.0625,46953.0,61743.0,Pipistrellus pipistrellus,0.595,0.663,-1,Echolocation,192000.0,/mnt/ubna_data_04/recover-20241118/UBNA_027/20241109_025000.WAV,recover-20241118,UBNA_027,Foliage
HF,47040.0,12.928347472207808,108.1565,108.1614,46093.0,57735.0,Pipistrellus pipistrellus,0.617,0.642,-1,Echolocation,192000.0,/mnt/ubna_data_04/recover-20241118/UBNA_027/20241109_025000.WAV,recover-20241118,UBNA_027,Foliage
HF,46080.0,22.091975962723758,108.2595,108.2655,45234.0,65576.0,Pipistrellus pipistrellus,0.633,0.697,-1,Echolocation,192000.0,/mnt/ubna_data_04/recover-20241118/UBNA_027/20241109_025000.WAV,recover-20241118,UBNA_027,Foliage
HF,48000.0,10.27383553106989,108.3675,108.37180000000001,45234.0,55898.0,Pipistrellus pipistrellus,0.514,0.551,-1,Echolocation,192000.0,/mnt/ubna_data_04/recover-20241118/UBNA_027/20241109_025000.WAV,recover-20241118,UBNA_027,Foliage
HF,46080.0,12.134278630181367,108.7535,108.7618,45234.0,63756.0,Pipistrellus pipistrellus,0.512,0.661,-1,Echolocation,192000.0,/mnt/ubna_data_04/recover-20241118/UBNA_027/20241109_025000.WAV,recover-20241118,UBNA_027,Foliage
HF,47040.0,5.659813891534552,108.8685,108.87610000000001,46953.0,58497.0,Pipistrellus pipistrellus,0.503,0.535,-1,Echolocation,192000.0,/mnt/ubna_data_04/recover-20241118/UBNA_027/20241109_025000.WAV,recover-20241118,UBNA_027,Foliage
HF,46080.0,13.330215184004226,109.1835,109.1925,45234.0,61816.0,Pipistrellus pipistrellus,0.463,0.621,-1,Echolocation,192000.0,/mnt/ubna_data_04/recover-20241118/UBNA_027/20241109_025000.WAV,recover-20241118,UBNA_027,Foliage
HF,51840.0,11.543058323697439,110.3775,110.3875,46953.0,64161.0,Pipistrellus pipistrellus,0.406,0.514,-1,Echolocation,192000.0,/mnt/ubna_data_04/recover-20241118/UBNA_027/20241109_025000.WAV,recover-20241118,UBNA_027,Foliage
HF,47040.0,16.352831156638707,110.4795,110.487,46953.0,65522.0,Pipistrellus pipistrellus,0.532,0.638,-1,Echolocation,192000.0,/mnt/ubna_data_04/recover-20241118/UBNA_027/20241109_025000.WAV,recover-20241118,UBNA_027,Foliage
HF,47040.0,9.977837381812808,110.7675,110.77459999999999,46953.0,64705.0,Pipistrellus pipistrellus,0.541,0.684,-1,Echolocation,192000.0,/mnt/ubna_data_04/recover-20241118/UBNA_027/20241109_025000.WAV,recover-20241118,UBNA_027,Foliage
HF,48000.0,17.67612748096884,110.8635,110.87180000000001,46953.0,65031.0,Pipistrellus pipistrellus,0.514,0.651,-1,Echolocation,192000.0,/mnt/ubna_data_04/recover-20241118/UBNA_027/20241109_025000.WAV,recover-20241118,UBNA_027,Foliage
HF,46080.0,10.52169050910544,111.2595,111.2668,44375.0,62974.0,Pipistrellus pipistrellus,0.433,0.603,-1,Echolocation,192000.0,/mnt/ubna_data_04/recover-20241118/UBNA_027/20241109_025000.WAV,recover-20241118,UBNA_027,Foliage
HF,47040.0,3.565731800279587,111.4385,111.4444,46953.0,62662.0,Pipistrellus pipistrellus,0.501,0.553,-1,Echolocation,192000.0,/mnt/ubna_data_04/recover-20241118/UBNA_027/20241109_025000.WAV,recover-20241118,UBNA_027,Foliage
HF,46080.0,11.728072597371302,112.8665,112.8774,45234.0,61817.0,Pipistrellus pipistrellus,0.363,0.529,-1,Echolocation,192000.0,/mnt/ubna_data_04/recover-20241118/UBNA_027/20241109_025000.WAV,recover-20241118,UBNA_027,Foliage
HF,46080.0,11.961057278762826,113.2865,113.2937,44375.0,61386.0,Pipistrellus pipistrellus,0.568,0.705,-1,Echolocation,192000.0,/mnt/ubna_data_04/recover-20241118/UBNA_027/20241109_025000.WAV,recover-20241118,UBNA_027,Foliage
HF,46080.0,8.147400710155141,113.4805,113.4862,45234.0,53214.0,Pipistrellus pipistrellus,0.58,0.618,-1,Echolocation,192000.0,/mnt/ubna_data_04/recover-20241118/UBNA_027/20241109_025000.WAV,recover-20241118,UBNA_027,Foliage
HF,46080.0,12.17523431761599,113.7675,113.7727,45234.0,56779.0,Pipistrellus pipistrellus,0.636,0.696,-1,Echolocation,192000.0,/mnt/ubna_data_04/recover-20241118/UBNA_027/20241109_025000.WAV,recover-20241118,UBNA_027,Foliage
HF,46080.0,4.5223653592537225,114.0605,114.066,45234.0,57290.0,Pipistrellus pipistrellus,0.573,0.601,-1,Echolocation,192000.0,/mnt/ubna_data_04/recover-20241118/UBNA_027/20241109_025000.WAV,recover-20241118,UBNA_027,Foliage
HF,52800.0,11.837871704968377,140.60750000000002,140.6123,46093.0,61239.0,Pipistrellus pipistrellus,0.537,0.645,-1,Echolocation,192000.0,/mnt/ubna_data_04/recover-20241118/UBNA_027/20241109_025000.WAV,recover-20241118,UBNA_027,Foliage
HF,46080.0,17.602614526624826,140.8245,140.8313,45234.0,62254.0,Pipistrellus pipistrellus,0.537,0.748,-1,Echolocation,192000.0,/mnt/ubna_data_04/recover-20241118/UBNA_027/20241109_025000.WAV,recover-20241118,UBNA_027,Foliage
HF,46080.0,15.813118018023237,140.9255,140.9324,45234.0,65407.0,Pipistrellus pipistrellus,0.552,0.763,-1,Echolocation,192000.0,/mnt/ubna_data_04/recover-20241118/UBNA_027/20241109_025000.WAV,recover-20241118,UBNA_027,Foliage
HF,47040.0,13.871521663223112,141.0205,141.0268,46093.0,65069.0,Pipistrellus pipistrellus,0.595,0.729,-1,Echolocation,192000.0,/mnt/ubna_data_04/recover-20241118/UBNA_027/20241109_025000.WAV,recover-20241118,UBNA_027,Foliage
HF,57600.0,12.561254701361687,141.1305,141.1364,46093.0,68780.0,Pipistrellus pipistrellus,0.348,0.594,-1,Echolocation,192000.0,/mnt/ubna_data_04/recover-20241118/UBNA_027/20241109_025000.WAV,recover-20241118,UBNA_027,Foliage
HF,53760.0,17.770469102498325,141.2515,141.2563,46093.0,66331.0,Pipistrellus pipistrellus,0.499,0.601,-1,Echolocation,192000.0,/mnt/ubna_data_04/recover-20241118/UBNA_027/20241109_025000.WAV,recover-20241118,UBNA_027,Foliage
HF,52800.0,13.880699700510124,141.3495,141.3539,46953.0,63125.0,Pipistrellus pipistrellus,0.436,0.503,-1,Echolocation,192000.0,/mnt/ubna_data_04/recover-20241118/UBNA_027/20241109_025000.WAV,recover-20241118,UBNA_027,Foliage
LF,26880.0,6.8897910077394595,224.9875,224.9967,27187.0,33086.0,Nyctalus leisleri,0.579,0.701,-1,Echolocation,192000.0,/mnt/ubna_data_04/recover-20241118/UBNA_027/20241109_034000.WAV,recover-20241118,UBNA_027,Foliage
LF,26880.0,6.8822466596010825,225.1925,225.2029,26328.0,32009.0,Nyctalus leisleri,0.45,0.576,-1,Echolocation,192000.0,/mnt/ubna_data_04/recover-20241118/UBNA_027/20241109_034000.WAV,recover-20241118,UBNA_027,Foliage
LF,26880.0,6.4302141545542115,225.4085,225.4188,25468.0,32192.0,Nyctalus leisleri,0.479,0.68,-1,Echolocation,192000.0,/mnt/ubna_data_04/recover-20241118/UBNA_027/20241109_034000.WAV,recover-20241118,UBNA_027,Foliage
LF,26880.0,4.837455226404569,225.9525,225.9624,26328.0,32487.0,Nyctalus leisleri,0.287,0.539,-1,Echolocation,192000.0,/mnt/ubna_data_04/recover-20241118/UBNA_027/20241109_034000.WAV,recover-20241118,UBNA_027,Foliage
LF,26880.0,3.9172724376413672,226.0785,226.08780000000002,26328.0,32828.0,Nyctalus leisleri,0.301,0.542,-1,Echolocation,192000.0,/mnt/ubna_data_04/recover-20241118/UBNA_027/20241109_034000.WAV,recover-20241118,UBNA_027,Foliage
LF,26880.0,11.20033035959381,227.4005,227.412,26328.0,32142.0,Nyctalus leisleri,0.469,0.647,-1,Echolocation,192000.0,/mnt/ubna_data_04/recover-20241118/UBNA_027/20241109_034000.WAV,recover-20241118,UBNA_027,Foliage
LF,26880.0,18.079463012748644,227.5515,227.5639,26328.0,35083.0,Eptesicus serotinus,0.342,0.561,-1,Echolocation,192000.0,/mnt/ubna_data_04/recover-20241118/UBNA_027/20241109_034000.WAV,recover-20241118,UBNA_027,Foliage
LF,26880.0,18.289324795073508,227.7525,227.7668,26328.0,36053.0,Eptesicus serotinus,0.343,0.567,-1,Echolocation,192000.0,/mnt/ubna_data_04/recover-20241118/UBNA_027/20241109_034000.WAV,recover-20241118,UBNA_027,Foliage
LF,26880.0,16.97440561858287,227.9855,227.9973,26328.0,36115.0,Eptesicus serotinus,0.338,0.662,-1,Echolocation,192000.0,/mnt/ubna_data_04/recover-20241118/UBNA_027/20241109_034000.WAV,recover-20241118,UBNA_027,Foliage
LF,25920.0,22.63379438992329,228.2265,228.2407,25468.0,34127.0,Nyctalus leisleri,0.437,0.635,-1,Echolocation,192000.0,/mnt/ubna_data_04/recover-20241118/UBNA_027/20241109_034000.WAV,recover-20241118,UBNA_027,Foliage
LF,26880.0,21.302043597405355,228.4645,228.4778,26328.0,36079.0,Eptesicus serotinus,0.32,0.659,-1,Echolocation,192000.0,/mnt/ubna_data_04/recover-20241118/UBNA_027/20241109_034000.WAV,recover-20241118,UBNA_027,Foliage
LF,26880.0,24.584270104169907,228.6825,228.6944,26328.0,35347.0,Nyctalus leisleri,0.381,0.665,-1,Echolocation,192000.0,/mnt/ubna_data_04/recover-20241118/UBNA_027/20241109_034000.WAV,recover-20241118,UBNA_027,Foliage
LF,25920.0,26.13629045556969,228.9215,228.9339,25468.0,34210.0,Nyctalus leisleri,0.638,0.751,-1,Echolocation,192000.0,/mnt/ubna_data_04/recover-20241118/UBNA_027/20241109_034000.WAV,recover-20241118,UBNA_027,Foliage
LF,26880.0,27.455931906155637,229.05349999999999,229.0675,25468.0,35301.0,Nyctalus leisleri,0.372,0.677,-1,Echolocation,192000.0,/mnt/ubna_data_04/recover-20241118/UBNA_027/20241109_034000.WAV,recover-20241118,UBNA_027,Foliage
LF,26880.0,32.73358035435482,229.1955,229.2072,26328.0,40079.0,Nyctalus leisleri,0.615,0.748,-1,Echolocation,192000.0,/mnt/ubna_data_04/recover-20241118/UBNA_027/20241109_034000.WAV,recover-20241118,UBNA_027,Foliage
LF,27840.0,29.897796505678613,229.4015,229.413,26328.0,38003.0,Nyctalus leisleri,0.566,0.726,-1,Echolocation,192000.0,/mnt/ubna_data_04/recover-20241118/UBNA_027/20241109_034000.WAV,recover-20241118,UBNA_027,Foliage
LF,27840.0,23.64363385246337,229.5385,229.549,26328.0,37889.0,Nyctalus leisleri,0.329,0.67,-1,Echolocation,192000.0,/mnt/ubna_data_04/recover-20241118/UBNA_027/20241109_034000.WAV,recover-20241118,UBNA_027,Foliage
LF,26880.0,26.672330932797884,229.7615,229.7739,26328.0,36482.0,Nyctalus leisleri,0.581,0.711,-1,Echolocation,192000.0,/mnt/ubna_data_04/recover-20241118/UBNA_027/20241109_034000.WAV,recover-20241118,UBNA_027,Foliage
LF,26880.0,30.653527523176557,229.9865,229.9972,25468.0,35608.0,Nyctalus leisleri,0.635,0.744,-1,Echolocation,192000.0,/mnt/ubna_data_04/recover-20241118/UBNA_027/20241109_034000.WAV,recover-20241118,UBNA_027,Foliage
LF,26880.0,34.342181633727215,230.2045,230.2171,25468.0,39898.0,Nyctalus leisleri,0.595,0.763,-1,Echolocation,192000.0,/mnt/ubna_data_04/recover-20241118/UBNA_027/20241109_034000.WAV,recover-20241118,UBNA_027,Foliage
LF,26880.0,29.448855911202216,230.3355,230.3469,25468.0,41673.0,Nyctalus leisleri,0.383,0.704,-1,Echolocation,192000.0,/mnt/ubna_data_04/recover-20241118/UBNA_027/20241109_034000.WAV,recover-20241118,UBNA_027,Foliage
LF,26880.0,36.00423637836113,230.5455,230.5573,25468.0,41201.0,Nyctalus leisleri,0.628,0.76,-1,Echolocation,192000.0,/mnt/ubna_data_04/recover-20241118/UBNA_027/20241109_034000.WAV,recover-20241118,UBNA_027,Foliage
LF,26880.0,29.731694051667127,230.6805,230.6915,25468.0,33633.0,Nyctalus leisleri,0.648,0.765,-1,Echolocation,192000.0,/mnt/ubna_data_04/recover-20241118/UBNA_027/20241109_034000.WAV,recover-20241118,UBNA_027,Foliage
LF,26880.0,39.92487067234849,230.8935,230.9063,24609.0,38714.0,Nyctalus leisleri,0.687,0.771,-1,Echolocation,192000.0,/mnt/ubna_data_04/recover-20241118/UBNA_027/20241109_034000.WAV,recover-20241118,UBNA_027,Foliage
LF,26880.0,29.74260717536078,231.0345,231.0455,25468.0,35988.0,Nyctalus leisleri,0.444,0.698,-1,Echolocation,192000.0,/mnt/ubna_data_04/recover-20241118/UBNA_027/20241109_034000.WAV,recover-20241118,UBNA_027,Foliage
LF,26880.0,36.10160648537608,231.1685,231.1806,25468.0,39301.0,Nyctalus leisleri,0.623,0.765,-1,Echolocation,192000.0,/mnt/ubna_data_04/recover-20241118/UBNA_027/20241109_034000.WAV,recover-20241118,UBNA_027,Foliage
LF,26880.0,37.41576795421475,231.3835,231.3951,25468.0,37027.0,Nyctalus leisleri,0.732,0.793,-1,Echolocation,192000.0,/mnt/ubna_data_04/recover-20241118/UBNA_027/20241109_034000.WAV,recover-20241118,UBNA_027,Foliage
LF,25920.0,29.991318291207584,231.6315,231.6436,25468.0,33335.0,Nyctalus leisleri,0.511,0.754,-1,Echolocation,192000.0,/mnt/ubna_data_04/recover-20241118/UBNA_027/20241109_034000.WAV,recover-20241118,UBNA_027,Foliage
LF,25920.0,34.851760619868685,231.8715,231.8842,25468.0,36439.0,Nyctalus leisleri,0.654,0.771,-1,Echolocation,192000.0,/mnt/ubna_data_04/recover-20241118/UBNA_027/20241109_034000.WAV,recover-20241118,UBNA_027,Foliage
LF,25920.0,32.2992217716708,232.0915,232.1043,24609.0,31896.0,Nyctalus leisleri,0.524,0.7,-1,Echolocation,192000.0,/mnt/ubna_data_04/recover-20241118/UBNA_027/20241109_034000.WAV,recover-20241118,UBNA_027,Foliage
LF,26880.0,34.12258102604839,232.27949999999998,232.29149999999998,25468.0,39710.0,Nyctalus leisleri,0.584,0.754,-1,Echolocation,192000.0,/mnt/ubna_data_04/recover-20241118/UBNA_027/20241109_034000.WAV,recover-20241118,UBNA_027,Foliage
LF,25920.0,36.5616498941572,232.5055,232.51749999999998,24609.0,34962.0,Nyctalus leisleri,0.683,0.772,-1,Echolocation,192000.0,/mnt/ubna_data_04/recover-20241118/UBNA_027/20241109_034000.WAV,recover-20241118,UBNA_027,Foliage
LF,25920.0,30.332409212158318,232.7435,232.7555,24609.0,33559.0,Nyctalus leisleri,0.695,0.77,-1,Echolocation,192000.0,/mnt/ubna_data_04/recover-20241118/UBNA_027/20241109_034000.WAV,recover-20241118,UBNA_027,Foliage
LF,25920.0,27.611630399351338,232.9715,232.984,24609.0,36561.0,Nyctalus leisleri,0.685,0.777,-1,Echolocation,192000.0,/mnt/ubna_data_04/recover-20241118/UBNA_027/20241109_034000.WAV,recover-20241118,UBNA_027,Foliage
LF,25920.0,22.54811521622775,233.1295,233.141,24609.0,35957.0,Nyctalus leisleri,0.579,0.717,-1,Echolocation,192000.0,/mnt/ubna_data_04/recover-20241118/UBNA_027/20241109_034000.WAV,recover-20241118,UBNA_027,Foliage
LF,25920.0,23.26711906747586,233.3395,233.3508,24609.0,34832.0,Nyctalus leisleri,0.749,0.81,-1,Echolocation,192000.0,/mnt/ubna_data_04/recover-20241118/UBNA_027/20241109_034000.WAV,recover-20241118,UBNA_027,Foliage
LF,25920.0,10.996125915032135,233.5705,233.5816,25468.0,31873.0,Nyctalus leisleri,0.369,0.554,-1,Echolocation,192000.0,/mnt/ubna_data_04/recover-20241118/UBNA_027/20241109_034000.WAV,recover-20241118,UBNA_027,Foliage
LF,25920.0,20.42012792112135,233.8045,233.8155,25468.0,34391.0,Nyctalus leisleri,0.699,0.78,-1,Echolocation,192000.0,/mnt/ubna_data_04/recover-20241118/UBNA_027/20241109_034000.WAV,recover-20241118,UBNA_027,Foliage
LF,25920.0,15.331314180173447,234.0345,234.0448,25468.0,32050.0,Nyctalus leisleri,0.562,0.701,-1,Echolocation,192000.0,/mnt/ubna_data_04/recover-20241118/UBNA_027/20241109_034000.WAV,recover-20241118,UBNA_027,Foliage
LF,25920.0,15.495973134390063,234.2685,234.27949999999998,25468.0,30905.0,Nyctalus leisleri,0.689,0.767,-1,Echolocation,192000.0,/mnt/ubna_data_04/recover-20241118/UBNA_027/20241109_034000.WAV,recover-20241118,UBNA_027,Foliage
LF,25920.0,5.173242899415288,234.5015,234.513,25468.0,30028.0,Nyctalus leisleri,0.471,0.588,-1,Echolocation,192000.0,/mnt/ubna_data_04/recover-20241118/UBNA_027/20241109_034000.WAV,recover-20241118,UBNA_027,Foliage
LF,25920.0,11.011921413905592,234.7345,234.7453,25468.0,30629.0,Nyctalus leisleri,0.631,0.729,-1,Echolocation,192000.0,/mnt/ubna_data_04/recover-20241118/UBNA_027/20241109_034000.WAV,recover-20241118,UBNA_027,Foliage
LF,25920.0,5.99806050986079,234.9605,234.9707,25468.0,31262.0,Nyctalus leisleri,0.48,0.646,-1,Echolocation,192000.0,/mnt/ubna_data_04/recover-20241118/UBNA_027/20241109_034000.WAV,recover-20241118,UBNA_027,Foliage
LF,25920.0,4.730058243906149,235.1905,235.2022,25468.0,30729.0,Nyctalus leisleri,0.5,0.647,-1,Echolocation,192000.0,/mnt/ubna_data_04/recover-20241118/UBNA_027/20241109_034000.WAV,recover-20241118,UBNA_027,Foliage
LF,25920.0,5.6594305799406115,235.4205,235.431,24609.0,30381.0,Nyctalus leisleri,0.416,0.55,-1,Echolocation,192000.0,/mnt/ubna_data_04/recover-20241118/UBNA_027/20241109_034000.WAV,recover-20241118,UBNA_027,Foliage
LF,26880.0,4.521228361278825,235.6475,235.6577,26328.0,31279.0,Nyctalus leisleri,0.544,0.656,-1,Echolocation,192000.0,/mnt/ubna_data_04/recover-20241118/UBNA_027/20241109_034000.WAV,recover-20241118,UBNA_027,Foliage
LF,25920.0,5.596428656252833,236.1185,236.1294,26328.0,32872.0,Nyctalus leisleri,0.276,0.558,-1,Echolocation,192000.0,/mnt/ubna_data_04/recover-20241118/UBNA_027/20241109_034000.WAV,recover-20241118,UBNA_027,Foliage
LF,25920.0,4.617380250604033,236.5935,236.6047,25468.0,30577.0,Nyctalus leisleri,0.54,0.673,-1,Echolocation,192000.0,/mnt/ubna_data_04/recover-20241118/UBNA_027/20241109_034000.WAV,recover-20241118,UBNA_027,Foliage
HF,47040.0,8.650739840819227,135.6065,135.6152,46953.0,55838.0,Pipistrellus pipistrellus,0.407,0.569,-1,Echolocation,192000.0,/mnt/ubna_data_04/recover-20241118/UBNA_027/20241109_042000.WAV,recover-20241118,UBNA_027,Foliage
HF,48960.0,9.21423786328801,135.8825,135.8936,46093.0,60239.0,Pipistrellus pipistrellus,0.281,0.532,-1,Echolocation,192000.0,/mnt/ubna_data_04/recover-20241118/UBNA_027/20241109_042000.WAV,recover-20241118,UBNA_027,Foliage
HF,49920.0,11.81007851231544,136.1635,136.1735,46093.0,57277.0,Pipistrellus pipistrellus,0.363,0.549,-1,Echolocation,192000.0,/mnt/ubna_data_04/recover-20241118/UBNA_027/20241109_042000.WAV,recover-20241118,UBNA_027,Foliage
HF,47040.0,12.79120282793501,137.0055,137.01409999999998,46093.0,56599.0,Pipistrellus pipistrellus,0.387,0.593,-1,Echolocation,192000.0,/mnt/ubna_data_04/recover-20241118/UBNA_027/20241109_042000.WAV,recover-20241118,UBNA_027,Foliage
HF,48000.0,11.203859020244856,137.2715,137.2816,45234.0,55373.0,Pipistrellus pipistrellus,0.372,0.509,-1,Echolocation,192000.0,/mnt/ubna_data_04/recover-20241118/UBNA_027/20241109_042000.WAV,recover-20241118,UBNA_027,Foliage
HF,47040.0,6.609770472636159,137.3755,137.3827,45234.0,52666.0,Pipistrellus pipistrellus,0.481,0.539,-1,Echolocation,192000.0,/mnt/ubna_data_04/recover-20241118/UBNA_027/20241109_042000.WAV,recover-20241118,UBNA_027,Foliage
HF,46080.0,10.218218582199864,137.5435,137.5534,46093.0,55553.0,Pipistrellus pipistrellus,0.384,0.531,-1,Echolocation,192000.0,/mnt/ubna_data_04/recover-20241118/UBNA_027/20241109_042000.WAV,recover-20241118,UBNA_027,Foliage
HF,48960.0,7.863312463917678,137.8945,137.9026,47812.0,56338.0,Pipistrellus pipistrellus,0.416,0.539,-1,Echolocation,192000.0,/mnt/ubna_data_04/recover-20241118/UBNA_027/20241109_042000.WAV,recover-20241118,UBNA_027,Foliage
HF,48000.0,8.213202887913368,138.1185,138.1265,46953.0,57490.0,Pipistrellus pipistrellus,0.363,0.545,-1,Echolocation,192000.0,/mnt/ubna_data_04/recover-20241118/UBNA_027/20241109_042000.WAV,recover-20241118,UBNA_027,Foliage
LF,25920.0,5.8693215976858495,145.7825,145.7991,25468.0,28338.0,Nyctalus leisleri,0.449,0.513,-1,Echolocation,192000.0,/mnt/ubna_data_04/recover-20241118/UBNA_027/20241109_053000.WAV,recover-20241118,UBNA_027,Foliage
LF,24960.0,2.136396214957547,46.1315,46.1439,24609.0,30372.0,Nyctalus leisleri,0.289,0.523,-1,Echolocation,192000.0,/mnt/ubna_data_04/recover-20241118/UBNA_027/20241109_085000.WAV,recover-20241118,UBNA_027,Foliage
LF,24960.0,6.855732012605735,47.0195,47.032399999999996,24609.0,30388.0,Nyctalus leisleri,0.351,0.551,-1,Echolocation,192000.0,/mnt/ubna_data_04/recover-20241118/UBNA_027/20241109_085000.WAV,recover-20241118,UBNA_027,Foliage
LF,24960.0,9.42726557656318,47.323499999999996,47.3358,24609.0,29201.0,Nyctalus leisleri,0.508,0.647,-1,Echolocation,192000.0,/mnt/ubna_data_04/recover-20241118/UBNA_027/20241109_085000.WAV,recover-20241118,UBNA_027,Foliage
LF,25920.0,12.709468100122404,47.6005,47.6114,24609.0,31607.0,Nyctalus leisleri,0.316,0.622,-1,Echolocation,192000.0,/mnt/ubna_data_04/recover-20241118/UBNA_027/20241109_085000.WAV,recover-20241118,UBNA_027,Foliage
LF,25920.0,7.235379326603896,47.8905,47.9013,24609.0,30673.0,Nyctalus leisleri,0.471,0.662,-1,Echolocation,192000.0,/mnt/ubna_data_04/recover-20241118/UBNA_027/20241109_085000.WAV,recover-20241118,UBNA_027,Foliage
LF,25920.0,11.988448641147498,48.188500000000005,48.1987,24609.0,31276.0,Nyctalus leisleri,0.497,0.693,-1,Echolocation,192000.0,/mnt/ubna_data_04/recover-20241118/UBNA_027/20241109_085000.WAV,recover-20241118,UBNA_027,Foliage
LF,25920.0,15.447540377815717,48.4795,48.4917,24609.0,31135.0,Nyctalus leisleri,0.513,0.719,-1,Echolocation,192000.0,/mnt/ubna_data_04/recover-20241118/UBNA_027/20241109_085000.WAV,recover-20241118,UBNA_027,Foliage
LF,24960.0,20.59546546608702,48.7665,48.7804,23750.0,32562.0,Eptesicus serotinus,0.325,0.689,-1,Echolocation,192000.0,/mnt/ubna_data_04/recover-20241118/UBNA_027/20241109_085000.WAV,recover-20241118,UBNA_027,Foliage
LF,24960.0,16.25012545654416,49.054500000000004,49.0666,24609.0,31840.0,Nyctalus leisleri,0.362,0.674,-1,Echolocation,192000.0,/mnt/ubna_data_04/recover-20241118/UBNA_027/20241109_085000.WAV,recover-20241118,UBNA_027,Foliage
LF,24960.0,21.920597999043835,49.338499999999996,49.350899999999996,24609.0,34034.0,Eptesicus serotinus,0.315,0.657,-1,Echolocation,192000.0,/mnt/ubna_data_04/recover-20241118/UBNA_027/20241109_085000.WAV,recover-20241118,UBNA_027,Foliage
LF,24960.0,19.750736938430087,49.6195,49.6309,24609.0,32757.0,Nyctalus leisleri,0.412,0.682,-1,Echolocation,192000.0,/mnt/ubna_data_04/recover-20241118/UBNA_027/20241109_085000.WAV,recover-20241118,UBNA_027,Foliage
LF,25920.0,22.76711653075167,49.920500000000004,49.9317,25468.0,35360.0,Nyctalus leisleri,0.371,0.719,-1,Echolocation,192000.0,/mnt/ubna_data_04/recover-20241118/UBNA_027/20241109_085000.WAV,recover-20241118,UBNA_027,Foliage
LF,25920.0,22.70052644950885,50.2025,50.2132,24609.0,34070.0,Eptesicus serotinus,0.309,0.652,-1,Echolocation,192000.0,/mnt/ubna_data_04/recover-20241118/UBNA_027/20241109_085000.WAV,recover-20241118,UBNA_027,Foliage
LF,24960.0,25.56548885662054,50.4905,50.502300000000005,24609.0,33261.0,Nyctalus leisleri,0.354,0.68,-1,Echolocation,192000.0,/mnt/ubna_data_04/recover-20241118/UBNA_027/20241109_085000.WAV,recover-20241118,UBNA_027,Foliage
LF,25920.0,27.376460250177193,50.6485,50.6597,24609.0,35223.0,Eptesicus serotinus,0.36,0.675,-1,Echolocation,192000.0,/mnt/ubna_data_04/recover-20241118/UBNA_027/20241109_085000.WAV,recover-20241118,UBNA_027,Foliage
LF,25920.0,24.903485634912155,50.9285,50.94,24609.0,36462.0,Eptesicus serotinus,0.431,0.684,-1,Echolocation,192000.0,/mnt/ubna_data_04/recover-20241118/UBNA_027/20241109_085000.WAV,recover-20241118,UBNA_027,Foliage
LF,25920.0,27.435720332973226,51.2095,51.2221,24609.0,34943.0,Eptesicus serotinus,0.349,0.647,-1,Echolocation,192000.0,/mnt/ubna_data_04/recover-20241118/UBNA_027/20241109_085000.WAV,recover-20241118,UBNA_027,Foliage
LF,25920.0,26.620471554599238,51.4975,51.5103,24609.0,34958.0,Eptesicus serotinus,0.378,0.652,-1,Echolocation,192000.0,/mnt/ubna_data_04/recover-20241118/UBNA_027/20241109_085000.WAV,recover-20241118,UBNA_027,Foliage
LF,25920.0,28.890752566845485,51.7905,51.802800000000005,24609.0,37585.0,Eptesicus serotinus,0.501,0.686,-1,Echolocation,192000.0,/mnt/ubna_data_04/recover-20241118/UBNA_027/20241109_085000.WAV,recover-20241118,UBNA_027,Foliage
LF,25920.0,27.859410505069036,52.069500000000005,52.0817,24609.0,40691.0,Eptesicus serotinus,0.629,0.73,-1,Echolocation,192000.0,/mnt/ubna_data_04/recover-20241118/UBNA_027/20241109_085000.WAV,recover-20241118,UBNA_027,Foliage
LF,25920.0,24.804015200573154,52.3575,52.3688,25468.0,40379.0,Eptesicus serotinus,0.623,0.711,-1,Echolocation,192000.0,/mnt/ubna_data_04/recover-20241118/UBNA_027/20241109_085000.WAV,recover-20241118,UBNA_027,Foliage
LF,25920.0,27.52823600673363,52.6295,52.6422,24609.0,39446.0,Eptesicus serotinus,0.635,0.734,-1,Echolocation,192000.0,/mnt/ubna_data_04/recover-20241118/UBNA_027/20241109_085000.WAV,recover-20241118,UBNA_027,Foliage
LF,27840.0,29.908343598610703,52.7765,52.7898,25468.0,42137.0,Eptesicus serotinus,0.55,0.711,-1,Echolocation,192000.0,/mnt/ubna_data_04/recover-20241118/UBNA_027/20241109_085000.WAV,recover-20241118,UBNA_027,Foliage
LF,26880.0,27.324922513945626,52.947500000000005,52.9594,25468.0,41872.0,Eptesicus serotinus,0.601,0.747,-1,Echolocation,192000.0,/mnt/ubna_data_04/recover-20241118/UBNA_027/20241109_085000.WAV,recover-20241118,UBNA_027,Foliage
LF,25920.0,35.161026890655435,53.2355,53.2475,24609.0,43171.0,Eptesicus serotinus,0.541,0.717,-1,Echolocation,192000.0,/mnt/ubna_data_04/recover-20241118/UBNA_027/20241109_085000.WAV,recover-20241118,UBNA_027,Foliage
LF,25920.0,34.73402335964765,53.3965,53.4095,24609.0,41258.0,Eptesicus serotinus,0.622,0.714,-1,Echolocation,192000.0,/mnt/ubna_data_04/recover-20241118/UBNA_027/20241109_085000.WAV,recover-20241118,UBNA_027,Foliage
LF,25920.0,37.24441199713074,53.5625,53.5757,24609.0,42644.0,Eptesicus serotinus,0.597,0.739,-1,Echolocation,192000.0,/mnt/ubna_data_04/recover-20241118/UBNA_027/20241109_085000.WAV,recover-20241118,UBNA_027,Foliage
LF,25920.0,23.96260506276072,53.7285,53.7425,24609.0,38191.0,Eptesicus serotinus,0.544,0.677,-1,Echolocation,192000.0,/mnt/ubna_data_04/recover-20241118/UBNA_027/20241109_085000.WAV,recover-20241118,UBNA_027,Foliage
LF,26880.0,28.850653851999365,54.0055,54.018299999999996,24609.0,40663.0,Eptesicus serotinus,0.565,0.701,-1,Echolocation,192000.0,/mnt/ubna_data_04/recover-20241118/UBNA_027/20241109_085000.WAV,recover-20241118,UBNA_027,Foliage
LF,28800.0,24.980255260829807,54.286500000000004,54.300799999999995,24609.0,37464.0,Eptesicus serotinus,0.315,0.626,-1,Echolocation,192000.0,/mnt/ubna_data_04/recover-20241118/UBNA_027/20241109_085000.WAV,recover-20241118,UBNA_027,Foliage
LF,25920.0,29.598672460890224,54.582499999999996,54.597899999999996,24609.0,37355.0,Eptesicus serotinus,0.479,0.668,-1,Echolocation,192000.0,/mnt/ubna_data_04/recover-20241118/UBNA_027/20241109_085000.WAV,recover-20241118,UBNA_027,Foliage
LF,25920.0,22.983951008992616,54.8775,54.8899,24609.0,33591.0,Nyctalus leisleri,0.311,0.626,-1,Echolocation,192000.0,/mnt/ubna_data_04/recover-20241118/UBNA_027/20241109_085000.WAV,recover-20241118,UBNA_027,Foliage
LF,25920.0,27.89923446792769,55.167500000000004,55.182900000000004,23750.0,38398.0,Eptesicus serotinus,0.486,0.667,-1,Echolocation,192000.0,/mnt/ubna_data_04/recover-20241118/UBNA_027/20241109_085000.WAV,recover-20241118,UBNA_027,Foliage
LF,25920.0,16.06562101989145,55.338499999999996,55.3501,25468.0,34487.0,Eptesicus serotinus,0.294,0.655,-1,Echolocation,192000.0,/mnt/ubna_data_04/recover-20241118/UBNA_027/20241109_085000.WAV,recover-20241118,UBNA_027,Foliage
LF,26880.0,27.073070918324674,55.6275,55.64,24609.0,35736.0,Eptesicus serotinus,0.365,0.664,-1,Echolocation,192000.0,/mnt/ubna_data_04/recover-20241118/UBNA_027/20241109_085000.WAV,recover-20241118,UBNA_027,Foliage
LF,25920.0,17.046007681379148,55.933499999999995,55.9446,24609.0,33228.0,Nyctalus leisleri,0.324,0.669,-1,Echolocation,192000.0,/mnt/ubna_data_04/recover-20241118/UBNA_027/20241109_085000.WAV,recover-20241118,UBNA_027,Foliage
LF,25920.0,24.613300083820175,56.2255,56.2397,23750.0,37154.0,Eptesicus serotinus,0.518,0.664,-1,Echolocation,192000.0,/mnt/ubna_data_04/recover-20241118/UBNA_027/20241109_085000.WAV,recover-20241118,UBNA_027,Foliage
LF,24960.0,15.68746504998343,56.5315,56.545,24609.0,35018.0,Eptesicus serotinus,0.36,0.647,-1,Echolocation,192000.0,/mnt/ubna_data_04/recover-20241118/UBNA_027/20241109_085000.WAV,recover-20241118,UBNA_027,Foliage
LF,25920.0,14.638973213324578,56.9825,56.9942,24609.0,36877.0,Eptesicus serotinus,0.57,0.656,-1,Echolocation,192000.0,/mnt/ubna_data_04/recover-20241118/UBNA_027/20241109_085000.WAV,recover-20241118,UBNA_027,Foliage
LF,25920.0,8.212170751341752,57.2885,57.3009,24609.0,33208.0,Nyctalus leisleri,0.32,0.669,-1,Echolocation,192000.0,/mnt/ubna_data_04/recover-20241118/UBNA_027/20241109_085000.WAV,recover-20241118,UBNA_027,Foliage
LF,25920.0,13.519255571321203,57.5775,57.5929,24609.0,36634.0,Eptesicus serotinus,0.431,0.607,-1,Echolocation,192000.0,/mnt/ubna_data_04/recover-20241118/UBNA_027/20241109_085000.WAV,recover-20241118,UBNA_027,Foliage
LF,25920.0,7.977454648676768,57.8645,57.8754,24609.0,31104.0,Nyctalus leisleri,0.29,0.57,-1,Echolocation,192000.0,/mnt/ubna_data_04/recover-20241118/UBNA_027/20241109_085000.WAV,recover-20241118,UBNA_027,Foliage
LF,25920.0,8.046006933159312,58.0325,58.041399999999996,24609.0,32392.0,Eptesicus serotinus,0.324,0.544,-1,Echolocation,192000.0,/mnt/ubna_data_04/recover-20241118/UBNA_027/20241109_085000.WAV,recover-20241118,UBNA_027,Foliage
LF,25920.0,10.264248389968742,58.320499999999996,58.3288,24609.0,33984.0,Eptesicus serotinus,0.445,0.585,-1,Echolocation,192000.0,/mnt/ubna_data_04/recover-20241118/UBNA_027/20241109_085000.WAV,recover-20241118,UBNA_027,Foliage
LF,24960.0,6.139379800777998,59.197500000000005,59.2064,24609.0,32518.0,Eptesicus serotinus,0.278,0.605,-1,Echolocation,192000.0,/mnt/ubna_data_04/recover-20241118/UBNA_027/20241109_085000.WAV,recover-20241118,UBNA_027,Foliage
LF,24960.0,3.428907925762878,59.4935,59.5065,23750.0,29105.0,Nyctalus leisleri,0.359,0.526,-1,Echolocation,192000.0,/mnt/ubna_data_04/recover-20241118/UBNA_027/20241109_085000.WAV,recover-20241118,UBNA_027,Foliage
HF,52800.0,20.64302483704482,108.0805,108.0846,46093.0,80299.0,Myotis alcathoe,0.392,0.506,-1,Echolocation,192000.0,/mnt/ubna_data_04/recover-20241118/UBNA_027/20241109_090000.WAV,recover-20241118,UBNA_027,Foliage
HF,53760.0,13.774141547189988,109.0875,109.0956,52109.0,67017.0,Pipistrellus pipistrellus,0.316,0.541,-1,Echolocation,192000.0,/mnt/ubna_data_04/recover-20241118/UBNA_027/20241109_090000.WAV,recover-20241118,UBNA_027,Foliage
HF,52800.0,20.055484881334976,110.1605,110.1634,44375.0,82076.0,Myotis mystacinus,0.352,0.587,-1,Echolocation,192000.0,/mnt/ubna_data_04/recover-20241118/UBNA_027/20241109_090000.WAV,recover-20241118,UBNA_027,Foliage
HF,53760.0,16.50435750636951,110.2345,110.238,46093.0,82382.0,Myotis mystacinus,0.253,0.561,-1,Echolocation,192000.0,/mnt/ubna_data_04/recover-20241118/UBNA_027/20241109_090000.WAV,recover-20241118,UBNA_027,Foliage
HF,53760.0,15.585814608923227,110.3065,110.3098,43515.0,74546.0,Myotis mystacinus,0.413,0.598,-1,Echolocation,192000.0,/mnt/ubna_data_04/recover-20241118/UBNA_027/20241109_090000.WAV,recover-20241118,UBNA_027,Foliage
HF,55680.0,19.944509604309093,110.3695,110.373,46093.0,77565.0,Myotis mystacinus,0.39,0.64,-1,Echolocation,192000.0,/mnt/ubna_data_04/recover-20241118/UBNA_027/20241109_090000.WAV,recover-20241118,UBNA_027,Foliage
HF,46080.0,28.827614311047597,110.4375,110.4405,41796.0,88285.0,Myotis alcathoe,0.278,0.714,-1,Echolocation,192000.0,/mnt/ubna_data_04/recover-20241118/UBNA_027/20241109_090000.WAV,recover-20241118,UBNA_027,Foliage
HF,53760.0,29.946422759813338,110.5595,110.5637,41796.0,90504.0,Myotis mystacinus,0.224,0.61,-1,Echolocation,192000.0,/mnt/ubna_data_04/recover-20241118/UBNA_027/20241109_090000.WAV,recover-20241118,UBNA_027,Foliage
HF,52800.0,31.731273129201234,110.6605,110.6649,41796.0,90278.0,Myotis mystacinus,0.29,0.623,-1,Echolocation,192000.0,/mnt/ubna_data_04/recover-20241118/UBNA_027/20241109_090000.WAV,recover-20241118,UBNA_027,Foliage
HF,50880.0,13.408647148107512,183.0745,183.0777,46953.0,72413.0,Myotis alcathoe,0.431,0.571,-1,Echolocation,192000.0,/mnt/ubna_data_04/recover-20241118/UBNA_027/20241109_090000.WAV,recover-20241118,UBNA_027,Foliage
HF,57600.0,8.639315792503123,183.1565,183.1594,47812.0,66610.0,Myotis alcathoe,0.371,0.507,-1,Echolocation,192000.0,/mnt/ubna_data_04/recover-20241118/UBNA_027/20241109_090000.WAV,recover-20241118,UBNA_027,Foliage
HF,53760.0,10.33351370525562,183.3265,183.33,46953.0,70922.0,Myotis alcathoe,0.358,0.502,-1,Echolocation,192000.0,/mnt/ubna_data_04/recover-20241118/UBNA_027/20241109_090000.WAV,recover-20241118,UBNA_027,Foliage
HF,51840.0,15.181504303878475,183.9015,183.905,46093.0,74251.0,Myotis alcathoe,0.406,0.537,-1,Echolocation,192000.0,/mnt/ubna_data_04/recover-20241118/UBNA_027/20241109_090000.WAV,recover-20241118,UBNA_027,Foliage
HF,51840.0,17.68061430935539,184.07150000000001,184.0743,42656.0,73870.0,Myotis mystacinus,0.209,0.542,-1,Echolocation,192000.0,/mnt/ubna_data_04/recover-20241118/UBNA_027/20241109_090000.WAV,recover-20241118,UBNA_027,Foliage
HF,51840.0,9.137313491779578,202.4985,202.5032,47812.0,61470.0,Pipistrellus pipistrellus,0.511,0.559,-1,Echolocation,192000.0,/mnt/ubna_data_04/recover-20241118/UBNA_027/20241109_090000.WAV,recover-20241118,UBNA_027,Foliage
HF,48960.0,11.907163414656845,203.2615,203.2659,46093.0,64983.0,Pipistrellus pipistrellus,0.407,0.524,-1,Echolocation,192000.0,/mnt/ubna_data_04/recover-20241118/UBNA_027/20241109_090000.WAV,recover-20241118,UBNA_027,Foliage
HF,54720.0,13.695571606346364,203.6145,203.6196,45234.0,73106.0,Myotis alcathoe,0.252,0.525,-1,Echolocation,192000.0,/mnt/ubna_data_04/recover-20241118/UBNA_027/20241109_090000.WAV,recover-20241118,UBNA_027,Foliage
HF,47040.0,3.959452627401809,203.7015,203.7069,46953.0,56596.0,Pipistrellus pipistrellus,0.492,0.521,-1,Echolocation,192000.0,/mnt/ubna_data_04/recover-20241118/UBNA_027/20241109_090000.WAV,recover-20241118,UBNA_027,Foliage
HF,48000.0,8.244370190548505,203.7905,203.7952,44375.0,63336.0,Pipistrellus pipistrellus,0.309,0.53,-1,Echolocation,192000.0,/mnt/ubna_data_04/recover-20241118/UBNA_027/20241109_090000.WAV,recover-20241118,UBNA_027,Foliage
HF,51840.0,11.605781412852,204.2265,204.2366,44375.0,70799.0,Pipistrellus pipistrellus,0.317,0.533,-1,Echolocation,192000.0,/mnt/ubna_data_04/recover-20241118/UBNA_027/20241109_090000.WAV,recover-20241118,UBNA_027,Foliage
HF,47040.0,14.353920767565395,204.3165,204.3225,44375.0,69407.0,Pipistrellus pipistrellus,0.237,0.532,-1,Echolocation,192000.0,/mnt/ubna_data_04/recover-20241118/UBNA_027/20241109_090000.WAV,recover-20241118,UBNA_027,Foliage
HF,54720.0,9.413096673386661,206.9515,206.95510000000002,50390.0,66492.0,Myotis alcathoe,0.218,0.51,-1,Echolocation,192000.0,/mnt/ubna_data_04/recover-20241118/UBNA_027/20241109_090000.WAV,recover-20241118,UBNA_027,Foliage
HF,51840.0,12.857105758393262,207.1055,207.1086,48671.0,69148.0,Myotis alcathoe,0.21,0.506,-1,Echolocation,192000.0,/mnt/ubna_data_04/recover-20241118/UBNA_027/20241109_090000.WAV,recover-20241118,UBNA_027,Foliage
HF,50880.0,10.226150817516825,228.1695,228.173,44375.0,68998.0,Myotis mystacinus,0.241,0.528,-1,Echolocation,192000.0,/mnt/ubna_data_04/recover-20241118/UBNA_027/20241109_090000.WAV,recover-20241118,UBNA_027,Foliage
HF,51840.0,13.318404889681933,229.3495,229.355,50390.0,64502.0,Pipistrellus pipistrellus,0.238,0.518,-1,Echolocation,192000.0,/mnt/ubna_data_04/recover-20241118/UBNA_027/20241109_090000.WAV,recover-20241118,UBNA_027,Foliage
HF,54720.0,11.845137332107981,229.9845,229.9875,51250.0,66520.0,Myotis alcathoe,0.272,0.507,-1,Echolocation,192000.0,/mnt/ubna_data_04/recover-20241118/UBNA_027/20241109_090000.WAV,recover-20241118,UBNA_027,Foliage
HF,53760.0,14.702305640491499,230.5785,230.5814,49531.0,69611.0,Myotis alcathoe,0.272,0.566,-1,Echolocation,192000.0,/mnt/ubna_data_04/recover-20241118/UBNA_027/20241109_090000.WAV,recover-20241118,UBNA_027,Foliage
HF,54720.0,13.851078939996233,230.80349999999999,230.80610000000001,45234.0,70159.0,Myotis mystacinus,0.262,0.57,-1,Echolocation,192000.0,/mnt/ubna_data_04/recover-20241118/UBNA_027/20241109_090000.WAV,recover-20241118,UBNA_027,Foliage
HF,54720.0,9.830575987883435,280.0165,280.0191,52968.0,64138.0,Myotis alcathoe,0.27,0.512,-1,Echolocation,192000.0,/mnt/ubna_data_04/recover-20241118/UBNA_027/20241109_094000.WAV,recover-20241118,UBNA_027,Foliage
HF,54720.0,5.327020416703265,280.0925,280.0954,52109.0,67569.0,Myotis alcathoe,0.219,0.5,-1,Echolocation,192000.0,/mnt/ubna_data_04/recover-20241118/UBNA_027/20241109_094000.WAV,recover-20241118,UBNA_027,Foliage
HF,52800.0,8.842275853046184,280.3375,280.3408,51250.0,66688.0,Myotis alcathoe,0.373,0.516,-1,Echolocation,192000.0,/mnt/ubna_data_04/recover-20241118/UBNA_027/20241109_094000.WAV,recover-20241118,UBNA_027,Foliage
HF,52800.0,13.161847902547176,280.4255,280.4282,51250.0,70907.0,Myotis alcathoe,0.416,0.559,-1,Echolocation,192000.0,/mnt/ubna_data_04/recover-20241118/UBNA_027/20241109_094000.WAV,recover-20241118,UBNA_027,Foliage
HF,51840.0,11.325058892763362,280.5925,280.5954,50390.0,68420.0,Myotis alcathoe,0.44,0.573,-1,Echolocation,192000.0,/mnt/ubna_data_04/recover-20241118/UBNA_027/20241109_094000.WAV,recover-20241118,UBNA_027,Foliage
HF,51840.0,6.252409586241505,280.7715,280.775,49531.0,66161.0,Myotis alcathoe,0.322,0.512,-1,Echolocation,192000.0,/mnt/ubna_data_04/recover-20241118/UBNA_027/20241109_094000.WAV,recover-20241118,UBNA_027,Foliage
HF,52800.0,9.17657787446517,281.0775,281.0814,52109.0,66587.0,Myotis alcathoe,0.272,0.537,-1,Echolocation,192000.0,/mnt/ubna_data_04/recover-20241118/UBNA_027/20241109_094000.WAV,recover-20241118,UBNA_027,Foliage
HF,52800.0,16.767827030051958,281.1625,281.1656,51250.0,66632.0,Myotis alcathoe,0.403,0.536,-1,Echolocation,192000.0,/mnt/ubna_data_04/recover-20241118/UBNA_027/20241109_094000.WAV,recover-20241118,UBNA_027,Foliage
HF,51840.0,20.0891845913951,281.2435,281.2465,48671.0,71161.0,Myotis alcathoe,0.449,0.52,-1,Echolocation,192000.0,/mnt/ubna_data_04/recover-20241118/UBNA_027/20241109_094000.WAV,recover-20241118,UBNA_027,Foliage
HF,51840.0,16.57589268905534,281.4895,281.4925,43515.0,71056.0,Myotis alcathoe,0.5,0.619,-1,Echolocation,192000.0,/mnt/ubna_data_04/recover-20241118/UBNA_027/20241109_094000.WAV,recover-20241118,UBNA_027,Foliage
HF,53760.0,17.96574093981026,281.7195,281.7231,43515.0,71984.0,Myotis alcathoe,0.439,0.58,-1,Echolocation,192000.0,/mnt/ubna_data_04/recover-20241118/UBNA_027/20241109_094000.WAV,recover-20241118,UBNA_027,Foliage
HF,52800.0,10.67285866217224,282.5295,282.5336,52109.0,63170.0,Pipistrellus pipistrellus,0.326,0.524,-1,Echolocation,192000.0,/mnt/ubna_data_04/recover-20241118/UBNA_027/20241109_094000.WAV,recover-20241118,UBNA_027,Foliage
HF,55680.0,13.101015070753546,290.1655,290.1688,52968.0,68747.0,Myotis alcathoe,0.409,0.526,-1,Echolocation,192000.0,/mnt/ubna_data_04/recover-20241118/UBNA_027/20241109_094000.WAV,recover-20241118,UBNA_027,Foliage
HF,53760.0,16.706986056377133,290.8625,290.8653,48671.0,75387.0,Myotis alcathoe,0.485,0.565,-1,Echolocation,192000.0,/mnt/ubna_data_04/recover-20241118/UBNA_027/20241109_094000.WAV,recover-20241118,UBNA_027,Foliage
HF,53760.0,12.022248419136861,291.0105,291.0132,46093.0,69725.0,Myotis alcathoe,0.443,0.537,-1,Echolocation,192000.0,/mnt/ubna_data_04/recover-20241118/UBNA_027/20241109_094000.WAV,recover-20241118,UBNA_027,Foliage
HF,53760.0,16.3762176270903,291.1175,291.1202,50390.0,75737.0,Myotis alcathoe,0.45,0.537,-1,Echolocation,192000.0,/mnt/ubna_data_04/recover-20241118/UBNA_027/20241109_094000.WAV,recover-20241118,UBNA_027,Foliage
HF,54720.0,15.512841698449446,291.1735,291.1764,51250.0,77088.0,Myotis alcathoe,0.529,0.603,-1,Echolocation,192000.0,/mnt/ubna_data_04/recover-20241118/UBNA_027/20241109_094000.WAV,recover-20241118,UBNA_027,Foliage
HF,54720.0,15.867903635886357,291.2535,291.2567,51250.0,79126.0,Myotis alcathoe,0.52,0.614,-1,Echolocation,192000.0,/mnt/ubna_data_04/recover-20241118/UBNA_027/20241109_094000.WAV,recover-20241118,UBNA_027,Foliage
HF,54720.0,21.051930983010987,291.3295,291.3322,51250.0,73207.0,Myotis alcathoe,0.451,0.533,-1,Echolocation,192000.0,/mnt/ubna_data_04/recover-20241118/UBNA_027/20241109_094000.WAV,recover-20241118,UBNA_027,Foliage
HF,57600.0,22.480292053864645,291.4015,291.4045,46953.0,78609.0,Myotis alcathoe,0.496,0.57,-1,Echolocation,192000.0,/mnt/ubna_data_04/recover-20241118/UBNA_027/20241109_094000.WAV,recover-20241118,UBNA_027,Foliage
HF,55680.0,16.770391086971657,291.4565,291.4599,46953.0,73090.0,Myotis alcathoe,0.52,0.623,-1,Echolocation,192000.0,/mnt/ubna_data_04/recover-20241118/UBNA_027/20241109_094000.WAV,recover-20241118,UBNA_027,Foliage
HF,56640.0,19.48910569975693,291.5135,291.5172,46953.0,77483.0,Myotis alcathoe,0.552,0.631,-1,Echolocation,192000.0,/mnt/ubna_data_04/recover-20241118/UBNA_027/20241109_094000.WAV,recover-20241118,UBNA_027,Foliage
HF,51840.0,20.982981147115048,291.5865,291.5895,47812.0,77157.0,Myotis alcathoe,0.567,0.631,-1,Echolocation,192000.0,/mnt/ubna_data_04/recover-20241118/UBNA_027/20241109_094000.WAV,recover-20241118,UBNA_027,Foliage
HF,50880.0,25.507498548591713,291.6595,291.6627,46093.0,75502.0,Myotis alcathoe,0.461,0.52,-1,Echolocation,192000.0,/mnt/ubna_data_04/recover-20241118/UBNA_027/20241109_094000.WAV,recover-20241118,UBNA_027,Foliage
HF,50880.0,25.075877639889622,291.7415,291.7443,44375.0,78357.0,Myotis alcathoe,0.478,0.542,-1,Echolocation,192000.0,/mnt/ubna_data_04/recover-20241118/UBNA_027/20241109_094000.WAV,recover-20241118,UBNA_027,Foliage
HF,52800.0,25.302388062353497,291.8165,291.8198,47812.0,76874.0,Myotis alcathoe,0.532,0.589,-1,Echolocation,192000.0,/mnt/ubna_data_04/recover-20241118/UBNA_027/20241109_094000.WAV,recover-20241118,UBNA_027,Foliage
HF,52800.0,31.12891559902056,291.9725,291.9761,40937.0,87243.0,Myotis alcathoe,0.462,0.505,-1,Echolocation,192000.0,/mnt/ubna_data_04/recover-20241118/UBNA_027/20241109_094000.WAV,recover-20241118,UBNA_027,Foliage
HF,55680.0,27.896341361839575,292.0335,292.0374,41796.0,88575.0,Myotis brandtii,0.444,0.686,-1,Echolocation,192000.0,/mnt/ubna_data_04/recover-20241118/UBNA_027/20241109_094000.WAV,recover-20241118,UBNA_027,Foliage
HF,55680.0,25.30699288156313,292.0915,292.0957,40937.0,86618.0,Myotis brandtii,0.4,0.68,-1,Echolocation,192000.0,/mnt/ubna_data_04/recover-20241118/UBNA_027/20241109_094000.WAV,recover-20241118,UBNA_027,Foliage
HF,48960.0,23.911589328865404,292.1635,292.1668,40078.0,77316.0,Myotis brandtii,0.368,0.676,-1,Echolocation,192000.0,/mnt/ubna_data_04/recover-20241118/UBNA_027/20241109_094000.WAV,recover-20241118,UBNA_027,Foliage
HF,48000.0,19.907138187710267,292.2265,292.2306,40078.0,73146.0,Myotis brandtii,0.283,0.593,-1,Echolocation,192000.0,/mnt/ubna_data_04/recover-20241118/UBNA_027/20241109_094000.WAV,recover-20241118,UBNA_027,Foliage
HF,48000.0,15.80729686946414,292.2935,292.2973,41796.0,72383.0,Myotis mystacinus,0.291,0.66,-1,Echolocation,192000.0,/mnt/ubna_data_04/recover-20241118/UBNA_027/20241109_094000.WAV,recover-20241118,UBNA_027,Foliage
HF,53760.0,20.130084059804133,292.8025,292.8052,45234.0,67945.0,Myotis alcathoe,0.183,0.502,-1,Echolocation,192000.0,/mnt/ubna_data_04/recover-20241118/UBNA_027/20241109_094000.WAV,recover-20241118,UBNA_027,Foliage
HF,52800.0,19.47419352641106,293.1325,293.13530000000003,50390.0,62880.0,Myotis alcathoe,0.258,0.517,-1,Echolocation,192000.0,/mnt/ubna_data_04/recover-20241118/UBNA_027/20241109_094000.WAV,recover-20241118,UBNA_027,Foliage
HF,51840.0,25.15519951133053,293.2115,293.21569999999997,43515.0,80034.0,Myotis brandtii,0.293,0.535,-1,Echolocation,192000.0,/mnt/ubna_data_04/recover-20241118/UBNA_027/20241109_094000.WAV,recover-20241118,UBNA_027,Foliage
HF,51840.0,30.102204833904796,293.3465,293.3499,45234.0,80113.0,Myotis alcathoe,0.203,0.522,-1,Echolocation,192000.0,/mnt/ubna_data_04/recover-20241118/UBNA_027/20241109_094000.WAV,recover-20241118,UBNA_027,Foliage
HF,53760.0,26.91681606835743,293.4155,293.4198,42656.0,84465.0,Myotis brandtii,0.29,0.613,-1,Echolocation,192000.0,/mnt/ubna_data_04/recover-20241118/UBNA_027/20241109_094000.WAV,recover-20241118,UBNA_027,Foliage
HF,52800.0,25.497986539000948,293.4905,293.4945,41796.0,81385.0,Myotis brandtii,0.396,0.648,-1,Echolocation,192000.0,/mnt/ubna_data_04/recover-20241118/UBNA_027/20241109_094000.WAV,recover-20241118,UBNA_027,Foliage
HF,53760.0,26.616156138806424,293.5725,293.5759,44375.0,76411.0,Myotis brandtii,0.277,0.679,-1,Echolocation,192000.0,/mnt/ubna_data_04/recover-20241118/UBNA_027/20241109_094000.WAV,recover-20241118,UBNA_027,Foliage
HF,54720.0,25.928724806190175,293.6485,293.6525,44375.0,77570.0,Myotis brandtii,0.239,0.609,-1,Echolocation,192000.0,/mnt/ubna_data_04/recover-20241118/UBNA_027/20241109_094000.WAV,recover-20241118,UBNA_027,Foliage
HF,55680.0,27.992060952045193,293.7135,293.7167,43515.0,86044.0,Myotis brandtii,0.274,0.556,-1,Echolocation,192000.0,/mnt/ubna_data_04/recover-20241118/UBNA_027/20241109_094000.WAV,recover-20241118,UBNA_027,Foliage
HF,54720.0,18.915977329283375,293.7905,293.7942,43515.0,77151.0,Myotis brandtii,0.255,0.653,-1,Echolocation,192000.0,/mnt/ubna_data_04/recover-20241118/UBNA_027/20241109_094000.WAV,recover-20241118,UBNA_027,Foliage
HF,55680.0,27.956582672792997,293.8665,293.8704,45234.0,80915.0,Myotis alcathoe,0.243,0.593,-1,Echolocation,192000.0,/mnt/ubna_data_04/recover-20241118/UBNA_027/20241109_094000.WAV,recover-20241118,UBNA_027,Foliage
HF,52800.0,21.14482821613298,294.5965,294.6009,43515.0,85412.0,Myotis alcathoe,0.468,0.542,-1,Echolocation,192000.0,/mnt/ubna_data_04/recover-20241118/UBNA_027/20241109_094000.WAV,recover-20241118,UBNA_027,Foliage
HF,56640.0,28.45777963100657,294.6775,294.6829,42656.0,91198.0,Myotis alcathoe,0.532,0.61,-1,Echolocation,192000.0,/mnt/ubna_data_04/recover-20241118/UBNA_027/20241109_094000.WAV,recover-20241118,UBNA_027,Foliage
HF,51840.0,13.53287642261485,294.7595,294.7638,45234.0,76954.0,Myotis alcathoe,0.394,0.528,-1,Echolocation,192000.0,/mnt/ubna_data_04/recover-20241118/UBNA_027/20241109_094000.WAV,recover-20241118,UBNA_027,Foliage
HF,53760.0,22.191325665716803,294.8505,294.8542,44375.0,81457.0,Myotis alcathoe,0.471,0.585,-1,Echolocation,192000.0,/mnt/ubna_data_04/recover-20241118/UBNA_027/20241109_094000.WAV,recover-20241118,UBNA_027,Foliage
HF,55680.0,14.613138544365718,295.1195,295.1235,50390.0,67240.0,Pipistrellus pipistrellus,0.444,0.577,-1,Echolocation,192000.0,/mnt/ubna_data_04/recover-20241118/UBNA_027/20241109_094000.WAV,recover-20241118,UBNA_027,Foliage
HF,53760.0,18.894715855782444,295.5475,295.5523,46093.0,76854.0,Myotis alcathoe,0.318,0.513,-1,Echolocation,192000.0,/mnt/ubna_data_04/recover-20241118/UBNA_027/20241109_094000.WAV,recover-20241118,UBNA_027,Foliage
LF,30720.0,17.004072840244266,229.5465,229.5631,30625.0,31893.0,Nyctalus leisleri,0.486,0.544,-1,Echolocation,192000.0,/mnt/ubna_data_04/recover-20241118/UBNA_027/20241110_184000.WAV,recover-20241118,UBNA_027,Foliage
HF,48960.0,6.462207356837961,192.9095,192.9143,48671.0,61121.0,Pipistrellus pipistrellus,0.524,0.584,-1,Echolocation,192000.0,/mnt/ubna_data_04/recover-20241118/UBNA_027/20241111_013000.WAV,recover-20241118,UBNA_027,Foliage
HF,46080.0,8.73823645077209,193.2765,193.282,45234.0,57390.0,Pipistrellus pipistrellus,0.552,0.64,-1,Echolocation,192000.0,/mnt/ubna_data_04/recover-20241118/UBNA_027/20241111_013000.WAV,recover-20241118,UBNA_027,Foliage
HF,46080.0,11.410069538756108,193.3725,193.3773,46093.0,58593.0,Pipistrellus pipistrellus,0.608,0.657,-1,Echolocation,192000.0,/mnt/ubna_data_04/recover-20241118/UBNA_027/20241111_013000.WAV,recover-20241118,UBNA_027,Foliage
HF,46080.0,12.863437844533669,193.4595,193.465,45234.0,59938.0,Pipistrellus pipistrellus,0.562,0.673,-1,Echolocation,192000.0,/mnt/ubna_data_04/recover-20241118/UBNA_027/20241111_013000.WAV,recover-20241118,UBNA_027,Foliage
HF,47040.0,6.688287701851689,193.55349999999999,193.5581,46953.0,57374.0,Pipistrellus pipistrellus,0.512,0.546,-1,Echolocation,192000.0,/mnt/ubna_data_04/recover-20241118/UBNA_027/20241111_013000.WAV,recover-20241118,UBNA_027,Foliage
HF,47040.0,9.586378642632404,193.6375,193.6422,46093.0,55761.0,Pipistrellus pipistrellus,0.54,0.571,-1,Echolocation,192000.0,/mnt/ubna_data_04/recover-20241118/UBNA_027/20241111_013000.WAV,recover-20241118,UBNA_027,Foliage
HF,47040.0,9.863788763046518,193.7345,193.73930000000001,45234.0,56416.0,Pipistrellus pipistrellus,0.553,0.588,-1,Echolocation,192000.0,/mnt/ubna_data_04/recover-20241118/UBNA_027/20241111_013000.WAV,recover-20241118,UBNA_027,Foliage
HF,47040.0,6.634424335710678,193.8075,193.8129,45234.0,54766.0,Pipistrellus pipistrellus,0.552,0.592,-1,Echolocation,192000.0,/mnt/ubna_data_04/recover-20241118/UBNA_027/20241111_013000.WAV,recover-20241118,UBNA_027,Foliage
HF,47040.0,7.587097831100021,193.9315,193.9365,44375.0,55540.0,Pipistrellus pipistrellus,0.473,0.51,-1,Echolocation,192000.0,/mnt/ubna_data_04/recover-20241118/UBNA_027/20241111_013000.WAV,recover-20241118,UBNA_027,Foliage
HF,47040.0,22.47643254781826,194.7275,194.7323,43515.0,65050.0,Pipistrellus pipistrellus,0.422,0.514,-1,Echolocation,192000.0,/mnt/ubna_data_04/recover-20241118/UBNA_027/20241111_013000.WAV,recover-20241118,UBNA_027,Foliage
HF,48000.0,15.799784392211027,194.9105,194.9146,43515.0,60284.0,Pipistrellus pipistrellus,0.477,0.555,-1,Echolocation,192000.0,/mnt/ubna_data_04/recover-20241118/UBNA_027/20241111_013000.WAV,recover-20241118,UBNA_027,Foliage
HF,48000.0,15.01035900422787,195.1055,195.1113,46093.0,59204.0,Pipistrellus pipistrellus,0.607,0.682,-1,Echolocation,192000.0,/mnt/ubna_data_04/recover-20241118/UBNA_027/20241111_013000.WAV,recover-20241118,UBNA_027,Foliage
HF,47040.0,6.252229213020892,195.2065,195.2123,46093.0,53621.0,Pipistrellus pipistrellus,0.477,0.507,-1,Echolocation,192000.0,/mnt/ubna_data_04/recover-20241118/UBNA_027/20241111_013000.WAV,recover-20241118,UBNA_027,Foliage
HF,47040.0,12.88944609466893,195.5955,195.6004,45234.0,59563.0,Pipistrellus pipistrellus,0.461,0.505,-1,Echolocation,192000.0,/mnt/ubna_data_04/recover-20241118/UBNA_027/20241111_013000.WAV,recover-20241118,UBNA_027,Foliage
HF,48960.0,17.284963717711335,196.1945,196.20159999999998,45234.0,65957.0,Pipistrellus pipistrellus,0.602,0.697,-1,Echolocation,192000.0,/mnt/ubna_data_04/recover-20241118/UBNA_027/20241111_013000.WAV,recover-20241118,UBNA_027,Foliage
HF,47040.0,7.6119263483938955,196.2935,196.29919999999998,45234.0,52442.0,Pipistrellus pipistrellus,0.54,0.554,-1,Echolocation,192000.0,/mnt/ubna_data_04/recover-20241118/UBNA_027/20241111_013000.WAV,recover-20241118,UBNA_027,Foliage
HF,46080.0,16.087158933696657,196.4745,196.4804,43515.0,63472.0,Pipistrellus pipistrellus,0.514,0.577,-1,Echolocation,192000.0,/mnt/ubna_data_04/recover-20241118/UBNA_027/20241111_013000.WAV,recover-20241118,UBNA_027,Foliage
HF,47040.0,10.64659844800435,196.5695,196.5754,44375.0,53181.0,Pipistrellus pipistrellus,0.477,0.516,-1,Echolocation,192000.0,/mnt/ubna_data_04/recover-20241118/UBNA_027/20241111_013000.WAV,recover-20241118,UBNA_027,Foliage
HF,46080.0,17.541928664490158,196.6715,196.6775,42656.0,62592.0,Pipistrellus pipistrellus,0.497,0.614,-1,Echolocation,192000.0,/mnt/ubna_data_04/recover-20241118/UBNA_027/20241111_013000.WAV,recover-20241118,UBNA_027,Foliage
HF,46080.0,12.269924166057244,196.8735,196.8801,45234.0,56754.0,Pipistrellus pipistrellus,0.464,0.51,-1,Echolocation,192000.0,/mnt/ubna_data_04/recover-20241118/UBNA_027/20241111_013000.WAV,recover-20241118,UBNA_027,Foliage
HF,46080.0,8.178011878651795,197.0735,197.0796,46093.0,53227.0,Pipistrellus pipistrellus,0.554,0.588,-1,Echolocation,192000.0,/mnt/ubna_data_04/recover-20241118/UBNA_027/20241111_013000.WAV,recover-20241118,UBNA_027,Foliage
HF,46080.0,16.700797945589027,197.2655,197.272,44375.0,59939.0,Pipistrellus pipistrellus,0.595,0.661,-1,Echolocation,192000.0,/mnt/ubna_data_04/recover-20241118/UBNA_027/20241111_013000.WAV,recover-20241118,UBNA_027,Foliage
HF,48000.0,20.01980644644172,197.7165,197.7227,43515.0,59172.0,Pipistrellus pipistrellus,0.543,0.616,-1,Echolocation,192000.0,/mnt/ubna_data_04/recover-20241118/UBNA_027/20241111_013000.WAV,recover-20241118,UBNA_027,Foliage
HF,48000.0,10.386397513273744,197.9905,197.9965,46093.0,55226.0,Pipistrellus pipistrellus,0.544,0.582,-1,Echolocation,192000.0,/mnt/ubna_data_04/recover-20241118/UBNA_027/20241111_013000.WAV,recover-20241118,UBNA_027,Foliage
HF,47040.0,7.364611907736469,198.0885,198.0942,44375.0,51974.0,Pipistrellus pipistrellus,0.535,0.585,-1,Echolocation,192000.0,/mnt/ubna_data_04/recover-20241118/UBNA_027/20241111_013000.WAV,recover-20241118,UBNA_027,Foliage
HF,47040.0,22.172686618611035,198.1875,198.1937,44375.0,66157.0,Pipistrellus pipistrellus,0.523,0.627,-1,Echolocation,192000.0,/mnt/ubna_data_04/recover-20241118/UBNA_027/20241111_013000.WAV,recover-20241118,UBNA_027,Foliage
HF,47040.0,14.98266877921165,198.4515,198.4579,44375.0,64628.0,Pipistrellus pipistrellus,0.538,0.667,-1,Echolocation,192000.0,/mnt/ubna_data_04/recover-20241118/UBNA_027/20241111_013000.WAV,recover-20241118,UBNA_027,Foliage
HF,47040.0,7.146765091581911,198.5475,198.5542,45234.0,53150.0,Pipistrellus pipistrellus,0.485,0.505,-1,Echolocation,192000.0,/mnt/ubna_data_04/recover-20241118/UBNA_027/20241111_013000.WAV,recover-20241118,UBNA_027,Foliage
HF,46080.0,20.400478995385022,198.6465,198.6528,43515.0,64521.0,Pipistrellus pipistrellus,0.62,0.729,-1,Echolocation,192000.0,/mnt/ubna_data_04/recover-20241118/UBNA_027/20241111_013000.WAV,recover-20241118,UBNA_027,Foliage
HF,46080.0,11.726974096376015,198.9355,198.9416,45234.0,59704.0,Pipistrellus pipistrellus,0.501,0.586,-1,Echolocation,192000.0,/mnt/ubna_data_04/recover-20241118/UBNA_027/20241111_013000.WAV,recover-20241118,UBNA_027,Foliage
HF,47040.0,14.8049133644775,199.1105,199.1162,44375.0,61663.0,Pipistrellus pipistrellus,0.497,0.607,-1,Echolocation,192000.0,/mnt/ubna_data_04/recover-20241118/UBNA_027/20241111_013000.WAV,recover-20241118,UBNA_027,Foliage
HF,46080.0,11.080724726411425,199.2835,199.2888,46093.0,60202.0,Pipistrellus pipistrellus,0.585,0.639,-1,Echolocation,192000.0,/mnt/ubna_data_04/recover-20241118/UBNA_027/20241111_013000.WAV,recover-20241118,UBNA_027,Foliage
HF,46080.0,9.651574808403314,199.4755,199.4839,45234.0,60319.0,Pipistrellus pipistrellus,0.51,0.592,-1,Echolocation,192000.0,/mnt/ubna_data_04/recover-20241118/UBNA_027/20241111_013000.WAV,recover-20241118,UBNA_027,Foliage
HF,47040.0,15.764017824150681,199.66649999999998,199.6722,45234.0,63756.0,Pipistrellus pipistrellus,0.651,0.698,-1,Echolocation,192000.0,/mnt/ubna_data_04/recover-20241118/UBNA_027/20241111_013000.WAV,recover-20241118,UBNA_027,Foliage
HF,46080.0,8.859271149223607,199.9435,199.9501,44375.0,59901.0,Pipistrellus pipistrellus,0.465,0.539,-1,Echolocation,192000.0,/mnt/ubna_data_04/recover-20241118/UBNA_027/20241111_013000.WAV,recover-20241118,UBNA_027,Foliage
HF,46080.0,9.927065829048253,200.3325,200.3399,44375.0,54961.0,Pipistrellus pipistrellus,0.528,0.583,-1,Echolocation,192000.0,/mnt/ubna_data_04/recover-20241118/UBNA_027/20241111_013000.WAV,recover-20241118,UBNA_027,Foliage
HF,47040.0,9.409174895556907,200.6405,200.6473,46093.0,54376.0,Pipistrellus pipistrellus,0.576,0.609,-1,Echolocation,192000.0,/mnt/ubna_data_04/recover-20241118/UBNA_027/20241111_013000.WAV,recover-20241118,UBNA_027,Foliage
HF,45120.0,5.439748119758864,201.3425,201.34969999999998,44375.0,50239.0,Pipistrellus pipistrellus,0.572,0.592,-1,Echolocation,192000.0,/mnt/ubna_data_04/recover-20241118/UBNA_027/20241111_013000.WAV,recover-20241118,UBNA_027,Foliage
